1.000000000000000000e+00,4.994809357880841127e-01,1.411959483349871647e-01,-1.224604605504754778e-01,1.344465521531854058e-01,-1.242715586376865883e-01,2.116235349042177860e-01,1.769842526344358735e-01,1.598006020270738015e-01,2.393796604082516211e-01,9.233680251879487766e-02,2.397956214016545851e-01,-3.754088462420324731e-03,-8.117816323474501272e-02,1.999573933266542702e-01,1.863308756675917666e-01,1.394082229519513216e-01,1.326222071131325231e-01,-1.280416046430914168e-01,9.109376569581377481e-02,1.208658906912970510e-01,2.158048933688342108e-01,5.321720247552424315e-02,1.554530495766273390e-01,8.039173058130580363e-02,7.301035506929490215e-02,8.542904664016537364e-02,1.079232653992649171e-01,7.769012867480734608e-02,6.203123756885046275e-02,4.431305842604930934e-02,6.563330739457902407e-02,9.469017467235338673e-03,5.802487923745792975e-02,7.035341441532688700e-02,7.632509105066730137e-02,1.052657691550045876e-01,8.478695575090161585e-02,1.883480022553423588e-02,7.387963813910770894e-02,1.877302607546882385e-02,-4.787827240434264914e-02,-4.945534357580760182e-02,-1.153039759414160870e-01,-4.442873350269570254e-02,-1.161779285682248419e-01,-1.218762012728192845e-01,-1.052168605073772467e-01,-7.079065038564061330e-02,-7.030209686588445583e-02,-1.192492506876912384e-01,2.945912072430184429e-03,5.538961434857751776e-02,1.031971336015077541e-03,-1.220296210960404582e-01,-1.293244445513649053e-02,8.793472757472192702e-02,2.368661385961666477e-02,4.962742899261130686e-02,5.751359095521151044e-02,6.319611820612184259e-03,5.098348800820060034e-02,2.281274301300597121e-02,-4.215880839441927402e-02,-4.948556993484864303e-02,2.003032462366697783e-02,1.057585767145715477e-01,2.940916041305844178e-02,1.117360016934605682e-01,7.359782942880398193e-02,8.483919643848335246e-03,5.416084602278130322e-02,-2.681224914605973703e-03,-7.074041685385122624e-02,4.186917396468712443e-02,-4.079298276978850918e-02,4.140076420303964028e-02,-5.444077755181100237e-02,-2.460169805811178445e-02,1.360721399942687627e-02,-2.439335632558557038e-02,-3.001564178029954288e-02,-1.441843322177892989e-02,-6.197641642997608891e-02,-1.155014914028751616e-01,-1.486627605759455462e-01,-6.991279672612663032e-02,1.262714119482537603e-02,-1.205543181932162630e-02,4.307484929092836312e-02,-3.488100974575401164e-02,-3.667963277714861303e-03,-2.231178839823265425e-02,5.667955988348005042e-02,1.022522403678335391e-02,1.101179849431049990e-01,2.684928520289896550e-02,7.051107946548915151e-02,2.179152696961120933e-02,3.114884986041772247e-02,1.752152410023406770e-02,-3.580089471619701032e-03,1.654551456866478268e-02,-5.517190189338044837e-02,1.423886238004821005e-03,6.301991546814815492e-02,5.596742097016512568e-02,-1.561548626042475602e-02,5.248847522482296551e-02,-6.138137207956507330e-02,-4.583559877808317251e-02,7.204788682306620395e-02,-5.291429655582959718e-02,8.332248215169434091e-02,1.438613958428358076e-02,-1.791795881972124129e-03,2.935562307110202787e-02,-4.437761446952492861e-02,7.532588611001808827e-03,-3.244496870155806623e-02,-1.491769897735579706e-02,-3.597929720654694657e-02,-5.939592828923064005e-02,-3.128624627753212595e-02,1.311658932116448704e-02,-7.155170490522340387e-02,-7.484293006468972775e-02,1.275253291450538333e-02,-4.756497241843681001e-02,-3.793012740041674241e-02,-3.545378600139029862e-02,-1.620549301861836169e-02,-2.917769324306808756e-02,-5.378826489833520713e-02,-6.672589253394148323e-02,-6.296531731454570180e-02,-8.758624025869041207e-02,-8.169401503927080366e-02,-4.282416245970260132e-02,-9.887944056432690365e-02,-1.250392878196909287e-02,3.157204841392890343e-02,-3.903959136261883622e-02,-5.843910339920790203e-03,5.946264320708900125e-02,1.272317813337671757e-02,2.158090249749199108e-02,1.160443812841578659e-01,3.837232655119878801e-03,-9.428363102244619390e-03,1.804713106883517465e-02,-7.172198058568559145e-03,-1.100488461614722475e-02
4.994809357880841127e-01,1.000000000000000000e+00,9.791616572492669104e-03,9.939473949418993828e-03,5.824984159181721688e-03,4.260209925733154240e-03,1.453616355423746620e-01,3.119789693118217924e-02,7.025155928384801962e-02,7.845599541185020731e-02,-5.822522736005730781e-02,4.950912502231015477e-02,-3.317858750989609307e-02,2.267935851106725118e-02,9.285679109949611376e-02,2.046883366597219284e-02,-1.090113948046681110e-02,-2.276437507116515959e-03,-1.015955774387497512e-03,3.371242597026503224e-02,1.372467346841784071e-02,1.163992188608111156e-01,-8.649851447017690292e-03,1.429242860231966505e-01,2.047962319757375485e-02,3.842225006319422570e-02,8.471620128932351446e-02,3.805405693545435564e-02,1.232972943283271519e-02,1.408103299658449992e-01,3.408410468812216737e-02,1.191828325633807403e-02,3.520196071698460105e-02,5.685450605635137405e-02,9.323652587569798353e-03,4.464853141317073892e-02,7.600420511476908836e-02,8.339767244538026647e-03,-6.575545727815761566e-04,-4.467004459013905471e-02,8.621665097478234396e-03,-6.727611309268419215e-02,-1.001346900472269569e-01,-1.586452923679886606e-01,-3.154097608295670929e-02,-1.736325074965645032e-01,-1.292256844275588568e-01,-1.048937214718102251e-01,-1.068703476941328251e-01,-1.219593367083743329e-01,-3.870440708680893127e-02,4.638677156517239178e-03,8.766092450671696644e-04,8.816614555327553435e-03,-1.650449904879192908e-01,-6.877091657988647355e-02,3.214582962621755080e-02,3.345258916430695478e-02,2.539839801726565677e-02,1.283581469356077573e-02,1.626477732291409586e-02,1.488853784635823900e-02,1.776171369981978040e-02,2.969846672553869832e-02,-7.476002201648955514e-02,1.407946508732063791e-02,6.477261770078522607e-02,6.440612385965725772e-02,7.600045544753204763e-02,7.548735290638047823e-02,1.778656101678255386e-02,1.934879019221447810e-02,4.173636684194920871e-02,-3.987524082534701225e-02,-4.397445817328664297e-02,7.924482684873189464e-03,-5.550091261911967860e-02,-1.262572101207887904e-02,3.558886816636187833e-02,-1.355195867226382904e-02,7.187649381767967360e-02,7.503339124786244374e-02,1.962091201746929414e-02,2.559296330893932186e-02,1.479172234373789599e-02,3.160434412358415629e-02,-2.305322196491431733e-02,-3.930338722073158791e-02,-3.587852884758866573e-02,-2.689418965304875980e-02,-5.730314706951743914e-02,-5.271888231091557964e-02,-6.096151091053078619e-02,1.113671803681503918e-02,-1.005251923296238831e-01,-7.061265541782801858e-02,-1.063161166315948897e-01,-7.814363984533778673e-03,-1.056175566224173135e-01,-4.334322076464686840e-02,-6.817297891873695670e-02,-9.520686064851908992e-02,-1.497041689149777345e-02,-6.974395603138350275e-02,-1.200852128022295018e-02,1.694760800027215186e-01,4.742557815998106607e-02,1.453841672843006645e-02,1.971448639226204280e-01,2.619908497188666585e-02,-1.010112095868245935e-01,1.127665733115573860e-01,6.851931301591265844e-02,1.696307611292920681e-01,4.369438064841714431e-02,9.978766574723722804e-02,1.197229882222137082e-01,-6.767450665373457575e-02,-8.149417084788869448e-02,-3.703181488467489901e-02,4.088892960632545953e-02,-1.172816885735091103e-01,-4.209504516505090804e-02,-3.301271187026687259e-02,-5.358502995782114808e-02,-1.106025833104390954e-01,-1.173660098228083148e-01,-1.712196669446624381e-02,-3.996289104456623997e-02,-5.303896390288568435e-02,-2.346787973288180784e-02,5.021126912196144897e-03,3.033477730936922495e-02,-7.476382085563306606e-03,-8.597292836025689083e-03,8.385114628740853587e-03,-3.447777152859018979e-02,-4.170792730131592241e-02,1.342171157500090389e-02,-6.170170134108284021e-02,5.062807829304186158e-02,1.078179045688211143e-02,1.537281531168249379e-02,-4.598140414581665392e-02,-1.345275679768224639e-02,4.366999799683190381e-02,6.492598549513309281e-02,1.502473495456873032e-01,6.785396597991760759e-02,6.067196927706704213e-02,9.132804705830166458e-02,3.513050573475812871e-02,4.251270661066807593e-02
1.411959483349871647e-01,9.791616572492669104e-03,1.000000000000000000e+00,-9.985502900701316298e-01,9.994035769928724111e-01,-9.986848875600906617e-01,1.874338015378714528e-01,1.973098598487967037e-01,1.012464418828264434e-01,2.042710865207126858e-01,1.866795004213926690e-01,1.303755458683845958e-01,7.052229841515048059e-02,-1.564267297098331788e-01,2.182677426731820941e-02,1.805797669532351601e-01,1.392998414670156837e-01,9.989597277978432555e-01,-9.989153219734295819e-01,3.783555095902622623e-01,4.340442332012687254e-01,3.690197217068387769e-01,2.873815910054290934e-01,3.554346495349039459e-01,2.135092031081663733e-01,3.362012730989514253e-01,2.013059756993471894e-01,1.716981835103076615e-01,1.847271232727012713e-01,7.949849375852384437e-02,1.072134159455158664e-01,1.526140201535591823e-01,-2.096908817463240954e-02,2.585128772781010720e-01,3.808467241441866324e-01,3.343063341634557872e-01,3.239673085402462460e-01,3.434987870318068626e-01,2.679017252695408691e-01,3.965681949769954140e-01,2.953816380855109336e-01,1.384015853564966037e-01,7.203227651764863848e-02,2.628997901543296267e-01,1.859561077631894654e-01,1.636124991468931589e-01,3.324094764413021430e-01,2.238638841328561835e-01,2.198415948049763369e-01,2.546204798943577652e-01,1.462380884979011253e-01,1.726500907983584687e-01,1.083269415866897484e-01,2.758998143990964991e-01,1.815678077833857151e-01,-4.260093312305611446e-02,4.379994433820330602e-02,6.986433234898474509e-02,1.045346708987447137e-01,-1.459066523961466931e-02,4.708205834273333779e-02,1.685104178548116616e-01,-9.557766725635663194e-03,1.359932982039765634e-02,1.117303073826070026e-01,1.901524231495806683e-01,3.181881776481146895e-01,3.222150862546627748e-01,3.596564382316770891e-01,3.503204686438705640e-01,3.057900710995015703e-01,3.957097297113144063e-01,7.446741261956854596e-02,1.823714182883061641e-01,2.180962406638305151e-01,-5.842509281968394884e-03,2.792150417164122600e-01,7.396198993258097654e-02,2.034338619033336792e-01,1.564911369678251632e-02,-1.829008817821277302e-03,1.558897221443382997e-01,-4.443050630209654898e-03,-9.140435508325743530e-02,-1.610485274019915203e-01,-1.710177224450030176e-01,-2.166913475643142406e-01,-7.046816578153819455e-02,-1.471511696894748089e-01,-5.760516513845182623e-02,-1.634282298495020047e-01,-1.224952860992118142e-01,-1.571816078005095763e-01,-5.179435949399083250e-02,-6.483643996616522687e-02,2.419118119223951924e-01,-8.476391391175444601e-02,4.653806561669832087e-03,1.063154801014300072e-01,-3.159503201935238287e-02,8.744202210937164488e-02,1.213501639839091942e-02,1.377551707460005458e-02,-2.445331284797061244e-01,1.095366780597173406e-01,2.278438702713391495e-01,1.534125203054577391e-01,6.562589328438330101e-03,9.822472040829369200e-02,-1.106311565927981938e-01,6.711087929078254910e-02,2.060815992171431688e-01,2.105586697367821045e-02,9.413738351482717204e-02,1.210066025976379578e-01,-1.745835922343356994e-01,-1.021336797102496280e-02,-2.835754725122486830e-01,1.732142974625991705e-01,-1.729163171056025128e-01,8.377766101194096537e-02,-1.252403066681390120e-01,-9.062861318054687976e-02,5.873816895840811014e-02,1.325070235449588296e-01,5.062084240907686189e-02,4.685389891571771492e-02,4.691301157794644690e-03,-1.418490449762515315e-01,1.596578428547230574e-02,-1.156220484637109636e-01,-2.681291999863552600e-02,-2.435876042056220325e-01,-4.003513423424170936e-02,-1.322805512343978029e-01,-2.864583859379234432e-01,-2.843109798859545512e-01,-1.493728622393441230e-01,-3.856719593582869643e-01,-1.591134818426506725e-01,-3.121769146681516172e-01,3.119566328654719070e-02,-3.267944418357766057e-01,2.556754201546130451e-02,2.887317504594305029e-01,-7.575465233632529272e-02,-2.275539581892938035e-01,-1.219276758008326356e-01,-5.329988889284085346e-02,-1.367427372394597884e-01,-3.512493893271820223e-04,1.414980388702819641e-03,-1.793310619968498457e-02
-1.224604605504754778e-01,9.939473949418993828e-03,-9.985502900701316298e-01,1.000000000000000000e+00,-9.982545371612452367e-01,9.997198780652658545e-01,-1.658723170771890798e-01,-1.850925649787020510e-01,-8.686765607921212440e-02,-1.926870154632824017e-01,-1.813570787769048509e-01,-1.216756397319986721e-01,-7.405876457407756241e-02,1.503506088563356935e-01,-1.249794828816407598e-02,-1.764967741512115940e-01,-1.389799378870399116e-01,-9.988348331220172627e-01,9.988895423389551054e-01,-3.789991239821413060e-01,-4.288466092063535351e-01,-3.634098557629071857e-01,-2.895318593574949806e-01,-3.481976262733955108e-01,-2.121714139596196924e-01,-3.305003775389481202e-01,-1.927415284195056477e-01,-1.717962130275953736e-01,-1.789842088123290154e-01,-7.340964112321257673e-02,-1.069134747374017175e-01,-1.499590378009493241e-01,2.177447716065468095e-02,-2.593536836759444131e-01,-3.851049603292496792e-01,-3.373041377076269054e-01,-3.174972851062259904e-01,-3.390252397260734019e-01,-2.628094875663077867e-01,-3.923297179223000364e-01,-2.916900129817749376e-01,-1.412293486207983062e-01,-7.769824022412211151e-02,-2.686529053022135849e-01,-1.887581361862604723e-01,-1.695734603029203091e-01,-3.384438616689591783e-01,-2.276774850725515609e-01,-2.241960663045076685e-01,-2.554950314370253439e-01,-1.524345421866201422e-01,-1.670496535626647128e-01,-1.034638340976416909e-01,-2.725745193421507673e-01,-1.911640983641213765e-01,4.398112462828242947e-02,-4.354642848174038183e-02,-7.903298473284491032e-02,-1.072762581697448148e-01,1.134663943151472017e-02,-5.628691732474165599e-02,-1.721629119903452798e-01,1.413438992177312465e-03,-1.940546652077149506e-02,-1.200191237319993554e-01,-1.889387882075524994e-01,-3.113158633814954168e-01,-3.210574457428999051e-01,-3.560731781123767647e-01,-3.488995654024621973e-01,-3.112854946928694244e-01,-3.992396484874099483e-01,-7.946856038311540804e-02,-1.905497302663476666e-01,-2.258966794591750205e-01,-3.517512145067288026e-03,-2.869876927656067056e-01,-8.031992277069510688e-02,-2.162432618800635420e-01,-8.960718675159315069e-03,-5.116981057164756048e-03,-1.578571436204014300e-01,-2.368078295802809787e-03,8.969592914988845644e-02,1.617480308304627412e-01,1.662592165138707112e-01,2.236210944278187174e-01,7.540390211335931681e-02,1.562156110585895541e-01,6.447741496116178583e-02,1.696177178961169596e-01,1.310028139150110071e-01,1.654749826440527483e-01,5.730661933141445452e-02,6.379142166808701719e-02,-2.438848525344153029e-01,8.549627014848561191e-02,2.147673215641127033e-03,-1.093785858963478019e-01,2.979887478641972398e-02,-9.281600945187772067e-02,-1.216585366043711029e-02,-7.149854751750527905e-03,2.457156252848030631e-01,-1.135002111894724691e-01,-2.292006277884958421e-01,-1.471989114718050273e-01,-1.349304232216994894e-02,-9.595085626121366285e-02,1.035866251923374393e-01,-7.492283971851483593e-02,-2.055110725361043722e-01,-2.994591325095338416e-02,-9.473891956903440770e-02,-1.253473787660812633e-01,1.768841996240604897e-01,1.195518792797269948e-02,2.875690090534902543e-01,-1.712287165882291073e-01,1.767064964257128168e-01,-8.882844363480886518e-02,1.278931641498833593e-01,8.832592077910976502e-02,-6.242192591457587647e-02,-1.283463797699453679e-01,-5.705198561646154798e-02,-4.718663773036552850e-02,1.962533124544671263e-03,1.378522012917236250e-01,-1.746955189581162610e-02,1.150893132241765787e-01,2.628529932887016876e-02,2.427199622172078186e-01,4.103137696133947465e-02,1.392361242167367841e-01,2.830614085901239085e-01,2.876207782831467497e-01,1.513571391153686607e-01,3.897422673124768533e-01,1.606700263427059128e-01,3.158993557515343831e-01,-3.811688032388277358e-02,3.321374936059555694e-01,-2.486348023742126351e-02,-2.987105588122057065e-01,7.339491406805280505e-02,2.318117186931725193e-01,1.233478699013762087e-01,4.891235061597237060e-02,1.365617857248866418e-01,3.538635897633689428e-04,-4.321083001204293478e-03,1.559002080449730689e-02
1.344465521531854058e-01,5.824984159181721688e-03,9.994035769928724111e-01,-9.982545371612452367e-01,1.000000000000000000e+00,-9.984086651359257436e-01,1.932088668172572410e-01,2.058034030154728411e-01,1.049715330854067291e-01,2.076671437415609778e-01,1.901307284163445133e-01,1.343915963761979915e-01,7.162899600793919130e-02,-1.594215394056071877e-01,2.297382989869282618e-02,1.839200420180754914e-01,1.386666480746270302e-01,9.989527294592421836e-01,-9.989994292314856583e-01,3.762215578524613635e-01,4.316896717763764602e-01,3.671409363313798968e-01,2.892335177456634154e-01,3.533265215898551692e-01,2.142479285165339031e-01,3.344647869587167310e-01,1.968975876759652410e-01,1.680219587700882145e-01,1.846444160330316109e-01,7.880529242427937453e-02,1.055666551024957156e-01,1.501319615852713119e-01,-2.134515331638510427e-02,2.589248915896625314e-01,3.813741188681753491e-01,3.379672406798258644e-01,3.266472171715355532e-01,3.447904420233563472e-01,2.706639200485111973e-01,3.975663249296916835e-01,2.971944892024835916e-01,1.396919136933885697e-01,7.080307617734650505e-02,2.663372250356023097e-01,1.870967270418376072e-01,1.645484746572914714e-01,3.365184280247165427e-01,2.235640501268963409e-01,2.200120512683334806e-01,2.555969835074731189e-01,1.477804663684647024e-01,1.719052435605959994e-01,1.106871933515474887e-01,2.756054595257326767e-01,1.832204491479533515e-01,-3.983722959592480434e-02,4.253879532861121887e-02,6.857784112606124527e-02,1.009086452310967580e-01,-1.670720849858751966e-02,4.578820631474871117e-02,1.646430451267008321e-01,-1.088609239008444564e-02,1.240227176805342758e-02,1.111160688045650935e-01,1.878141662564753733e-01,3.157441014764708620e-01,3.223334571878054278e-01,3.596116174218548789e-01,3.468842668198940937e-01,3.038624117670173375e-01,3.930862984931729476e-01,7.225915107547024874e-02,1.817832255833347344e-01,2.153628691467577572e-01,-1.058755295452415771e-02,2.759823009566076957e-01,7.216728939404971899e-02,2.004475561922505200e-01,1.738742267733197483e-02,-6.054084366928840118e-03,1.547277779285852195e-01,-6.285883561905424889e-03,-9.105466606356146797e-02,-1.586572423183835734e-01,-1.655073175470311297e-01,-2.113221199076376899e-01,-6.672040171207831161e-02,-1.418906300402375531e-01,-5.578110681524362652e-02,-1.590352085496948842e-01,-1.186897250527391562e-01,-1.563567794620147056e-01,-5.125342907190929415e-02,-6.427271069982551377e-02,2.398358650996534613e-01,-8.554004475892755532e-02,6.753984582778618968e-03,1.063611880525269227e-01,-3.064721010930593348e-02,8.575082751683237026e-02,1.146647879323226156e-02,1.547293363846105781e-02,-2.427750240882246280e-01,1.070920498248127684e-01,2.242194124158805868e-01,1.526760386259198854e-01,4.754797675222074277e-03,9.609506841299270130e-02,-1.109311426095725417e-01,6.701984811574879242e-02,2.050523427925737829e-01,1.894360080845321551e-02,9.154459827496498614e-02,1.181941492207684297e-01,-1.749489369545922102e-01,-1.247347750811817445e-02,-2.816119233073873240e-01,1.737801775896362089e-01,-1.735867440440402865e-01,8.135507594220846295e-02,-1.228751020374513614e-01,-9.048803533418939282e-02,5.717232620131275367e-02,1.311579998879774112e-01,4.796609240761309789e-02,4.587406690905713319e-02,6.379823867070606030e-03,-1.422955279337257684e-01,1.464494167310727984e-02,-1.177234895600780540e-01,-2.701690109461728564e-02,-2.468366174827178461e-01,-3.997945992882859928e-02,-1.318420632462730946e-01,-2.863426884566732666e-01,-2.824094075605849685e-01,-1.476308823971827500e-01,-3.827640291471063883e-01,-1.583994356061686204e-01,-3.091165471331606684e-01,3.475342341270777624e-02,-3.248346042801857347e-01,2.381058499261300143e-02,2.895582285425567504e-01,-7.260749775637030667e-02,-2.242035675444206122e-01,-1.196104337407752627e-01,-5.167009103464361569e-02,-1.348380727447525407e-01,1.956524599746976758e-03,2.889483427512935191e-03,-1.607068215175991646e-02
-1.242715586376865883e-01,4.260209925733154240e-03,-9.986848875600906617e-01,9.997198780652658545e-01,-9.984086651359257436e-01,1.000000000000000000e+00,-1.665153169412504630e-01,-1.822941894688121511e-01,-8.405962421939838780e-02,-1.916442863474823177e-01,-1.795838769051847084e-01,-1.211027058130737105e-01,-7.471358751383910812e-02,1.484754826404711958e-01,-1.337644104787618152e-02,-1.776363134277770262e-01,-1.390203628605057029e-01,-9.987762548347861591e-01,9.988846884724932318e-01,-3.808759894709534688e-01,-4.297209772582598064e-01,-3.636255319523278295e-01,-2.884238252461968077e-01,-3.486119228755819033e-01,-2.109889325771653057e-01,-3.303085852621139851e-01,-1.946009447795598868e-01,-1.721686414633414042e-01,-1.779175442218067782e-01,-7.583151580742837627e-02,-1.082633996602252596e-01,-1.519367676043338611e-01,1.952268249690663343e-02,-2.605093222606682524e-01,-3.844576325169789532e-01,-3.371773588116391274e-01,-3.180777883450032761e-01,-3.387297870895806806e-01,-2.634621034967185582e-01,-3.919666097854856979e-01,-2.910700495286838718e-01,-1.419533475579962678e-01,-7.687056690661472902e-02,-2.684023910758305265e-01,-1.883313606329682921e-01,-1.698394451677617822e-01,-3.387224845880904001e-01,-2.276851539338510810e-01,-2.259165031388176981e-01,-2.557809121004776531e-01,-1.547020854528599332e-01,-1.688122091427553539e-01,-1.047917878005849290e-01,-2.743938796100428568e-01,-1.908721245982583636e-01,4.496605018011724797e-02,-4.538493773847090268e-02,-8.089540179504609019e-02,-1.090537840609833858e-01,1.089392618801804380e-02,-5.751131220536457450e-02,-1.737416087443674206e-01,7.836955288997560741e-04,-1.907302040856166669e-02,-1.198721594531473866e-01,-1.899075670295856388e-01,-3.123366487946113712e-01,-3.226590908483147890e-01,-3.565721425843408343e-01,-3.509987523349595850e-01,-3.125351249539605747e-01,-3.992278226504058503e-01,-7.971010691004687398e-02,-1.928268495161048202e-01,-2.253432499530707289e-01,-4.497013192596193559e-03,-2.869632604948135213e-01,-7.874244005220143450e-02,-2.161593195983094184e-01,-5.754856309821599833e-03,-4.964252264492151866e-03,-1.561728067734282355e-01,-5.629407963639472372e-03,9.052109867132526744e-02,1.616290233991946601e-01,1.663979784102102566e-01,2.238969851101086372e-01,7.544325829079383261e-02,1.558332121860588615e-01,6.461296545890339582e-02,1.688404516806050470e-01,1.308758598477982871e-01,1.640599396190452752e-01,5.557349156165995729e-02,6.257878341872309680e-02,-2.441283979516289393e-01,8.475243650610722601e-02,1.224515711813779220e-04,-1.100276218918422588e-01,3.296070753352819266e-02,-9.128066534176000613e-02,-1.218080183285855100e-02,-3.913918811213802466e-03,2.450158061141674004e-01,-1.132171936265885387e-01,-2.290671704557944166e-01,-1.452341614424715321e-01,-1.672417068953130706e-02,-9.564948250931569473e-02,1.015068102247199677e-01,-7.631130656117428301e-02,-2.042803985782261911e-01,-2.951799037516900787e-02,-9.389947218459478162e-02,-1.253677455578827704e-01,1.781987575545477542e-01,1.196079209657200867e-02,2.886766432989293918e-01,-1.721855107724353517e-01,1.768131665625106985e-01,-8.943111807266042323e-02,1.262754040917647425e-01,8.857374780486279575e-02,-6.415687091157910860e-02,-1.297991879455804021e-01,-5.813979347009223114e-02,-4.794232011946465005e-02,5.181419227664264653e-03,1.355877006601330925e-01,-1.937509760024938923e-02,1.130737912126908024e-01,2.284663234200941251e-02,2.399310613677441695e-01,3.807401156246020130e-02,1.394294067572293960e-01,2.816506153152144032e-01,2.870437852754952335e-01,1.492098674645123968e-01,3.878031725653259820e-01,1.591829789667797423e-01,3.138306492133740022e-01,-3.880504234487876930e-02,3.311231028083589933e-01,-2.183903428103095914e-02,-2.973451770057458643e-01,7.095601047847770182e-02,2.317309854765323973e-01,1.216582472765397049e-01,4.762751726308275813e-02,1.353254918035426968e-01,-5.031924827133279034e-05,-3.517791351758841386e-03,1.547504337506312722e-02
2.116235349042177860e-01,1.453616355423746620e-01,1.874338015378714528e-01,-1.658723170771890798e-01,1.932088668172572410e-01,-1.665153169412504630e-01,1.000000000000000000e+00,5.295048538820844586e-01,6.835703813840067200e-01,5.514294461262091440e-01,2.239948069612737735e-01,3.860113465929842502e-01,-1.733066417600821474e-01,-2.693074025014223771e-01,3.044840036735692035e-01,2.222940796605916980e-01,2.094957271524511833e-01,1.862136622410399400e-01,-1.756457813535414747e-01,-3.116247214389598549e-02,7.337014522831644681e-02,1.312292983986696748e-01,5.891570031147411873e-02,1.193694965518327378e-01,2.642092722888093187e-02,5.362143748218017869e-02,4.055770328026346572e-02,1.576507837150102620e-02,1.314344993064387457e-01,4.968688128814349042e-02,-8.223109741647868787e-02,2.259668798590688116e-02,-1.650665615511293649e-01,-8.731564358590537811e-02,1.163144157473092744e-01,2.857939016257421763e-02,1.488941373185564687e-01,1.425694916512987576e-01,1.041723111663146323e-01,1.032560547205372270e-01,1.282439785046518010e-01,-7.934710253470303454e-02,-9.454736525682758130e-02,-8.615960375527967341e-02,1.583059873342297641e-02,-9.980417544138092678e-02,-5.883113902777017262e-02,-4.607179533187166776e-02,6.254858267790442024e-03,7.876728298480252521e-02,-2.257195367656180188e-02,9.140145658636425474e-02,-4.288157422831880700e-02,-2.408093357996191758e-02,-8.831355630289365599e-02,6.716718207528285522e-02,-7.392245722274590203e-02,-9.287889116722802818e-02,-1.563355214238092428e-01,-6.753765644311560123e-02,-1.649677283494973834e-01,-1.618402803011445568e-01,-1.292349156094293183e-01,-1.951540857694363529e-01,-1.601453134598481709e-01,-3.510313565084426102e-02,1.072204000203174773e-01,-1.401523826988069349e-02,8.495274652530043769e-02,-4.563578613479147249e-03,-1.308175798646436516e-01,1.435322296489067659e-02,-6.907481101057703909e-02,-2.041220919086528807e-01,-5.338916605856834641e-02,-2.165087148247009097e-01,-3.254490215977704631e-02,-2.513757539366361093e-02,-8.020684000844559292e-02,2.214641537020639872e-01,-5.683405272733434849e-02,1.235721797330016081e-01,-2.176998941968516510e-01,5.065275884406920254e-02,5.540248259745163967e-02,-4.730146121898186340e-02,1.051837305221531432e-01,1.166849888272584457e-01,8.323002803002252370e-02,1.348184985497427879e-01,2.658148579948895265e-02,9.847860913880434816e-03,-2.552102308475303824e-02,-9.991863571038517300e-02,-1.260881112118538427e-01,2.136773696474337722e-02,-1.421357131660731798e-01,2.203890101065638166e-02,5.335658522068147808e-02,1.341929634038266372e-01,1.755842831609063723e-02,-7.064920598634535920e-02,2.208711144689107508e-01,-1.755341862443583756e-01,-1.309793705219529647e-01,5.192464048621415335e-02,1.502145380782440032e-01,-2.234600794278292224e-01,1.257166392009228806e-01,-1.371266073915069772e-01,-2.052042584425200766e-01,1.128519765901910554e-01,-3.991297601399607792e-02,7.995405906199824775e-02,-5.038880709954413756e-02,1.057844452078106484e-01,3.650332178661550020e-02,8.706430575520669735e-02,-1.991813838729778168e-03,3.289197423809988620e-03,-9.541859223066202766e-02,-1.080198659799382899e-01,-5.725346299575825859e-02,-1.340204790715486816e-01,2.011112750868385146e-02,-1.698081775496529111e-01,-8.043909957079721507e-02,2.178807242207714823e-01,-2.152308720692725774e-01,-7.705146423106251641e-02,-1.400368885774677108e-01,-1.682216798511391442e-01,-9.395964390637133457e-02,-2.218472992615573569e-01,-5.923089273141646932e-02,-1.702148486143590378e-01,-5.547006537997575815e-02,-1.138396708861112439e-01,-7.359912095607898386e-02,-8.337991070598808896e-02,-5.720479403398027324e-02,6.955844411390565800e-03,-5.482518254436685723e-02,5.325349633440955993e-02,7.597321508430758541e-02,-1.929130521644603288e-02,9.496024662661056714e-03,-1.105180698193916101e-02,-1.176131796781265948e-01,-6.183142843862690641e-02,-1.749897364701145583e-02,-3.050177987905653212e-02,-5.661267182805037462e-02
1.769842526344358735e-01,3.119789693118217924e-02,1.973098598487967037e-01,-1.850925649787020510e-01,2.058034030154728411e-01,-1.822941894688121511e-01,5.295048538820844586e-01,1.000000000000000000e+00,5.220472021221278514e-01,6.247260829955728623e-01,6.294049729398758508e-01,6.379479443915501147e-01,1.608300923667524418e-01,-5.258108977721641653e-01,1.339189714097926975e-01,4.493450135471250273e-01,2.311503543611909128e-01,1.995262726732187353e-01,-1.914417989627117955e-01,-8.912754106832765366e-02,7.949588638666672813e-02,7.638366800947363200e-02,3.493232006486662877e-02,8.870193030775842813e-02,2.677183505924853393e-02,8.537739107010254569e-02,4.707566360174125081e-02,-4.731690894289466986e-02,1.581454921032034999e-01,2.257863356092817617e-02,-4.702743197665867209e-02,-4.178940271396739195e-03,-1.195503318153940259e-01,-3.296103158218183227e-02,1.417110391118740487e-01,1.380323350773164648e-01,2.025498183185467094e-01,2.583331864503100594e-01,1.964417389026494321e-01,1.998144082248000386e-01,1.354597292039991796e-01,-7.244989197843622331e-02,-1.022813053499754404e-01,-4.405994952626072353e-02,-7.810124481070904352e-03,-1.914780572189181754e-02,-6.150438624917031749e-02,-1.117982858878004276e-01,-5.563297889820344178e-02,-1.721428040000952051e-02,-1.056737865130745468e-01,6.658088102424300492e-02,1.102156361773935639e-01,9.568536621260352593e-02,-7.757741511333428319e-02,7.454622075038434825e-02,5.262103060888841111e-02,-3.351223768962818123e-02,-3.692337536867254522e-02,4.555471214148199693e-02,-9.900776379071793420e-02,-4.033885604709687434e-02,-2.463058437822056995e-02,-2.375831944928702977e-01,-7.445751687879120784e-02,-5.674068790123683315e-02,8.393072015003195940e-02,2.880242673406826354e-02,1.171148703282326314e-01,-2.909535211021541806e-02,-1.370834630709865942e-01,-4.411861146943586026e-02,-2.645194809212438880e-01,-2.740979111615931552e-01,-1.321240431447923691e-01,-3.451219400219014410e-01,-1.856476572980536588e-01,-1.569653785739535956e-01,-2.405133574313964850e-01,2.455044671247811339e-01,7.558831863197589375e-04,1.922835288960132727e-02,-2.460737323093994955e-01,4.175575270398628608e-02,1.003360476870291673e-01,3.531036580576613071e-02,2.568101917179007043e-01,2.609642458958314482e-01,3.004789769225191254e-01,2.873098550733834688e-01,1.926298406525520923e-01,1.018236958504579459e-01,4.999547961116210942e-02,-4.530876619179648179e-02,-3.562925592286624032e-02,2.870292713163802648e-02,-1.594757475351218368e-01,-3.900718999151130822e-02,-1.307609572872697468e-01,1.574292656310212826e-02,-9.402733816026515035e-02,-1.227291595261303936e-01,2.423471656828967702e-01,-1.487206966875251335e-01,-1.393766541144136895e-01,-7.296545136624554839e-02,1.097688925502027096e-01,-2.540334786951966572e-01,8.559932000879204306e-02,-1.160385107794303650e-01,-3.147691593373969088e-01,-5.615958858790828095e-02,-2.470016013481407258e-01,1.712570364918275870e-02,1.254615927518125569e-02,2.113866124107051658e-01,1.378344191131908592e-01,2.452254402453027948e-01,9.706036855678799868e-02,1.817003375337137572e-01,-5.808804634372093795e-02,3.224964210366621647e-02,6.995708056989606571e-02,-1.500280341531064210e-01,1.347438676281531300e-01,-8.815167060167075630e-02,2.173462743473186364e-03,2.446051901818411534e-01,-1.391388417338671746e-01,2.861317166274739837e-02,-7.331989008443090539e-02,-5.107681134556614488e-02,-1.255750057291177835e-01,-2.632898493473408846e-02,-1.234088841736825579e-02,-1.725307371253536337e-01,-3.974198809315561409e-02,-1.336123382836465201e-01,-1.139569442972625524e-01,-9.223038490382853838e-02,-1.100810597101181537e-01,-9.325697220217667172e-02,-2.566958777324023638e-02,1.930456257706779089e-01,4.348589756352420205e-02,-1.342964552584799964e-01,5.245848403823689249e-02,-3.582141031152735050e-02,-6.309090779844590824e-02,-3.604028371081457321e-02,-2.804389084820115008e-02,2.066220434621393251e-02,-2.681780192391952297e-02
1.598006020270738015e-01,7.025155928384801962e-02,1.012464418828264434e-01,-8.686765607921212440e-02,1.049715330854067291e-01,-8.405962421939838780e-02,6.835703813840067200e-01,5.220472021221278514e-01,1.000000000000000000e+00,4.422795515799984312e-01,2.900873968669105407e-01,3.239859388306138843e-01,-2.307481837601378094e-01,-3.972409287252826049e-01,2.075888624366432067e-01,1.179508366212450449e-01,1.530310949792511865e-01,1.043311895642867193e-01,-9.445852878223008620e-02,-7.378416159010962871e-02,9.703724185689672349e-03,9.269804353654978457e-02,9.794826080215320030e-03,7.277047227214344938e-02,2.513411422285007427e-02,4.596998621528008977e-02,1.065240777419877022e-02,-2.123204858569193929e-02,1.625884167881553044e-01,-1.957313070123012366e-02,-1.521566253075581632e-01,-3.065143083982027269e-02,-2.131322503449599171e-01,-1.488767930881534085e-01,1.377587477876152933e-01,-1.813595087399053367e-03,4.608453482644695592e-02,6.879308438053186037e-02,3.730856912263796898e-02,9.225690470864077175e-02,5.919167301418262056e-02,-7.577649973197812805e-02,-2.880238579312544706e-02,-8.148131356648521950e-02,2.695008411580579813e-02,-8.074974204618715068e-02,-5.260511855934456305e-02,-1.936055402509214568e-02,-3.399321814310366646e-02,5.434954650869400217e-02,-8.743595055479828904e-02,5.650659747780689690e-02,-9.635429056745052623e-02,-1.067416347710372637e-01,-8.373931961369154853e-02,6.641715310935888961e-02,-1.216619097208272160e-01,-1.128699495385089846e-01,-1.977193820810297376e-01,-9.791723973839973338e-02,-1.937064874537442194e-01,-1.788319688076082936e-01,-1.299025540231745768e-01,-2.179996508437500036e-01,-1.491727626508691229e-01,-5.078135808043572619e-02,2.589669554898592005e-02,-4.064585609859337756e-02,8.413532465747919353e-02,-1.467882908794421876e-02,-1.560762305492297830e-01,-3.887484708744972511e-02,-5.951588850121120045e-02,-2.120540112914628128e-01,-5.396150210364844546e-02,-1.919001164385857050e-01,-6.164813736610678940e-02,1.458735427365903843e-02,-7.017129370094424279e-02,1.962746465753175684e-01,-9.675049791265716292e-02,1.372932008019596417e-01,-1.966776552692539037e-01,1.517751958859380433e-02,-4.740577301253874002e-04,-9.249868911719887066e-02,4.226131778092712815e-02,7.517300487455635949e-02,5.769554241708300946e-02,1.144023916489172871e-01,9.055889558511437745e-03,-7.226601604752195401e-03,3.100436436412309753e-03,-1.001262996512786441e-01,-1.354417329471783171e-01,3.159962137550132583e-02,-1.285762083758006380e-01,4.498185491663694163e-02,8.085133175123633553e-02,2.349585332727374409e-01,1.114398219999702816e-01,4.327745241668942699e-03,1.993692883756423284e-01,-1.072779151152633836e-01,-1.023004993972370241e-01,3.146020832347470181e-02,1.703298141141418864e-01,-1.987184579139984197e-01,7.521769920463154679e-02,-1.792159250101868773e-01,-1.621354072663960810e-01,1.090803571744980160e-01,-6.015694625781609767e-02,6.338177926145692476e-02,-7.493288292426227015e-02,6.232815551253816089e-02,3.939112151781083183e-03,3.774214860169226166e-02,-4.954639227278317959e-02,-1.718442112284751522e-02,-1.282353052965535534e-01,-1.166418987862346685e-01,-9.477860403881679940e-02,-1.512084256140012739e-01,-2.876428778389678725e-02,-1.334769267923793801e-01,-7.644903957517457105e-02,1.942942510389349953e-01,-1.609184275949501752e-01,-3.336593229800915994e-02,-1.103107178620259393e-01,-2.218663893157050149e-01,-7.728131625470502364e-02,-2.532024947828180883e-01,-1.319595163111357203e-02,-1.022523696427082712e-01,-3.117239127553168149e-02,-1.091517405759312997e-01,-6.261107984473410215e-02,-5.997726616796282550e-02,-5.296339177066144988e-02,-3.018201511214076496e-02,-1.524981760521578779e-02,1.045117865014478231e-01,3.173632825932445195e-02,-7.251973680903875397e-02,7.482215597625083148e-02,8.578155475001937591e-03,-6.661142529664794421e-02,-1.124565200625571651e-02,4.088659379606725090e-03,-8.381758471306675548e-03,-2.372896434382164993e-02
2.393796604082516211e-01,7.845599541185020731e-02,2.042710865207126858e-01,-1.926870154632824017e-01,2.076671437415609778e-01,-1.916442863474823177e-01,5.514294461262091440e-01,6.247260829955728623e-01,4.422795515799984312e-01,1.000000000000000000e+00,3.064109833382165915e-01,6.638295979978089401e-01,-9.512736008676637989e-02,-2.887814906918839686e-01,4.969659838466365387e-01,5.041212365331021461e-01,4.031090456283308310e-01,2.087554611580986208e-01,-1.932473802128037710e-01,-8.039258766170673254e-02,1.354647242259478246e-01,1.222602957124975659e-01,7.536336486480131602e-02,1.198481836043816112e-01,1.939007041621431879e-02,-1.279499315315113170e-02,4.863992284668570282e-02,1.160142222828749667e-02,6.555628031875308792e-02,-2.801465649269747546e-02,-3.012778661163599200e-02,-2.407553337593617074e-02,-5.964323704998123615e-02,5.192614921336064643e-02,7.653122032181844392e-02,1.762313306260199219e-01,1.411579651985315764e-01,1.964662163274676354e-01,9.640760486403944507e-02,1.663792123052535710e-01,8.331138899315843060e-02,-2.047757950061026427e-02,-1.536518025183863587e-02,-4.655132685995696379e-02,-7.203497542884537350e-03,-1.551942643417572772e-02,-8.887188525194300581e-02,-8.354598925532476239e-02,-5.754756458021322019e-02,-1.653634515789059387e-02,-5.106637985919657702e-02,4.460840201680731087e-02,5.312799224949099619e-02,6.131321466321949104e-02,-5.019705096927776916e-02,1.227806486695935950e-01,8.094917378836653798e-02,3.429534453298986596e-02,-3.188734112858775810e-02,1.085813473473808688e-01,-5.512089635196822796e-02,-7.247951789237795650e-02,5.215658473909752513e-02,-1.183965242645377419e-01,-5.668135728897324976e-02,3.638906666006200274e-02,1.924447741361754449e-01,9.169030854107487749e-03,2.045194233433590136e-01,7.292440957784555866e-02,-6.836415596270327411e-02,3.546945391782947710e-02,-1.613948799368112308e-01,-1.927361214006826640e-01,-1.096215784119189407e-01,-2.721049055533171779e-01,-1.341893639986848352e-01,-7.868734098869115123e-02,-1.910472557310146924e-01,2.166937131091842550e-01,8.999027550331607783e-02,-3.653768868032392439e-03,-2.128584395847938904e-01,1.210138149217820092e-01,6.507386300827050496e-02,2.386600736494885397e-02,1.811512940413561312e-01,2.653548732578693281e-01,2.031032435445554729e-01,2.495729660230207869e-01,1.378337750327404687e-01,3.011119812164847476e-02,-7.296408584422467425e-02,-4.413423548997053025e-02,-1.017095341730070018e-01,1.407653515774544110e-02,-1.160603734669791581e-01,-1.422654626046257198e-01,-6.878395508419976601e-02,-1.218511731002267645e-01,-1.635304815551926749e-01,-1.038879856851217948e-01,2.110591363821857358e-01,-1.679440983585323566e-01,-8.128044475739344688e-02,1.213858703148161175e-02,1.111746186727503166e-01,-2.257517556958388016e-01,1.605654283552205575e-01,-7.932542446181543860e-02,-3.424905389325663130e-01,-2.908429398688474124e-02,-1.476278283421897375e-01,1.138266136020207320e-01,1.319786245986253881e-01,2.481184468230953899e-01,2.025321751538817494e-01,2.410801212323368525e-01,1.114180621979356384e-01,1.861682094427288547e-01,-3.014199405282536395e-02,-2.343615102536427894e-02,1.183706390883359910e-01,-9.018676786416021662e-02,5.897194182300360965e-02,-1.172009734974990142e-01,-6.536277559692821315e-02,2.151437619709133109e-01,-1.698341888020434010e-01,4.546624553372644040e-02,-5.079667556995805244e-02,-4.921622920823496422e-02,-6.243887800194299065e-02,-9.829442522515073610e-02,-7.536374888983474185e-02,-1.577903953023273853e-01,-2.346726328287192936e-02,-8.122774071483621072e-02,-1.047915635752739993e-01,-8.701602430054330983e-02,-1.155293486143131182e-01,-9.256472107269468619e-02,-6.997572513137699513e-02,1.164886634505449825e-01,3.531233799202598833e-02,-1.330106899353031003e-01,-7.439185929295651090e-02,-9.136686270268450094e-02,-1.323174079017384597e-01,-9.892360254164679623e-02,-8.930279401926941030e-02,-3.182721110074581555e-02,-7.590947411081935825e-02
9.233680251879487766e-02,-5.822522736005730781e-02,1.866795004213926690e-01,-1.813570787769048509e-01,1.901307284163445133e-01,-1.795838769051847084e-01,2.239948069612737735e-01,6.294049729398758508e-01,2.900873968669105407e-01,3.064109833382165915e-01,1.000000000000000000e+00,5.460856133442513194e-01,3.948535060561465526e-01,-8.209142405470163384e-01,-3.154961407583709576e-01,4.106825374922786764e-01,1.349578865352363821e-01,1.920450804366183595e-01,-1.828366977384404679e-01,-7.339798000896866070e-02,1.162770533918605909e-01,-1.504543216900481283e-02,-6.474464032490986898e-02,-1.275297954587007072e-02,-5.874693198984464598e-02,6.488550596761590017e-02,-1.317600817711060690e-03,-7.509211259969469920e-02,7.311966922164875315e-02,-2.244178312814116075e-02,-8.284178694836114021e-02,-6.953810743888019785e-02,-1.264013551088221943e-01,-1.372874557209870505e-01,6.446220766620744391e-02,-2.225310266861765037e-04,7.846898811056106371e-02,1.185375410273331737e-01,1.253195421421245126e-01,1.010500367683701967e-01,1.325342982680831616e-01,-8.770526905915618232e-02,-1.578699211724580997e-02,5.552685137109564240e-02,9.311198128389631956e-02,6.695546447177679050e-02,3.801145238900942303e-02,1.617948100703344664e-03,2.606476011295163694e-02,2.149116201481571231e-02,-3.717274672868749186e-02,1.114213105356825495e-01,9.323802615437425112e-02,2.103274476583346653e-01,-4.129038069710030956e-02,-6.850425100295713665e-02,2.230940395937653503e-02,8.483231279583480777e-02,5.499780416387631266e-02,1.412312645796691760e-02,5.998808741964551522e-02,9.502973686686409793e-02,5.711404036158424652e-02,-1.760071012039992333e-01,1.131944502774851445e-02,-5.418666715561532704e-02,2.939268512659063554e-02,-2.701585309538453994e-02,-8.411619532398244151e-04,-2.226437954739981726e-02,-1.206664428399092798e-01,-8.521300884392292441e-02,-2.302363637676760610e-01,-1.809340409121064086e-01,-1.577010078394782688e-01,-2.848545408144770308e-01,-2.003255256571897791e-01,-8.695860761512019810e-02,-1.757947871954519403e-01,1.904242969479228720e-01,-3.391814003555463589e-03,1.139220432345207923e-01,-1.896072526895981325e-01,8.174152803668274792e-02,1.420581840520107331e-01,6.295936627196568880e-02,1.889302612410779791e-01,1.231283933301758754e-01,2.170280658255128725e-01,1.922323215462491963e-01,1.320974722220884801e-01,3.943456226453350560e-02,4.370597905181038828e-02,-1.154238624249381145e-01,-8.061250026859079210e-02,-2.085259878427904792e-02,-2.004348327495615312e-01,-3.303050864008143239e-02,-1.528213626542241632e-01,2.969734517607456117e-02,-1.681276321930292791e-02,-5.666248134470489722e-02,1.884619872503492943e-01,-5.213008041743620591e-02,-3.060255918006319145e-02,-3.693715354515901550e-02,1.808541119127976271e-01,-1.933845591264151675e-01,9.789312233025337928e-02,-1.748574008521333323e-01,-2.609761685889036009e-01,2.064507349992415752e-02,-2.400104836482596371e-01,6.576343421791261412e-02,2.687754301320930544e-02,2.005048288971806869e-01,1.174951357378724304e-01,1.070047565894063218e-01,-6.338173143771060059e-02,4.824456254953572026e-02,-9.987274661972786460e-02,-7.920410991955827151e-02,-1.231290095013905239e-02,-1.318392117242652706e-01,4.958194122849870350e-02,-3.296812884512622527e-02,-5.679304205996290808e-03,1.882366272664454387e-01,-9.890628896078668131e-02,6.744759156714072446e-02,-7.915290649937299639e-02,-1.442922516406338826e-02,-1.007669586681421842e-01,6.007629215888017626e-02,4.482892916167417752e-02,-1.190802813740223232e-01,-5.603806550152123922e-02,-1.176802537910947299e-01,-1.455940524770797662e-01,-5.634582789867795954e-02,-1.660683614209653991e-01,-1.508766391679065288e-01,-5.262348645108783085e-02,2.139565910293023399e-01,1.277256176586146277e-02,-1.773610994180195022e-01,5.261688551925552959e-02,-3.414227988292510563e-02,-7.230912809763362370e-02,4.308385704281628321e-03,6.951812550172417095e-03,3.593206635996210041e-02,5.089632790957537151e-02
2.397956214016545851e-01,4.950912502231015477e-02,1.303755458683845958e-01,-1.216756397319986721e-01,1.343915963761979915e-01,-1.211027058130737105e-01,3.860113465929842502e-01,6.379479443915501147e-01,3.239859388306138843e-01,6.638295979978089401e-01,5.460856133442513194e-01,1.000000000000000000e+00,1.359711342610328000e-01,-5.327284881163093511e-01,3.647320452415785397e-01,7.021476734361403738e-01,3.827675745490097259e-01,1.366808928933638811e-01,-1.197879168562904495e-01,-4.656977514449036487e-02,1.856830455423322257e-01,1.722523961275864712e-01,8.588675652773183899e-02,1.375387876533589737e-01,3.142264025888071022e-02,2.351499580803924350e-02,4.080241311567545798e-02,-5.332405033736184116e-03,2.185015397929405967e-02,-1.130489899026250813e-02,-3.529436133049501656e-02,-1.615205718322449552e-02,-1.034538575570895513e-01,-3.228100231884964422e-02,1.104620842785258017e-01,1.157844498503727976e-01,8.788160025246521956e-02,1.803931480790507136e-01,8.016244369176592222e-02,1.136259080128756427e-01,1.048471202684051438e-03,-2.115276031507147894e-02,-7.980483650289896258e-02,-1.235690622387738413e-01,-1.100070437839868742e-01,-5.212720992672000009e-02,-1.405663098241073106e-01,-1.866602374239084428e-01,-1.031207136040437067e-01,-8.942516834055276587e-02,-9.959400600014201022e-02,-5.238857531081881139e-03,8.500730853462371006e-02,1.052439647678581891e-01,-8.377210887289976426e-02,2.220042836609829873e-02,1.046613332030981447e-01,6.618043845624244081e-02,7.775437658906907135e-02,1.328043149675726675e-01,2.023629884149326721e-02,6.786300290094955667e-02,1.117715431295528139e-01,-8.181678723426223654e-02,1.449515683957749122e-02,1.037387705787691343e-02,1.331048751331281033e-01,2.675029959656404985e-02,1.664038454779112053e-01,3.485002748178622073e-02,-3.052900031840747805e-02,-1.920237702650760825e-02,-2.710764111946463162e-01,-1.616515020982500772e-01,-1.155845275557272067e-01,-2.869636368533141080e-01,-1.711335883669532210e-01,-1.204828414823460453e-01,-1.959438956645363217e-01,9.847640821417347201e-02,8.775900511573882234e-02,3.648893533764296232e-02,-9.812051014378135594e-02,8.295003655358203221e-02,1.300096114843335426e-01,6.191967787129646489e-02,2.244407527442034977e-01,2.527461140040229148e-01,2.600372329915168756e-01,2.965588215831990171e-01,1.653675763021147105e-01,1.058325386256210449e-01,-1.366251642206520785e-03,-6.599312105051680435e-03,-3.346756514797583071e-02,4.429850494490232549e-03,-9.183873156449265385e-02,-1.167208337880937946e-01,-1.467631626866688355e-01,-1.165104481144467324e-01,-1.932957021419502708e-01,-1.974508855215778569e-01,9.312666379535770866e-02,-2.188325835305357514e-01,-1.805626112573948394e-01,-5.620443021986736010e-02,4.269455280729230612e-02,-1.115894290977143405e-01,1.128337126669299029e-01,-2.778054038223274833e-02,-3.198638945090506724e-01,-1.164983332522012832e-01,-1.947736752773363833e-01,3.367605901147537745e-02,1.108260759853276628e-01,2.246550475497215427e-01,2.081667719865296085e-01,2.515251211070300141e-01,1.729005452281249522e-01,2.396878533558813862e-01,4.862099180014668037e-02,7.979820168097251365e-02,1.261588546283908541e-01,-3.361521479318458488e-02,1.157503442603275007e-01,-2.792708664381835654e-02,1.950434668238677782e-02,9.999904926000437178e-02,-4.480758779076331189e-02,1.178682964781749415e-01,-1.645221153031480033e-02,2.083676811045602484e-02,-2.156692914691115803e-03,2.450853521461663145e-03,-1.209440458956066167e-01,-1.141627703891758688e-01,-4.595556242039942896e-02,-7.075324249101130891e-02,-1.212990334906163259e-01,-6.520728948590902296e-02,-1.288412229933652009e-01,-8.510752790814987701e-02,-8.774139172984078694e-02,8.307522753676646610e-02,4.175616230442891208e-02,-1.258572372366492942e-01,-2.546173436945145530e-02,-4.563358572031435412e-02,-9.867207766760725807e-02,-5.723328285917107794e-02,-4.560622704480022521e-02,3.625528276623853075e-02,-2.626323184255036775e-02
-3.754088462420324731e-03,-3.317858750989609307e-02,7.052229841515048059e-02,-7.405876457407756241e-02,7.162899600793919130e-02,-7.471358751383910812e-02,-1.733066417600821474e-01,1.608300923667524418e-01,-2.307481837601378094e-01,-9.512736008676637989e-02,3.948535060561465526e-01,1.359711342610328000e-01,1.000000000000000000e+00,3.789245309592367827e-02,-5.178983813990994944e-01,3.141689587396525041e-01,-3.181812854340283492e-01,6.876024607578137826e-02,-7.756792903426898422e-02,1.885646188835499691e-03,-7.931660879868133313e-03,-1.397108371244328712e-02,-1.788575175802476890e-04,2.597171095217243666e-02,-4.773455844244255120e-02,1.341664147530369500e-01,3.399417292090894244e-02,-5.820835466267020725e-02,4.064134351359893933e-03,6.594380738168219291e-02,5.805265825481187303e-02,5.262975658887382446e-02,2.513034638666767490e-02,4.759251328747014786e-03,4.302148570924296811e-02,2.957957837517027205e-02,8.485911801283925471e-02,-3.850570201152760802e-02,5.481603391371122486e-02,-1.292217374834421784e-01,5.019836498324786733e-02,-2.351864243905675556e-01,-4.749896072679397896e-02,-9.789402924240157497e-03,1.730538124422071333e-01,5.512094211093292867e-02,5.098648165293771795e-02,4.501313501131632561e-02,7.089255566530362762e-02,1.867489320078951145e-02,8.862803825922906109e-02,7.254555561147987830e-02,1.795786547775241881e-01,2.236046965134811382e-01,-1.412947818797877751e-02,-1.009905440966221979e-01,1.435571769922794894e-01,1.998495024956034316e-01,2.111384761609803318e-01,1.338829392972814836e-01,2.452921390835139936e-01,2.374753704192660297e-01,1.592340827448987250e-01,9.782999822253322930e-02,1.275937153529434487e-01,1.292381105219580772e-01,7.218223382632843466e-02,1.225626255757163580e-01,-4.517234381797256837e-02,1.011251367225088349e-01,1.348578379197102883e-01,4.492789245731412806e-02,-9.596079994394360324e-02,4.139858980953567413e-02,-9.772898616225180607e-03,-5.873764478084390894e-02,-3.010592306336127427e-02,-3.441572248248561672e-02,-2.315188842108043682e-02,-3.115120944888890089e-02,3.918961206073832970e-02,6.458881869903296269e-02,3.395165898948137445e-02,2.471380744896772147e-02,1.843944558802939615e-01,1.066441742642911528e-01,1.375755490071846054e-01,-1.851276618116152670e-02,1.216677017117768350e-01,-1.352232214869302993e-02,8.095669927263271504e-02,-4.023841576940897190e-03,7.812757976998326026e-02,-1.789162805933778091e-02,8.921878031374998186e-02,1.093757359022399719e-02,-9.105559017124507937e-02,-4.136254604363122714e-03,-1.610897007697080496e-01,-1.170463283586991587e-01,-8.662202718689220038e-02,-1.455131680255657145e-01,-3.663677101985549078e-02,-6.876155145404218294e-02,-5.063085341099533149e-02,-1.324084721884496996e-02,1.261451114644496392e-03,2.972303777969391089e-02,4.795261113460487501e-02,2.582972083504051983e-02,-6.080529066934867860e-02,-2.615770556327075280e-02,-5.156527957108597571e-02,-3.346919088565684149e-03,1.254966560509272917e-02,6.462668288135407779e-02,6.739370143000104896e-02,-1.046407950972202093e-02,-3.960525444998937161e-02,4.085073228824325636e-02,1.148122995495427789e-01,4.053354936344343712e-02,8.105496503530137953e-02,6.786668090680630927e-02,1.669486927366825302e-01,1.556598523988516336e-01,1.403718278989486978e-01,-2.969084850452355026e-02,6.850300589967853182e-02,6.694563890017241059e-02,7.629569044305742342e-02,1.224406037522862284e-01,-2.856710466404997675e-04,2.336935798845240775e-01,6.736432468834267773e-02,6.071347706860288213e-02,1.214244440518501408e-03,3.203407658756942528e-02,-7.087564260604874156e-02,1.095654712985981438e-01,-1.007169971304231332e-01,-1.723729798501997257e-01,-4.737215631939099142e-02,7.565028788476718669e-02,-7.060868052465489597e-02,-1.438061096335099542e-01,2.414019065327796011e-03,-1.744615600316799017e-03,-3.676556509810322004e-02,-6.119900872475874526e-02,-9.463209441971227875e-02,-5.305349516572492596e-02,-1.100541179903521093e-02
-8.117816323474501272e-02,2.267935851106725118e-02,-1.564267297098331788e-01,1.503506088563356935e-01,-1.594215394056071877e-01,1.484754826404711958e-01,-2.693074025014223771e-01,-5.258108977721641653e-01,-3.972409287252826049e-01,-2.887814906918839686e-01,-8.209142405470163384e-01,-5.327284881163093511e-01,3.789245309592367827e-02,1.000000000000000000e+00,1.219595594142632300e-01,-3.185815821172487960e-01,-2.773200837235091365e-01,-1.629306487927294766e-01,1.495793583020721129e-01,7.033846257446287054e-02,-1.432398694708749143e-01,5.451869595697970798e-03,8.469733614606589356e-02,2.498569679880972838e-02,5.683502460079756236e-02,-2.167769710210899411e-02,4.134858672896679285e-03,5.124579746139913683e-02,-5.750558739790932739e-02,5.360678967729696348e-02,1.221887807830768641e-01,1.038441611841539602e-01,1.244853733345938629e-01,1.160901416001639680e-01,-5.817207977351438603e-02,-1.025710993647062190e-02,-2.832742598406500639e-02,-1.367503169045954092e-01,-7.894263399117491808e-02,-1.382377379347687341e-01,-6.311756071604050777e-02,-3.338051699281507911e-02,6.501280999422229777e-03,-2.375359463786503450e-02,2.209339439971049271e-02,-3.568794699973579666e-03,1.391700297220864295e-02,4.842791936810017517e-02,2.734034691299415745e-02,9.088790870057037938e-03,8.199750164194523350e-02,-6.799987832545122124e-02,-9.060198716964725646e-03,-9.815003499765331818e-02,5.364923862799730880e-02,8.521049159172459919e-02,3.859706293422840440e-02,-2.052080712244436569e-02,-9.730744853087931398e-03,3.531415323740369483e-02,2.179330566556762772e-02,-4.439211135057240937e-02,-2.873241339819998866e-02,1.897166398392835518e-01,1.217640191816982739e-03,1.053458575452389107e-01,2.374216922123171397e-02,6.479389407726007799e-02,-5.232682611269991874e-02,6.510134505134237970e-02,1.475502027715958620e-01,9.719789863253701367e-02,1.822225810508273092e-01,1.615261585717559512e-01,1.517184101037427624e-01,2.270681607434183180e-01,1.953713913564166516e-01,6.951491054686800841e-02,1.314739059693163237e-01,-1.510759304270640202e-01,1.006320459200463723e-02,-1.161755084964576912e-01,1.508123852252275798e-01,-4.088737129956377531e-02,-5.575823246409353923e-02,-7.192317231619213547e-03,-9.433048057508393314e-02,-7.066252025507177570e-02,-1.486107608890581688e-01,-1.651027245459386339e-01,-7.253030729953767464e-02,-2.135533123203024047e-02,3.028271160085497724e-03,1.117570789817243226e-01,1.414752143542334084e-01,2.834975562479887315e-02,1.452896128140671039e-01,1.061832341261894318e-02,9.901549148660765409e-02,-9.103718678001100628e-02,-2.990451983312258921e-02,1.475928779271038459e-02,-1.508477407089689193e-01,2.233795301764965671e-02,-3.844730337044869207e-03,-5.479813009542704345e-03,-1.804049350895890469e-01,1.517770693754702804e-01,-9.011705022000397747e-02,1.886893968980405956e-01,2.003464891979962748e-01,-6.941713828538373376e-02,1.866653377193585872e-01,-8.169489687681744106e-02,-2.323228161885580387e-02,-1.395860883165077060e-01,-7.426177980856495109e-02,-4.981716128772486346e-02,5.459142335007938218e-02,2.340263144098049444e-03,1.320976271719867534e-01,9.516350059855768762e-02,7.453384445776067846e-02,1.408010248699712585e-01,3.842685227120806735e-02,8.330837732097036430e-02,6.799482456714484035e-02,-1.482612213038497495e-01,1.020137855326642834e-01,-5.063122427293369893e-02,1.025394368852209220e-01,7.043922935469730529e-02,9.136787595843173793e-02,6.277994471605997939e-02,7.570817675122406415e-03,1.281297697934851154e-01,6.999078396039258576e-02,1.402296458520907452e-01,1.171001068510996029e-01,1.161081564353714651e-01,1.176627324634867550e-01,4.978353894540828856e-02,4.802906982375360762e-02,-1.487975495325597752e-01,-5.878773610479740702e-02,1.007155969218746921e-01,-5.232378452140912239e-02,2.065447148055613719e-02,5.408833944731810534e-02,-4.083475569375859954e-02,-5.448427974389465078e-02,-6.061872658095783517e-02,-4.673420810499430422e-02
1.999573933266542702e-01,9.285679109949611376e-02,2.182677426731820941e-02,-1.249794828816407598e-02,2.297382989869282618e-02,-1.337644104787618152e-02,3.044840036735692035e-01,1.339189714097926975e-01,2.075888624366432067e-01,4.969659838466365387e-01,-3.154961407583709576e-01,3.647320452415785397e-01,-5.178983813990994944e-01,1.219595594142632300e-01,1.000000000000000000e+00,2.479236956182519214e-01,4.402447710043833617e-01,2.350427683716345764e-02,-1.004415759037481821e-02,4.724099162089580306e-02,1.388664446440011913e-01,1.702573721756547309e-01,1.211507595557595046e-01,1.326063867249420436e-01,9.869718263806828706e-02,-1.869908425746320477e-02,4.146873868478442166e-02,6.967343958189482767e-02,5.955359596636449621e-02,-3.341180572663170374e-03,-4.273875993818675167e-02,1.789979478443696342e-02,-2.117359674529224051e-02,6.817614116716043393e-02,2.170726003809134164e-02,1.020538436750390021e-01,3.854881559973122318e-02,1.358424990846318348e-01,-1.075018734333343245e-02,1.590751973949449116e-01,-7.570931955612496267e-02,1.629054726506390105e-01,-9.737115292909336722e-03,-9.540511621817494847e-02,-2.117490054293642843e-01,-8.411585882397777658e-02,-1.090144070697261769e-01,-1.826715089001961501e-01,-1.022606232983600261e-01,-2.953689738620086588e-02,-5.186960143551882368e-02,-6.253964550310144033e-02,-3.123214058206214179e-03,-9.466788580329552061e-02,-2.748270149596524544e-03,1.722640189894110441e-01,-1.012191636439009092e-02,-1.448741888911434794e-01,-1.186991056737524836e-01,5.538012670228451007e-03,-1.923861027133579316e-01,-1.748732419748287303e-01,-8.795714449657614231e-02,-6.969796092613556038e-02,-5.911354854903907302e-02,-2.956763672975747798e-02,1.025141484181469609e-01,-2.389042792483286881e-02,1.522875745467554554e-01,-2.896554432954216718e-02,-2.190963852609880032e-03,4.123469131170367369e-02,-8.181427999113918825e-02,-6.391307338564661267e-02,3.740428831476967858e-04,-1.031068200938734247e-01,-1.285596309870606739e-02,-9.334536937852683236e-02,-1.495086036013641706e-01,5.723858548084748837e-02,-3.049097624083188518e-03,-1.306537630942942729e-01,-5.929682448578797033e-02,-7.199327668783177432e-03,-8.859626093645225908e-02,-7.117981046330046357e-02,5.411234458285433396e-02,2.440066937210197406e-01,1.265205919192422257e-01,2.248906778838668796e-01,1.258813642486820705e-01,7.677422738425669635e-02,8.803418773683468340e-03,1.043527169794319365e-01,1.004110651993586449e-02,6.079195871574313847e-02,1.333916073159403248e-01,-6.858174078391134076e-02,1.055719359674182206e-01,-6.289745661485997286e-02,-1.132791740404982123e-01,-5.082157555429462487e-02,5.514288268417427696e-02,-1.318334829760508531e-01,-1.213848197308394633e-01,-1.035129057144984488e-01,-9.297007878152821481e-02,-6.648202602345820722e-02,-4.966849512849823983e-02,4.802810559091254955e-02,-9.920256049119093034e-02,-1.529022900943203256e-01,-7.922383818843323211e-02,-6.123422239666697492e-02,4.637857279760859014e-02,1.198492138795744823e-02,4.438223330912998560e-02,2.163125516806985171e-01,2.596327685478301284e-01,1.811131590610738917e-01,-1.016844430320112264e-02,1.319288796548358511e-01,6.639821990306667143e-02,-9.602416915121645899e-03,3.580696951290451846e-02,-1.355808829334260168e-01,-2.435063636270383761e-02,5.964487132667197627e-02,-1.348491279761391062e-02,4.352732273598888812e-02,2.080435497097889858e-02,-1.496381453601013621e-02,4.613777316491771141e-02,-1.283097631051387244e-01,-1.430497601471051317e-01,-6.534474427164567445e-02,-1.153804471473972651e-02,-8.174161986742858800e-05,7.067174745920830163e-03,-8.074877838666365271e-02,2.057596260186060622e-02,5.330674675691244452e-02,-2.322448425561296145e-02,-5.921410926568133198e-02,3.269969460889438767e-02,2.141340954661403659e-02,-7.393247891258721005e-02,-5.083045450308939367e-02,-2.983483091784335309e-02,-4.836756028563741344e-02,-5.122175973805074417e-02,-1.279117016512720459e-02,-7.424152180539009271e-02
1.863308756675917666e-01,2.046883366597219284e-02,1.805797669532351601e-01,-1.764967741512115940e-01,1.839200420180754914e-01,-1.776363134277770262e-01,2.222940796605916980e-01,4.493450135471250273e-01,1.179508366212450449e-01,5.041212365331021461e-01,4.106825374922786764e-01,7.021476734361403738e-01,3.141689587396525041e-01,-3.185815821172487960e-01,2.479236956182519214e-01,1.000000000000000000e+00,3.521466630583205970e-01,1.883583029852155533e-01,-1.708953975463631259e-01,-1.442039727303660868e-02,1.556074352156759100e-01,1.801084598225681510e-01,4.364639354176321623e-02,1.467906576329218171e-01,2.350745329482885337e-02,6.713791478922982725e-02,9.852087249613381004e-02,3.220581488597967779e-02,9.656994600356455863e-03,5.441044819821824752e-02,5.533029515872733839e-02,2.014593189109671612e-02,3.549024334842369038e-02,8.893169804947921586e-02,4.982610052435491876e-02,1.742297610001158625e-01,1.062708363446002446e-01,1.343308990944066250e-01,3.437808530722456790e-02,4.647927320899130493e-02,-4.324741277763915386e-04,-4.515818912830481258e-02,-6.607496365061168997e-02,-7.516132910767935049e-02,-3.914374006566204156e-02,-1.290313141511038007e-02,-9.756032243750019373e-02,-1.777390789499284918e-01,-8.032676157513125859e-02,-1.041925177449387202e-01,-8.377268342960365877e-02,-7.765259829529243089e-03,6.680331558765777167e-02,1.082840033456868301e-01,-6.701516081710015560e-02,-2.804488928539555434e-02,1.158246272250540582e-01,1.378980595620580840e-01,1.125751204737970440e-01,1.458205515402589414e-01,9.691012883005996337e-02,1.111167277096748035e-01,1.655696312611183163e-01,-7.957927074105090176e-03,1.069571395398076635e-01,2.431134639526814911e-02,1.971409524802209545e-01,9.388662908608134960e-02,1.278301306436340767e-01,8.540910543429301727e-02,8.375965573451410462e-02,9.429916923695336184e-02,-1.827659562039879448e-01,-5.485429300359816879e-02,-2.282577010008159102e-02,-1.989160429163931709e-01,-8.476454967699997844e-02,-5.332358616292305620e-02,-1.151389627282449063e-01,5.281836178051914354e-02,1.224934337552714136e-01,5.872963650902032068e-02,-4.804938279846610039e-02,4.675340027446502067e-02,8.398202082100195143e-02,5.780266354998887107e-02,1.439487406251774848e-01,1.060563624715366998e-01,1.798824560725239274e-01,1.207841556623011764e-01,1.367923843904791381e-01,2.575353619073315892e-02,9.843470249645483103e-03,7.468176425076371652e-03,1.075509532650124715e-02,3.067827269951594119e-02,-8.909910695378368828e-02,-4.500299029202015078e-02,-1.588026405658401197e-01,-1.524232056878122299e-01,-2.190011245790036143e-01,-2.479198357131884578e-01,4.487081663098424489e-02,-2.342969351954084511e-01,-8.731248079414538621e-02,7.880938244523995979e-04,2.060720936764367378e-02,-5.985888006730831490e-02,1.098294922722125588e-01,1.810474311048520732e-02,-2.400989417248253210e-01,-7.915695625269042468e-02,-1.349168732534417048e-01,9.387660024746355414e-02,1.579656486140763039e-01,1.884535413944652960e-01,2.264149485421205199e-01,1.222305126332056402e-01,1.392119648710770097e-01,1.560121657133060613e-01,8.982648851142205348e-02,6.968536339020038606e-02,9.174894005328249058e-02,2.537737291044216137e-02,1.626550343351040040e-01,-1.932986815584936645e-03,4.966144564060002986e-02,5.065175276093709239e-02,-5.365601194180989048e-02,5.462626128460618818e-02,-2.058831977405092741e-03,1.706751063242325367e-02,1.826280171868227206e-02,3.971705508428147874e-02,-1.066034434559600258e-01,-1.169930997924905763e-01,-6.740633368399792658e-02,-8.803881709948838119e-02,-9.438028903568877748e-02,-6.983145692539725891e-02,-7.117786803368031379e-02,-2.207431360877052783e-03,-6.009389305150842492e-02,4.505150717719555442e-02,8.448612402297520085e-02,-4.719823123707789225e-02,-2.589353851525138389e-02,5.796915484140176440e-03,-7.655363338835505238e-02,-1.952069551697785746e-02,-3.835848696789324191e-02,3.823380669094335327e-02,-1.369547853336325859e-02
1.394082229519513216e-01,-1.090113948046681110e-02,1.392998414670156837e-01,-1.389799378870399116e-01,1.386666480746270302e-01,-1.390203628605057029e-01,2.094957271524511833e-01,2.311503543611909128e-01,1.530310949792511865e-01,4.031090456283308310e-01,1.349578865352363821e-01,3.827675745490097259e-01,-3.181812854340283492e-01,-2.773200837235091365e-01,4.402447710043833617e-01,3.521466630583205970e-01,1.000000000000000000e+00,1.522554825056764705e-01,-1.199714129003060098e-01,1.692471961787926915e-01,3.202690174853857763e-01,3.065088429997343544e-01,1.281909137978932967e-01,1.840610471022197103e-01,1.470735010138496945e-01,3.130059623155143772e-02,8.098512242027659791e-02,1.334769608174074251e-01,8.821754799145931081e-02,-2.906106160404772765e-02,-1.120421943268001645e-02,1.819403594224621237e-02,-4.853415841412974524e-02,1.598304848937666389e-02,5.344360500822314258e-02,8.193532465838962442e-02,4.708036199194100963e-02,1.763749360731634852e-01,6.125161725943939484e-02,1.825734364999211379e-01,-4.005949355781591309e-02,9.778568769165088548e-02,-8.883470897026818358e-03,-1.061644742126345992e-01,-1.656400481355536358e-01,-4.664910678076230471e-02,-1.575658654845129014e-01,-1.893484079485036053e-01,-5.930957982206380708e-02,-5.364730705135586225e-02,-1.341946474285555801e-01,3.112212059124084152e-05,-5.673657061074337260e-02,8.055944582688313177e-03,-1.622756771897677225e-02,1.673948976277754852e-01,4.832262863572717171e-02,-2.674363608646832674e-02,-6.476894304214179943e-02,8.982746149259354662e-02,-1.038082808950345631e-01,-6.978118091174889681e-02,3.461179147001299666e-02,-1.988640539681154618e-01,1.078066158358072582e-02,-1.750432300484156267e-01,8.740361599827270456e-02,-6.182970926821030472e-02,1.335509607449554825e-01,-1.092741004077616568e-01,-2.984726734232395415e-02,2.440058239978722121e-02,-1.000287582015164933e-01,-6.281969404843849511e-03,-2.059671169141847474e-02,-4.052435226455252532e-02,-7.113576305467697591e-02,-9.767380163995856290e-02,-1.295516767267626823e-01,7.892246865512454745e-02,8.831105431173703890e-02,-4.488274891912601844e-02,-7.739088385889679456e-02,-2.922100520603577653e-02,-8.460345323148267538e-02,-1.469079522146945482e-01,-1.179012992385130090e-02,1.517684317971076668e-01,1.088021772093987621e-01,2.274811513383069028e-01,6.318926803292965189e-02,3.814910835270168138e-02,-4.089903866519627174e-02,2.145397236723341552e-02,4.764214080985184480e-02,1.241959764284137069e-01,4.858814237300074917e-02,-7.552864249348215098e-02,9.383120204763941916e-03,-6.750883797903187156e-02,-9.581045607159534294e-02,-3.002621345264184713e-02,7.690673257958234588e-02,-1.210757063807846867e-01,-6.141112851854024085e-02,-5.135044620478922822e-02,-2.801832479872259918e-02,-8.589641268793110629e-02,2.076863291105149334e-02,3.414859337218037472e-02,-2.039872521023538277e-01,-1.180056676133146576e-01,-1.182339081291919891e-01,1.299574523145729035e-02,1.381462714229720889e-01,8.239605316855413975e-02,1.109503642987027111e-01,1.600877119343429300e-01,2.063831606324633694e-01,1.380994517911821873e-01,-2.065418815931371888e-02,2.201128506193909817e-02,3.349557421807365654e-02,-1.357370769902858584e-02,2.697536933357597144e-02,7.005723056130281137e-03,-2.023227798255425661e-02,7.917047441118486850e-02,-5.596354659570254575e-02,5.039499750870403416e-02,-6.837330287225769354e-02,-1.432529408612060254e-02,8.918904211151166064e-03,-1.106537915923884868e-01,-1.726806269076203160e-01,-2.037327317646059344e-01,-1.014421411764957898e-01,-8.949338812728405146e-02,-1.046807122743048379e-01,-1.533895664922387825e-01,-7.392017248062096590e-02,8.670735950779345780e-02,-9.795869069125019701e-02,-4.197170689328360953e-03,1.568182180119334634e-01,1.797777908357011886e-02,-4.760340040372558479e-02,9.944438988388142053e-03,-6.321586133947518574e-03,1.900930178745170729e-02,-3.010476671583865380e-02,1.590086974601274267e-02,-6.011159765301974517e-02
1.326222071131325231e-01,-2.276437507116515959e-03,9.989597277978432555e-01,-9.988348331220172627e-01,9.989527294592421836e-01,-9.987762548347861591e-01,1.862136622410399400e-01,1.995262726732187353e-01,1.043311895642867193e-01,2.087554611580986208e-01,1.920450804366183595e-01,1.366808928933638811e-01,6.876024607578137826e-02,-1.629306487927294766e-01,2.350427683716345764e-02,1.883583029852155533e-01,1.522554825056764705e-01,1.000000000000000000e+00,-9.986139643545780542e-01,3.772529424928883213e-01,4.300267440242553363e-01,3.723904629442043035e-01,2.921185039164840846e-01,3.532545101346928340e-01,2.150678010389305284e-01,3.309323889172944289e-01,1.972315080322753211e-01,1.747286142108950280e-01,1.842948454964477845e-01,7.417301642559476216e-02,1.034661522841286291e-01,1.504611889094252530e-01,-2.469939796564867354e-02,2.560899738068470044e-01,3.818878684775710020e-01,3.350062856449058102e-01,3.233170054359039147e-01,3.435625071157886179e-01,2.700603414703051097e-01,3.969872257193136633e-01,2.959365968845878991e-01,1.409160492985370716e-01,7.490094832773878941e-02,2.656686542888285207e-01,1.862819813971516858e-01,1.672942414548423962e-01,3.341706276910743623e-01,2.251643548350980018e-01,2.194980677837514715e-01,2.587241673954021048e-01,1.489407248644469828e-01,1.709349024000565431e-01,1.045320379040036302e-01,2.761288788173469899e-01,1.854328727867841642e-01,-4.270059858430844124e-02,3.978540207255609057e-02,7.129585175521034601e-02,1.012734852428335414e-01,-1.615539320222915756e-02,4.712867073588335870e-02,1.656470426179212641e-01,-9.713341060081511283e-03,1.266121145873332424e-02,1.131798988783468962e-01,1.864209559656269388e-01,3.169230960048272649e-01,3.185314137764828080e-01,3.584127813373306215e-01,3.477860548714405975e-01,3.075395650897977950e-01,3.991793975278814521e-01,7.646696884929762850e-02,1.853781613867826750e-01,2.256214325600058301e-01,-4.398529432688222905e-03,2.861306768603080197e-01,8.354437789830952699e-02,2.086283727917900288e-01,1.270878784933106992e-02,-6.873695272543266363e-04,1.573582515644911806e-01,-1.527157926648045096e-03,-8.910064066198793153e-02,-1.670489171565714137e-01,-1.721126829501496702e-01,-2.188533284980084259e-01,-6.934680146757507546e-02,-1.506846413506301163e-01,-5.872673025198967695e-02,-1.642267600102746139e-01,-1.242035344865749513e-01,-1.625027581786578634e-01,-5.570181630385612898e-02,-6.539899161576277764e-02,2.445849133650526697e-01,-8.397080237212699305e-02,3.126794453604104379e-03,1.096591546831173630e-01,-2.874689203532046142e-02,9.005772784800965269e-02,1.102243321681181838e-02,1.082202211302834942e-02,-2.477506469928371091e-01,1.085313873228934134e-01,2.255084426516178187e-01,1.500813370410752356e-01,9.413659290110140340e-03,9.586010113861412330e-02,-1.074160479934433143e-01,6.657357371624413045e-02,2.041843282815226646e-01,2.303872338691391117e-02,9.387300014140238791e-02,1.233829641968908070e-01,-1.751948113712552824e-01,-8.566443919861112602e-03,-2.827914585219876153e-01,1.753415416158317086e-01,-1.713576092725438704e-01,8.638959872616147617e-02,-1.224185922201640880e-01,-8.678631004984303787e-02,6.437375046414707536e-02,1.352472373381783111e-01,5.526376397752166825e-02,5.003468314557166924e-02,1.779956635590131380e-03,-1.404191481707168787e-01,1.493509943083200404e-02,-1.169736851763718832e-01,-2.849434963565218581e-02,-2.434844550980434785e-01,-4.344409344586846328e-02,-1.346904223464937822e-01,-2.861241638494821937e-01,-2.863278480771316303e-01,-1.507748369203774086e-01,-3.874739056934314307e-01,-1.629980975217920069e-01,-3.121251981708667578e-01,3.710482035018574515e-02,-3.281776691019921977e-01,2.399906860313026982e-02,2.941606170194324688e-01,-7.258350131272317540e-02,-2.272140553767448001e-01,-1.210058311577973805e-01,-5.366836072726968027e-02,-1.335102819941355046e-01,2.347783735739890441e-03,5.070422299282888179e-03,-1.437727757599174816e-02
-1.280416046430914168e-01,-1.015955774387497512e-03,-9.989153219734295819e-01,9.988895423389551054e-01,-9.989994292314856583e-01,9.988846884724932318e-01,-1.756457813535414747e-01,-1.914417989627117955e-01,-9.445852878223008620e-02,-1.932473802128037710e-01,-1.828366977384404679e-01,-1.197879168562904495e-01,-7.756792903426898422e-02,1.495793583020721129e-01,-1.004415759037481821e-02,-1.708953975463631259e-01,-1.199714129003060098e-01,-9.986139643545780542e-01,1.000000000000000000e+00,-3.703339514311033698e-01,-4.167399253077947452e-01,-3.556938160570256025e-01,-2.848246998084437154e-01,-3.449103847039555193e-01,-2.105897381421254211e-01,-3.326826723834239163e-01,-1.934640132151441150e-01,-1.658477813063935769e-01,-1.820306475801883039e-01,-7.780728783896649625e-02,-1.065903897565007169e-01,-1.488661134836782862e-01,2.060731906266626001e-02,-2.593314495715530743e-01,-3.816232660200931659e-01,-3.375965648395550245e-01,-3.187696781443399296e-01,-3.385704646779866822e-01,-2.652084574185895605e-01,-3.917678130159409355e-01,-2.959165767947671832e-01,-1.397968487239031610e-01,-7.508822737753842458e-02,-2.721459651227953747e-01,-1.919465709893315719e-01,-1.691946001635707686e-01,-3.438133821652386568e-01,-2.299462580921114441e-01,-2.196230207841756432e-01,-2.541800912274201352e-01,-1.505830037924269782e-01,-1.660204962601228851e-01,-1.091253532842033219e-01,-2.724214218143867217e-01,-1.924917639718673190e-01,4.334851836373593281e-02,-4.475018339551056767e-02,-7.628202117695298545e-02,-1.076660784913902047e-01,1.363444285617097795e-02,-5.384507877849610546e-02,-1.729692750005974999e-01,6.360859164084061400e-03,-1.968024289903496163e-02,-1.143101439454399515e-01,-1.929128925364647085e-01,-3.096599469890631284e-01,-3.219801343384087744e-01,-3.590143697534793898e-01,-3.514618462443516722e-01,-3.084144861264064841e-01,-3.969652847258918760e-01,-8.065348307488812152e-02,-1.856982191839417207e-01,-2.220286587688937996e-01,2.358684300283713908e-03,-2.857699659337612497e-01,-8.325041463876590997e-02,-2.153919799036720373e-01,-7.481446305320863313e-03,1.547604208242316570e-03,-1.593122930788769542e-01,-3.706615492712725998e-03,8.821546468273314123e-02,1.585414706618959169e-01,1.612588478095413336e-01,2.214400291349691297e-01,7.462049173255061452e-02,1.549184101874149233e-01,6.583791236213741571e-02,1.681256150631994517e-01,1.274389615846124313e-01,1.637814299329418688e-01,5.712459990173691937e-02,6.691827064037574047e-02,-2.360308827626843575e-01,8.983085688504327537e-02,-3.457225260327996541e-03,-1.075769309430900517e-01,3.050986210091469891e-02,-8.899271568847785807e-02,-1.383209689421414923e-02,-5.705714435188477020e-03,2.412071025758688037e-01,-1.152441955434624771e-01,-2.302857224726650998e-01,-1.517214956510846424e-01,-1.501639378512499741e-02,-9.699529508241715170e-02,1.080744114996477212e-01,-7.612784092278039594e-02,-2.093255423950727001e-01,-2.838852257544475025e-02,-9.509836987089757832e-02,-1.222606999930532512e-01,1.771057799069292449e-01,1.158415985858940282e-02,2.922537695240849942e-01,-1.676756422068446939e-01,1.789198503038758326e-01,-8.620844422944233532e-02,1.275512997434045392e-01,8.898237313648402202e-02,-5.985319411164556624e-02,-1.248304285031551081e-01,-5.173788254318512081e-02,-4.561274456067589828e-02,3.522667073993289953e-03,1.363105075176530567e-01,-1.586923654634625133e-02,1.126869082891023971e-01,2.623959668386911803e-02,2.454778974577004613e-01,3.497772435192568474e-02,1.254978899047992924e-01,2.769033823468932121e-01,2.789796899282843690e-01,1.429318097683958955e-01,3.794247207640267794e-01,1.531001937560682313e-01,3.061598526457463554e-01,-3.558643360656686683e-02,3.216013461036298926e-01,-2.243698031605999635e-02,-2.868617977160374810e-01,7.059760987661109488e-02,2.231162524989049600e-01,1.204264086575368015e-01,4.818480316808447517e-02,1.341966616095267850e-01,-3.953322678152247464e-03,-5.156412428677231707e-03,1.364311799813122499e-02
9.109376569581377481e-02,3.371242597026503224e-02,3.783555095902622623e-01,-3.789991239821413060e-01,3.762215578524613635e-01,-3.808759894709534688e-01,-3.116247214389598549e-02,-8.912754106832765366e-02,-7.378416159010962871e-02,-8.039258766170673254e-02,-7.339798000896866070e-02,-4.656977514449036487e-02,1.885646188835499691e-03,7.033846257446287054e-02,4.724099162089580306e-02,-1.442039727303660868e-02,1.692471961787926915e-01,3.772529424928883213e-01,-3.703339514311033698e-01,1.000000000000000000e+00,4.838220963303936362e-01,5.902965814124429000e-01,4.847396255051959479e-01,4.019628548506274379e-01,2.974491304024704519e-01,2.174555545455142402e-01,1.946977840710497343e-01,2.472101812176323854e-01,9.837915372392964930e-02,6.898518399113603983e-02,3.663258625241840039e-02,2.129748111611594885e-01,-9.102034056183753996e-02,4.863911230351712633e-02,2.519463792113262324e-01,8.633008977942011053e-02,1.950419257964989272e-01,1.309363139779451679e-01,1.210141474141718798e-01,1.707224001156629201e-01,1.839446416449375468e-02,1.263847797038419318e-01,1.406548635830358329e-02,1.437195499166066259e-02,-8.988381155416544366e-02,5.710217633507710944e-02,5.630442849757139739e-02,5.718233427800260144e-03,9.158300262677516318e-03,2.660835725132505367e-02,4.454344402273258813e-02,3.772085561465948061e-02,-2.021885927045903326e-03,2.198280691168965906e-01,7.606059133976586506e-02,4.354565094786420898e-02,5.623997603580976890e-02,4.493095228678693764e-02,3.755004760320133916e-02,6.538284639548909427e-02,8.450969269072072798e-03,3.582076698413948906e-02,4.279120076159739078e-03,-6.387687256227437237e-03,5.896936421054355809e-02,8.070520140838768897e-02,2.377185634517649804e-01,1.376313745046026105e-01,1.208073047665450123e-01,1.387884605404991756e-01,2.802648186330248259e-01,2.718704358370467311e-01,7.045259688515875807e-02,2.187322508244093910e-01,1.781724456915941279e-01,8.435943983060111007e-02,2.291460072112969926e-01,-4.637887999675329581e-02,4.808452622846109970e-02,-2.002090925106418673e-01,-3.576002779294401579e-02,-3.550137732129542839e-02,2.011098926776192231e-01,-2.245128133541288706e-01,-1.289763446881036224e-01,-1.478779836281412241e-01,-1.870468386070890388e-01,-5.279855475819610240e-03,-8.010725121059074361e-02,1.509955001827069550e-02,-3.560675586101993972e-02,5.349074512679410920e-02,4.519988257766340695e-02,1.574475457406404877e-01,1.747774285585323162e-01,2.343766570678852690e-01,1.649433385234781724e-01,7.205194146434105995e-02,1.141660203070150731e-01,-1.331869216602144246e-01,-4.955200911018985133e-02,-4.878514010116884875e-02,-1.984516195835478725e-01,-2.018043590912129426e-01,-7.360654489018395030e-02,9.615529788213096618e-03,-1.402111591376172806e-01,2.055199725370727148e-01,-6.494136300451081034e-02,1.388549022074792305e-01,1.032196922383241816e-01,-8.639054893465923646e-02,3.722640698789058539e-02,-1.109650387612717282e-01,5.044094714713303479e-02,-2.511793794525963297e-01,-5.058180849358696884e-02,-1.369753926242285869e-01,2.859186713843834826e-01,2.708178507935251472e-02,1.765599344771928425e-01,1.824876154754940805e-01,2.843670929696754876e-02,2.356659546661025728e-01,1.909058840293158255e-01,1.873741297790490479e-01,1.793061413628258549e-01,-1.996918418200936962e-01,8.565371939749365227e-02,7.396939014367670540e-02,2.399228191099102639e-02,3.969946394023947389e-02,-7.848412468227571048e-02,2.553871761697408538e-02,-6.253581799449908774e-02,-1.142158060854442658e-01,-1.711369024541097572e-01,-2.901325789851234849e-02,-1.221547426345219733e-01,-5.445850601133546409e-02,-5.912653395816498680e-02,1.136020935841821622e-01,-1.558994802608922037e-01,-1.497151013737172132e-01,1.479068358519129156e-01,6.304966921309637651e-02,-9.639803289166613831e-02,-3.978364539828178545e-04,8.557959676932042070e-02,3.090216497579876404e-03,2.190559536529502593e-03,-2.651771546856044118e-02,-4.948558211433165543e-02
1.208658906912970510e-01,1.372467346841784071e-02,4.340442332012687254e-01,-4.288466092063535351e-01,4.316896717763764602e-01,-4.297209772582598064e-01,7.337014522831644681e-02,7.949588638666672813e-02,9.703724185689672349e-03,1.354647242259478246e-01,1.162770533918605909e-01,1.856830455423322257e-01,-7.931660879868133313e-03,-1.432398694708749143e-01,1.388664446440011913e-01,1.556074352156759100e-01,3.202690174853857763e-01,4.300267440242553363e-01,-4.167399253077947452e-01,4.838220963303936362e-01,1.000000000000000000e+00,4.149431099021604896e-01,3.539146507018774979e-01,4.042559756994892894e-01,1.450937095575771940e-01,2.525990217916950775e-01,1.688651191159623033e-01,1.410317388307213426e-01,5.480470417880325268e-02,-5.322143729807018997e-02,-6.825171528842198521e-02,5.900297279052368199e-02,-9.244177172089114436e-02,-1.807000821519257755e-02,1.394232850946881264e-01,1.549054119364451192e-02,1.717158871495613748e-01,1.071883594719578725e-01,1.112738805043556600e-01,1.606013327190973783e-01,5.816643453905486622e-02,2.687807042044704567e-02,7.453257139101844564e-02,-2.578265946869661568e-02,1.244825363047701375e-02,7.168237208858657672e-02,-2.003400176639200114e-02,6.832219075258561154e-03,1.289548447493582828e-01,1.294048380021448064e-01,1.282414602338936283e-01,1.407412529543826119e-01,1.456905947585630801e-01,2.770551589989173058e-01,-7.039735414318207263e-02,7.791331320992529730e-02,1.125467000199027734e-01,-2.120354296301057637e-02,4.205590155495050886e-02,6.456422708887778195e-02,-3.568157470591162839e-02,5.725930578074317490e-02,-1.357309721481115596e-02,-8.541907543902843569e-02,3.438036736129591875e-02,-2.754077278059693934e-02,1.835778919296894296e-01,4.051275130235459238e-02,1.755165694008689881e-01,9.741882688214600211e-03,1.127474632215452466e-01,9.184993544849913427e-02,-1.710617886953090250e-01,1.310032447279047552e-01,1.618424826096894614e-02,-4.863822639844668505e-02,6.307433884459227522e-03,-1.999311359391343912e-01,-1.241119951917825232e-01,1.162117526138377877e-01,5.381159566810608114e-02,-1.560325228937801088e-02,-1.133732746773213063e-01,-1.503122702686880974e-01,-4.286301812571507303e-02,-1.668690238507929136e-01,-4.841485471212440134e-02,8.294199765573685712e-02,9.013215613009367688e-02,1.771967551498316307e-01,2.638883546650294329e-02,1.341760638297071484e-01,6.407691627573808280e-02,1.183706664192564345e-01,1.517432611232542861e-02,1.987461599743965412e-01,8.728098790049319822e-02,2.071333174748280284e-02,3.094087636870233513e-02,-7.863893350626818823e-02,-5.431781321024301001e-02,-2.686942239955788375e-02,1.110580424081184930e-01,-1.252389409368852569e-01,-5.410041428734944924e-02,-4.051859598931455836e-02,-2.547123325947757162e-03,-1.129304591188661916e-01,-5.983445765737312530e-03,-8.512105511674989550e-03,-8.480902965718606357e-02,-6.767326120176607451e-02,-1.140373900529152579e-01,-1.140132907831526432e-01,5.098495914346463931e-02,-1.212344314375110588e-01,-1.959457709470074221e-02,2.286924471063743469e-02,2.704730921478271655e-01,1.130123796396175634e-01,8.471020331074591292e-02,1.042192619326639952e-01,6.137604753125885937e-02,1.037816574878214493e-01,1.514306954907789771e-01,7.884493756084977323e-02,1.422592549722093147e-01,1.163816876595932387e-01,-2.875636203683848424e-02,1.071539146144807192e-01,-5.962953722703932813e-02,5.655609453878363696e-02,-7.959350420540992066e-02,-1.326006146077263366e-02,-1.542300464934096005e-01,-2.172992231728070045e-01,-1.748130341363476337e-01,-5.081648408819717383e-02,-2.630621049624446428e-01,-7.294521195018269233e-02,-2.957979933761396563e-01,-1.133071398711654049e-01,-2.980259713782295039e-01,1.063122615809759287e-02,1.138337860441168553e-01,-1.996295838899969644e-01,-1.858928741549503993e-01,-1.121916443637106936e-01,-1.130771567569199831e-01,-1.119936886622574373e-01,-1.085344831521994485e-01,-7.521180429522837663e-02,-7.073739767052161787e-02
2.158048933688342108e-01,1.163992188608111156e-01,3.690197217068387769e-01,-3.634098557629071857e-01,3.671409363313798968e-01,-3.636255319523278295e-01,1.312292983986696748e-01,7.638366800947363200e-02,9.269804353654978457e-02,1.222602957124975659e-01,-1.504543216900481283e-02,1.722523961275864712e-01,-1.397108371244328712e-02,5.451869595697970798e-03,1.702573721756547309e-01,1.801084598225681510e-01,3.065088429997343544e-01,3.723904629442043035e-01,-3.556938160570256025e-01,5.902965814124429000e-01,4.149431099021604896e-01,1.000000000000000000e+00,5.224078567125958195e-01,5.851423401330980711e-01,4.221769629911704680e-01,2.395438940261980509e-01,2.307930581023816818e-01,3.073773072476499446e-01,1.804181736101070632e-01,1.144614653254084763e-01,4.577812356274205130e-02,2.036454340635293070e-01,-1.080317776285348724e-01,8.564242857479925641e-02,2.900391003239449206e-01,1.469989081267205899e-01,1.724367724728295415e-01,1.817508766424958677e-01,1.418971249870871754e-01,1.548649968590644355e-01,3.392893604543212923e-03,-9.746577899127077671e-03,-4.716183847948274971e-02,-1.183203594245632456e-01,-7.622103854635696452e-02,-4.887318936732452934e-02,-6.729763205053709840e-02,-6.254123073232380203e-02,-6.792149958162742307e-02,-5.319309886789669317e-02,-1.339722139532749934e-01,-4.869619900842401920e-03,-3.337861865939616146e-02,7.041814566236563599e-02,-1.027336740949667260e-01,8.219213233540949293e-02,7.769811683059102414e-02,-2.276426224004687165e-02,-2.659691367336938089e-02,8.279797667569264996e-02,-7.307884506609214903e-02,-1.912735438630653456e-02,-5.470630308740861286e-02,-4.183384806555086322e-02,-7.201356120961242835e-02,2.992734306117464035e-02,3.011713738999889922e-01,2.064366143982716562e-01,1.994535012614180869e-01,1.681731714913947962e-01,2.503448762898095592e-01,2.982861959855118705e-01,4.978310939331659357e-02,1.609614034087931689e-01,2.382870246559691818e-01,9.375942682431011310e-02,2.715119473809434747e-01,-1.168714816775175656e-02,6.501171918099619973e-02,-1.579378143487487340e-01,-1.532021121034418502e-02,3.746288749999010514e-02,1.590989351646251160e-01,-2.126519304726874060e-01,-2.273123525589384741e-01,-2.657737278043931783e-01,-2.290046274812645444e-01,-6.219189732939892773e-02,-1.391975293676613323e-01,-1.086865704106158154e-02,-1.538288185842450195e-01,1.900760588731958620e-02,-1.587947447191287095e-02,9.442017057538915070e-02,1.542247782992677008e-01,2.713715068965208976e-01,1.874496001190866790e-01,1.067210965108026793e-01,1.429023029817601542e-01,-3.282652988965514135e-02,1.706361103322282316e-02,-4.409509043312141718e-02,-1.548040670284826226e-01,-2.610279397514586042e-01,-1.069043161945221060e-01,6.172629177774669601e-02,-1.025533280021845711e-01,1.597890969286288321e-01,8.592387437100158093e-03,1.278787146069886582e-01,3.831037383959222387e-02,-2.774158345768774903e-02,6.911387786416543777e-02,-4.795129987779040565e-02,6.304443181745228442e-02,-2.004434087422734267e-01,5.091096389706464831e-03,-1.117903769012962706e-01,2.973735002200066924e-01,1.791887990343293477e-02,2.022381730124415966e-01,1.091252193478747662e-01,2.124147356100393967e-04,2.147239278446036181e-01,1.826169719732405050e-01,1.620336969078383649e-01,1.015141068783141504e-01,-1.582606816208819711e-01,6.531318222063749179e-02,4.460768592113865255e-02,-3.308501276140857726e-03,2.019515291713609717e-02,-6.070236207934702477e-02,-3.076221498059242623e-02,-1.998224706890481539e-01,-2.168497041011530901e-01,-2.008483530672220407e-01,-9.153416375973370822e-02,-1.689314730348566995e-01,-1.493504646121826263e-01,-7.995462429857942699e-02,1.358052038001993089e-01,-1.572614954043967672e-01,-1.074326568288737488e-01,2.001701304430180683e-01,6.807554542817782772e-02,-9.648485489028015005e-02,2.202486913761607726e-02,7.453114862146273910e-03,-5.572461876324880797e-02,-2.375314408974624897e-03,-2.370323292226415510e-02,-5.638141518994428669e-02
5.321720247552424315e-02,-8.649851447017690292e-03,2.873815910054290934e-01,-2.895318593574949806e-01,2.892335177456634154e-01,-2.884238252461968077e-01,5.891570031147411873e-02,3.493232006486662877e-02,9.794826080215320030e-03,7.536336486480131602e-02,-6.474464032490986898e-02,8.588675652773183899e-02,-1.788575175802476890e-04,8.469733614606589356e-02,1.211507595557595046e-01,4.364639354176321623e-02,1.281909137978932967e-01,2.921185039164840846e-01,-2.848246998084437154e-01,4.847396255051959479e-01,3.539146507018774979e-01,5.224078567125958195e-01,1.000000000000000000e+00,4.847455809532728033e-01,3.208203406539036351e-01,1.287461293976101540e-01,1.023181529213085250e-01,1.774656368827847996e-01,8.759012201224875352e-03,-8.308359676206117372e-02,-5.750435189067301667e-02,1.650534907347910030e-02,-1.659533019646401431e-01,3.686829129418557616e-02,2.322859383348762075e-01,1.189455886043365301e-01,1.566570999904313699e-01,1.107039868769600366e-01,1.180623714189583395e-01,1.305797823615085507e-01,-2.003068628076118667e-03,9.818236161244503490e-02,-8.886781569199281305e-03,-2.524511588448884528e-02,-8.537043500233088000e-02,3.948087547711977979e-02,1.303339921073692507e-03,-2.582216127225156477e-02,2.619128644929090421e-02,2.081540690121426798e-02,4.552946703807290996e-02,-2.239082755362026278e-03,3.288789751388589144e-02,8.516922029885247436e-02,-1.149132583493548201e-02,8.786345523551106207e-02,6.209494554441734315e-02,5.275390336322535734e-02,-4.008483939917903416e-02,1.024247914138089327e-01,2.558366017098593140e-02,-3.030035161343258912e-02,2.553992220190072146e-02,5.710446851454972772e-02,6.691435945798766827e-02,-3.082991467032859811e-02,1.980210502817248142e-01,8.880396960451550359e-02,8.957614305857077019e-02,8.695412319317414110e-03,2.305065234518568207e-01,2.176026155241511661e-01,-1.162144073045316001e-02,1.293045743831364447e-01,1.566071149371660032e-01,3.908204004537322446e-02,2.012133133285592401e-01,-6.901119313585511728e-02,-3.569884305193128660e-02,-9.654556436353334270e-02,9.748986249343160118e-03,1.864956961651247427e-02,9.248553709357969221e-02,-6.881130423469347668e-02,-7.951649675237756898e-02,-5.153358556542098762e-02,-4.883357204076459873e-02,1.586099605529576462e-01,2.855137716382179485e-03,1.405944740872362986e-01,-1.003163755402696790e-02,4.019381870063479245e-02,-2.586553159969216809e-02,8.603746090752047160e-02,1.046828630829483159e-01,2.163455371351835632e-01,1.849073220196146283e-01,-1.504229402921673266e-02,1.685859142834556235e-01,-3.944690156950352022e-02,-3.091421935281398262e-02,-1.272567712527122030e-01,-9.697417123199983391e-02,-2.565529280344095997e-01,-1.398233095384263380e-01,-1.276346861572479618e-01,-2.137376620452268172e-01,9.240226754148404831e-02,-8.780778507784077480e-02,1.933016370493181035e-01,-1.568810963343092446e-02,-2.185672832287622880e-01,-1.868574799338657000e-02,-1.927040812667844827e-01,4.407958046052325857e-02,-1.339657403204286001e-01,-3.425940603070440349e-02,8.602234728674705566e-02,3.938050932728892617e-01,1.843944594225413180e-01,2.226638395391484504e-01,2.562003464098523975e-01,1.822467012309550161e-01,2.207253431376990094e-01,2.589535055610370784e-01,1.818867241461224749e-01,2.352861822007360770e-01,-9.035183820585709902e-02,8.986504867231637217e-02,5.090279930431831218e-02,4.314422228336687454e-02,3.128760234440021437e-02,-1.119666982816822087e-01,-3.911329322850861886e-04,-7.930953912947995288e-02,-1.150990205316446691e-01,-8.481761624635174301e-02,-5.913073044013523322e-02,-1.692468902259732511e-01,-1.085969717618370384e-01,-1.255751101308982542e-01,3.621089418058268811e-02,-1.369458223056367052e-01,2.025889938685615510e-02,1.448577082341039601e-01,-5.583290637272881468e-02,-1.089138969368439874e-01,-7.358079136266862386e-02,-2.125143357993880891e-02,-8.003750250136440481e-02,-7.517335023738630495e-02,-3.654277895115072561e-02,-3.420875054244523761e-02
1.554530495766273390e-01,1.429242860231966505e-01,3.554346495349039459e-01,-3.481976262733955108e-01,3.533265215898551692e-01,-3.486119228755819033e-01,1.193694965518327378e-01,8.870193030775842813e-02,7.277047227214344938e-02,1.198481836043816112e-01,-1.275297954587007072e-02,1.375387876533589737e-01,2.597171095217243666e-02,2.498569679880972838e-02,1.326063867249420436e-01,1.467906576329218171e-01,1.840610471022197103e-01,3.532545101346928340e-01,-3.449103847039555193e-01,4.019628548506274379e-01,4.042559756994892894e-01,5.851423401330980711e-01,4.847455809532728033e-01,1.000000000000000000e+00,3.611047558161512017e-01,3.285219220844401433e-01,3.304559566920047819e-01,2.338949275880324585e-01,6.018990874940210317e-02,-9.330293218868105851e-03,4.664213931129797958e-02,4.162698997555734637e-02,-8.349865174338459706e-02,1.320181731802474723e-01,2.260603535104407091e-01,1.709099874102027461e-01,1.445710669577280338e-01,1.354133048545810847e-01,1.189934517136863323e-01,1.150179379999169971e-01,1.331360128804653757e-02,1.721524083971742725e-02,-8.349570397154851276e-03,-1.538931812462000503e-01,-8.156051550423125407e-02,-3.229050419370862318e-02,-8.694700033381738691e-02,-5.133931733476446158e-02,-2.495727323201678977e-02,-5.447069977282914532e-02,-4.570994396191627174e-02,5.369001909690346991e-02,2.766907977108751943e-02,1.653892606935094545e-01,-1.989221648702330369e-01,-2.481130513572643581e-02,1.038972426603550075e-01,1.245324301605906653e-02,5.880205984532044933e-02,7.852133781875134111e-02,1.575539795946758609e-02,7.233915985321411057e-02,-1.550006382205965615e-02,1.404525204644235803e-02,-1.515580669856585357e-02,-1.039650359333761827e-02,2.717942249171929059e-01,1.801898875895751317e-01,1.598512745471421803e-01,9.843565579847150804e-02,2.404047005485968613e-01,2.002957466209144000e-01,4.233584325601544296e-03,1.602247961838092483e-01,1.247396037374041977e-01,9.253113934789443384e-02,1.582741235566721971e-01,-2.974307304775079819e-02,1.896287129862944329e-02,-7.259468903553810415e-02,1.106627291269232094e-01,5.010563917803437239e-02,7.473201254486093459e-02,-7.105733756198688578e-02,-1.232321236335874176e-01,-1.863167415666916182e-01,-1.410988298121353401e-01,7.908247816186797161e-03,-6.665659646347586731e-02,5.346001868637337284e-02,-1.607057426386557242e-01,5.254422968896600883e-03,-7.169795713779697488e-02,7.000674464836399713e-02,9.072500143828866881e-02,2.053842614861071114e-01,1.410765013189833883e-01,-1.836350661491312902e-02,8.593862752567088537e-02,-8.647505106156060106e-02,-6.956364906228612588e-02,-1.405106687219527528e-01,-7.529501755771168814e-02,-2.834511279313962073e-01,-5.634977101519148684e-02,3.974497255189813477e-02,-7.472424899605947801e-02,7.238157929678694369e-02,3.205857667353149282e-02,1.293493630927923799e-01,-4.912909112244449872e-02,-8.995602625961766907e-02,-1.426744517333701620e-04,-1.333880144982210400e-02,1.199009545324429687e-01,-5.764032208342168700e-02,1.009544447861898397e-01,1.804415445815816046e-02,3.207926063305443498e-01,1.271405496586986983e-01,2.193340162997994280e-01,1.529374798960223547e-01,7.564935651805566874e-02,1.928219161524939718e-01,1.970844448536819560e-01,1.121379585610837587e-01,1.208880313144269636e-01,-7.209157424463440156e-02,4.722688366000740018e-02,9.088414281445611476e-02,3.230849019957190288e-02,1.725238168224480645e-02,-3.446722307776545896e-02,-3.287029054976488979e-02,-1.815598894158676757e-01,-1.861230998099325518e-01,-1.498408694497720406e-01,-8.927878766975877456e-02,-1.671484529187103052e-01,-9.330343727568386758e-02,-1.357546240705255480e-01,3.527512989884719775e-03,-1.380927845974248835e-01,-1.553887699338937561e-03,1.211014587275860699e-01,-6.426557279091012209e-02,-8.886921250667513539e-02,-6.201500114566486921e-02,-8.570000537356860237e-02,-1.041545555109117949e-01,-6.602388685498740417e-02,-8.416904349075146619e-02,-7.156709417289976172e-02
8.039173058130580363e-02,2.047962319757375485e-02,2.135092031081663733e-01,-2.121714139596196924e-01,2.142479285165339031e-01,-2.109889325771653057e-01,2.642092722888093187e-02,2.677183505924853393e-02,2.513411422285007427e-02,1.939007041621431879e-02,-5.874693198984464598e-02,3.142264025888071022e-02,-4.773455844244255120e-02,5.683502460079756236e-02,9.869718263806828706e-02,2.350745329482885337e-02,1.470735010138496945e-01,2.150678010389305284e-01,-2.105897381421254211e-01,2.974491304024704519e-01,1.450937095575771940e-01,4.221769629911704680e-01,3.208203406539036351e-01,3.611047558161512017e-01,1.000000000000000000e+00,3.014904750464467154e-01,7.964549038276144688e-02,2.849708556702191253e-01,2.111307618454456303e-01,5.545407477072447633e-02,1.263561861813184209e-02,2.062892446806359747e-01,-7.176734324468553305e-02,4.863882365098902427e-03,1.754216208884969430e-01,2.597439258552205685e-02,1.226011104049314591e-02,7.818315951874940661e-02,1.131686659949109608e-01,9.190874758371471442e-02,-3.918341128067823198e-02,-2.974377675036561641e-03,-3.629421885366048567e-02,-5.859908864466708417e-02,-9.796534762895413306e-02,-1.573638148963375782e-02,-7.706955929729772392e-02,-1.000097601175362338e-01,-5.240698670607991938e-02,-3.899196043127124006e-02,-8.474504210245929758e-02,-6.709068808204704873e-03,2.490468794348232179e-02,5.266925179987864969e-02,-9.707166299121922082e-02,5.743481619063170451e-02,4.732205420183288602e-02,-3.661644016400844581e-02,-6.032253393346512921e-03,5.910282403977303728e-02,-4.327779002727230595e-02,-4.789409756934263906e-02,-1.427072858751829779e-02,4.017391018743831504e-02,5.174773134091495419e-02,6.907810886705385844e-02,1.665556732330988332e-01,9.472724896776965609e-02,9.113165333543037094e-02,4.151557476725063062e-02,1.999886152436980702e-01,1.724989343054032231e-01,-1.519579389472467019e-02,7.999644524553622960e-02,1.717165047683179846e-01,2.413512060691298464e-02,1.672260117230138510e-01,2.665371320566408200e-02,4.486191264394280565e-02,-1.863993656622741635e-01,-1.950878865921850877e-02,6.616962324017369723e-02,1.861327658250044870e-01,-6.712663208879861287e-02,-5.091665874174804846e-02,-9.408268238816897000e-02,-8.557335745157650109e-02,3.546387647346064143e-03,-1.407365324436785428e-02,1.600606413009091414e-02,-8.278881930873469019e-02,5.278175680132373565e-02,-1.421843457837674608e-02,3.646764416106382939e-02,1.481162679139896299e-01,1.772759463469290864e-01,7.112890844924264766e-02,3.339954449735401537e-02,6.800875075532003544e-02,-4.551211204619422246e-02,-1.092538254456622976e-02,-6.131343632614179306e-02,-1.846405615609289508e-01,-2.375490853103495170e-01,-1.675553182591451307e-01,-2.031879384945741926e-02,-1.530275049947375787e-01,1.843767826689636791e-01,-4.297555689516364963e-02,1.376519570110983914e-01,4.612313845527926150e-03,-1.059656107057985741e-01,3.622604844284657566e-02,-1.207120256745550374e-01,5.988923564484876366e-02,-1.527565317651026489e-01,-3.521193220969597373e-03,3.268800082082697935e-03,2.721852468471339659e-01,1.047249437144196910e-01,1.507884759202495206e-01,1.621702489160709859e-01,8.362799478820955035e-02,1.184921022120464240e-01,2.315122089794345306e-01,1.961367630188296796e-01,1.613438397119758838e-01,-1.834955302084172735e-01,6.494108002183579531e-02,5.669073812330267109e-02,7.658465289892579797e-02,3.024648498688869633e-02,-2.267526318459368168e-02,2.443894843952558460e-02,-4.399017023210708560e-02,-5.040546296690055772e-02,-6.015763294223266944e-02,2.502072213502055942e-02,-8.098134911004564729e-02,-2.079630699303867611e-02,-7.098982391296877748e-02,3.258320654036740011e-02,-7.922571771743891489e-02,-2.238689441712402722e-02,8.970252888395408020e-02,4.149994013072778702e-03,-5.518342146938334802e-02,3.938608970358274328e-03,2.226174152535718986e-02,-2.592949133569819042e-02,-3.617325204990286258e-02,1.649859366726655688e-02,-3.732114447803991375e-02
7.301035506929490215e-02,3.842225006319422570e-02,3.362012730989514253e-01,-3.305003775389481202e-01,3.344647869587167310e-01,-3.303085852621139851e-01,5.362143748218017869e-02,8.537739107010254569e-02,4.596998621528008977e-02,-1.279499315315113170e-02,6.488550596761590017e-02,2.351499580803924350e-02,1.341664147530369500e-01,-2.167769710210899411e-02,-1.869908425746320477e-02,6.713791478922982725e-02,3.130059623155143772e-02,3.309323889172944289e-01,-3.326826723834239163e-01,2.174555545455142402e-01,2.525990217916950775e-01,2.395438940261980509e-01,1.287461293976101540e-01,3.285219220844401433e-01,3.014904750464467154e-01,1.000000000000000000e+00,3.952688107738943080e-01,8.813877033687228524e-02,3.044901100028800656e-01,1.663845694371077488e-01,8.928991441283369579e-02,2.673770568919356383e-01,1.678401459143769037e-02,1.758466508124638741e-02,1.423699525302037638e-01,-1.271922874011546627e-02,1.766574476452375739e-02,1.090134584168850895e-01,9.150836615613133773e-02,6.082172070596125052e-02,9.920223674352546261e-02,5.134939084501529555e-02,-7.157602558850245655e-02,-6.933122158006450875e-02,-8.351221331110975088e-02,-4.312409347831725609e-02,1.010697042426775272e-02,-8.960685167427726028e-02,-3.967874639088557476e-02,-8.639240257519519017e-03,5.388213443579915191e-03,1.888041976137708189e-02,3.856960763751945964e-02,1.339300069748858846e-01,-9.128483087569562449e-02,-6.754844657389874607e-02,3.286883426578871698e-02,2.435790249888686657e-02,9.889467947856078744e-02,6.713791614433214927e-02,6.590994944299159676e-04,1.336272217820772268e-01,-1.997105113831387432e-02,5.488523981441924965e-02,5.283374189505168211e-02,-3.902065228141760739e-02,8.748647089043246061e-02,1.133903272463032408e-01,1.246796975434534549e-01,3.388210733201188485e-02,2.245237783162312151e-01,1.722906307248518454e-01,-6.629322849807414708e-02,9.478605861813975408e-02,9.276651273008763854e-02,-3.952842466377212705e-02,7.478511160582820838e-02,-4.355596823995213501e-02,-5.831506084699424747e-03,-2.134616744954838385e-02,3.867918770552929153e-02,1.195409267359989203e-01,2.634977845871097277e-02,-2.330499182124530499e-03,6.720604708432816043e-02,-5.679629872165956050e-02,-3.236859081302112529e-02,-5.075122541201586984e-02,1.225396915373471070e-02,-1.811628426226135485e-02,-1.036489545008659890e-01,-5.012065480921963634e-02,4.584555716999681729e-02,-5.361077860027219089e-02,6.223621672501240820e-02,1.403174853612996209e-01,-8.158545454122268989e-03,6.825191221553041088e-02,-1.344217190884140593e-02,-3.456579601501844762e-02,-5.541172618033431835e-02,-2.759919403912174801e-02,-2.331133426058010216e-02,-1.826889197027991851e-01,-9.206027092979779392e-02,4.487623845677110590e-02,1.819241934826239249e-02,2.445964844860884502e-02,3.814097835707629114e-02,-7.361832054775332285e-03,-3.802490276126553603e-02,1.202257626368665247e-02,-2.757231328729060557e-02,-4.964313743301008997e-02,7.616038149439488016e-03,-9.846798161494892121e-02,7.863911099298688534e-03,-6.596288621396859120e-02,1.644639600571330684e-01,4.411601445931082749e-02,1.053200857942444973e-01,6.092783000898188694e-02,5.037310859570474225e-02,7.769152757942027199e-02,1.835287148717026084e-01,9.249050147524529031e-02,7.177950164175696257e-02,-2.101679499753107347e-02,-2.163336516504451093e-02,5.863190850687780703e-02,1.449776344028379932e-02,2.190765797395452519e-02,-8.158217502659759202e-02,5.962380284047155699e-02,-2.530011547177226858e-02,-1.391321400813373688e-01,-6.082830298845983558e-02,-1.806720684307004231e-03,-1.035026888746725798e-01,1.834900885916570037e-02,-1.354652023482148526e-01,-1.446715997958260003e-01,-8.223770493655677138e-02,7.042469468691810175e-02,-2.901106143622031106e-02,-1.310741037877678761e-01,-3.424032368711081575e-02,-7.615312813128990999e-02,-1.411796133228702260e-02,-6.866188441226007966e-02,-1.043431839585022419e-01,-7.891623298949945048e-03,-5.702606990087846078e-02
8.542904664016537364e-02,8.471620128932351446e-02,2.013059756993471894e-01,-1.927415284195056477e-01,1.968975876759652410e-01,-1.946009447795598868e-01,4.055770328026346572e-02,4.707566360174125081e-02,1.065240777419877022e-02,4.863992284668570282e-02,-1.317600817711060690e-03,4.080241311567545798e-02,3.399417292090894244e-02,4.134858672896679285e-03,4.146873868478442166e-02,9.852087249613381004e-02,8.098512242027659791e-02,1.972315080322753211e-01,-1.934640132151441150e-01,1.946977840710497343e-01,1.688651191159623033e-01,2.307930581023816818e-01,1.023181529213085250e-01,3.304559566920047819e-01,7.964549038276144688e-02,3.952688107738943080e-01,1.000000000000000000e+00,3.375269676787537865e-01,1.747455263855424434e-01,1.389141320195179385e-01,7.138898252067603367e-02,1.386811741111400875e-01,4.889394019131944324e-03,5.883233122902085943e-02,6.296308298273345372e-02,9.174123614236412774e-03,3.416434552928652307e-02,5.997145133858138022e-02,7.145393246571905832e-02,4.435585030284149022e-02,5.145340820560398432e-02,2.849005970593762593e-02,-1.004301107142912264e-01,-1.478528884236845475e-01,-1.287204200552062860e-01,-8.983087228688373116e-02,-1.168525675952219178e-01,-7.083071032524125565e-02,-1.156299918892087358e-01,-5.696081751646641517e-02,-4.645969999886030016e-02,5.513741277210800623e-02,5.290361227199159161e-02,9.338286896342533339e-02,-1.996271272692514143e-01,-5.960886108195533745e-02,9.129034375005475044e-02,6.600489187927957579e-02,7.125740138285426017e-02,6.950938374563760125e-02,4.022601765534962459e-02,9.167728494186204447e-02,-5.065811504772909160e-03,9.859770679672708038e-02,1.647896947487162075e-02,5.385359538808924540e-02,1.783500884549630017e-01,1.786472071807783113e-01,1.179151466643575397e-01,1.467948974631999581e-01,2.011654757864498044e-01,1.584800054214438314e-01,3.097448058122182282e-02,2.009986950973701447e-01,1.117738403890905924e-01,9.536695912728508639e-02,1.580817687124682624e-01,6.736975696169476835e-02,9.644979731980415916e-02,-7.556331176800450133e-02,1.082162405432889052e-01,-4.385073470767474751e-02,8.360800497736367576e-02,-5.772782701380162196e-02,-9.160571822425341015e-02,-1.651985545046517623e-01,-1.366059157795754542e-01,-1.141202663256675465e-01,-7.639924601181970198e-02,-6.689558336337796118e-02,-1.461987581215237753e-01,-2.516779761039004276e-02,-4.267089099524421641e-02,1.127747791882910064e-02,3.175817194250315362e-02,8.986299395378338772e-02,7.960611786667186329e-02,9.137943373828488758e-02,-8.129575280202903627e-04,-1.529554521754321050e-01,-1.273733199012768713e-01,-2.263300127928224992e-02,-8.097204526383638967e-02,-1.461540224797863718e-01,9.020533661558889117e-04,1.212318607249359692e-01,-2.160721535714969343e-03,8.088386791574490864e-02,9.545132510467413400e-02,7.556411791653094845e-02,-4.660620829821335298e-02,9.402996723404818957e-03,4.930243906674110915e-02,4.622317085156787964e-02,1.146326651868547486e-01,-8.092654541191419970e-02,1.215219423120348641e-01,-1.333530375397444512e-01,1.703508649966153643e-01,4.138565367868079353e-02,1.820957067586238265e-01,7.980903773676313595e-02,5.128335520482855264e-02,1.994768448091581436e-01,1.624929705346427888e-01,1.459061898417951253e-01,8.957369254571152795e-02,-7.918381538083259230e-02,4.344927884639368521e-02,1.073483779733218901e-01,9.397408075363745950e-02,6.499075673258541963e-02,3.595025877010887133e-02,6.253039374638549863e-02,-5.089308954395822121e-02,-9.514445911125586630e-02,-4.623405692484485602e-02,1.961790789826695081e-03,-2.654080385185556001e-02,7.478221669107188233e-03,-2.829364147966148546e-02,-7.130806160492635104e-02,-1.712295778522602077e-02,-5.799261875311209798e-03,-4.239367811630231908e-02,-6.262887446158636739e-02,-4.287022526649975768e-02,-1.449751169260130035e-01,-1.113316368983962024e-01,-1.267140673858679345e-01,-1.280987420503820196e-01,-1.265616391085918335e-01,-1.012651319636356101e-01
1.079232653992649171e-01,3.805405693545435564e-02,1.716981835103076615e-01,-1.717962130275953736e-01,1.680219587700882145e-01,-1.721686414633414042e-01,1.576507837150102620e-02,-4.731690894289466986e-02,-2.123204858569193929e-02,1.160142222828749667e-02,-7.509211259969469920e-02,-5.332405033736184116e-03,-5.820835466267020725e-02,5.124579746139913683e-02,6.967343958189482767e-02,3.220581488597967779e-02,1.334769608174074251e-01,1.747286142108950280e-01,-1.658477813063935769e-01,2.472101812176323854e-01,1.410317388307213426e-01,3.073773072476499446e-01,1.774656368827847996e-01,2.338949275880324585e-01,2.849708556702191253e-01,8.813877033687228524e-02,3.375269676787537865e-01,1.000000000000000000e+00,3.385965680101592490e-01,1.828902629995096119e-01,1.738658095400790471e-01,3.073818463438291460e-01,3.504923248087041948e-02,1.038751982004409019e-01,1.246177018097541500e-01,-7.727704193679169227e-03,6.603023757052141340e-02,1.281463728535527091e-01,8.711475428723498837e-02,1.101853316871006377e-01,4.836204763181394667e-02,2.523064403316390564e-02,-1.515044119669815281e-01,-3.121569601345939790e-02,-1.035123085982239677e-01,-1.155355413911586943e-01,-5.036404711942210621e-02,-5.930844559929433074e-02,-7.255945727332219208e-02,5.811886592942874796e-02,-9.063141332072811862e-02,6.785868464479190287e-02,-8.027320248829168670e-02,-2.911446135061771315e-02,-8.383848297816470785e-02,2.980695407186312665e-03,-1.497908555294376852e-02,1.265832916206944062e-02,-4.615439398459757203e-02,-4.293999302855022043e-03,6.661327446070959232e-05,-1.863715335985697760e-02,-4.549753525454446577e-03,-8.333006941617891739e-03,2.220162896887926951e-02,6.346373334289083512e-02,1.494017859246451752e-01,2.097122922451436500e-01,1.403498180447263211e-01,1.638935771139207465e-01,2.757456041065342589e-01,2.908300530327679323e-01,1.325814847192693102e-01,2.445641265158901567e-01,3.688664232261985032e-01,2.227471973730661137e-01,3.935825778759269866e-01,2.086156161676760989e-01,2.401308024000556596e-01,-2.514119439308845072e-01,1.214376533160654680e-04,1.418350610883366107e-02,2.584233689219069818e-01,-1.189493631778471283e-01,-3.025262910250626769e-01,-2.523006209818728363e-01,-2.805023919693105938e-01,-2.201012686660158979e-01,-2.232000841726457796e-01,-1.501195969032622091e-01,-2.099462268489431238e-01,-1.163938817133637754e-01,-1.465535148652190867e-01,-3.077560952538913042e-02,8.641325110452595382e-02,1.815785585464534113e-01,1.717187280016951589e-01,1.068458507027576360e-01,1.703106537964521050e-01,-2.132527846631322721e-02,8.836676401224341504e-02,2.518457346999589466e-02,-2.517698287356684994e-01,-1.776387975315998902e-01,-6.410552173724980152e-02,1.130980275383731831e-01,-1.393589581690607426e-01,2.610808165480887899e-01,-1.193225476159115103e-02,1.591945609443577159e-01,1.460204682931255105e-01,3.901690009744859799e-02,2.068121429267742728e-01,-9.043272839216492942e-03,7.464964690033633332e-02,-2.553807889217201144e-01,1.459102155251369194e-02,-2.448393734988789094e-01,2.189228746143403737e-01,-6.203779814575577367e-02,2.076074731040649102e-01,9.371404872052062351e-02,-3.293156279114561186e-02,2.057792355463149703e-01,1.617283662251395582e-01,1.658970610346841290e-01,1.047685796936968228e-01,-2.551579049072952854e-01,5.709862396113610239e-02,2.040228949244577913e-02,9.234482685493242138e-02,1.122607351312304843e-03,-2.891633675982953431e-03,-5.531560317852713543e-02,-1.146023675193573871e-01,-5.374590281129276725e-02,-1.103127195178437853e-01,-3.868986114960222544e-02,-1.037237795193455686e-01,-4.885165910514035342e-02,-9.954725468627727281e-02,3.859674251418371976e-02,-1.781442911951411356e-01,-1.414171147360074599e-01,1.097151354199657619e-01,1.266840140487668180e-02,-1.340432812317374212e-01,-3.436974529257199457e-02,-4.471353089511105605e-02,-3.740439657681191021e-02,-2.894525501520127039e-02,-6.360757277682292654e-02,-4.617834290384228296e-02
7.769012867480734608e-02,1.232972943283271519e-02,1.847271232727012713e-01,-1.789842088123290154e-01,1.846444160330316109e-01,-1.779175442218067782e-01,1.314344993064387457e-01,1.581454921032034999e-01,1.625884167881553044e-01,6.555628031875308792e-02,7.311966922164875315e-02,2.185015397929405967e-02,4.064134351359893933e-03,-5.750558739790932739e-02,5.955359596636449621e-02,9.656994600356455863e-03,8.821754799145931081e-02,1.842948454964477845e-01,-1.820306475801883039e-01,9.837915372392964930e-02,5.480470417880325268e-02,1.804181736101070632e-01,8.759012201224875352e-03,6.018990874940210317e-02,2.111307618454456303e-01,3.044901100028800656e-01,1.747455263855424434e-01,3.385965680101592490e-01,1.000000000000000000e+00,2.330946118154011149e-01,4.474462776750252890e-03,3.118694982798005944e-01,-3.976497594155682658e-02,-6.871663097339195114e-02,9.673581975022192692e-02,-9.821957046559592897e-02,7.724059319363195397e-02,1.028676297021590275e-01,8.183941909183212182e-02,8.039214147510498343e-02,5.906636150654857170e-02,-1.417551989253164509e-02,-1.137994235212892863e-01,-3.836718054677722145e-02,-5.033433842625978372e-02,-6.185942193298620689e-02,-1.931641979447462285e-02,-6.209774751630150330e-02,-1.140333977994093806e-01,6.372562884613319767e-02,-1.475349089143790093e-01,6.086809991880235554e-02,-3.508213058896580278e-02,-4.897387067983106218e-02,-4.432937435249201773e-03,5.960564950614758578e-02,-3.944771009808264312e-02,-2.345311411601981311e-01,-8.455629843629386411e-02,-1.084445235505835520e-01,-2.481204179411879707e-01,-2.918371839732899695e-02,-2.146435343917823257e-01,-1.346745825147340758e-01,-8.067423593138235705e-02,5.346594166380173180e-02,6.721005287872745815e-02,1.775083195832949379e-01,1.420843334622460818e-01,1.222905331970249032e-01,1.459252730529206898e-01,2.377631498298965196e-01,-5.144002625172502258e-03,6.266405451453939401e-02,2.160493784521712313e-01,1.418600852627356114e-02,1.745146508552827547e-01,3.145431243027885237e-02,-3.260100790404325127e-02,-1.106883174834951723e-02,-1.412133084198033128e-01,4.167653078429219005e-02,1.670713614903339764e-02,-1.816044655701932672e-02,-1.047444321133504802e-01,-1.315951802601076359e-01,-3.573958488784826325e-03,-5.657910323858101470e-02,4.022908846717544729e-02,1.052884343158020253e-03,4.493469858198211216e-03,-3.854531201410301561e-02,6.161835034717104420e-02,-1.126234999288917155e-01,4.571931567854361188e-03,9.172126725317229778e-02,3.707430349565470074e-02,1.384567130450638506e-01,5.845398534544881536e-02,1.662091278051925844e-02,7.121801551156765886e-02,1.104337288898930569e-01,-9.494728901875176125e-03,-1.093681086007213532e-01,-1.251744719286591867e-01,1.869145219572552336e-02,7.343221017299415626e-04,1.801728055519142419e-02,8.663453790272583263e-03,-3.323245428264557516e-02,1.068137384635399652e-02,7.052976702984807555e-02,-1.675333815456540518e-02,-6.210220231104292277e-02,-8.989537951031914553e-02,-2.030957782930196409e-01,-6.480785545732019315e-02,-1.348643827399357009e-01,1.108914116980850295e-01,-6.081807975927455701e-02,-3.201561899747770723e-02,-1.264684291674561013e-02,-8.727433204256734856e-02,-2.351749232740603726e-02,1.150439748622981567e-01,1.024252954191152698e-01,3.012114673044067811e-02,-1.416574535365285221e-02,-3.504894279897463605e-02,-7.774035886587879474e-02,-9.058464629733570250e-02,-5.296301363661520822e-02,-1.129138185670921085e-01,-5.892751713424396708e-03,2.971531550448240286e-03,-1.639702113861209454e-01,-5.947990717103469188e-02,-1.023188935519736137e-01,-9.619349268908736206e-02,-9.394305590663089289e-02,-7.305983805269868070e-02,-7.056065066802949537e-02,-4.912012449345911497e-02,7.014171371860875026e-02,1.233104370551364737e-02,-4.989346033729357560e-02,-3.944280640129039714e-03,-6.479355541233225435e-02,6.134570757613715120e-02,-3.619944352011107702e-02,-5.194407595625810670e-02,1.508240692080697540e-02,-6.039213658821633579e-02
6.203123756885046275e-02,1.408103299658449992e-01,7.949849375852384437e-02,-7.340964112321257673e-02,7.880529242427937453e-02,-7.583151580742837627e-02,4.968688128814349042e-02,2.257863356092817617e-02,-1.957313070123012366e-02,-2.801465649269747546e-02,-2.244178312814116075e-02,-1.130489899026250813e-02,6.594380738168219291e-02,5.360678967729696348e-02,-3.341180572663170374e-03,5.441044819821824752e-02,-2.906106160404772765e-02,7.417301642559476216e-02,-7.780728783896649625e-02,6.898518399113603983e-02,-5.322143729807018997e-02,1.144614653254084763e-01,-8.308359676206117372e-02,-9.330293218868105851e-03,5.545407477072447633e-02,1.663845694371077488e-01,1.389141320195179385e-01,1.828902629995096119e-01,2.330946118154011149e-01,1.000000000000000000e+00,3.633402283997427262e-01,4.458372905546048037e-01,2.085147179414857666e-01,1.374054446907522209e-01,2.040174388457308835e-02,2.201573467343182627e-02,1.954385201235308081e-02,1.114190685246119333e-01,1.525490243458147432e-01,-2.676270671429203593e-02,6.503866414698956933e-02,-8.991247452016802588e-02,-2.748058196055629399e-01,-4.152747573261236780e-02,-7.554653502409823529e-02,-2.043682317518951130e-01,-1.196768637257144760e-02,-1.943076670250658555e-01,-2.414999695716283645e-01,4.108918258699276876e-02,-7.963507563519180155e-02,8.596921947340506465e-02,-7.725428990012769837e-02,-1.743483715833080497e-02,-5.641868725917138089e-02,-3.345336031099870044e-02,-3.281371771957089511e-02,2.013941378746353025e-02,4.195065571560611765e-03,-1.948493145230752698e-03,-1.400492604872263444e-02,-4.691547071241886427e-03,-2.416540718174712762e-02,-6.127485282437211862e-03,-3.651807741088580750e-02,3.094380632928258115e-02,9.874221278322421746e-02,2.594429572329558509e-01,1.964368368125902764e-01,1.867765911047115923e-01,2.325212111209598864e-01,1.946805352490897090e-01,4.782528939414559810e-02,1.841858051396275675e-01,1.138586429474123946e-01,1.154411329666056585e-01,1.403612653236894769e-01,6.326823679867009387e-02,2.015591017829385379e-01,-2.973024202496147850e-01,2.004664109403168568e-02,4.508299882624820093e-02,3.043534099201139487e-01,-3.571402771606216331e-02,1.434685240996007869e-03,1.398825694213980120e-02,-1.036879735002439219e-02,-2.109238578702443967e-01,-1.121102603507747736e-01,-1.155012344856871376e-01,-1.781757896490958337e-01,-1.861435184969668227e-02,3.923380049677831043e-03,-9.364475823515159419e-03,6.050350328484791623e-02,1.963062389955568671e-02,-1.024062917263833701e-02,9.757868514030855478e-02,-9.139309816120354257e-02,-1.238584732472387123e-01,-1.564709918654534071e-01,1.186013812826926944e-02,-2.995083882517537988e-01,-1.072245764732629031e-01,-1.810815459303202757e-01,1.395071073599436495e-01,-5.977025434456743891e-02,2.999384280898231281e-01,1.306285639875872928e-01,1.454095561809209403e-01,5.796137162339110027e-02,8.316705322620415730e-02,1.957005198448649730e-01,3.031177073463416083e-02,4.431839620071175573e-02,-1.434201843473718319e-01,4.972910892294261226e-02,-2.360730095379104387e-01,7.597255403145428132e-02,-8.458519214618250015e-02,1.713940706272795711e-01,-3.488213040238644091e-02,-3.427356081584966713e-02,1.454642358937382474e-01,2.242159731644809920e-03,8.748057203646211755e-02,-5.059559145256990048e-02,-3.028274612875027083e-01,-5.259772134908253204e-03,-2.198265180807908864e-02,5.546734918112688519e-03,-3.475814435244155634e-03,-3.100747902550912097e-04,6.655943698951985454e-02,8.899791778226241734e-02,2.266372594273654423e-02,2.977156366523391051e-02,-1.538668345857686741e-02,7.522038591830679244e-02,3.832253606649136529e-02,1.070457231395081088e-01,5.444250649498435374e-02,3.425631456936318459e-02,-1.231185487771147974e-01,-1.560914156288034475e-02,1.231219371567504328e-01,7.648048046376997033e-02,6.484242197592925139e-02,6.109561349514201767e-02,2.528672734638495734e-02,9.402511865226838295e-02,1.544057298348885596e-02,1.265482623421515865e-02
4.431305842604930934e-02,3.408410468812216737e-02,1.072134159455158664e-01,-1.069134747374017175e-01,1.055666551024957156e-01,-1.082633996602252596e-01,-8.223109741647868787e-02,-4.702743197665867209e-02,-1.521566253075581632e-01,-3.012778661163599200e-02,-8.284178694836114021e-02,-3.529436133049501656e-02,5.805265825481187303e-02,1.221887807830768641e-01,-4.273875993818675167e-02,5.533029515872733839e-02,-1.120421943268001645e-02,1.034661522841286291e-01,-1.065903897565007169e-01,3.663258625241840039e-02,-6.825171528842198521e-02,4.577812356274205130e-02,-5.750435189067301667e-02,4.664213931129797958e-02,1.263561861813184209e-02,8.928991441283369579e-02,7.138898252067603367e-02,1.738658095400790471e-01,4.474462776750252890e-03,3.633402283997427262e-01,1.000000000000000000e+00,4.709713596545765379e-01,7.555723383806061122e-01,5.713485415082051322e-01,-1.690594641581703028e-01,2.098799078430849119e-01,1.864715235486458789e-01,1.957609495419212198e-01,1.421087739123449711e-01,1.008430834578187968e-01,8.280749969722502046e-02,1.390214557792873902e-02,-2.337411971035912028e-01,-6.131013328387465051e-03,-7.446746212663006570e-02,-1.823034536273991923e-01,3.513680148313621382e-02,-1.304925381168029752e-01,-9.159306334361483337e-02,-1.078560203432592235e-02,-4.582336249930973882e-02,6.408707190807694243e-02,-7.242455706577556607e-02,-1.318834492236778747e-03,-3.636393308725269918e-02,-3.744707560303154464e-02,-2.153767140748031814e-02,2.897193970261937798e-02,4.380942504697932227e-02,6.929006663817926549e-03,8.686748227646162723e-02,7.813566045820144468e-02,1.034415556433582600e-01,8.005959100202257595e-02,1.141949876617738835e-01,2.413302321060001483e-03,7.118535312537035975e-02,2.032170612341699933e-01,1.462095781741228617e-01,1.534292981289021307e-01,1.944443323455413153e-01,1.513785837535705503e-01,1.523770453591245799e-01,2.251448666384826547e-01,8.387462841130061131e-02,2.238848065581575120e-01,8.065277884886624948e-02,1.085079260279570579e-01,1.089896848164753351e-01,-1.970409316566414104e-01,3.104358833331211098e-02,-1.181052142664158200e-01,2.001560450374969824e-01,-8.204766639461673339e-02,-9.822276370311804061e-02,2.352947015372949119e-02,-4.049431595840859849e-02,-2.255700541179515017e-01,-5.951506979294964722e-02,-2.246449565874662491e-01,-7.040432743761756984e-02,-4.966105222904757671e-02,-1.912243544280934834e-02,2.237659765993251990e-02,1.542074978048138534e-01,1.852224884312786814e-03,1.892993290903980524e-02,-1.407427868135264007e-02,-7.342960581063080749e-02,-1.420824155757300089e-01,-1.140457855961311828e-01,-9.713870592947482230e-02,-2.005151855202242928e-01,5.081065080914717045e-04,1.892563324785977164e-02,1.596526467648790304e-01,-1.499825276046175965e-02,2.018989302218019144e-01,1.366310361136309770e-01,1.249284400932266503e-01,3.756172687097004276e-02,5.772567517236515400e-02,1.856159771192298635e-01,1.143936152350548408e-01,1.487524945898153761e-01,-6.446820693752147724e-02,1.160859084156437016e-01,-2.173690274450848225e-01,1.187875036889173841e-01,-5.632309839499695381e-02,1.546022381284327951e-01,3.469971712216085580e-02,-2.203261250454691123e-02,2.078920522122186254e-01,-2.650432029073594362e-02,2.082782252656166511e-02,-1.054487283457908736e-01,-2.018728730144535854e-01,-1.734207039095607417e-02,-6.233495256787678629e-02,-1.400978092229838122e-02,-4.741266219206031855e-03,-7.140146818387062277e-02,3.729462689762877425e-02,-3.000581212843926593e-02,-9.797172935419075357e-02,-6.354202885011432655e-02,-4.113457652735311859e-02,1.293094762928242644e-02,-1.853529881628424372e-03,3.724373032067227612e-02,1.476119633974532774e-01,-6.090860186159427481e-02,-1.150595837159798102e-01,1.244772426209722616e-01,1.129471228116063347e-01,2.910775216901360582e-03,-1.651527518667215630e-02,4.938623304899925071e-02,-1.024727275184967624e-02,4.551626976522419460e-02,1.807284764000194333e-02,-1.764293069227041745e-03
6.563330739457902407e-02,1.191828325633807403e-02,1.526140201535591823e-01,-1.499590378009493241e-01,1.501319615852713119e-01,-1.519367676043338611e-01,2.259668798590688116e-02,-4.178940271396739195e-03,-3.065143083982027269e-02,-2.407553337593617074e-02,-6.953810743888019785e-02,-1.615205718322449552e-02,5.262975658887382446e-02,1.038441611841539602e-01,1.789979478443696342e-02,2.014593189109671612e-02,1.819403594224621237e-02,1.504611889094252530e-01,-1.488661134836782862e-01,2.129748111611594885e-01,5.900297279052368199e-02,2.036454340635293070e-01,1.650534907347910030e-02,4.162698997555734637e-02,2.062892446806359747e-01,2.673770568919356383e-01,1.386811741111400875e-01,3.073818463438291460e-01,3.118694982798005944e-01,4.458372905546048037e-01,4.709713596545765379e-01,1.000000000000000000e+00,2.095778137585212753e-01,4.526751111730314969e-02,1.875013327986686795e-01,-1.286723112045570494e-01,1.242711457594886659e-01,1.445356945936082937e-01,1.693855870118643747e-01,1.232102849972708664e-01,7.477570335324787432e-02,9.861440425905223378e-03,-1.377261440484218447e-01,-1.148402686532028726e-02,-1.032577305534469192e-01,-8.607057178827344501e-02,1.509728325937519273e-02,-1.076971306810543538e-01,-1.045747948022935636e-01,1.633320710189496427e-01,8.866746249812333669e-02,9.387087200234824069e-02,-1.328758574359550915e-01,6.644046434960754199e-02,4.095985819791687216e-02,-3.034574088925030139e-02,-1.197306355358896957e-01,-9.534711875866956621e-02,-4.640619041483649149e-02,-1.369050685254280808e-01,-1.012765129035879397e-01,-3.745225994137810904e-02,-1.545824134625042312e-01,-4.599309122074069639e-02,-7.267435752996460885e-02,6.656282086871394277e-02,6.371070821413692131e-02,2.460452156846886507e-01,1.470074960102379646e-01,1.536631688176324784e-01,2.571376256653099546e-01,2.059031613241772973e-01,-2.662260603288590932e-02,1.874876387702737734e-01,1.916453482720466561e-01,1.202008022533847809e-01,2.280010473774193580e-01,-6.743586512156465006e-03,1.338114155411662398e-01,-2.061418232891352176e-01,-1.318524739713918814e-01,-6.503990109571687606e-02,2.069591015916732446e-01,-2.208235568045118224e-01,-1.427961488186359484e-01,-1.495847552780200929e-01,-5.896553870831659772e-02,-1.828617315377336627e-01,-5.133263080758718178e-02,-1.515112563013946423e-01,-5.436748235631125997e-02,8.166467983667133335e-02,1.416758820214058801e-01,6.705058303855744584e-02,1.371670575883638943e-01,1.704701957195945417e-01,1.050169638165908553e-01,1.975691951524466417e-01,1.015294685351507686e-01,8.231935852294468628e-03,5.773745032132950039e-02,2.609995180707754686e-02,-2.027648082225446957e-01,-6.758692044278825917e-02,-1.443655129575618645e-01,6.006088197779949067e-02,-7.481834809839696399e-02,2.111898391086909355e-01,-1.711558807118758810e-02,8.005838737916531889e-02,1.446194931504903303e-01,5.216614011046692700e-02,1.253259133493161148e-01,-1.026012365619927424e-01,-1.198788561540621855e-01,-3.070679269511448761e-01,-1.459339656351588133e-01,-1.966572351599915058e-01,1.177741015436959138e-01,-1.145746477458732121e-01,9.127192222486409101e-02,6.919473337179629646e-02,-9.975915086307129975e-02,1.728864317340055301e-01,1.382143636276630116e-01,1.572069226778924633e-01,6.964141956551006540e-02,-2.060026192678884316e-01,1.776405038704055236e-02,1.911959356631783014e-02,-1.390487392281784633e-02,6.629672848832572456e-03,-1.068315499492440701e-01,5.059369750246287684e-02,-3.733743823416989932e-02,-1.003237625177063747e-01,-1.576316498432482061e-01,-3.572807754379761502e-02,-1.102101585706053849e-01,-4.960733050856128146e-02,-5.340379206599655398e-02,6.261566712090198272e-02,-1.586877771070947518e-01,-1.597078942640278720e-01,1.052345670196478261e-01,6.876058201658882818e-02,-6.665317029697236106e-02,-1.220273071761747950e-02,7.010218427078279690e-02,-4.654254518933861190e-02,4.330963979667741548e-02,-1.171474544101159046e-02,-2.652133589321531079e-02
9.469017467235338673e-03,3.520196071698460105e-02,-2.096908817463240954e-02,2.177447716065468095e-02,-2.134515331638510427e-02,1.952268249690663343e-02,-1.650665615511293649e-01,-1.195503318153940259e-01,-2.131322503449599171e-01,-5.964323704998123615e-02,-1.264013551088221943e-01,-1.034538575570895513e-01,2.513034638666767490e-02,1.244853733345938629e-01,-2.117359674529224051e-02,3.549024334842369038e-02,-4.853415841412974524e-02,-2.469939796564867354e-02,2.060731906266626001e-02,-9.102034056183753996e-02,-9.244177172089114436e-02,-1.080317776285348724e-01,-1.659533019646401431e-01,-8.349865174338459706e-02,-7.176734324468553305e-02,1.678401459143769037e-02,4.889394019131944324e-03,3.504923248087041948e-02,-3.976497594155682658e-02,2.085147179414857666e-01,7.555723383806061122e-01,2.095778137585212753e-01,1.000000000000000000e+00,6.473094375637608033e-01,-4.738014493308140285e-01,1.914523002895029968e-01,1.040173796341699736e-01,1.013342225375884476e-01,5.443113704256299923e-02,-2.543052321417094142e-02,2.702776065737412525e-02,-6.423931510654852517e-03,-1.788328880834763324e-01,3.193471414837835420e-02,-3.127894281978320368e-02,-1.548627666553110127e-01,1.316280165431382883e-02,-9.399703572714944444e-02,-6.381115401588184632e-02,-6.465473502705952613e-02,-5.849419927625815196e-02,3.888631628144346986e-02,-1.616781285363692866e-02,-6.399141774683572703e-02,-7.679729920543017230e-02,-1.986545281698832294e-02,-2.743707168327870830e-02,-2.022709797760235614e-02,1.631389728714257789e-02,-5.495600465793844258e-03,5.070592294463727862e-02,5.581065730604960889e-02,1.232946330077597658e-01,1.014109132195992052e-01,1.459188502367146645e-01,-6.018089988012254379e-03,3.040812548253639044e-03,1.073595976792870027e-01,1.111112490880210024e-01,8.778221609499196887e-02,1.164931261322320055e-01,6.244110932832365457e-02,1.487952598584355024e-01,1.900599947009913582e-01,1.321194015891231748e-02,1.997613783799805642e-01,-2.256218731576910622e-02,9.038766588071428520e-02,2.643831323925268512e-02,-8.670241646020498960e-02,5.036661377038459397e-02,-1.415031488817690419e-01,9.210107104412633416e-02,-2.920992844540025099e-02,-6.621268055360508831e-02,7.548758397050690794e-02,-9.263916138195042727e-03,-2.158746738187888592e-01,-6.576263340157433197e-03,-2.296366157858307222e-01,-1.966142734599860692e-02,-9.047674776597980362e-02,-1.250986722594762610e-03,1.140427872552705196e-02,6.970409866334041638e-02,-1.008115916258074674e-01,-1.772625549395981295e-03,-1.258119891951989082e-02,-1.404934599468595502e-01,-1.826341853646203106e-01,-1.459578691306593345e-01,-4.064280323550301804e-02,-9.299716710432769096e-02,1.197609056057094695e-01,1.200160796401300439e-01,1.683551722685811547e-01,1.957700691956349923e-02,9.346399820048517659e-02,1.446487962663689231e-01,6.317029547874951356e-02,2.510806906221172904e-02,8.898052313509317857e-02,1.464691030704017294e-01,1.505411611998663246e-01,1.459694642735933912e-01,-8.144666053318934396e-03,1.156335098364527636e-01,-2.008259249628462917e-01,3.621589968440230844e-02,-7.147784361241708850e-02,6.003935349139223610e-02,-1.838616668862481929e-02,-1.753056339439434952e-02,1.112983884695505632e-01,-1.136731814142267066e-01,-7.348394225971613403e-02,-1.718253020732209146e-01,-9.200462783572137260e-02,-5.348998041702520551e-02,-9.473169336884126879e-02,-8.556366968498962597e-03,2.267871648923271317e-03,-4.536270347509317041e-02,3.596765873648362366e-02,2.578051409494068816e-02,-2.730604513024239080e-02,3.915188016260054936e-03,8.284926137967451448e-03,9.247343854902791149e-02,3.755917165491043375e-02,7.815587084877684276e-02,6.842257996685020827e-02,9.708403117157213616e-03,-6.884116296212504371e-02,7.326263593057614695e-03,5.815272444065244101e-02,7.139020290464850350e-03,-3.524379664732670003e-02,4.664656761770061277e-02,3.868034800943826249e-03,1.301392698740993191e-02,7.817655781840343945e-03,-7.759524730582442048e-03
5.802487923745792975e-02,5.685450605635137405e-02,2.585128772781010720e-01,-2.593536836759444131e-01,2.589248915896625314e-01,-2.605093222606682524e-01,-8.731564358590537811e-02,-3.296103158218183227e-02,-1.488767930881534085e-01,5.192614921336064643e-02,-1.372874557209870505e-01,-3.228100231884964422e-02,4.759251328747014786e-03,1.160901416001639680e-01,6.817614116716043393e-02,8.893169804947921586e-02,1.598304848937666389e-02,2.560899738068470044e-01,-2.593314495715530743e-01,4.863911230351712633e-02,-1.807000821519257755e-02,8.564242857479925641e-02,3.686829129418557616e-02,1.320181731802474723e-01,4.863882365098902427e-03,1.758466508124638741e-02,5.883233122902085943e-02,1.038751982004409019e-01,-6.871663097339195114e-02,1.374054446907522209e-01,5.713485415082051322e-01,4.526751111730314969e-02,6.473094375637608033e-01,1.000000000000000000e+00,1.167970318762479170e-01,7.064668402732916519e-01,4.229277114302911200e-01,3.320757437522499633e-01,1.971356149445845918e-01,1.987851619189216767e-01,8.209514200456491384e-02,4.535685881867698027e-02,-2.883277233595138433e-01,-4.548136964768419860e-02,-9.727623759594297703e-02,-2.407837400590390198e-01,3.110547270286780075e-02,-1.031948623066853699e-01,9.167855882848213733e-03,-1.136997704700013108e-02,-4.692219528093508757e-02,5.482820142845921257e-02,7.406158237221592555e-02,-3.756875521601420881e-02,1.652690588057940252e-02,4.290348615641541991e-02,1.382537871423272502e-01,1.112643720822800442e-01,1.163187983034081469e-01,1.449029306779497095e-01,1.270491228293030295e-01,1.598266675256319047e-01,1.995948515419856129e-01,1.369200058627336458e-01,2.000751516624522108e-01,3.164719584274612585e-02,1.322344949372877554e-01,2.051245622339351038e-01,2.279786580215427405e-01,2.063044978233292970e-01,1.631390193354425033e-01,1.332580498023857862e-01,1.458865403430894270e-01,1.488206382839716568e-01,4.002469236528160418e-02,1.506194404146039556e-01,6.699548891782056148e-02,4.074551635935315386e-02,4.100866438359834776e-02,-2.215485062120024218e-01,1.588206436702684077e-02,-1.070818477088658072e-01,2.205842091342276601e-01,-1.079734878094386896e-01,-1.405032870956399726e-01,-3.523487951596235290e-02,-6.856449775599814112e-02,-7.921523634546683013e-02,-5.282011785181109365e-02,-1.091480045801530852e-01,-4.457029477881298274e-02,-6.602687077875513122e-02,-4.222374377363011244e-02,1.273074644410013834e-01,1.915341090430206783e-01,1.364093232876412709e-01,1.229490712971528787e-01,-4.312283860984210231e-03,3.156941679927256772e-02,-1.382341949908610090e-01,-1.176255610749707553e-01,-1.045691592155904154e-01,-2.238549618386471984e-01,-2.722930709879801351e-03,2.754447504607301922e-02,9.042136578129779390e-02,-7.838142144749379869e-02,2.247967463533249999e-01,2.793696167800436420e-02,1.280582961898333594e-01,8.539036252497560209e-02,-2.880432460391132293e-02,7.554059998944015475e-02,4.850455634186686543e-02,1.463268338537913327e-01,-4.675127644964496842e-02,7.983632582609555273e-02,-1.407841846894734017e-01,1.875030710747564167e-01,-3.492450861283932784e-02,1.213883737893240167e-01,6.612144969733049771e-02,3.850086845692411025e-02,1.891600662410480027e-01,2.948746240608707964e-02,4.330088753222212199e-03,-1.821550940042023295e-02,-2.245019975586665384e-01,3.796325549872591604e-02,2.566875130147882808e-02,8.332295884741772185e-02,1.210061289963965114e-01,3.046682630461052671e-02,7.298869848363379043e-02,-7.999975342969500858e-02,-3.281057152595161230e-02,3.221034747885263838e-02,4.729017263014734934e-02,8.457643907709050390e-02,6.171291642284042894e-02,6.943069546252754465e-02,1.299045959378807014e-01,-2.064218411447728274e-02,-1.122661068679330215e-01,7.413955962852560033e-02,8.657232512328179308e-02,-4.998967845801109006e-02,-5.353139378262485037e-02,3.042327078161120510e-02,-5.913988373273997012e-02,-3.278427416971150393e-02,-2.014174482195939947e-02,-5.459743425444375797e-02
7.035341441532688700e-02,9.323652587569798353e-03,3.808467241441866324e-01,-3.851049603292496792e-01,3.813741188681753491e-01,-3.844576325169789532e-01,1.163144157473092744e-01,1.417110391118740487e-01,1.377587477876152933e-01,7.653122032181844392e-02,6.446220766620744391e-02,1.104620842785258017e-01,4.302148570924296811e-02,-5.817207977351438603e-02,2.170726003809134164e-02,4.982610052435491876e-02,5.344360500822314258e-02,3.818878684775710020e-01,-3.816232660200931659e-01,2.519463792113262324e-01,1.394232850946881264e-01,2.900391003239449206e-01,2.322859383348762075e-01,2.260603535104407091e-01,1.754216208884969430e-01,1.423699525302037638e-01,6.296308298273345372e-02,1.246177018097541500e-01,9.673581975022192692e-02,2.040174388457308835e-02,-1.690594641581703028e-01,1.875013327986686795e-01,-4.738014493308140285e-01,1.167970318762479170e-01,1.000000000000000000e+00,3.902307783930870633e-01,3.057606477137877476e-01,2.487048496903543071e-01,2.204991492026563971e-01,2.484638053154181181e-01,8.613291851551313494e-02,2.927569465180187083e-02,-7.144970860484160802e-02,-4.013428676810715245e-02,-2.156477595925599539e-02,-2.393524312244077121e-02,9.376406360098951676e-02,1.781507810520762194e-02,9.608569935556085517e-02,1.582398031707293040e-01,6.521349880737285776e-02,1.030853835856971046e-01,-9.263554431695367186e-03,3.049915133578835411e-02,1.376105779251102224e-01,5.788135499399721384e-02,6.396744886218883042e-02,7.809595787939929701e-02,2.913929064335839952e-02,5.499604278057113049e-02,-8.284312017756768117e-04,4.192485561894657153e-02,-3.497771359344786085e-02,-4.149712943901572026e-02,-4.584626533491374624e-04,6.813298392174933771e-02,9.661775108051717798e-02,1.574096081410034931e-01,1.196091813440328389e-01,1.476555523321647356e-01,1.112612647191754400e-01,1.217454340489402403e-01,-4.546957047259433254e-02,-1.696266254562434430e-04,7.023118747113456239e-02,-4.212305242515073517e-02,1.365691511796852387e-01,-1.100964372607947939e-01,6.319496229328303016e-02,-1.758050233744097857e-01,-1.205930904313118612e-01,6.283062864432895078e-02,1.693052668724878418e-01,-1.849358305500212740e-01,-9.857424573409113988e-02,-2.138061859472095705e-01,-5.216031297114395032e-02,8.605237287680883584e-02,-4.354759091834583401e-02,1.119179946870556136e-01,-3.281610960889932982e-02,8.645915581504322323e-02,4.242216010355032152e-02,1.397681519910280168e-01,1.483567223172447824e-01,3.614157559820977417e-01,1.440729313957929414e-01,9.082686277585395873e-02,2.868442246740621204e-01,1.488204511326305657e-01,1.499817097312472758e-01,-5.604616335311068953e-02,-1.686388272658925214e-01,-2.091825777739928227e-01,-1.962007605206740890e-01,-8.733576900011826016e-02,-1.043824569988363177e-01,1.743273295739768969e-01,-1.659740876515283792e-01,3.737772629278627440e-02,1.444456274486706771e-01,-6.389698888117781306e-02,-5.955840251565733268e-02,-1.746535001560437783e-01,-1.514861204507405579e-01,-1.930030326140579067e-01,-1.998128530685468474e-01,1.079137501490145916e-02,1.398177293825430823e-01,-5.685185075266535604e-02,3.310115063426175702e-02,8.124577262211930828e-02,-6.450265646873405700e-02,8.021456025665436862e-02,2.030138665771800688e-01,1.619463104534938913e-01,2.101574974814076346e-01,-1.723452842410475860e-01,9.233177781439928788e-02,1.606062349905859055e-01,2.621364306834755159e-02,7.836384559949226281e-02,-3.973773402635588647e-02,4.924785197174975232e-03,-1.819943180624145618e-01,-9.028011406117077142e-02,-1.158219285689433276e-01,1.717052068415615695e-02,-1.569811737791391437e-01,-2.380399523683728383e-02,-1.182558435509284273e-01,9.345663584368188448e-02,-1.668502324735529896e-01,-8.161738967532367051e-02,1.945414089411368064e-01,2.802780574167018299e-02,-8.114550238227036250e-02,1.742169124287301987e-02,2.934083283301537268e-02,-4.903604938795332047e-02,-5.257929779538449144e-03,1.656599703227408515e-02,-1.448272223487281039e-02
7.632509105066730137e-02,4.464853141317073892e-02,3.343063341634557872e-01,-3.373041377076269054e-01,3.379672406798258644e-01,-3.371773588116391274e-01,2.857939016257421763e-02,1.380323350773164648e-01,-1.813595087399053367e-03,1.762313306260199219e-01,-2.225310266861765037e-04,1.157844498503727976e-01,2.957957837517027205e-02,-1.025710993647062190e-02,1.020538436750390021e-01,1.742297610001158625e-01,8.193532465838962442e-02,3.350062856449058102e-01,-3.375965648395550245e-01,8.633008977942011053e-02,1.549054119364451192e-02,1.469989081267205899e-01,1.189455886043365301e-01,1.709099874102027461e-01,2.597439258552205685e-02,-1.271922874011546627e-02,9.174123614236412774e-03,-7.727704193679169227e-03,-9.821957046559592897e-02,2.201573467343182627e-02,2.098799078430849119e-01,-1.286723112045570494e-01,1.914523002895029968e-01,7.064668402732916519e-01,3.902307783930870633e-01,1.000000000000000000e+00,4.657730804282708137e-01,3.927481677676341043e-01,1.939131090206260011e-01,2.650031077060507334e-01,5.179983743678034241e-02,2.027010752658132617e-02,-2.515931090615339816e-01,-7.220506125863811187e-02,-7.285053639583495555e-02,-2.050568354035129381e-01,4.824873247011094574e-02,-9.471542535305235710e-02,7.206820296839887806e-03,-3.987199598077151297e-02,-7.365393437927725273e-02,3.624230169647781746e-02,1.554415357521636287e-01,-2.108703147466323494e-02,7.899668170536719436e-02,1.237922791079835438e-01,2.292303227789843634e-01,1.614611246809953549e-01,1.299103639408691890e-01,2.175226307412566618e-01,1.108642886770419694e-01,1.633772383886146762e-01,2.097222004114463745e-01,1.013073106039119042e-01,1.667595219578127119e-01,3.667248228139585037e-02,1.879447555557101079e-01,1.987655636413488691e-01,2.834796576911303156e-01,2.183002554978647203e-01,1.010463987953517384e-01,1.348427640980902620e-01,7.883277442666873636e-02,4.405235843144177099e-02,1.169917820988953042e-02,1.359368940685370085e-02,3.708306070964930562e-02,-1.857040427873978342e-02,1.218283000598084469e-02,-1.983482587806075503e-01,1.283983240260898502e-02,-7.157691152950126923e-02,1.958981671884839348e-01,-9.290018732400212587e-02,-1.027541000027147183e-01,-2.007574489165133401e-04,-3.401273827127591909e-02,5.125097312707590363e-02,-1.506363036608613509e-02,1.830046879888443112e-02,-9.659582883832101147e-03,-1.277761770225144602e-02,-7.216675606629968653e-02,1.242036822041052008e-01,1.732248836621925470e-01,1.602897885963930069e-01,1.038660941109466329e-01,-3.361633552238964956e-02,4.870735116665882158e-02,-1.218005831944089373e-01,-1.101739792117393257e-01,-1.226851228013493694e-01,-1.985604930589395245e-01,-8.288403633604668475e-02,-1.930787016230127917e-03,2.818395446680736424e-02,-8.091740756521663414e-02,1.982222845051299365e-01,3.623623991902260710e-03,1.237898533271257762e-01,5.029995186779576827e-02,-6.825906624235041076e-02,7.022493100473811006e-03,1.711991453936313398e-02,1.186512346910790217e-01,7.900754722077955872e-03,7.976894295719079431e-02,-5.072208620682679137e-02,1.632296811190080132e-01,-8.318648937185148598e-03,1.013058759515976653e-01,3.964494284290463744e-02,6.206443518865707720e-02,1.311764650968776924e-01,4.444709324891853164e-02,4.647973056270710696e-02,4.736140886896508112e-02,-2.007927761723929394e-01,7.311689814383065533e-02,1.110133930662159929e-01,9.178262032622142019e-02,1.643139140111055385e-01,3.784212747528097748e-02,9.614773507426062349e-02,-8.828758683616683145e-02,-3.369719703075815115e-02,4.428175613691386070e-02,6.554744860074572521e-02,5.009915345368507605e-02,5.576916911769855267e-02,6.026529189495790501e-02,1.663498255180622665e-01,-6.207031138127914495e-03,-7.243170801771947609e-02,1.214584631353950311e-01,9.794527480208745085e-02,-1.359442197654565400e-02,2.299084320811056042e-02,8.471576096573317505e-02,-1.494866205464238061e-02,-9.465583372679598623e-03,2.317548734389858825e-02,-1.054647792670492489e-02
1.052657691550045876e-01,7.600420511476908836e-02,3.239673085402462460e-01,-3.174972851062259904e-01,3.266472171715355532e-01,-3.180777883450032761e-01,1.488941373185564687e-01,2.025498183185467094e-01,4.608453482644695592e-02,1.411579651985315764e-01,7.846898811056106371e-02,8.788160025246521956e-02,8.485911801283925471e-02,-2.832742598406500639e-02,3.854881559973122318e-02,1.062708363446002446e-01,4.708036199194100963e-02,3.233170054359039147e-01,-3.187696781443399296e-01,1.950419257964989272e-01,1.717158871495613748e-01,1.724367724728295415e-01,1.566570999904313699e-01,1.445710669577280338e-01,1.226011104049314591e-02,1.766574476452375739e-02,3.416434552928652307e-02,6.603023757052141340e-02,7.724059319363195397e-02,1.954385201235308081e-02,1.864715235486458789e-01,1.242711457594886659e-01,1.040173796341699736e-01,4.229277114302911200e-01,3.057606477137877476e-01,4.657730804282708137e-01,1.000000000000000000e+00,5.418912405004255861e-01,4.187349254948093957e-01,4.482860102150567072e-01,2.889185706977770440e-01,6.252855073665536390e-02,-2.906079369418942959e-01,-9.894837509206678636e-03,-5.098917043600836863e-02,-1.708211523616675609e-01,4.217300036304346550e-02,-6.181203691663238881e-02,1.063798400089337459e-01,1.329281244785013583e-01,1.249988512017202215e-02,1.469868120761360364e-01,1.140409164733463404e-01,1.781032087887211846e-01,8.674203448449731291e-02,1.070624421810097288e-01,2.212030919055226960e-02,-3.672985769665844391e-02,-3.404319972864502247e-02,5.813846286832288941e-03,-1.710294749935548780e-02,9.784616533104520050e-03,6.533400637887314989e-03,-6.989946259106151472e-02,5.725816744960307569e-02,-2.686314563332039065e-02,9.133377294549961667e-02,9.673261680571032528e-02,1.169005718778099029e-01,4.426078072835722133e-02,-1.308109149706824202e-02,1.383959146717958846e-02,-1.086488786080368751e-01,-1.035605123298932312e-01,-9.072706026759602693e-02,-1.596936815016389288e-01,-4.823900114413460366e-02,-1.773689112138619739e-01,-1.873900499343339188e-01,3.259250596826894497e-02,-2.122835823450718862e-01,-1.194423724700925393e-01,-4.082224028121520659e-02,-1.859543407658643677e-01,-1.420461014227424046e-01,-1.231301318538500222e-01,1.099979150737623312e-01,2.335151370659179493e-01,1.844425834733473268e-01,1.719924063357993471e-01,2.220045221928725609e-01,1.738171175157086912e-01,1.549574582748651785e-01,2.204781599812205561e-01,2.124893531774333100e-01,2.508880276082371963e-01,1.795169524430043906e-01,1.166920528517804423e-01,9.063247719950572046e-02,-3.422111959473216752e-02,-2.470710503857442494e-02,-9.213682336984438392e-02,3.435288438107074460e-02,-2.638551190621931525e-02,-1.373015424212456204e-01,-1.115840296756077238e-01,-2.618682880312509301e-02,-3.429037407963096695e-02,-1.075705163302895923e-01,-2.596158649625615253e-02,3.773702136568651225e-04,-7.978414301804559461e-02,-1.653895641016726037e-01,-1.390443082663180840e-01,-1.127713211036402985e-01,-7.650112793816271628e-02,-9.859874278446403850e-02,6.364612875940486858e-02,1.584375538792189286e-01,2.641809186562976350e-02,-6.244175507890295518e-02,1.275709260861259131e-01,-4.735582390750373016e-02,2.333910451254150864e-02,1.978096238480118729e-01,-3.217294724010678203e-02,7.708287920300925522e-02,3.515665112206808884e-02,-8.288622684109850369e-02,1.784272573236421813e-02,-4.156875254148513499e-02,3.880335882976985312e-02,-7.101128960009379931e-02,7.542514502954147243e-03,-7.247550044458192509e-02,-1.497598590701636756e-01,-6.602779247624099290e-02,-4.148502690970228002e-02,-4.013622220983863176e-02,-4.722651984373735234e-02,1.868046627405950053e-02,1.503087973813154732e-01,-5.138988923717183882e-02,-5.234287992310202725e-02,1.434396729737062726e-01,8.569350774039190266e-02,1.790991872346543376e-02,1.139703192414821473e-02,8.603419653559740699e-02,-1.607496971790802268e-02,-2.034740038914261556e-02,5.002391825503852557e-02,-1.982823765622579795e-02
8.478695575090161585e-02,8.339767244538026647e-03,3.434987870318068626e-01,-3.390252397260734019e-01,3.447904420233563472e-01,-3.387297870895806806e-01,1.425694916512987576e-01,2.583331864503100594e-01,6.879308438053186037e-02,1.964662163274676354e-01,1.185375410273331737e-01,1.803931480790507136e-01,-3.850570201152760802e-02,-1.367503169045954092e-01,1.358424990846318348e-01,1.343308990944066250e-01,1.763749360731634852e-01,3.435625071157886179e-01,-3.385704646779866822e-01,1.309363139779451679e-01,1.071883594719578725e-01,1.817508766424958677e-01,1.107039868769600366e-01,1.354133048545810847e-01,7.818315951874940661e-02,1.090134584168850895e-01,5.997145133858138022e-02,1.281463728535527091e-01,1.028676297021590275e-01,1.114190685246119333e-01,1.957609495419212198e-01,1.445356945936082937e-01,1.013342225375884476e-01,3.320757437522499633e-01,2.487048496903543071e-01,3.927481677676341043e-01,5.418912405004255861e-01,1.000000000000000000e+00,5.279526474120409540e-01,7.224009445395490614e-01,4.824525276295925647e-01,2.146955684621802141e-01,-4.304166347143343896e-01,4.100005865651869252e-02,-2.121693482629715133e-01,-2.212585257434796226e-01,9.577615577272170430e-03,-2.378979459175345479e-01,-1.144467054580731447e-01,2.391312907687167741e-02,-1.175317641824570186e-01,4.699678705118786465e-02,-8.734902102088167031e-03,4.968740495647005345e-03,7.117533979998541538e-02,6.092543534631635060e-02,-8.548716133770334347e-02,-3.989395850797076981e-02,-5.105598673161571704e-02,-5.904627776791875754e-02,-7.135322916622389988e-02,1.830659062040726178e-03,-3.131147978936617889e-03,-3.450585059313596853e-02,3.803741434215746758e-02,-4.403745261812052475e-02,5.231688226135765979e-02,1.073851424209106842e-01,1.838321415658485114e-01,9.322888435054475786e-02,7.434482494369403123e-03,7.569205462275484242e-02,-3.944781973919311846e-02,-1.052181752509302876e-01,-1.819077343325099100e-02,-1.459262727971055440e-01,-3.780228771027140805e-02,-8.410101344706014115e-02,-6.315710162758657320e-02,-6.345797289516756645e-02,-6.043401645899724312e-02,1.474074864700128211e-02,6.423569623048522303e-02,-6.361939149536603721e-02,-1.151444546630141091e-01,-7.655063605149727002e-02,4.316015486719462779e-02,1.277609442619132007e-01,1.157968592849853706e-01,1.476565843714883197e-01,8.254527712664001815e-02,4.173961983406314358e-02,1.680316311683571415e-02,8.712404823890104733e-02,1.185404670135375982e-01,1.100476864528996124e-01,6.614882266230320829e-02,-3.361013708315315623e-02,1.245490995299864713e-02,-1.231047362228496478e-01,-8.277590378870074150e-02,-1.662502781817462930e-02,-6.772476097868557199e-02,-4.731333487926189796e-02,-6.136575624530304224e-02,-1.592253091354263461e-02,-5.059231406406516918e-02,6.319396667816463975e-02,-1.432335785542497054e-02,2.831985104835903211e-02,-9.900045920088062709e-03,-5.147741281801874319e-02,-9.188697706209009164e-02,-4.086574244607634604e-02,-5.260276871753077205e-03,-1.621605023867269540e-02,3.747709863609863246e-02,4.967994472624034930e-02,2.096699640319529268e-01,3.796656121164734832e-02,-2.970884157129639186e-03,4.668930031568488404e-02,-2.380974806651658254e-02,-2.349175594954656943e-02,1.075425946614458617e-01,-3.221452704239145121e-02,-2.746473715356406720e-02,-6.725928746818556070e-02,-9.694156255327829319e-02,-2.260463242543515883e-02,-3.289015368402972705e-02,2.106782072726255325e-02,-7.393870794937551505e-02,-3.284935807488670312e-02,-7.636471575243984622e-02,-8.442370238952719153e-02,-8.684070550975456215e-02,-4.575392145903175306e-02,-6.024692984955713759e-02,-1.120587440334228357e-01,1.659380101342730618e-02,1.978601646616711396e-01,-3.749789200749231808e-03,-5.798623770884151624e-02,1.711203988220380001e-01,1.598479773142252869e-01,7.489610380612504725e-02,7.406941207508710434e-02,1.973124159171983638e-01,1.065871841629265210e-01,1.411646109423446149e-01,1.529719035072386879e-01,1.032400654844663063e-01
1.883480022553423588e-02,-6.575545727815761566e-04,2.679017252695408691e-01,-2.628094875663077867e-01,2.706639200485111973e-01,-2.634621034967185582e-01,1.041723111663146323e-01,1.964417389026494321e-01,3.730856912263796898e-02,9.640760486403944507e-02,1.253195421421245126e-01,8.016244369176592222e-02,5.481603391371122486e-02,-7.894263399117491808e-02,-1.075018734333343245e-02,3.437808530722456790e-02,6.125161725943939484e-02,2.700603414703051097e-01,-2.652084574185895605e-01,1.210141474141718798e-01,1.112738805043556600e-01,1.418971249870871754e-01,1.180623714189583395e-01,1.189934517136863323e-01,1.131686659949109608e-01,9.150836615613133773e-02,7.145393246571905832e-02,8.711475428723498837e-02,8.183941909183212182e-02,1.525490243458147432e-01,1.421087739123449711e-01,1.693855870118643747e-01,5.443113704256299923e-02,1.971356149445845918e-01,2.204991492026563971e-01,1.939131090206260011e-01,4.187349254948093957e-01,5.279526474120409540e-01,1.000000000000000000e+00,4.012733434378850661e-01,4.953297746014426184e-01,-7.888858933478071211e-02,-2.805758526835019917e-01,8.699316776402200857e-02,5.603980988546562736e-02,-8.809144966693760459e-02,6.087553904167020136e-02,-1.275528038800972236e-02,1.653599075114972616e-02,2.775252340240300652e-01,2.608260060312402734e-02,2.572011209701944301e-01,5.000541987676596078e-02,6.514993703824178972e-02,-3.405144787019824537e-02,6.488036852664147425e-02,-6.901547637248547917e-02,-1.390190647846102079e-01,-9.981733951656726611e-02,-8.128213200179217057e-02,-1.306439442198762679e-01,-1.001393782766868412e-01,-1.255782873810631639e-01,-1.202793912187181541e-01,-5.209754574707682086e-03,1.174573511144760829e-02,1.095934199785258550e-01,9.033354796962586586e-02,1.480523285531635570e-02,8.516086968962900683e-02,4.057817537559470916e-02,8.580713476954030319e-03,2.839205525583352041e-03,-2.364959467100492818e-02,-1.845987476254587131e-02,2.912072843632305258e-02,-4.874180062442772833e-03,-5.540646921699547700e-02,-2.129507865109891984e-02,-1.330319798922046937e-01,-3.624948738133598747e-02,2.197265867880738091e-03,1.309995751156839416e-01,-4.699200133398005741e-02,-1.090681038790611429e-01,-1.958595631634010015e-01,4.918408048695960960e-02,8.458785416034114713e-02,6.154957351770394547e-02,1.094666143695748189e-01,1.179585184164848137e-02,1.145789995177493442e-01,8.376345104058806335e-02,7.848282757403440835e-02,9.512300156188042977e-02,1.840003271397852025e-01,1.091765495626078192e-01,1.845562585637884612e-02,7.354918754759114108e-02,-3.206453936096565448e-03,-5.918332780317089870e-02,-3.674237280309006898e-02,-1.356532249676750679e-01,-7.854368397820750414e-02,-1.800927795723704927e-01,-8.896018731097500576e-02,-1.025705590591864669e-01,1.317681816582021159e-01,-7.703827606431018493e-02,5.389801310107449756e-02,2.784939449965030678e-02,-4.737229201054545674e-02,-3.365125058602378566e-02,-1.337283643708920833e-01,-4.859386509806985777e-02,-8.466848913391564202e-02,-1.277557045257318030e-02,4.472581808416222632e-02,2.141374766606164159e-01,9.159618135380798165e-02,5.693479609608938924e-02,1.401411834269255807e-01,5.489811566429381173e-02,1.347652303228938087e-01,1.622541711479695836e-01,1.225552289904927455e-01,9.203552165232999072e-02,-1.343021305189963377e-01,-1.659357367802804725e-02,9.026958484963166704e-03,5.827348056418853173e-02,4.809989892426871916e-02,3.738797941112055601e-02,2.273065203322633884e-02,-1.026749836542987723e-02,-2.859216467865646066e-02,1.743609690966631265e-02,3.466143960296355631e-02,9.762323037693330929e-03,1.483755014370629309e-02,4.014517434551203440e-02,1.043218899971591757e-01,3.619057224609437129e-02,-5.860800178135981697e-02,6.112384492793163093e-02,9.986565807422516372e-02,6.993831889273144364e-02,-1.075784957418075664e-02,6.175447014377392213e-02,3.282393969456057908e-02,8.495708569757623452e-02,9.711551303607038332e-02,3.682097039384423648e-02
7.387963813910770894e-02,-4.467004459013905471e-02,3.965681949769954140e-01,-3.923297179223000364e-01,3.975663249296916835e-01,-3.919666097854856979e-01,1.032560547205372270e-01,1.998144082248000386e-01,9.225690470864077175e-02,1.663792123052535710e-01,1.010500367683701967e-01,1.136259080128756427e-01,-1.292217374834421784e-01,-1.382377379347687341e-01,1.590751973949449116e-01,4.647927320899130493e-02,1.825734364999211379e-01,3.969872257193136633e-01,-3.917678130159409355e-01,1.707224001156629201e-01,1.606013327190973783e-01,1.548649968590644355e-01,1.305797823615085507e-01,1.150179379999169971e-01,9.190874758371471442e-02,6.082172070596125052e-02,4.435585030284149022e-02,1.101853316871006377e-01,8.039214147510498343e-02,-2.676270671429203593e-02,1.008430834578187968e-01,1.232102849972708664e-01,-2.543052321417094142e-02,1.987851619189216767e-01,2.484638053154181181e-01,2.650031077060507334e-01,4.482860102150567072e-01,7.224009445395490614e-01,4.012733434378850661e-01,1.000000000000000000e+00,4.563504552242449441e-01,4.668386422650353529e-01,-2.416722063459948167e-01,1.585692121739434024e-01,-2.239637448151079735e-01,-1.107634394148146184e-01,1.128100304871299531e-01,-1.153662019670761707e-01,-8.579534771876150268e-02,9.290361144777994906e-02,-1.313901244852016224e-02,6.243638221139877209e-02,-1.746180721751390205e-02,9.542424938028314096e-02,1.603181045447973629e-01,6.242457700380199537e-02,-1.394823388283484011e-01,-3.731637083950872791e-02,-6.597081801430944303e-02,-1.260193658624923219e-01,-5.121627596972427865e-02,-3.620757570934638597e-02,-9.378288348120421281e-02,-2.864762274734720948e-02,1.534431071500290747e-02,1.999456871945562431e-02,6.089587009505715437e-02,2.903519729503631006e-02,1.453233351376065352e-01,6.186157714968271160e-02,-5.480484028174113786e-02,2.665380005479446243e-02,-4.866758681915732410e-02,-1.040642581438043501e-01,-3.522330478090728023e-02,-1.627249936490648696e-01,-1.558981361659753442e-02,-9.472320975434046775e-02,-9.514240026773568282e-02,6.992812150115690871e-03,-1.293792689851785416e-01,-8.234658860831359922e-03,-8.051950343022447679e-03,-5.414726813096032432e-02,-1.597787179506666155e-01,-1.338564321625444198e-01,3.494599612198483890e-02,2.035370591773139337e-01,1.329124281115926787e-01,2.013829584255938387e-01,9.879554442944261938e-02,5.840728038003836081e-02,-2.729686741733252167e-02,7.134676493160621580e-02,9.305211602312379870e-02,1.180590130285149308e-01,1.080540664262538697e-01,-2.446797585068660047e-02,7.257438396917330337e-02,-1.070917812074092673e-01,-1.931569777754726241e-02,5.462485190462879059e-02,3.896936931116221168e-03,2.351461278689847070e-02,3.841039601626975580e-02,-6.721456211431257877e-02,-1.769006742403494981e-02,-4.077580867503346855e-03,-8.618297203458735734e-02,-3.014003908434818857e-02,1.157918925366280445e-02,-7.152397082510998649e-02,-1.375481714919436771e-01,-1.005219063088297060e-01,-1.115743260132938570e-02,-7.395586275299005641e-02,-5.248678986376906913e-03,6.333335650767468739e-02,2.310929166053448947e-01,3.904140971460208498e-02,-5.069948408753672392e-02,6.429284942802221403e-02,-3.054417722154389656e-02,-2.911083229052966598e-02,1.032700016908479901e-01,-8.586581400755337323e-02,-2.336224383752667430e-02,3.274314895449964135e-03,-1.008077352326133685e-01,2.633673890743923069e-03,-4.403171274915669564e-02,-1.427428629644117257e-02,-1.129892831812300130e-01,-8.437750845353213236e-02,-7.737165343252630501e-02,-1.374143905736673887e-01,-1.726579404965983278e-01,-1.147099560124899692e-01,-1.368087215827296088e-01,-1.824630308130025247e-01,-6.189885135268202720e-02,1.563184134646686541e-01,-6.102710657323027338e-02,-5.194437086309152546e-02,1.712011606104135164e-01,1.252518521025632880e-01,-2.409210553676464917e-02,2.712572567537500576e-02,1.333988374549348599e-01,8.384843462227441202e-02,1.310476001077611752e-01,1.281721268521377743e-01,1.027073142498870634e-01
1.877302607546882385e-02,8.621665097478234396e-03,2.953816380855109336e-01,-2.916900129817749376e-01,2.971944892024835916e-01,-2.910700495286838718e-01,1.282439785046518010e-01,1.354597292039991796e-01,5.919167301418262056e-02,8.331138899315843060e-02,1.325342982680831616e-01,1.048471202684051438e-03,5.019836498324786733e-02,-6.311756071604050777e-02,-7.570931955612496267e-02,-4.324741277763915386e-04,-4.005949355781591309e-02,2.959365968845878991e-01,-2.959165767947671832e-01,1.839446416449375468e-02,5.816643453905486622e-02,3.392893604543212923e-03,-2.003068628076118667e-03,1.331360128804653757e-02,-3.918341128067823198e-02,9.920223674352546261e-02,5.145340820560398432e-02,4.836204763181394667e-02,5.906636150654857170e-02,6.503866414698956933e-02,8.280749969722502046e-02,7.477570335324787432e-02,2.702776065737412525e-02,8.209514200456491384e-02,8.613291851551313494e-02,5.179983743678034241e-02,2.889185706977770440e-01,4.824525276295925647e-01,4.953297746014426184e-01,4.563504552242449441e-01,1.000000000000000000e+00,1.279925486498904585e-01,-1.996653783030812312e-01,4.145739317382178268e-01,1.848091229525752333e-01,7.152003087176266038e-02,3.301262950199474466e-01,1.026616047016376820e-01,5.176811652024482929e-02,1.381133466574920310e-01,3.136996031809664159e-02,3.552170372665216375e-02,-1.409372944129836658e-01,2.614249704474010116e-02,1.358614915956135039e-01,-8.974105410273867933e-02,-2.976337186872230478e-01,-1.298889302582148519e-01,-1.704994713065406953e-01,-2.557295201396929674e-01,-7.780704944499607090e-02,-1.164265857831403295e-01,-1.785785347642808163e-01,-1.347618583985873419e-01,-7.701721408586441331e-02,-5.842475724745574151e-05,6.916802604924415787e-02,-4.583704338755630048e-02,-1.125388537531228222e-01,2.098088074737580744e-02,-9.133184789613382759e-02,-3.789626394016490374e-02,-2.777408862006190693e-02,-1.706762783439614850e-01,-1.095646311205176332e-01,-1.930339948402021166e-01,-3.797260601974545430e-02,-1.066934346305165732e-02,-2.713544962914690717e-02,1.676016076485286332e-01,-8.555028013531759679e-02,1.714065917714441556e-01,-1.638536894053529980e-01,7.625509338854083441e-02,-4.871187987637500688e-02,-6.047400581623711691e-02,-1.907544112707032849e-02,5.669883645881138023e-02,-4.956352542775293267e-03,1.847822784690775905e-02,-2.033128720997761166e-02,-3.801592534201497092e-02,7.372998469468637975e-03,-2.468761501390464783e-02,3.272592936186800860e-02,4.909453593040301322e-02,-4.028100486163038382e-03,-9.059537044260337901e-03,3.431056662477464936e-02,-6.189800425298722097e-03,-2.584625212649784357e-02,9.155344914575733184e-02,1.649044319588261476e-01,5.377340789620361355e-02,5.952354667621066048e-02,5.850437416797554108e-02,1.746834982400310710e-01,-1.602929896311568736e-01,-1.163458792127754562e-02,-1.951127683742791552e-01,3.597792538834409387e-02,1.313421091176951716e-01,-1.275681364326537448e-01,3.751899622424797326e-02,-1.000545593390147342e-01,2.854864215461545840e-02,-3.148369951822289209e-02,3.069828364914092139e-02,-4.672447459427654659e-02,-9.890489735857602160e-02,-1.684631610118871858e-01,-1.544228818830378214e-01,-1.241170925693310112e-01,-1.852181521129530328e-01,-4.753655418130954546e-02,-1.710459105596404406e-01,-1.929788039409719713e-01,1.605000653422994084e-01,-2.378490624646791007e-01,-9.566678400967051910e-02,-1.494864266439767386e-01,-1.384422131072013951e-01,-1.596776264266062118e-01,-1.363399743240103212e-01,3.883662170092463256e-02,-1.196170616520772223e-01,-8.549852441156483018e-02,-8.252078952511404664e-02,-4.472310318365409904e-02,-1.136496550412991607e-01,5.323048698300177073e-02,1.446175345129719902e-01,3.754369896185620614e-02,-7.434627111716458903e-02,7.823149489814523738e-02,1.887287907859478975e-01,7.771724854989195408e-02,4.011807665167261422e-02,7.008626434445347497e-02,5.325725468533611118e-02,1.098291370336686307e-01,1.027891421819446538e-01,1.001891445017276117e-01
-4.787827240434264914e-02,-6.727611309268419215e-02,1.384015853564966037e-01,-1.412293486207983062e-01,1.396919136933885697e-01,-1.419533475579962678e-01,-7.934710253470303454e-02,-7.244989197843622331e-02,-7.577649973197812805e-02,-2.047757950061026427e-02,-8.770526905915618232e-02,-2.115276031507147894e-02,-2.351864243905675556e-01,-3.338051699281507911e-02,1.629054726506390105e-01,-4.515818912830481258e-02,9.778568769165088548e-02,1.409160492985370716e-01,-1.397968487239031610e-01,1.263847797038419318e-01,2.687807042044704567e-02,-9.746577899127077671e-03,9.818236161244503490e-02,1.721524083971742725e-02,-2.974377675036561641e-03,5.134939084501529555e-02,2.849005970593762593e-02,2.523064403316390564e-02,-1.417551989253164509e-02,-8.991247452016802588e-02,1.390214557792873902e-02,9.861440425905223378e-03,-6.423931510654852517e-03,4.535685881867698027e-02,2.927569465180187083e-02,2.027010752658132617e-02,6.252855073665536390e-02,2.146955684621802141e-01,-7.888858933478071211e-02,4.668386422650353529e-01,1.279925486498904585e-01,1.000000000000000000e+00,6.658554411965890429e-02,3.171257672166551411e-01,-4.892332624538844321e-01,7.641678879250918266e-02,1.509734798463159833e-01,-1.628301492186020882e-01,-9.881628614775703201e-02,-2.740515928676511004e-02,8.405066744469970319e-02,-9.242851396884727011e-02,-1.378922398460033505e-01,1.315115677474966438e-01,2.127016181966113750e-01,-1.116705721492283337e-01,-2.309719698869699411e-01,-4.946927797579412506e-02,-7.683090346807088314e-03,-1.712889922769085804e-01,-2.761590641249429389e-03,8.510512431867418154e-03,-1.081695379333768720e-01,3.600297823392625829e-02,-2.024213021193823486e-02,-4.022053214474650973e-02,-9.941561961713482609e-02,-8.996942242706297554e-02,-1.409790550682092462e-02,-1.042970977748112066e-01,-2.266453770324367359e-02,-5.879011184472543103e-03,-5.413225207460325289e-02,-2.253997780426165651e-02,1.526388918383362638e-02,-1.091306411870089366e-01,6.453112916998868243e-02,-3.474153865625398407e-02,9.476858503088757615e-03,-3.304506422329844123e-02,-1.174019130334718886e-01,-4.597392413568687775e-02,2.925020155667557367e-02,2.132624268916833918e-02,-1.494665856489355849e-01,5.318515041863557981e-03,-7.869647399883442085e-02,1.678016171942579016e-01,7.397527320026205284e-03,1.008851725053610537e-01,4.640626698539162404e-02,1.750472395129249511e-03,-5.279100998449230003e-02,1.091300577071089989e-01,8.953983773491333564e-02,6.620991609291362878e-02,1.755873879612007971e-01,-5.091478812178073035e-03,1.181199189195055038e-01,-9.646219664888065759e-02,-1.878895772007881451e-03,9.818636929970613048e-02,-3.052782981234455559e-02,5.935092183856959663e-02,9.424849786768148274e-02,-9.697204703187663200e-02,1.606972858425478184e-03,3.570281707696267709e-02,-2.107554080377058991e-01,-6.052789380290093252e-02,1.543916670105823230e-01,-1.118935907210714259e-01,-1.747827881317020049e-01,-6.986206741637970841e-02,-7.262008132941269456e-02,-9.245795424741190538e-02,-8.165355047742452188e-02,5.412127821516280607e-02,1.413324588147626126e-01,-2.414063672586123921e-02,-1.095634028127011467e-01,9.782411408048773127e-02,-7.942618166236274646e-02,-4.300660019644399895e-02,-3.026854974144189622e-02,-1.627967156479676880e-01,-9.045558747859575033e-02,-3.316921921283169650e-02,-8.541150090333668454e-02,-2.058559881644531769e-02,-3.487129704628857269e-02,-5.302011232163428983e-02,1.163869372987678431e-02,-1.272556750747432519e-01,-3.057847847521395074e-02,-7.524521781024462279e-03,-1.005744267397297304e-01,-8.507430062808624127e-02,3.775225630714619529e-02,-1.247080080301914279e-01,1.035441985056443776e-01,1.780639834350891404e-01,8.052626300058121633e-02,-7.336724188289094062e-02,7.486775536105054474e-02,1.921959746444898420e-01,4.071510162366832886e-02,6.163567859914540620e-02,1.641623092351924273e-01,1.547300846808840336e-01,1.658714811932494315e-01,1.569461944053908431e-01,1.615658082973333576e-01
-4.945534357580760182e-02,-1.001346900472269569e-01,7.203227651764863848e-02,-7.769824022412211151e-02,7.080307617734650505e-02,-7.687056690661472902e-02,-9.454736525682758130e-02,-1.022813053499754404e-01,-2.880238579312544706e-02,-1.536518025183863587e-02,-1.578699211724580997e-02,-7.980483650289896258e-02,-4.749896072679397896e-02,6.501280999422229777e-03,-9.737115292909336722e-03,-6.607496365061168997e-02,-8.883470897026818358e-03,7.490094832773878941e-02,-7.508822737753842458e-02,1.406548635830358329e-02,7.453257139101844564e-02,-4.716183847948274971e-02,-8.886781569199281305e-03,-8.349570397154851276e-03,-3.629421885366048567e-02,-7.157602558850245655e-02,-1.004301107142912264e-01,-1.515044119669815281e-01,-1.137994235212892863e-01,-2.748058196055629399e-01,-2.337411971035912028e-01,-1.377261440484218447e-01,-1.788328880834763324e-01,-2.883277233595138433e-01,-7.144970860484160802e-02,-2.515931090615339816e-01,-2.906079369418942959e-01,-4.304166347143343896e-01,-2.805758526835019917e-01,-2.416722063459948167e-01,-1.996653783030812312e-01,6.658554411965890429e-02,1.000000000000000000e+00,4.957358831133244492e-01,4.735296782538236382e-01,7.192807105302297943e-01,3.059632308518847044e-01,4.704679378500110087e-01,2.875615101432565379e-01,5.334864947065733748e-02,1.382473727644824568e-01,-1.595047646300733479e-01,-1.151289901632929213e-01,4.091798873156957117e-03,1.434587605101292074e-01,-4.179464965212615485e-02,-7.167886065367108650e-02,-1.061289389628324864e-01,-5.626221766848515243e-02,-1.391095365193474043e-01,-8.093658726466304576e-02,-8.066186639406247583e-02,-2.033194375029235001e-01,-2.345953105638270419e-01,-1.421845905017421197e-01,4.167827848564795851e-02,-4.643008706377887984e-02,-1.725874433365839622e-01,-1.575639046754903350e-01,-1.118564780086361982e-01,-1.316150422196481207e-01,-7.839396532280470953e-02,-6.663324326643248197e-02,-7.786322327906815277e-02,-3.532425640663658384e-02,-8.864004511137155151e-02,4.204216827099144932e-02,-3.060477391057154703e-02,7.940194132927903738e-04,2.402102072847166203e-01,-1.124251099704838830e-01,-8.635890315240445092e-02,-2.462080606851586306e-01,-2.694747309063413518e-02,-4.695698988829127146e-02,-5.739386504217425938e-02,-6.324394979416742002e-02,5.772310636338880141e-02,-5.705179732332519606e-03,-1.168402041633135290e-02,6.050981190616140648e-02,5.217059505826989255e-03,7.354079880246973400e-02,6.923885125014865582e-02,-4.929078575808969187e-02,1.105072667639076800e-01,5.717244418737101735e-02,4.708161687091517306e-02,1.903405549191357349e-01,1.597294167166778689e-01,2.144693089592049906e-01,1.484220235686174727e-01,2.478354451723065455e-01,1.037465657039657735e-01,2.035253078864989462e-01,-1.390215191329625954e-01,1.312075581010553882e-01,-2.362421234109126078e-01,-2.506482466820270094e-01,-2.622511440380664860e-01,1.316004569493455234e-01,-7.666356815310656266e-04,-2.228712174681575509e-01,-1.304497982492464764e-02,-1.541309485231387166e-01,-6.381282378492783569e-02,-2.044452337718598856e-01,6.709972849726821009e-02,-1.349226190417598670e-01,-1.114241272725692705e-01,-2.475648345427759467e-01,-2.884117578124868568e-03,-9.387174414639139208e-02,-1.285574208815042085e-01,-1.025047012061433699e-01,-3.848115650428301365e-02,1.335525623970997347e-02,2.439895629433826152e-01,-1.498949376061607490e-02,1.008242491790309475e-01,-3.821379405154991249e-02,-5.801026902556729453e-02,-6.536832370067360842e-02,-1.656484569564301013e-02,7.533665622728093203e-02,-3.964236675390102327e-02,-6.301475486646657131e-02,-1.524261857963197554e-02,-1.572986070342195508e-01,-7.478579775091008519e-02,-1.683272995783597070e-01,-5.988349084674460254e-02,-1.197936451143897518e-01,1.270731054659749171e-01,7.662279840716323953e-02,-1.211932215653766104e-01,-1.148885961405141931e-01,-1.057162210586045925e-01,-8.448529209242035265e-02,-4.628329261051768173e-02,-7.707809541379793961e-02,-7.432832568189914890e-02,-5.784650791914924817e-02
-1.153039759414160870e-01,-1.586452923679886606e-01,2.628997901543296267e-01,-2.686529053022135849e-01,2.663372250356023097e-01,-2.684023910758305265e-01,-8.615960375527967341e-02,-4.405994952626072353e-02,-8.148131356648521950e-02,-4.655132685995696379e-02,5.552685137109564240e-02,-1.235690622387738413e-01,-9.789402924240157497e-03,-2.375359463786503450e-02,-9.540511621817494847e-02,-7.516132910767935049e-02,-1.061644742126345992e-01,2.656686542888285207e-01,-2.721459651227953747e-01,1.437195499166066259e-02,-2.578265946869661568e-02,-1.183203594245632456e-01,-2.524511588448884528e-02,-1.538931812462000503e-01,-5.859908864466708417e-02,-6.933122158006450875e-02,-1.478528884236845475e-01,-3.121569601345939790e-02,-3.836718054677722145e-02,-4.152747573261236780e-02,-6.131013328387465051e-03,-1.148402686532028726e-02,3.193471414837835420e-02,-4.548136964768419860e-02,-4.013428676810715245e-02,-7.220506125863811187e-02,-9.894837509206678636e-03,4.100005865651869252e-02,8.699316776402200857e-02,1.585692121739434024e-01,4.145739317382178268e-01,3.171257672166551411e-01,4.957358831133244492e-01,1.000000000000000000e+00,4.749064306428861237e-01,6.157737705131915984e-01,6.871648522909766799e-01,4.060593503421459638e-01,1.613560461138111302e-01,1.515726047730296677e-01,9.550142973834206683e-02,-3.784574316963612572e-02,-1.571954702559713035e-01,-1.755602534468112333e-02,4.203940771676638599e-01,3.679967914320390193e-02,-2.627275569151926171e-01,-1.120993490283292704e-01,-2.093523436449302166e-01,-2.613076120142080461e-01,-6.722260576052295489e-02,-1.838342525504224889e-01,-1.791863746123124046e-01,-2.029063494889117303e-01,-5.832310792021076079e-02,7.593692383904000753e-02,-4.234377554610617954e-03,-8.152859624663322258e-02,-1.851552945274025919e-01,-2.088712005820569234e-02,-6.388917249820241784e-02,-5.670331977912473898e-03,-1.801424687125946153e-02,-4.659038900237630343e-02,-4.215461562427666453e-02,-1.324294475738631016e-01,7.164549373694538426e-02,-1.876377722115053445e-04,-3.825546114638010871e-03,9.852002018789453308e-02,-2.746352493005216888e-01,1.647248674989632705e-02,-1.014688126577160815e-01,-2.077699687623519448e-02,-1.025387840813156565e-01,2.958396154811990253e-02,-5.110004239278739813e-02,5.058692787848730055e-02,7.915292005021722825e-04,-2.743697082409838478e-02,8.038196830551398719e-02,-1.869296158947418227e-02,4.179861090608435331e-02,9.821179043259922747e-02,7.317077864480397986e-02,9.867907361665423371e-02,6.833661379052195783e-02,7.508942198186459305e-02,2.412795603598393568e-01,6.020381492392556239e-02,1.311470727080867316e-01,1.934889291204104356e-01,1.038074005201406746e-01,1.297624871994341456e-01,1.812986208352433681e-01,-1.210242774803300531e-01,9.686379231830913317e-02,-8.723170555805784265e-02,-2.887998779607469091e-01,-2.277412607872265349e-01,2.647638789896630263e-01,3.493467147605431450e-02,-1.980469088250333687e-01,-6.830644649493135268e-02,-1.896430161210473919e-01,-1.487394384145388770e-01,-2.163395374707068886e-01,-4.402518204450127370e-02,-5.998611344972872711e-02,-2.203952235164501061e-01,-2.833811526230633482e-01,-4.592686878827164504e-02,-1.699059498469724372e-01,-1.857365027130975510e-01,-9.343737448314347327e-02,-7.136260210109131308e-02,-1.270612746574307783e-01,9.328469332845443218e-02,-1.014192965002270463e-01,3.571070252641303511e-02,-5.074446773315597486e-02,-6.821576911097501639e-02,-8.888506799991104101e-02,-3.616268239938637968e-02,1.067978938253245358e-01,-6.182819916350262152e-02,-9.514310058518277158e-02,-8.161416044630966093e-02,-7.404935431706902160e-02,-1.577588643997271112e-01,1.062141895385657758e-02,1.638022792660883409e-01,3.245765790689309881e-03,4.096415417901147667e-03,1.415325068374453099e-01,1.489305063575386279e-01,9.353592242471385834e-03,-2.276231981096530840e-02,9.218756064454308730e-02,6.382123525870264658e-02,1.162449192889108557e-01,8.478237179240163957e-02,1.047767909720829782e-01
-4.442873350269570254e-02,-3.154097608295670929e-02,1.859561077631894654e-01,-1.887581361862604723e-01,1.870967270418376072e-01,-1.883313606329682921e-01,1.583059873342297641e-02,-7.810124481070904352e-03,2.695008411580579813e-02,-7.203497542884537350e-03,9.311198128389631956e-02,-1.100070437839868742e-01,1.730538124422071333e-01,2.209339439971049271e-02,-2.117490054293642843e-01,-3.914374006566204156e-02,-1.656400481355536358e-01,1.862819813971516858e-01,-1.919465709893315719e-01,-8.988381155416544366e-02,1.244825363047701375e-02,-7.622103854635696452e-02,-8.537043500233088000e-02,-8.156051550423125407e-02,-9.796534762895413306e-02,-8.351221331110975088e-02,-1.287204200552062860e-01,-1.035123085982239677e-01,-5.033433842625978372e-02,-7.554653502409823529e-02,-7.446746212663006570e-02,-1.032577305534469192e-01,-3.127894281978320368e-02,-9.727623759594297703e-02,-2.156477595925599539e-02,-7.285053639583495555e-02,-5.098917043600836863e-02,-2.121693482629715133e-01,5.603980988546562736e-02,-2.239637448151079735e-01,1.848091229525752333e-01,-4.892332624538844321e-01,4.735296782538236382e-01,4.749064306428861237e-01,1.000000000000000000e+00,5.093608885895084537e-01,4.635056685488566641e-01,6.170785769556701439e-01,3.348170672862674224e-01,1.295372622431565923e-01,5.402406637009633805e-02,2.682493420964625341e-03,-3.354981152397540356e-02,-1.158762395344166835e-01,1.306570536151110407e-01,3.988644819667613861e-02,-1.442378336419620696e-02,-2.793809943101606755e-02,-1.183022320456000864e-01,-7.490342106870283290e-02,-3.036339093417111945e-02,-1.160574312804076719e-01,-8.592729002660957904e-02,-1.981078100339758452e-01,-6.305321228117738430e-02,1.191861814392444208e-01,8.515758321362554284e-02,-1.154860373354091828e-02,-1.126142231847140490e-01,9.154695080956630482e-02,-6.090260231163310833e-02,-3.470472989560368163e-03,6.242277747672535237e-02,-2.374346952404960895e-02,-8.172390226489813225e-02,-1.809618813359224407e-02,-1.575607415679419407e-02,9.695483339684299318e-03,-1.202324201073473077e-02,1.741810960270990249e-01,-1.545700742680456707e-01,3.567049282538349575e-02,-1.730846282558425320e-01,-4.656162144587983054e-02,3.448098680181990727e-02,-1.161418472496908785e-02,1.334118180938458423e-02,-7.508543617676376181e-02,-1.853585901788736695e-02,-9.373671714331995031e-02,7.808448326440546421e-03,-1.149227301322829770e-02,9.306003086953892889e-02,-1.455662195322151957e-02,-6.517326647766318037e-02,5.202782129770013031e-02,-7.147562193366699401e-02,1.015951726195597205e-01,1.274254473731825932e-01,1.759995358267659737e-01,1.782575389697279022e-01,1.059254304550302228e-01,1.765972483758433409e-01,8.077440304970180673e-02,1.005835625404491174e-01,-2.504127609206775046e-02,1.378354336278265480e-01,-1.652084477720597855e-01,-7.054125148697577841e-02,-2.060709640970539436e-01,7.268245476069851163e-02,1.506743290060698903e-01,-7.012836896922286511e-02,3.091654101701266089e-02,-1.104827270859664590e-01,-4.421282776885656490e-02,-1.466263658564756489e-01,-9.032959447234278905e-02,-1.987320229771778191e-01,-1.998645489572940526e-01,-1.770412955284156320e-01,-1.514985398448691900e-01,-1.067798020752304261e-01,-1.265482858392185106e-01,-8.048876453038389389e-02,3.636864550933349011e-02,-3.417618039942423719e-02,1.696028229639218177e-01,-2.880862866646424422e-02,4.632337444290242356e-02,-6.438264166615473294e-02,-3.942768916640071453e-02,-1.368616870110317407e-01,4.495568698988693102e-02,8.833087827110917833e-02,-1.018926696748280042e-01,-2.753266817607203862e-02,-9.579165961749526101e-03,-1.695202680662184214e-01,-4.904872100405656410e-02,-1.420475733308867172e-01,-3.797593940491756498e-02,-1.155242959862521068e-01,1.098845174650237150e-01,8.740492807669915376e-02,-8.810917153385279532e-02,-4.705358789566197603e-02,-4.923675575388199860e-02,-9.167429690254622066e-02,-5.641170813184327726e-02,-4.318945630169448990e-02,-7.115184591692443050e-02,-4.736568696189361050e-02
-1.161779285682248419e-01,-1.736325074965645032e-01,1.636124991468931589e-01,-1.695734603029203091e-01,1.645484746572914714e-01,-1.698394451677617822e-01,-9.980417544138092678e-02,-1.914780572189181754e-02,-8.074974204618715068e-02,-1.551942643417572772e-02,6.695546447177679050e-02,-5.212720992672000009e-02,5.512094211093292867e-02,-3.568794699973579666e-03,-8.411585882397777658e-02,-1.290313141511038007e-02,-4.664910678076230471e-02,1.672942414548423962e-01,-1.691946001635707686e-01,5.710217633507710944e-02,7.168237208858657672e-02,-4.887318936732452934e-02,3.948087547711977979e-02,-3.229050419370862318e-02,-1.573638148963375782e-02,-4.312409347831725609e-02,-8.983087228688373116e-02,-1.155355413911586943e-01,-6.185942193298620689e-02,-2.043682317518951130e-01,-1.823034536273991923e-01,-8.607057178827344501e-02,-1.548627666553110127e-01,-2.407837400590390198e-01,-2.393524312244077121e-02,-2.050568354035129381e-01,-1.708211523616675609e-01,-2.212585257434796226e-01,-8.809144966693760459e-02,-1.107634394148146184e-01,7.152003087176266038e-02,7.641678879250918266e-02,7.192807105302297943e-01,6.157737705131915984e-01,5.093608885895084537e-01,1.000000000000000000e+00,4.996285260786518800e-01,5.430650484875576556e-01,3.222517447742777597e-01,1.084886305448549276e-01,1.675027055863967107e-01,-7.947633570879125697e-02,-7.227345650691460732e-02,9.528495128537071979e-02,2.445471562895183970e-01,-1.726227970493780448e-02,-1.296925383388403408e-01,-1.319073828453937725e-01,-9.150992903358314001e-02,-1.899381873740863536e-01,-1.007057488828618230e-01,-1.254902767610101555e-01,-2.200017071088948839e-01,-2.772584350974889866e-01,-1.025840217666734028e-01,6.264238724223389343e-02,1.116366975027113621e-02,-1.123107824797008047e-01,-1.849618501150233629e-01,-9.432691620585942349e-02,-1.016721431550438315e-01,-9.167374411857755201e-02,-1.202273042873611558e-01,-8.577771969863276502e-02,-9.801330071162321633e-02,-1.608190098751433317e-01,1.446443793267510221e-02,-1.012767732773812851e-01,-7.083871517749991409e-02,2.043008951884049129e-01,-1.788337001829643225e-01,-9.350089792767617147e-02,-2.117959481099867813e-01,-4.998753439609223553e-02,-2.007714701700227811e-02,-1.516506207538826333e-02,4.330414955429151037e-03,1.537703903285026208e-01,7.330072697552135474e-02,3.098594308219702539e-02,1.357500435948882644e-01,5.966961862809488926e-02,1.116375066453809406e-01,9.234301046855192263e-02,4.461920994463374618e-02,1.437637033000409015e-01,7.623530785576239366e-02,9.449307606908798063e-02,2.160253753042812586e-01,5.856972734604283526e-02,1.484736060650978795e-01,1.674469411637806160e-01,2.109722196124565741e-01,1.267863439807656312e-01,1.522416800627181821e-01,-1.993008025016447249e-01,7.836726086641764011e-02,-2.017941946718921631e-01,-3.200120612937012443e-01,-2.343870813332195324e-01,1.643325195221727042e-01,-8.083782506050227190e-02,-2.945548618662912066e-01,-1.101074923442884601e-01,-1.867115348977519962e-01,-8.932969522793568484e-02,-2.279822880044213851e-01,1.191631315118580337e-01,-6.636951730921236692e-02,-8.170148760103811136e-02,-2.516957693744149571e-01,7.464188519721036419e-02,-9.560223652548387185e-02,-1.329719063384066646e-01,-1.433052101743814005e-02,1.591940445592519154e-02,6.272455365012985506e-02,2.089473591557192422e-01,7.574343235862059792e-03,1.078699030428428574e-01,-8.619173256039973016e-03,-2.424011116045976522e-02,-6.053669512277317505e-02,4.014270074959093437e-02,1.057519821165545382e-01,-3.755361560379796154e-02,-5.625124706992572221e-02,-2.729570586944263244e-02,-1.322004242544093655e-01,-9.360177336055788833e-02,-9.924996965099001922e-02,-7.351363850546077661e-03,-5.459234343613691975e-02,8.653954146483761045e-02,7.070683254087854752e-02,-3.231290961673530943e-02,-9.243329799100490074e-02,-1.310267218666708033e-01,-3.546812156876156391e-02,-8.982182364381507619e-03,-4.005555669414623265e-02,4.470895333069034930e-03,-2.973468379600519799e-03
-1.218762012728192845e-01,-1.292256844275588568e-01,3.324094764413021430e-01,-3.384438616689591783e-01,3.365184280247165427e-01,-3.387224845880904001e-01,-5.883113902777017262e-02,-6.150438624917031749e-02,-5.260511855934456305e-02,-8.887188525194300581e-02,3.801145238900942303e-02,-1.405663098241073106e-01,5.098648165293771795e-02,1.391700297220864295e-02,-1.090144070697261769e-01,-9.756032243750019373e-02,-1.575658654845129014e-01,3.341706276910743623e-01,-3.438133821652386568e-01,5.630442849757139739e-02,-2.003400176639200114e-02,-6.729763205053709840e-02,1.303339921073692507e-03,-8.694700033381738691e-02,-7.706955929729772392e-02,1.010697042426775272e-02,-1.168525675952219178e-01,-5.036404711942210621e-02,-1.931641979447462285e-02,-1.196768637257144760e-02,3.513680148313621382e-02,1.509728325937519273e-02,1.316280165431382883e-02,3.110547270286780075e-02,9.376406360098951676e-02,4.824873247011094574e-02,4.217300036304346550e-02,9.577615577272170430e-03,6.087553904167020136e-02,1.128100304871299531e-01,3.301262950199474466e-01,1.509734798463159833e-01,3.059632308518847044e-01,6.871648522909766799e-01,4.635056685488566641e-01,4.996285260786518800e-01,1.000000000000000000e+00,5.182493431874981571e-01,1.853520223219689567e-01,1.682013395969819691e-01,1.565769337145327400e-01,1.328960776592284267e-02,-7.759896744904103139e-02,1.980889476916464914e-02,3.788422477793755849e-01,5.907224285588320335e-03,-1.979172683488235329e-01,-2.905173697813975831e-02,-1.501583954694646339e-01,-2.124208378322220425e-01,-5.124853758278906206e-03,-1.485861603219763294e-01,-1.324349939201105442e-01,-1.516291554671989894e-01,-3.103859486182414598e-02,1.040801949703432372e-01,2.264716485909423326e-03,4.429649469727670041e-02,-8.042634814084663464e-02,6.423072750185442048e-02,2.617830273587009454e-02,3.797293266776945175e-02,3.190712351229327282e-02,1.646726515180330780e-02,-5.035467529334404502e-02,-4.037740188946171982e-02,7.729797471645497020e-02,-3.027553178055968075e-02,2.735945244646567978e-02,1.550900952423454535e-02,-2.506593468347137477e-01,5.042706353195473140e-02,-1.961942090061598656e-02,-9.585131086825182667e-02,-3.168618542381750058e-02,2.971411651575740775e-02,-1.885732237190144295e-02,9.057134974182531190e-04,-3.489386593519718666e-02,-4.906396268839556540e-02,3.338375445623339294e-02,-2.676255606737525453e-02,5.090761114243457647e-02,6.312546505319424628e-02,1.323103526944504893e-01,1.169417922339379412e-01,4.567054241598274278e-02,1.036196966054503815e-01,2.234228499807015267e-01,7.442220267981310144e-02,1.344912158503714650e-01,1.199418018071216480e-01,2.158460782706322217e-02,8.991573463634737473e-02,9.180970758708742463e-02,-8.926143177660876560e-02,4.183399887988535626e-02,-3.984664200929625109e-03,-2.072010155780400209e-01,-1.409225761496207263e-01,2.593039204287307387e-01,8.381144417761027254e-02,-6.806322077139657922e-02,-7.539352567999955956e-02,-1.779903127829815801e-01,-1.838836092731580829e-01,-2.207795656538411311e-01,-1.203898368916879874e-01,-6.978142958933826467e-02,-2.401150804747702872e-01,-1.634855995955057095e-01,-5.679087576526424541e-02,-1.250245757759232135e-01,-6.600954473177048087e-02,-7.383253566325652384e-02,-9.821648474835282736e-03,-7.064009913265385798e-02,1.142321186065462131e-02,-1.070300897819514117e-02,6.455703181023038362e-02,1.390026157614372183e-02,-3.871245745688405709e-02,-1.170309978503496773e-01,1.478098609894908620e-02,1.046603329304123392e-01,-8.937564889822477432e-02,-6.328459967190999680e-02,-4.120695561607131546e-02,-7.084521619389186342e-02,-8.161278991744246036e-02,-1.148696214524300326e-02,1.034624903019920467e-01,-2.887498364572447379e-02,-4.618867572035201957e-02,9.064303849964504278e-02,1.092111424629203520e-01,-1.348348366155648070e-02,-4.842693777082070911e-02,5.394759473684375417e-02,9.787483354217682563e-04,5.468823515345316161e-02,3.668349532741976143e-02,4.369344937168255505e-02
-1.052168605073772467e-01,-1.048937214718102251e-01,2.238638841328561835e-01,-2.276774850725515609e-01,2.235640501268963409e-01,-2.276851539338510810e-01,-4.607179533187166776e-02,-1.117982858878004276e-01,-1.936055402509214568e-02,-8.354598925532476239e-02,1.617948100703344664e-03,-1.866602374239084428e-01,4.501313501131632561e-02,4.842791936810017517e-02,-1.826715089001961501e-01,-1.777390789499284918e-01,-1.893484079485036053e-01,2.251643548350980018e-01,-2.299462580921114441e-01,5.718233427800260144e-03,6.832219075258561154e-03,-6.254123073232380203e-02,-2.582216127225156477e-02,-5.133931733476446158e-02,-1.000097601175362338e-01,-8.960685167427726028e-02,-7.083071032524125565e-02,-5.930844559929433074e-02,-6.209774751630150330e-02,-1.943076670250658555e-01,-1.304925381168029752e-01,-1.076971306810543538e-01,-9.399703572714944444e-02,-1.031948623066853699e-01,1.781507810520762194e-02,-9.471542535305235710e-02,-6.181203691663238881e-02,-2.378979459175345479e-01,-1.275528038800972236e-02,-1.153662019670761707e-01,1.026616047016376820e-01,-1.628301492186020882e-01,4.704679378500110087e-01,4.060593503421459638e-01,6.170785769556701439e-01,5.430650484875576556e-01,5.182493431874981571e-01,1.000000000000000000e+00,5.212538903628101128e-01,2.884810396017699619e-01,2.663108070238981995e-01,1.082244311427023181e-01,-8.181406680579173321e-03,-8.134288457085707760e-03,1.563806944427096057e-01,-3.868145186028284360e-02,-1.580391453339144159e-01,-7.722540007233452686e-02,-1.422884455585512464e-01,-2.149332535216548212e-01,-3.575243471501634435e-02,-1.619319283540745780e-01,-1.562522446840950152e-01,-1.349333326870344463e-01,-3.612538004910346989e-02,2.450931403341050918e-01,1.031408696213318432e-01,6.326253235980980327e-02,-9.326177313145875281e-02,9.375790733419601952e-02,-2.112301381855051161e-02,-3.644892177287935991e-02,7.026487888051512198e-02,5.364349712617761529e-02,-4.781336514028538404e-02,6.290831560842134740e-02,8.200968629755930883e-02,1.695615902251046761e-02,5.026764092687201202e-02,1.600942233873293985e-01,-1.693342584393181527e-01,-4.323531477277947621e-02,-1.600525290791594279e-01,-5.521489808562319440e-02,-8.406537975888604686e-02,-1.123286288615086975e-01,-8.185171369265745178e-02,-7.437387156436603419e-02,-1.048108987201981368e-01,-1.596573911873246376e-01,-3.853807011032502495e-03,-5.399296133411439491e-02,4.358992382263358195e-02,2.151985786885711807e-02,-1.800005045559559258e-02,1.069567799354290555e-01,1.813978095534843696e-02,1.218795513609916975e-01,2.096988718595114431e-01,1.207383947135328844e-01,2.531797592199185876e-01,1.956987397386679428e-01,1.656891293488396422e-01,1.600745042007064578e-01,1.149441548895244608e-01,1.584995780330665863e-02,1.611457188026519938e-01,-1.466247137207860318e-01,-1.107272642280188596e-01,-2.239278549384434991e-01,1.619182610606439143e-01,1.575201578849946826e-01,-5.074760958615524148e-02,4.185303765665007725e-02,-1.240129746915062253e-01,-1.017715957817395545e-01,-2.005432273442625535e-01,-1.256217017248028589e-01,-2.036532902495105657e-01,-2.499133888334781894e-01,-1.890754908020849945e-01,-1.237129329660913296e-01,-1.554042396833791584e-01,-7.270421052232368953e-02,-7.033942085807383393e-02,-4.311953653201720457e-03,2.514371171243521413e-02,1.581641061555441596e-01,-3.746576885805313374e-03,6.967946081755593823e-02,-7.298987886361316428e-04,-1.846544120732810518e-02,-9.725222641140608693e-02,7.432263470371921685e-03,2.944461688077795736e-02,-7.195041517176639645e-02,-7.631286771372997046e-02,-1.140939612131361587e-02,-1.636340158034661763e-01,-3.290136241239247084e-02,-1.549121908021910410e-01,-6.126101984573766035e-02,-1.548425391461761558e-01,1.687000603236280677e-02,5.096486730498850370e-02,-9.965549457984834714e-02,-1.591146780008825534e-01,-1.566154605819336521e-01,-1.489716001154076652e-01,-1.019661104784632261e-01,-6.596804107951240170e-02,-1.068321292040459169e-01,-3.977784934210051165e-02
-7.079065038564061330e-02,-1.068703476941328251e-01,2.198415948049763369e-01,-2.241960663045076685e-01,2.200120512683334806e-01,-2.259165031388176981e-01,6.254858267790442024e-03,-5.563297889820344178e-02,-3.399321814310366646e-02,-5.754756458021322019e-02,2.606476011295163694e-02,-1.031207136040437067e-01,7.089255566530362762e-02,2.734034691299415745e-02,-1.022606232983600261e-01,-8.032676157513125859e-02,-5.930957982206380708e-02,2.194980677837514715e-01,-2.196230207841756432e-01,9.158300262677516318e-03,1.289548447493582828e-01,-6.792149958162742307e-02,2.619128644929090421e-02,-2.495727323201678977e-02,-5.240698670607991938e-02,-3.967874639088557476e-02,-1.156299918892087358e-01,-7.255945727332219208e-02,-1.140333977994093806e-01,-2.414999695716283645e-01,-9.159306334361483337e-02,-1.045747948022935636e-01,-6.381115401588184632e-02,9.167855882848213733e-03,9.608569935556085517e-02,7.206820296839887806e-03,1.063798400089337459e-01,-1.144467054580731447e-01,1.653599075114972616e-02,-8.579534771876150268e-02,5.176811652024482929e-02,-9.881628614775703201e-02,2.875615101432565379e-01,1.613560461138111302e-01,3.348170672862674224e-01,3.222517447742777597e-01,1.853520223219689567e-01,5.212538903628101128e-01,1.000000000000000000e+00,4.094993548390450377e-01,4.100160100784822625e-01,1.761609579879452325e-01,8.691659877903484821e-02,7.953343560179997052e-02,6.727696166716881643e-02,-4.495544360633451503e-02,-1.170297135420165918e-01,-7.642808790221389259e-02,-7.702204680740561138e-02,-1.427788228840740914e-01,5.663161481952826842e-02,-4.633544987559327921e-02,-2.476458020577946423e-02,-1.306012170099029590e-01,1.170221430182316336e-01,9.211107281846324379e-02,3.488968236173335680e-02,4.390100993491762027e-03,-1.199420428497419283e-01,-3.916156542079630987e-02,-6.449642821805305626e-02,-1.251954534774705197e-01,-7.755876282884742456e-02,-2.860307021711584741e-02,-1.019728524745502490e-01,-1.625424949654732248e-02,-5.338308739258986607e-02,-8.371925572149979677e-02,-2.392372650386988958e-02,2.666015078325227883e-01,-8.520371459872724818e-02,-9.243679969430639021e-02,-2.685639226312447891e-01,1.076761740543227645e-02,-5.174973273037283134e-02,-1.094478237859687064e-01,-1.619806989410069176e-02,2.826487025185629026e-02,1.986484086283285197e-02,-7.188521581851714526e-02,9.294920730007870391e-02,-5.179160048418970236e-02,4.713035600204534131e-02,5.566279478646796175e-02,1.315479924772612044e-03,1.344087692258113254e-01,4.591274307865202131e-02,3.100962431063009062e-02,2.053597771540715267e-01,1.095857393226329496e-01,2.167603087756668212e-01,8.653675094871757234e-02,2.697046475040932867e-01,1.386367565666294932e-01,1.028457716922319409e-01,-1.600328550667690780e-02,2.002576428316967527e-01,-2.598803541942506512e-01,-9.259341082244225418e-02,-2.643920128171182160e-01,3.212471756438700643e-02,9.297950414987672663e-02,-2.074555075553471128e-01,7.846684529487543691e-02,-1.289000553114146297e-01,4.235312711398195318e-02,-1.667446750963777202e-01,3.864359115838482406e-02,-1.793293851831530561e-01,-1.720950752684029805e-01,-2.458505531583241033e-01,-1.067000087931147256e-01,-1.687152437242315506e-01,-1.593928909950159400e-01,-1.763597722196146023e-02,-9.511753264639441485e-02,7.110367321775488969e-02,2.697243747671378977e-01,-8.057273353454948162e-02,2.490000381607533966e-02,-5.737280434818833180e-02,9.552004861825931156e-03,-5.144769657656229206e-02,-2.978227272097515657e-02,-1.174669417781645936e-01,-5.704876441440299289e-02,-7.358933660284718015e-02,-1.291330542385699630e-02,-2.151557635162273385e-01,9.040312309458450185e-03,-2.297036179316130078e-01,-7.938816517689901986e-02,-2.271952785154863763e-01,8.910162794364048788e-02,1.227443397679602310e-01,-1.833938906969555804e-01,-1.996096582304470735e-01,-1.654151177491476887e-01,-1.491023063420596206e-01,-1.419765470918681605e-01,-1.469044278490156119e-01,-1.118607267963728780e-01,-7.369407499360190739e-02
-7.030209686588445583e-02,-1.219593367083743329e-01,2.546204798943577652e-01,-2.554950314370253439e-01,2.555969835074731189e-01,-2.557809121004776531e-01,7.876728298480252521e-02,-1.721428040000952051e-02,5.434954650869400217e-02,-1.653634515789059387e-02,2.149116201481571231e-02,-8.942516834055276587e-02,1.867489320078951145e-02,9.088790870057037938e-03,-2.953689738620086588e-02,-1.041925177449387202e-01,-5.364730705135586225e-02,2.587241673954021048e-01,-2.541800912274201352e-01,2.660835725132505367e-02,1.294048380021448064e-01,-5.319309886789669317e-02,2.081540690121426798e-02,-5.447069977282914532e-02,-3.899196043127124006e-02,-8.639240257519519017e-03,-5.696081751646641517e-02,5.811886592942874796e-02,6.372562884613319767e-02,4.108918258699276876e-02,-1.078560203432592235e-02,1.633320710189496427e-01,-6.465473502705952613e-02,-1.136997704700013108e-02,1.582398031707293040e-01,-3.987199598077151297e-02,1.329281244785013583e-01,2.391312907687167741e-02,2.775252340240300652e-01,9.290361144777994906e-02,1.381133466574920310e-01,-2.740515928676511004e-02,5.334864947065733748e-02,1.515726047730296677e-01,1.295372622431565923e-01,1.084886305448549276e-01,1.682013395969819691e-01,2.884810396017699619e-01,4.094993548390450377e-01,1.000000000000000000e+00,5.271477448373050878e-01,6.227970618546559978e-01,5.592523781834791985e-02,1.879103956917959617e-01,2.205334482108857186e-01,6.936753155669460325e-02,-2.423420929195250206e-01,-2.273046092305835431e-01,-2.194815540075009674e-01,-3.022201304169528369e-01,-1.748751907518611148e-01,-1.796929625735711467e-01,-2.073207301225940824e-01,-1.608723832144364485e-01,2.725458654544660880e-02,1.365582512768894197e-01,7.009993339244542654e-02,1.097550000688195804e-01,-3.398270638619722145e-02,6.752916892145337247e-02,8.131273525131121893e-02,-2.304993138780283765e-02,-1.273603465216524913e-02,1.486327757918990411e-01,3.722567508616105719e-02,1.407412222980256866e-01,9.671675558050217558e-02,9.312433719104212110e-03,9.438578212933659839e-02,3.298592989247424445e-02,-7.122774967206964292e-02,-4.709463750844593982e-02,-3.290245830444927383e-02,-2.259733612877275200e-02,-1.384786994748836708e-01,-1.747684375387195121e-01,-2.783642412086771017e-02,-6.117156794661331859e-02,-4.415437942349156181e-02,-6.971919482080973784e-02,-2.841240362842118936e-02,-2.497593550173997021e-02,-2.385002440863443970e-02,1.883079070200792404e-02,1.468854471856750844e-03,1.375099274584851150e-01,6.300667023407756362e-02,6.267300110243924360e-02,2.099374310667523336e-01,9.569052684505176265e-02,1.787904122129288231e-01,8.581100679145683974e-02,3.458187562141496613e-02,7.555312602708262604e-02,-1.832668823814721099e-02,1.163728874383281910e-02,6.662850164716185852e-02,-2.306276750135456688e-02,-7.326191770935458480e-02,-7.195527860476967630e-02,1.400655052887934959e-01,1.097882044201888979e-01,3.312490041190827017e-02,-6.284779259343245550e-02,-1.364379642804346981e-01,-1.715887192504108316e-01,-1.827388158223142989e-01,-9.977372464884416703e-02,-3.431501877308523740e-02,-1.672537412413984126e-01,-5.163254143421953241e-02,-4.348098849630037399e-02,-1.415132598345124337e-01,6.858934482226740348e-02,5.577847532544009251e-02,5.267013108304113150e-02,1.075506350344613699e-01,3.202624139587608582e-02,-4.445492955139590530e-02,8.860612100075822978e-03,-7.183638892878876914e-02,1.531607505619355866e-02,-2.148362345812635313e-02,-2.216723450597829492e-02,-6.717161478419243770e-02,3.833783709369827791e-02,-4.387124892245169994e-02,5.303441234155478745e-02,-1.956263970855475209e-01,4.933809429734680591e-02,-2.806103042522374302e-01,-1.346146437103361571e-01,-3.032431287383505758e-01,-3.813221666732417858e-02,8.266038410965351191e-02,-1.955051993391355158e-01,-2.658168139223827109e-01,-2.043811170448301406e-01,-2.047493245566431308e-01,-1.631996492686481337e-01,-3.136418883377465466e-02,-8.902951268122356876e-02,-2.607197529809866798e-02
-1.192492506876912384e-01,-3.870440708680893127e-02,1.462380884979011253e-01,-1.524345421866201422e-01,1.477804663684647024e-01,-1.547020854528599332e-01,-2.257195367656180188e-02,-1.056737865130745468e-01,-8.743595055479828904e-02,-5.106637985919657702e-02,-3.717274672868749186e-02,-9.959400600014201022e-02,8.862803825922906109e-02,8.199750164194523350e-02,-5.186960143551882368e-02,-8.377268342960365877e-02,-1.341946474285555801e-01,1.489407248644469828e-01,-1.505830037924269782e-01,4.454344402273258813e-02,1.282414602338936283e-01,-1.339722139532749934e-01,4.552946703807290996e-02,-4.570994396191627174e-02,-8.474504210245929758e-02,5.388213443579915191e-03,-4.645969999886030016e-02,-9.063141332072811862e-02,-1.475349089143790093e-01,-7.963507563519180155e-02,-4.582336249930973882e-02,8.866746249812333669e-02,-5.849419927625815196e-02,-4.692219528093508757e-02,6.521349880737285776e-02,-7.365393437927725273e-02,1.249988512017202215e-02,-1.175317641824570186e-01,2.608260060312402734e-02,-1.313901244852016224e-02,3.136996031809664159e-02,8.405066744469970319e-02,1.382473727644824568e-01,9.550142973834206683e-02,5.402406637009633805e-02,1.675027055863967107e-01,1.565769337145327400e-01,2.663108070238981995e-01,4.100160100784822625e-01,5.271477448373050878e-01,1.000000000000000000e+00,3.538382693313730232e-01,1.496966008786399238e-01,3.127753974673361248e-01,1.832922557704259325e-01,-6.195594167560986715e-02,-1.946070001699688468e-01,6.444111079572861778e-02,-5.629086107375899650e-02,-1.832387233685138783e-01,1.012247289092423480e-01,-8.760697057662782117e-02,-6.908869119988750307e-02,-3.382851150265447221e-02,4.336126645466081841e-02,6.407655477643275921e-02,2.350293851880641202e-02,1.108812697315350940e-02,-8.443767903737953162e-02,-4.753708651378581868e-02,6.707219765179214810e-02,-1.217743683094772156e-01,-1.426054127422885509e-01,9.040703267786694142e-02,-1.186301736689427816e-01,-6.222862812732481846e-02,-4.466213222755461426e-02,-6.306201603124639288e-02,5.670254635221209927e-02,1.503741340830934414e-01,2.191502024531792603e-02,-5.682211363537240795e-02,-1.478163911125892349e-01,3.791862003802870529e-02,1.239960256232404134e-01,7.762398724196752087e-02,5.527468426416924652e-02,2.080868053784777627e-02,2.995030853429268836e-02,-4.783692729214649580e-02,6.889993733473145920e-02,-6.482661431461216820e-04,-2.190776948366266602e-02,2.379111252425012216e-02,-6.480296957874379093e-02,1.472754434143259787e-02,-8.330259018831315254e-02,-6.498472761681001186e-02,8.227639647176539228e-02,-8.282706605343889694e-02,-4.676414221688593095e-03,1.568389958241751814e-02,1.483890483832492058e-01,1.013681507141320631e-01,1.127228959380130874e-01,4.553626555888640876e-02,1.082702591857893915e-01,-1.454268248204909075e-01,2.016466145037047741e-02,-8.078945564691451808e-02,2.609718532744355595e-03,5.635017097367697042e-02,-4.219723940559260561e-02,-2.610212553200547212e-03,-7.884543392036610920e-02,-3.562518439193785701e-03,-7.815369187093025583e-02,6.569200715383925748e-02,-9.685519965227830375e-02,-6.452033594095470115e-02,-6.097413303752732133e-02,-4.730884184680084897e-02,6.867738879992643826e-03,1.590557718861105099e-02,-1.783889872085491282e-02,-1.316413396105072242e-01,3.956158390229560368e-02,1.528300433135900971e-01,-5.134362584829937903e-02,9.244904033259950318e-03,-2.991366567609756930e-02,-1.177595181652164869e-02,-2.153654382170174051e-03,-1.992268651138076607e-02,-2.735393510996212557e-02,1.167472073866523824e-01,-4.539353530886332949e-02,5.437386587414012179e-02,-1.179486963701719404e-01,6.076112949151203646e-02,-2.106814616094819792e-01,-1.561694578598062377e-01,-1.749142541126235684e-01,1.655677659868262652e-02,-8.504547589354108372e-03,-1.873557376834215638e-01,-2.306839419067238384e-01,-2.033948379334001855e-01,-1.450986097421395060e-01,-1.550765909239694706e-01,-5.316900824215651383e-02,-1.338281454600454001e-01,-9.518870569268162579e-03
2.945912072430184429e-03,4.638677156517239178e-03,1.726500907983584687e-01,-1.670496535626647128e-01,1.719052435605959994e-01,-1.688122091427553539e-01,9.140145658636425474e-02,6.658088102424300492e-02,5.650659747780689690e-02,4.460840201680731087e-02,1.114213105356825495e-01,-5.238857531081881139e-03,7.254555561147987830e-02,-6.799987832545122124e-02,-6.253964550310144033e-02,-7.765259829529243089e-03,3.112212059124084152e-05,1.709349024000565431e-01,-1.660204962601228851e-01,3.772085561465948061e-02,1.407412529543826119e-01,-4.869619900842401920e-03,-2.239082755362026278e-03,5.369001909690346991e-02,-6.709068808204704873e-03,1.888041976137708189e-02,5.513741277210800623e-02,6.785868464479190287e-02,6.086809991880235554e-02,8.596921947340506465e-02,6.408707190807694243e-02,9.387087200234824069e-02,3.888631628144346986e-02,5.482820142845921257e-02,1.030853835856971046e-01,3.624230169647781746e-02,1.469868120761360364e-01,4.699678705118786465e-02,2.572011209701944301e-01,6.243638221139877209e-02,3.552170372665216375e-02,-9.242851396884727011e-02,-1.595047646300733479e-01,-3.784574316963612572e-02,2.682493420964625341e-03,-7.947633570879125697e-02,1.328960776592284267e-02,1.082244311427023181e-01,1.761609579879452325e-01,6.227970618546559978e-01,3.538382693313730232e-01,1.000000000000000000e+00,3.499940525669160696e-01,3.275088837001088882e-01,-3.584703198744099151e-02,1.821995195994279282e-01,-7.474287749518801482e-02,-7.127932393181923842e-02,-1.922105002318574840e-01,-1.158408656886554672e-01,-6.311438057233913212e-02,-1.373726969879652537e-01,-1.489902920603276663e-02,-4.925639740446722398e-02,1.745493262824521774e-01,1.494887632154081880e-01,1.819598992663678805e-01,1.444548831694812963e-01,-2.929442898468902212e-02,9.094708535548516604e-02,1.218573178251785294e-01,-4.388730613152401483e-02,-3.983192148347046435e-02,1.891479287358270034e-01,-6.662365055142371872e-02,1.171783671754087208e-01,-2.822735284018875607e-02,-3.990015826804426541e-02,-1.374230760496264643e-02,1.323396607576099449e-02,9.318529012354546948e-03,-9.666195350604223080e-02,-7.613273703248312277e-03,-1.524877719693401579e-02,2.718435129687083070e-03,-8.167455625661815266e-02,1.066546452226349723e-01,-6.280585944742086979e-02,6.414025759572146435e-02,-4.464557030337650695e-02,3.535758269046337249e-02,-7.361425785087199677e-03,-3.583195815924037492e-02,-3.230655742438928030e-02,-8.641035200176715517e-03,4.082775783026080380e-02,-4.883991933235653365e-02,-4.540259291662349095e-02,2.035936232751624567e-02,-1.186780680624884843e-01,1.947919835385224924e-02,3.961122329540862214e-02,9.677930430851744426e-03,4.356681277551911757e-02,-1.987103978321368841e-03,9.628274331873021286e-02,1.028524430193344524e-01,-6.319421343205768905e-03,1.192911263741666950e-01,-2.885346324987811753e-02,-4.283686850360872433e-02,1.202121356366425281e-01,4.829178362431311294e-02,3.842498239949547478e-02,-1.370632065781444454e-02,-4.523483155020002061e-02,-2.700931608668930353e-02,-6.736461564161928817e-02,-4.632356894980563938e-02,-9.431534761432487646e-02,-9.093842245728946290e-05,-6.894130459906480657e-02,-5.282192685176661379e-02,1.214236252785778208e-01,7.652262121423816787e-02,7.549837541555771969e-02,1.213253216968435827e-01,1.098903779470877806e-02,-4.323748138765827476e-02,3.045963529973489542e-02,-1.615776478316751155e-02,3.431149325232772662e-02,3.683657137297760564e-02,-2.784393161894809648e-03,-8.441957774297430273e-02,3.184170701397487369e-02,-2.323762038061610510e-02,5.485224900728883496e-02,-1.113301462517276436e-01,8.604671115624776268e-02,-2.325146494798098484e-01,-1.717345569316775511e-01,-2.182981898424283251e-01,1.973669610038129157e-02,3.306776899429461625e-02,-2.124330616149484596e-01,-2.106594510176766633e-01,-1.987078696212206397e-01,-1.944688011648475767e-01,-1.397874411632442082e-01,-4.866301189349810791e-02,-6.813391092750063771e-02,-2.723205878028530161e-02
5.538961434857751776e-02,8.766092450671696644e-04,1.083269415866897484e-01,-1.034638340976416909e-01,1.106871933515474887e-01,-1.047917878005849290e-01,-4.288157422831880700e-02,1.102156361773935639e-01,-9.635429056745052623e-02,5.312799224949099619e-02,9.323802615437425112e-02,8.500730853462371006e-02,1.795786547775241881e-01,-9.060198716964725646e-03,-3.123214058206214179e-03,6.680331558765777167e-02,-5.673657061074337260e-02,1.045320379040036302e-01,-1.091253532842033219e-01,-2.021885927045903326e-03,1.456905947585630801e-01,-3.337861865939616146e-02,3.288789751388589144e-02,2.766907977108751943e-02,2.490468794348232179e-02,3.856960763751945964e-02,5.290361227199159161e-02,-8.027320248829168670e-02,-3.508213058896580278e-02,-7.725428990012769837e-02,-7.242455706577556607e-02,-1.328758574359550915e-01,-1.616781285363692866e-02,7.406158237221592555e-02,-9.263554431695367186e-03,1.554415357521636287e-01,1.140409164733463404e-01,-8.734902102088167031e-03,5.000541987676596078e-02,-1.746180721751390205e-02,-1.409372944129836658e-01,-1.378922398460033505e-01,-1.151289901632929213e-01,-1.571954702559713035e-01,-3.354981152397540356e-02,-7.227345650691460732e-02,-7.759896744904103139e-02,-8.181406680579173321e-03,8.691659877903484821e-02,5.592523781834791985e-02,1.496966008786399238e-01,3.499940525669160696e-01,1.000000000000000000e+00,1.875745124659743968e-01,-1.397485664054843035e-01,2.739692112639055543e-01,4.587812856329430145e-01,1.293765217629287145e-01,1.603748700295882235e-01,3.091508039291069321e-01,1.087773006308013352e-01,1.125378244783769022e-01,2.430444763838452427e-01,2.254959499662467226e-01,2.875541335448383307e-01,1.876399446494388112e-01,2.471485250312150106e-01,9.592920481900545082e-02,1.365397596610060105e-01,1.610685079411863785e-01,1.303767232052022162e-01,4.704942931579097348e-02,-9.548595564903512856e-03,1.564794512290656192e-01,-1.431239809964729263e-02,2.809919868438623056e-02,-3.077541707460944298e-02,-5.442075458754262046e-02,-1.299905534335221990e-01,3.687207528124537663e-03,1.194637130033078531e-01,-2.184075174660135010e-01,5.565088124433773768e-04,6.142745629711649814e-03,1.436628464116010695e-01,7.498827423716541984e-02,1.049402020359796461e-01,6.822864320678144467e-02,1.035235682581301803e-01,3.666174740715791303e-02,1.464612695745779458e-01,6.167069413563281560e-02,-9.014013022251136931e-02,-4.391462674942858690e-02,1.476411719408791089e-02,-6.880595278675921689e-02,-3.060460017721867640e-02,-7.188948438028593124e-02,-1.671899246222487700e-01,-2.780858775354363988e-01,-2.269938335856542255e-01,-3.110403055871866634e-02,-4.176454655486685347e-03,1.549275813913685539e-02,2.832415390139338476e-02,4.403804752216591151e-02,-6.335230579575784789e-03,-3.576431879255575607e-03,1.248589039635401993e-01,6.219724562637073823e-02,-1.398929898772434954e-01,-3.694129528527328316e-02,-3.569897535314226628e-02,3.174336927476341386e-02,2.109431068163191425e-01,7.748206376933923500e-02,1.689124357440524860e-01,1.767942912506431652e-02,7.744368285240746386e-02,1.617057152584256419e-01,1.682762166501036438e-01,9.830023597998835405e-02,2.941679733506659122e-01,1.878521091108270313e-01,1.457354087408269105e-01,1.271106552919583077e-01,2.093019060433874146e-01,3.586907763053540348e-03,1.454982240662814896e-01,7.722564692656817831e-02,1.724125160909655563e-01,2.133815552459707166e-01,9.542253603895381464e-02,2.115430500497445521e-01,3.114176745814022443e-02,8.917721441788616088e-02,1.112080365471859733e-01,1.546166005549192146e-01,8.203104665196239709e-02,1.616039303429326057e-01,-1.935107303762958336e-02,-1.488975378698423613e-01,3.876557701604695441e-03,8.446234007693675288e-04,-1.327527489478311784e-01,-1.183371472858189832e-01,-2.924408516918082165e-02,-8.325195171227990631e-02,-5.879126479357137114e-02,-6.514872485052777829e-02,-9.016442553547721062e-02,-2.448691473024171283e-02,-2.440091250679691029e-02
1.031971336015077541e-03,8.816614555327553435e-03,2.758998143990964991e-01,-2.725745193421507673e-01,2.756054595257326767e-01,-2.743938796100428568e-01,-2.408093357996191758e-02,9.568536621260352593e-02,-1.067416347710372637e-01,6.131321466321949104e-02,2.103274476583346653e-01,1.052439647678581891e-01,2.236046965134811382e-01,-9.815003499765331818e-02,-9.466788580329552061e-02,1.082840033456868301e-01,8.055944582688313177e-03,2.761288788173469899e-01,-2.724214218143867217e-01,2.198280691168965906e-01,2.770551589989173058e-01,7.041814566236563599e-02,8.516922029885247436e-02,1.653892606935094545e-01,5.266925179987864969e-02,1.339300069748858846e-01,9.338286896342533339e-02,-2.911446135061771315e-02,-4.897387067983106218e-02,-1.743483715833080497e-02,-1.318834492236778747e-03,6.644046434960754199e-02,-6.399141774683572703e-02,-3.756875521601420881e-02,3.049915133578835411e-02,-2.108703147466323494e-02,1.781032087887211846e-01,4.968740495647005345e-03,6.514993703824178972e-02,9.542424938028314096e-02,2.614249704474010116e-02,1.315115677474966438e-01,4.091798873156957117e-03,-1.755602534468112333e-02,-1.158762395344166835e-01,9.528495128537071979e-02,1.980889476916464914e-02,-8.134288457085707760e-03,7.953343560179997052e-02,1.879103956917959617e-01,3.127753974673361248e-01,3.275088837001088882e-01,1.875745124659743968e-01,1.000000000000000000e+00,6.194647436515957062e-02,-2.153734073578005281e-01,4.728309460744928305e-02,1.223128098589921220e-01,2.236706428543279168e-01,1.013471658374218154e-02,1.345804416627730538e-01,1.528923868669770647e-01,4.898207896166456923e-03,-3.705968473465882929e-02,4.650593081452675248e-02,-5.747129136338324090e-02,1.323638578545451028e-01,2.413955564716696242e-02,-1.224129411154476453e-02,-2.299019705039203124e-02,8.204205979487563805e-02,-3.717762440340168645e-02,-2.364676934994497104e-01,8.217922847612645770e-03,-9.576622210456194051e-02,-1.930759372885058334e-01,-4.498764820330185960e-02,-1.094766941098128665e-01,-6.841270429263983377e-02,6.810621805493657921e-02,4.613109883347873280e-02,-4.149601523063791569e-02,-6.690780224845691015e-02,-9.011202274977848925e-03,6.268862871368692524e-02,3.011268173058360281e-02,7.690005096600335821e-02,1.869379239422663541e-01,1.330071934176602078e-01,1.522010729184636313e-01,1.011786767763182548e-01,1.340613713484435088e-01,-1.425035833233107008e-02,5.362450936042286592e-02,1.699571665438893986e-02,6.048566555493522373e-02,-8.230793299538424757e-02,-1.368585104882447667e-01,-1.269303971128592501e-01,-2.751236858759033566e-01,-9.007777879578338087e-02,-2.267085476275034969e-02,6.390254852767342231e-02,-1.265868312551934275e-03,7.833533945839769863e-02,5.009021543924753461e-02,9.453124030115922505e-02,-6.820930392136183296e-02,8.177683875499718036e-02,-4.830246149529097976e-02,-1.391069822178716275e-01,-4.114576832959182529e-02,-1.317251809453211797e-01,-1.802378630132939197e-02,4.310022956191036925e-02,4.887532558872806354e-02,5.638696940643241756e-02,9.814812759775320972e-02,4.599712731682095712e-02,7.823695348932910298e-02,2.852958442122858346e-02,3.340159282032566235e-02,5.247328225416564296e-02,8.163150595010112975e-02,1.850486905980020802e-01,1.189736774375353863e-02,1.437411632408578666e-01,6.955781746575941116e-02,-6.591927211075224169e-02,4.033527813981566817e-02,-2.060904101612880124e-02,9.483457323763775162e-03,8.139468161349503600e-03,4.491939529351751670e-02,1.474520556831184891e-03,1.123484679150283522e-02,-4.324616669739777403e-02,5.017440843606338352e-02,-8.722881932251770609e-02,9.855266686212625638e-02,-1.640916210531356001e-01,-2.053954313181667046e-01,-1.106666724230839227e-01,5.275688893993558254e-02,-8.430804015187351452e-02,-1.871852726903424080e-01,-2.157874720796669199e-01,-1.528988051002222459e-01,-1.801491175902907027e-01,-1.194618563015322765e-01,-7.147924649907742845e-02,-1.014095077689503438e-01,-2.731824644560744766e-02
-1.220296210960404582e-01,-1.650449904879192908e-01,1.815678077833857151e-01,-1.911640983641213765e-01,1.832204491479533515e-01,-1.908721245982583636e-01,-8.831355630289365599e-02,-7.757741511333428319e-02,-8.373931961369154853e-02,-5.019705096927776916e-02,-4.129038069710030956e-02,-8.377210887289976426e-02,-1.412947818797877751e-02,5.364923862799730880e-02,-2.748270149596524544e-03,-6.701516081710015560e-02,-1.622756771897677225e-02,1.854328727867841642e-01,-1.924917639718673190e-01,7.606059133976586506e-02,-7.039735414318207263e-02,-1.027336740949667260e-01,-1.149132583493548201e-02,-1.989221648702330369e-01,-9.707166299121922082e-02,-9.128483087569562449e-02,-1.996271272692514143e-01,-8.383848297816470785e-02,-4.432937435249201773e-03,-5.641868725917138089e-02,-3.636393308725269918e-02,4.095985819791687216e-02,-7.679729920543017230e-02,1.652690588057940252e-02,1.376105779251102224e-01,7.899668170536719436e-02,8.674203448449731291e-02,7.117533979998541538e-02,-3.405144787019824537e-02,1.603181045447973629e-01,1.358614915956135039e-01,2.127016181966113750e-01,1.434587605101292074e-01,4.203940771676638599e-01,1.306570536151110407e-01,2.445471562895183970e-01,3.788422477793755849e-01,1.563806944427096057e-01,6.727696166716881643e-02,2.205334482108857186e-01,1.832922557704259325e-01,-3.584703198744099151e-02,-1.397485664054843035e-01,6.194647436515957062e-02,1.000000000000000000e+00,2.593659980099649598e-01,-1.536199402736911912e-01,-3.985247201537812922e-02,-1.126146090879111550e-01,-1.588164435944191266e-01,-7.855123364540021746e-02,-9.121286105763673491e-02,-7.306923093086653553e-02,-1.408798487790721976e-01,-7.838598128712981686e-03,8.242153097020513131e-02,-7.614546039107829289e-02,-4.637606065433215463e-02,-5.153262049105025722e-02,1.876136188367753810e-02,-3.512920234894791743e-02,4.001749145496908550e-02,2.223004057681381585e-03,-6.340670171996280746e-02,-9.434208853577149417e-03,-1.313923378769426276e-01,4.518285362303769287e-02,-5.162229161942457484e-02,-6.022820525099371186e-02,2.879947532412601569e-02,-2.811044997455564576e-01,-8.726935678598500210e-03,-3.421880076864133174e-02,-8.370935263203820031e-02,-2.822237385165136600e-02,1.768113699767392966e-02,2.784971139028851947e-02,1.306655714438553217e-01,8.346755664310850920e-02,5.423120957437225359e-02,1.739989000775254702e-01,1.327285010906790498e-02,7.468521557058879767e-02,1.688699477587988496e-01,1.626365296070782784e-01,9.920047550428441607e-02,6.700754495021887802e-02,2.007137125118598972e-02,2.153672534851839293e-01,6.872892768348951020e-02,8.634483644361587440e-02,7.040214391855241505e-02,3.409895226283579661e-02,7.565349030627378790e-02,8.312327614845509138e-02,-1.230068204180560371e-01,-8.066511354848432055e-03,-2.496868521171399444e-02,-2.528435766747279545e-01,-8.552878958883475269e-02,2.092653582053652095e-01,-6.545517003139329770e-02,-1.198283020148541433e-01,-1.510395752568004235e-01,-1.925073061803611874e-01,-1.583916281304899865e-01,-2.076801432695936089e-01,4.953192782662089143e-03,-2.358647563299127309e-02,-1.426918571233281030e-01,-2.365300789019116334e-01,-3.518930142331803956e-02,-1.459585102922153210e-01,-1.673796568540498186e-01,-4.253539786335877593e-02,-6.334957174379329814e-02,-3.763400603321069571e-02,2.830438264653809335e-02,-4.931328618020770077e-02,1.181462838509717526e-02,-1.018094134433984582e-01,-5.208428441431014327e-02,-1.048619593124360122e-01,-2.923791064544101204e-02,6.050117384711571622e-02,1.573350624987091689e-02,-1.160351521425174309e-01,-1.038711393114053194e-01,-6.584040643505177648e-02,-1.351763563153075831e-01,1.638054561927007602e-02,1.507925529276460952e-01,-4.855564428085883816e-02,-1.006748667551280452e-01,1.083645091656641607e-01,1.194798008207378220e-01,-8.162921583170476558e-02,2.034317981894994201e-02,1.365309763208144567e-01,6.671135173706771448e-02,8.143797614534285800e-02,6.552115076665759874e-02,5.563924030716567437e-02
-1.293244445513649053e-02,-6.877091657988647355e-02,-4.260093312305611446e-02,4.398112462828242947e-02,-3.983722959592480434e-02,4.496605018011724797e-02,6.716718207528285522e-02,7.454622075038434825e-02,6.641715310935888961e-02,1.227806486695935950e-01,-6.850425100295713665e-02,2.220042836609829873e-02,-1.009905440966221979e-01,8.521049159172459919e-02,1.722640189894110441e-01,-2.804488928539555434e-02,1.673948976277754852e-01,-4.270059858430844124e-02,4.334851836373593281e-02,4.354565094786420898e-02,7.791331320992529730e-02,8.219213233540949293e-02,8.786345523551106207e-02,-2.481130513572643581e-02,5.743481619063170451e-02,-6.754844657389874607e-02,-5.960886108195533745e-02,2.980695407186312665e-03,5.960564950614758578e-02,-3.345336031099870044e-02,-3.744707560303154464e-02,-3.034574088925030139e-02,-1.986545281698832294e-02,4.290348615641541991e-02,5.788135499399721384e-02,1.237922791079835438e-01,1.070624421810097288e-01,6.092543534631635060e-02,6.488036852664147425e-02,6.242457700380199537e-02,-8.974105410273867933e-02,-1.116705721492283337e-01,-4.179464965212615485e-02,3.679967914320390193e-02,3.988644819667613861e-02,-1.726227970493780448e-02,5.907224285588320335e-03,-3.868145186028284360e-02,-4.495544360633451503e-02,6.936753155669460325e-02,-6.195594167560986715e-02,1.821995195994279282e-01,2.739692112639055543e-01,-2.153734073578005281e-01,2.593659980099649598e-01,1.000000000000000000e+00,1.382655963645166020e-01,-1.836928951619405670e-01,-4.851147324421165030e-01,1.364818408521910609e-01,-2.510451005479196751e-01,-3.891266322900545638e-01,-1.449666628013195589e-02,-1.295942756828425135e-01,-2.100235774129195765e-02,1.454216636646168265e-02,5.628621353488830192e-02,-6.213548755945773328e-02,4.593778435501251478e-02,-7.722309595105822377e-02,-8.540485608847403487e-02,-6.489968669524312506e-02,-8.641627328654691298e-02,-4.547072686368454353e-02,-9.023288871080624440e-02,-9.198385002078378336e-02,-7.911347247559896712e-02,-1.731270909521612777e-01,-2.965353107925565723e-01,1.452526285986044108e-01,-1.864242587551403763e-01,-1.944192742719278166e-01,-1.506996222160711663e-01,-8.822121806629634744e-02,8.017448001615219699e-02,-2.154480527384870781e-02,1.529589201473439131e-01,1.147659957673150266e-01,1.350989124502356975e-01,1.042871893930453348e-01,2.414207373584795202e-01,1.648940949617641316e-01,9.710528271245097431e-02,1.350076210512745900e-01,1.207590103561963640e-01,4.665222405371110409e-02,5.978360373765356783e-02,-2.124756202973952443e-02,1.057947789639283737e-01,1.235630357094094113e-02,-2.494219805693560083e-02,1.374580703837401940e-01,1.474826435921160472e-01,8.064843369797626560e-02,-2.408926053705006884e-02,-1.558175881527852080e-01,-6.965066838162076168e-02,-1.520899045979526298e-01,-9.041835662443038768e-02,2.528062015093278728e-02,-8.072566397124091020e-02,-1.372685506436452374e-01,-6.677119803351792837e-02,-1.618003086337665430e-01,-7.703623142990256856e-02,-4.932471731810679494e-02,-8.215352128042550939e-02,1.332619873951940981e-01,7.200121395093729559e-02,5.155129621215256974e-02,-1.237395910707883295e-01,3.392174523935197888e-02,6.070720210818323498e-02,-7.620885331251291139e-02,-2.428730125562836642e-02,-1.286535099121228869e-02,6.251144217924979596e-02,1.492148080279060707e-01,9.351410898480087906e-05,8.297908449815022403e-02,-3.650579081273962103e-03,8.385592732781910197e-02,-1.409438655352323981e-02,6.822423742331576446e-02,9.383293338083751114e-03,-4.829224420941603119e-02,2.005970165314616832e-02,8.889342745806744217e-02,4.908373182000708157e-02,4.206717705189671336e-02,4.876499919664311136e-03,4.216932981544762454e-02,-5.015819660791555334e-02,-9.650672932312849561e-02,2.782261840782151302e-02,-6.399335563218642650e-03,-3.176952715288437062e-02,-6.945727995212770678e-02,5.117345402259246279e-02,5.598391345560592598e-03,-4.081120009722206260e-02,6.507362469304602166e-03,-1.589175828704422061e-02
8.793472757472192702e-02,3.214582962621755080e-02,4.379994433820330602e-02,-4.354642848174038183e-02,4.253879532861121887e-02,-4.538493773847090268e-02,-7.392245722274590203e-02,5.262103060888841111e-02,-1.216619097208272160e-01,8.094917378836653798e-02,2.230940395937653503e-02,1.046613332030981447e-01,1.435571769922794894e-01,3.859706293422840440e-02,-1.012191636439009092e-02,1.158246272250540582e-01,4.832262863572717171e-02,3.978540207255609057e-02,-4.475018339551056767e-02,5.623997603580976890e-02,1.125467000199027734e-01,7.769811683059102414e-02,6.209494554441734315e-02,1.038972426603550075e-01,4.732205420183288602e-02,3.286883426578871698e-02,9.129034375005475044e-02,-1.497908555294376852e-02,-3.944771009808264312e-02,-3.281371771957089511e-02,-2.153767140748031814e-02,-1.197306355358896957e-01,-2.743707168327870830e-02,1.382537871423272502e-01,6.396744886218883042e-02,2.292303227789843634e-01,2.212030919055226960e-02,-8.548716133770334347e-02,-6.901547637248547917e-02,-1.394823388283484011e-01,-2.976337186872230478e-01,-2.309719698869699411e-01,-7.167886065367108650e-02,-2.627275569151926171e-01,-1.442378336419620696e-02,-1.296925383388403408e-01,-1.979172683488235329e-01,-1.580391453339144159e-01,-1.170297135420165918e-01,-2.423420929195250206e-01,-1.946070001699688468e-01,-7.474287749518801482e-02,4.587812856329430145e-01,4.728309460744928305e-02,-1.536199402736911912e-01,1.382655963645166020e-01,1.000000000000000000e+00,5.094073979465055801e-01,5.879969479262903143e-01,7.581717183447441721e-01,3.014276921058159364e-01,4.981113695734143976e-01,4.527342554958116438e-01,2.248596070762962362e-01,2.345755544856101549e-01,7.414488745113761992e-02,1.427463243954318062e-01,5.996398024300848839e-02,2.040566082649727386e-01,1.780796916676612995e-01,1.646274590402798943e-01,1.664303401870054488e-01,2.928767019239020275e-02,1.713357946101717599e-01,1.574071030726752474e-01,9.503621462919230323e-02,7.858329507013089854e-02,1.096147471736982487e-01,-3.372726681051868049e-03,-2.701785793152308157e-01,3.449336050209074744e-01,-5.055100577013035834e-02,2.731969761528865170e-01,8.659217946993665038e-02,1.724992817117930177e-01,9.959277977982292085e-02,7.915947287447430009e-03,1.900973680525444229e-02,-1.175258657405309042e-02,3.345162548499107380e-02,-1.911457337913960788e-02,-8.252124773360428045e-02,-1.232706981986804173e-01,-5.762969730304918353e-02,-1.252162216286883435e-02,-5.781864229046121406e-02,-7.989278015345721573e-02,-1.076156833195657386e-01,-1.934660148847488215e-01,-2.724670745186650311e-01,-2.647434560912748092e-01,-2.318649389504694458e-01,-2.764502287582063511e-01,-2.154332383080903024e-01,1.661101130348677235e-02,2.175614063105522217e-02,-2.181339197899545834e-01,2.630862035496275841e-01,1.425473688651511250e-01,2.932362890074917683e-01,-1.969894934023472266e-01,-1.734328465831377064e-01,3.189857945285565211e-02,4.070866079290501316e-02,4.190200216193262772e-01,1.212260875043889435e-01,3.218402190347826042e-01,-1.645553524375108212e-02,1.701236972698272898e-01,3.263959432232313440e-01,3.956145329651121756e-01,1.966896576267376240e-01,4.431610490594896090e-01,2.960129183992630253e-01,2.443552007884239596e-01,3.401628747549256260e-01,2.915467187332150822e-01,-2.657881705992345966e-01,2.857666936638740274e-01,2.609789629892568796e-01,3.370729935267166022e-01,3.572666393421596309e-01,2.123150108517603551e-01,3.272210574804858552e-01,1.301105372269898384e-03,9.488310288821688587e-02,1.315600917946200266e-01,1.365762394617543174e-01,2.237445173752348679e-02,1.348650303701943165e-01,-6.847863596471942538e-02,-1.593151184587955627e-01,-4.024897919031471261e-02,4.173850197405202384e-02,-9.614979897101451345e-02,-1.358952764264306223e-01,-1.066039838505389303e-01,-1.837085740993647104e-02,-9.703240354279014934e-02,-1.199976077505509331e-01,-1.504424361866061877e-01,-1.027218498530886870e-01,-1.458432887278325596e-01
2.368661385961666477e-02,3.345258916430695478e-02,6.986433234898474509e-02,-7.903298473284491032e-02,6.857784112606124527e-02,-8.089540179504609019e-02,-9.287889116722802818e-02,-3.351223768962818123e-02,-1.128699495385089846e-01,3.429534453298986596e-02,8.483231279583480777e-02,6.618043845624244081e-02,1.998495024956034316e-01,-2.052080712244436569e-02,-1.448741888911434794e-01,1.378980595620580840e-01,-2.674363608646832674e-02,7.129585175521034601e-02,-7.628202117695298545e-02,4.493095228678693764e-02,-2.120354296301057637e-02,-2.276426224004687165e-02,5.275390336322535734e-02,1.245324301605906653e-02,-3.661644016400844581e-02,2.435790249888686657e-02,6.600489187927957579e-02,1.265832916206944062e-02,-2.345311411601981311e-01,2.013941378746353025e-02,2.897193970261937798e-02,-9.534711875866956621e-02,-2.022709797760235614e-02,1.112643720822800442e-01,7.809595787939929701e-02,1.614611246809953549e-01,-3.672985769665844391e-02,-3.989395850797076981e-02,-1.390190647846102079e-01,-3.731637083950872791e-02,-1.298889302582148519e-01,-4.946927797579412506e-02,-1.061289389628324864e-01,-1.120993490283292704e-01,-2.793809943101606755e-02,-1.319073828453937725e-01,-2.905173697813975831e-02,-7.722540007233452686e-02,-7.642808790221389259e-02,-2.273046092305835431e-01,6.444111079572861778e-02,-7.127932393181923842e-02,1.293765217629287145e-01,1.223128098589921220e-01,-3.985247201537812922e-02,-1.836928951619405670e-01,5.094073979465055801e-01,1.000000000000000000e+00,5.136114976825858491e-01,5.688255909193615789e-01,7.403672429898956464e-01,4.627858893040138755e-01,6.387289010252418242e-01,3.709787097507973308e-01,3.878488258457011284e-01,4.899351174231196537e-02,4.437634287759150559e-02,3.802143243654417665e-02,9.015416549315817540e-02,8.892417540352015592e-02,1.540924196573583427e-01,6.119076754686155611e-02,-3.490017268512215359e-02,1.314601367076374538e-01,3.585761427694875419e-03,-3.662474609661491715e-02,-1.042774991379590531e-02,1.057323411076373787e-01,1.000222136886173424e-01,-2.348374868737011512e-01,3.122038007076206600e-01,1.159464849887752863e-01,2.419384220089164650e-01,1.326907502788013393e-01,2.707340145008442223e-01,2.453487228853304392e-01,3.345329970722459023e-02,1.094170933461177664e-02,-1.226534861965126837e-02,7.530277904188941752e-03,-3.313844768111944006e-02,-2.141012852459549809e-01,-1.621136738251628961e-01,-1.082598754125793511e-01,-4.805385801562035014e-02,-8.446783243090934257e-02,-2.016617206135648821e-01,-1.997095213169955696e-01,-1.784430215607460957e-01,-2.755097265310960664e-01,-2.252385854753282679e-01,-2.023259450379851221e-01,-2.427964903687024056e-01,-1.535688477250196637e-01,8.391832042727383201e-02,5.918621656494786609e-02,-1.090340659307417609e-01,2.294875670312660487e-01,1.777651809650847570e-01,1.971672960023066190e-01,-1.997151644527741521e-01,-8.962366390628165314e-02,5.574949414812228193e-02,1.161559620494563710e-01,3.744242004893435505e-01,1.878705560889131487e-01,3.077191334564443048e-01,-1.980982835269307074e-02,5.175158111767751840e-02,1.915420614384577558e-01,3.048996358428769371e-01,2.856807085757077230e-02,3.426558049050743571e-01,2.014182196505191758e-01,1.396787890165870072e-01,1.585017730044849527e-01,1.260209474836360422e-01,-2.316890407410839570e-01,1.641410099763213337e-01,2.038097286740613023e-01,2.968236882528370590e-01,1.737143075874833242e-01,1.475164402317552803e-01,1.373470699574503573e-01,-4.431973739594126382e-02,9.350027133163052451e-02,3.405425402002220520e-02,3.226789362246373222e-02,1.257063832544172248e-02,7.509693701472495986e-02,-6.253522857427536163e-02,-1.235874163201137188e-01,-7.227656837398559186e-03,4.028998497278562380e-02,-8.149153145383453145e-02,-8.304130768750886404e-02,-1.361455679385653594e-01,-1.752091941034706430e-03,-1.207114343302519849e-01,-8.438796507803952851e-02,-6.153370085095223596e-02,-1.013139517950935597e-01,-4.936387157648249036e-02
4.962742899261130686e-02,2.539839801726565677e-02,1.045346708987447137e-01,-1.072762581697448148e-01,1.009086452310967580e-01,-1.090537840609833858e-01,-1.563355214238092428e-01,-3.692337536867254522e-02,-1.977193820810297376e-01,-3.188734112858775810e-02,5.499780416387631266e-02,7.775437658906907135e-02,2.111384761609803318e-01,-9.730744853087931398e-03,-1.186991056737524836e-01,1.125751204737970440e-01,-6.476894304214179943e-02,1.012734852428335414e-01,-1.076660784913902047e-01,3.755004760320133916e-02,4.205590155495050886e-02,-2.659691367336938089e-02,-4.008483939917903416e-02,5.880205984532044933e-02,-6.032253393346512921e-03,9.889467947856078744e-02,7.125740138285426017e-02,-4.615439398459757203e-02,-8.455629843629386411e-02,4.195065571560611765e-03,4.380942504697932227e-02,-4.640619041483649149e-02,1.631389728714257789e-02,1.163187983034081469e-01,2.913929064335839952e-02,1.299103639408691890e-01,-3.404319972864502247e-02,-5.105598673161571704e-02,-9.981733951656726611e-02,-6.597081801430944303e-02,-1.704994713065406953e-01,-7.683090346807088314e-03,-5.626221766848515243e-02,-2.093523436449302166e-01,-1.183022320456000864e-01,-9.150992903358314001e-02,-1.501583954694646339e-01,-1.422884455585512464e-01,-7.702204680740561138e-02,-2.194815540075009674e-01,-5.629086107375899650e-02,-1.922105002318574840e-01,1.603748700295882235e-01,2.236706428543279168e-01,-1.126146090879111550e-01,-4.851147324421165030e-01,5.879969479262903143e-01,5.136114976825858491e-01,1.000000000000000000e+00,5.498626833629038924e-01,4.360187978890383564e-01,8.107734723422982404e-01,4.008843425948480088e-01,2.937377196901279075e-01,2.407821393970275559e-01,6.811009415158021663e-02,3.292566333262696154e-02,3.601491096271835363e-02,1.292907799515997380e-01,1.892483198248034737e-01,2.041318875061142457e-01,1.689520738445453307e-01,7.328046562436202338e-02,1.604625975467867671e-01,1.655732857449421780e-01,1.059401866683106902e-01,7.398630850422628635e-02,2.109254448087782563e-01,1.843669201358161813e-01,-3.471024044550659049e-01,4.012377238513075151e-01,1.527980798125171680e-01,3.538648695487379148e-01,1.711769627098996549e-01,1.459903277966290991e-01,1.129157231400853140e-01,-5.613808189407087923e-02,-3.793778002612532146e-02,-4.826778999567474249e-02,2.296029047995010088e-03,-1.571587789754054776e-01,-1.732338656855313130e-01,-1.810171476112038269e-01,-1.241263058174384148e-01,-7.552445888035731747e-02,-1.164177060457774193e-01,-1.315205576425939604e-01,-1.304548447911994535e-01,-2.824520258424654262e-01,-2.912930541907763349e-01,-2.421764955814967035e-01,-3.267444217713496579e-01,-3.555040240556190945e-01,-2.548424745264032398e-01,4.713639215490789125e-02,1.325948847588175605e-01,-1.167758482841158435e-01,3.455363701184223646e-01,1.635646000952521995e-01,2.097825730780141784e-01,-9.602965575917035701e-02,-6.358655043750889579e-02,4.973130405473320803e-02,1.301026850902695653e-01,3.936203966911432373e-01,1.477789074686175486e-01,3.410931686255501138e-01,-8.111057722283106231e-02,1.099953865522927121e-01,2.562050024064023712e-01,3.773625870270717053e-01,1.455919615026942393e-01,3.300870101135677803e-01,2.680440586577642614e-01,1.906775441938035331e-01,2.743783027859718615e-01,1.794356874291817283e-01,-3.462752214783213489e-01,1.935550334456221933e-01,1.386527952900153127e-01,2.269669319244932981e-01,2.104346990485890523e-01,1.695137814710457325e-01,2.233046268265434786e-01,7.896189778739516954e-03,1.592391980046694855e-01,4.560463573523574482e-02,5.315305552910555564e-02,-1.796728691112943130e-02,7.868229448361878375e-02,-5.349337899450311989e-02,-1.555293547213124628e-01,1.210344186217173802e-02,6.280783491307731503e-02,-1.251181884195712302e-01,-8.811510453672857790e-02,-5.591575650394257219e-02,4.533373254308923489e-02,-9.784440434674464282e-02,-6.940322256288534997e-02,-7.500719288284557473e-02,-8.008123443469145064e-02,-7.530726631826606399e-02
5.751359095521151044e-02,1.283581469356077573e-02,-1.459066523961466931e-02,1.134663943151472017e-02,-1.670720849858751966e-02,1.089392618801804380e-02,-6.753765644311560123e-02,4.555471214148199693e-02,-9.791723973839973338e-02,1.085813473473808688e-01,1.412312645796691760e-02,1.328043149675726675e-01,1.338829392972814836e-01,3.531415323740369483e-02,5.538012670228451007e-03,1.458205515402589414e-01,8.982746149259354662e-02,-1.615539320222915756e-02,1.363444285617097795e-02,6.538284639548909427e-02,6.456422708887778195e-02,8.279797667569264996e-02,1.024247914138089327e-01,7.852133781875134111e-02,5.910282403977303728e-02,6.713791614433214927e-02,6.950938374563760125e-02,-4.293999302855022043e-03,-1.084445235505835520e-01,-1.948493145230752698e-03,6.929006663817926549e-03,-1.369050685254280808e-01,-5.495600465793844258e-03,1.449029306779497095e-01,5.499604278057113049e-02,2.175226307412566618e-01,5.813846286832288941e-03,-5.904627776791875754e-02,-8.128213200179217057e-02,-1.260193658624923219e-01,-2.557295201396929674e-01,-1.712889922769085804e-01,-1.391095365193474043e-01,-2.613076120142080461e-01,-7.490342106870283290e-02,-1.899381873740863536e-01,-2.124208378322220425e-01,-2.149332535216548212e-01,-1.427788228840740914e-01,-3.022201304169528369e-01,-1.832387233685138783e-01,-1.158408656886554672e-01,3.091508039291069321e-01,1.013471658374218154e-02,-1.588164435944191266e-01,1.364818408521910609e-01,7.581717183447441721e-01,5.688255909193615789e-01,5.498626833629038924e-01,1.000000000000000000e+00,4.605414309568846010e-01,4.674297573509412773e-01,6.345185047550390145e-01,2.641322726459954251e-01,3.103118210901473772e-01,-3.057922517640500326e-02,1.272177079116595666e-01,-4.067804637679952456e-02,1.683452426934196611e-01,1.002661447644365850e-01,1.485434674743717209e-01,1.205088189459364856e-01,-3.032061850369736911e-02,9.555950329780936447e-02,6.384878584998475437e-02,7.380486180240269228e-03,-4.714132589267731877e-02,1.053539098710754851e-01,-7.042326335821504080e-02,-2.285542842509031558e-01,3.952280164040911647e-01,4.180486904532100534e-02,2.331324994992375887e-01,1.912632881729129652e-01,2.920004700807795617e-01,1.913522699359309076e-01,1.148772961368910994e-01,8.451751310257195338e-02,7.160581568700635779e-02,1.287946006854881753e-01,9.881510932070030132e-03,-1.223054090087209861e-01,-1.704362883532848649e-01,-1.275712726951211407e-01,-6.960409161103844888e-02,-1.051653062355518559e-01,-1.571328512009990130e-01,-2.106098876069199544e-01,-2.502872441946294435e-01,-3.182562024313372318e-01,-3.305827475080295175e-01,-2.927032395752988125e-01,-2.373920329084830694e-01,-2.870473506657782448e-01,-4.514760937848048133e-02,6.292976051334274110e-03,-2.014348279670234165e-01,2.160252856681189326e-01,2.075100731367504892e-01,2.832364930864260666e-01,-3.459775706848330912e-01,-1.979576970552028303e-01,2.187096149205688608e-02,7.382186373551763436e-02,4.990379891607694129e-01,2.561788900179363115e-01,4.079588726825161271e-01,8.753245480264648659e-02,1.954121415652881333e-01,4.169369385305747300e-01,3.952743839553340965e-01,1.736795274585005711e-01,5.086683367397091260e-01,2.317862449974013306e-01,2.090275652200331014e-01,2.375697402007771464e-01,1.818557921536030353e-01,-2.229683254481674981e-01,1.980736606428453450e-01,2.208798498956678902e-01,3.069169236575388648e-01,2.600569936959500894e-01,1.486349882941317702e-01,2.480204160570706751e-01,-1.765623446837346483e-02,9.912709896407552457e-02,8.742365590240781803e-02,1.109417942697787790e-01,8.932757211966688496e-03,1.280327445872924963e-01,-6.130737680818434260e-02,-1.267279443111107851e-01,-4.723838324930035304e-02,4.742634752565261930e-02,-5.637120995362643328e-02,-1.381268370720273031e-01,-9.446294579437466976e-02,-3.208573821817861660e-02,-9.971409061787092631e-02,-1.110698395527011939e-01,-1.477346961079033794e-01,-9.531549963826239924e-02,-1.235841475070458689e-01
6.319611820612184259e-03,1.626477732291409586e-02,4.708205834273333779e-02,-5.628691732474165599e-02,4.578820631474871117e-02,-5.751131220536457450e-02,-1.649677283494973834e-01,-9.900776379071793420e-02,-1.937064874537442194e-01,-5.512089635196822796e-02,5.998808741964551522e-02,2.023629884149326721e-02,2.452921390835139936e-01,2.179330566556762772e-02,-1.923861027133579316e-01,9.691012883005996337e-02,-1.038082808950345631e-01,4.712867073588335870e-02,-5.384507877849610546e-02,8.450969269072072798e-03,-3.568157470591162839e-02,-7.307884506609214903e-02,2.558366017098593140e-02,1.575539795946758609e-02,-4.327779002727230595e-02,6.590994944299159676e-04,4.022601765534962459e-02,6.661327446070959232e-05,-2.481204179411879707e-01,-1.400492604872263444e-02,8.686748227646162723e-02,-1.012765129035879397e-01,5.070592294463727862e-02,1.270491228293030295e-01,-8.284312017756768117e-04,1.108642886770419694e-01,-1.710294749935548780e-02,-7.135322916622389988e-02,-1.306439442198762679e-01,-5.121627596972427865e-02,-7.780704944499607090e-02,-2.761590641249429389e-03,-8.093658726466304576e-02,-6.722260576052295489e-02,-3.036339093417111945e-02,-1.007057488828618230e-01,-5.124853758278906206e-03,-3.575243471501634435e-02,5.663161481952826842e-02,-1.748751907518611148e-01,1.012247289092423480e-01,-6.311438057233913212e-02,1.087773006308013352e-01,1.345804416627730538e-01,-7.855123364540021746e-02,-2.510451005479196751e-01,3.014276921058159364e-01,7.403672429898956464e-01,4.360187978890383564e-01,4.605414309568846010e-01,1.000000000000000000e+00,5.198779056750918448e-01,6.680163860694534605e-01,4.327478312072055577e-01,4.532953890872962188e-01,1.166376613184878230e-01,2.925980825459906925e-02,-5.750537521910848750e-03,-2.764405094121100137e-02,4.076480351735302377e-02,8.888616130303116092e-02,-5.823111740517452478e-02,-7.815939890620690611e-02,6.822896252140502049e-02,-1.205733622617781997e-01,-6.567961701765362426e-02,-1.173415851962259920e-01,8.484477784594569860e-02,8.685491823806500145e-02,-1.466946264399933975e-01,2.492751639616448689e-01,1.373088949982174400e-01,1.521056896606375608e-01,1.682913544766028446e-01,2.710330259500977057e-01,2.803231285502084669e-01,7.387846062735603514e-02,2.818142406031270714e-03,3.198676589020586075e-02,-1.470706590186612178e-02,-1.431378720298836019e-02,-1.738673967071718285e-01,-1.435415396372913543e-01,-1.118511549369961000e-01,-5.247324286856451525e-02,-1.340726860200747717e-01,-1.689907825844614297e-01,-2.345042203676276360e-01,-2.257548727601856320e-01,-2.776717575854715236e-01,-2.384441758277202339e-01,-2.076056997727769582e-01,-1.551563433880661647e-01,-9.273716079610672125e-02,1.108172555972826434e-01,7.600495470564734568e-02,-5.272836301617550743e-03,1.411382813697813765e-01,1.704117855649968094e-01,8.884655047320437482e-02,-1.736075105892729842e-01,-2.531186334580667538e-02,1.728124800226241153e-02,1.793081227226100693e-01,3.339322433242355448e-01,2.333946129047798912e-01,2.972784130287506876e-01,2.331772601076224569e-03,-1.869489607834853157e-02,1.324023319258340603e-01,2.132822522420343148e-01,-1.161855454845808072e-02,2.560269033841124919e-01,1.218045827883963705e-01,4.184144526291271038e-02,3.874195007945146346e-02,1.383351204381862501e-02,-1.425978888225036545e-01,8.942542997840971508e-02,1.407948243362050766e-01,2.266170247809518590e-01,8.759200157044856605e-02,7.614802997301267640e-02,8.310698512014950967e-02,-5.774328988981887456e-02,8.289259226553266635e-02,-2.135894196757697275e-02,-1.889281411953795545e-03,-1.875384579974167382e-02,5.337283194768172034e-02,-5.510549232300597511e-02,-8.591171911472213207e-02,-1.525073656802541054e-02,5.195544844719818256e-02,-3.855353055824561892e-02,-7.850204068229572896e-02,-1.166809697671238183e-01,-3.558402921860678164e-02,-1.293172692448620875e-01,-1.178049730573590415e-01,-1.089585225541243457e-01,-9.625391406473439437e-02,-5.309694761651649608e-02
5.098348800820060034e-02,1.488853784635823900e-02,1.685104178548116616e-01,-1.721629119903452798e-01,1.646430451267008321e-01,-1.737416087443674206e-01,-1.618402803011445568e-01,-4.033885604709687434e-02,-1.788319688076082936e-01,-7.247951789237795650e-02,9.502973686686409793e-02,6.786300290094955667e-02,2.374753704192660297e-01,-4.439211135057240937e-02,-1.748732419748287303e-01,1.111167277096748035e-01,-6.978118091174889681e-02,1.656470426179212641e-01,-1.729692750005974999e-01,3.582076698413948906e-02,5.725930578074317490e-02,-1.912735438630653456e-02,-3.030035161343258912e-02,7.233915985321411057e-02,-4.789409756934263906e-02,1.336272217820772268e-01,9.167728494186204447e-02,-1.863715335985697760e-02,-2.918371839732899695e-02,-4.691547071241886427e-03,7.813566045820144468e-02,-3.745225994137810904e-02,5.581065730604960889e-02,1.598266675256319047e-01,4.192485561894657153e-02,1.633772383886146762e-01,9.784616533104520050e-03,1.830659062040726178e-03,-1.001393782766868412e-01,-3.620757570934638597e-02,-1.164265857831403295e-01,8.510512431867418154e-03,-8.066186639406247583e-02,-1.838342525504224889e-01,-1.160574312804076719e-01,-1.254902767610101555e-01,-1.485861603219763294e-01,-1.619319283540745780e-01,-4.633544987559327921e-02,-1.796929625735711467e-01,-8.760697057662782117e-02,-1.373726969879652537e-01,1.125378244783769022e-01,1.528923868669770647e-01,-9.121286105763673491e-02,-3.891266322900545638e-01,4.981113695734143976e-01,4.627858893040138755e-01,8.107734723422982404e-01,4.674297573509412773e-01,5.198779056750918448e-01,1.000000000000000000e+00,4.567169257855663300e-01,3.500693919633815487e-01,2.918266248091749282e-01,5.479710964591999467e-02,-1.880781916645157467e-02,3.381982474027469404e-02,1.589124639667914285e-01,1.885520090424337158e-01,1.703573882950368268e-01,1.547885575794563651e-01,4.322789152453282435e-02,1.285862606948585951e-01,1.489730810981055587e-01,8.106592936262443927e-02,7.927498752150995143e-02,2.387054192977425271e-01,1.996396386690599267e-01,-2.920771153172954104e-01,3.440850602851070472e-01,1.921306430302679724e-01,3.000621523206218888e-01,1.924625081651979430e-01,1.244437174623320430e-01,1.222760362179668714e-01,-9.623996840474342840e-02,-9.548935159597189692e-02,-7.477937183423731538e-02,-6.139903687096246593e-02,-1.654201607994549572e-01,-2.140300506557250848e-01,-1.703355683148113642e-01,-1.569997241344286421e-01,-1.104309625556767344e-01,-1.353779764371923766e-01,-1.377193526617125074e-01,-1.017414776449117320e-01,-2.813415402653223207e-01,-2.608290268063472306e-01,-2.066650879395856011e-01,-2.712710721384007928e-01,-2.994007865347864672e-01,-2.106321104699377944e-01,1.304228635357414234e-01,1.683212536354588007e-01,-9.285317004150840658e-03,2.938874662920940573e-01,1.895048335313345989e-01,1.141658711491276013e-01,-1.035105378217087840e-01,1.934486918579508483e-03,6.349153725018388816e-03,1.896904076762610802e-01,3.795328116496175519e-01,1.583943393594242910e-01,3.333047339747667870e-01,-1.490633429948496624e-01,4.502279668188425427e-02,1.581458708638246446e-01,3.040853840359241667e-01,4.798229717918723464e-02,2.494396617677322736e-01,2.055727318533731307e-01,1.350159651428982643e-01,2.529300708043867307e-01,1.367501444551834922e-01,-2.918020170210894881e-01,1.666939592183569741e-01,1.426902384235279875e-01,1.755786775021180579e-01,2.180819495681187159e-01,9.879586402667697720e-02,2.282102727003798570e-01,-1.991443652719493765e-02,1.019939143320646863e-01,-5.666800423413124489e-03,1.468966023051684888e-02,-5.710794885324058795e-02,5.958550584500992009e-02,-6.745821870959625710e-02,-1.288885936614380667e-01,-3.290836426115930843e-03,8.247713571245399167e-02,-8.078065704182141316e-02,-7.935127472960044892e-02,-4.228301677691610055e-02,4.304380743680858573e-02,-6.835537239863256898e-02,-6.232720026814090458e-02,-8.679111941399261787e-02,-5.380066875549148475e-02,-6.161789001772382396e-02
2.281274301300597121e-02,1.776171369981978040e-02,-9.557766725635663194e-03,1.413438992177312465e-03,-1.088609239008444564e-02,7.836955288997560741e-04,-1.292349156094293183e-01,-2.463058437822056995e-02,-1.299025540231745768e-01,5.215658473909752513e-02,5.711404036158424652e-02,1.117715431295528139e-01,1.592340827448987250e-01,-2.873241339819998866e-02,-8.795714449657614231e-02,1.655696312611183163e-01,3.461179147001299666e-02,-9.713341060081511283e-03,6.360859164084061400e-03,4.279120076159739078e-03,-1.357309721481115596e-02,-5.470630308740861286e-02,2.553992220190072146e-02,-1.550006382205965615e-02,-1.427072858751829779e-02,-1.997105113831387432e-02,-5.065811504772909160e-03,-4.549753525454446577e-03,-2.146435343917823257e-01,-2.416540718174712762e-02,1.034415556433582600e-01,-1.545824134625042312e-01,1.232946330077597658e-01,1.995948515419856129e-01,-3.497771359344786085e-02,2.097222004114463745e-01,6.533400637887314989e-03,-3.131147978936617889e-03,-1.255782873810631639e-01,-9.378288348120421281e-02,-1.785785347642808163e-01,-1.081695379333768720e-01,-2.033194375029235001e-01,-1.791863746123124046e-01,-8.592729002660957904e-02,-2.200017071088948839e-01,-1.324349939201105442e-01,-1.562522446840950152e-01,-2.476458020577946423e-02,-2.073207301225940824e-01,-6.908869119988750307e-02,-1.489902920603276663e-02,2.430444763838452427e-01,4.898207896166456923e-03,-7.306923093086653553e-02,-1.449666628013195589e-02,4.527342554958116438e-01,6.387289010252418242e-01,4.008843425948480088e-01,6.345185047550390145e-01,6.680163860694534605e-01,4.567169257855663300e-01,1.000000000000000000e+00,4.630590163112250912e-01,6.502461573205106093e-01,3.146920988294083649e-02,6.782904912278610310e-02,-2.585621082451859329e-02,8.987265771982039242e-02,6.621297286893576550e-02,1.094793604753135086e-01,1.677042642634093972e-02,-3.067780061574867934e-02,1.009414481398973051e-01,-7.336578212051009240e-02,6.724942533516180265e-03,-1.395640946039702623e-01,9.641013968961152647e-02,-8.493546148517503239e-03,-1.794095258242822122e-01,3.252495944707367581e-01,8.530184395646527029e-02,1.867992407138410471e-01,1.911266625431770616e-01,2.719710229515583388e-01,2.732775046612497816e-01,1.073075509469951921e-01,1.441231544349604737e-02,9.243797877639013671e-02,2.515752831484983909e-02,4.030499180528078484e-02,-1.798574488661453252e-01,-1.871028293989914770e-01,-1.525493089906745647e-01,-5.880871237939938601e-02,-1.643476595845152488e-01,-2.236967030411801671e-01,-2.721569495873087940e-01,-2.572849616368482750e-01,-3.036728026906514999e-01,-2.960830146268940699e-01,-2.588197590966722084e-01,-1.882876307366540269e-01,-1.615639363819050822e-01,3.702620776292628313e-02,7.813361029740276131e-02,-8.380092672489886096e-02,1.715671797489196904e-01,2.408173786044256470e-01,1.805505348198633564e-01,-2.877270513810816222e-01,-7.671281141678842896e-02,4.458467545114806058e-02,1.977549893349898058e-01,4.586620286274922242e-01,3.022669303381613215e-01,3.712186564982153936e-01,2.415808127023194238e-03,5.437274289977887115e-02,2.248735658273426918e-01,2.696004350646764025e-01,1.217244427407837559e-02,3.426107584433126241e-01,1.256224714618222049e-01,6.784963827318923890e-02,9.933231974373500639e-02,4.093477316889994333e-02,-1.754865429917773501e-01,1.614271288138231508e-01,1.919388977115679962e-01,2.668406397834581223e-01,1.596776162465715077e-01,9.672737132758299494e-02,1.605641987221621547e-01,-8.739601120090234598e-02,7.017093402413264458e-02,2.293721418639863008e-02,4.135368730475733230e-03,-5.686672398567907231e-03,7.653624263430033881e-02,-7.483698441243963329e-02,-8.158662226190085964e-02,-6.757457061886128213e-02,3.995016135211933161e-02,-7.849603257942776649e-03,-1.153274022319044079e-01,-9.191052767847660010e-02,-1.876975778225726740e-02,-8.430475542227508501e-02,-8.567867329098571849e-02,-9.225529961446901628e-02,-6.877596124191556748e-02,-7.471552534484096619e-02
-4.215880839441927402e-02,2.969846672553869832e-02,1.359932982039765634e-02,-1.940546652077149506e-02,1.240227176805342758e-02,-1.907302040856166669e-02,-1.951540857694363529e-01,-2.375831944928702977e-01,-2.179996508437500036e-01,-1.183965242645377419e-01,-1.760071012039992333e-01,-8.181678723426223654e-02,9.782999822253322930e-02,1.897166398392835518e-01,-6.969796092613556038e-02,-7.957927074105090176e-03,-1.988640539681154618e-01,1.266121145873332424e-02,-1.968024289903496163e-02,-6.387687256227437237e-03,-8.541907543902843569e-02,-4.183384806555086322e-02,5.710446851454972772e-02,1.404525204644235803e-02,4.017391018743831504e-02,5.488523981441924965e-02,9.859770679672708038e-02,-8.333006941617891739e-03,-1.346745825147340758e-01,-6.127485282437211862e-03,8.005959100202257595e-02,-4.599309122074069639e-02,1.014109132195992052e-01,1.369200058627336458e-01,-4.149712943901572026e-02,1.013073106039119042e-01,-6.989946259106151472e-02,-3.450585059313596853e-02,-1.202793912187181541e-01,-2.864762274734720948e-02,-1.347618583985873419e-01,3.600297823392625829e-02,-2.345953105638270419e-01,-2.029063494889117303e-01,-1.981078100339758452e-01,-2.772584350974889866e-01,-1.516291554671989894e-01,-1.349333326870344463e-01,-1.306012170099029590e-01,-1.608723832144364485e-01,-3.382851150265447221e-02,-4.925639740446722398e-02,2.254959499662467226e-01,-3.705968473465882929e-02,-1.408798487790721976e-01,-1.295942756828425135e-01,2.248596070762962362e-01,3.709787097507973308e-01,2.937377196901279075e-01,2.641322726459954251e-01,4.327478312072055577e-01,3.500693919633815487e-01,4.630590163112250912e-01,1.000000000000000000e+00,4.897144112332236787e-01,3.093767955795738156e-01,1.202870845733686744e-01,1.356940410344600334e-01,9.448171518043685380e-02,2.155861365715654732e-01,2.609137394819987521e-01,1.878628713326992994e-01,2.235903860391786346e-01,2.720664319564592981e-01,1.037827965404742175e-01,2.118385374416272560e-01,6.606481221991981900e-02,1.715519990364907099e-01,1.240836999134135726e-01,-2.915505884154945826e-01,1.943243375038627430e-01,9.319326825424928407e-02,3.018987953238657651e-01,1.240711357063301740e-01,1.275774626094685893e-01,1.918362914995395685e-01,-3.200732282043751431e-02,-1.558240511832846564e-01,-7.536016916289103862e-02,-1.831853862440554759e-01,-8.736766666177787910e-02,-1.694788505364885067e-01,-1.395806442860296759e-01,-1.285130060150854181e-01,-1.067247661469598458e-01,-1.928492043916524568e-01,-8.495357642136955323e-02,-1.052531815667249182e-01,-2.248515724277170835e-01,-2.595726909999470644e-01,-2.222452024564859907e-01,-1.895411858822639850e-01,-3.017991319778489112e-01,-1.369234891788788377e-01,6.753702160038059510e-02,2.000551033419703806e-01,-8.044441752917250166e-02,2.952236363351500303e-01,2.254068300166786332e-01,2.095555734107913404e-01,-4.991519182185968212e-02,3.177021343433721751e-02,2.393078569747641993e-01,1.622131360614787188e-01,3.408611608091840495e-01,6.491674888046268521e-02,2.588788176507003658e-01,-2.071861118451555350e-01,3.935388867810444419e-02,8.281286411493971045e-02,3.099919176820995492e-01,3.083526988635103619e-02,2.159078962618538600e-01,2.171377701736305621e-01,9.020264477247777468e-02,1.770007619446336000e-01,8.348870768108701546e-02,-2.933935921759778798e-01,2.333414141882452497e-01,8.100084869784202057e-02,1.974494543977102223e-01,2.036215847963068482e-01,6.766155629137345084e-02,1.922883307871668668e-01,-7.293925855417485171e-02,7.817042336260403290e-02,-1.965032885834654477e-02,3.767092724746629734e-02,5.786281617831974533e-02,4.487771959137792227e-02,6.069685799326671877e-02,-5.125359262856891973e-03,4.972375095214752461e-02,-6.335610716189099545e-02,-6.829478098083130444e-02,3.696994575266886879e-02,-6.549053917520000941e-04,4.648138186124772808e-02,9.534918447396322980e-03,8.315358926167802298e-03,1.341764649423414328e-02,3.347610665009274900e-02,6.296454726382003098e-02
-4.948556993484864303e-02,-7.476002201648955514e-02,1.117303073826070026e-01,-1.200191237319993554e-01,1.111160688045650935e-01,-1.198721594531473866e-01,-1.601453134598481709e-01,-7.445751687879120784e-02,-1.491727626508691229e-01,-5.668135728897324976e-02,1.131944502774851445e-02,1.449515683957749122e-02,1.275937153529434487e-01,1.217640191816982739e-03,-5.911354854903907302e-02,1.069571395398076635e-01,1.078066158358072582e-02,1.131798988783468962e-01,-1.143101439454399515e-01,5.896936421054355809e-02,3.438036736129591875e-02,-7.201356120961242835e-02,6.691435945798766827e-02,-1.515580669856585357e-02,5.174773134091495419e-02,5.283374189505168211e-02,1.647896947487162075e-02,2.220162896887926951e-02,-8.067423593138235705e-02,-3.651807741088580750e-02,1.141949876617738835e-01,-7.267435752996460885e-02,1.459188502367146645e-01,2.000751516624522108e-01,-4.584626533491374624e-04,1.667595219578127119e-01,5.725816744960307569e-02,3.803741434215746758e-02,-5.209754574707682086e-03,1.534431071500290747e-02,-7.701721408586441331e-02,-2.024213021193823486e-02,-1.421845905017421197e-01,-5.832310792021076079e-02,-6.305321228117738430e-02,-1.025840217666734028e-01,-3.103859486182414598e-02,-3.612538004910346989e-02,1.170221430182316336e-01,2.725458654544660880e-02,4.336126645466081841e-02,1.745493262824521774e-01,2.875541335448383307e-01,4.650593081452675248e-02,-7.838598128712981686e-03,-2.100235774129195765e-02,2.345755544856101549e-01,3.878488258457011284e-01,2.407821393970275559e-01,3.103118210901473772e-01,4.532953890872962188e-01,2.918266248091749282e-01,6.502461573205106093e-01,4.897144112332236787e-01,1.000000000000000000e+00,1.663209523390152544e-01,1.005157580181041538e-01,6.912217173937094949e-02,-2.211492022802151111e-02,8.814506928942353325e-02,2.450752333143377815e-01,8.928301205611544056e-02,4.129668995075773397e-02,2.304370649004613136e-01,-1.040974509664402935e-02,1.240100433073851455e-01,-6.422088231044410789e-02,7.049055783519882212e-02,-1.560255526834726167e-02,-1.467306272696239089e-01,1.882710410569498616e-01,4.977034993111453809e-02,1.536032311735445466e-01,1.038968152644248188e-01,1.404796861548269493e-01,1.591082736271864084e-01,1.227063812794692427e-01,-6.672622789735222111e-03,1.569289273941016916e-01,-3.227839992645983869e-02,1.182056089107608732e-01,-1.787257900289257739e-01,-9.738466707285028945e-02,-1.138062192210689133e-01,9.379233754960386582e-03,-5.044640706636934618e-02,-1.068807764614704142e-01,-2.233584409459101749e-01,-1.452203115915249587e-01,-2.138505356706760230e-01,-2.157622693322656104e-01,-2.642539591283950551e-01,-1.580150934095631565e-01,-1.486390260481896819e-01,3.462372906096861797e-02,3.305157501176016199e-02,-1.020790227044379855e-01,1.480262265287211054e-01,8.741462558638386782e-02,1.564944893969983097e-01,-9.501688485590223388e-02,-7.688969275788536117e-02,5.117381341133954431e-02,8.503768761949888344e-02,3.221885985678785147e-01,1.042364870243402408e-01,2.034453629340052250e-01,-7.050375359383460883e-02,1.265570247792831282e-01,1.267691850205897031e-01,1.975225737904500178e-01,9.466470369181423372e-02,2.251645214615236867e-01,1.714745481659599169e-01,1.475369735598076326e-01,1.338291959878511184e-01,1.329317669076456876e-01,-1.445137817056165175e-01,1.657546313609314370e-01,1.571929115091666995e-01,2.163584817083446799e-01,1.362565214947932257e-01,6.060409322054922943e-02,1.167885509958044299e-01,-1.319728145313862899e-01,3.562066259638316246e-02,-4.147600121276445728e-02,-7.510901199921705962e-02,-8.635298762442801535e-02,-6.346212292231052238e-03,-1.522706589280034828e-01,-6.912958575618671775e-02,-1.651457138586852058e-01,7.025007732505728596e-03,4.888437337384115428e-02,-1.429497947400361069e-01,-1.542365017388264148e-01,-9.449466127639455371e-02,-7.782203766165961267e-02,-9.531252797925481024e-02,-1.263670404655375112e-01,-7.746921985106906827e-02,-9.068810974200042230e-02
2.003032462366697783e-02,1.407946508732063791e-02,1.901524231495806683e-01,-1.889387882075524994e-01,1.878141662564753733e-01,-1.899075670295856388e-01,-3.510313565084426102e-02,-5.674068790123683315e-02,-5.078135808043572619e-02,3.638906666006200274e-02,-5.418666715561532704e-02,1.037387705787691343e-02,1.292381105219580772e-01,1.053458575452389107e-01,-2.956763672975747798e-02,2.431134639526814911e-02,-1.750432300484156267e-01,1.864209559656269388e-01,-1.929128925364647085e-01,8.070520140838768897e-02,-2.754077278059693934e-02,2.992734306117464035e-02,-3.082991467032859811e-02,-1.039650359333761827e-02,6.907810886705385844e-02,-3.902065228141760739e-02,5.385359538808924540e-02,6.346373334289083512e-02,5.346594166380173180e-02,3.094380632928258115e-02,2.413302321060001483e-03,6.656282086871394277e-02,-6.018089988012254379e-03,3.164719584274612585e-02,6.813298392174933771e-02,3.667248228139585037e-02,-2.686314563332039065e-02,-4.403745261812052475e-02,1.174573511144760829e-02,1.999456871945562431e-02,-5.842475724745574151e-05,-4.022053214474650973e-02,4.167827848564795851e-02,7.593692383904000753e-02,1.191861814392444208e-01,6.264238724223389343e-02,1.040801949703432372e-01,2.450931403341050918e-01,9.211107281846324379e-02,1.365582512768894197e-01,6.407655477643275921e-02,1.494887632154081880e-01,1.876399446494388112e-01,-5.747129136338324090e-02,8.242153097020513131e-02,1.454216636646168265e-02,7.414488745113761992e-02,4.899351174231196537e-02,6.811009415158021663e-02,-3.057922517640500326e-02,1.166376613184878230e-01,5.479710964591999467e-02,3.146920988294083649e-02,3.093767955795738156e-01,1.663209523390152544e-01,1.000000000000000000e+00,3.680911513547238667e-01,3.048744778232833630e-01,9.278278176861992632e-02,4.215872916178157181e-01,1.644752783593515510e-01,1.297568604743146170e-01,1.647953192077316609e-01,2.192063943234268397e-01,8.675696613773917210e-02,1.455680380126108675e-01,1.100114934504842906e-01,1.076084787967257622e-01,1.272095569700788242e-01,-1.607952187493196239e-01,-4.876605112360887090e-03,-3.199296663230185959e-03,1.686192240028694944e-01,-1.716819745322629293e-02,-2.733509545471267052e-02,-7.688288242870865152e-02,-1.265493147406221257e-02,-1.547941433983226478e-01,-7.537560149713742885e-02,-1.655714061776478729e-01,-7.731678135198075119e-02,-1.312471371753057559e-01,-4.882847926141187234e-02,-4.489577156735999330e-02,1.377710023338913486e-02,-1.692715666552594561e-02,3.100446331581666048e-02,2.693779702071918275e-02,-5.369805362040425134e-02,-1.796491869290025578e-01,-5.332580444296087380e-02,3.255110036601049917e-02,-1.632587727725799964e-01,-1.738373258254171869e-02,1.534006271660041075e-02,1.647009996118400099e-01,3.851316688099409163e-02,1.714745573164214998e-01,8.780800787679989006e-02,1.613796890447859568e-03,8.292121716423274391e-02,1.543052075394212297e-01,1.297844810007527383e-01,1.606720757148479006e-01,1.002854563421345241e-01,-9.997743504193955244e-02,6.554265002139259000e-02,-2.355796078655277848e-01,-7.261782673228880935e-02,-1.105968099156953849e-01,9.874721532784176692e-02,-4.625656459574604279e-02,-2.835360258700575509e-02,1.140750879345071439e-01,1.972385236738060169e-02,1.339630215187898599e-01,7.735045730856510149e-02,-1.661639705842269943e-01,7.996675662264600415e-02,5.343652543460213067e-02,6.421875107159048801e-02,1.093205292545795099e-01,1.251173681354714705e-02,7.957497995995865825e-02,-6.542100665889176436e-02,2.929031093296844898e-02,-7.642177393766581839e-02,2.048818624054624810e-02,-3.371692966727406898e-02,6.232412569659304645e-03,-6.695432286760516494e-02,-4.314491506895538203e-02,-1.210122709226410659e-01,-1.402385993007652654e-01,-9.387868718500761225e-03,-2.035073462048878068e-02,-1.718739605547590088e-01,-9.549523189824979386e-02,-6.055621560416223070e-02,-9.833666414945727019e-02,-7.536474085268098089e-02,-6.974906486287844876e-02,-7.422783211103059497e-02
1.057585767145715477e-01,6.477261770078522607e-02,3.181881776481146895e-01,-3.113158633814954168e-01,3.157441014764708620e-01,-3.123366487946113712e-01,1.072204000203174773e-01,8.393072015003195940e-02,2.589669554898592005e-02,1.924447741361754449e-01,2.939268512659063554e-02,1.331048751331281033e-01,7.218223382632843466e-02,2.374216922123171397e-02,1.025141484181469609e-01,1.971409524802209545e-01,8.740361599827270456e-02,3.169230960048272649e-01,-3.096599469890631284e-01,2.377185634517649804e-01,1.835778919296894296e-01,3.011713738999889922e-01,1.980210502817248142e-01,2.717942249171929059e-01,1.665556732330988332e-01,8.748647089043246061e-02,1.783500884549630017e-01,1.494017859246451752e-01,6.721005287872745815e-02,9.874221278322421746e-02,7.118535312537035975e-02,6.371070821413692131e-02,3.040812548253639044e-03,1.322344949372877554e-01,9.661775108051717798e-02,1.879447555557101079e-01,9.133377294549961667e-02,5.231688226135765979e-02,1.095934199785258550e-01,6.089587009505715437e-02,6.916802604924415787e-02,-9.941561961713482609e-02,-4.643008706377887984e-02,-4.234377554610617954e-03,8.515758321362554284e-02,1.116366975027113621e-02,2.264716485909423326e-03,1.031408696213318432e-01,3.488968236173335680e-02,7.009993339244542654e-02,2.350293851880641202e-02,1.819598992663678805e-01,2.471485250312150106e-01,1.323638578545451028e-01,-7.614546039107829289e-02,5.628621353488830192e-02,1.427463243954318062e-01,4.437634287759150559e-02,3.292566333262696154e-02,1.272177079116595666e-01,2.925980825459906925e-02,-1.880781916645157467e-02,6.782904912278610310e-02,1.202870845733686744e-01,1.005157580181041538e-01,3.680911513547238667e-01,1.000000000000000000e+00,3.174945887602372840e-01,1.235902714017226567e-01,4.406355513310395988e-01,2.772464610687497832e-01,3.266604181570270660e-01,1.248365634964326010e-01,2.279260907917713130e-01,1.733927379696511561e-01,1.081553679923697581e-01,1.637983523257772467e-01,1.578869661571629113e-01,4.767064209697704363e-02,-9.163739904551995719e-02,1.335649161872235757e-01,-3.276030488660292700e-02,1.065065355935192748e-01,6.168706285055702843e-02,-4.632984798973268509e-02,-7.544160526099738528e-02,-9.121278848228232816e-02,-8.706237162862300039e-02,-1.112799030615213430e-01,-8.591056961726917240e-02,-1.074051047162044858e-01,-8.396146279555626035e-02,-1.719115887277088972e-01,-1.023782699081355052e-01,-9.356176835059978880e-02,4.381596333999058200e-03,-3.795369068024794651e-02,-7.961225355001090576e-02,7.736916150066342097e-03,-2.526709596869587959e-01,-1.456070963337061375e-01,-3.973876699277420488e-02,-9.917616735698139840e-02,-1.906228981941656409e-01,1.581658338096743679e-02,2.239697740452514518e-01,6.287551018456999374e-02,1.005759450103556607e-01,2.248112514153291497e-01,5.008011070549456267e-02,-1.123055999872847321e-01,9.214139370487114955e-02,1.085436844084988195e-01,1.747852768290777681e-01,2.618073933384698071e-01,3.234790318750960236e-02,2.368010361636166128e-01,-1.357936975342609875e-01,1.130941226943668332e-01,4.764683098132521666e-02,2.066259979349133469e-01,-5.395800240620617083e-02,1.165565288052218262e-01,1.805491929985631183e-01,9.377252828542728680e-02,9.831123179625482489e-02,1.539790520987050632e-02,-1.016681221935987894e-01,-1.752994322996753729e-02,-9.683846520866121145e-04,3.863697559577045082e-02,9.748011146530229792e-03,-4.352468294360993528e-02,2.414136018658640664e-02,-6.597692747769333399e-02,-8.101438635261649923e-02,-4.096330117925751219e-02,2.079256060838764394e-02,-6.313065772634564310e-02,1.332613621692887236e-04,-6.209352586747512309e-02,3.022851838370306174e-02,-1.172880807529754904e-01,-9.403317095282225091e-02,8.339328970121717699e-02,-3.799097394223848422e-03,-1.676969508090781491e-01,-1.076862676644093769e-01,-9.236871143453967425e-02,-9.541815471716878772e-02,-5.172299809732175402e-02,-1.072517365202177442e-01,-5.035239550286122606e-02
2.940916041305844178e-02,6.440612385965725772e-02,3.222150862546627748e-01,-3.210574457428999051e-01,3.223334571878054278e-01,-3.226590908483147890e-01,-1.401523826988069349e-02,2.880242673406826354e-02,-4.064585609859337756e-02,9.169030854107487749e-03,-2.701585309538453994e-02,2.675029959656404985e-02,1.225626255757163580e-01,6.479389407726007799e-02,-2.389042792483286881e-02,9.388662908608134960e-02,-6.182970926821030472e-02,3.185314137764828080e-01,-3.219801343384087744e-01,1.376313745046026105e-01,4.051275130235459238e-02,2.064366143982716562e-01,8.880396960451550359e-02,1.801898875895751317e-01,9.472724896776965609e-02,1.133903272463032408e-01,1.786472071807783113e-01,2.097122922451436500e-01,1.775083195832949379e-01,2.594429572329558509e-01,2.032170612341699933e-01,2.460452156846886507e-01,1.073595976792870027e-01,2.051245622339351038e-01,1.574096081410034931e-01,1.987655636413488691e-01,9.673261680571032528e-02,1.073851424209106842e-01,9.033354796962586586e-02,2.903519729503631006e-02,-4.583704338755630048e-02,-8.996942242706297554e-02,-1.725874433365839622e-01,-8.152859624663322258e-02,-1.154860373354091828e-02,-1.123107824797008047e-01,4.429649469727670041e-02,6.326253235980980327e-02,4.390100993491762027e-03,1.097550000688195804e-01,1.108812697315350940e-02,1.444548831694812963e-01,9.592920481900545082e-02,2.413955564716696242e-02,-4.637606065433215463e-02,-6.213548755945773328e-02,5.996398024300848839e-02,3.802143243654417665e-02,3.601491096271835363e-02,-4.067804637679952456e-02,-5.750537521910848750e-03,3.381982474027469404e-02,-2.585621082451859329e-02,1.356940410344600334e-01,6.912217173937094949e-02,3.048744778232833630e-01,3.174945887602372840e-01,1.000000000000000000e+00,4.664134226862747257e-01,4.350017034560673679e-01,4.813610433069999139e-01,3.342215515293750494e-01,1.018108565958842499e-01,4.110475738859649675e-01,2.184407107331926279e-01,2.856332076644556572e-01,2.429111650604810768e-01,5.827219643047909861e-03,1.795600853588477652e-01,-2.876446574505040488e-01,-1.838870908177454161e-02,-1.673189573585153189e-01,2.949252661298458200e-01,-2.364416591190422745e-01,-1.696060426827893652e-01,-7.745318733022842073e-02,-1.164696838123808476e-01,-2.080247659801490734e-01,-1.136122727650833303e-01,-1.887266249351641778e-01,-1.292421806213880642e-01,-1.792213604414147690e-02,9.395342679690876818e-04,3.312889732546927396e-02,7.086841480945281491e-02,1.251248116409626188e-01,4.769295599531833685e-02,1.125764136158295403e-01,6.112763969572940215e-02,-5.584260859797957055e-02,3.890677786128169530e-02,-2.231536316248320610e-03,-2.897677542043100574e-01,-1.145688907461537009e-01,-7.673610266523102352e-02,1.585405294433447909e-01,-8.459505525499216860e-02,3.016794256721955780e-01,7.098528004227952493e-02,1.621299551606804334e-01,1.919819915311828662e-01,8.343173547950986924e-02,2.253781087977966280e-01,-1.523300946751682261e-03,4.648835639225994132e-02,-2.968414287283155928e-01,-4.374154099989066569e-02,-3.351669031017140976e-01,1.774685638705724711e-01,-1.569206176467975167e-01,2.357516928914245857e-01,4.949473274945338785e-02,-9.655669603772316922e-02,2.603776283950535730e-01,1.291870705329395408e-01,1.887597577991737829e-01,1.319719363732645145e-01,-2.946105337469517860e-01,1.835962757379527577e-01,1.124398640047041681e-01,1.368165084017671229e-01,1.364379972093874294e-01,-2.289198549148044326e-02,1.286007568635843534e-01,-1.614614979871488720e-01,-9.627313976769191761e-02,-9.629796677985065501e-02,-5.988897102753360652e-02,-1.161394463323848492e-01,-2.099142537932377137e-02,-8.501458360939340153e-02,3.689855947070380671e-02,-1.680563899100740166e-01,-9.857670271416654750e-02,1.388463692454285359e-01,-1.220170841207440966e-02,-1.161196322309928641e-01,-3.618832042741487731e-02,8.270880045152766147e-02,-2.779400702038490115e-02,-8.229337047894053070e-03,3.675000213038421421e-02,-9.439985395612107005e-03
1.117360016934605682e-01,7.600045544753204763e-02,3.596564382316770891e-01,-3.560731781123767647e-01,3.596116174218548789e-01,-3.565721425843408343e-01,8.495274652530043769e-02,1.171148703282326314e-01,8.413532465747919353e-02,2.045194233433590136e-01,-8.411619532398244151e-04,1.664038454779112053e-01,-4.517234381797256837e-02,-5.232682611269991874e-02,1.522875745467554554e-01,1.278301306436340767e-01,1.335509607449554825e-01,3.584127813373306215e-01,-3.590143697534793898e-01,1.208073047665450123e-01,1.755165694008689881e-01,1.994535012614180869e-01,8.957614305857077019e-02,1.598512745471421803e-01,9.113165333543037094e-02,1.246796975434534549e-01,1.179151466643575397e-01,1.403498180447263211e-01,1.420843334622460818e-01,1.964368368125902764e-01,1.462095781741228617e-01,1.470074960102379646e-01,1.111112490880210024e-01,2.279786580215427405e-01,1.196091813440328389e-01,2.834796576911303156e-01,1.169005718778099029e-01,1.838321415658485114e-01,1.480523285531635570e-02,1.453233351376065352e-01,-1.125388537531228222e-01,-1.409790550682092462e-02,-1.575639046754903350e-01,-1.851552945274025919e-01,-1.126142231847140490e-01,-1.849618501150233629e-01,-8.042634814084663464e-02,-9.326177313145875281e-02,-1.199420428497419283e-01,-3.398270638619722145e-02,-8.443767903737953162e-02,-2.929442898468902212e-02,1.365397596610060105e-01,-1.224129411154476453e-02,-5.153262049105025722e-02,4.593778435501251478e-02,2.040566082649727386e-01,9.015416549315817540e-02,1.292907799515997380e-01,1.683452426934196611e-01,-2.764405094121100137e-02,1.589124639667914285e-01,8.987265771982039242e-02,9.448171518043685380e-02,-2.211492022802151111e-02,9.278278176861992632e-02,1.235902714017226567e-01,4.664134226862747257e-01,1.000000000000000000e+00,3.864898753403644971e-01,2.387631930031478833e-01,3.139473395107076348e-01,7.831451928038894728e-02,1.915229616487528486e-01,1.636914368476314885e-01,1.238843612215735079e-01,1.202002347876533345e-01,4.397113497365097434e-02,6.990277774946324074e-02,-1.876760726142624736e-01,7.358007801994159713e-02,-9.092607534145956405e-02,1.961720924090359641e-01,-1.034994380751954740e-01,-8.428113675486793854e-02,-2.786632089626564154e-02,-7.972512981848675628e-02,-8.128719820891042169e-02,-8.034967214268087798e-02,-3.294451970360708082e-02,-9.640529369438664842e-02,1.031084076170462986e-02,-7.901903882333538576e-02,-4.916327258806899719e-02,-8.458847846554384819e-02,1.795162408094282819e-02,-3.016021032481352310e-02,7.203878153914135274e-02,-3.641385025367689654e-02,-1.684414740275146372e-01,-8.319494224795895287e-02,2.103341139726217640e-02,-1.921863831059127392e-01,-9.638726942886129134e-02,-5.037426401373550078e-02,1.589819499231436006e-01,-1.963463451685246858e-02,1.964334900263353667e-01,1.754915334706638186e-01,1.150526870347386293e-01,-4.735419604578341296e-02,3.318935557999353608e-02,1.174005243861312303e-01,4.298526182504078252e-02,1.774490463683933705e-01,-1.115496274740392368e-01,1.061297068599392213e-01,-2.320014442157745382e-01,2.150708455460147439e-01,4.479561971957228203e-03,2.304624889995409431e-01,1.721465230431817178e-02,4.800402634789712603e-02,1.758839068409757400e-01,2.506347716289780703e-02,1.277618755729051092e-01,7.263532387005550151e-02,-1.939069288016902759e-01,1.004450745626742636e-01,7.042182777429448204e-02,2.659578260558339083e-02,1.447295003745237840e-01,-1.184022758425332250e-01,1.250506036769646057e-01,-6.069747080050574145e-02,-1.678148532828899198e-01,-6.657140810288432464e-02,-1.320861234545707766e-02,-9.818876101572698856e-02,5.622472427075688936e-03,-6.213105230303570675e-02,3.343398888682151682e-02,-1.229998844675248837e-01,-5.151573252470750125e-02,1.049594749495807722e-01,-2.721021356918616046e-02,-2.233946092701758271e-02,3.508549532742531642e-03,1.178146229106232928e-01,1.794972724869663139e-02,3.081713353166155508e-02,5.167727132468806495e-02,3.166879929214673484e-02
7.359782942880398193e-02,7.548735290638047823e-02,3.503204686438705640e-01,-3.488995654024621973e-01,3.468842668198940937e-01,-3.509987523349595850e-01,-4.563578613479147249e-03,-2.909535211021541806e-02,-1.467882908794421876e-02,7.292440957784555866e-02,-2.226437954739981726e-02,3.485002748178622073e-02,1.011251367225088349e-01,6.510134505134237970e-02,-2.896554432954216718e-02,8.540910543429301727e-02,-1.092741004077616568e-01,3.477860548714405975e-01,-3.514618462443516722e-01,1.387884605404991756e-01,9.741882688214600211e-03,1.681731714913947962e-01,8.695412319317414110e-03,9.843565579847150804e-02,4.151557476725063062e-02,3.388210733201188485e-02,1.467948974631999581e-01,1.638935771139207465e-01,1.222905331970249032e-01,1.867765911047115923e-01,1.534292981289021307e-01,1.536631688176324784e-01,8.778221609499196887e-02,2.063044978233292970e-01,1.476555523321647356e-01,2.183002554978647203e-01,4.426078072835722133e-02,9.322888435054475786e-02,8.516086968962900683e-02,6.186157714968271160e-02,2.098088074737580744e-02,-1.042970977748112066e-01,-1.118564780086361982e-01,-2.088712005820569234e-02,9.154695080956630482e-02,-9.432691620585942349e-02,6.423072750185442048e-02,9.375790733419601952e-02,-3.916156542079630987e-02,6.752916892145337247e-02,-4.753708651378581868e-02,9.094708535548516604e-02,1.610685079411863785e-01,-2.299019705039203124e-02,1.876136188367753810e-02,-7.722309595105822377e-02,1.780796916676612995e-01,8.892417540352015592e-02,1.892483198248034737e-01,1.002661447644365850e-01,4.076480351735302377e-02,1.885520090424337158e-01,6.621297286893576550e-02,2.155861365715654732e-01,8.814506928942353325e-02,4.215872916178157181e-01,4.406355513310395988e-01,4.350017034560673679e-01,3.864898753403644971e-01,1.000000000000000000e+00,4.112229653213338443e-01,4.869287741160042149e-01,3.701313178251990910e-01,3.366988575510952986e-01,3.162384161660989901e-01,2.900411255682057710e-01,3.137423178759550790e-01,3.146463134759011071e-01,2.800664248616555607e-01,-3.057221440954441261e-01,8.298085917919988119e-02,-3.592946378987354333e-02,3.209627525347455435e-01,-9.736854326673982651e-02,-2.256238070971275933e-01,-1.085274181784438990e-01,-2.160425697034425718e-01,-2.989418132175415410e-01,-2.524534591120428662e-01,-2.763423966344352722e-01,-2.142012871883151592e-01,-1.144040750808268808e-01,-1.847241180303100250e-01,-1.079593062254864677e-01,-1.067750210627474855e-01,-2.733752228101447163e-02,-3.086843460152780341e-02,8.457276227599606899e-02,4.799657272827375504e-02,-1.887414632386559543e-01,-4.122393630676327025e-02,-2.294823519790261182e-02,-3.117733888950965926e-01,-1.334662750945297127e-01,8.975284345419419496e-02,3.393403305349812493e-01,2.536388233554705968e-02,3.255557493759126952e-01,2.185381520820095791e-01,1.029205517351433063e-01,9.764168512247792253e-02,2.081990974368847780e-01,2.877884818576394443e-01,2.070305331262690118e-01,2.139125797863025424e-01,-1.351346701018166230e-01,1.689852527640276492e-01,-4.504507664639306186e-01,2.570064319344519954e-02,-1.700711920136959432e-01,2.605248104876568549e-01,-1.157677306449590021e-01,1.869271850363981785e-05,2.551472269418520455e-01,2.770600833403121313e-02,2.098212471771816467e-01,2.016827917770152093e-02,-3.228353823741850204e-01,5.109848943338662908e-02,-2.908663621693778623e-02,1.024656880928312766e-02,7.193900354002837061e-02,-3.978649903963773354e-02,7.978782504546542975e-02,-7.830475680427237406e-02,-7.970221539553512535e-03,-1.006210422602509674e-01,-3.636123713346910841e-02,-7.436702940557216035e-02,-5.422289853323114528e-02,-1.535624625296290284e-02,1.182937197593702666e-01,-1.110718851594952872e-01,-1.249183414391031310e-01,1.385159718270662921e-01,8.548347655499705100e-02,-5.952333546106072792e-02,5.028783712286784974e-02,6.103375982128148719e-02,-2.580437704487936051e-02,2.001183663073171845e-02,-2.870108533818038765e-02,1.723924859570154580e-02
8.483919643848335246e-03,1.778656101678255386e-02,3.057900710995015703e-01,-3.112854946928694244e-01,3.038624117670173375e-01,-3.125351249539605747e-01,-1.308175798646436516e-01,-1.370834630709865942e-01,-1.560762305492297830e-01,-6.836415596270327411e-02,-1.206664428399092798e-01,-3.052900031840747805e-02,1.348578379197102883e-01,1.475502027715958620e-01,-2.190963852609880032e-03,8.375965573451410462e-02,-2.984726734232395415e-02,3.075395650897977950e-01,-3.084144861264064841e-01,2.802648186330248259e-01,1.127474632215452466e-01,2.503448762898095592e-01,2.305065234518568207e-01,2.404047005485968613e-01,1.999886152436980702e-01,2.245237783162312151e-01,2.011654757864498044e-01,2.757456041065342589e-01,1.459252730529206898e-01,2.325212111209598864e-01,1.944443323455413153e-01,2.571376256653099546e-01,1.164931261322320055e-01,1.631390193354425033e-01,1.112612647191754400e-01,1.010463987953517384e-01,-1.308109149706824202e-02,7.434482494369403123e-03,4.057817537559470916e-02,-5.480484028174113786e-02,-9.133184789613382759e-02,-2.266453770324367359e-02,-1.316150422196481207e-01,-6.388917249820241784e-02,-6.090260231163310833e-02,-1.016721431550438315e-01,2.617830273587009454e-02,-2.112301381855051161e-02,-6.449642821805305626e-02,8.131273525131121893e-02,6.707219765179214810e-02,1.218573178251785294e-01,1.303767232052022162e-01,8.204205979487563805e-02,-3.512920234894791743e-02,-8.540485608847403487e-02,1.646274590402798943e-01,1.540924196573583427e-01,2.041318875061142457e-01,1.485434674743717209e-01,8.888616130303116092e-02,1.703573882950368268e-01,1.094793604753135086e-01,2.609137394819987521e-01,2.450752333143377815e-01,1.644752783593515510e-01,2.772464610687497832e-01,4.813610433069999139e-01,2.387631930031478833e-01,4.112229653213338443e-01,1.000000000000000000e+00,6.218540948794903933e-01,2.918560717951961814e-01,6.651381522839644456e-01,4.775641062765251799e-01,4.651550698734997491e-01,4.504566773487475584e-01,2.929956647596971830e-01,3.355085833685579888e-01,-4.942482296254567253e-01,1.900131593543535891e-01,-8.345913938031935056e-03,5.071448750613550827e-01,-1.191600531388727346e-01,-1.466297978228928989e-01,-2.861905889681038567e-02,-2.398811822911011415e-01,-2.961325399937584368e-01,-2.533073663383682006e-01,-2.775778521263320142e-01,-2.515448314285093079e-01,-1.479635497663544519e-01,-1.864597128780186019e-01,-5.389846128305043199e-02,5.523550800814022721e-02,7.191961075536797143e-02,4.682528300358467649e-02,1.374414382360810045e-02,2.971692649942287920e-02,-1.705941080188075887e-01,-1.111526570221647303e-01,-1.870403792904501705e-01,-5.026817154974482227e-01,-3.236787401135394204e-01,-4.895743736527761319e-02,2.177437464408918111e-01,-2.553094211226206167e-01,5.087701021556809700e-01,9.558894305998660856e-02,3.976921161218492928e-01,1.970406205091409513e-01,-3.435058875275872562e-03,3.844814509944651792e-01,4.744806538483696719e-03,2.380538238799014272e-01,-3.146141877332567227e-01,9.455558405718868242e-02,-4.088054556191493827e-01,3.116988064111789192e-01,2.518565250348069051e-03,4.948224933207867049e-01,2.191360961196056056e-01,1.614544516565639132e-01,4.835156146732965121e-01,2.470041139096574856e-01,3.530350720496834849e-01,2.401796220447829366e-01,-5.003216751310899379e-01,2.303209338810292273e-01,1.104054516793706864e-01,1.891217600746988581e-01,1.242346042462931510e-01,3.474352076904380776e-02,1.027152015587404627e-01,-1.244666316421446789e-01,5.687221300550307501e-02,-9.597672234252883905e-02,-2.464927416688788946e-03,-1.146645234859928197e-01,2.111099642591319700e-02,-9.775345748460630146e-02,-1.813905577341171603e-03,-1.810267569796698284e-01,-1.500898524039231130e-01,7.731554160148212951e-02,-2.325586000274182039e-02,-1.334556901522548633e-01,1.563934178728492927e-02,1.784559691614437740e-02,-7.483895824324970913e-02,-2.252471438897292455e-02,-5.643123317034833691e-02,-7.221218078771103957e-03
5.416084602278130322e-02,1.934879019221447810e-02,3.957097297113144063e-01,-3.992396484874099483e-01,3.930862984931729476e-01,-3.992278226504058503e-01,1.435322296489067659e-02,-4.411861146943586026e-02,-3.887484708744972511e-02,3.546945391782947710e-02,-8.521300884392292441e-02,-1.920237702650760825e-02,4.492789245731412806e-02,9.719789863253701367e-02,4.123469131170367369e-02,9.429916923695336184e-02,2.440058239978722121e-02,3.991793975278814521e-01,-3.969652847258918760e-01,2.718704358370467311e-01,9.184993544849913427e-02,2.982861959855118705e-01,2.176026155241511661e-01,2.002957466209144000e-01,1.724989343054032231e-01,1.722906307248518454e-01,1.584800054214438314e-01,2.908300530327679323e-01,2.377631498298965196e-01,1.946805352490897090e-01,1.513785837535705503e-01,2.059031613241772973e-01,6.244110932832365457e-02,1.332580498023857862e-01,1.217454340489402403e-01,1.348427640980902620e-01,1.383959146717958846e-02,7.569205462275484242e-02,8.580713476954030319e-03,2.665380005479446243e-02,-3.789626394016490374e-02,-5.879011184472543103e-03,-7.839396532280470953e-02,-5.670331977912473898e-03,-3.470472989560368163e-03,-9.167374411857755201e-02,3.797293266776945175e-02,-3.644892177287935991e-02,-1.251954534774705197e-01,-2.304993138780283765e-02,-1.217743683094772156e-01,-4.388730613152401483e-02,4.704942931579097348e-02,-3.717762440340168645e-02,4.001749145496908550e-02,-6.489968669524312506e-02,1.664303401870054488e-01,6.119076754686155611e-02,1.689520738445453307e-01,1.205088189459364856e-01,-5.823111740517452478e-02,1.547885575794563651e-01,1.677042642634093972e-02,1.878628713326992994e-01,8.928301205611544056e-02,1.297568604743146170e-01,3.266604181570270660e-01,3.342215515293750494e-01,3.139473395107076348e-01,4.869287741160042149e-01,6.218540948794903933e-01,1.000000000000000000e+00,5.539639592485959829e-01,5.110770327193522311e-01,6.893200924249456296e-01,4.487579789185341395e-01,5.496213615704110822e-01,4.533875909867160492e-01,3.482562181170051341e-01,-3.445985266618568077e-01,2.073453769863294605e-01,1.125236408637973196e-01,3.647993718397673502e-01,-5.759985195014345749e-02,-2.550113450545205551e-01,-9.175492408609858819e-02,-3.227922830684040734e-01,-3.072776771700649889e-01,-3.245180077302445842e-01,-3.076619916699850354e-01,-2.610556595370565613e-01,-2.805558427409186595e-01,-3.075175636553353353e-01,-2.068152401820727293e-01,-9.130533574870049185e-02,4.422411823776502271e-02,1.486831804791177714e-02,7.509332817615489708e-02,5.967296797824769850e-02,-9.987972974461470366e-02,-5.580834918538958578e-02,-2.027537559571003234e-01,-3.557132536006548662e-01,-4.450416658186784336e-01,-5.841006868381200430e-03,2.940523518715574824e-01,-1.762299862591975019e-01,3.672697817424303013e-01,1.731645486655367938e-01,2.988708368189280651e-01,1.332684268901630498e-01,1.056951386261752862e-01,3.756856830610255105e-01,1.507055314473051688e-01,3.246219316850592063e-01,-1.971049521242277669e-01,2.132902383442765448e-01,-4.675888097039257452e-01,2.659985097864071557e-01,1.272654285368479514e-02,4.680738847365903399e-01,1.001705614457975291e-01,1.454145353791684026e-01,3.398248233959518250e-01,2.371314705637025677e-01,3.357714239098198439e-01,1.394505792372335573e-01,-3.600547773502637550e-01,9.430820274661647074e-02,-5.606343871130759632e-02,4.323693572973063073e-03,2.929903286513875146e-02,-1.218058299675491979e-01,3.466475136039235544e-02,-8.042136854294866521e-02,-7.864143415477208021e-02,-1.723168891815577974e-01,-1.471015045221908124e-01,-2.034278467442066640e-01,-1.275618123112593205e-01,-1.122434449816708257e-01,1.144644872741660685e-01,-1.967845425410492954e-01,-5.985675386830746625e-02,2.212162926358462178e-01,4.278917475915925556e-02,-8.737645001165751657e-02,6.335081649613334698e-02,9.124058963538565770e-02,-1.955533507331990231e-02,2.877836181963874460e-02,-1.839093989977742816e-02,-5.711118487761198022e-03
-2.681224914605973703e-03,4.173636684194920871e-02,7.446741261956854596e-02,-7.946856038311540804e-02,7.225915107547024874e-02,-7.971010691004687398e-02,-6.907481101057703909e-02,-2.645194809212438880e-01,-5.951588850121120045e-02,-1.613948799368112308e-01,-2.302363637676760610e-01,-2.710764111946463162e-01,-9.596079994394360324e-02,1.822225810508273092e-01,-8.181427999113918825e-02,-1.827659562039879448e-01,-1.000287582015164933e-01,7.646696884929762850e-02,-8.065348307488812152e-02,7.045259688515875807e-02,-1.710617886953090250e-01,4.978310939331659357e-02,-1.162144073045316001e-02,4.233584325601544296e-03,-1.519579389472467019e-02,-6.629322849807414708e-02,3.097448058122182282e-02,1.325814847192693102e-01,-5.144002625172502258e-03,4.782528939414559810e-02,1.523770453591245799e-01,-2.662260603288590932e-02,1.487952598584355024e-01,1.458865403430894270e-01,-4.546957047259433254e-02,7.883277442666873636e-02,-1.086488786080368751e-01,-3.944781973919311846e-02,2.839205525583352041e-03,-4.866758681915732410e-02,-2.777408862006190693e-02,-5.413225207460325289e-02,-6.663324326643248197e-02,-1.801424687125946153e-02,6.242277747672535237e-02,-1.202273042873611558e-01,3.190712351229327282e-02,7.026487888051512198e-02,-7.755876282884742456e-02,-1.273603465216524913e-02,-1.426054127422885509e-01,-3.983192148347046435e-02,-9.548595564903512856e-03,-2.364676934994497104e-01,2.223004057681381585e-03,-8.641627328654691298e-02,2.928767019239020275e-02,-3.490017268512215359e-02,7.328046562436202338e-02,-3.032061850369736911e-02,-7.815939890620690611e-02,4.322789152453282435e-02,-3.067780061574867934e-02,2.235903860391786346e-01,4.129668995075773397e-02,1.647953192077316609e-01,1.248365634964326010e-01,1.018108565958842499e-01,7.831451928038894728e-02,3.701313178251990910e-01,2.918560717951961814e-01,5.539639592485959829e-01,1.000000000000000000e+00,4.505597379989187412e-01,4.472613933325774727e-01,6.179548563588417309e-01,3.678108111081416776e-01,4.538566870454080471e-01,3.870420971119420406e-01,-3.509294321377450787e-01,1.212324192647814131e-01,5.850733174295635192e-02,3.661834943449479574e-01,-6.710550230142638128e-02,-2.994150812010974438e-01,-1.774803728534689040e-01,-3.901593802593049665e-01,-4.394204106445265268e-01,-4.491391083737191758e-01,-4.260118609782058141e-01,-3.564835147432313112e-01,-2.263501074204087027e-01,-2.879108516728540734e-01,-1.867271499539143731e-01,-7.508967919903596078e-02,-7.530954760001475068e-02,5.245008140252084908e-03,6.745206532298846092e-02,6.594989051126408375e-02,3.412129878572961461e-02,2.495115267573372667e-02,-9.868003199066111009e-02,-3.566676278254154453e-01,-1.283884857295971016e-01,1.115160263545946356e-01,3.510899887616825699e-01,-9.487681418736065853e-02,3.730967089823920557e-01,1.767725699980778886e-01,2.418450645539876043e-01,2.393151572785739700e-01,2.414933690472359507e-01,5.379146887169783398e-01,2.535335924191912116e-01,2.588848982246357289e-01,-1.580433125041016684e-01,1.111447074559431814e-01,-5.269157437250546749e-01,-1.505212112859621691e-02,-1.662223771086648871e-01,3.071527149164069437e-01,-3.757481103215803975e-02,-2.379919617415865093e-02,2.741561837276033642e-01,-8.126437870122021900e-02,2.114751012254034446e-01,-3.628910286331771262e-02,-3.676808536430140051e-01,7.167556681447631584e-02,-1.447507592877151084e-01,-3.175586102851610942e-02,-7.361399640085404539e-02,-6.446527297219074859e-02,-9.294661076697371960e-02,-1.200573692643395161e-02,4.131889372120596537e-02,-7.992705062177113406e-02,-1.505415102307770293e-02,3.746676654221536840e-02,-5.733017935014439459e-02,1.347235855187951248e-01,2.348870499303233328e-01,2.103331210885848665e-02,-2.005590330920683784e-01,9.698635845326095128e-02,2.236364287073351886e-01,9.372022594355076952e-02,2.005126835451281064e-01,9.906673118960793167e-02,1.163104957127658046e-01,1.306544229243355726e-01,2.430633949871455896e-02,5.789889625173103710e-02
-7.074041685385122624e-02,-3.987524082534701225e-02,1.823714182883061641e-01,-1.905497302663476666e-01,1.817832255833347344e-01,-1.928268495161048202e-01,-2.041220919086528807e-01,-2.740979111615931552e-01,-2.120540112914628128e-01,-1.927361214006826640e-01,-1.809340409121064086e-01,-1.616515020982500772e-01,4.139858980953567413e-02,1.615261585717559512e-01,-6.391307338564661267e-02,-5.485429300359816879e-02,-6.281969404843849511e-03,1.853781613867826750e-01,-1.856982191839417207e-01,2.187322508244093910e-01,1.310032447279047552e-01,1.609614034087931689e-01,1.293045743831364447e-01,1.602247961838092483e-01,7.999644524553622960e-02,9.478605861813975408e-02,2.009986950973701447e-01,2.445641265158901567e-01,6.266405451453939401e-02,1.841858051396275675e-01,2.251448666384826547e-01,1.874876387702737734e-01,1.900599947009913582e-01,1.488206382839716568e-01,-1.696266254562434430e-04,4.405235843144177099e-02,-1.035605123298932312e-01,-1.052181752509302876e-01,-2.364959467100492818e-02,-1.040642581438043501e-01,-1.706762783439614850e-01,-2.253997780426165651e-02,-7.786322327906815277e-02,-4.659038900237630343e-02,-2.374346952404960895e-02,-8.577771969863276502e-02,1.646726515180330780e-02,5.364349712617761529e-02,-2.860307021711584741e-02,1.486327757918990411e-01,9.040703267786694142e-02,1.891479287358270034e-01,1.564794512290656192e-01,8.217922847612645770e-03,-6.340670171996280746e-02,-4.547072686368454353e-02,1.713357946101717599e-01,1.314601367076374538e-01,1.604625975467867671e-01,9.555950329780936447e-02,6.822896252140502049e-02,1.285862606948585951e-01,1.009414481398973051e-01,2.720664319564592981e-01,2.304370649004613136e-01,2.192063943234268397e-01,2.279260907917713130e-01,4.110475738859649675e-01,1.915229616487528486e-01,3.366988575510952986e-01,6.651381522839644456e-01,5.110770327193522311e-01,4.505597379989187412e-01,1.000000000000000000e+00,5.039229480015742224e-01,6.966397128567789476e-01,4.591317035600790963e-01,3.204545738166572622e-01,4.331991812446303602e-01,-4.968091715819353826e-01,1.897240232465015608e-01,-1.694106992252738531e-01,5.111683989733650790e-01,-1.921339809761393458e-01,-2.397182925275592735e-01,-1.184018273930729365e-01,-3.246595805762003129e-01,-4.632080045761471920e-01,-3.162235603343547807e-01,-4.051403794954293036e-01,-2.942202529013234202e-01,-1.900436861577664838e-01,-2.134803778030447408e-01,-2.011213480165864598e-02,3.176294908804248862e-02,4.453108841318303285e-02,1.066103420092629206e-01,7.802781966478244957e-02,4.989085184045871646e-02,-1.876674429495203689e-01,-5.528182905110741452e-02,-4.320275966255797406e-02,-5.061816640943440637e-01,-1.219170343631596071e-01,5.602543320895301410e-02,2.532888968551167408e-01,-2.142256996043665762e-01,5.177470551318247294e-01,8.850124247040114245e-02,3.724584702949689796e-01,3.116274511364508504e-01,9.847195149123941227e-02,4.814986411406535494e-01,6.330355390162747953e-02,2.676905722772449647e-01,-4.169936300143580743e-01,3.660024025283398902e-02,-5.808401909393203777e-01,2.019799449434263039e-01,-1.365430491172163474e-01,4.746972871127247418e-01,1.669824256029201481e-01,8.421200173474309436e-02,5.695348869268004321e-01,1.422280965008244080e-01,3.829778284168324776e-01,2.187450634394679239e-01,-5.055480902492403006e-01,2.980135645726574856e-01,1.340622960935839714e-01,2.029747687279200019e-01,1.604106130694508137e-01,8.302778115052159014e-02,8.967435136465858048e-02,-1.314319627530576018e-01,9.977777649252289605e-02,-6.012763133682700462e-02,6.480857169155600228e-02,-5.643073535315081685e-02,6.352301848751384927e-02,-9.048583656694421384e-02,3.614460333709483119e-03,-1.928763924778696126e-01,-1.892588544439927078e-01,6.353564527105372284e-02,-2.762593913536404502e-02,-1.785826271820020184e-01,-2.634669093213977409e-02,-5.630866199291124224e-02,-1.031618555391059927e-01,-3.242914694206601445e-02,-1.182525481523109823e-01,-4.785577206316604659e-02
4.186917396468712443e-02,-4.397445817328664297e-02,2.180962406638305151e-01,-2.258966794591750205e-01,2.153628691467577572e-01,-2.253432499530707289e-01,-5.338916605856834641e-02,-1.321240431447923691e-01,-5.396150210364844546e-02,-1.096215784119189407e-01,-1.577010078394782688e-01,-1.155845275557272067e-01,-9.772898616225180607e-03,1.517184101037427624e-01,3.740428831476967858e-04,-2.282577010008159102e-02,-2.059671169141847474e-02,2.256214325600058301e-01,-2.220286587688937996e-01,1.781724456915941279e-01,1.618424826096894614e-02,2.382870246559691818e-01,1.566071149371660032e-01,1.247396037374041977e-01,1.717165047683179846e-01,9.276651273008763854e-02,1.117738403890905924e-01,3.688664232261985032e-01,2.160493784521712313e-01,1.138586429474123946e-01,8.387462841130061131e-02,1.916453482720466561e-01,1.321194015891231748e-02,4.002469236528160418e-02,7.023118747113456239e-02,1.169917820988953042e-02,-9.072706026759602693e-02,-1.819077343325099100e-02,-1.845987476254587131e-02,-3.522330478090728023e-02,-1.095646311205176332e-01,1.526388918383362638e-02,-3.532425640663658384e-02,-4.215461562427666453e-02,-8.172390226489813225e-02,-9.801330071162321633e-02,-5.035467529334404502e-02,-4.781336514028538404e-02,-1.019728524745502490e-01,3.722567508616105719e-02,-1.186301736689427816e-01,-6.662365055142371872e-02,-1.431239809964729263e-02,-9.576622210456194051e-02,-9.434208853577149417e-03,-9.023288871080624440e-02,1.574071030726752474e-01,3.585761427694875419e-03,1.655732857449421780e-01,6.384878584998475437e-02,-1.205733622617781997e-01,1.489730810981055587e-01,-7.336578212051009240e-02,1.037827965404742175e-01,-1.040974509664402935e-02,8.675696613773917210e-02,1.733927379696511561e-01,2.184407107331926279e-01,1.636914368476314885e-01,3.162384161660989901e-01,4.775641062765251799e-01,6.893200924249456296e-01,4.472613933325774727e-01,5.039229480015742224e-01,1.000000000000000000e+00,5.287501917182887423e-01,8.179873310525601626e-01,6.053700618847089876e-01,5.480322681786639061e-01,-4.310982973999611390e-01,2.318488841298167735e-01,8.380927426853164441e-02,4.457811589788479023e-01,-7.636491262235152455e-02,-4.345037372308138135e-01,-3.022431302977311440e-01,-5.008312104427601330e-01,-4.193168742929003767e-01,-5.200747459832165687e-01,-3.850523151143042666e-01,-4.473132678919531369e-01,-3.811971525353695656e-01,-3.994750055078654660e-01,-2.297213988862341905e-01,-4.779128066161936889e-02,8.957859864161873964e-02,1.138192597254244071e-01,1.548923516871081041e-01,1.634837556217255961e-01,5.211692188727930219e-02,1.567062352714956863e-01,-2.204597492635946426e-02,-4.340675141724870678e-01,-3.212899974137950476e-01,8.220541854957841288e-02,2.583687128191835547e-01,-2.835243892228161977e-01,4.519630799388521525e-01,5.237151807913970752e-02,3.764418379892500721e-01,2.642876227730191485e-01,6.994014465269238201e-02,4.517647480328735865e-01,7.604949559748241938e-02,2.489509986293004240e-01,-3.318094655150577998e-01,1.259521069473729105e-01,-5.117649803903185912e-01,2.490930555535282309e-01,-2.495137295091128665e-02,5.013810456077987254e-01,1.671832843293998838e-01,1.199060701943835544e-01,4.224331942395598838e-01,2.905583156699288461e-01,3.656939911205682181e-01,2.265478729562765692e-01,-4.427247069439263494e-01,1.099733878753507282e-01,-8.212472758735861467e-02,6.706118117661245825e-02,5.543153730893643494e-02,7.060874360614280594e-03,-1.949739578144222760e-02,-9.682614594061408897e-02,2.332317936664943941e-02,-1.155814426568175513e-01,-2.360577214529183121e-02,-1.189559223986703801e-01,-3.079237556813552504e-02,-6.689699088822498307e-02,4.055579156965249954e-02,-1.463658677026822563e-01,-1.488006025083953299e-01,7.080010940983461065e-02,4.479852759918073052e-02,-1.646808368415462465e-01,6.330869351237630727e-02,-2.045318513586664999e-02,-5.308396491870408240e-02,4.575585101322983059e-03,-5.623332914244313224e-02,-4.188836377368033298e-02
-4.079298276978850918e-02,7.924482684873189464e-03,-5.842509281968394884e-03,-3.517512145067288026e-03,-1.058755295452415771e-02,-4.497013192596193559e-03,-2.165087148247009097e-01,-3.451219400219014410e-01,-1.919001164385857050e-01,-2.721049055533171779e-01,-2.848545408144770308e-01,-2.869636368533141080e-01,-5.873764478084390894e-02,2.270681607434183180e-01,-1.031068200938734247e-01,-1.989160429163931709e-01,-4.052435226455252532e-02,-4.398529432688222905e-03,2.358684300283713908e-03,8.435943983060111007e-02,-4.863822639844668505e-02,9.375942682431011310e-02,3.908204004537322446e-02,9.253113934789443384e-02,2.413512060691298464e-02,-3.952842466377212705e-02,9.536695912728508639e-02,2.227471973730661137e-01,1.418600852627356114e-02,1.154411329666056585e-01,2.238848065581575120e-01,1.202008022533847809e-01,1.997613783799805642e-01,1.506194404146039556e-01,-4.212305242515073517e-02,1.359368940685370085e-02,-1.596936815016389288e-01,-1.459262727971055440e-01,2.912072843632305258e-02,-1.627249936490648696e-01,-1.930339948402021166e-01,-1.091306411870089366e-01,-8.864004511137155151e-02,-1.324294475738631016e-01,-1.809618813359224407e-02,-1.608190098751433317e-01,-4.037740188946171982e-02,6.290831560842134740e-02,-1.625424949654732248e-02,1.407412222980256866e-01,-6.222862812732481846e-02,1.171783671754087208e-01,2.809919868438623056e-02,-1.930759372885058334e-01,-1.313923378769426276e-01,-9.198385002078378336e-02,9.503621462919230323e-02,-3.662474609661491715e-02,1.059401866683106902e-01,7.380486180240269228e-03,-6.567961701765362426e-02,8.106592936262443927e-02,6.724942533516180265e-03,2.118385374416272560e-01,1.240100433073851455e-01,1.455680380126108675e-01,1.081553679923697581e-01,2.856332076644556572e-01,1.238843612215735079e-01,2.900411255682057710e-01,4.651550698734997491e-01,4.487579789185341395e-01,6.179548563588417309e-01,6.966397128567789476e-01,5.287501917182887423e-01,1.000000000000000000e+00,4.861409056552460917e-01,3.674342491558602042e-01,4.869744697684963985e-01,-5.396410716773877292e-01,2.612135268399576327e-01,-1.004914620582456480e-01,5.501504406672347303e-01,-1.495402481177759701e-01,-3.498909551705288168e-01,-2.666407606826778909e-01,-4.582343516466923505e-01,-5.059601833099818258e-01,-4.718542614206882591e-01,-4.531109348563499561e-01,-4.515506830617292411e-01,-2.505052376210192833e-01,-2.858158800722228610e-01,-1.093674317940544760e-01,-1.412719169635959790e-04,3.629521559035438216e-02,1.726415516753095070e-01,1.053570933400010540e-01,1.104251997196435409e-01,2.212729347296305341e-02,9.466886276104720388e-02,-9.562672535488224435e-02,-5.441640928051633130e-01,-1.012570822690069955e-01,2.984491829631939763e-02,2.651042663045276582e-01,-2.646922309063267642e-01,5.581926489175542683e-01,8.606475220906763257e-02,4.215267989907575674e-01,3.500727262071998691e-01,1.160233718532795721e-01,5.909775871673649261e-01,1.063850975144467886e-01,2.628234743552634867e-01,-3.305536010904489563e-01,4.657682947420001968e-02,-5.696838695434833788e-01,1.477205968516869250e-01,-1.167779263543779616e-01,5.195261945359606059e-01,1.434195721556666692e-01,7.359821588522344471e-02,5.623121022823893700e-01,4.374918644705467347e-02,4.246701505328637771e-01,1.440866513002833083e-01,-5.479935542236489265e-01,3.011242379517549139e-01,3.722118693472068612e-02,1.538544198624391124e-01,1.180343842712556629e-01,1.097481629498925221e-01,5.023576698793898870e-02,-1.327564565600000135e-01,9.816025852374225813e-02,-1.233722277834032634e-02,3.155726874506089435e-02,-3.952945872955648116e-03,3.524464590889809373e-02,-1.088753509312646341e-02,6.000498681267427137e-02,-1.096416401749201602e-01,-1.637027570478535310e-01,5.139750983493471953e-02,1.984427418860639988e-02,-5.675782982021650852e-02,4.202909754255475944e-02,-1.653341743797599739e-02,-3.574162134548346248e-02,-7.836146344349412913e-04,-4.349736413717014000e-02,-4.623176084613388193e-02
4.140076420303964028e-02,-5.550091261911967860e-02,2.792150417164122600e-01,-2.869876927656067056e-01,2.759823009566076957e-01,-2.869632604948135213e-01,-3.254490215977704631e-02,-1.856476572980536588e-01,-6.164813736610678940e-02,-1.341893639986848352e-01,-2.003255256571897791e-01,-1.711335883669532210e-01,-3.010592306336127427e-02,1.953713913564166516e-01,-1.285596309870606739e-02,-8.476454967699997844e-02,-7.113576305467697591e-02,2.861306768603080197e-01,-2.857699659337612497e-01,2.291460072112969926e-01,6.307433884459227522e-03,2.715119473809434747e-01,2.012133133285592401e-01,1.582741235566721971e-01,1.672260117230138510e-01,7.478511160582820838e-02,1.580817687124682624e-01,3.935825778759269866e-01,1.745146508552827547e-01,1.403612653236894769e-01,8.065277884886624948e-02,2.280010473774193580e-01,-2.256218731576910622e-02,6.699548891782056148e-02,1.365691511796852387e-01,3.708306070964930562e-02,-4.823900114413460366e-02,-3.780228771027140805e-02,-4.874180062442772833e-03,-1.558981361659753442e-02,-3.797260601974545430e-02,6.453112916998868243e-02,4.204216827099144932e-02,7.164549373694538426e-02,-1.575607415679419407e-02,1.446443793267510221e-02,7.729797471645497020e-02,8.200968629755930883e-02,-5.338308739258986607e-02,9.671675558050217558e-02,-4.466213222755461426e-02,-2.822735284018875607e-02,-3.077541707460944298e-02,-4.498764820330185960e-02,4.518285362303769287e-02,-7.911347247559896712e-02,7.858329507013089854e-02,-1.042774991379590531e-02,7.398630850422628635e-02,-4.714132589267731877e-02,-1.173415851962259920e-01,7.927498752150995143e-02,-1.395640946039702623e-01,6.606481221991981900e-02,-6.422088231044410789e-02,1.100114934504842906e-01,1.637983523257772467e-01,2.429111650604810768e-01,1.202002347876533345e-01,3.137423178759550790e-01,4.504566773487475584e-01,5.496213615704110822e-01,3.678108111081416776e-01,4.591317035600790963e-01,8.179873310525601626e-01,4.861409056552460917e-01,1.000000000000000000e+00,4.813584532893139256e-01,6.414969290235049693e-01,-4.531901870373404306e-01,4.533162055619458647e-02,-1.684812094974137350e-02,4.593306696399064859e-01,-2.545992273390048632e-01,-5.769116173175723450e-01,-3.901285580133785902e-01,-6.408252191400051201e-01,-4.261745805512083818e-01,-6.352914955315702716e-01,-4.385301363940719566e-01,-4.982047000721118168e-01,-2.705823331023219369e-01,-2.895445196020079437e-01,-8.385046699272918902e-02,1.127950884408667198e-01,2.783256247343670609e-01,2.545599328574641440e-01,2.617281724637698370e-01,3.164845131974020620e-01,1.474549691180631616e-01,2.944035459601889726e-01,1.647850097950319670e-01,-4.463135244174781802e-01,-1.526603758130373745e-01,1.282242295542518340e-01,2.154939714773091708e-01,-2.214615018013850467e-01,4.744265888687100308e-01,-1.110775980948830732e-01,2.740550779989348595e-01,4.772511060715531328e-01,1.026282487489151296e-01,4.179192029130977537e-01,-1.362399452202647278e-02,5.440748374486598787e-02,-5.031813695315041635e-01,-1.065658143641442651e-01,-5.572040580242685337e-01,1.923482351788885214e-01,-2.484397749094217900e-01,3.815185100387533113e-01,1.286822725455575578e-01,-2.154135363394389657e-02,4.453157690956046078e-01,2.090449819682215493e-01,2.867628537467579730e-01,1.951100967914792261e-01,-4.607981752569463296e-01,1.359387418818981397e-01,-2.575070888697173280e-02,1.085110833855933710e-01,7.121521836476510381e-02,6.095415112300033716e-02,-1.343080533802266247e-02,-7.762265138976988388e-02,4.936515599983232194e-02,-6.857853651383269411e-02,7.391157343482795787e-03,-3.407530639657337102e-02,-7.641727337935289195e-03,-1.803071951108245984e-04,1.031025216083767404e-01,-1.121030320067808311e-01,-1.986332356103249486e-01,8.183435281079833035e-02,1.213827378824177267e-01,-1.487383637651182866e-01,3.708638688405199030e-02,-1.434767442769864162e-02,-4.529314130900763402e-02,6.394540360167723370e-02,-2.521104412785326807e-02,3.944053785429993929e-03
-5.444077755181100237e-02,-1.262572101207887904e-02,7.396198993258097654e-02,-8.031992277069510688e-02,7.216728939404971899e-02,-7.874244005220143450e-02,-2.513757539366361093e-02,-1.569653785739535956e-01,1.458735427365903843e-02,-7.868734098869115123e-02,-8.695860761512019810e-02,-1.204828414823460453e-01,-3.441572248248561672e-02,6.951491054686800841e-02,-9.334536937852683236e-02,-5.332358616292305620e-02,-9.767380163995856290e-02,8.354437789830952699e-02,-8.325041463876590997e-02,-4.637887999675329581e-02,-1.999311359391343912e-01,-1.168714816775175656e-02,-6.901119313585511728e-02,-2.974307304775079819e-02,2.665371320566408200e-02,-4.355596823995213501e-02,6.736975696169476835e-02,2.086156161676760989e-01,3.145431243027885237e-02,6.326823679867009387e-02,1.085079260279570579e-01,-6.743586512156465006e-03,9.038766588071428520e-02,4.074551635935315386e-02,-1.100964372607947939e-01,-1.857040427873978342e-02,-1.773689112138619739e-01,-8.410101344706014115e-02,-5.540646921699547700e-02,-9.472320975434046775e-02,-1.066934346305165732e-02,-3.474153865625398407e-02,-3.060477391057154703e-02,-1.876377722115053445e-04,9.695483339684299318e-03,-1.012767732773812851e-01,-3.027553178055968075e-02,1.695615902251046761e-02,-8.371925572149979677e-02,9.312433719104212110e-03,-6.306201603124639288e-02,-3.990015826804426541e-02,-5.442075458754262046e-02,-1.094766941098128665e-01,-5.162229161942457484e-02,-1.731270909521612777e-01,1.096147471736982487e-01,1.057323411076373787e-01,2.109254448087782563e-01,1.053539098710754851e-01,8.484477784594569860e-02,2.387054192977425271e-01,9.641013968961152647e-02,1.715519990364907099e-01,7.049055783519882212e-02,1.076084787967257622e-01,1.578869661571629113e-01,5.827219643047909861e-03,4.397113497365097434e-02,3.146463134759011071e-01,2.929956647596971830e-01,4.533875909867160492e-01,4.538566870454080471e-01,3.204545738166572622e-01,6.053700618847089876e-01,3.674342491558602042e-01,4.813584532893139256e-01,1.000000000000000000e+00,6.315555732522672994e-01,-2.928472500440779114e-01,4.257571964566003175e-01,3.189743774448899338e-01,3.188023358260455575e-01,3.315824431308281861e-01,-1.565938225770369674e-01,2.110262590031200883e-02,-3.381507299143043932e-01,-4.449585899674119993e-01,-4.911360185056571348e-01,-4.253178858330889933e-01,-4.730791007697301431e-01,-5.003077856256116229e-01,-5.867166284740269466e-01,-4.720043641635103815e-01,-3.512605118083429456e-01,-3.317931773069408008e-01,-2.272029506570716617e-01,-1.506399864977658321e-01,-1.299714475260844437e-01,-9.319717679743749761e-02,-1.022669450260076524e-01,-2.064118261357677786e-01,-3.053804495951492060e-01,-3.516739263586443620e-01,2.043559331532422696e-01,4.698344748824392902e-01,2.391528287344760889e-02,3.129545873229223618e-01,3.797026902302028661e-01,1.917725074678640340e-01,-4.703693961923157557e-02,2.902760227449182606e-01,4.729230525312763112e-01,4.663926649678504788e-01,5.007669131478539315e-01,1.225063734662843462e-01,4.926562756226142148e-01,-4.780474971977097809e-01,-5.296835329145893612e-02,2.173528791593933376e-02,4.321612059645812409e-01,-1.104019829104635059e-01,2.113271153627674093e-01,2.885248339205397916e-01,7.513896908114446604e-02,2.057374339255494955e-01,2.169125156586888467e-02,-3.107178782985199339e-01,-2.265248556604598784e-02,-1.417048060175174762e-01,4.224035560699665459e-02,-5.122332442509267697e-02,3.211947062271341968e-02,-3.038016759097893899e-02,4.696946025841415573e-02,1.301894742649587211e-01,-4.573511784998808560e-02,-2.433105420542663704e-03,-3.935605731753755165e-02,1.026713384681058813e-02,-1.885433408624985832e-02,1.829045057388831511e-02,-2.976278331797374554e-02,-1.766906164323976333e-02,1.637137887640812209e-02,1.507519955633151131e-02,-1.729238659877948767e-02,4.134118822909674945e-02,-5.329276369311387179e-02,-2.162959126227377918e-02,2.312334115619609290e-02,-7.805339148794353255e-02,-1.760350677489846971e-02
-2.460169805811178445e-02,3.558886816636187833e-02,2.034338619033336792e-01,-2.162432618800635420e-01,2.004475561922505200e-01,-2.161593195983094184e-01,-8.020684000844559292e-02,-2.405133574313964850e-01,-7.017129370094424279e-02,-1.910472557310146924e-01,-1.757947871954519403e-01,-1.959438956645363217e-01,-2.315188842108043682e-02,1.314739059693163237e-01,-1.495086036013641706e-01,-1.151389627282449063e-01,-1.295516767267626823e-01,2.086283727917900288e-01,-2.153919799036720373e-01,4.808452622846109970e-02,-1.241119951917825232e-01,6.501171918099619973e-02,-3.569884305193128660e-02,1.896287129862944329e-02,4.486191264394280565e-02,-5.831506084699424747e-03,9.644979731980415916e-02,2.401308024000556596e-01,-3.260100790404325127e-02,2.015591017829385379e-01,1.089896848164753351e-01,1.338114155411662398e-01,2.643831323925268512e-02,4.100866438359834776e-02,6.319496229328303016e-02,1.218283000598084469e-02,-1.873900499343339188e-01,-6.315710162758657320e-02,-2.129507865109891984e-02,-9.514240026773568282e-02,-2.713544962914690717e-02,9.476858503088757615e-03,7.940194132927903738e-04,-3.825546114638010871e-03,-1.202324201073473077e-02,-7.083871517749991409e-02,2.735945244646567978e-02,5.026764092687201202e-02,-2.392372650386988958e-02,9.438578212933659839e-02,5.670254635221209927e-02,-1.374230760496264643e-02,-1.299905534335221990e-01,-6.841270429263983377e-02,-6.022820525099371186e-02,-2.965353107925565723e-01,-3.372726681051868049e-03,1.000222136886173424e-01,1.843669201358161813e-01,-7.042326335821504080e-02,8.685491823806500145e-02,1.996396386690599267e-01,-8.493546148517503239e-03,1.240836999134135726e-01,-1.560255526834726167e-02,1.272095569700788242e-01,4.767064209697704363e-02,1.795600853588477652e-01,6.990277774946324074e-02,2.800664248616555607e-01,3.355085833685579888e-01,3.482562181170051341e-01,3.870420971119420406e-01,4.331991812446303602e-01,5.480322681786639061e-01,4.869744697684963985e-01,6.414969290235049693e-01,6.315555732522672994e-01,1.000000000000000000e+00,-4.268638992712683877e-01,3.116659685162421201e-01,1.665009623103202718e-01,4.445931209875709222e-01,-2.442102939594391689e-02,-3.417576682742871630e-01,-1.412130868522429028e-01,-5.952864721260104908e-01,-5.854228058517524369e-01,-6.924110976227163539e-01,-5.529363712712113132e-01,-6.606453656350637083e-01,-3.726449627481751570e-01,-4.640583146345962917e-01,-2.060866871621895580e-01,-1.421684238627506369e-01,-4.034785756584304689e-02,-9.389295630049160346e-02,5.150130106202870789e-02,-1.758919208387935487e-02,2.791662494380706128e-02,1.092146068399595382e-01,4.428375097406007238e-02,-4.273193986709681869e-01,-1.158164283123814808e-01,2.232302203829115428e-01,5.115223063066713927e-01,4.192025731345236372e-02,4.508847177050391286e-01,2.203782684019691962e-01,1.516753935427126998e-01,3.325316404686532445e-01,4.015798741192225796e-01,5.628911676259451546e-01,3.386459434778424371e-01,2.025638141278112980e-01,-2.070116097234434571e-01,9.458251341687871905e-02,-6.325419546900540313e-01,-1.318780686985634443e-01,-3.541458251013621106e-01,3.734953030262759821e-01,-1.864885113847854214e-01,-4.735886893693258548e-02,3.500446857199166484e-01,-1.836738005216507694e-02,1.929840234463400528e-01,1.579040811086944093e-02,-4.385983456802830527e-01,4.162523180917127030e-02,-1.022184831702524083e-01,6.783979490290187320e-02,-5.596552246305837308e-02,8.582557473020734073e-02,-7.566354688681409257e-02,-3.536134140838543757e-03,2.057416567524225637e-01,-1.157401258243781657e-02,6.739623592531197860e-02,8.860661935627076394e-03,9.091322623416185633e-02,6.038885047132022373e-04,7.251691619786088117e-02,-5.174549980646405561e-02,-1.156272541596637810e-01,6.645864444054420950e-02,9.156682428090860693e-02,-4.827303162741251180e-02,1.067203526765213434e-01,-1.811966536419161444e-02,-5.483905748584205070e-02,1.082856708799826706e-01,-4.079062314769778957e-02,-5.886282115491387780e-04
1.360721399942687627e-02,-1.355195867226382904e-02,1.564911369678251632e-02,-8.960718675159315069e-03,1.738742267733197483e-02,-5.754856309821599833e-03,2.214641537020639872e-01,2.455044671247811339e-01,1.962746465753175684e-01,2.166937131091842550e-01,1.904242969479228720e-01,9.847640821417347201e-02,-3.115120944888890089e-02,-1.510759304270640202e-01,5.723858548084748837e-02,5.281836178051914354e-02,7.892246865512454745e-02,1.270878784933106992e-02,-7.481446305320863313e-03,-2.002090925106418673e-01,1.162117526138377877e-01,-1.579378143487487340e-01,-9.654556436353334270e-02,-7.259468903553810415e-02,-1.863993656622741635e-01,-2.134616744954838385e-02,-7.556331176800450133e-02,-2.514119439308845072e-01,-1.106883174834951723e-02,-2.973024202496147850e-01,-1.970409316566414104e-01,-2.061418232891352176e-01,-8.670241646020498960e-02,-2.215485062120024218e-01,-1.758050233744097857e-01,-1.983482587806075503e-01,3.259250596826894497e-02,-6.345797289516756645e-02,-1.330319798922046937e-01,6.992812150115690871e-03,1.676016076485286332e-01,-3.304506422329844123e-02,2.402102072847166203e-01,9.852002018789453308e-02,1.741810960270990249e-01,2.043008951884049129e-01,1.550900952423454535e-02,1.600942233873293985e-01,2.666015078325227883e-01,3.298592989247424445e-02,1.503741340830934414e-01,1.323396607576099449e-02,3.687207528124537663e-03,6.810621805493657921e-02,2.879947532412601569e-02,1.452526285986044108e-01,-2.701785793152308157e-01,-2.348374868737011512e-01,-3.471024044550659049e-01,-2.285542842509031558e-01,-1.466946264399933975e-01,-2.920771153172954104e-01,-1.794095258242822122e-01,-2.915505884154945826e-01,-1.467306272696239089e-01,-1.607952187493196239e-01,-9.163739904551995719e-02,-2.876446574505040488e-01,-1.876760726142624736e-01,-3.057221440954441261e-01,-4.942482296254567253e-01,-3.445985266618568077e-01,-3.509294321377450787e-01,-4.968091715819353826e-01,-4.310982973999611390e-01,-5.396410716773877292e-01,-4.531901870373404306e-01,-2.928472500440779114e-01,-4.268638992712683877e-01,1.000000000000000000e+00,-1.339230539677117304e-01,5.751338505330863896e-03,-9.987060238343727914e-01,1.812707020931869362e-01,1.938033755303413819e-01,6.407914062857622550e-02,2.850820864439129187e-01,2.398471116189796470e-01,3.114091007899852936e-01,1.810624682520819151e-01,3.425194900745821558e-01,2.801716953089803189e-02,9.560188830916756253e-02,-8.023270000572341187e-02,-2.549274204320000070e-01,-1.179172169657534130e-01,-2.096688467107709897e-01,-1.517408528937688739e-01,-6.376976059064351499e-02,1.542543572471287983e-01,1.324403722221811630e-01,1.554237359856875944e-01,9.990830295225227031e-01,2.109223622483402671e-01,2.213190003288035002e-01,6.322479222045473794e-03,5.587103653314867691e-01,-9.986802584327684196e-01,1.029534366803305095e-01,-6.262940474578403416e-01,-3.124362735798935087e-01,2.423550458454180601e-01,-3.937634902639945422e-01,1.922092464830066627e-01,-2.107331687396529485e-01,3.750546748271152420e-01,-8.903519868394969838e-02,3.853859717058217838e-01,-3.941966921825592607e-01,-1.133436593880779442e-01,-6.185294447260252237e-01,-4.433971079098485424e-01,-2.721580144342435337e-01,-6.757579300605284223e-01,-2.939720908125109666e-01,-5.663611834104206322e-01,-3.500035512593229203e-01,9.990640934184459310e-01,-5.051950266273396162e-01,-2.522897635521435533e-01,-4.674818183573289931e-01,-3.473351441252493510e-01,-3.427190605626067033e-01,-2.962986875306389822e-01,-2.993447594017106111e-02,-3.071913151945755982e-01,-2.071987487151598639e-01,-2.755016800010571254e-01,-3.053095130869518115e-01,-2.698206039053870908e-01,-2.924837876296423333e-01,-1.415292984426128331e-01,-1.965160879380827008e-01,3.077467766615918920e-01,1.309751598478835488e-01,-2.602243404988252018e-01,-1.468304929337254372e-01,-2.418976569917896946e-01,-1.599818217314966928e-01,-1.458730569207116745e-01,-1.219619586145511969e-01,-6.988849760786397525e-02,-6.181647958089625527e-02
-2.439335632558557038e-02,7.187649381767967360e-02,-1.829008817821277302e-03,-5.116981057164756048e-03,-6.054084366928840118e-03,-4.964252264492151866e-03,-5.683405272733434849e-02,7.558831863197589375e-04,-9.675049791265716292e-02,8.999027550331607783e-02,-3.391814003555463589e-03,8.775900511573882234e-02,3.918961206073832970e-02,1.006320459200463723e-02,-3.049097624083188518e-03,1.224934337552714136e-01,8.831105431173703890e-02,-6.873695272543266363e-04,1.547604208242316570e-03,-3.576002779294401579e-02,5.381159566810608114e-02,-1.532021121034418502e-02,9.748986249343160118e-03,1.106627291269232094e-01,-1.950878865921850877e-02,3.867918770552929153e-02,1.082162405432889052e-01,1.214376533160654680e-04,-1.412133084198033128e-01,2.004664109403168568e-02,3.104358833331211098e-02,-1.318524739713918814e-01,5.036661377038459397e-02,1.588206436702684077e-02,-1.205930904313118612e-01,1.283983240260898502e-02,-2.122835823450718862e-01,-6.043401645899724312e-02,-3.624948738133598747e-02,-1.293792689851785416e-01,-8.555028013531759679e-02,-1.174019130334718886e-01,-1.124251099704838830e-01,-2.746352493005216888e-01,-1.545700742680456707e-01,-1.788337001829643225e-01,-2.506593468347137477e-01,-1.693342584393181527e-01,-8.520371459872724818e-02,-7.122774967206964292e-02,2.191502024531792603e-02,9.318529012354546948e-03,1.194637130033078531e-01,4.613109883347873280e-02,-2.811044997455564576e-01,-1.864242587551403763e-01,3.449336050209074744e-01,3.122038007076206600e-01,4.012377238513075151e-01,3.952280164040911647e-01,2.492751639616448689e-01,3.440850602851070472e-01,3.252495944707367581e-01,1.943243375038627430e-01,1.882710410569498616e-01,-4.876605112360887090e-03,1.335649161872235757e-01,-1.838870908177454161e-02,7.358007801994159713e-02,8.298085917919988119e-02,1.900131593543535891e-01,2.073453769863294605e-01,1.212324192647814131e-01,1.897240232465015608e-01,2.318488841298167735e-01,2.612135268399576327e-01,4.533162055619458647e-02,4.257571964566003175e-01,3.116659685162421201e-01,-1.339230539677117304e-01,1.000000000000000000e+00,3.741266676585542350e-01,1.588647157543405242e-01,5.236606866357195189e-01,2.538692120634798433e-01,2.350549050071615298e-01,-5.647807549804133992e-02,-1.451256542387860116e-01,-2.170498393844778606e-01,-8.053164715613377045e-02,-3.856351175596963166e-01,-4.999593141259316420e-01,-5.771753309915662600e-01,-4.768293336584451536e-01,-3.968352694225728006e-01,-3.657059894955521084e-01,-3.906103738863181407e-01,-5.033194273952256159e-01,-4.684520789839817789e-01,-3.626296875212859927e-01,-4.306156567854797501e-01,-4.440195195032975439e-01,-1.537391739205878072e-01,-4.348986327213856806e-01,7.358651617507037945e-02,3.948218190674519512e-01,-9.780845727500449283e-02,1.341617138431156486e-01,5.572299711904983299e-01,3.772457251541406209e-01,-3.921653604790776848e-01,6.739068067340722723e-02,3.394606125406667840e-01,4.341708391897098340e-01,7.195047535465347588e-01,4.798984904690742903e-01,6.974839713432541277e-01,-1.744318992833265511e-02,8.170958620817742046e-02,4.253223740031357725e-01,5.984233352824017693e-01,-4.206809374844223959e-02,5.350630496904167366e-01,2.571634566564033886e-01,1.555414192618600477e-01,1.904297815211683509e-01,6.112532001846882751e-02,-1.395570332111679968e-01,1.783136222892326567e-02,6.122453428690825122e-02,1.001363908780399659e-01,5.913162188419206905e-02,1.142634249308750877e-01,6.115474425836691513e-02,-7.333124970983496971e-02,7.878712229073960016e-02,-1.026287430287288992e-02,2.759811748638801160e-04,-1.292930878713453025e-01,5.110350419723724835e-02,-2.070802550832091526e-01,-2.625015452156993501e-01,-1.092752585986668107e-01,1.125357799636541034e-01,-1.005392709836972209e-01,-2.456025616931092337e-01,-1.562621572714274210e-01,-1.442652449811185067e-01,-2.000219797871263527e-01,-1.766802305661382688e-01,-9.916101888506084761e-02,-1.347483970492135696e-01,-1.245805165742978893e-01
-3.001564178029954288e-02,7.503339124786244374e-02,1.558897221443382997e-01,-1.578571436204014300e-01,1.547277779285852195e-01,-1.561728067734282355e-01,1.235721797330016081e-01,1.922835288960132727e-02,1.372932008019596417e-01,-3.653768868032392439e-03,1.139220432345207923e-01,3.648893533764296232e-02,6.458881869903296269e-02,-1.161755084964576912e-01,-1.306537630942942729e-01,5.872963650902032068e-02,-4.488274891912601844e-02,1.573582515644911806e-01,-1.593122930788769542e-01,-3.550137732129542839e-02,-1.560325228937801088e-02,3.746288749999010514e-02,1.864956961651247427e-02,5.010563917803437239e-02,6.616962324017369723e-02,1.195409267359989203e-01,-4.385073470767474751e-02,1.418350610883366107e-02,4.167653078429219005e-02,4.508299882624820093e-02,-1.181052142664158200e-01,-6.503990109571687606e-02,-1.415031488817690419e-01,-1.070818477088658072e-01,6.283062864432895078e-02,-7.157691152950126923e-02,-1.194423724700925393e-01,1.474074864700128211e-02,2.197265867880738091e-03,-8.234658860831359922e-03,1.714065917714441556e-01,-4.597392413568687775e-02,-8.635890315240445092e-02,1.647248674989632705e-02,3.567049282538349575e-02,-9.350089792767617147e-02,5.042706353195473140e-02,-4.323531477277947621e-02,-9.243679969430639021e-02,-4.709463750844593982e-02,-5.682211363537240795e-02,-9.666195350604223080e-02,-2.184075174660135010e-01,-4.149601523063791569e-02,-8.726935678598500210e-03,-1.944192742719278166e-01,-5.055100577013035834e-02,1.159464849887752863e-01,1.527980798125171680e-01,4.180486904532100534e-02,1.373088949982174400e-01,1.921306430302679724e-01,8.530184395646527029e-02,9.319326825424928407e-02,4.977034993111453809e-02,-3.199296663230185959e-03,-3.276030488660292700e-02,-1.673189573585153189e-01,-9.092607534145956405e-02,-3.592946378987354333e-02,-8.345913938031935056e-03,1.125236408637973196e-01,5.850733174295635192e-02,-1.694106992252738531e-01,8.380927426853164441e-02,-1.004914620582456480e-01,-1.684812094974137350e-02,3.189743774448899338e-01,1.665009623103202718e-01,5.751338505330863896e-03,3.741266676585542350e-01,1.000000000000000000e+00,1.264594216978963924e-02,4.873503610772757511e-01,3.060618324343422625e-01,1.851588449718918616e-01,-1.803591098898498293e-02,-1.344810981231589486e-01,-1.784551569578345931e-01,-2.807235565226450305e-02,-3.422770333688242572e-01,-4.261843268581525512e-01,-2.865711333602024014e-01,-4.241192313452824547e-01,-3.454565418292320222e-01,-2.578702339072876382e-01,-3.797811682583176474e-01,-3.207087240450807175e-01,-2.305930184263106086e-01,4.047985140229528461e-02,-1.266290171210868176e-01,-3.172549248710301306e-01,-2.381007924370709839e-03,-4.207535501101137276e-01,-7.246816290502045010e-02,2.390237551623753121e-01,4.040126211474132784e-02,-2.653165075005596649e-03,3.283236883817436391e-01,8.446034152539512452e-02,-2.382839087620833018e-01,1.628197882873272384e-01,1.703372773395034345e-01,2.501847200398559234e-01,2.819454386857657147e-01,3.597447754982412982e-01,3.723120605131781669e-01,-1.606856949598708256e-02,-8.728434888303986117e-02,1.395299175436192918e-01,1.731000118765401996e-01,-2.491670419105351530e-01,1.243775334818914696e-01,-1.642589498887312982e-01,3.836702149886359048e-02,4.008059109911055878e-02,-9.945209187100913228e-02,-1.042663509021255147e-03,-1.667264993066507883e-01,-5.877362703612348804e-02,-1.212961795166068030e-01,-1.262668356797459202e-01,-2.032455795099386356e-02,-9.572460815476928342e-02,-2.436879936558680390e-02,-6.174568682223701560e-02,-8.513892165481450058e-02,-1.147043216679754785e-01,-1.477333768611910070e-01,-7.962161802147027512e-02,-1.320888562109556463e-01,-1.219666206290200977e-01,-4.646071352151077277e-02,9.610594422100156298e-02,-4.288387732000670943e-02,-7.460107117615086270e-02,6.801944344541539268e-03,-5.686580992048517053e-02,-7.138035133420540801e-02,-8.592797757433029426e-02,4.685838603612778319e-02,-4.439578107263653095e-02,-1.885163786930703356e-03
-1.441843322177892989e-02,1.962091201746929414e-02,-4.443050630209654898e-03,-2.368078295802809787e-03,-6.285883561905424889e-03,-5.629407963639472372e-03,-2.176998941968516510e-01,-2.460737323093994955e-01,-1.966776552692539037e-01,-2.128584395847938904e-01,-1.896072526895981325e-01,-9.812051014378135594e-02,3.395165898948137445e-02,1.508123852252275798e-01,-5.929682448578797033e-02,-4.804938279846610039e-02,-7.739088385889679456e-02,-1.527157926648045096e-03,-3.706615492712725998e-03,2.011098926776192231e-01,-1.133732746773213063e-01,1.590989351646251160e-01,9.248553709357969221e-02,7.473201254486093459e-02,1.861327658250044870e-01,2.634977845871097277e-02,8.360800497736367576e-02,2.584233689219069818e-01,1.670713614903339764e-02,3.043534099201139487e-01,2.001560450374969824e-01,2.069591015916732446e-01,9.210107104412633416e-02,2.205842091342276601e-01,1.693052668724878418e-01,1.958981671884839348e-01,-4.082224028121520659e-02,6.423569623048522303e-02,1.309995751156839416e-01,-8.051950343022447679e-03,-1.638536894053529980e-01,2.925020155667557367e-02,-2.462080606851586306e-01,-1.014688126577160815e-01,-1.730846282558425320e-01,-2.117959481099867813e-01,-1.961942090061598656e-02,-1.600525290791594279e-01,-2.685639226312447891e-01,-3.290245830444927383e-02,-1.478163911125892349e-01,-7.613273703248312277e-03,5.565088124433773768e-04,-6.690780224845691015e-02,-3.421880076864133174e-02,-1.506996222160711663e-01,2.731969761528865170e-01,2.419384220089164650e-01,3.538648695487379148e-01,2.331324994992375887e-01,1.521056896606375608e-01,3.000621523206218888e-01,1.867992407138410471e-01,3.018987953238657651e-01,1.536032311735445466e-01,1.686192240028694944e-01,1.065065355935192748e-01,2.949252661298458200e-01,1.961720924090359641e-01,3.209627525347455435e-01,5.071448750613550827e-01,3.647993718397673502e-01,3.661834943449479574e-01,5.111683989733650790e-01,4.457811589788479023e-01,5.501504406672347303e-01,4.593306696399064859e-01,3.188023358260455575e-01,4.445931209875709222e-01,-9.987060238343727914e-01,1.588647157543405242e-01,1.264594216978963924e-02,1.000000000000000000e+00,-1.612508266313718575e-01,-1.875250721967657574e-01,-5.866698605890354606e-02,-2.914820881111283568e-01,-2.599908669234757275e-01,-3.229086539390542132e-01,-1.978279628249882960e-01,-3.574063517069822060e-01,-4.987735768093436162e-02,-1.194195995324861259e-01,5.757073076778308762e-02,2.306562877651559540e-01,9.890709281120935170e-02,1.850587721598524471e-01,1.378608473057547357e-01,4.750435111536644578e-02,-1.704251535851160071e-01,-1.463474741313658400e-01,-1.651817476412854313e-01,-9.991395418036101983e-01,-2.278625703011688819e-01,-2.122174659591413437e-01,2.285299177088305489e-02,-5.482235837638793630e-01,9.989121323292744492e-01,-7.257167133653009972e-02,6.286069024755869261e-01,2.987726471423476915e-01,-2.215249062399864410e-01,4.108281296899049528e-01,-1.644289975133832182e-01,2.355357677529861526e-01,-3.606646723117601372e-01,1.148241586397935055e-01,-4.026219320505735055e-01,3.884687453165397986e-01,1.130200638508473687e-01,6.315460734370598184e-01,4.259687750320785282e-01,2.776516246109810848e-01,6.766038421381730394e-01,2.932705820413852305e-01,5.687591795757359625e-01,3.436747274786124962e-01,-9.990944016422201868e-01,4.957181997010605135e-01,2.450245047333692583e-01,4.634799375030485558e-01,3.431813308874361312e-01,3.388851339185678380e-01,2.920542230955730512e-01,2.463121682329971751e-02,3.045150771914720833e-01,1.994450873809017477e-01,2.695724696173669166e-01,2.942963569142224012e-01,2.667504104720921920e-01,2.812247942866888950e-01,1.375349776586410055e-01,1.870317562441165538e-01,-3.045107388904558787e-01,-1.255225928751779463e-01,2.545495154554915929e-01,1.420321687451801540e-01,2.391507218416661917e-01,1.587248947235287422e-01,1.408488217809933107e-01,1.217537660344000378e-01,6.580040285904406594e-02,6.037082846460622293e-02
-6.197641642997608891e-02,2.559296330893932186e-02,-9.140435508325743530e-02,8.969592914988845644e-02,-9.105466606356146797e-02,9.052109867132526744e-02,5.065275884406920254e-02,4.175575270398628608e-02,1.517751958859380433e-02,1.210138149217820092e-01,8.174152803668274792e-02,8.295003655358203221e-02,2.471380744896772147e-02,-4.088737129956377531e-02,-7.199327668783177432e-03,4.675340027446502067e-02,-2.922100520603577653e-02,-8.910064066198793153e-02,8.821546468273314123e-02,-2.245128133541288706e-01,-1.503122702686880974e-01,-2.126519304726874060e-01,-6.881130423469347668e-02,-7.105733756198688578e-02,-6.712663208879861287e-02,-2.330499182124530499e-03,-5.772782701380162196e-02,-1.189493631778471283e-01,-1.816044655701932672e-02,-3.571402771606216331e-02,-8.204766639461673339e-02,-2.208235568045118224e-01,-2.920992844540025099e-02,-1.079734878094386896e-01,-1.849358305500212740e-01,-9.290018732400212587e-02,-1.859543407658643677e-01,-6.361939149536603721e-02,-4.699200133398005741e-02,-5.414726813096032432e-02,7.625509338854083441e-02,2.132624268916833918e-02,-2.694747309063413518e-02,-2.077699687623519448e-02,-4.656162144587983054e-02,-4.998753439609223553e-02,-9.585131086825182667e-02,-5.521489808562319440e-02,1.076761740543227645e-02,-2.259733612877275200e-02,3.791862003802870529e-02,-1.524877719693401579e-02,6.142745629711649814e-03,-9.011202274977848925e-03,-8.370935263203820031e-02,-8.822121806629634744e-02,8.659217946993665038e-02,1.326907502788013393e-01,1.711769627098996549e-01,1.912632881729129652e-01,1.682913544766028446e-01,1.924625081651979430e-01,1.911266625431770616e-01,1.240711357063301740e-01,1.038968152644248188e-01,-1.716819745322629293e-02,6.168706285055702843e-02,-2.364416591190422745e-01,-1.034994380751954740e-01,-9.736854326673982651e-02,-1.191600531388727346e-01,-5.759985195014345749e-02,-6.710550230142638128e-02,-1.921339809761393458e-01,-7.636491262235152455e-02,-1.495402481177759701e-01,-2.545992273390048632e-01,3.315824431308281861e-01,-2.442102939594391689e-02,1.812707020931869362e-01,5.236606866357195189e-01,4.873503610772757511e-01,-1.612508266313718575e-01,1.000000000000000000e+00,4.627796332918273081e-01,4.656412351047244380e-01,2.460956244599964704e-01,7.114450399750929521e-02,5.418662873284927489e-02,9.355052971406756235e-02,-1.100964785646945249e-01,-4.762270426438913740e-01,-4.257061284611384777e-01,-5.307925955503085547e-01,-5.216750756637865694e-01,-5.035613479368908907e-01,-4.562603402406613662e-01,-5.520811188914653833e-01,-3.797394157770760947e-01,-2.946149288787119902e-01,-3.672539830791267668e-01,-2.994286945128682431e-01,1.662631419025916713e-01,-2.985562152319640172e-01,3.467479705102714110e-02,2.291829779841015047e-01,1.900313774155397706e-01,-1.874017183305598522e-01,4.834312983125308438e-01,-1.321631676026401372e-02,-5.524862516501061194e-01,9.275003048868268873e-02,-1.957282181150528030e-02,4.175725781939481074e-01,4.614753070096398457e-01,6.756309264954084570e-01,5.890073243135151015e-01,2.467902678272288486e-01,-1.357141379277374826e-01,3.255024841316381257e-01,8.602822563617032459e-02,-2.641210917899786126e-01,3.053721470091186330e-01,-2.171667098785259598e-01,-3.205334397102201777e-02,-8.041289282038742436e-02,-1.634862953610488889e-01,1.776342432768267254e-01,-1.770895721739169093e-01,-5.312041684115011847e-02,-6.093175223463617729e-02,-2.909845842591910620e-02,1.542916912981454579e-02,1.493895373693952117e-02,2.222963062546672378e-02,1.923559772852474412e-02,1.541623403556260409e-02,-7.014862220942646998e-02,-1.220556131018983304e-01,-2.948460691983865664e-02,-1.472232266493024855e-01,-2.252278375668746724e-01,1.366517062085083334e-02,2.669319676310354938e-01,-9.337963797515373698e-02,-1.939517150284183478e-01,3.531662037446771894e-03,-1.415681276833595792e-01,-9.697916912219391172e-02,-5.506833184698870648e-02,-2.706199318008378069e-02,-3.811965523136699729e-02,1.278238290872563132e-02
-1.155014914028751616e-01,1.479172234373789599e-02,-1.610485274019915203e-01,1.617480308304627412e-01,-1.586572423183835734e-01,1.616290233991946601e-01,5.540248259745163967e-02,1.003360476870291673e-01,-4.740577301253874002e-04,6.507386300827050496e-02,1.420581840520107331e-01,1.300096114843335426e-01,1.843944558802939615e-01,-5.575823246409353923e-02,-8.859626093645225908e-02,8.398202082100195143e-02,-8.460345323148267538e-02,-1.670489171565714137e-01,1.585414706618959169e-01,-1.289763446881036224e-01,-4.286301812571507303e-02,-2.273123525589384741e-01,-7.951649675237756898e-02,-1.232321236335874176e-01,-5.091665874174804846e-02,6.720604708432816043e-02,-9.160571822425341015e-02,-3.025262910250626769e-01,-1.047444321133504802e-01,1.434685240996007869e-03,-9.822276370311804061e-02,-1.427961488186359484e-01,-6.621268055360508831e-02,-1.405032870956399726e-01,-9.857424573409113988e-02,-1.027541000027147183e-01,-1.420461014227424046e-01,-1.151444546630141091e-01,-1.090681038790611429e-01,-1.597787179506666155e-01,-4.871187987637500688e-02,-1.494665856489355849e-01,-4.695698988829127146e-02,-1.025387840813156565e-01,3.448098680181990727e-02,-2.007714701700227811e-02,-3.168618542381750058e-02,-8.406537975888604686e-02,-5.174973273037283134e-02,-1.384786994748836708e-01,1.239960256232404134e-01,2.718435129687083070e-03,1.436628464116010695e-01,6.268862871368692524e-02,-2.822237385165136600e-02,8.017448001615219699e-02,1.724992817117930177e-01,2.707340145008442223e-01,1.459903277966290991e-01,2.920004700807795617e-01,2.710330259500977057e-01,1.244437174623320430e-01,2.719710229515583388e-01,1.275774626094685893e-01,1.404796861548269493e-01,-2.733509545471267052e-02,-4.632984798973268509e-02,-1.696060426827893652e-01,-8.428113675486793854e-02,-2.256238070971275933e-01,-1.466297978228928989e-01,-2.550113450545205551e-01,-2.994150812010974438e-01,-2.397182925275592735e-01,-4.345037372308138135e-01,-3.498909551705288168e-01,-5.769116173175723450e-01,-1.565938225770369674e-01,-3.417576682742871630e-01,1.938033755303413819e-01,2.538692120634798433e-01,3.060618324343422625e-01,-1.875250721967657574e-01,4.627796332918273081e-01,1.000000000000000000e+00,5.579478146154822626e-01,5.835802739302098363e-01,2.398663218950361498e-01,4.111634513331196561e-01,2.560616257463588230e-01,2.426709852221483887e-01,-2.923581971261149728e-02,1.991091373130726705e-02,-1.644207360666715967e-01,-2.329805027382422233e-01,-3.720439001187534345e-01,-4.852433389255956797e-01,-4.076360899791637293e-01,-4.417856164535206576e-01,-2.557155548400958378e-01,-4.144695830735555808e-01,-3.524166843268485838e-01,1.822359946437862588e-01,-1.947674360135190075e-01,-1.714180017072340634e-01,-6.068745365801072461e-02,4.099426412739284875e-02,-2.120280294908791219e-01,2.852658702705487270e-01,1.031542057013071570e-02,-5.285250965098321485e-01,-1.118743570108124558e-01,-1.663215012529863368e-01,6.124786424090237352e-02,2.274111259049809153e-01,5.022024327367339280e-01,3.206327184716570855e-01,3.976399201210564782e-01,-7.444337563648723011e-02,4.218674348707135424e-01,3.101113737375591276e-02,-4.454769760526979677e-02,3.570949069852506486e-01,-2.101450747479716996e-01,1.499582345844742079e-02,-3.809566474067942188e-02,-1.174018017165743936e-02,2.010010820786219676e-01,1.272499818831318141e-03,1.150618620674822706e-01,6.291248350894319830e-02,4.271455137643741240e-02,-2.593545896818610745e-03,1.672694129720891099e-01,1.404199643556500454e-01,5.308569465405668653e-02,9.557188701155129584e-02,6.622877551526566708e-02,7.753309955242291412e-03,1.217278788913264270e-01,-7.190405166966881700e-02,-2.228199087830596559e-01,5.251620617855687345e-02,1.504084212877607740e-01,-1.620491896699819134e-01,-1.914564788497823966e-01,1.556595983707286315e-02,-1.422322404684794317e-01,-9.619571226251005802e-02,-7.907153533879283935e-02,-1.302267150829676534e-01,-6.290664429261251522e-02,-6.483871276038526144e-02
-1.486627605759455462e-01,3.160434412358415629e-02,-1.710177224450030176e-01,1.662592165138707112e-01,-1.655073175470311297e-01,1.663979784102102566e-01,-4.730146121898186340e-02,3.531036580576613071e-02,-9.249868911719887066e-02,2.386600736494885397e-02,6.295936627196568880e-02,6.191967787129646489e-02,1.066441742642911528e-01,-7.192317231619213547e-03,-7.117981046330046357e-02,5.780266354998887107e-02,-1.469079522146945482e-01,-1.721126829501496702e-01,1.612588478095413336e-01,-1.478779836281412241e-01,-1.668690238507929136e-01,-2.657737278043931783e-01,-5.153358556542098762e-02,-1.863167415666916182e-01,-9.408268238816897000e-02,-5.679629872165956050e-02,-1.651985545046517623e-01,-2.523006209818728363e-01,-1.315951802601076359e-01,1.398825694213980120e-02,2.352947015372949119e-02,-1.495847552780200929e-01,7.548758397050690794e-02,-3.523487951596235290e-02,-2.138061859472095705e-01,-2.007574489165133401e-04,-1.231301318538500222e-01,-7.655063605149727002e-02,-1.958595631634010015e-01,-1.338564321625444198e-01,-6.047400581623711691e-02,5.318515041863557981e-03,-5.739386504217425938e-02,2.958396154811990253e-02,-1.161418472496908785e-02,-1.516506207538826333e-02,2.971411651575740775e-02,-1.123286288615086975e-01,-1.094478237859687064e-01,-1.747684375387195121e-01,7.762398724196752087e-02,-8.167455625661815266e-02,7.498827423716541984e-02,3.011268173058360281e-02,1.768113699767392966e-02,-2.154480527384870781e-02,9.959277977982292085e-02,2.453487228853304392e-01,1.129157231400853140e-01,1.913522699359309076e-01,2.803231285502084669e-01,1.222760362179668714e-01,2.732775046612497816e-01,1.918362914995395685e-01,1.591082736271864084e-01,-7.688288242870865152e-02,-7.544160526099738528e-02,-7.745318733022842073e-02,-2.786632089626564154e-02,-1.085274181784438990e-01,-2.861905889681038567e-02,-9.175492408609858819e-02,-1.774803728534689040e-01,-1.184018273930729365e-01,-3.022431302977311440e-01,-2.666407606826778909e-01,-3.901285580133785902e-01,2.110262590031200883e-02,-1.412130868522429028e-01,6.407914062857622550e-02,2.350549050071615298e-01,1.851588449718918616e-01,-5.866698605890354606e-02,4.656412351047244380e-01,5.579478146154822626e-01,1.000000000000000000e+00,4.384701515702257857e-01,1.638027935862559348e-01,2.768193257105334149e-01,1.206414694652618996e-01,1.798358182671145888e-01,-1.277828319364572307e-01,-9.734686768015253511e-02,-2.718330863697270283e-01,-2.644849498825470047e-01,-4.885841976548707111e-01,-4.114695870284728607e-01,-3.795163404933483142e-01,-4.587532134613432344e-01,-3.087239148293698388e-01,-4.572677016240889736e-01,-3.093985191282241920e-01,5.333113239039787012e-02,-1.431888417848494743e-01,-4.014708986349045661e-02,3.660175434635190572e-02,2.602575833090705476e-02,-7.639556504766815970e-02,2.977278025184658117e-01,9.691197493286700382e-02,-3.753948875116698281e-01,-8.142538153440720405e-02,-2.961671602917280779e-02,1.349582111015264763e-01,2.500577615723221236e-01,4.377501437192097833e-01,3.464826946567581278e-01,2.364117992431052362e-01,-6.935114233151826180e-02,2.672155766954556477e-01,1.084364157375279913e-01,-5.062070876528725061e-02,3.060781046963634289e-01,-1.186116950287104954e-01,-2.428496139575132481e-02,-8.556178744689885152e-02,-9.149522946835367265e-02,6.652539657363469583e-02,3.886191856027438468e-02,1.271312416718988446e-02,5.585222586340800321e-02,6.731246775617785727e-02,1.267244997362015034e-02,1.934539297414554493e-01,1.760377822629831945e-01,7.903128772885686937e-02,1.665042083844716914e-01,-3.155727843271935451e-03,1.005447512221326750e-01,4.302128119246308169e-02,5.047423130201086211e-02,-6.046928133036484632e-02,1.669902647789809902e-01,2.443322559705859709e-01,-6.538572936570884175e-02,-3.762957847597363237e-02,1.705437268133348228e-01,1.125273942152948958e-02,1.376866991659874140e-01,3.964147057799949359e-02,4.673134494152556689e-02,4.655021883775001257e-02,8.280729904309301614e-02
-6.991279672612663032e-02,-2.305322196491431733e-02,-2.166913475643142406e-01,2.236210944278187174e-01,-2.113221199076376899e-01,2.238969851101086372e-01,1.051837305221531432e-01,2.568101917179007043e-01,4.226131778092712815e-02,1.811512940413561312e-01,1.889302612410779791e-01,2.244407527442034977e-01,1.375755490071846054e-01,-9.433048057508393314e-02,5.411234458285433396e-02,1.439487406251774848e-01,-1.179012992385130090e-02,-2.188533284980084259e-01,2.214400291349691297e-01,-1.870468386070890388e-01,-4.841485471212440134e-02,-2.290046274812645444e-01,-4.883357204076459873e-02,-1.410988298121353401e-01,-8.557335745157650109e-02,-3.236859081302112529e-02,-1.366059157795754542e-01,-2.805023919693105938e-01,-3.573958488784826325e-03,-1.036879735002439219e-02,-4.049431595840859849e-02,-5.896553870831659772e-02,-9.263916138195042727e-03,-6.856449775599814112e-02,-5.216031297114395032e-02,-3.401273827127591909e-02,1.099979150737623312e-01,4.316015486719462779e-02,4.918408048695960960e-02,3.494599612198483890e-02,-1.907544112707032849e-02,-7.869647399883442085e-02,-6.324394979416742002e-02,-5.110004239278739813e-02,1.334118180938458423e-02,4.330414955429151037e-03,-1.885732237190144295e-02,-8.185171369265745178e-02,-1.619806989410069176e-02,-2.783642412086771017e-02,5.527468426416924652e-02,1.066546452226349723e-01,1.049402020359796461e-01,7.690005096600335821e-02,2.784971139028851947e-02,1.529589201473439131e-01,7.915947287447430009e-03,3.345329970722459023e-02,-5.613808189407087923e-02,1.148772961368910994e-01,7.387846062735603514e-02,-9.623996840474342840e-02,1.073075509469951921e-01,-3.200732282043751431e-02,1.227063812794692427e-01,-1.265493147406221257e-02,-9.121278848228232816e-02,-1.164696838123808476e-01,-7.972512981848675628e-02,-2.160425697034425718e-01,-2.398811822911011415e-01,-3.227922830684040734e-01,-3.901593802593049665e-01,-3.246595805762003129e-01,-5.008312104427601330e-01,-4.582343516466923505e-01,-6.408252191400051201e-01,-3.381507299143043932e-01,-5.952864721260104908e-01,2.850820864439129187e-01,-5.647807549804133992e-02,-1.803591098898498293e-02,-2.914820881111283568e-01,2.460956244599964704e-01,5.835802739302098363e-01,4.384701515702257857e-01,1.000000000000000000e+00,5.090893072630653382e-01,7.479510293555308165e-01,4.920556760059528467e-01,5.408651756431018809e-01,2.004456901890985243e-01,2.564059383663218616e-01,1.300331131969874494e-02,-4.171656271578602637e-02,-1.866782817200818012e-01,-2.257845966159293949e-01,-2.629590240200310181e-01,-2.790166859404288324e-01,-1.745058839184058241e-01,-3.367018300689811894e-01,-2.934787770904943027e-01,2.745578305538886599e-01,-7.028745954543606789e-02,-3.078570796528555809e-01,-3.694028012634033020e-01,-7.023429300799388653e-02,-3.087540883909810074e-01,9.004638719964477064e-04,-2.835560914186800383e-02,-4.590133002042272592e-01,-3.071240593386779238e-01,-3.560650085775160512e-01,-1.657924292239713604e-01,-4.358349271136632147e-02,3.554467367239483311e-01,1.260310266441910243e-01,5.705131693173512986e-01,7.360049796028328428e-02,4.133171600555471947e-01,-1.474131600894097727e-01,1.645745331750133322e-01,2.336418385155418498e-01,-2.176611459173891094e-01,1.240815839845612056e-01,-1.239661181693006431e-01,4.309398924012102644e-02,2.935819267907816554e-01,-6.256436631663825354e-02,9.894100484533061013e-02,7.227091918734528282e-03,3.714164464578952746e-02,-6.398361531468582664e-02,1.301029712376784442e-01,1.279942719382722305e-01,-3.416980399953628567e-02,1.131011781190030541e-01,-3.663415880008664277e-02,-1.229196842294338725e-02,2.786424676415887730e-02,-1.027602229593168048e-01,-1.828542872943186015e-01,1.769842551953955748e-02,2.330076350146097486e-01,-7.097226131716033448e-02,-2.166225339801471639e-01,4.349661846813300536e-02,-1.648048907972524679e-01,-5.878905107198755670e-02,-2.837276754573646309e-02,-1.295126590769563046e-01,-3.925917088862489884e-02,-5.343972956520208484e-02
1.262714119482537603e-02,-3.930338722073158791e-02,-7.046816578153819455e-02,7.540390211335931681e-02,-6.672040171207831161e-02,7.544325829079383261e-02,1.166849888272584457e-01,2.609642458958314482e-01,7.517300487455635949e-02,2.653548732578693281e-01,1.231283933301758754e-01,2.527461140040229148e-01,-1.851276618116152670e-02,-7.066252025507177570e-02,2.440066937210197406e-01,1.060563624715366998e-01,1.517684317971076668e-01,-6.934680146757507546e-02,7.462049173255061452e-02,-5.279855475819610240e-03,8.294199765573685712e-02,-6.219189732939892773e-02,1.586099605529576462e-01,7.908247816186797161e-03,3.546387647346064143e-03,-5.075122541201586984e-02,-1.141202663256675465e-01,-2.201012686660158979e-01,-5.657910323858101470e-02,-2.109238578702443967e-01,-2.255700541179515017e-01,-1.828617315377336627e-01,-2.158746738187888592e-01,-7.921523634546683013e-02,8.605237287680883584e-02,5.125097312707590363e-02,2.335151370659179493e-01,1.277609442619132007e-01,8.458785416034114713e-02,2.035370591773139337e-01,5.669883645881138023e-02,1.678016171942579016e-01,5.772310636338880141e-02,5.058692787848730055e-02,-7.508543617676376181e-02,1.537703903285026208e-01,9.057134974182531190e-04,-7.437387156436603419e-02,2.826487025185629026e-02,-6.117156794661331859e-02,2.080868053784777627e-02,-6.280585944742086979e-02,6.822864320678144467e-02,1.869379239422663541e-01,1.306655714438553217e-01,1.147659957673150266e-01,1.900973680525444229e-02,1.094170933461177664e-02,-3.793778002612532146e-02,8.451751310257195338e-02,2.818142406031270714e-03,-9.548935159597189692e-02,1.441231544349604737e-02,-1.558240511832846564e-01,-6.672622789735222111e-03,-1.547941433983226478e-01,-8.706237162862300039e-02,-2.080247659801490734e-01,-8.128719820891042169e-02,-2.989418132175415410e-01,-2.961325399937584368e-01,-3.072776771700649889e-01,-4.394204106445265268e-01,-4.632080045761471920e-01,-4.193168742929003767e-01,-5.059601833099818258e-01,-4.261745805512083818e-01,-4.449585899674119993e-01,-5.854228058517524369e-01,2.398471116189796470e-01,-1.451256542387860116e-01,-1.344810981231589486e-01,-2.599908669234757275e-01,7.114450399750929521e-02,2.398663218950361498e-01,1.638027935862559348e-01,5.090893072630653382e-01,1.000000000000000000e+00,6.082327822018178676e-01,7.869192935437633318e-01,5.072756852854586329e-01,3.024599180455433411e-01,2.431520964134326612e-01,1.934349772854886962e-01,1.138660099130882897e-01,1.202077945228998412e-01,8.963314416708319243e-02,-1.338171907327272703e-01,4.590435466367654566e-02,-5.081498700970963484e-02,-1.739299950181155130e-01,-1.445572694276475445e-01,2.387308568811769283e-01,-7.415086752108022983e-02,-3.592124581421520801e-01,-5.801458509672526853e-01,-1.853277084930705365e-01,-2.691748659681922340e-01,-3.095669638521739153e-01,-2.484458959888024426e-02,-3.094358937321010083e-01,-5.540632480231469925e-01,-5.439373368213976656e-01,-4.156501608287346827e-01,-1.062389970212489626e-01,2.370385744630736369e-01,-5.942095059495319798e-03,7.263102461756784090e-01,3.388661703264700398e-01,5.303806873092112850e-01,-1.338237102684713686e-01,3.607564736728991472e-01,2.972233995159875297e-01,-1.503379085672562621e-01,2.188952262215764777e-01,-1.171442276805197275e-01,1.042712783341523536e-01,2.555452028117565777e-01,-1.214693332044376392e-02,8.153908496505866965e-02,7.096772298064298046e-02,2.043226150745148031e-02,3.110672393171231079e-02,2.260903036569913635e-02,6.972897774210376487e-02,-3.952539214840041643e-02,1.120979480917207727e-01,-1.678894820697370352e-02,2.427356272009156130e-02,4.195660906629093342e-03,3.522146564966847221e-02,-9.368317898861164283e-02,1.450367863548053526e-01,1.865417095283397331e-01,-1.001571883176390343e-01,-7.351823218131962878e-02,7.903098732320486264e-02,-4.794781323918156923e-02,3.476713197031005426e-02,3.585554539975618210e-02,-1.050116079335129959e-01,4.610415375465307802e-02,-3.588815981429629293e-02
-1.205543181932162630e-02,-3.587852884758866573e-02,-1.471511696894748089e-01,1.562156110585895541e-01,-1.418906300402375531e-01,1.558332121860588615e-01,8.323002803002252370e-02,3.004789769225191254e-01,5.769554241708300946e-02,2.031032435445554729e-01,2.170280658255128725e-01,2.600372329915168756e-01,1.216677017117768350e-01,-1.486107608890581688e-01,1.265205919192422257e-01,1.798824560725239274e-01,1.088021772093987621e-01,-1.506846413506301163e-01,1.549184101874149233e-01,-8.010725121059074361e-02,9.013215613009367688e-02,-1.391975293676613323e-01,2.855137716382179485e-03,-6.665659646347586731e-02,-1.407365324436785428e-02,1.225396915373471070e-02,-7.639924601181970198e-02,-2.232000841726457796e-01,4.022908846717544729e-02,-1.121102603507747736e-01,-5.951506979294964722e-02,-5.133263080758718178e-02,-6.576263340157433197e-03,-5.282011785181109365e-02,-4.354759091834583401e-02,-1.506363036608613509e-02,1.844425834733473268e-01,1.157968592849853706e-01,6.154957351770394547e-02,1.329124281115926787e-01,-4.956352542775293267e-03,7.397527320026205284e-03,-5.705179732332519606e-03,7.915292005021722825e-04,-1.853585901788736695e-02,7.330072697552135474e-02,-3.489386593519718666e-02,-1.048108987201981368e-01,1.986484086283285197e-02,-4.415437942349156181e-02,2.995030853429268836e-02,6.414025759572146435e-02,1.035235682581301803e-01,1.330071934176602078e-01,8.346755664310850920e-02,1.350989124502356975e-01,-1.175258657405309042e-02,-1.226534861965126837e-02,-4.826778999567474249e-02,7.160581568700635779e-02,3.198676589020586075e-02,-7.477937183423731538e-02,9.243797877639013671e-02,-7.536016916289103862e-02,1.569289273941016916e-01,-7.537560149713742885e-02,-1.112799030615213430e-01,-1.136122727650833303e-01,-8.034967214268087798e-02,-2.524534591120428662e-01,-2.533073663383682006e-01,-3.245180077302445842e-01,-4.491391083737191758e-01,-3.162235603343547807e-01,-5.200747459832165687e-01,-4.718542614206882591e-01,-6.352914955315702716e-01,-4.911360185056571348e-01,-6.924110976227163539e-01,3.114091007899852936e-01,-2.170498393844778606e-01,-1.784551569578345931e-01,-3.229086539390542132e-01,5.418662873284927489e-02,4.111634513331196561e-01,2.768193257105334149e-01,7.479510293555308165e-01,6.082327822018178676e-01,1.000000000000000000e+00,5.664314867549394839e-01,7.223944207588739452e-01,3.073651936502930782e-01,3.738519136592524661e-01,1.854406815738033898e-01,5.892834711595604236e-02,-5.288054944955435793e-02,-6.070622912488543577e-02,-1.206526550628914951e-01,-1.750403115592643610e-01,-1.674071340221902904e-01,-2.762651448125600373e-01,-2.333061433251657490e-01,3.026817664408152364e-01,-1.167265910023856240e-02,-2.532886782288166216e-01,-4.646259968140558083e-01,-5.334317591660421576e-02,-3.339754963513349439e-01,-1.646043454831905561e-01,-1.180528575110405543e-01,-3.453477629222125866e-01,-3.709843178736456637e-01,-5.225421257131674935e-01,-2.791961081504069631e-01,-1.330473610706842669e-01,2.212799809117551308e-01,-2.753375513837372571e-03,5.578354630688248106e-01,1.607546390779746315e-01,3.818227553198266233e-01,-2.576299825544587918e-01,2.393747458471632839e-01,1.333572257100711922e-01,-2.504459784255513299e-01,1.286601951685273082e-01,-1.164734233618324039e-01,5.732528086839187159e-02,3.223546873677503033e-01,-1.318428572110198586e-02,1.054187866648966521e-01,1.568367966509333356e-02,4.907382097054786146e-02,-6.426176168806237154e-02,1.211901677293613921e-01,8.308306716375241097e-02,-5.648970468098691439e-02,4.195175822751914113e-02,-7.065804975069116256e-02,-4.558900713031868029e-02,-3.282848467497742617e-02,-6.645771869333690074e-02,-1.113147425089336950e-01,4.299815170621797827e-02,2.257500371029325104e-01,-2.519648577536532166e-02,-1.637117717590904076e-01,7.660481871195558290e-02,-1.141546485000078798e-01,1.995607797653759646e-02,-1.350484771222078099e-02,-1.525783405573588603e-01,-5.844238348685536037e-03,-6.385145852293018509e-02
4.307484929092836312e-02,-2.689418965304875980e-02,-5.760516513845182623e-02,6.447741496116178583e-02,-5.578110681524362652e-02,6.461296545890339582e-02,1.348184985497427879e-01,2.873098550733834688e-01,1.144023916489172871e-01,2.495729660230207869e-01,1.922323215462491963e-01,2.965588215831990171e-01,-1.352232214869302993e-02,-1.651027245459386339e-01,2.248906778838668796e-01,1.207841556623011764e-01,2.274811513383069028e-01,-5.872673025198967695e-02,6.583791236213741571e-02,1.509955001827069550e-02,1.771967551498316307e-01,-1.086865704106158154e-02,1.405944740872362986e-01,5.346001868637337284e-02,1.600606413009091414e-02,-1.811628426226135485e-02,-6.689558336337796118e-02,-1.501195969032622091e-01,1.052884343158020253e-03,-1.155012344856871376e-01,-2.246449565874662491e-01,-1.515112563013946423e-01,-2.296366157858307222e-01,-1.091480045801530852e-01,1.119179946870556136e-01,1.830046879888443112e-02,1.719924063357993471e-01,1.476565843714883197e-01,1.094666143695748189e-01,2.013829584255938387e-01,1.847822784690775905e-02,1.008851725053610537e-01,-1.168402041633135290e-02,-2.743697082409838478e-02,-9.373671714331995031e-02,3.098594308219702539e-02,-4.906396268839556540e-02,-1.596573911873246376e-01,-7.188521581851714526e-02,-6.971919482080973784e-02,-4.783692729214649580e-02,-4.464557030337650695e-02,3.666174740715791303e-02,1.522010729184636313e-01,5.423120957437225359e-02,1.042871893930453348e-01,3.345162548499107380e-02,7.530277904188941752e-03,2.296029047995010088e-03,1.287946006854881753e-01,-1.470706590186612178e-02,-6.139903687096246593e-02,2.515752831484983909e-02,-1.831853862440554759e-01,-3.227839992645983869e-02,-1.655714061776478729e-01,-8.591056961726917240e-02,-1.887266249351641778e-01,-3.294451970360708082e-02,-2.763423966344352722e-01,-2.775778521263320142e-01,-3.076619916699850354e-01,-4.260118609782058141e-01,-4.051403794954293036e-01,-3.850523151143042666e-01,-4.531109348563499561e-01,-4.385301363940719566e-01,-4.253178858330889933e-01,-5.529363712712113132e-01,1.810624682520819151e-01,-8.053164715613377045e-02,-2.807235565226450305e-02,-1.978279628249882960e-01,9.355052971406756235e-02,2.560616257463588230e-01,1.206414694652618996e-01,4.920556760059528467e-01,7.869192935437633318e-01,5.664314867549394839e-01,1.000000000000000000e+00,3.726159998249598537e-01,2.661821955307493437e-01,2.078534416238951854e-01,1.201080093514727831e-01,6.132522520204020805e-02,9.924165639656624960e-02,6.192139711612142106e-02,-1.601191823418887661e-01,-1.796577071705792242e-02,-4.997783333108093973e-02,-2.214260256473158939e-01,-1.631813745076388933e-01,1.781482793923301333e-01,-1.300972012288953705e-01,-3.941981700935009991e-01,-5.371171272755697057e-01,-2.131743666626927936e-01,-2.099344411898981799e-01,-2.307953293212644530e-01,3.720950395120996984e-02,-3.279380806575797336e-01,-5.053790771798311043e-01,-4.439960542595841053e-01,-4.045509229263006823e-01,-6.531313412492108228e-02,1.991108221486702634e-01,3.552315873743173980e-02,6.456496590709548400e-01,3.809703105297771453e-01,5.108308888822152838e-01,-6.905178821487156782e-02,3.198589872530072098e-01,2.826704746478144181e-01,-1.246533567136540593e-01,1.948027853026538248e-01,-7.507529337367441213e-02,8.133212851371084129e-02,1.938410662444802757e-01,-2.230781596312720466e-02,9.350204731051740825e-02,2.409793326637798411e-02,1.473653654696762544e-02,2.250281199847300323e-02,4.468805574966469682e-04,2.615765815622242418e-02,-5.534563946849842958e-02,7.385662963899898570e-02,-3.477688768879488856e-02,-3.316167997897388753e-02,-9.581935644321026846e-03,-4.855697648424296686e-02,-1.670000884959643717e-01,8.522878098659394941e-02,2.039891370089471911e-01,-1.131083612810744182e-01,-1.529434621547491047e-01,7.769614407033149928e-02,-4.401441276319226908e-02,-2.092448851484064037e-03,2.541605345158143986e-03,-1.109668942369141792e-01,-4.719784909513926284e-03,-6.517591600044987665e-02
-3.488100974575401164e-02,-5.730314706951743914e-02,-1.634282298495020047e-01,1.696177178961169596e-01,-1.590352085496948842e-01,1.688404516806050470e-01,2.658148579948895265e-02,1.926298406525520923e-01,9.055889558511437745e-03,1.378337750327404687e-01,1.320974722220884801e-01,1.653675763021147105e-01,8.095669927263271504e-02,-7.253030729953767464e-02,1.258813642486820705e-01,1.367923843904791381e-01,6.318926803292965189e-02,-1.642267600102746139e-01,1.681256150631994517e-01,-3.560675586101993972e-02,2.638883546650294329e-02,-1.538288185842450195e-01,-1.003163755402696790e-02,-1.607057426386557242e-01,-8.278881930873469019e-02,-1.036489545008659890e-01,-1.461987581215237753e-01,-2.099462268489431238e-01,4.493469858198211216e-03,-1.781757896490958337e-01,-7.040432743761756984e-02,-5.436748235631125997e-02,-1.966142734599860692e-02,-4.457029477881298274e-02,-3.281610960889932982e-02,-9.659582883832101147e-03,2.220045221928725609e-01,8.254527712664001815e-02,1.179585184164848137e-02,9.879554442944261938e-02,-2.033128720997761166e-02,4.640626698539162404e-02,6.050981190616140648e-02,8.038196830551398719e-02,7.808448326440546421e-03,1.357500435948882644e-01,3.338375445623339294e-02,-3.853807011032502495e-03,9.294920730007870391e-02,-2.841240362842118936e-02,6.889993733473145920e-02,3.535758269046337249e-02,1.464612695745779458e-01,1.011786767763182548e-01,1.739989000775254702e-01,2.414207373584795202e-01,-1.911457337913960788e-02,-3.313844768111944006e-02,-1.571587789754054776e-01,9.881510932070030132e-03,-1.431378720298836019e-02,-1.654201607994549572e-01,4.030499180528078484e-02,-8.736766666177787910e-02,1.182056089107608732e-01,-7.731678135198075119e-02,-1.074051047162044858e-01,-1.292421806213880642e-01,-9.640529369438664842e-02,-2.142012871883151592e-01,-2.515448314285093079e-01,-2.610556595370565613e-01,-3.564835147432313112e-01,-2.942202529013234202e-01,-4.473132678919531369e-01,-4.515506830617292411e-01,-4.982047000721118168e-01,-4.730791007697301431e-01,-6.606453656350637083e-01,3.425194900745821558e-01,-3.856351175596963166e-01,-3.422770333688242572e-01,-3.574063517069822060e-01,-1.100964785646945249e-01,2.426709852221483887e-01,1.798358182671145888e-01,5.408651756431018809e-01,5.072756852854586329e-01,7.223944207588739452e-01,3.726159998249598537e-01,1.000000000000000000e+00,4.070364973953360943e-01,4.697834035571289424e-01,2.946791564124998097e-01,1.562407582596456734e-01,2.277463305354449422e-02,3.113121826204646656e-02,2.685709278949699810e-02,-1.920234216971571789e-02,-1.174850210209833073e-01,-1.101058954089632613e-01,-7.901578152497724938e-02,3.394254319416658561e-01,1.208117112232514057e-01,-1.630100552474497144e-01,-4.495865901220080230e-01,5.091077078444309945e-05,-3.589201168136553766e-01,-2.631293399518646048e-01,-2.065500861488289153e-01,-1.904281751281428903e-01,-3.085551397612722457e-01,-5.161009931342858126e-01,-2.843515953675553321e-01,-2.653749205967511071e-01,1.049885207392837055e-01,-1.524909874239554763e-01,4.615203017230197768e-01,4.620542143399271329e-02,2.091045779498346691e-01,-3.924950191175816117e-01,1.965162587120913573e-01,-4.081154653358788978e-03,-2.790383153424689233e-01,7.576049186682044800e-02,-1.406390768878056363e-01,8.299661080667550261e-02,3.530666589729928306e-01,3.070592007622896524e-02,5.017185498933648957e-02,1.214927212370278155e-02,4.076515077005381238e-02,-5.606698256372483896e-02,1.090762420624094287e-01,9.017354365418034368e-02,-2.592803704534141912e-02,3.372249302422983264e-03,-2.985533686942111811e-02,1.267991672705386401e-03,-5.537955815388595493e-02,3.735938306615546600e-02,5.234155455137200902e-02,5.720022346851209860e-02,1.115949694144778154e-01,5.420562372457175121e-02,-2.390560804252475982e-02,8.694503424928513857e-02,-2.708208521162827620e-02,8.414361805889358781e-02,7.431973979945510900e-02,-8.225329779999210333e-02,3.393614891653522897e-02,9.656032867683784354e-03
-3.667963277714861303e-03,-5.271888231091557964e-02,-1.224952860992118142e-01,1.310028139150110071e-01,-1.186897250527391562e-01,1.308758598477982871e-01,9.847860913880434816e-03,1.018236958504579459e-01,-7.226601604752195401e-03,3.011119812164847476e-02,3.943456226453350560e-02,1.058325386256210449e-01,-4.023841576940897190e-03,-2.135533123203024047e-02,7.677422738425669635e-02,2.575353619073315892e-02,3.814910835270168138e-02,-1.242035344865749513e-01,1.274389615846124313e-01,5.349074512679410920e-02,1.341760638297071484e-01,1.900760588731958620e-02,4.019381870063479245e-02,5.254422968896600883e-03,5.278175680132373565e-02,-5.012065480921963634e-02,-2.516779761039004276e-02,-1.163938817133637754e-01,-3.854531201410301561e-02,-1.861435184969668227e-02,-4.966105222904757671e-02,8.166467983667133335e-02,-9.047674776597980362e-02,-6.602687077875513122e-02,8.645915581504322323e-02,-1.277761770225144602e-02,1.738171175157086912e-01,4.173961983406314358e-02,1.145789995177493442e-01,5.840728038003836081e-02,-3.801592534201497092e-02,1.750472395129249511e-03,5.217059505826989255e-03,-1.869296158947418227e-02,-1.149227301322829770e-02,5.966961862809488926e-02,-2.676255606737525453e-02,-5.399296133411439491e-02,-5.179160048418970236e-02,-2.497593550173997021e-02,-6.482661431461216820e-04,-7.361425785087199677e-03,6.167069413563281560e-02,1.340613713484435088e-01,1.327285010906790498e-02,1.648940949617641316e-01,-8.252124773360428045e-02,-2.141012852459549809e-01,-1.732338656855313130e-01,-1.223054090087209861e-01,-1.738673967071718285e-01,-2.140300506557250848e-01,-1.798574488661453252e-01,-1.694788505364885067e-01,-1.787257900289257739e-01,-1.312471371753057559e-01,-8.396146279555626035e-02,-1.792213604414147690e-02,1.031084076170462986e-02,-1.144040750808268808e-01,-1.479635497663544519e-01,-2.805558427409186595e-01,-2.263501074204087027e-01,-1.900436861577664838e-01,-3.811971525353695656e-01,-2.505052376210192833e-01,-2.705823331023219369e-01,-5.003077856256116229e-01,-3.726449627481751570e-01,2.801716953089803189e-02,-4.999593141259316420e-01,-4.261843268581525512e-01,-4.987735768093436162e-02,-4.762270426438913740e-01,-2.923581971261149728e-02,-1.277828319364572307e-01,2.004456901890985243e-01,3.024599180455433411e-01,3.073651936502930782e-01,2.661821955307493437e-01,4.070364973953360943e-01,1.000000000000000000e+00,5.584937225243739034e-01,5.547875602644031234e-01,3.726172610329785972e-01,2.283766019977970796e-01,2.039407627636425913e-01,2.466055842927974695e-01,1.051959603418335665e-01,7.191489527750107025e-02,8.016545322939766863e-03,1.186154970744976306e-01,3.619694829769767863e-02,2.219799313939897489e-01,-2.797740393452327612e-01,-4.201311422714998356e-01,-9.555305333417625502e-02,-4.370660964591975561e-02,-3.643208640611184101e-01,-7.621776255286075163e-02,8.242442755636361640e-02,-2.845807579253627484e-01,-2.774467943166399886e-01,-4.652249430472129577e-01,-4.285447347785448224e-01,-2.289538020345720237e-01,-3.674335066191937726e-01,2.714558066174715956e-01,1.412486033339980240e-01,5.332294279521507252e-02,-2.242900775476880937e-01,2.688572308043343240e-01,-8.177523068142660001e-02,-4.895398155057986006e-03,1.794117717919234412e-02,-1.751563263831642375e-02,1.064534172851168831e-01,3.819643597378721139e-02,7.533810664324672168e-02,4.824156361742491100e-02,6.021323494947959654e-02,2.509209563488999997e-02,1.912959855436409742e-02,5.270804509555911815e-02,1.214626355420921483e-01,2.805046626476976127e-02,1.122136095523369459e-01,1.726192317412633959e-01,2.073883683755632368e-01,1.398573436609192588e-01,2.443940848142093225e-01,1.303509645332086853e-01,2.020192493178576132e-01,-1.259655729889985198e-01,-6.387312462571624605e-02,1.649017265875205862e-01,2.333403364067376251e-01,1.637024313124466612e-01,9.838046741948676399e-02,1.675052371810685503e-01,3.598825341938667599e-02,1.103693778364602945e-01,7.671042788299883841e-02
-2.231178839823265425e-02,-6.096151091053078619e-02,-1.571816078005095763e-01,1.654749826440527483e-01,-1.563567794620147056e-01,1.640599396190452752e-01,-2.552102308475303824e-02,4.999547961116210942e-02,3.100436436412309753e-03,-7.296408584422467425e-02,4.370597905181038828e-02,-1.366251642206520785e-03,7.812757976998326026e-02,3.028271160085497724e-03,8.803418773683468340e-03,9.843470249645483103e-03,-4.089903866519627174e-02,-1.625027581786578634e-01,1.637814299329418688e-01,4.519988257766340695e-02,6.407691627573808280e-02,-1.587947447191287095e-02,-2.586553159969216809e-02,-7.169795713779697488e-02,-1.421843457837674608e-02,4.584555716999681729e-02,-4.267089099524421641e-02,-1.465535148652190867e-01,6.161835034717104420e-02,3.923380049677831043e-03,-1.912243544280934834e-02,1.416758820214058801e-01,-1.250986722594762610e-03,-4.222374377363011244e-02,4.242216010355032152e-02,-7.216675606629968653e-02,1.549574582748651785e-01,1.680316311683571415e-02,8.376345104058806335e-02,-2.729686741733252167e-02,7.372998469468637975e-03,-5.279100998449230003e-02,7.354079880246973400e-02,4.179861090608435331e-02,9.306003086953892889e-02,1.116375066453809406e-01,5.090761114243457647e-02,4.358992382263358195e-02,4.713035600204534131e-02,-2.385002440863443970e-02,-2.190776948366266602e-02,-3.583195815924037492e-02,-9.014013022251136931e-02,-1.425035833233107008e-02,7.468521557058879767e-02,9.710528271245097431e-02,-1.232706981986804173e-01,-1.621136738251628961e-01,-1.810171476112038269e-01,-1.704362883532848649e-01,-1.435415396372913543e-01,-1.703355683148113642e-01,-1.871028293989914770e-01,-1.395806442860296759e-01,-9.738466707285028945e-02,-4.882847926141187234e-02,-1.719115887277088972e-01,9.395342679690876818e-04,-7.901903882333538576e-02,-1.847241180303100250e-01,-1.864597128780186019e-01,-3.075175636553353353e-01,-2.879108516728540734e-01,-2.134803778030447408e-01,-3.994750055078654660e-01,-2.858158800722228610e-01,-2.895445196020079437e-01,-5.867166284740269466e-01,-4.640583146345962917e-01,9.560188830916756253e-02,-5.771753309915662600e-01,-2.865711333602024014e-01,-1.194195995324861259e-01,-4.257061284611384777e-01,1.991091373130726705e-02,-9.734686768015253511e-02,2.564059383663218616e-01,2.431520964134326612e-01,3.738519136592524661e-01,2.078534416238951854e-01,4.697834035571289424e-01,5.584937225243739034e-01,1.000000000000000000e+00,5.397726099459493332e-01,3.930523459144995013e-01,3.064908020082629525e-01,2.320938081174086232e-01,3.414795431844289131e-01,1.693531783770064747e-01,2.087713282209726351e-01,1.031705271436529486e-01,1.143906279463740572e-01,1.076008272954522005e-01,2.551131288518101448e-01,-2.726597062317668296e-01,-5.237672987482571152e-01,-1.151678299201416567e-01,-1.106202128626909698e-01,-4.696739200426238159e-01,-1.246658535759774533e-01,1.422516655270446295e-01,-3.396324169915750368e-01,-4.031530160446552546e-01,-5.086076963834316178e-01,-5.339184398982383950e-01,-2.655726367813106004e-01,-4.707315810417083135e-01,2.549437581632843508e-01,7.255862761398561289e-02,-3.051105889633255394e-02,-3.546180594980546386e-01,2.481092079618215374e-01,-1.997270314320166162e-01,-1.289454635935622928e-01,6.872563038545023706e-02,-3.706192309074867602e-02,1.669887123633053971e-01,1.097749738931107638e-01,1.213183308709152725e-01,1.506964401979354051e-01,7.467763868865584520e-02,7.614108531639837696e-02,3.417255741146361242e-02,1.337590570362258424e-01,1.553843423356267017e-01,-4.650193863686431783e-02,1.765704561427197394e-01,7.585576011016213760e-02,1.969263564410196898e-01,1.037722867526373050e-01,1.923966787328177941e-01,6.367473829950738573e-02,1.879970151113922461e-01,1.312818174162771849e-02,-7.026875780130331650e-02,1.032075038042948034e-01,2.426142007071717122e-01,8.463650255574568793e-02,1.769801950016574033e-01,1.618963963499786274e-01,4.183891555875516449e-02,1.136527084089309220e-01,8.342168511129938180e-02
5.667955988348005042e-02,1.113671803681503918e-02,-5.179435949399083250e-02,5.730661933141445452e-02,-5.125342907190929415e-02,5.557349156165995729e-02,-9.991863571038517300e-02,-4.530876619179648179e-02,-1.001262996512786441e-01,-4.413423548997053025e-02,-1.154238624249381145e-01,-6.599312105051680435e-03,-1.789162805933778091e-02,1.117570789817243226e-01,1.043527169794319365e-01,7.468176425076371652e-03,2.145397236723341552e-02,-5.570181630385612898e-02,5.712459990173691937e-02,1.574475457406404877e-01,1.183706664192564345e-01,9.442017057538915070e-02,8.603746090752047160e-02,7.000674464836399713e-02,3.646764416106382939e-02,-5.361077860027219089e-02,1.127747791882910064e-02,-3.077560952538913042e-02,-1.126234999288917155e-01,-9.364475823515159419e-03,2.237659765993251990e-02,6.705058303855744584e-02,1.140427872552705196e-02,1.273074644410013834e-01,1.397681519910280168e-01,1.242036822041052008e-01,2.204781599812205561e-01,8.712404823890104733e-02,7.848282757403440835e-02,7.134676493160621580e-02,-2.468761501390464783e-02,1.091300577071089989e-01,6.923885125014865582e-02,9.821179043259922747e-02,-1.455662195322151957e-02,9.234301046855192263e-02,6.312546505319424628e-02,2.151985786885711807e-02,5.566279478646796175e-02,1.883079070200792404e-02,2.379111252425012216e-02,-3.230655742438928030e-02,-4.391462674942858690e-02,5.362450936042286592e-02,1.688699477587988496e-01,1.350076210512745900e-01,-5.762969730304918353e-02,-1.082598754125793511e-01,-1.241263058174384148e-01,-1.275712726951211407e-01,-1.118511549369961000e-01,-1.569997241344286421e-01,-1.525493089906745647e-01,-1.285130060150854181e-01,-1.138062192210689133e-01,-4.489577156735999330e-02,-1.023782699081355052e-01,3.312889732546927396e-02,-4.916327258806899719e-02,-1.079593062254864677e-01,-5.389846128305043199e-02,-2.068152401820727293e-01,-1.867271499539143731e-01,-2.011213480165864598e-02,-2.297213988862341905e-01,-1.093674317940544760e-01,-8.385046699272918902e-02,-4.720043641635103815e-01,-2.060866871621895580e-01,-8.023270000572341187e-02,-4.768293336584451536e-01,-4.241192313452824547e-01,5.757073076778308762e-02,-5.307925955503085547e-01,-1.644207360666715967e-01,-2.718330863697270283e-01,1.300331131969874494e-02,1.934349772854886962e-01,1.854406815738033898e-01,1.201080093514727831e-01,2.946791564124998097e-01,5.547875602644031234e-01,5.397726099459493332e-01,1.000000000000000000e+00,5.316454813473776575e-01,3.731138668965872651e-01,3.737568633946588559e-01,3.341381782446903870e-01,2.538837104086448249e-01,5.792564577373091744e-02,9.287371099547941933e-02,1.314863707566299722e-01,-7.065054804347770112e-02,2.539880952723956864e-01,-1.571711443383834728e-01,-4.164548411318995669e-01,-1.774133262507602282e-01,7.037142147857171348e-02,-5.230577088745682612e-01,-2.526508849651601732e-02,3.241940797321011813e-01,-3.172990898577266461e-01,-3.147239313598859112e-01,-4.463703788315872001e-01,-4.336069819918774160e-01,-3.578934174951299840e-01,-4.458889593706348853e-01,1.281323343588089969e-01,1.619721294889022445e-01,-9.893529859857375097e-02,-2.409935080872273316e-01,2.949345723146234444e-01,-1.923940592522881410e-01,1.011705639805818638e-02,3.114429379642214002e-02,1.206140014458185680e-02,1.403626909294859448e-01,-7.004295834086003703e-02,1.692827595137593455e-01,1.132688017262107327e-01,1.765328509589334793e-01,1.075244419914603428e-01,1.433445515856170138e-01,8.447790505868725541e-02,9.634673169819413241e-02,1.281219410332657405e-01,1.437392091619314749e-01,1.953627140147128904e-01,1.984391921073715148e-01,1.644371310664756169e-01,2.084266069521183706e-01,9.911182811724522645e-02,1.436476495959832789e-01,-1.727240643654684993e-01,-6.483741239669349454e-02,1.334853739821694474e-01,6.963468766758937334e-02,9.217015941982048544e-02,6.737481358071727156e-02,5.170324515801176524e-02,-9.168059864340437001e-03,3.153369680527922519e-02,2.769591905129900611e-02
1.022522403678335391e-02,-1.005251923296238831e-01,-6.483643996616522687e-02,6.379142166808701719e-02,-6.427271069982551377e-02,6.257878341872309680e-02,-1.260881112118538427e-01,-3.562925592286624032e-02,-1.354417329471783171e-01,-1.017095341730070018e-01,-8.061250026859079210e-02,-3.346756514797583071e-02,8.921878031374998186e-02,1.414752143542334084e-01,1.004110651993586449e-02,1.075509532650124715e-02,4.764214080985184480e-02,-6.539899161576277764e-02,6.691827064037574047e-02,1.747774285585323162e-01,1.517432611232542861e-02,1.542247782992677008e-01,1.046828630829483159e-01,9.072500143828866881e-02,1.481162679139896299e-01,6.223621672501240820e-02,3.175817194250315362e-02,8.641325110452595382e-02,4.571931567854361188e-03,6.050350328484791623e-02,1.542074978048138534e-01,1.371670575883638943e-01,6.970409866334041638e-02,1.915341090430206783e-01,1.483567223172447824e-01,1.732248836621925470e-01,2.124893531774333100e-01,1.185404670135375982e-01,9.512300156188042977e-02,9.305211602312379870e-02,3.272592936186800860e-02,8.953983773491333564e-02,-4.929078575808969187e-02,7.317077864480397986e-02,-6.517326647766318037e-02,4.461920994463374618e-02,1.323103526944504893e-01,-1.800005045559559258e-02,1.315479924772612044e-03,1.468854471856750844e-03,-6.480296957874379093e-02,-8.641035200176715517e-03,1.476411719408791089e-02,1.699571665438893986e-02,1.626365296070782784e-01,1.207590103561963640e-01,-1.252162216286883435e-02,-4.805385801562035014e-02,-7.552445888035731747e-02,-6.960409161103844888e-02,-5.247324286856451525e-02,-1.104309625556767344e-01,-5.880871237939938601e-02,-1.067247661469598458e-01,9.379233754960386582e-03,1.377710023338913486e-02,-9.356176835059978880e-02,7.086841480945281491e-02,-8.458847846554384819e-02,-1.067750210627474855e-01,5.523550800814022721e-02,-9.130533574870049185e-02,-7.508967919903596078e-02,3.176294908804248862e-02,-4.779128066161936889e-02,-1.412719169635959790e-04,1.127950884408667198e-01,-3.512605118083429456e-01,-1.421684238627506369e-01,-2.549274204320000070e-01,-3.968352694225728006e-01,-3.454565418292320222e-01,2.306562877651559540e-01,-5.216750756637865694e-01,-2.329805027382422233e-01,-2.644849498825470047e-01,-4.171656271578602637e-02,1.138660099130882897e-01,5.892834711595604236e-02,6.132522520204020805e-02,1.562407582596456734e-01,3.726172610329785972e-01,3.930523459144995013e-01,5.316454813473776575e-01,1.000000000000000000e+00,5.029079660461597268e-01,4.847917842427451607e-01,3.292824670359233430e-01,2.432237359222424455e-01,5.126406006750724997e-02,6.041766931494396697e-02,1.150621957512476257e-01,-2.427680482433083875e-01,1.899064277579074200e-01,-2.332648913792680634e-01,-4.281446432509879441e-01,-3.339211302644385926e-01,2.433024310759173137e-01,-5.548531708804032014e-01,1.495621787485153509e-01,3.793574898630878711e-01,-3.888316602693247526e-01,-1.883509850841847966e-01,-4.783303825428196765e-01,-3.756656099777756497e-01,-3.907095326535475199e-01,-3.730879915629509158e-01,1.013852662094125723e-01,2.834180660347103142e-01,-2.091933331801576826e-02,-4.297732031381525097e-02,4.160143210216564191e-01,-8.098026789268279735e-02,1.807334499461084876e-01,1.518628232171699011e-01,1.356098038826108465e-01,2.246434363509192400e-01,-2.432981356494393621e-01,2.299138768168871583e-01,1.737826650929405192e-01,1.916264797262165476e-01,1.423539144925750066e-01,1.292075861947956927e-01,1.146039855030263621e-01,2.675879325870783587e-02,7.132495754673368049e-02,1.073220357866575270e-01,1.543370205031027453e-01,2.408953140390826253e-01,1.592793647857872752e-01,2.317271999904438051e-01,1.596386048694733439e-01,1.135244532446081783e-01,-2.745975724612048086e-01,-5.038500755048903879e-02,2.182872703387820912e-01,5.065434612230401701e-02,1.376997737161976820e-01,9.556560391484646144e-02,1.084019630219119623e-01,-3.826484263374728498e-03,7.572802314206918128e-02,1.136216056206933514e-02
1.101179849431049990e-01,-7.061265541782801858e-02,2.419118119223951924e-01,-2.438848525344153029e-01,2.398358650996534613e-01,-2.441283979516289393e-01,2.136773696474337722e-02,2.870292713163802648e-02,3.159962137550132583e-02,1.407653515774544110e-02,-2.085259878427904792e-02,4.429850494490232549e-03,1.093757359022399719e-02,2.834975562479887315e-02,6.079195871574313847e-02,3.067827269951594119e-02,1.241959764284137069e-01,2.445849133650526697e-01,-2.360308827626843575e-01,2.343766570678852690e-01,1.987461599743965412e-01,2.713715068965208976e-01,2.163455371351835632e-01,2.053842614861071114e-01,1.772759463469290864e-01,1.403174853612996209e-01,8.986299395378338772e-02,1.815785585464534113e-01,9.172126725317229778e-02,1.963062389955568671e-02,1.852224884312786814e-03,1.704701957195945417e-01,-1.008115916258074674e-01,1.364093232876412709e-01,3.614157559820977417e-01,1.602897885963930069e-01,2.508880276082371963e-01,1.100476864528996124e-01,1.840003271397852025e-01,1.180590130285149308e-01,4.909453593040301322e-02,6.620991609291362878e-02,1.105072667639076800e-01,9.867907361665423371e-02,5.202782129770013031e-02,1.437637033000409015e-01,1.169417922339379412e-01,1.069567799354290555e-01,1.344087692258113254e-01,1.375099274584851150e-01,1.472754434143259787e-02,4.082775783026080380e-02,-6.880595278675921689e-02,6.048566555493522373e-02,9.920047550428441607e-02,4.665222405371110409e-02,-5.781864229046121406e-02,-8.446783243090934257e-02,-1.164177060457774193e-01,-1.051653062355518559e-01,-1.340726860200747717e-01,-1.353779764371923766e-01,-1.643476595845152488e-01,-1.928492043916524568e-01,-5.044640706636934618e-02,-1.692715666552594561e-02,4.381596333999058200e-03,1.251248116409626188e-01,1.795162408094282819e-02,-2.733752228101447163e-02,7.191961075536797143e-02,4.422411823776502271e-02,-7.530954760001475068e-02,4.453108841318303285e-02,8.957859864161873964e-02,3.629521559035438216e-02,2.783256247343670609e-01,-3.317931773069408008e-01,-4.034785756584304689e-02,-1.179172169657534130e-01,-3.657059894955521084e-01,-2.578702339072876382e-01,9.890709281120935170e-02,-5.035613479368908907e-01,-3.720439001187534345e-01,-4.885841976548707111e-01,-1.866782817200818012e-01,1.202077945228998412e-01,-5.288054944955435793e-02,9.924165639656624960e-02,2.277463305354449422e-02,2.283766019977970796e-01,3.064908020082629525e-01,3.731138668965872651e-01,5.029079660461597268e-01,1.000000000000000000e+00,4.925313881926148829e-01,3.140981119830403845e-01,4.993929896930002221e-01,3.434429095342115268e-01,3.530391521994956650e-01,1.564141003358452131e-01,-1.036930308162378467e-01,1.651558665923828426e-02,-2.778935541026475442e-01,-4.073077728096536898e-01,-2.649469443052512307e-01,1.148690316943000583e-01,-5.734060303028735150e-01,2.563779281657843287e-02,4.015017769516934232e-01,-2.720702160138148140e-01,-1.919031862956614709e-01,-4.863202257839218667e-01,-3.975393002050683355e-01,-4.753374621040018511e-01,-4.917891498032389008e-01,6.147847702971482448e-02,3.045238240195553558e-01,-1.027589717572189865e-01,-8.421383542020065283e-02,3.131710413966897755e-01,-1.537859417037379384e-01,1.565670346174364569e-01,2.251185552311627536e-01,9.482149244399791510e-02,2.380962954670987064e-01,-1.086694133960981745e-01,1.206466237065264291e-01,2.192986240460725600e-01,1.167898857381365202e-01,1.005526595786039312e-01,7.071700267163326392e-02,-3.193520855434776873e-02,-1.536595471068319119e-01,-5.777312426159410957e-02,-2.212091407820473629e-02,-4.080649776963977959e-03,1.369984118029330972e-03,4.809108917719927961e-02,-2.570311854016328959e-02,1.339147055285088705e-01,-1.252032559742760065e-01,-1.406066018259305439e-01,1.522976218802902793e-01,7.758770715753454672e-02,-4.562428169695738334e-02,4.711555985356085524e-02,5.224119913909355817e-02,3.045634698047822511e-02,-1.750877160953392964e-02,5.660739607110500810e-02,-2.197350061244300601e-02
2.684928520289896550e-02,-1.063161166315948897e-01,-8.476391391175444601e-02,8.549627014848561191e-02,-8.554004475892755532e-02,8.475243650610722601e-02,-1.421357131660731798e-01,-1.594757475351218368e-01,-1.285762083758006380e-01,-1.160603734669791581e-01,-2.004348327495615312e-01,-9.183873156449265385e-02,-9.105559017124507937e-02,1.452896128140671039e-01,1.333916073159403248e-01,-8.909910695378368828e-02,4.858814237300074917e-02,-8.397080237212699305e-02,8.983085688504327537e-02,1.649433385234781724e-01,8.728098790049319822e-02,1.874496001190866790e-01,1.849073220196146283e-01,1.410765013189833883e-01,7.112890844924264766e-02,-8.158545454122268989e-03,7.960611786667186329e-02,1.717187280016951589e-01,3.707430349565470074e-02,-1.024062917263833701e-02,1.892993290903980524e-02,1.050169638165908553e-01,-1.772625549395981295e-03,1.229490712971528787e-01,1.440729313957929414e-01,1.038660941109466329e-01,1.795169524430043906e-01,6.614882266230320829e-02,1.091765495626078192e-01,1.080540664262538697e-01,-4.028100486163038382e-03,1.755873879612007971e-01,5.717244418737101735e-02,6.833661379052195783e-02,-7.147562193366699401e-02,7.623530785576239366e-02,4.567054241598274278e-02,1.813978095534843696e-02,4.591274307865202131e-02,6.300667023407756362e-02,-8.330259018831315254e-02,-4.883991933235653365e-02,-3.060460017721867640e-02,-8.230793299538424757e-02,6.700754495021887802e-02,5.978360373765356783e-02,-7.989278015345721573e-02,-2.016617206135648821e-01,-1.315205576425939604e-01,-1.571328512009990130e-01,-1.689907825844614297e-01,-1.377193526617125074e-01,-2.236967030411801671e-01,-8.495357642136955323e-02,-1.068807764614704142e-01,3.100446331581666048e-02,-3.795369068024794651e-02,4.769295599531833685e-02,-3.016021032481352310e-02,-3.086843460152780341e-02,4.682528300358467649e-02,1.486831804791177714e-02,5.245008140252084908e-03,1.066103420092629206e-01,1.138192597254244071e-01,1.726415516753095070e-01,2.545599328574641440e-01,-2.272029506570716617e-01,-9.389295630049160346e-02,-2.096688467107709897e-01,-3.906103738863181407e-01,-3.797811682583176474e-01,1.850587721598524471e-01,-4.562603402406613662e-01,-4.852433389255956797e-01,-4.114695870284728607e-01,-2.257845966159293949e-01,8.963314416708319243e-02,-6.070622912488543577e-02,6.192139711612142106e-02,3.113121826204646656e-02,2.039407627636425913e-01,2.320938081174086232e-01,3.737568633946588559e-01,4.847917842427451607e-01,4.925313881926148829e-01,1.000000000000000000e+00,4.466144434106276151e-01,4.627263052687968781e-01,1.594664918106612761e-01,2.206483149897724150e-01,2.322869338589573507e-01,-1.988070251989425830e-01,2.110081062224473669e-01,-1.216158473477939456e-01,-4.218404400351294381e-01,-2.964400418205245247e-01,2.041788236290378589e-01,-6.322723388418826085e-01,7.331835769723923923e-02,5.058793994567483132e-01,-3.172494050570838220e-01,-1.746459611900453845e-01,-4.349740329753066792e-01,-3.741039253643163032e-01,-4.960767015798105417e-01,-4.310469130281728289e-01,1.751405874464241272e-02,2.820018785562548036e-01,-1.040575989830257730e-01,-5.027983494248687568e-02,3.931362419454878521e-01,-1.651230963253836337e-01,2.318692032619498189e-01,1.128061043815305614e-01,1.527619183404752556e-01,2.124235251902886479e-01,-2.000483362474010096e-01,2.227556738269194370e-01,1.107007105312075163e-01,8.284346343228730924e-02,1.513905395688420197e-01,1.147079781789206721e-01,9.632535091229507684e-03,-1.142119739249674581e-01,1.640840046790020823e-02,1.752710583562979221e-02,4.809140349714707829e-02,1.260591383466561355e-01,-1.135193710364166067e-02,1.747782242595754265e-01,1.526048252707516706e-01,6.212431494643385482e-02,-2.013165557356263458e-01,-1.378835057319461113e-02,1.739717039261751141e-01,-1.058384168221146449e-02,8.384011818421793771e-02,7.172214716191709083e-02,4.842501732628035765e-02,-2.034896163383401180e-02,2.442668147283005159e-02,4.557027943370137169e-03
7.051107946548915151e-02,-7.814363984533778673e-03,4.653806561669832087e-03,2.147673215641127033e-03,6.753984582778618968e-03,1.224515711813779220e-04,2.203890101065638166e-02,-3.900718999151130822e-02,4.498185491663694163e-02,-1.422654626046257198e-01,-3.303050864008143239e-02,-1.167208337880937946e-01,-4.136254604363122714e-03,1.061832341261894318e-02,-6.858174078391134076e-02,-4.500299029202015078e-02,-7.552864249348215098e-02,3.126794453604104379e-03,-3.457225260327996541e-03,7.205194146434105995e-02,2.071333174748280284e-02,1.067210965108026793e-01,-1.504229402921673266e-02,-1.836350661491312902e-02,3.339954449735401537e-02,6.825191221553041088e-02,9.137943373828488758e-02,1.068458507027576360e-01,1.384567130450638506e-01,9.757868514030855478e-02,-1.407427868135264007e-02,1.975691951524466417e-01,-1.258119891951989082e-02,-4.312283860984210231e-03,9.082686277585395873e-02,-3.361633552238964956e-02,1.166920528517804423e-01,-3.361013708315315623e-02,1.845562585637884612e-02,-2.446797585068660047e-02,-9.059537044260337901e-03,-5.091478812178073035e-03,4.708161687091517306e-02,7.508942198186459305e-02,1.015951726195597205e-01,9.449307606908798063e-02,1.036196966054503815e-01,1.218795513609916975e-01,3.100962431063009062e-02,6.267300110243924360e-02,-6.498472761681001186e-02,-4.540259291662349095e-02,-7.188948438028593124e-02,-1.368585104882447667e-01,2.007137125118598972e-02,-2.124756202973952443e-02,-1.076156833195657386e-01,-1.997095213169955696e-01,-1.304548447911994535e-01,-2.106098876069199544e-01,-2.345042203676276360e-01,-1.017414776449117320e-01,-2.721569495873087940e-01,-1.052531815667249182e-01,-2.233584409459101749e-01,2.693779702071918275e-02,-7.961225355001090576e-02,1.125764136158295403e-01,7.203878153914135274e-02,8.457276227599606899e-02,1.374414382360810045e-02,7.509332817615489708e-02,6.745206532298846092e-02,7.802781966478244957e-02,1.548923516871081041e-01,1.053570933400010540e-01,2.617281724637698370e-01,-1.506399864977658321e-01,5.150130106202870789e-02,-1.517408528937688739e-01,-5.033194273952256159e-01,-3.207087240450807175e-01,1.378608473057547357e-01,-5.520811188914653833e-01,-4.076360899791637293e-01,-3.795163404933483142e-01,-2.629590240200310181e-01,-1.338171907327272703e-01,-1.206526550628914951e-01,-1.601191823418887661e-01,2.685709278949699810e-02,2.466055842927974695e-01,3.414795431844289131e-01,3.341381782446903870e-01,3.292824670359233430e-01,3.140981119830403845e-01,4.466144434106276151e-01,1.000000000000000000e+00,3.630102260954501392e-01,2.744159470475504570e-01,2.912054146830891921e-01,2.709838658918773402e-01,-1.380356471141633568e-01,2.491014932633116574e-01,-8.658685043457799158e-02,-2.097218919590907449e-01,-9.115318777082763446e-02,1.594446813608223212e-01,-4.189321178545761248e-01,-6.638420209012220463e-02,4.167028337560281237e-01,-5.853617458661919404e-02,-1.338818337452249707e-01,-3.195434570413616671e-01,-4.404545248322420670e-01,-4.919136646986161931e-01,-4.585279424102760015e-01,-2.597642846808705386e-01,1.626883507462295250e-02,-3.178960462367230733e-01,-1.350304186247688609e-01,1.907079926715465890e-01,-2.951689076910655740e-01,9.609426814891204593e-02,6.904717221081338452e-02,1.152205043425308106e-01,1.552437415666062526e-01,-1.501075655521218744e-01,1.455700334939749596e-01,-3.005151259156828986e-02,3.533778132287117985e-02,9.603001807854159855e-02,-3.760741891499373712e-02,9.771035832687582912e-02,1.014979803641876399e-01,-9.510205191561002828e-04,5.004969324647574880e-02,4.550246427810988870e-02,1.505698490822653113e-01,3.231238053052225279e-02,2.276608994170544742e-01,1.772945932290082016e-01,1.290058296564401408e-01,-1.366381017812028920e-01,-8.395616897859540032e-03,2.236994084135051630e-01,1.774988705430983471e-01,2.436197936625836835e-01,1.674172429200891377e-01,1.666619440897141313e-01,8.753433094680405924e-02,9.715874642570600239e-02,8.085594822562505724e-02
2.179152696961120933e-02,-1.056175566224173135e-01,1.063154801014300072e-01,-1.093785858963478019e-01,1.063611880525269227e-01,-1.100276218918422588e-01,5.335658522068147808e-02,-1.307609572872697468e-01,8.085133175123633553e-02,-6.878395508419976601e-02,-1.528213626542241632e-01,-1.467631626866688355e-01,-1.610897007697080496e-01,9.901549148660765409e-02,1.055719359674182206e-01,-1.588026405658401197e-01,9.383120204763941916e-03,1.096591546831173630e-01,-1.075769309430900517e-01,1.141660203070150731e-01,3.094087636870233513e-02,1.429023029817601542e-01,1.685859142834556235e-01,8.593862752567088537e-02,6.800875075532003544e-02,-1.344217190884140593e-02,-8.129575280202903627e-04,1.703106537964521050e-01,5.845398534544881536e-02,-9.139309816120354257e-02,-7.342960581063080749e-02,1.015294685351507686e-01,-1.404934599468595502e-01,3.156941679927256772e-02,2.868442246740621204e-01,4.870735116665882158e-02,9.063247719950572046e-02,1.245490995299864713e-02,7.354918754759114108e-02,7.257438396917330337e-02,3.431056662477464936e-02,1.181199189195055038e-01,1.903405549191357349e-01,2.412795603598393568e-01,1.274254473731825932e-01,2.160253753042812586e-01,2.234228499807015267e-01,2.096988718595114431e-01,2.053597771540715267e-01,2.099374310667523336e-01,8.227639647176539228e-02,2.035936232751624567e-02,-1.671899246222487700e-01,-1.269303971128592501e-01,2.153672534851839293e-01,1.057947789639283737e-01,-1.934660148847488215e-01,-1.784430215607460957e-01,-2.824520258424654262e-01,-2.502872441946294435e-01,-2.257548727601856320e-01,-2.813415402653223207e-01,-2.572849616368482750e-01,-2.248515724277170835e-01,-1.452203115915249587e-01,-5.369805362040425134e-02,7.736916150066342097e-03,6.112763969572940215e-02,-3.641385025367689654e-02,4.799657272827375504e-02,2.971692649942287920e-02,5.967296797824769850e-02,6.594989051126408375e-02,4.989085184045871646e-02,1.634837556217255961e-01,1.104251997196435409e-01,3.164845131974020620e-01,-1.299714475260844437e-01,-1.758919208387935487e-02,-6.376976059064351499e-02,-4.684520789839817789e-01,-2.305930184263106086e-01,4.750435111536644578e-02,-3.797394157770760947e-01,-4.417856164535206576e-01,-4.587532134613432344e-01,-2.790166859404288324e-01,4.590435466367654566e-02,-1.750403115592643610e-01,-1.796577071705792242e-02,-1.920234216971571789e-02,1.051959603418335665e-01,1.693531783770064747e-01,2.538837104086448249e-01,2.432237359222424455e-01,4.993929896930002221e-01,4.627263052687968781e-01,3.630102260954501392e-01,1.000000000000000000e+00,4.821648106751303953e-01,5.463733439822507920e-01,2.867310563725409822e-01,-4.699463416873407573e-02,1.447795245970535938e-01,-1.133660062560787329e-01,-3.413858526003601956e-01,-1.909559286803908795e-01,6.762453588664248116e-02,-5.586884452429108361e-01,-4.254867151624784627e-02,4.745802647066983959e-01,-1.639288474845582710e-01,-1.086497988976573986e-01,-4.044951554620384582e-01,-4.628885518943979260e-01,-4.776913959806533549e-01,-5.386239817030528121e-01,-4.329281873183982166e-02,1.249256867978696534e-01,-2.794886678238064914e-01,-2.235140273734939342e-01,1.305769909487979608e-01,-2.844340778329776942e-01,4.438974399344054744e-02,1.271795315903452052e-02,-1.260153190063821853e-03,1.034940328214589977e-01,-6.013724393370259436e-02,5.709970167208301695e-02,6.461339741459662389e-02,4.132176869556074272e-03,-1.851988179637203621e-02,3.292894567716511678e-02,-1.411495624723440034e-01,-1.595006983805733747e-01,-5.758020800010331397e-02,-2.970760617745970764e-02,-9.105046721466765122e-03,-5.440963762738061649e-02,-7.774559835563349397e-02,-1.169207723193057755e-02,1.755215509261517925e-01,-1.243483385285801407e-01,-1.379258692753235205e-01,1.786871649425256225e-01,8.666266547585738111e-02,-1.197756759981916941e-01,-4.480914792843566918e-02,5.462959225636485061e-02,1.202579882605824338e-02,2.035850703057585226e-02,1.642249071147121320e-02,3.014490974789804656e-02
3.114884986041772247e-02,-4.334322076464686840e-02,-3.159503201935238287e-02,2.979887478641972398e-02,-3.064721010930593348e-02,3.296070753352819266e-02,1.341929634038266372e-01,1.574292656310212826e-02,2.349585332727374409e-01,-1.218511731002267645e-01,2.969734517607456117e-02,-1.165104481144467324e-01,-1.170463283586991587e-01,-9.103718678001100628e-02,-6.289745661485997286e-02,-1.524232056878122299e-01,-6.750883797903187156e-02,-2.874689203532046142e-02,3.050986210091469891e-02,-1.331869216602144246e-01,-7.863893350626818823e-02,-3.282652988965514135e-02,-3.944690156950352022e-02,-8.647505106156060106e-02,-4.551211204619422246e-02,-3.456579601501844762e-02,-1.529554521754321050e-01,-2.132527846631322721e-02,1.662091278051925844e-02,-1.238584732472387123e-01,-1.420824155757300089e-01,8.231935852294468628e-03,-1.826341853646203106e-01,-1.382341949908610090e-01,1.488204511326305657e-01,-1.218005831944089373e-01,-3.422111959473216752e-02,-1.231047362228496478e-01,-3.206453936096565448e-03,-1.070917812074092673e-01,-6.189800425298722097e-03,-9.646219664888065759e-02,1.597294167166778689e-01,6.020381492392556239e-02,1.759995358267659737e-01,5.856972734604283526e-02,7.442220267981310144e-02,1.207383947135328844e-01,1.095857393226329496e-01,9.569052684505176265e-02,-8.282706605343889694e-02,-1.186780680624884843e-01,-2.780858775354363988e-01,-2.751236858759033566e-01,6.872892768348951020e-02,1.235630357094094113e-02,-2.724670745186650311e-01,-2.755097265310960664e-01,-2.912930541907763349e-01,-3.182562024313372318e-01,-2.776717575854715236e-01,-2.608290268063472306e-01,-3.036728026906514999e-01,-2.595726909999470644e-01,-2.138505356706760230e-01,-1.796491869290025578e-01,-2.526709596869587959e-01,-5.584260859797957055e-02,-1.684414740275146372e-01,-1.887414632386559543e-01,-1.705941080188075887e-01,-9.987972974461470366e-02,3.412129878572961461e-02,-1.876674429495203689e-01,5.211692188727930219e-02,2.212729347296305341e-02,1.474549691180631616e-01,-9.319717679743749761e-02,2.791662494380706128e-02,1.542543572471287983e-01,-3.626296875212859927e-01,4.047985140229528461e-02,-1.704251535851160071e-01,-2.946149288787119902e-01,-2.557155548400958378e-01,-3.087239148293698388e-01,-1.745058839184058241e-01,-5.081498700970963484e-02,-1.674071340221902904e-01,-4.997783333108093973e-02,-1.174850210209833073e-01,7.191489527750107025e-02,2.087713282209726351e-01,5.792564577373091744e-02,5.126406006750724997e-02,3.434429095342115268e-01,1.594664918106612761e-01,2.744159470475504570e-01,4.821648106751303953e-01,1.000000000000000000e+00,6.367783754779464678e-01,1.464360227194803077e-01,1.734051087014324144e-01,3.678560853554962290e-02,-1.735263906559459113e-01,-2.685527171788984480e-01,-4.802996462298703834e-02,-1.539336727361673152e-01,-3.936651978450441125e-01,-1.445137525258431976e-01,3.263991538901827028e-01,1.608336439904783097e-03,-1.352888571567268002e-02,-2.796365869569048535e-01,-4.504317241391648241e-01,-2.798638970116790192e-01,-4.827632947336334968e-01,-2.492726695101604977e-03,-6.694917911978007230e-02,-2.530762358200452367e-01,-2.422977492560230151e-01,-2.019084671775205758e-02,-2.971182600936525531e-01,-1.311368349831490421e-01,-7.972074882899644888e-02,-1.342768681656939522e-01,-3.961881311428638169e-02,1.590563681421451325e-01,-8.152592907540130718e-02,-6.495773891254152943e-02,-1.350156142933347236e-01,-1.804408677257663129e-01,-8.951899503635867006e-02,-2.134399200057355839e-01,-3.894972627669356091e-02,-1.342679805924474890e-01,-2.038613079527920591e-02,-1.158753411941031569e-01,-6.842817386855326589e-02,-1.191867045261757185e-01,-4.266563696537851308e-02,1.054174069532778230e-01,-6.275562126541198160e-02,5.446781587714903672e-02,1.466422943186203309e-01,3.092201196571991995e-02,9.434207262623832413e-02,9.178919367904880833e-02,6.578061417713254588e-02,1.114356107151721481e-01,1.026214982109821400e-01,1.025521358428383156e-01,6.022123679242676747e-02
1.752152410023406770e-02,-6.817297891873695670e-02,8.744202210937164488e-02,-9.281600945187772067e-02,8.575082751683237026e-02,-9.128066534176000613e-02,1.755842831609063723e-02,-9.402733816026515035e-02,1.114398219999702816e-01,-1.635304815551926749e-01,-1.681276321930292791e-02,-1.932957021419502708e-01,-8.662202718689220038e-02,-2.990451983312258921e-02,-1.132791740404982123e-01,-2.190011245790036143e-01,-9.581045607159534294e-02,9.005772784800965269e-02,-8.899271568847785807e-02,-4.955200911018985133e-02,-5.431781321024301001e-02,1.706361103322282316e-02,-3.091421935281398262e-02,-6.956364906228612588e-02,-1.092538254456622976e-02,-5.541172618033431835e-02,-1.273733199012768713e-01,8.836676401224341504e-02,7.121801551156765886e-02,-1.564709918654534071e-01,-1.140457855961311828e-01,5.773745032132950039e-02,-1.459578691306593345e-01,-1.176255610749707553e-01,1.499817097312472758e-01,-1.101739792117393257e-01,-2.470710503857442494e-02,-8.277590378870074150e-02,-5.918332780317089870e-02,-1.931569777754726241e-02,-2.584625212649784357e-02,-1.878895772007881451e-03,2.144693089592049906e-01,1.311470727080867316e-01,1.782575389697279022e-01,1.484736060650978795e-01,1.344912158503714650e-01,2.531797592199185876e-01,2.167603087756668212e-01,1.787904122129288231e-01,-4.676414221688593095e-03,1.947919835385224924e-02,-2.269938335856542255e-01,-9.007777879578338087e-02,8.634483644361587440e-02,-2.494219805693560083e-02,-2.647434560912748092e-01,-2.252385854753282679e-01,-2.421764955814967035e-01,-3.305827475080295175e-01,-2.384441758277202339e-01,-2.066650879395856011e-01,-2.960830146268940699e-01,-2.222452024564859907e-01,-2.157622693322656104e-01,-5.332580444296087380e-02,-1.456070963337061375e-01,3.890677786128169530e-02,-8.319494224795895287e-02,-4.122393630676327025e-02,-1.111526570221647303e-01,-5.580834918538958578e-02,2.495115267573372667e-02,-5.528182905110741452e-02,1.567062352714956863e-01,9.466886276104720388e-02,2.944035459601889726e-01,-1.022669450260076524e-01,1.092146068399595382e-01,1.324403722221811630e-01,-4.306156567854797501e-01,-1.266290171210868176e-01,-1.463474741313658400e-01,-3.672539830791267668e-01,-4.144695830735555808e-01,-4.572677016240889736e-01,-3.367018300689811894e-01,-1.739299950181155130e-01,-2.762651448125600373e-01,-2.214260256473158939e-01,-1.101058954089632613e-01,8.016545322939766863e-03,1.031705271436529486e-01,9.287371099547941933e-02,6.041766931494396697e-02,3.530391521994956650e-01,2.206483149897724150e-01,2.912054146830891921e-01,5.463733439822507920e-01,6.367783754779464678e-01,1.000000000000000000e+00,4.966009268024116352e-01,1.557901532049379423e-01,2.890790771609767495e-01,7.623676790886287080e-02,-1.059533314129843806e-01,1.070406724174144952e-01,-1.202650659274182438e-01,-3.585347175312472712e-01,-2.916900585331820839e-01,4.497532467935484446e-01,1.722881679983042369e-01,-9.569677226393543193e-03,-1.876998845272431493e-01,-4.984768212908751162e-01,-4.317445023895500333e-01,-6.189296945715286880e-01,-1.762767740223682433e-01,-2.291626455728701939e-01,-5.139375853730392407e-01,-3.691582827611697981e-01,-1.788574569694562633e-01,-4.976948724606463093e-01,-1.321158547875239120e-01,-1.147160521730776067e-01,-8.598250803141446741e-02,-1.624255207703389006e-02,1.347122698731704760e-01,-1.067846817074316335e-01,-7.696034619992729586e-02,-1.974007811867261597e-01,-1.283071483230097676e-01,-1.183823781374959833e-01,-2.101323028982532426e-01,-1.500518318413071039e-01,-1.150954235385353991e-01,-1.384669960038890923e-01,-6.600057316873880753e-02,-1.631278701003239240e-01,-1.422731370280294616e-01,-1.422260577233509515e-01,9.155017202207194060e-02,-2.147519362215906669e-01,-2.964511461288790728e-02,2.122459564438286539e-01,-3.921308444144628279e-03,-1.786205218903130498e-01,-9.317437142677425024e-03,-3.660468146753913243e-02,7.993251884155781403e-03,5.392607519482138512e-02,3.684125149488283457e-02,4.800714964779419225e-02
-3.580089471619701032e-03,-9.520686064851908992e-02,1.213501639839091942e-02,-1.216585366043711029e-02,1.146647879323226156e-02,-1.218080183285855100e-02,-7.064920598634535920e-02,-1.227291595261303936e-01,4.327745241668942699e-03,-1.038879856851217948e-01,-5.666248134470489722e-02,-1.974508855215778569e-01,-1.455131680255657145e-01,1.475928779271038459e-02,-5.082157555429462487e-02,-2.479198357131884578e-01,-3.002621345264184713e-02,1.102243321681181838e-02,-1.383209689421414923e-02,-4.878514010116884875e-02,-2.686942239955788375e-02,-4.409509043312141718e-02,-1.272567712527122030e-01,-1.405106687219527528e-01,-6.131343632614179306e-02,-2.759919403912174801e-02,-2.263300127928224992e-02,2.518457346999589466e-02,1.104337288898930569e-01,1.186013812826926944e-02,-9.713870592947482230e-02,2.609995180707754686e-02,-4.064280323550301804e-02,-1.045691592155904154e-01,-5.604616335311068953e-02,-1.226851228013493694e-01,-9.213682336984438392e-02,-1.662502781817462930e-02,-3.674237280309006898e-02,5.462485190462879059e-02,9.155344914575733184e-02,9.818636929970613048e-02,1.484220235686174727e-01,1.934889291204104356e-01,1.059254304550302228e-01,1.674469411637806160e-01,1.199418018071216480e-01,1.956987397386679428e-01,8.653675094871757234e-02,8.581100679145683974e-02,1.568389958241751814e-02,3.961122329540862214e-02,-3.110403055871866634e-02,-2.267085476275034969e-02,7.040214391855241505e-02,1.374580703837401940e-01,-2.318649389504694458e-01,-2.023259450379851221e-01,-3.267444217713496579e-01,-2.927032395752988125e-01,-2.076056997727769582e-01,-2.712710721384007928e-01,-2.588197590966722084e-01,-1.895411858822639850e-01,-2.642539591283950551e-01,3.255110036601049917e-02,-3.973876699277420488e-02,-2.231536316248320610e-03,2.103341139726217640e-02,-2.294823519790261182e-02,-1.870403792904501705e-01,-2.027537559571003234e-01,-9.868003199066111009e-02,-4.320275966255797406e-02,-2.204597492635946426e-02,-9.562672535488224435e-02,1.647850097950319670e-01,-2.064118261357677786e-01,4.428375097406007238e-02,1.554237359856875944e-01,-4.440195195032975439e-01,-3.172549248710301306e-01,-1.651817476412854313e-01,-2.994286945128682431e-01,-3.524166843268485838e-01,-3.093985191282241920e-01,-2.934787770904943027e-01,-1.445572694276475445e-01,-2.333061433251657490e-01,-1.631813745076388933e-01,-7.901578152497724938e-02,1.186154970744976306e-01,1.143906279463740572e-01,1.314863707566299722e-01,1.150621957512476257e-01,1.564141003358452131e-01,2.322869338589573507e-01,2.709838658918773402e-01,2.867310563725409822e-01,1.464360227194803077e-01,4.966009268024116352e-01,1.000000000000000000e+00,1.755521224511854550e-01,6.984174607205914098e-01,2.298031462989303664e-01,-3.794900251472439062e-02,2.857123636597078131e-01,-1.462050236500914147e-01,-2.388730099421215169e-01,-4.163660982611128714e-01,3.172510706865065422e-01,2.195272255046656906e-01,-1.242734562884988264e-01,-9.651169946442116065e-02,-4.523124554398195163e-01,-3.735973329327808012e-01,-5.100608965210401413e-01,-1.512631159031889438e-01,-2.903634705851251829e-01,-5.436044665969677059e-01,-4.631472123504823402e-01,-2.949847253038657691e-01,-4.584461770131386671e-01,-2.003567958098880220e-01,-3.128102737638381314e-01,-1.886006005638564686e-01,-1.861291140664189381e-01,1.555236352305451042e-01,-1.141962540475299909e-01,-1.208773234751573666e-01,-1.536649791756226624e-01,-6.107472338490552849e-02,-8.927920902485220189e-02,-1.027008317848916996e-01,2.300954682092635345e-02,-2.907925219434306929e-02,3.537300213534140536e-02,1.005438812851490588e-01,8.764696321470777374e-02,5.377550563679284190e-02,6.519910950233935576e-02,7.231666041384306881e-03,1.699022167813431933e-02,-9.113519941104698818e-02,-4.832939578062942637e-02,6.847921479504051612e-02,-1.021649781806102386e-01,-2.071617578596212164e-02,4.212736531624427377e-02,5.348332416456837157e-02,8.732842186994516087e-02,5.681422372002266352e-02,9.224314258086040164e-02
1.654551456866478268e-02,-1.497041689149777345e-02,1.377551707460005458e-02,-7.149854751750527905e-03,1.547293363846105781e-02,-3.913918811213802466e-03,2.208711144689107508e-01,2.423471656828967702e-01,1.993692883756423284e-01,2.110591363821857358e-01,1.884619872503492943e-01,9.312666379535770866e-02,-3.663677101985549078e-02,-1.508477407089689193e-01,5.514288268417427696e-02,4.487081663098424489e-02,7.690673257958234588e-02,1.082202211302834942e-02,-5.705714435188477020e-03,-1.984516195835478725e-01,1.110580424081184930e-01,-1.548040670284826226e-01,-9.697417123199983391e-02,-7.529501755771168814e-02,-1.846405615609289508e-01,-2.331133426058010216e-02,-8.097204526383638967e-02,-2.517698287356684994e-01,-9.494728901875176125e-03,-2.995083882517537988e-01,-2.005151855202242928e-01,-2.027648082225446957e-01,-9.299716710432769096e-02,-2.238549618386471984e-01,-1.686388272658925214e-01,-1.985604930589395245e-01,3.435288438107074460e-02,-6.772476097868557199e-02,-1.356532249676750679e-01,3.896936931116221168e-03,1.649044319588261476e-01,-3.052782981234455559e-02,2.478354451723065455e-01,1.038074005201406746e-01,1.765972483758433409e-01,2.109722196124565741e-01,2.158460782706322217e-02,1.656891293488396422e-01,2.697046475040932867e-01,3.458187562141496613e-02,1.483890483832492058e-01,9.677930430851744426e-03,-4.176454655486685347e-03,6.390254852767342231e-02,3.409895226283579661e-02,1.474826435921160472e-01,-2.764502287582063511e-01,-2.427964903687024056e-01,-3.555040240556190945e-01,-2.373920329084830694e-01,-1.551563433880661647e-01,-2.994007865347864672e-01,-1.882876307366540269e-01,-3.017991319778489112e-01,-1.580150934095631565e-01,-1.632587727725799964e-01,-9.917616735698139840e-02,-2.897677542043100574e-01,-1.921863831059127392e-01,-3.117733888950965926e-01,-5.026817154974482227e-01,-3.557132536006548662e-01,-3.566676278254154453e-01,-5.061816640943440637e-01,-4.340675141724870678e-01,-5.441640928051633130e-01,-4.463135244174781802e-01,-3.053804495951492060e-01,-4.273193986709681869e-01,9.990830295225227031e-01,-1.537391739205878072e-01,-2.381007924370709839e-03,-9.991395418036101983e-01,1.662631419025916713e-01,1.822359946437862588e-01,5.333113239039787012e-02,2.745578305538886599e-01,2.387308568811769283e-01,3.026817664408152364e-01,1.781482793923301333e-01,3.394254319416658561e-01,3.619694829769767863e-02,1.076008272954522005e-01,-7.065054804347770112e-02,-2.427680482433083875e-01,-1.036930308162378467e-01,-1.988070251989425830e-01,-1.380356471141633568e-01,-4.699463416873407573e-02,1.734051087014324144e-01,1.557901532049379423e-01,1.755521224511854550e-01,1.000000000000000000e+00,2.248786593390203759e-01,2.212739329377928221e-01,-1.418052360480703171e-03,5.615890882853881161e-01,-9.981729184100294194e-01,8.759305285800787766e-02,-6.355546466967014752e-01,-2.974967497476645462e-01,2.431963501120605886e-01,-3.992343336523075381e-01,1.824320145159005757e-01,-2.321622982532235979e-01,3.605974618711151880e-01,-1.135415694347106791e-01,3.850035508651925009e-01,-4.036759809086724049e-01,-1.304623404155912103e-01,-6.344865653985117815e-01,-4.473070895643047606e-01,-2.884230638364037591e-01,-6.820090138870477103e-01,-3.009578133557150870e-01,-5.719285364168663621e-01,-3.532929645866713098e-01,9.988702114791936371e-01,-5.047907219643128496e-01,-2.511764075521635275e-01,-4.695453927603897570e-01,-3.484368714688453328e-01,-3.430103208579541874e-01,-2.978431429270488873e-01,-2.892045153930586365e-02,-3.084851829454527405e-01,-2.059314245712360603e-01,-2.742300834078011951e-01,-2.995846981765580841e-01,-2.709618377883574181e-01,-2.853459665591644989e-01,-1.348315891495727448e-01,-1.930674744598966375e-01,3.030992980320397767e-01,1.324267323869393886e-01,-2.524500662139423368e-01,-1.446424524765014541e-01,-2.370084949302806443e-01,-1.552437854807187378e-01,-1.405824907184473616e-01,-1.162738881676064207e-01,-6.429408460457043673e-02,-5.890586751854296615e-02
-5.517190189338044837e-02,-6.974395603138350275e-02,-2.445331284797061244e-01,2.457156252848030631e-01,-2.427750240882246280e-01,2.450158061141674004e-01,-1.755341862443583756e-01,-1.487206966875251335e-01,-1.072779151152633836e-01,-1.679440983585323566e-01,-5.213008041743620591e-02,-2.188325835305357514e-01,-6.876155145404218294e-02,2.233795301764965671e-02,-1.318334829760508531e-01,-2.342969351954084511e-01,-1.210757063807846867e-01,-2.477506469928371091e-01,2.412071025758688037e-01,-2.018043590912129426e-01,-1.252389409368852569e-01,-2.610279397514586042e-01,-2.565529280344095997e-01,-2.834511279313962073e-01,-2.375490853103495170e-01,-1.826889197027991851e-01,-1.461540224797863718e-01,-1.776387975315998902e-01,-1.093681086007213532e-01,-1.072245764732629031e-01,5.081065080914717045e-04,-6.758692044278825917e-02,1.197609056057094695e-01,-2.722930709879801351e-03,-2.091825777739928227e-01,-8.288403633604668475e-02,-2.638551190621931525e-02,-4.731333487926189796e-02,-7.854368397820750414e-02,2.351461278689847070e-02,5.377340789620361355e-02,5.935092183856959663e-02,1.037465657039657735e-01,1.297624871994341456e-01,8.077440304970180673e-02,1.267863439807656312e-01,8.991573463634737473e-02,1.600745042007064578e-01,1.386367565666294932e-01,7.555312602708262604e-02,1.013681507141320631e-01,4.356681277551911757e-02,1.549275813913685539e-02,-1.265868312551934275e-03,7.565349030627378790e-02,8.064843369797626560e-02,-2.154332383080903024e-01,-1.535688477250196637e-01,-2.548424745264032398e-01,-2.870473506657782448e-01,-9.273716079610672125e-02,-2.106321104699377944e-01,-1.615639363819050822e-01,-1.369234891788788377e-01,-1.486390260481896819e-01,-1.738373258254171869e-02,-1.906228981941656409e-01,-1.145688907461537009e-01,-9.638726942886129134e-02,-1.334662750945297127e-01,-3.236787401135394204e-01,-4.450416658186784336e-01,-1.283884857295971016e-01,-1.219170343631596071e-01,-3.212899974137950476e-01,-1.012570822690069955e-01,-1.526603758130373745e-01,-3.516739263586443620e-01,-1.158164283123814808e-01,2.109223622483402671e-01,-4.348986327213856806e-01,-4.207535501101137276e-01,-2.278625703011688819e-01,-2.985562152319640172e-01,-1.947674360135190075e-01,-1.431888417848494743e-01,-7.028745954543606789e-02,-7.415086752108022983e-02,-1.167265910023856240e-02,-1.300972012288953705e-01,1.208117112232514057e-01,2.219799313939897489e-01,2.551131288518101448e-01,2.539880952723956864e-01,1.899064277579074200e-01,1.651558665923828426e-02,2.110081062224473669e-01,2.491014932633116574e-01,1.447795245970535938e-01,3.678560853554962290e-02,2.890790771609767495e-01,6.984174607205914098e-01,2.248786593390203759e-01,1.000000000000000000e+00,3.667169242024551634e-01,-9.232785881202788814e-02,2.846361401380885225e-01,-2.091499093829719547e-01,-2.359840114080278828e-01,-3.936656921686865207e-01,2.644358386445225251e-01,1.273737616373909753e-01,-2.102918884925996656e-01,-9.337898513416612034e-02,-4.640223907201610487e-01,-2.184937629980863438e-01,-4.665091316476765448e-01,-4.691963442338031171e-02,-3.880465173319200822e-01,-4.902424812536830823e-01,-5.109938975827027496e-01,-2.194977123345887016e-01,-4.244974696396243696e-01,-2.170766573493728979e-01,-4.018759642037063040e-01,-2.554710022800890101e-01,-1.953096426720324075e-01,2.147456239314504967e-01,-1.179596169797492849e-02,-9.173104225591352523e-02,-1.215545126064153519e-01,8.121225101109673730e-03,-1.104118872781180601e-02,-9.657137510309405509e-03,9.082470322212364555e-02,6.101948895231416176e-02,1.491713483037123977e-01,1.437782455892727684e-01,2.261181003580718663e-01,1.020001868432123815e-01,1.642801164534938851e-01,5.211631710729310897e-03,1.293684419232056793e-01,-8.980076852841256674e-02,-1.500132532381046879e-01,7.773800026481125780e-02,-2.237747598833634416e-02,-2.322748251851499204e-02,1.660137000145146119e-02,4.406106566555412218e-02,3.559520570522067828e-02,2.985394960564862962e-02,6.776755666294161096e-02
1.423886238004821005e-03,-1.200852128022295018e-02,1.095366780597173406e-01,-1.135002111894724691e-01,1.070920498248127684e-01,-1.132171936265885387e-01,-1.309793705219529647e-01,-1.393766541144136895e-01,-1.023004993972370241e-01,-8.128044475739344688e-02,-3.060255918006319145e-02,-1.805626112573948394e-01,-5.063085341099533149e-02,-3.844730337044869207e-03,-1.213848197308394633e-01,-8.731248079414538621e-02,-6.141112851854024085e-02,1.085313873228934134e-01,-1.152441955434624771e-01,-7.360654489018395030e-02,-5.410041428734944924e-02,-1.069043161945221060e-01,-1.398233095384263380e-01,-5.634977101519148684e-02,-1.675553182591451307e-01,-9.206027092979779392e-02,9.020533661558889117e-04,-6.410552173724980152e-02,-1.251744719286591867e-01,-1.810815459303202757e-01,1.892563324785977164e-02,-1.443655129575618645e-01,1.200160796401300439e-01,2.754447504607301922e-02,-1.962007605206740890e-01,-1.930787016230127917e-03,-1.373015424212456204e-01,-6.136575624530304224e-02,-1.800927795723704927e-01,3.841039601626975580e-02,5.952354667621066048e-02,9.424849786768148274e-02,2.035253078864989462e-01,1.812986208352433681e-01,1.005835625404491174e-01,1.522416800627181821e-01,9.180970758708742463e-02,1.149441548895244608e-01,1.028457716922319409e-01,-1.832668823814721099e-02,1.127228959380130874e-01,-1.987103978321368841e-03,2.832415390139338476e-02,7.833533945839769863e-02,8.312327614845509138e-02,-2.408926053705006884e-02,1.661101130348677235e-02,8.391832042727383201e-02,4.713639215490789125e-02,-4.514760937848048133e-02,1.108172555972826434e-01,1.304228635357414234e-01,3.702620776292628313e-02,6.753702160038059510e-02,3.462372906096861797e-02,1.534006271660041075e-02,1.581658338096743679e-02,-7.673610266523102352e-02,-5.037426401373550078e-02,8.975284345419419496e-02,-4.895743736527761319e-02,-5.841006868381200430e-03,1.115160263545946356e-01,5.602543320895301410e-02,8.220541854957841288e-02,2.984491829631939763e-02,1.282242295542518340e-01,2.043559331532422696e-01,2.232302203829115428e-01,2.213190003288035002e-01,7.358651617507037945e-02,-7.246816290502045010e-02,-2.122174659591413437e-01,3.467479705102714110e-02,-1.714180017072340634e-01,-4.014708986349045661e-02,-3.078570796528555809e-01,-3.592124581421520801e-01,-2.532886782288166216e-01,-3.941981700935009991e-01,-1.630100552474497144e-01,-2.797740393452327612e-01,-2.726597062317668296e-01,-1.571711443383834728e-01,-2.332648913792680634e-01,-2.778935541026475442e-01,-1.216158473477939456e-01,-8.658685043457799158e-02,-1.133660062560787329e-01,-1.735263906559459113e-01,7.623676790886287080e-02,2.298031462989303664e-01,2.212739329377928221e-01,3.667169242024551634e-01,1.000000000000000000e+00,4.648389378210020517e-01,4.160620103826969673e-01,-2.002955621176854273e-01,2.262969097981586408e-01,-2.941804738211059034e-01,9.021622593576283933e-02,4.087733833609678569e-01,6.896016506534986823e-02,4.364898066737239457e-01,1.122529422796956083e-01,3.902889436728739642e-02,4.117836856601010675e-02,-3.183247596745684138e-01,-4.287802855324975293e-01,-4.224530815122347072e-01,-2.311562914781595257e-01,-4.222962478941072462e-01,-2.826851141054200767e-01,-1.988867477531332528e-01,-3.638471071610304697e-01,-2.218856365702214228e-01,-2.813534013174950887e-01,2.103940273021166485e-01,-1.403775794764380580e-01,-1.200839006393885910e-01,-1.660170257402148464e-01,-7.428085289686139903e-02,-1.061043914565242274e-01,-9.612254269179855426e-02,-2.906848868664813068e-02,-4.141455452311969265e-02,-1.466272550090381710e-01,-5.373986129449811328e-02,-8.916382809391810993e-02,-1.560565032509317329e-01,-7.158885367917827702e-02,2.578936070538343298e-02,-6.480809968080500361e-02,1.071677716432396614e-02,5.801664852197325334e-02,6.573052555756210384e-03,-2.017782668281891401e-01,-7.725363623116424105e-02,-1.144713048575510261e-01,-1.090601820441635950e-01,1.428913323041622330e-02,-6.541954855220066811e-02,1.354020894965720073e-03
6.301991546814815492e-02,1.694760800027215186e-01,2.278438702713391495e-01,-2.292006277884958421e-01,2.242194124158805868e-01,-2.290671704557944166e-01,5.192464048621415335e-02,-7.296545136624554839e-02,3.146020832347470181e-02,1.213858703148161175e-02,-3.693715354515901550e-02,-5.620443021986736010e-02,-1.324084721884496996e-02,-5.479813009542704345e-03,-1.035129057144984488e-01,7.880938244523995979e-04,-5.135044620478922822e-02,2.255084426516178187e-01,-2.302857224726650998e-01,9.615529788213096618e-03,-4.051859598931455836e-02,6.172629177774669601e-02,-1.276346861572479618e-01,3.974497255189813477e-02,-2.031879384945741926e-02,4.487623845677110590e-02,1.212318607249359692e-01,1.130980275383731831e-01,1.869145219572552336e-02,1.395071073599436495e-01,1.596526467648790304e-01,6.006088197779949067e-02,1.683551722685811547e-01,9.042136578129779390e-02,-8.733576900011826016e-02,2.818395446680736424e-02,-1.115840296756077238e-01,-1.592253091354263461e-02,-8.896018731097500576e-02,-6.721456211431257877e-02,5.850437416797554108e-02,-9.697204703187663200e-02,-1.390215191329625954e-01,-1.210242774803300531e-01,-2.504127609206775046e-02,-1.993008025016447249e-01,-8.926143177660876560e-02,1.584995780330665863e-02,-1.600328550667690780e-02,1.163728874383281910e-02,4.553626555888640876e-02,9.628274331873021286e-02,4.403804752216591151e-02,5.009021543924753461e-02,-1.230068204180560371e-01,-1.558175881527852080e-01,2.175614063105522217e-02,5.918621656494786609e-02,1.325948847588175605e-01,6.292976051334274110e-03,7.600495470564734568e-02,1.683212536354588007e-01,7.813361029740276131e-02,2.000551033419703806e-01,3.305157501176016199e-02,1.647009996118400099e-01,2.239697740452514518e-01,1.585405294433447909e-01,1.589819499231436006e-01,3.393403305349812493e-01,2.177437464408918111e-01,2.940523518715574824e-01,3.510899887616825699e-01,2.532888968551167408e-01,2.583687128191835547e-01,2.651042663045276582e-01,2.154939714773091708e-01,4.698344748824392902e-01,5.115223063066713927e-01,6.322479222045473794e-03,3.948218190674519512e-01,2.390237551623753121e-01,2.285299177088305489e-02,2.291829779841015047e-01,-6.068745365801072461e-02,3.660175434635190572e-02,-3.694028012634033020e-01,-5.801458509672526853e-01,-4.646259968140558083e-01,-5.371171272755697057e-01,-4.495865901220080230e-01,-4.201311422714998356e-01,-5.237672987482571152e-01,-4.164548411318995669e-01,-4.281446432509879441e-01,-4.073077728096536898e-01,-4.218404400351294381e-01,-2.097218919590907449e-01,-3.413858526003601956e-01,-2.685527171788984480e-01,-1.059533314129843806e-01,-3.794900251472439062e-02,-1.418052360480703171e-03,-9.232785881202788814e-02,4.648389378210020517e-01,1.000000000000000000e+00,4.937481395338468859e-01,2.149667455068980659e-02,7.556521616138794917e-01,-1.285241557609606566e-01,-1.025884581133330309e-01,7.359277684461621449e-01,5.236528209697328684e-01,7.360681748057574803e-01,3.803000913036864161e-01,1.481265431822956224e-01,2.973006844525218351e-01,-5.646776687497707670e-01,-4.649508436098659381e-01,-3.780066341474995761e-01,1.058186969669172861e-01,-5.920129169797970770e-01,-1.957684611381509121e-01,-6.223911420284059665e-02,-2.792799145231864011e-01,-9.014695248114973358e-02,-3.170093063775941689e-01,-1.252201452757512046e-02,-2.426023689885481172e-01,-2.462817482790699564e-01,-2.369391807585706500e-01,-1.713648389231421931e-01,-1.446922379207526144e-01,-1.526981308859927111e-01,-9.837928220082599318e-02,-3.497432464046901224e-02,-1.954653822803718854e-01,-5.107924132351273488e-02,-1.283675859486012039e-01,-8.922065247667110288e-02,-9.718269908468742113e-02,3.836319876537631207e-02,-1.623530621462506707e-01,-9.301275603401132352e-02,1.102705790912932582e-01,2.010630075397169120e-02,-1.520569636118540569e-01,-7.634126550553830583e-03,-1.049764272729508119e-01,-1.312970649944661672e-01,3.763381551410753534e-02,-7.667306092394433892e-02,-3.311534929243794417e-02
5.596742097016512568e-02,4.742557815998106607e-02,1.534125203054577391e-01,-1.471989114718050273e-01,1.526760386259198854e-01,-1.452341614424715321e-01,1.502145380782440032e-01,1.097688925502027096e-01,1.703298141141418864e-01,1.111746186727503166e-01,1.808541119127976271e-01,4.269455280729230612e-02,1.261451114644496392e-03,-1.804049350895890469e-01,-9.297007878152821481e-02,2.060720936764367378e-02,-2.801832479872259918e-02,1.500813370410752356e-01,-1.517214956510846424e-01,-1.402111591376172806e-01,-2.547123325947757162e-03,-1.025533280021845711e-01,-2.137376620452268172e-01,-7.472424899605947801e-02,-1.530275049947375787e-01,1.819241934826239249e-02,-2.160721535714969343e-03,-1.393589581690607426e-01,7.343221017299415626e-04,-5.977025434456743891e-02,-1.499825276046175965e-02,-7.481834809839696399e-02,1.957700691956349923e-02,-7.838142144749379869e-02,-1.043824569988363177e-01,-8.091740756521663414e-02,-2.618682880312509301e-02,-5.059231406406516918e-02,-1.025705590591864669e-01,-1.769006742403494981e-02,1.746834982400310710e-01,1.606972858425478184e-03,1.312075581010553882e-01,9.686379231830913317e-02,1.378354336278265480e-01,7.836726086641764011e-02,4.183399887988535626e-02,1.611457188026519938e-01,2.002576428316967527e-01,6.662850164716185852e-02,1.082702591857893915e-01,1.028524430193344524e-01,-6.335230579575784789e-03,9.453124030115922505e-02,-8.066511354848432055e-03,-6.965066838162076168e-02,-2.181339197899545834e-01,-1.090340659307417609e-01,-1.167758482841158435e-01,-2.014348279670234165e-01,-5.272836301617550743e-03,-9.285317004150840658e-03,-8.380092672489886096e-02,-8.044441752917250166e-02,-1.020790227044379855e-01,3.851316688099409163e-02,6.287551018456999374e-02,-8.459505525499216860e-02,-1.963463451685246858e-02,2.536388233554705968e-02,-2.553094211226206167e-01,-1.762299862591975019e-01,-9.487681418736065853e-02,-2.142256996043665762e-01,-2.835243892228161977e-01,-2.646922309063267642e-01,-2.214615018013850467e-01,2.391528287344760889e-02,4.192025731345236372e-02,5.587103653314867691e-01,-9.780845727500449283e-02,4.040126211474132784e-02,-5.482235837638793630e-01,1.900313774155397706e-01,4.099426412739284875e-02,2.602575833090705476e-02,-7.023429300799388653e-02,-1.853277084930705365e-01,-5.334317591660421576e-02,-2.131743666626927936e-01,5.091077078444309945e-05,-9.555305333417625502e-02,-1.151678299201416567e-01,-1.774133262507602282e-01,-3.339211302644385926e-01,-2.649469443052512307e-01,-2.964400418205245247e-01,-9.115318777082763446e-02,-1.909559286803908795e-01,-4.802996462298703834e-02,1.070406724174144952e-01,2.857123636597078131e-01,5.615890882853881161e-01,2.846361401380885225e-01,4.160620103826969673e-01,4.937481395338468859e-01,1.000000000000000000e+00,-5.417034447828393828e-01,3.917433751559117328e-01,-8.447031237365858480e-01,-1.896597608183488715e-01,7.037659511387084343e-01,-1.559227937263226449e-01,5.706839145738638042e-01,-9.930397784136790751e-02,2.730048867845160099e-01,-3.697253417726706348e-02,-1.029045995318202539e-01,-6.695779851121992365e-01,-4.889723432820324844e-01,-5.639202522860852218e-01,-6.968123462425463988e-01,-4.492030259993649577e-01,-5.044983100911367702e-01,-4.626557773852795208e-01,-4.100644745261176616e-01,-4.662838686940719568e-01,5.495039471746627768e-01,-4.004115021671272867e-01,-2.789998831068546403e-01,-4.286587906242467216e-01,-2.993135583939994793e-01,-3.018392330327143713e-01,-2.114783788306247858e-01,1.860768329916212202e-02,-1.271881659225270744e-01,-1.981449399968283065e-01,-1.510188112620255430e-01,-1.847386905217064390e-01,-1.706949050096869258e-01,-1.319427678524392467e-01,1.736183768955452131e-03,-1.201565176016801545e-01,1.511686635348905294e-01,1.535407324791595585e-01,-6.903434305093170131e-02,-6.279045183240869465e-02,-6.961708830539789505e-02,-7.374775298550226288e-02,-5.088535285733567642e-02,1.773816414807355066e-02,1.542952306692571378e-02,2.712302364037092947e-02
-1.561548626042475602e-02,1.453841672843006645e-02,6.562589328438330101e-03,-1.349304232216994894e-02,4.754797675222074277e-03,-1.672417068953130706e-02,-2.234600794278292224e-01,-2.540334786951966572e-01,-1.987184579139984197e-01,-2.257517556958388016e-01,-1.933845591264151675e-01,-1.115894290977143405e-01,2.972303777969391089e-02,1.517770693754702804e-01,-6.648202602345820722e-02,-5.985888006730831490e-02,-8.589641268793110629e-02,9.413659290110140340e-03,-1.501639378512499741e-02,2.055199725370727148e-01,-1.129304591188661916e-01,1.597890969286288321e-01,9.240226754148404831e-02,7.238157929678694369e-02,1.843767826689636791e-01,2.445964844860884502e-02,8.088386791574490864e-02,2.610808165480887899e-01,1.801728055519142419e-02,2.999384280898231281e-01,2.018989302218019144e-01,2.111898391086909355e-01,9.346399820048517659e-02,2.247967463533249999e-01,1.743273295739768969e-01,1.982222845051299365e-01,-3.429037407963096695e-02,6.319396667816463975e-02,1.317681816582021159e-01,-4.077580867503346855e-03,-1.602929896311568736e-01,3.570281707696267709e-02,-2.362421234109126078e-01,-8.723170555805784265e-02,-1.652084477720597855e-01,-2.017941946718921631e-01,-3.984664200929625109e-03,-1.466247137207860318e-01,-2.598803541942506512e-01,-2.306276750135456688e-02,-1.454268248204909075e-01,-6.319421343205768905e-03,-3.576431879255575607e-03,-6.820930392136183296e-02,-2.496868521171399444e-02,-1.520899045979526298e-01,2.630862035496275841e-01,2.294875670312660487e-01,3.455363701184223646e-01,2.160252856681189326e-01,1.411382813697813765e-01,2.938874662920940573e-01,1.715671797489196904e-01,2.952236363351500303e-01,1.480262265287211054e-01,1.714745573164214998e-01,1.005759450103556607e-01,3.016794256721955780e-01,1.964334900263353667e-01,3.255557493759126952e-01,5.087701021556809700e-01,3.672697817424303013e-01,3.730967089823920557e-01,5.177470551318247294e-01,4.519630799388521525e-01,5.581926489175542683e-01,4.744265888687100308e-01,3.129545873229223618e-01,4.508847177050391286e-01,-9.986802584327684196e-01,1.341617138431156486e-01,-2.653165075005596649e-03,9.989121323292744492e-01,-1.874017183305598522e-01,-2.120280294908791219e-01,-7.639556504766815970e-02,-3.087540883909810074e-01,-2.691748659681922340e-01,-3.339754963513349439e-01,-2.099344411898981799e-01,-3.589201168136553766e-01,-4.370660964591975561e-02,-1.106202128626909698e-01,7.037142147857171348e-02,2.433024310759173137e-01,1.148690316943000583e-01,2.041788236290378589e-01,1.594446813608223212e-01,6.762453588664248116e-02,-1.539336727361673152e-01,-1.202650659274182438e-01,-1.462050236500914147e-01,-9.981729184100294194e-01,-2.091499093829719547e-01,-2.002955621176854273e-01,2.149667455068980659e-02,-5.417034447828393828e-01,1.000000000000000000e+00,-9.198820935092155704e-02,6.154499312039167780e-01,3.301380271715595449e-01,-2.120587684847000387e-01,4.117989920543306259e-01,-1.736587932832345804e-01,2.135227147343856657e-01,-3.888842241546505152e-01,8.529153102295404520e-02,-4.206265381415924542e-01,3.809629711178926237e-01,8.545892582211044031e-02,6.171995456108131384e-01,4.238419988824884688e-01,2.534747054578949110e-01,6.757380719076117037e-01,2.843339541551314631e-01,5.657566199104097082e-01,3.427850493369130058e-01,-9.991925223398454570e-01,4.977935238025106846e-01,2.432642706732724980e-01,4.567860824392013797e-01,3.413610078527711811e-01,3.329977440249632381e-01,2.880730557193478814e-01,2.402079084355802571e-02,3.017627947237769281e-01,1.949745459482831456e-01,2.682904479878504556e-01,2.934752174998684349e-01,2.615608093537506451e-01,2.827137356432115611e-01,1.473209093497830913e-01,1.818899804820896804e-01,-3.128285215294319688e-01,-1.177865292640866007e-01,2.620977620469744362e-01,1.375185575782395808e-01,2.411622842079019502e-01,1.610205678841734878e-01,1.422888161073027624e-01,1.252075098795178698e-01,6.803244615632537962e-02,6.333150381384938798e-02
5.248847522482296551e-02,1.971448639226204280e-01,9.822472040829369200e-02,-9.595085626121366285e-02,9.609506841299270130e-02,-9.564948250931569473e-02,1.257166392009228806e-01,8.559932000879204306e-02,7.521769920463154679e-02,1.605654283552205575e-01,9.789312233025337928e-02,1.128337126669299029e-01,4.795261113460487501e-02,-9.011705022000397747e-02,-4.966849512849823983e-02,1.098294922722125588e-01,2.076863291105149334e-02,9.586010113861412330e-02,-9.699529508241715170e-02,-6.494136300451081034e-02,-5.983445765737312530e-03,8.592387437100158093e-03,-8.780778507784077480e-02,3.205857667353149282e-02,-4.297555689516364963e-02,3.814097835707629114e-02,9.545132510467413400e-02,-1.193225476159115103e-02,8.663453790272583263e-03,1.306285639875872928e-01,1.366310361136309770e-01,-1.711558807118758810e-02,1.446487962663689231e-01,2.793696167800436420e-02,-1.659740876515283792e-01,3.623623991902260710e-03,-1.075705163302895923e-01,-1.432335785542497054e-02,-7.703827606431018493e-02,-8.618297203458735734e-02,-1.163458792127754562e-02,-2.107554080377058991e-01,-2.506482466820270094e-01,-2.887998779607469091e-01,-7.054125148697577841e-02,-3.200120612937012443e-01,-2.072010155780400209e-01,-1.107272642280188596e-01,-9.259341082244225418e-02,-7.326191770935458480e-02,2.016466145037047741e-02,1.192911263741666950e-01,1.248589039635401993e-01,8.177683875499718036e-02,-2.528435766747279545e-01,-9.041835662443038768e-02,1.425473688651511250e-01,1.777651809650847570e-01,1.635646000952521995e-01,2.075100731367504892e-01,1.704117855649968094e-01,1.895048335313345989e-01,2.408173786044256470e-01,2.254068300166786332e-01,8.741462558638386782e-02,8.780800787679989006e-02,2.248112514153291497e-01,7.098528004227952493e-02,1.754915334706638186e-01,2.185381520820095791e-01,9.558894305998660856e-02,1.731645486655367938e-01,1.767725699980778886e-01,8.850124247040114245e-02,5.237151807913970752e-02,8.606475220906763257e-02,-1.110775980948830732e-01,3.797026902302028661e-01,2.203782684019691962e-01,1.029534366803305095e-01,5.572299711904983299e-01,3.283236883817436391e-01,-7.257167133653009972e-02,4.834312983125308438e-01,2.852658702705487270e-01,2.977278025184658117e-01,9.004638719964477064e-04,-3.095669638521739153e-01,-1.646043454831905561e-01,-2.307953293212644530e-01,-2.631293399518646048e-01,-3.643208640611184101e-01,-4.696739200426238159e-01,-5.230577088745682612e-01,-5.548531708804032014e-01,-5.734060303028735150e-01,-6.322723388418826085e-01,-4.189321178545761248e-01,-5.586884452429108361e-01,-3.936651978450441125e-01,-3.585347175312472712e-01,-2.388730099421215169e-01,8.759305285800787766e-02,-2.359840114080278828e-01,2.262969097981586408e-01,7.556521616138794917e-01,3.917433751559117328e-01,-9.198820935092155704e-02,1.000000000000000000e+00,-1.483121626636738598e-02,-6.006289372767729118e-01,5.587045086957267426e-01,4.237111727485565749e-01,7.212892487611987091e-01,5.816240747600538441e-01,4.978850237077634966e-01,5.891516247732143663e-01,-2.464356481170904001e-01,-3.417934898473790617e-01,1.431968241456268824e-02,2.186971358556954459e-01,-5.265508457678678145e-01,1.116726418543988603e-01,-8.107370024772671269e-02,-1.609737309978799269e-01,-5.987850698865853499e-02,-2.658770812925773663e-01,8.834593201084194047e-02,-2.552621138136348389e-01,-1.937381357849118357e-01,-1.940644468792510624e-01,-1.075007878083494989e-01,-1.525495972204823358e-01,-3.506315033245024915e-02,-4.944795104860982143e-02,-8.408584281465630861e-02,-1.181714791803829823e-01,-5.268160236236214128e-02,-1.458861414148703850e-01,-4.318086446831408826e-02,-1.451678371277987656e-01,-1.214533033638072190e-01,-1.087122931171626283e-01,7.520311717058300593e-02,1.000119194731084390e-02,-1.247460011569805072e-01,-8.882521922618889787e-02,-7.766713189701764108e-02,-1.227535223778462165e-01,-1.437596502079864780e-01,-3.941356449796468847e-02,-9.372462783336146797e-02,-5.095002773284554309e-02
-6.138137207956507330e-02,2.619908497188666585e-02,-1.106311565927981938e-01,1.035866251923374393e-01,-1.109311426095725417e-01,1.015068102247199677e-01,-1.371266073915069772e-01,-1.160385107794303650e-01,-1.792159250101868773e-01,-7.932542446181543860e-02,-1.748574008521333323e-01,-2.778054038223274833e-02,2.582972083504051983e-02,1.886893968980405956e-01,4.802810559091254955e-02,1.810474311048520732e-02,3.414859337218037472e-02,-1.074160479934433143e-01,1.080744114996477212e-01,1.388549022074792305e-01,-8.512105511674989550e-03,1.278787146069886582e-01,1.933016370493181035e-01,1.293493630927923799e-01,1.376519570110983914e-01,-7.361832054775332285e-03,7.556411791653094845e-02,1.591945609443577159e-01,-3.323245428264557516e-02,1.454095561809209403e-01,1.249284400932266503e-01,8.005838737916531889e-02,6.317029547874951356e-02,1.280582961898333594e-01,3.737772629278627440e-02,1.237898533271257762e-01,-2.596158649625615253e-02,2.831985104835903211e-02,5.389801310107449756e-02,-3.014003908434818857e-02,-1.951127683742791552e-01,-6.052789380290093252e-02,-2.622511440380664860e-01,-2.277412607872265349e-01,-2.060709640970539436e-01,-2.343870813332195324e-01,-1.409225761496207263e-01,-2.239278549384434991e-01,-2.643920128171182160e-01,-7.195527860476967630e-02,-8.078945564691451808e-02,-2.885346324987811753e-02,6.219724562637073823e-02,-4.830246149529097976e-02,-8.552878958883475269e-02,2.528062015093278728e-02,2.932362890074917683e-01,1.971672960023066190e-01,2.097825730780141784e-01,2.832364930864260666e-01,8.884655047320437482e-02,1.141658711491276013e-01,1.805505348198633564e-01,2.095555734107913404e-01,1.564944893969983097e-01,1.613796890447859568e-03,5.008011070549456267e-02,1.621299551606804334e-01,1.150526870347386293e-01,1.029205517351433063e-01,3.976921161218492928e-01,2.988708368189280651e-01,2.418450645539876043e-01,3.724584702949689796e-01,3.764418379892500721e-01,4.215267989907575674e-01,2.740550779989348595e-01,1.917725074678640340e-01,1.516753935427126998e-01,-6.262940474578403416e-01,3.772457251541406209e-01,8.446034152539512452e-02,6.286069024755869261e-01,-1.321631676026401372e-02,1.031542057013071570e-02,9.691197493286700382e-02,-2.835560914186800383e-02,-2.484458959888024426e-02,-1.180528575110405543e-01,3.720950395120996984e-02,-2.065500861488289153e-01,-7.621776255286075163e-02,-1.246658535759774533e-01,-2.526508849651601732e-02,1.495621787485153509e-01,2.563779281657843287e-02,7.331835769723923923e-02,-6.638420209012220463e-02,-4.254867151624784627e-02,-1.445137525258431976e-01,-2.916900585331820839e-01,-4.163660982611128714e-01,-6.355546466967014752e-01,-3.936656921686865207e-01,-2.941804738211059034e-01,-1.285241557609606566e-01,-8.447031237365858480e-01,6.154499312039167780e-01,-1.483121626636738598e-02,1.000000000000000000e+00,4.542283411345968830e-02,-5.356426553182371819e-01,4.296501375346611362e-01,-2.875961048537912235e-01,3.702952384009066678e-01,-1.282067475369807197e-01,2.963222100634261280e-01,-7.950752722761021685e-02,5.640127339855092181e-01,4.626612970860409235e-01,7.515735337471680655e-01,5.185474241644759674e-01,5.059060795874698035e-01,5.796984150543659231e-01,4.130518562836343333e-01,4.393317321271232312e-01,3.888468365689018436e-01,-6.234142836446133762e-01,3.483211224234096237e-01,2.473899685099359980e-01,3.776790364851589921e-01,2.992973077115142488e-01,3.005931378904379003e-01,2.174338497513421953e-01,-6.789577779881153519e-02,1.222670451977801304e-01,1.482953751680986809e-01,1.343763790470991759e-01,1.544801293643568441e-01,1.647580362822576860e-01,1.092440542075281268e-01,-1.265243027893852602e-02,9.481974673556703426e-02,-1.705728281072120545e-01,-1.480211566007630930e-01,6.123982338327799146e-02,4.421682309040207010e-02,8.151879489616879748e-02,3.698608974808302585e-02,1.466713037266596624e-02,-4.021575368241729100e-03,-3.725826603064431863e-02,-2.047502990301124787e-02
-4.583559877808317251e-02,-1.010112095868245935e-01,6.711087929078254910e-02,-7.492283971851483593e-02,6.701984811574879242e-02,-7.631130656117428301e-02,-2.052042584425200766e-01,-3.147691593373969088e-01,-1.621354072663960810e-01,-3.424905389325663130e-01,-2.609761685889036009e-01,-3.198638945090506724e-01,-6.080529066934867860e-02,2.003464891979962748e-01,-9.920256049119093034e-02,-2.400989417248253210e-01,-2.039872521023538277e-01,6.657357371624413045e-02,-7.612784092278039594e-02,1.032196922383241816e-01,-8.480902965718606357e-02,3.831037383959222387e-02,-1.568810963343092446e-02,-4.912909112244449872e-02,4.612313845527926150e-03,-3.802490276126553603e-02,-4.660620829821335298e-02,1.460204682931255105e-01,1.068137384635399652e-02,5.796137162339110027e-02,3.756172687097004276e-02,1.446194931504903303e-01,2.510806906221172904e-02,8.539036252497560209e-02,1.444456274486706771e-01,5.029995186779576827e-02,3.773702136568651225e-04,-9.900045920088062709e-03,2.784939449965030678e-02,1.157918925366280445e-02,3.597792538834409387e-02,1.543916670105823230e-01,1.316004569493455234e-01,2.647638789896630263e-01,7.268245476069851163e-02,1.643325195221727042e-01,2.593039204287307387e-01,1.619182610606439143e-01,3.212471756438700643e-02,1.400655052887934959e-01,2.609718532744355595e-03,-4.283686850360872433e-02,-1.398929898772434954e-01,-1.391069822178716275e-01,2.092653582053652095e-01,-8.072566397124091020e-02,-1.969894934023472266e-01,-1.997151644527741521e-01,-9.602965575917035701e-02,-3.459775706848330912e-01,-1.736075105892729842e-01,-1.035105378217087840e-01,-2.877270513810816222e-01,-4.991519182185968212e-02,-9.501688485590223388e-02,8.292121716423274391e-02,-1.123055999872847321e-01,1.919819915311828662e-01,-4.735419604578341296e-02,9.764168512247792253e-02,1.970406205091409513e-01,1.332684268901630498e-01,2.393151572785739700e-01,3.116274511364508504e-01,2.642876227730191485e-01,3.500727262071998691e-01,4.772511060715531328e-01,-4.703693961923157557e-02,3.325316404686532445e-01,-3.124362735798935087e-01,-3.921653604790776848e-01,-2.382839087620833018e-01,2.987726471423476915e-01,-5.524862516501061194e-01,-5.285250965098321485e-01,-3.753948875116698281e-01,-4.590133002042272592e-01,-3.094358937321010083e-01,-3.453477629222125866e-01,-3.279380806575797336e-01,-1.904281751281428903e-01,8.242442755636361640e-02,1.422516655270446295e-01,3.241940797321011813e-01,3.793574898630878711e-01,4.015017769516934232e-01,5.058793994567483132e-01,4.167028337560281237e-01,4.745802647066983959e-01,3.263991538901827028e-01,4.497532467935484446e-01,3.172510706865065422e-01,-2.974967497476645462e-01,2.644358386445225251e-01,9.021622593576283933e-02,-1.025884581133330309e-01,-1.896597608183488715e-01,3.301380271715595449e-01,-6.006289372767729118e-01,4.542283411345968830e-02,1.000000000000000000e+00,4.460157109763251970e-02,1.976777311753823985e-01,-3.407630718392218316e-01,-4.837892334576750497e-01,-7.524003102084285688e-01,-6.300020028355560742e-01,-4.235668125731696931e-01,1.668098322896581498e-02,-5.116959147908632932e-01,-8.677951088025327719e-02,1.349275977927478776e-01,-3.906515331191280915e-01,1.860170995997134091e-01,-8.593228498338745247e-02,9.309642177272274555e-02,7.278613967638160320e-02,-3.129414173501860463e-01,1.911557436212983629e-01,4.253642591915497706e-02,5.998630796150571792e-02,2.700120561567380048e-02,8.865129076975386546e-02,-5.523894956236694714e-02,-5.308431204934710435e-02,1.221844151751536045e-01,-1.266840774322637066e-02,6.720192005372310762e-02,1.195767011868034413e-01,-1.069620979896367813e-02,1.548520712483967832e-01,2.483229931400601498e-01,5.804658839732373780e-03,-2.861511797585255534e-01,8.758447028073400309e-02,2.643167069411007097e-01,-8.150735565385921338e-03,1.355770172076553870e-01,1.241176881425457984e-01,8.566778443537299836e-02,1.387487315041006919e-01,8.421537042733776013e-02,7.780909111060305139e-02
7.204788682306620395e-02,1.127665733115573860e-01,2.060815992171431688e-01,-2.055110725361043722e-01,2.050523427925737829e-01,-2.042803985782261911e-01,1.128519765901910554e-01,-5.615958858790828095e-02,1.090803571744980160e-01,-2.908429398688474124e-02,2.064507349992415752e-02,-1.164983332522012832e-01,-2.615770556327075280e-02,-6.941713828538373376e-02,-1.529022900943203256e-01,-7.915695625269042468e-02,-1.180056676133146576e-01,2.041843282815226646e-01,-2.093255423950727001e-01,-8.639054893465923646e-02,-6.767326120176607451e-02,-2.774158345768774903e-02,-2.185672832287622880e-01,-8.995602625961766907e-02,-1.059656107057985741e-01,1.202257626368665247e-02,9.402996723404818957e-03,3.901690009744859799e-02,7.052976702984807555e-02,8.316705322620415730e-02,5.772567517236515400e-02,5.216614011046692700e-02,8.898052313509317857e-02,-2.880432460391132293e-02,-6.389698888117781306e-02,-6.825906624235041076e-02,-7.978414301804559461e-02,-5.147741281801874319e-02,-4.737229201054545674e-02,-7.152397082510998649e-02,1.313421091176951716e-01,-1.118935907210714259e-01,-7.666356815310656266e-04,3.493467147605431450e-02,1.506743290060698903e-01,-8.083782506050227190e-02,8.381144417761027254e-02,1.575201578849946826e-01,9.297950414987672663e-02,1.097882044201888979e-01,5.635017097367697042e-02,1.202121356366425281e-01,-3.694129528527328316e-02,-4.114576832959182529e-02,-6.545517003139329770e-02,-1.372685506436452374e-01,-1.734328465831377064e-01,-8.962366390628165314e-02,-6.358655043750889579e-02,-1.979576970552028303e-01,-2.531186334580667538e-02,1.934486918579508483e-03,-7.671281141678842896e-02,3.177021343433721751e-02,-7.688969275788536117e-02,1.543052075394212297e-01,9.214139370487114955e-02,8.343173547950986924e-02,3.318935557999353608e-02,2.081990974368847780e-01,-3.435058875275872562e-03,1.056951386261752862e-01,2.414933690472359507e-01,9.847195149123941227e-02,6.994014465269238201e-02,1.160233718532795721e-01,1.026282487489151296e-01,2.902760227449182606e-01,4.015798741192225796e-01,2.423550458454180601e-01,6.739068067340722723e-02,1.628197882873272384e-01,-2.215249062399864410e-01,9.275003048868268873e-02,-1.118743570108124558e-01,-8.142538153440720405e-02,-3.071240593386779238e-01,-5.540632480231469925e-01,-3.709843178736456637e-01,-5.053790771798311043e-01,-3.085551397612722457e-01,-2.845807579253627484e-01,-3.396324169915750368e-01,-3.172990898577266461e-01,-3.888316602693247526e-01,-2.720702160138148140e-01,-3.172494050570838220e-01,-5.853617458661919404e-02,-1.639288474845582710e-01,1.608336439904783097e-03,1.722881679983042369e-01,2.195272255046656906e-01,2.431963501120605886e-01,1.273737616373909753e-01,4.087733833609678569e-01,7.359277684461621449e-01,7.037659511387084343e-01,-2.120587684847000387e-01,5.587045086957267426e-01,-5.356426553182371819e-01,4.460157109763251970e-02,1.000000000000000000e+00,3.689823988046393999e-01,6.825519838670831563e-01,1.462677950511602487e-02,2.862561952794350634e-02,-4.103033338541708930e-02,-5.286527874433910590e-01,-6.883674008851210502e-01,-6.260975155094763434e-01,-2.682064146001033045e-01,-7.408325200548259160e-01,-4.633078223109689531e-01,-2.760945037152395809e-01,-4.416489329761008054e-01,-2.207615933870779035e-01,-4.404008368083180969e-01,2.250590861610843874e-01,-3.370881042471033373e-01,-3.240486455559565826e-01,-3.674541385484220712e-01,-2.886923847190933090e-01,-2.759411883279325739e-01,-2.411021042592405572e-01,-7.441173250302927922e-02,-9.656652639438960406e-02,-2.517197561591906219e-01,-1.249248375633573716e-01,-1.883838726869238867e-01,-1.916532573375120674e-01,-1.340724132349307429e-01,7.309899600483088511e-02,-2.080990002370452507e-01,-3.322298156038840100e-02,1.993376251831245893e-01,1.348264075436467029e-02,-1.347731672713394224e-01,-1.005655580637484191e-02,-9.532123109786348747e-02,-1.043622540919063313e-01,6.689896770906061940e-02,-4.740851964427723886e-02,-1.279471774704695917e-03
-5.291429655582959718e-02,6.851931301591265844e-02,2.105586697367821045e-02,-2.994591325095338416e-02,1.894360080845321551e-02,-2.951799037516900787e-02,-3.991297601399607792e-02,-2.470016013481407258e-01,-6.015694625781609767e-02,-1.476278283421897375e-01,-2.400104836482596371e-01,-1.947736752773363833e-01,-5.156527957108597571e-02,1.866653377193585872e-01,-7.922383818843323211e-02,-1.349168732534417048e-01,-1.182339081291919891e-01,2.303872338691391117e-02,-2.838852257544475025e-02,3.722640698789058539e-02,-1.140373900529152579e-01,6.911387786416543777e-02,-1.868574799338657000e-02,-1.426744517333701620e-04,3.622604844284657566e-02,-2.757231328729060557e-02,4.930243906674110915e-02,2.068121429267742728e-01,-1.675333815456540518e-02,1.957005198448649730e-01,1.856159771192298635e-01,1.253259133493161148e-01,1.464691030704017294e-01,7.554059998944015475e-02,-5.955840251565733268e-02,7.022493100473811006e-03,-1.653895641016726037e-01,-9.188697706209009164e-02,-3.365125058602378566e-02,-1.375481714919436771e-01,-1.275681364326537448e-01,-1.747827881317020049e-01,-2.228712174681575509e-01,-1.980469088250333687e-01,-7.012836896922286511e-02,-2.945548618662912066e-01,-6.806322077139657922e-02,-5.074760958615524148e-02,-2.074555075553471128e-01,3.312490041190827017e-02,-4.219723940559260561e-02,4.829178362431311294e-02,-3.569897535314226628e-02,-1.317251809453211797e-01,-1.198283020148541433e-01,-6.677119803351792837e-02,3.189857945285565211e-02,5.574949414812228193e-02,4.973130405473320803e-02,2.187096149205688608e-02,1.728124800226241153e-02,6.349153725018388816e-03,4.458467545114806058e-02,2.393078569747641993e-01,5.117381341133954431e-02,1.297844810007527383e-01,1.085436844084988195e-01,2.253781087977966280e-01,1.174005243861312303e-01,2.877884818576394443e-01,3.844814509944651792e-01,3.756856830610255105e-01,5.379146887169783398e-01,4.814986411406535494e-01,4.517647480328735865e-01,5.909775871673649261e-01,4.179192029130977537e-01,4.729230525312763112e-01,5.628911676259451546e-01,-3.937634902639945422e-01,3.394606125406667840e-01,1.703372773395034345e-01,4.108281296899049528e-01,-1.957282181150528030e-02,-1.663215012529863368e-01,-2.961671602917280779e-02,-3.560650085775160512e-01,-5.439373368213976656e-01,-5.225421257131674935e-01,-4.439960542595841053e-01,-5.161009931342858126e-01,-2.774467943166399886e-01,-4.031530160446552546e-01,-3.147239313598859112e-01,-1.883509850841847966e-01,-1.919031862956614709e-01,-1.746459611900453845e-01,-1.338818337452249707e-01,-1.086497988976573986e-01,-1.352888571567268002e-02,-9.569677226393543193e-03,-1.242734562884988264e-01,-3.992343336523075381e-01,-2.102918884925996656e-01,6.896016506534986823e-02,5.236528209697328684e-01,-1.559227937263226449e-01,4.117989920543306259e-01,4.237111727485565749e-01,4.296501375346611362e-01,1.976777311753823985e-01,3.689823988046393999e-01,1.000000000000000000e+00,2.411911897873877941e-01,2.999080566587358776e-01,-2.393120669628898967e-01,1.154656511452039069e-01,-6.007848756552496283e-01,-6.290772224962369596e-02,-1.868128208820074854e-01,4.797999158614787429e-01,-1.661252676319598109e-01,1.823082810154301805e-02,3.554686343546029081e-01,-7.112786930223828630e-02,2.008434866588294232e-01,-6.097555653834216272e-02,-4.068212458294864775e-01,7.459312117947862475e-03,-8.645541971056862340e-02,3.159473511656293171e-03,-7.578212921966394344e-02,2.658251343716567378e-02,-1.361020667107651072e-01,-1.492580497189621158e-01,2.862950630386442916e-02,-9.351424653365596196e-02,2.934070601434680264e-02,-7.085210338626968252e-03,-1.559782032205284889e-03,-2.047240369096689494e-03,9.022117984146685310e-02,-1.075246805285923896e-01,-2.349487874908541829e-01,5.423994716558727669e-02,8.429887809899622164e-02,-1.078289599801564580e-01,4.972884369738873184e-02,-7.687725991464228192e-02,-7.325445396194968373e-02,4.317406264841935210e-02,-7.065426513439738987e-02,-4.381949370837125851e-02
8.332248215169434091e-02,1.696307611292920681e-01,9.413738351482717204e-02,-9.473891956903440770e-02,9.154459827496498614e-02,-9.389947218459478162e-02,7.995405906199824775e-02,1.712570364918275870e-02,6.338177926145692476e-02,1.138266136020207320e-01,6.576343421791261412e-02,3.367605901147537745e-02,-3.346919088565684149e-03,-8.169489687681744106e-02,-6.123422239666697492e-02,9.387660024746355414e-02,1.299574523145729035e-02,9.387300014140238791e-02,-9.509836987089757832e-02,-1.109650387612717282e-01,-1.140132907831526432e-01,-4.795129987779040565e-02,-1.927040812667844827e-01,-1.333880144982210400e-02,-1.207120256745550374e-01,-4.964313743301008997e-02,4.622317085156787964e-02,-9.043272839216492942e-03,-6.210220231104292277e-02,3.031177073463416083e-02,1.143936152350548408e-01,-1.026012365619927424e-01,1.505411611998663246e-01,4.850455634186686543e-02,-1.746535001560437783e-01,1.711991453936313398e-02,-1.390443082663180840e-01,-4.086574244607634604e-02,-1.337283643708920833e-01,-1.005219063088297060e-01,3.751899622424797326e-02,-6.986206741637970841e-02,-1.304497982492464764e-02,-6.830644649493135268e-02,3.091654101701266089e-02,-1.101074923442884601e-01,-7.539352567999955956e-02,4.185303765665007725e-02,7.846684529487543691e-02,-6.284779259343245550e-02,-2.610212553200547212e-03,3.842498239949547478e-02,3.174336927476341386e-02,-1.802378630132939197e-02,-1.510395752568004235e-01,-1.618003086337665430e-01,4.070866079290501316e-02,1.161559620494563710e-01,1.301026850902695653e-01,7.382186373551763436e-02,1.793081227226100693e-01,1.896904076762610802e-01,1.977549893349898058e-01,1.622131360614787188e-01,8.503768761949888344e-02,1.606720757148479006e-01,1.747852768290777681e-01,-1.523300946751682261e-03,4.298526182504078252e-02,2.070305331262690118e-01,4.744806538483696719e-03,1.507055314473051688e-01,2.535335924191912116e-01,6.330355390162747953e-02,7.604949559748241938e-02,1.063850975144467886e-01,-1.362399452202647278e-02,4.663926649678504788e-01,3.386459434778424371e-01,1.922092464830066627e-01,4.341708391897098340e-01,2.501847200398559234e-01,-1.644289975133832182e-01,4.175725781939481074e-01,6.124786424090237352e-02,1.349582111015264763e-01,-1.657924292239713604e-01,-4.156501608287346827e-01,-2.791961081504069631e-01,-4.045509229263006823e-01,-2.843515953675553321e-01,-4.652249430472129577e-01,-5.086076963834316178e-01,-4.463703788315872001e-01,-4.783303825428196765e-01,-4.863202257839218667e-01,-4.349740329753066792e-01,-3.195434570413616671e-01,-4.044951554620384582e-01,-2.796365869569048535e-01,-1.876998845272431493e-01,-9.651169946442116065e-02,1.824320145159005757e-01,-9.337898513416612034e-02,4.364898066737239457e-01,7.360681748057574803e-01,5.706839145738638042e-01,-1.736587932832345804e-01,7.212892487611987091e-01,-2.875961048537912235e-01,-3.407630718392218316e-01,6.825519838670831563e-01,2.411911897873877941e-01,1.000000000000000000e+00,4.735261551776541178e-01,4.787750456717503322e-01,4.716719165080825449e-01,-3.394910997417222576e-01,-5.667597045383311327e-01,-2.577185785789024020e-01,-3.598837717757516486e-02,-6.227815459831261835e-01,-1.308311565424037648e-01,-2.159340286778395346e-01,-3.563061610718436523e-01,-1.925956140639721870e-01,-3.995931265034067259e-01,1.750536245383061407e-01,-2.761710936094240454e-01,-2.323377227321520022e-01,-2.197006130685829062e-01,-1.590612241824699569e-01,-1.169427590989397109e-01,-1.133353084959643625e-01,-9.082390050153001104e-02,-4.040406161448020783e-02,-1.966549770700396771e-01,-1.423913339523034949e-01,-1.479553173386026210e-01,-1.341138589131255499e-01,-1.156244103289216091e-01,5.828995203135613375e-03,-1.280042021971183053e-01,7.086873507199137334e-02,1.244304313076503993e-01,-5.863167805512307235e-02,-9.579642461485415872e-02,-4.490742588298964055e-02,-9.791638260562937623e-02,-1.033897427918530065e-01,-3.876804538576973137e-03,-1.078647622936883960e-01,-4.055326900288500069e-02
1.438613958428358076e-02,4.369438064841714431e-02,1.210066025976379578e-01,-1.253473787660812633e-01,1.181941492207684297e-01,-1.253677455578827704e-01,-5.038880709954413756e-02,1.254615927518125569e-02,-7.493288292426227015e-02,1.319786245986253881e-01,2.687754301320930544e-02,1.108260759853276628e-01,1.254966560509272917e-02,-2.323228161885580387e-02,4.637857279760859014e-02,1.579656486140763039e-01,1.381462714229720889e-01,1.233829641968908070e-01,-1.222606999930532512e-01,5.044094714713303479e-02,5.098495914346463931e-02,6.304443181745228442e-02,4.407958046052325857e-02,1.199009545324429687e-01,5.988923564484876366e-02,7.616038149439488016e-03,1.146326651868547486e-01,7.464964690033633332e-02,-8.989537951031914553e-02,4.431839620071175573e-02,1.487524945898153761e-01,-1.198788561540621855e-01,1.459694642735933912e-01,1.463268338537913327e-01,-1.514861204507405579e-01,1.186512346910790217e-01,-1.127713211036402985e-01,-5.260276871753077205e-03,-4.859386509806985777e-02,-1.115743260132938570e-02,-1.000545593390147342e-01,-7.262008132941269456e-02,-1.541309485231387166e-01,-1.896430161210473919e-01,-1.104827270859664590e-01,-1.867115348977519962e-01,-1.779903127829815801e-01,-1.240129746915062253e-01,-1.289000553114146297e-01,-1.364379642804346981e-01,-7.884543392036610920e-02,-1.370632065781444454e-02,2.109431068163191425e-01,4.310022956191036925e-02,-1.925073061803611874e-01,-7.703623142990256856e-02,4.190200216193262772e-01,3.744242004893435505e-01,3.936203966911432373e-01,4.990379891607694129e-01,3.339322433242355448e-01,3.795328116496175519e-01,4.586620286274922242e-01,3.408611608091840495e-01,3.221885985678785147e-01,1.002854563421345241e-01,2.618073933384698071e-01,4.648835639225994132e-02,1.774490463683933705e-01,2.139125797863025424e-01,2.380538238799014272e-01,3.246219316850592063e-01,2.588848982246357289e-01,2.676905722772449647e-01,2.489509986293004240e-01,2.628234743552634867e-01,5.440748374486598787e-02,5.007669131478539315e-01,2.025638141278112980e-01,-2.107331687396529485e-01,7.195047535465347588e-01,2.819454386857657147e-01,2.355357677529861526e-01,4.614753070096398457e-01,2.274111259049809153e-01,2.500577615723221236e-01,-4.358349271136632147e-02,-1.062389970212489626e-01,-1.330473610706842669e-01,-6.531313412492108228e-02,-2.653749205967511071e-01,-4.285447347785448224e-01,-5.339184398982383950e-01,-4.336069819918774160e-01,-3.756656099777756497e-01,-3.975393002050683355e-01,-3.741039253643163032e-01,-4.404545248322420670e-01,-4.628885518943979260e-01,-4.504317241391648241e-01,-4.984768212908751162e-01,-4.523124554398195163e-01,-2.321622982532235979e-01,-4.640223907201610487e-01,1.122529422796956083e-01,3.803000913036864161e-01,-9.930397784136790751e-02,2.135227147343856657e-01,5.816240747600538441e-01,3.702952384009066678e-01,-4.837892334576750497e-01,1.462677950511602487e-02,2.999080566587358776e-01,4.735261551776541178e-01,1.000000000000000000e+00,4.470815740669242810e-01,7.955753266195354501e-01,-1.476496417260298177e-01,1.747990009942683998e-01,4.438573967882790128e-01,5.997837297657281352e-01,-9.051053375112372897e-04,5.313112194006044398e-01,2.705105676868813647e-01,1.407675048087574099e-01,2.022856193533846270e-01,3.574190787173405631e-02,-2.209644063463088448e-01,6.940863317048935610e-02,7.311199683432810514e-02,1.835216735228881457e-01,1.288710677979596209e-01,5.373715382083590203e-02,1.497821768655918095e-01,-4.557913568102159307e-02,8.253482414029782166e-03,-3.464632944313932733e-02,-8.900633628861695382e-04,-8.452270003759709827e-02,2.917092160937936537e-02,-1.041014505412903718e-01,-1.357530802639578260e-01,-5.166299618880870748e-02,4.656833466501109769e-02,-6.102008432221343870e-02,-1.342885110293798590e-01,-1.171200563400175698e-01,-1.068183860125585111e-01,-1.590681315695502418e-01,-1.409139541291223041e-01,-9.907478765036230317e-02,-1.242186837344720907e-01,-1.127766102619315175e-01
-1.791795881972124129e-03,9.978766574723722804e-02,-1.745835922343356994e-01,1.768841996240604897e-01,-1.749489369545922102e-01,1.781987575545477542e-01,1.057844452078106484e-01,2.113866124107051658e-01,6.232815551253816089e-02,2.481184468230953899e-01,2.005048288971806869e-01,2.246550475497215427e-01,6.462668288135407779e-02,-1.395860883165077060e-01,1.198492138795744823e-02,1.884535413944652960e-01,8.239605316855413975e-02,-1.751948113712552824e-01,1.771057799069292449e-01,-2.511793794525963297e-01,-1.212344314375110588e-01,-2.004434087422734267e-01,-1.339657403204286001e-01,-5.764032208342168700e-02,-1.527565317651026489e-01,-9.846798161494892121e-02,-8.092654541191419970e-02,-2.553807889217201144e-01,-2.030957782930196409e-01,-1.434201843473718319e-01,-6.446820693752147724e-02,-3.070679269511448761e-01,-8.144666053318934396e-03,-4.675127644964496842e-02,-1.930030326140579067e-01,7.900754722077955872e-03,-7.650112793816271628e-02,-1.621605023867269540e-02,-8.466848913391564202e-02,-7.395586275299005641e-02,2.854864215461545840e-02,-9.245795424741190538e-02,-6.381282378492783569e-02,-1.487394384145388770e-01,-4.421282776885656490e-02,-8.932969522793568484e-02,-1.838836092731580829e-01,-1.017715957817395545e-01,4.235312711398195318e-02,-1.715887192504108316e-01,-3.562518439193785701e-03,-4.523483155020002061e-02,7.748206376933923500e-02,4.887532558872806354e-02,-1.583916281304899865e-01,-4.932471731810679494e-02,1.212260875043889435e-01,1.878705560889131487e-01,1.477789074686175486e-01,2.561788900179363115e-01,2.333946129047798912e-01,1.583943393594242910e-01,3.022669303381613215e-01,6.491674888046268521e-02,1.042364870243402408e-01,-9.997743504193955244e-02,3.234790318750960236e-02,-2.968414287283155928e-01,-1.115496274740392368e-01,-1.351346701018166230e-01,-3.146141877332567227e-01,-1.971049521242277669e-01,-1.580433125041016684e-01,-4.169936300143580743e-01,-3.318094655150577998e-01,-3.305536010904489563e-01,-5.031813695315041635e-01,1.225063734662843462e-01,-2.070116097234434571e-01,3.750546748271152420e-01,4.798984904690742903e-01,3.597447754982412982e-01,-3.606646723117601372e-01,6.756309264954084570e-01,5.022024327367339280e-01,4.377501437192097833e-01,3.554467367239483311e-01,2.370385744630736369e-01,2.212799809117551308e-01,1.991108221486702634e-01,1.049885207392837055e-01,-2.289538020345720237e-01,-2.655726367813106004e-01,-3.578934174951299840e-01,-3.907095326535475199e-01,-4.753374621040018511e-01,-4.960767015798105417e-01,-4.919136646986161931e-01,-4.776913959806533549e-01,-2.798638970116790192e-01,-4.317445023895500333e-01,-3.735973329327808012e-01,3.605974618711151880e-01,-2.184937629980863438e-01,3.902889436728739642e-02,1.481265431822956224e-01,2.730048867845160099e-01,-3.888842241546505152e-01,4.978850237077634966e-01,-1.282067475369807197e-01,-7.524003102084285688e-01,2.862561952794350634e-02,-2.393120669628898967e-01,4.787750456717503322e-01,4.470815740669242810e-01,1.000000000000000000e+00,7.005425022614087949e-01,4.493709448557914876e-01,-2.297370922273216931e-01,3.997814081067372349e-01,-2.307774513837080460e-02,-2.834838925148605027e-01,3.109625304455960193e-01,-3.290930918082648482e-01,-1.108359901271787767e-01,-2.290446115390779303e-01,-2.122871900206862728e-01,3.736064793364764491e-01,-2.207545776492666478e-01,-8.881415576680722068e-02,-7.582916352944085725e-02,-7.644278631444585692e-02,-7.812116213187435612e-03,4.119260015982362938e-02,7.322324892066148228e-02,-3.739512760291251355e-03,4.150305088795869235e-02,-8.099394471745957613e-02,-5.255886757438977402e-02,-6.506575790358689639e-04,-7.926895049305344998e-02,-1.683427920343257278e-01,6.546530950887737010e-02,2.808258900807719671e-01,-7.685955121589611860e-02,-1.698506437363674071e-01,7.145295253105073130e-02,-9.435241085777928971e-02,-7.788648397697096881e-02,-4.936923036465119818e-02,-5.416111820945277572e-02,-6.056728470127785424e-02,-2.344656074377911986e-02
2.935562307110202787e-02,1.197229882222137082e-01,-1.021336797102496280e-02,1.195518792797269948e-02,-1.247347750811817445e-02,1.196079209657200867e-02,3.650332178661550020e-02,1.378344191131908592e-01,3.939112151781083183e-03,2.025321751538817494e-01,1.174951357378724304e-01,2.081667719865296085e-01,6.739370143000104896e-02,-7.426177980856495109e-02,4.438223330912998560e-02,2.264149485421205199e-01,1.109503642987027111e-01,-8.566443919861112602e-03,1.158415985858940282e-02,-5.058180849358696884e-02,-1.959457709470074221e-02,5.091096389706464831e-03,-3.425940603070440349e-02,1.009544447861898397e-01,-3.521193220969597373e-03,7.863911099298688534e-03,1.215219423120348641e-01,1.459102155251369194e-02,-6.480785545732019315e-02,4.972910892294261226e-02,1.160859084156437016e-01,-1.459339656351588133e-01,1.156335098364527636e-01,7.983632582609555273e-02,-1.998128530685468474e-01,7.976894295719079431e-02,-9.859874278446403850e-02,3.747709863609863246e-02,-1.277557045257318030e-02,-5.248678986376906913e-03,-3.148369951822289209e-02,-8.165355047742452188e-02,-2.044452337718598856e-01,-2.163395374707068886e-01,-1.466263658564756489e-01,-2.279822880044213851e-01,-2.207795656538411311e-01,-2.005432273442625535e-01,-1.667446750963777202e-01,-1.827388158223142989e-01,-7.815369187093025583e-02,-2.700931608668930353e-02,1.689124357440524860e-01,5.638696940643241756e-02,-2.076801432695936089e-01,-8.215352128042550939e-02,3.218402190347826042e-01,3.077191334564443048e-01,3.410931686255501138e-01,4.079588726825161271e-01,2.972784130287506876e-01,3.333047339747667870e-01,3.712186564982153936e-01,2.588788176507003658e-01,2.034453629340052250e-01,6.554265002139259000e-02,2.368010361636166128e-01,-4.374154099989066569e-02,1.061297068599392213e-01,1.689852527640276492e-01,9.455558405718868242e-02,2.132902383442765448e-01,1.111447074559431814e-01,3.660024025283398902e-02,1.259521069473729105e-01,4.657682947420001968e-02,-1.065658143641442651e-01,4.926562756226142148e-01,9.458251341687871905e-02,-8.903519868394969838e-02,6.974839713432541277e-01,3.723120605131781669e-01,1.148241586397935055e-01,5.890073243135151015e-01,3.206327184716570855e-01,3.464826946567581278e-01,1.260310266441910243e-01,-5.942095059495319798e-03,-2.753375513837372571e-03,3.552315873743173980e-02,-1.524909874239554763e-01,-3.674335066191937726e-01,-4.707315810417083135e-01,-4.458889593706348853e-01,-3.730879915629509158e-01,-4.917891498032389008e-01,-4.310469130281728289e-01,-4.585279424102760015e-01,-5.386239817030528121e-01,-4.827632947336334968e-01,-6.189296945715286880e-01,-5.100608965210401413e-01,-1.135415694347106791e-01,-4.665091316476765448e-01,4.117836856601010675e-02,2.973006844525218351e-01,-3.697253417726706348e-02,8.529153102295404520e-02,5.891516247732143663e-01,2.963222100634261280e-01,-6.300020028355560742e-01,-4.103033338541708930e-02,1.154656511452039069e-01,4.716719165080825449e-01,7.955753266195354501e-01,7.005425022614087949e-01,1.000000000000000000e+00,5.579088166086960260e-02,1.352654503086175297e-01,5.467149085396224573e-01,5.040651966335258916e-01,-2.349061068271633343e-02,5.695913942982502309e-01,1.482075181488690663e-01,1.288961054717936705e-01,1.043428685159030062e-01,-1.311330909535261303e-02,-9.936480161504931963e-02,2.178155548049602423e-03,6.088045053186171875e-03,1.415434964699219533e-01,1.053601292294880504e-01,1.144210907402815058e-01,1.689308806823048015e-01,4.568020455082065501e-02,3.979822663901116941e-02,1.339106437442762372e-02,-4.431355941780316249e-02,-2.489015135682283442e-02,3.950519432986943080e-02,-3.817709371275577329e-02,-1.672904943650669052e-01,7.205164998961470502e-02,1.425041248070866851e-01,-1.373737007539107824e-01,-1.218894051303844733e-01,4.519926036447909079e-02,-5.951216456870566524e-02,-7.211937255526079671e-02,-6.371735680705993554e-02,-5.747974010285046564e-02,-8.671218601874280951e-02,-5.806668354948110039e-02
-4.437761446952492861e-02,-6.767450665373457575e-02,-2.835754725122486830e-01,2.875690090534902543e-01,-2.816119233073873240e-01,2.886766432989293918e-01,8.706430575520669735e-02,2.452254402453027948e-01,3.774214860169226166e-02,2.410801212323368525e-01,1.070047565894063218e-01,2.515251211070300141e-01,-1.046407950972202093e-02,-4.981716128772486346e-02,2.163125516806985171e-01,1.222305126332056402e-01,1.600877119343429300e-01,-2.827914585219876153e-01,2.922537695240849942e-01,-1.369753926242285869e-01,2.286924471063743469e-02,-1.117903769012962706e-01,8.602234728674705566e-02,1.804415445815816046e-02,3.268800082082697935e-03,-6.596288621396859120e-02,-1.333530375397444512e-01,-2.448393734988789094e-01,-1.348643827399357009e-01,-2.360730095379104387e-01,-2.173690274450848225e-01,-1.966572351599915058e-01,-2.008259249628462917e-01,-1.407841846894734017e-01,1.079137501490145916e-02,-5.072208620682679137e-02,6.364612875940486858e-02,4.967994472624034930e-02,4.472581808416222632e-02,6.333335650767468739e-02,3.069828364914092139e-02,5.412127821516280607e-02,6.709972849726821009e-02,-4.402518204450127370e-02,-9.032959447234278905e-02,1.191631315118580337e-01,-1.203898368916879874e-01,-1.256217017248028589e-01,3.864359115838482406e-02,-9.977372464884416703e-02,6.569200715383925748e-02,-6.736461564161928817e-02,1.767942912506431652e-02,9.814812759775320972e-02,4.953192782662089143e-03,1.332619873951940981e-01,-1.645553524375108212e-02,-1.980982835269307074e-02,-8.111057722283106231e-02,8.753245480264648659e-02,2.331772601076224569e-03,-1.490633429948496624e-01,2.415808127023194238e-03,-2.071861118451555350e-01,-7.050375359383460883e-02,-2.355796078655277848e-01,-1.357936975342609875e-01,-3.351669031017140976e-01,-2.320014442157745382e-01,-4.504507664639306186e-01,-4.088054556191493827e-01,-4.675888097039257452e-01,-5.269157437250546749e-01,-5.808401909393203777e-01,-5.117649803903185912e-01,-5.696838695434833788e-01,-5.572040580242685337e-01,-4.780474971977097809e-01,-6.325419546900540313e-01,3.853859717058217838e-01,-1.744318992833265511e-02,-1.606856949598708256e-02,-4.026219320505735055e-01,2.467902678272288486e-01,3.976399201210564782e-01,2.364117992431052362e-01,5.705131693173512986e-01,7.263102461756784090e-01,5.578354630688248106e-01,6.456496590709548400e-01,4.615203017230197768e-01,2.714558066174715956e-01,2.549437581632843508e-01,1.281323343588089969e-01,1.013852662094125723e-01,6.147847702971482448e-02,1.751405874464241272e-02,-2.597642846808705386e-01,-4.329281873183982166e-02,-2.492726695101604977e-03,-1.762767740223682433e-01,-1.512631159031889438e-01,3.850035508651925009e-01,-4.691963442338031171e-02,-3.183247596745684138e-01,-5.646776687497707670e-01,-1.029045995318202539e-01,-4.206265381415924542e-01,-2.464356481170904001e-01,-7.950752722761021685e-02,-4.235668125731696931e-01,-5.286527874433910590e-01,-6.007848756552496283e-01,-3.394910997417222576e-01,-1.476496417260298177e-01,4.493709448557914876e-01,5.579088166086960260e-02,1.000000000000000000e+00,2.136261183761572202e-01,5.694212228117769836e-01,-2.251750970664953833e-01,2.486592159813464931e-01,2.890919331971246176e-01,-2.813164915902182650e-01,1.505353801704856775e-01,-2.083464872810923407e-01,5.585702041547174063e-02,4.037969413074831149e-01,-9.047948066674307843e-02,5.709674518545954092e-02,1.590088138836799961e-02,-2.963102253064854238e-02,3.009345713509625070e-02,8.964275230772568437e-04,5.894732781788687009e-02,-1.669643558948159454e-02,1.375021507499711582e-01,9.080881784785712826e-03,1.376752577070418197e-02,2.163957658556599564e-02,-2.332076983193305184e-02,-1.581936329807731578e-01,1.241846584926908637e-01,2.495067903095673501e-01,-1.099667038273298425e-01,-1.341862924411382774e-01,7.150107573078506862e-02,-9.920157419193591231e-02,-2.784524704086228583e-02,2.760076346117565360e-02,-7.467307192107378033e-02,4.904601832018651991e-02,-3.467675401162275631e-03
7.532588611001808827e-03,-8.149417084788869448e-02,1.732142974625991705e-01,-1.712287165882291073e-01,1.737801775896362089e-01,-1.721855107724353517e-01,-1.991813838729778168e-03,9.706036855678799868e-02,-4.954639227278317959e-02,1.114180621979356384e-01,-6.338173143771060059e-02,1.729005452281249522e-01,-3.960525444998937161e-02,5.459142335007938218e-02,2.596327685478301284e-01,1.392119648710770097e-01,2.063831606324633694e-01,1.753415416158317086e-01,-1.676756422068446939e-01,2.859186713843834826e-01,2.704730921478271655e-01,2.973735002200066924e-01,3.938050932728892617e-01,3.207926063305443498e-01,2.721852468471339659e-01,1.644639600571330684e-01,1.703508649966153643e-01,2.189228746143403737e-01,1.108914116980850295e-01,7.597255403145428132e-02,1.187875036889173841e-01,1.177741015436959138e-01,3.621589968440230844e-02,1.875030710747564167e-01,1.398177293825430823e-01,1.632296811190080132e-01,1.584375538792189286e-01,2.096699640319529268e-01,2.141374766606164159e-01,2.310929166053448947e-01,-4.672447459427654659e-02,1.413324588147626126e-01,-1.349226190417598670e-01,-5.998611344972872711e-02,-1.987320229771778191e-01,-6.636951730921236692e-02,-6.978142958933826467e-02,-2.036532902495105657e-01,-1.793293851831530561e-01,-3.431501877308523740e-02,-9.685519965227830375e-02,-4.632356894980563938e-02,7.744368285240746386e-02,4.599712731682095712e-02,-2.358647563299127309e-02,7.200121395093729559e-02,1.701236972698272898e-01,5.175158111767751840e-02,1.099953865522927121e-01,1.954121415652881333e-01,-1.869489607834853157e-02,4.502279668188425427e-02,5.437274289977887115e-02,3.935388867810444419e-02,1.265570247792831282e-01,-7.261782673228880935e-02,1.130941226943668332e-01,1.774685638705724711e-01,2.150708455460147439e-01,2.570064319344519954e-02,3.116988064111789192e-01,2.659985097864071557e-01,-1.505212112859621691e-02,2.019799449434263039e-01,2.490930555535282309e-01,1.477205968516869250e-01,1.923482351788885214e-01,-5.296835329145893612e-02,-1.318780686985634443e-01,-3.941966921825592607e-01,8.170958620817742046e-02,-8.728434888303986117e-02,3.884687453165397986e-01,-1.357141379277374826e-01,-7.444337563648723011e-02,-6.935114233151826180e-02,7.360049796028328428e-02,3.388661703264700398e-01,1.607546390779746315e-01,3.809703105297771453e-01,4.620542143399271329e-02,1.412486033339980240e-01,7.255862761398561289e-02,1.619721294889022445e-01,2.834180660347103142e-01,3.045238240195553558e-01,2.820018785562548036e-01,1.626883507462295250e-02,1.249256867978696534e-01,-6.694917911978007230e-02,-2.291626455728701939e-01,-2.903634705851251829e-01,-4.036759809086724049e-01,-3.880465173319200822e-01,-4.287802855324975293e-01,-4.649508436098659381e-01,-6.695779851121992365e-01,3.809629711178926237e-01,-3.417934898473790617e-01,5.640127339855092181e-01,1.668098322896581498e-02,-6.883674008851210502e-01,-6.290772224962369596e-02,-5.667597045383311327e-01,1.747990009942683998e-01,-2.297370922273216931e-01,1.352654503086175297e-01,2.136261183761572202e-01,1.000000000000000000e+00,6.128540659503293186e-01,5.527128406572059394e-01,7.554264831969048632e-01,5.205817577683187203e-01,5.138270063540424371e-01,5.397122165531307303e-01,3.321607334869899897e-01,4.302255711326746224e-01,-3.884926269988666636e-01,2.944735573470829704e-01,2.304381086569968484e-01,3.372500786876729828e-01,2.002878724183594361e-01,1.351823072469530429e-01,1.421118396445753274e-01,-2.313099237326819019e-02,-1.536579746864079679e-02,8.017115397027915757e-02,3.096526974126165982e-02,-1.017727144494732019e-02,7.960599135524099035e-02,-1.710282628660564005e-02,-6.875937814312839402e-02,3.625697063349316018e-02,7.983447466970990808e-03,-6.589172283967208166e-02,-5.616110757104224305e-02,4.422398531019518936e-02,-2.646193985703399962e-02,3.559976751785892679e-02,1.553539859166374465e-02,-3.587713761544341490e-02,4.420549778892620546e-02,-5.113186235339076124e-02
-3.244496870155806623e-02,-3.703181488467489901e-02,-1.729163171056025128e-01,1.767064964257128168e-01,-1.735867440440402865e-01,1.768131665625106985e-01,3.289197423809988620e-03,1.817003375337137572e-01,-1.718442112284751522e-02,1.861682094427288547e-01,4.824456254953572026e-02,2.396878533558813862e-01,4.085073228824325636e-02,2.340263144098049444e-03,1.811131590610738917e-01,1.560121657133060613e-01,1.380994517911821873e-01,-1.713576092725438704e-01,1.789198503038758326e-01,2.708178507935251472e-02,1.130123796396175634e-01,1.791887990343293477e-02,1.843944594225413180e-01,1.271405496586986983e-01,1.047249437144196910e-01,4.411601445931082749e-02,4.138565367868079353e-02,-6.203779814575577367e-02,-6.081807975927455701e-02,-8.458519214618250015e-02,-5.632309839499695381e-02,-1.145746477458732121e-01,-7.147784361241708850e-02,-3.492450861283932784e-02,-5.685185075266535604e-02,-8.318648937185148598e-03,2.641809186562976350e-02,3.796656121164734832e-02,9.159618135380798165e-02,3.904140971460208498e-02,-9.890489735857602160e-02,-2.414063672586123921e-02,-1.114241272725692705e-01,-2.203952235164501061e-01,-1.998645489572940526e-01,-8.170148760103811136e-02,-2.401150804747702872e-01,-2.499133888334781894e-01,-1.720950752684029805e-01,-1.672537412413984126e-01,-6.452033594095470115e-02,-9.431534761432487646e-02,1.617057152584256419e-01,7.823695348932910298e-02,-1.426918571233281030e-01,5.155129621215256974e-02,3.263959432232313440e-01,1.915420614384577558e-01,2.562050024064023712e-01,4.169369385305747300e-01,1.324023319258340603e-01,1.581458708638246446e-01,2.248735658273426918e-01,8.281286411493971045e-02,1.267691850205897031e-01,-1.105968099156953849e-01,4.764683098132521666e-02,-1.569206176467975167e-01,4.479561971957228203e-03,-1.700711920136959432e-01,2.518565250348069051e-03,1.272654285368479514e-02,-1.662223771086648871e-01,-1.365430491172163474e-01,-2.495137295091128665e-02,-1.167779263543779616e-01,-2.484397749094217900e-01,2.173528791593933376e-02,-3.541458251013621106e-01,-1.133436593880779442e-01,4.253223740031357725e-01,1.395299175436192918e-01,1.130200638508473687e-01,3.255024841316381257e-01,4.218674348707135424e-01,2.672155766954556477e-01,4.133171600555471947e-01,5.303806873092112850e-01,3.818227553198266233e-01,5.108308888822152838e-01,2.091045779498346691e-01,5.332294279521507252e-02,-3.051105889633255394e-02,-9.893529859857375097e-02,-2.091933331801576826e-02,-1.027589717572189865e-01,-1.040575989830257730e-01,-3.178960462367230733e-01,-2.794886678238064914e-01,-2.530762358200452367e-01,-5.139375853730392407e-01,-5.436044665969677059e-01,-1.304623404155912103e-01,-4.902424812536830823e-01,-4.224530815122347072e-01,-3.780066341474995761e-01,-4.889723432820324844e-01,8.545892582211044031e-02,1.431968241456268824e-02,4.626612970860409235e-01,-5.116959147908632932e-01,-6.260975155094763434e-01,-1.868128208820074854e-01,-2.577185785789024020e-01,4.438573967882790128e-01,3.997814081067372349e-01,5.467149085396224573e-01,5.694212228117769836e-01,6.128540659503293186e-01,1.000000000000000000e+00,5.185588966818069911e-01,5.946097703267697598e-01,7.904170520025761704e-01,2.592508598446697232e-01,4.880072572986924317e-01,2.472543757249171525e-01,3.342836619181717150e-01,-1.030986586920867587e-01,1.848834125791568861e-01,1.756618217417021954e-01,2.933621942563329199e-01,1.466691987782157425e-01,1.262799499913109802e-01,1.941524416458937641e-01,1.040776290161564838e-01,5.093355251248062043e-02,1.494372977434827165e-01,6.438870771791405101e-02,4.450968137783461315e-02,1.249029461977698985e-01,1.007274432370813474e-03,-2.284497479742007287e-01,1.423995621089422237e-01,1.486701604702216351e-01,-2.401035420727555547e-01,-1.657443451055631289e-01,9.186985498164072783e-02,-5.782440894097759521e-02,-5.782821969458575712e-02,-6.992766464290698855e-03,-1.446010695421695025e-01,-3.318381483836831125e-02,-9.870587148636063290e-02
-1.491769897735579706e-02,4.088892960632545953e-02,8.377766101194096537e-02,-8.882844363480886518e-02,8.135507594220846295e-02,-8.943111807266042323e-02,-9.541859223066202766e-02,-5.808804634372093795e-02,-1.282353052965535534e-01,-3.014199405282536395e-02,-9.987274661972786460e-02,4.862099180014668037e-02,1.148122995495427789e-01,1.320976271719867534e-01,-1.016844430320112264e-02,8.982648851142205348e-02,-2.065418815931371888e-02,8.638959872616147617e-02,-8.620844422944233532e-02,1.765599344771928425e-01,8.471020331074591292e-02,2.022381730124415966e-01,2.226638395391484504e-01,2.193340162997994280e-01,1.507884759202495206e-01,1.053200857942444973e-01,1.820957067586238265e-01,2.076074731040649102e-01,-3.201561899747770723e-02,1.713940706272795711e-01,1.546022381284327951e-01,9.127192222486409101e-02,6.003935349139223610e-02,1.213883737893240167e-01,3.310115063426175702e-02,1.013058759515976653e-01,-6.244175507890295518e-02,-2.970884157129639186e-03,5.693479609608938924e-02,-5.069948408753672392e-02,-1.684631610118871858e-01,-1.095634028127011467e-01,-2.475648345427759467e-01,-2.833811526230633482e-01,-1.770412955284156320e-01,-2.516957693744149571e-01,-1.634855995955057095e-01,-1.890754908020849945e-01,-2.458505531583241033e-01,-5.163254143421953241e-02,-6.097413303752732133e-02,-9.093842245728946290e-05,1.682762166501036438e-01,2.852958442122858346e-02,-2.365300789019116334e-01,-1.237395910707883295e-01,3.956145329651121756e-01,3.048996358428769371e-01,3.773625870270717053e-01,3.952743839553340965e-01,2.132822522420343148e-01,3.040853840359241667e-01,2.696004350646764025e-01,3.099919176820995492e-01,1.975225737904500178e-01,9.874721532784176692e-02,2.066259979349133469e-01,2.357516928914245857e-01,2.304624889995409431e-01,2.605248104876568549e-01,4.948224933207867049e-01,4.680738847365903399e-01,3.071527149164069437e-01,4.746972871127247418e-01,5.013810456077987254e-01,5.195261945359606059e-01,3.815185100387533113e-01,4.321612059645812409e-01,3.734953030262759821e-01,-6.185294447260252237e-01,5.984233352824017693e-01,1.731000118765401996e-01,6.315460734370598184e-01,8.602822563617032459e-02,3.101113737375591276e-02,1.084364157375279913e-01,-1.474131600894097727e-01,-1.338237102684713686e-01,-2.576299825544587918e-01,-6.905178821487156782e-02,-3.924950191175816117e-01,-2.242900775476880937e-01,-3.546180594980546386e-01,-2.409935080872273316e-01,-4.297732031381525097e-02,-8.421383542020065283e-02,-5.027983494248687568e-02,-1.350304186247688609e-01,-2.235140273734939342e-01,-2.422977492560230151e-01,-3.691582827611697981e-01,-4.631472123504823402e-01,-6.344865653985117815e-01,-5.109938975827027496e-01,-2.311562914781595257e-01,1.058186969669172861e-01,-5.639202522860852218e-01,6.171995456108131384e-01,2.186971358556954459e-01,7.515735337471680655e-01,-8.677951088025327719e-02,-2.682064146001033045e-01,4.797999158614787429e-01,-3.598837717757516486e-02,5.997837297657281352e-01,-2.307774513837080460e-02,5.040651966335258916e-01,-2.251750970664953833e-01,5.527128406572059394e-01,5.185588966818069911e-01,1.000000000000000000e+00,4.742504553836165981e-01,6.709824326488621482e-01,7.456236719589585116e-01,4.669935087205653312e-01,5.171411573093190883e-01,3.776538026502236911e-01,-6.212051498952608775e-01,3.279754780685200655e-01,1.707979391729058383e-01,3.630070025037782644e-01,2.312214883108341668e-01,1.815436426031132866e-01,2.194982109703803308e-01,-1.297470548040935423e-02,1.066149748622999271e-01,9.791854665699062377e-02,9.015636217057793056e-02,2.656082294352477696e-02,1.726278985189091397e-01,-3.415154783511101244e-02,-1.473503203786146742e-01,-1.150275838524716585e-02,-6.494781148784084523e-02,-1.489580798511477566e-01,-9.378973552045885564e-02,-3.831202088468641659e-02,-5.933025930213860558e-03,-7.026451796859951859e-02,-9.333458054807172721e-02,-5.968399043511342372e-02,-7.189382864917638616e-02,-8.506426603745016746e-02
-3.597929720654694657e-02,-1.172816885735091103e-01,-1.252403066681390120e-01,1.278931641498833593e-01,-1.228751020374513614e-01,1.262754040917647425e-01,-1.080198659799382899e-01,3.224964210366621647e-02,-1.166418987862346685e-01,-2.343615102536427894e-02,-7.920410991955827151e-02,7.979820168097251365e-02,4.053354936344343712e-02,9.516350059855768762e-02,1.319288796548358511e-01,6.968536339020038606e-02,2.201128506193909817e-02,-1.224185922201640880e-01,1.275512997434045392e-01,1.824876154754940805e-01,1.042192619326639952e-01,1.091252193478747662e-01,2.562003464098523975e-01,1.529374798960223547e-01,1.621702489160709859e-01,6.092783000898188694e-02,7.980903773676313595e-02,9.371404872052062351e-02,-1.264684291674561013e-02,-3.488213040238644091e-02,3.469971712216085580e-02,6.919473337179629646e-02,-1.838616668862481929e-02,6.612144969733049771e-02,8.124577262211930828e-02,3.964494284290463744e-02,1.275709260861259131e-01,4.668930031568488404e-02,1.401411834269255807e-01,6.429284942802221403e-02,-1.544228818830378214e-01,9.782411408048773127e-02,-2.884117578124868568e-03,-4.592686878827164504e-02,-1.514985398448691900e-01,7.464188519721036419e-02,-5.679087576526424541e-02,-1.237129329660913296e-01,-1.067000087931147256e-01,-4.348098849630037399e-02,-4.730884184680084897e-02,-6.894130459906480657e-02,9.830023597998835405e-02,3.340159282032566235e-02,-3.518930142331803956e-02,3.392174523935197888e-02,1.966896576267376240e-01,2.856807085757077230e-02,1.455919615026942393e-01,1.736795274585005711e-01,-1.161855454845808072e-02,4.798229717918723464e-02,1.217244427407837559e-02,3.083526988635103619e-02,9.466470369181423372e-02,-4.625656459574604279e-02,-5.395800240620617083e-02,4.949473274945338785e-02,1.721465230431817178e-02,-1.157677306449590021e-01,2.191360961196056056e-01,1.001705614457975291e-01,-3.757481103215803975e-02,1.669824256029201481e-01,1.671832843293998838e-01,1.434195721556666692e-01,1.286822725455575578e-01,-1.104019829104635059e-01,-1.864885113847854214e-01,-4.433971079098485424e-01,-4.206809374844223959e-02,-2.491670419105351530e-01,4.259687750320785282e-01,-2.641210917899786126e-01,-4.454769760526979677e-02,-5.062070876528725061e-02,1.645745331750133322e-01,3.607564736728991472e-01,2.393747458471632839e-01,3.198589872530072098e-01,1.965162587120913573e-01,2.688572308043343240e-01,2.481092079618215374e-01,2.949345723146234444e-01,4.160143210216564191e-01,3.131710413966897755e-01,3.931362419454878521e-01,1.907079926715465890e-01,1.305769909487979608e-01,-2.019084671775205758e-02,-1.788574569694562633e-01,-2.949847253038657691e-01,-4.473070895643047606e-01,-2.194977123345887016e-01,-4.222962478941072462e-01,-5.920129169797970770e-01,-6.968123462425463988e-01,4.238419988824884688e-01,-5.265508457678678145e-01,5.185474241644759674e-01,1.349275977927478776e-01,-7.408325200548259160e-01,-1.661252676319598109e-01,-6.227815459831261835e-01,-9.051053375112372897e-04,-2.834838925148605027e-01,-2.349061068271633343e-02,2.486592159813464931e-01,7.554264831969048632e-01,5.946097703267697598e-01,4.742504553836165981e-01,1.000000000000000000e+00,5.001143987676713865e-01,5.561345078807811149e-01,5.939841835478211207e-01,3.972145166316097820e-01,5.467242139875665430e-01,-4.292567911423970095e-01,4.465151319653367645e-01,2.892359147568397404e-01,4.160925790572540528e-01,2.651082819647551658e-01,2.084006815780785338e-01,2.299856439907528305e-01,9.655083038960338149e-02,1.344296189137504649e-01,1.851015261349095720e-01,1.269636641834644419e-01,1.594786451777548408e-01,1.666429988451581523e-01,1.192821441960539852e-01,-4.237589722916126900e-02,1.469064265991589235e-01,-4.445782898086546309e-02,-1.651650042095869630e-01,1.615190228005577164e-03,1.202477024770703951e-01,6.015188775460810627e-02,4.726179346802791836e-02,7.903034661758000234e-02,-7.707792838391343271e-02,2.237234115830364148e-02,-4.950762768419732229e-02
-5.939592828923064005e-02,-4.209504516505090804e-02,-9.062861318054687976e-02,8.832592077910976502e-02,-9.048803533418939282e-02,8.857374780486279575e-02,-5.725346299575825859e-02,6.995708056989606571e-02,-9.477860403881679940e-02,1.183706390883359910e-01,-1.231290095013905239e-02,1.261588546283908541e-01,8.105496503530137953e-02,7.453384445776067846e-02,6.639821990306667143e-02,9.174894005328249058e-02,3.349557421807365654e-02,-8.678631004984303787e-02,8.898237313648402202e-02,2.843670929696754876e-02,6.137604753125885937e-02,2.124147356100393967e-04,1.822467012309550161e-01,7.564935651805566874e-02,8.362799478820955035e-02,5.037310859570474225e-02,5.128335520482855264e-02,-3.293156279114561186e-02,-8.727433204256734856e-02,-3.427356081584966713e-02,-2.203261250454691123e-02,-9.975915086307129975e-02,-1.753056339439434952e-02,3.850086845692411025e-02,-6.450265646873405700e-02,6.206443518865707720e-02,-4.735582390750373016e-02,-2.380974806651658254e-02,5.489811566429381173e-02,-3.054417722154389656e-02,-1.241170925693310112e-01,-7.942618166236274646e-02,-9.387174414639139208e-02,-1.699059498469724372e-01,-1.067798020752304261e-01,-9.560223652548387185e-02,-1.250245757759232135e-01,-1.554042396833791584e-01,-1.687152437242315506e-01,-1.415132598345124337e-01,6.867738879992643826e-03,-5.282192685176661379e-02,2.941679733506659122e-01,5.247328225416564296e-02,-1.459585102922153210e-01,6.070720210818323498e-02,4.431610490594896090e-01,3.426558049050743571e-01,3.300870101135677803e-01,5.086683367397091260e-01,2.560269033841124919e-01,2.494396617677322736e-01,3.426107584433126241e-01,2.159078962618538600e-01,2.251645214615236867e-01,-2.835360258700575509e-02,1.165565288052218262e-01,-9.655669603772316922e-02,4.800402634789712603e-02,1.869271850363981785e-05,1.614544516565639132e-01,1.454145353791684026e-01,-2.379919617415865093e-02,8.421200173474309436e-02,1.199060701943835544e-01,7.359821588522344471e-02,-2.154135363394389657e-02,2.113271153627674093e-01,-4.735886893693258548e-02,-2.721580144342435337e-01,5.350630496904167366e-01,1.243775334818914696e-01,2.776516246109810848e-01,3.053721470091186330e-01,3.570949069852506486e-01,3.060781046963634289e-01,2.336418385155418498e-01,2.972233995159875297e-01,1.333572257100711922e-01,2.826704746478144181e-01,-4.081154653358788978e-03,-8.177523068142660001e-02,-1.997270314320166162e-01,-1.923940592522881410e-01,-8.098026789268279735e-02,-1.537859417037379384e-01,-1.651230963253836337e-01,-2.951689076910655740e-01,-2.844340778329776942e-01,-2.971182600936525531e-01,-4.976948724606463093e-01,-4.584461770131386671e-01,-2.884230638364037591e-01,-4.244974696396243696e-01,-2.826851141054200767e-01,-1.957684611381509121e-01,-4.492030259993649577e-01,2.534747054578949110e-01,1.116726418543988603e-01,5.059060795874698035e-01,-3.906515331191280915e-01,-4.633078223109689531e-01,1.823082810154301805e-02,-1.308311565424037648e-01,5.313112194006044398e-01,3.109625304455960193e-01,5.695913942982502309e-01,2.890919331971246176e-01,5.205817577683187203e-01,7.904170520025761704e-01,6.709824326488621482e-01,5.001143987676713865e-01,1.000000000000000000e+00,5.025473946130821767e-01,4.861551228156770765e-01,3.412911936425078729e-01,3.775448022139697990e-01,-2.654029023604764226e-01,2.337043608853253684e-01,1.788091769221450689e-01,3.817719928898292703e-01,1.932582442394126521e-01,1.526092223736904563e-01,2.638491076569485227e-01,1.789260078224283179e-01,1.601358363492357273e-01,2.287312875284611691e-01,1.333962256736761498e-01,1.043510819601222855e-01,1.988910823683758822e-01,-3.710254131275286717e-03,-2.753472003904510745e-01,1.361864333918491599e-01,1.362270470578106629e-01,-2.817160961878348302e-01,-1.841652076795401161e-01,4.244922218218021709e-02,-7.649635326395369528e-02,-6.492406205030054611e-02,-6.419399956404320262e-02,-1.435133961515906165e-01,-7.775285339547932661e-02,-1.107033083313955224e-01
-3.128624627753212595e-02,-3.301271187026687259e-02,5.873816895840811014e-02,-6.242192591457587647e-02,5.717232620131275367e-02,-6.415687091157910860e-02,-1.340204790715486816e-01,-1.500280341531064210e-01,-1.512084256140012739e-01,-9.018676786416021662e-02,-1.318392117242652706e-01,-3.361521479318458488e-02,6.786668090680630927e-02,1.408010248699712585e-01,-9.602416915121645899e-03,2.537737291044216137e-02,-1.357370769902858584e-02,6.437375046414707536e-02,-5.985319411164556624e-02,2.356659546661025728e-01,1.037816574878214493e-01,2.147239278446036181e-01,2.207253431376990094e-01,1.928219161524939718e-01,1.184921022120464240e-01,7.769152757942027199e-02,1.994768448091581436e-01,2.057792355463149703e-01,-2.351749232740603726e-02,1.454642358937382474e-01,2.078920522122186254e-01,1.728864317340055301e-01,1.112983884695505632e-01,1.891600662410480027e-01,8.021456025665436862e-02,1.311764650968776924e-01,2.333910451254150864e-02,-2.349175594954656943e-02,1.347652303228938087e-01,-2.911083229052966598e-02,-1.852181521129530328e-01,-4.300660019644399895e-02,-1.285574208815042085e-01,-1.857365027130975510e-01,-1.265482858392185106e-01,-1.329719063384066646e-01,-6.600954473177048087e-02,-7.270421052232368953e-02,-1.593928909950159400e-01,6.858934482226740348e-02,1.590557718861105099e-02,1.214236252785778208e-01,1.878521091108270313e-01,8.163150595010112975e-02,-1.673796568540498186e-01,-7.620885331251291139e-02,2.960129183992630253e-01,2.014182196505191758e-01,2.680440586577642614e-01,2.317862449974013306e-01,1.218045827883963705e-01,2.055727318533731307e-01,1.256224714618222049e-01,2.171377701736305621e-01,1.714745481659599169e-01,1.140750879345071439e-01,1.805491929985631183e-01,2.603776283950535730e-01,1.758839068409757400e-01,2.551472269418520455e-01,4.835156146732965121e-01,3.398248233959518250e-01,2.741561837276033642e-01,5.695348869268004321e-01,4.224331942395598838e-01,5.623121022823893700e-01,4.453157690956046078e-01,2.885248339205397916e-01,3.500446857199166484e-01,-6.757579300605284223e-01,2.571634566564033886e-01,-1.642589498887312982e-01,6.766038421381730394e-01,-2.171667098785259598e-01,-2.101450747479716996e-01,-1.186116950287104954e-01,-2.176611459173891094e-01,-1.503379085672562621e-01,-2.504459784255513299e-01,-1.246533567136540593e-01,-2.790383153424689233e-01,-4.895398155057986006e-03,-1.289454635935622928e-01,1.011705639805818638e-02,1.807334499461084876e-01,1.565670346174364569e-01,2.318692032619498189e-01,9.609426814891204593e-02,4.438974399344054744e-02,-1.311368349831490421e-01,-1.321158547875239120e-01,-2.003567958098880220e-01,-6.820090138870477103e-01,-2.170766573493728979e-01,-1.988867477531332528e-01,-6.223911420284059665e-02,-5.044983100911367702e-01,6.757380719076117037e-01,-8.107370024772671269e-02,5.796984150543659231e-01,1.860170995997134091e-01,-2.760945037152395809e-01,3.554686343546029081e-01,-2.159340286778395346e-01,2.705105676868813647e-01,-3.290930918082648482e-01,1.482075181488690663e-01,-2.813164915902182650e-01,5.138270063540424371e-01,2.592508598446697232e-01,7.456236719589585116e-01,5.561345078807811149e-01,5.025473946130821767e-01,1.000000000000000000e+00,4.620296226140790385e-01,5.498569138468073492e-01,4.781912782604691992e-01,-6.734875380888798446e-01,3.972313582313825031e-01,2.046932277506737230e-01,3.961107145721712297e-01,2.233085444116484908e-01,2.048291646458245963e-01,1.925975475303927931e-01,3.048811061191441379e-02,1.661235274741511281e-01,1.427285576567760006e-01,1.721683886560204380e-01,1.332073412639421528e-01,2.150489550844772724e-01,4.691878642269010219e-02,-8.210326598945144605e-02,2.105696385240280605e-02,-1.304268845726055948e-01,-1.492118367631612985e-01,-3.817384381618565276e-02,-3.447845769444032871e-02,2.264505856946393177e-03,-5.437057223357179975e-02,-4.175886024935319268e-02,-6.642893765013999086e-02,-5.131115527818889271e-02,-6.393416427945594616e-02
1.311658932116448704e-02,-5.358502995782114808e-02,1.325070235449588296e-01,-1.283463797699453679e-01,1.311579998879774112e-01,-1.297991879455804021e-01,2.011112750868385146e-02,1.347438676281531300e-01,-2.876428778389678725e-02,5.897194182300360965e-02,4.958194122849870350e-02,1.157503442603275007e-01,1.669486927366825302e-01,3.842685227120806735e-02,3.580696951290451846e-02,1.626550343351040040e-01,2.697536933357597144e-02,1.352472373381783111e-01,-1.248304285031551081e-01,1.909058840293158255e-01,1.514306954907789771e-01,1.826169719732405050e-01,2.589535055610370784e-01,1.970844448536819560e-01,2.315122089794345306e-01,1.835287148717026084e-01,1.624929705346427888e-01,1.617283662251395582e-01,1.150439748622981567e-01,2.242159731644809920e-03,-2.650432029073594362e-02,1.382143636276630116e-01,-1.136731814142267066e-01,2.948746240608707964e-02,2.030138665771800688e-01,4.444709324891853164e-02,1.978096238480118729e-01,1.075425946614458617e-01,1.622541711479695836e-01,1.032700016908479901e-01,-4.753655418130954546e-02,-3.026854974144189622e-02,-1.025047012061433699e-01,-9.343737448314347327e-02,-8.048876453038389389e-02,-1.433052101743814005e-02,-7.383253566325652384e-02,-7.033942085807383393e-02,-1.763597722196146023e-02,5.577847532544009251e-02,-1.783889872085491282e-02,7.652262121423816787e-02,1.457354087408269105e-01,1.850486905980020802e-01,-4.253539786335877593e-02,-2.428730125562836642e-02,2.443552007884239596e-01,1.396787890165870072e-01,1.906775441938035331e-01,2.090275652200331014e-01,4.184144526291271038e-02,1.350159651428982643e-01,6.784963827318923890e-02,9.020264477247777468e-02,1.475369735598076326e-01,1.972385236738060169e-02,9.377252828542728680e-02,1.291870705329395408e-01,2.506347716289780703e-02,2.770600833403121313e-02,2.470041139096574856e-01,2.371314705637025677e-01,-8.126437870122021900e-02,1.422280965008244080e-01,2.905583156699288461e-01,4.374918644705467347e-02,2.090449819682215493e-01,7.513896908114446604e-02,-1.836738005216507694e-02,-2.939720908125109666e-01,1.555414192618600477e-01,3.836702149886359048e-02,2.932705820413852305e-01,-3.205334397102201777e-02,1.499582345844742079e-02,-2.428496139575132481e-02,1.240815839845612056e-01,2.188952262215764777e-01,1.286601951685273082e-01,1.948027853026538248e-01,7.576049186682044800e-02,1.794117717919234412e-02,6.872563038545023706e-02,3.114429379642214002e-02,1.518628232171699011e-01,2.251185552311627536e-01,1.128061043815305614e-01,6.904717221081338452e-02,1.271795315903452052e-02,-7.972074882899644888e-02,-1.147160521730776067e-01,-3.128102737638381314e-01,-3.009578133557150870e-01,-4.018759642037063040e-01,-3.638471071610304697e-01,-2.792799145231864011e-01,-4.626557773852795208e-01,2.843339541551314631e-01,-1.609737309978799269e-01,4.130518562836343333e-01,-8.593228498338745247e-02,-4.416489329761008054e-01,-7.112786930223828630e-02,-3.563061610718436523e-01,1.407675048087574099e-01,-1.108359901271787767e-01,1.288961054717936705e-01,1.505353801704856775e-01,5.397122165531307303e-01,4.880072572986924317e-01,4.669935087205653312e-01,5.939841835478211207e-01,4.861551228156770765e-01,4.620296226140790385e-01,1.000000000000000000e+00,5.314398381825830020e-01,6.875558705645711255e-01,-2.846582471543662729e-01,2.180177578619052203e-01,2.431158930597406564e-01,2.848398118154263359e-01,2.223746915502175237e-01,8.000515514089938385e-02,2.029595386418547587e-01,2.905395719941293586e-02,1.683364654292301282e-02,4.553231858092417206e-02,1.863484613496519532e-02,-7.782871930017208617e-02,7.187359660419243013e-02,-8.609090961856899482e-02,-1.790051717869164394e-01,9.848589660147353490e-04,9.972250900689152986e-02,-1.039550966557655359e-01,-1.339809665459538168e-01,-3.977472312412464600e-02,-7.592487409100397849e-03,-6.729157446674730036e-02,-4.229648386073782407e-02,-1.273182137859060759e-01,-3.357643996770725420e-02,-9.459074152811020042e-02
-7.155170490522340387e-02,-1.106025833104390954e-01,5.062084240907686189e-02,-5.705198561646154798e-02,4.796609240761309789e-02,-5.813979347009223114e-02,-1.698081775496529111e-01,-8.815167060167075630e-02,-1.334769267923793801e-01,-1.172009734974990142e-01,-3.296812884512622527e-02,-2.792708664381835654e-02,1.556598523988516336e-01,8.330837732097036430e-02,-1.355808829334260168e-01,-1.932986815584936645e-03,7.005723056130281137e-03,5.526376397752166825e-02,-5.173788254318512081e-02,1.873741297790490479e-01,7.884493756084977323e-02,1.620336969078383649e-01,1.818867241461224749e-01,1.121379585610837587e-01,1.961367630188296796e-01,9.249050147524529031e-02,1.459061898417951253e-01,1.658970610346841290e-01,1.024252954191152698e-01,8.748057203646211755e-02,2.082782252656166511e-02,1.572069226778924633e-01,-7.348394225971613403e-02,4.330088753222212199e-03,1.619463104534938913e-01,4.647973056270710696e-02,-3.217294724010678203e-02,-3.221452704239145121e-02,1.225552289904927455e-01,-8.586581400755337323e-02,-1.710459105596404406e-01,-1.627967156479676880e-01,-3.848115650428301365e-02,-7.136260210109131308e-02,3.636864550933349011e-02,1.591940445592519154e-02,-9.821648474835282736e-03,-4.311953653201720457e-03,-9.511753264639441485e-02,5.267013108304113150e-02,-1.316413396105072242e-01,7.549837541555771969e-02,1.271106552919583077e-01,1.189736774375353863e-02,-6.334957174379329814e-02,-1.286535099121228869e-02,3.401628747549256260e-01,1.585017730044849527e-01,2.743783027859718615e-01,2.375697402007771464e-01,3.874195007945146346e-02,2.529300708043867307e-01,9.933231974373500639e-02,1.770007619446336000e-01,1.338291959878511184e-01,1.339630215187898599e-01,9.831123179625482489e-02,1.887597577991737829e-01,1.277618755729051092e-01,2.098212471771816467e-01,3.530350720496834849e-01,3.357714239098198439e-01,2.114751012254034446e-01,3.829778284168324776e-01,3.656939911205682181e-01,4.246701505328637771e-01,2.867628537467579730e-01,2.057374339255494955e-01,1.929840234463400528e-01,-5.663611834104206322e-01,1.904297815211683509e-01,4.008059109911055878e-02,5.687591795757359625e-01,-8.041289282038742436e-02,-3.809566474067942188e-02,-8.556178744689885152e-02,-1.239661181693006431e-01,-1.171442276805197275e-01,-1.164734233618324039e-01,-7.507529337367441213e-02,-1.406390768878056363e-01,-1.751563263831642375e-02,-3.706192309074867602e-02,1.206140014458185680e-02,1.356098038826108465e-01,9.482149244399791510e-02,1.527619183404752556e-01,1.152205043425308106e-01,-1.260153190063821853e-03,-1.342768681656939522e-01,-8.598250803141446741e-02,-1.886006005638564686e-01,-5.719285364168663621e-01,-2.554710022800890101e-01,-2.218856365702214228e-01,-9.014695248114973358e-02,-4.100644745261176616e-01,5.657566199104097082e-01,-5.987850698865853499e-02,4.393317321271232312e-01,9.309642177272274555e-02,-2.207615933870779035e-01,2.008434866588294232e-01,-1.925956140639721870e-01,2.022856193533846270e-01,-2.290446115390779303e-01,1.043428685159030062e-01,-2.083464872810923407e-01,3.321607334869899897e-01,2.472543757249171525e-01,5.171411573093190883e-01,3.972145166316097820e-01,3.412911936425078729e-01,5.498569138468073492e-01,5.314398381825830020e-01,1.000000000000000000e+00,5.757079477573386894e-01,-5.633744380334136936e-01,4.524442638503231029e-01,2.629259576516989605e-01,2.895804899564038415e-01,3.296983371253270900e-01,1.435921882930459581e-01,3.085781114456787599e-01,-1.077695238918023254e-02,6.234144682533938886e-02,-3.487379105846573780e-03,8.328448415561121032e-02,-4.363950087609344552e-02,8.510845423021687339e-02,4.501677318486255533e-03,-8.254237493373975387e-02,1.137358755233970446e-02,-4.557369032857775532e-02,-8.938321992539678684e-02,-2.228187610813343184e-02,-9.770867889231354270e-03,6.800083901649604801e-02,-2.155676861029465902e-02,-2.200659056812494588e-02,-6.957948215692985605e-02,-2.309172233546341949e-02,-3.306233527986072313e-02
-7.484293006468972775e-02,-1.173660098228083148e-01,4.685389891571771492e-02,-4.718663773036552850e-02,4.587406690905713319e-02,-4.794232011946465005e-02,-8.043909957079721507e-02,2.173462743473186364e-03,-7.644903957517457105e-02,-6.536277559692821315e-02,-5.679304205996290808e-03,1.950434668238677782e-02,1.403718278989486978e-01,6.799482456714484035e-02,-2.435063636270383761e-02,4.966144564060002986e-02,-2.023227798255425661e-02,5.003468314557166924e-02,-4.561274456067589828e-02,1.793061413628258549e-01,1.422592549722093147e-01,1.015141068783141504e-01,2.352861822007360770e-01,1.208880313144269636e-01,1.613438397119758838e-01,7.177950164175696257e-02,8.957369254571152795e-02,1.047685796936968228e-01,3.012114673044067811e-02,-5.059559145256990048e-02,-1.054487283457908736e-01,6.964141956551006540e-02,-1.718253020732209146e-01,-1.821550940042023295e-02,2.101574974814076346e-01,4.736140886896508112e-02,7.708287920300925522e-02,-2.746473715356406720e-02,9.203552165232999072e-02,-2.336224383752667430e-02,-1.929788039409719713e-01,-9.045558747859575033e-02,1.335525623970997347e-02,-1.270612746574307783e-01,-3.417618039942423719e-02,6.272455365012985506e-02,-7.064009913265385798e-02,2.514371171243521413e-02,7.110367321775488969e-02,1.075506350344613699e-01,3.956158390229560368e-02,1.213253216968435827e-01,2.093019060433874146e-01,1.437411632408578666e-01,-3.763400603321069571e-02,6.251144217924979596e-02,2.915467187332150822e-01,1.260209474836360422e-01,1.794356874291817283e-01,1.818557921536030353e-01,1.383351204381862501e-02,1.367501444551834922e-01,4.093477316889994333e-02,8.348870768108701546e-02,1.329317669076456876e-01,7.735045730856510149e-02,1.539790520987050632e-02,1.319719363732645145e-01,7.263532387005550151e-02,2.016827917770152093e-02,2.401796220447829366e-01,1.394505792372335573e-01,-3.628910286331771262e-02,2.187450634394679239e-01,2.265478729562765692e-01,1.440866513002833083e-01,1.951100967914792261e-01,2.169125156586888467e-02,1.579040811086944093e-02,-3.500035512593229203e-01,6.112532001846882751e-02,-9.945209187100913228e-02,3.436747274786124962e-01,-1.634862953610488889e-01,-1.174018017165743936e-02,-9.149522946835367265e-02,4.309398924012102644e-02,1.042712783341523536e-01,5.732528086839187159e-02,8.133212851371084129e-02,8.299661080667550261e-02,1.064534172851168831e-01,1.669887123633053971e-01,1.403626909294859448e-01,2.246434363509192400e-01,2.380962954670987064e-01,2.124235251902886479e-01,1.552437415666062526e-01,1.034940328214589977e-01,-3.961881311428638169e-02,-1.624255207703389006e-02,-1.861291140664189381e-01,-3.532929645866713098e-01,-1.953096426720324075e-01,-2.813534013174950887e-01,-3.170093063775941689e-01,-4.662838686940719568e-01,3.427850493369130058e-01,-2.658770812925773663e-01,3.888468365689018436e-01,7.278613967638160320e-02,-4.404008368083180969e-01,-6.097555653834216272e-02,-3.995931265034067259e-01,3.574190787173405631e-02,-2.122871900206862728e-01,-1.311330909535261303e-02,5.585702041547174063e-02,4.302255711326746224e-01,3.342836619181717150e-01,3.776538026502236911e-01,5.467242139875665430e-01,3.775448022139697990e-01,4.781912782604691992e-01,6.875558705645711255e-01,5.757079477573386894e-01,1.000000000000000000e+00,-3.372471394217734786e-01,3.441953187587855068e-01,3.171239903649065162e-01,3.374004965339725270e-01,2.663412547300659239e-01,1.609028551788346528e-01,2.800104390714613922e-01,9.100908636037699506e-02,1.249261819281030084e-01,1.491243850272206128e-01,1.807585997794694255e-01,3.831124756315481411e-02,2.122034612853670454e-01,-4.027828429667114352e-02,-1.742048720942530604e-01,2.418117425137420590e-02,5.267410609036666733e-03,-1.689168005470447209e-01,-1.213231378469049326e-01,-3.789122690645286423e-02,-2.508172658328671964e-02,-6.210137537611103153e-02,-1.447495000845656042e-02,-1.258321675295463460e-01,-5.134767507241408402e-02,-7.909875455137228839e-02
1.275253291450538333e-02,-1.712196669446624381e-02,4.691301157794644690e-03,1.962533124544671263e-03,6.379823867070606030e-03,5.181419227664264653e-03,2.178807242207714823e-01,2.446051901818411534e-01,1.942942510389349953e-01,2.151437619709133109e-01,1.882366272664454387e-01,9.999904926000437178e-02,-2.969084850452355026e-02,-1.482612213038497495e-01,5.964487132667197627e-02,5.065175276093709239e-02,7.917047441118486850e-02,1.779956635590131380e-03,3.522667073993289953e-03,-1.996918418200936962e-01,1.163816876595932387e-01,-1.582606816208819711e-01,-9.035183820585709902e-02,-7.209157424463440156e-02,-1.834955302084172735e-01,-2.101679499753107347e-02,-7.918381538083259230e-02,-2.551579049072952854e-01,-1.416574535365285221e-02,-3.028274612875027083e-01,-2.018728730144535854e-01,-2.060026192678884316e-01,-9.200462783572137260e-02,-2.245019975586665384e-01,-1.723452842410475860e-01,-2.007927761723929394e-01,3.515665112206808884e-02,-6.725928746818556070e-02,-1.343021305189963377e-01,3.274314895449964135e-03,1.605000653422994084e-01,-3.316921921283169650e-02,2.439895629433826152e-01,9.328469332845443218e-02,1.696028229639218177e-01,2.089473591557192422e-01,1.142321186065462131e-02,1.581641061555441596e-01,2.697243747671378977e-01,3.202624139587608582e-02,1.528300433135900971e-01,1.098903779470877806e-02,3.586907763053540348e-03,6.955781746575941116e-02,2.830438264653809335e-02,1.492148080279060707e-01,-2.657881705992345966e-01,-2.316890407410839570e-01,-3.462752214783213489e-01,-2.229683254481674981e-01,-1.425978888225036545e-01,-2.918020170210894881e-01,-1.754865429917773501e-01,-2.933935921759778798e-01,-1.445137817056165175e-01,-1.661639705842269943e-01,-1.016681221935987894e-01,-2.946105337469517860e-01,-1.939069288016902759e-01,-3.228353823741850204e-01,-5.003216751310899379e-01,-3.600547773502637550e-01,-3.676808536430140051e-01,-5.055480902492403006e-01,-4.427247069439263494e-01,-5.479935542236489265e-01,-4.607981752569463296e-01,-3.107178782985199339e-01,-4.385983456802830527e-01,9.990640934184459310e-01,-1.395570332111679968e-01,-1.042663509021255147e-03,-9.990944016422201868e-01,1.776342432768267254e-01,2.010010820786219676e-01,6.652539657363469583e-02,2.935819267907816554e-01,2.555452028117565777e-01,3.223546873677503033e-01,1.938410662444802757e-01,3.530666589729928306e-01,3.819643597378721139e-02,1.097749738931107638e-01,-7.004295834086003703e-02,-2.432981356494393621e-01,-1.086694133960981745e-01,-2.000483362474010096e-01,-1.501075655521218744e-01,-6.013724393370259436e-02,1.590563681421451325e-01,1.347122698731704760e-01,1.555236352305451042e-01,9.988702114791936371e-01,2.147456239314504967e-01,2.103940273021166485e-01,-1.252201452757512046e-02,5.495039471746627768e-01,-9.991925223398454570e-01,8.834593201084194047e-02,-6.234142836446133762e-01,-3.129414173501860463e-01,2.250590861610843874e-01,-4.068212458294864775e-01,1.750536245383061407e-01,-2.209644063463088448e-01,3.736064793364764491e-01,-9.936480161504931963e-02,4.037969413074831149e-01,-3.884926269988666636e-01,-1.030986586920867587e-01,-6.212051498952608775e-01,-4.292567911423970095e-01,-2.654029023604764226e-01,-6.734875380888798446e-01,-2.846582471543662729e-01,-5.633744380334136936e-01,-3.372471394217734786e-01,1.000000000000000000e+00,-4.933701526215457656e-01,-2.401941642974929625e-01,-4.553796949482275536e-01,-3.427783706354254889e-01,-3.387343802845345642e-01,-2.906724207755249645e-01,-2.607403207646096996e-02,-3.030492312175970260e-01,-2.015030401472429622e-01,-2.712470991873349724e-01,-3.011844866452434988e-01,-2.653205363988895837e-01,-2.911691244673830781e-01,-1.473939265945512223e-01,-1.930974760664228296e-01,3.103318845130941805e-01,1.242206119985202611e-01,-2.645320421281808776e-01,-1.469400724683264936e-01,-2.440621150976634013e-01,-1.623224262010711239e-01,-1.456496889728816080e-01,-1.262417968283310321e-01,-7.019042307438533301e-02,-6.413496757039324758e-02
-4.756497241843681001e-02,-3.996289104456623997e-02,-1.418490449762515315e-01,1.378522012917236250e-01,-1.422955279337257684e-01,1.355877006601330925e-01,-2.152308720692725774e-01,-1.391388417338671746e-01,-1.609184275949501752e-01,-1.698341888020434010e-01,-9.890628896078668131e-02,-4.480758779076331189e-02,6.850300589967853182e-02,1.020137855326642834e-01,-1.348491279761391062e-02,-5.365601194180989048e-02,-5.596354659570254575e-02,-1.404191481707168787e-01,1.363105075176530567e-01,8.565371939749365227e-02,-2.875636203683848424e-02,6.531318222063749179e-02,8.986504867231637217e-02,4.722688366000740018e-02,6.494108002183579531e-02,-2.163336516504451093e-02,4.344927884639368521e-02,5.709862396113610239e-02,-3.504894279897463605e-02,-5.259772134908253204e-03,-1.734207039095607417e-02,1.776405038704055236e-02,-5.348998041702520551e-02,3.796325549872591604e-02,9.233177781439928788e-02,7.311689814383065533e-02,-8.288622684109850369e-02,-9.694156255327829319e-02,-1.659357367802804725e-02,-1.008077352326133685e-01,-2.378490624646791007e-01,-8.541150090333668454e-02,-1.498949376061607490e-02,-1.014192965002270463e-01,-2.880862866646424422e-02,7.574343235862059792e-03,-1.070300897819514117e-02,-3.746576885805313374e-03,-8.057273353454948162e-02,-4.445492955139590530e-02,-5.134362584829937903e-02,-4.323748138765827476e-02,1.454982240662814896e-01,-6.591927211075224169e-02,-4.931328618020770077e-02,9.351410898480087906e-05,2.857666936638740274e-01,1.641410099763213337e-01,1.935550334456221933e-01,1.980736606428453450e-01,8.942542997840971508e-02,1.666939592183569741e-01,1.614271288138231508e-01,2.333414141882452497e-01,1.657546313609314370e-01,7.996675662264600415e-02,-1.752994322996753729e-02,1.835962757379527577e-01,1.004450745626742636e-01,5.109848943338662908e-02,2.303209338810292273e-01,9.430820274661647074e-02,7.167556681447631584e-02,2.980135645726574856e-01,1.099733878753507282e-01,3.011242379517549139e-01,1.359387418818981397e-01,-2.265248556604598784e-02,4.162523180917127030e-02,-5.051950266273396162e-01,1.783136222892326567e-02,-1.667264993066507883e-01,4.957181997010605135e-01,-1.770895721739169093e-01,1.272499818831318141e-03,3.886191856027438468e-02,-6.256436631663825354e-02,-1.214693332044376392e-02,-1.318428572110198586e-02,-2.230781596312720466e-02,3.070592007622896524e-02,7.533810664324672168e-02,1.213183308709152725e-01,1.692827595137593455e-01,2.299138768168871583e-01,1.206466237065264291e-01,2.227556738269194370e-01,1.455700334939749596e-01,5.709970167208301695e-02,-8.152592907540130718e-02,-1.067846817074316335e-01,-1.141962540475299909e-01,-5.047907219643128496e-01,-1.179596169797492849e-02,-1.403775794764380580e-01,-2.426023689885481172e-01,-4.004115021671272867e-01,4.977935238025106846e-01,-2.552621138136348389e-01,3.483211224234096237e-01,1.911557436212983629e-01,-3.370881042471033373e-01,7.459312117947862475e-03,-2.761710936094240454e-01,6.940863317048935610e-02,-2.207545776492666478e-01,2.178155548049602423e-03,-9.047948066674307843e-02,2.944735573470829704e-01,1.848834125791568861e-01,3.279754780685200655e-01,4.465151319653367645e-01,2.337043608853253684e-01,3.972313582313825031e-01,2.180177578619052203e-01,4.524442638503231029e-01,3.441953187587855068e-01,-4.933701526215457656e-01,1.000000000000000000e+00,4.760973864009767076e-01,5.410071861869787391e-01,4.235106474832196488e-01,2.850774533700940472e-01,3.960739495470064764e-01,2.478133354273353781e-02,1.838121932522102375e-01,1.206764333135095096e-01,1.432547663795816217e-01,1.525910820631456444e-01,1.294309046048623679e-01,1.289561739155551667e-01,2.967483057993591106e-02,9.685593918288427917e-02,-9.171119188392570787e-02,-8.908598464735470457e-02,5.805570566834747370e-02,1.026510090533953590e-01,9.484268424566731637e-02,8.998947124279954579e-02,9.642952017809221232e-02,-2.355102445023035760e-03,1.423606174215202511e-02,-1.310302792710747732e-02
-3.793012740041674241e-02,-5.303896390288568435e-02,1.596578428547230574e-02,-1.746955189581162610e-02,1.464494167310727984e-02,-1.937509760024938923e-02,-7.705146423106251641e-02,2.861317166274739837e-02,-3.336593229800915994e-02,4.546624553372644040e-02,6.744759156714072446e-02,1.178682964781749415e-01,6.694563890017241059e-02,-5.063122427293369893e-02,4.352732273598888812e-02,5.462626128460618818e-02,5.039499750870403416e-02,1.493509943083200404e-02,-1.586923654634625133e-02,7.396939014367670540e-02,1.071539146144807192e-01,4.460768592113865255e-02,5.090279930431831218e-02,9.088414281445611476e-02,5.669073812330267109e-02,5.863190850687780703e-02,1.073483779733218901e-01,2.040228949244577913e-02,-7.774035886587879474e-02,-2.198265180807908864e-02,-6.233495256787678629e-02,1.911959356631783014e-02,-9.473169336884126879e-02,2.566875130147882808e-02,1.606062349905859055e-01,1.110133930662159929e-01,1.784272573236421813e-02,-2.260463242543515883e-02,9.026958484963166704e-03,2.633673890743923069e-03,-9.566678400967051910e-02,-2.058559881644531769e-02,1.008242491790309475e-01,3.571070252641303511e-02,4.632337444290242356e-02,1.078699030428428574e-01,6.455703181023038362e-02,6.967946081755593823e-02,2.490000381607533966e-02,8.860612100075822978e-03,9.244904033259950318e-03,3.045963529973489542e-02,7.722564692656817831e-02,4.033527813981566817e-02,1.181462838509717526e-02,8.297908449815022403e-02,2.609789629892568796e-01,2.038097286740613023e-01,1.386527952900153127e-01,2.208798498956678902e-01,1.407948243362050766e-01,1.426902384235279875e-01,1.919388977115679962e-01,8.100084869784202057e-02,1.571929115091666995e-01,5.343652543460213067e-02,-9.683846520866121145e-04,1.124398640047041681e-01,7.042182777429448204e-02,-2.908663621693778623e-02,1.104054516793706864e-01,-5.606343871130759632e-02,-1.447507592877151084e-01,1.340622960935839714e-01,-8.212472758735861467e-02,3.722118693472068612e-02,-2.575070888697173280e-02,-1.417048060175174762e-01,-1.022184831702524083e-01,-2.522897635521435533e-01,6.122453428690825122e-02,-5.877362703612348804e-02,2.450245047333692583e-01,-5.312041684115011847e-02,1.150618620674822706e-01,1.271312416718988446e-02,9.894100484533061013e-02,8.153908496505866965e-02,1.054187866648966521e-01,9.350204731051740825e-02,5.017185498933648957e-02,4.824156361742491100e-02,1.506964401979354051e-01,1.132688017262107327e-01,1.737826650929405192e-01,2.192986240460725600e-01,1.107007105312075163e-01,-3.005151259156828986e-02,6.461339741459662389e-02,-6.495773891254152943e-02,-7.696034619992729586e-02,-1.208773234751573666e-01,-2.511764075521635275e-01,-9.173104225591352523e-02,-1.200839006393885910e-01,-2.462817482790699564e-01,-2.789998831068546403e-01,2.432642706732724980e-01,-1.937381357849118357e-01,2.473899685099359980e-01,4.253642591915497706e-02,-3.240486455559565826e-01,-8.645541971056862340e-02,-2.323377227321520022e-01,7.311199683432810514e-02,-8.881415576680722068e-02,6.088045053186171875e-03,5.709674518545954092e-02,2.304381086569968484e-01,1.756618217417021954e-01,1.707979391729058383e-01,2.892359147568397404e-01,1.788091769221450689e-01,2.046932277506737230e-01,2.431158930597406564e-01,2.629259576516989605e-01,3.171239903649065162e-01,-2.401941642974929625e-01,4.760973864009767076e-01,1.000000000000000000e+00,4.604417467883322179e-01,3.984486807853978019e-01,2.102546295005389976e-01,2.876406526413061160e-01,-1.189476786885414333e-01,-5.559322208638092268e-03,4.196730240080998042e-02,8.456037349096416633e-02,-1.170307750969893160e-02,1.290911441896052669e-01,-1.093782623519874569e-01,-9.536721929709109091e-02,-9.622673550620969296e-02,-3.303172002057584017e-02,-3.903859772777056730e-02,-1.268823219130735258e-01,-5.329293868810772855e-02,-9.870824555806320677e-02,-5.032597303858606791e-02,-9.642872538624343293e-03,-7.196279383942857932e-02,2.444471970927135276e-03,-4.025963084492384381e-02
-3.545378600139029862e-02,-2.346787973288180784e-02,-1.156220484637109636e-01,1.150893132241765787e-01,-1.177234895600780540e-01,1.130737912126908024e-01,-1.400368885774677108e-01,-7.331989008443090539e-02,-1.103107178620259393e-01,-5.079667556995805244e-02,-7.915290649937299639e-02,-1.645221153031480033e-02,7.629569044305742342e-02,1.025394368852209220e-01,2.080435497097889858e-02,-2.058831977405092741e-03,-6.837330287225769354e-02,-1.169736851763718832e-01,1.126869082891023971e-01,2.399228191099102639e-02,-5.962953722703932813e-02,-3.308501276140857726e-03,4.314422228336687454e-02,3.230849019957190288e-02,7.658465289892579797e-02,1.449776344028379932e-02,9.397408075363745950e-02,9.234482685493242138e-02,-9.058464629733570250e-02,5.546734918112688519e-03,-1.400978092229838122e-02,-1.390487392281784633e-02,-8.556366968498962597e-03,8.332295884741772185e-02,2.621364306834755159e-02,9.178262032622142019e-02,-4.156875254148513499e-02,-3.289015368402972705e-02,5.827348056418853173e-02,-4.403171274915669564e-02,-1.494864266439767386e-01,-3.487129704628857269e-02,-3.821379405154991249e-02,-5.074446773315597486e-02,-6.438264166615473294e-02,-8.619173256039973016e-03,1.390026157614372183e-02,-7.298987886361316428e-04,-5.737280434818833180e-02,-7.183638892878876914e-02,-2.991366567609756930e-02,-1.615776478316751155e-02,1.724125160909655563e-01,-2.060904101612880124e-02,-1.018094134433984582e-01,-3.650579081273962103e-03,3.370729935267166022e-01,2.968236882528370590e-01,2.269669319244932981e-01,3.069169236575388648e-01,2.266170247809518590e-01,1.755786775021180579e-01,2.668406397834581223e-01,1.974494543977102223e-01,2.163584817083446799e-01,6.421875107159048801e-02,3.863697559577045082e-02,1.368165084017671229e-01,2.659578260558339083e-02,1.024656880928312766e-02,1.891217600746988581e-01,4.323693572973063073e-03,-3.175586102851610942e-02,2.029747687279200019e-01,6.706118117661245825e-02,1.538544198624391124e-01,1.085110833855933710e-01,4.224035560699665459e-02,6.783979490290187320e-02,-4.674818183573289931e-01,1.001363908780399659e-01,-1.212961795166068030e-01,4.634799375030485558e-01,-6.093175223463617729e-02,6.291248350894319830e-02,5.585222586340800321e-02,7.227091918734528282e-03,7.096772298064298046e-02,1.568367966509333356e-02,2.409793326637798411e-02,1.214927212370278155e-02,6.021323494947959654e-02,7.467763868865584520e-02,1.765328509589334793e-01,1.916264797262165476e-01,1.167898857381365202e-01,8.284346343228730924e-02,3.533778132287117985e-02,4.132176869556074272e-03,-1.350156142933347236e-01,-1.974007811867261597e-01,-1.536649791756226624e-01,-4.695453927603897570e-01,-1.215545126064153519e-01,-1.660170257402148464e-01,-2.369391807585706500e-01,-4.286587906242467216e-01,4.567860824392013797e-01,-1.940644468792510624e-01,3.776790364851589921e-01,5.998630796150571792e-02,-3.674541385484220712e-01,3.159473511656293171e-03,-2.197006130685829062e-01,1.835216735228881457e-01,-7.582916352944085725e-02,1.415434964699219533e-01,1.590088138836799961e-02,3.372500786876729828e-01,2.933621942563329199e-01,3.630070025037782644e-01,4.160925790572540528e-01,3.817719928898292703e-01,3.961107145721712297e-01,2.848398118154263359e-01,2.895804899564038415e-01,3.374004965339725270e-01,-4.553796949482275536e-01,5.410071861869787391e-01,4.604417467883322179e-01,1.000000000000000000e+00,4.493361344738057706e-01,4.449692050991471137e-01,3.954750881163066611e-01,1.151538335547463848e-01,2.530732550049916707e-01,2.926438033422217866e-01,2.321174726600182259e-01,2.395482543773402861e-01,3.046367713452979298e-01,1.271292961948773947e-01,-1.107413318909777067e-01,1.620965337802352246e-01,-5.127292254463807625e-02,-2.210531647411480005e-01,-2.404851604545184957e-02,7.440208629539411811e-02,-5.155271713022255287e-03,2.864271732934247847e-02,3.023470418691853040e-02,-6.762867401411620794e-02,-2.324917982954569085e-02,-5.049223830376158018e-02
-1.620549301861836169e-02,5.021126912196144897e-03,-2.681291999863552600e-02,2.628529932887016876e-02,-2.701690109461728564e-02,2.284663234200941251e-02,-1.682216798511391442e-01,-5.107681134556614488e-02,-2.218663893157050149e-01,-4.921622920823496422e-02,-1.442922516406338826e-02,2.083676811045602484e-02,1.224406037522862284e-01,7.043922935469730529e-02,-1.496381453601013621e-02,1.706751063242325367e-02,-1.432529408612060254e-02,-2.849434963565218581e-02,2.623959668386911803e-02,3.969946394023947389e-02,5.655609453878363696e-02,2.019515291713609717e-02,3.128760234440021437e-02,1.725238168224480645e-02,3.024648498688869633e-02,2.190765797395452519e-02,6.499075673258541963e-02,1.122607351312304843e-03,-5.296301363661520822e-02,-3.475814435244155634e-03,-4.741266219206031855e-03,6.629672848832572456e-03,2.267871648923271317e-03,1.210061289963965114e-01,7.836384559949226281e-02,1.643139140111055385e-01,3.880335882976985312e-02,2.106782072726255325e-02,4.809989892426871916e-02,-1.427428629644117257e-02,-1.384422131072013951e-01,-5.302011232163428983e-02,-5.801026902556729453e-02,-6.821576911097501639e-02,-3.942768916640071453e-02,-2.424011116045976522e-02,-3.871245745688405709e-02,-1.846544120732810518e-02,9.552004861825931156e-03,1.531607505619355866e-02,-1.177595181652164869e-02,3.431149325232772662e-02,2.133815552459707166e-01,9.483457323763775162e-03,-5.208428441431014327e-02,8.385592732781910197e-02,3.572666393421596309e-01,1.737143075874833242e-01,2.104346990485890523e-01,2.600569936959500894e-01,8.759200157044856605e-02,2.180819495681187159e-01,1.596776162465715077e-01,2.036215847963068482e-01,1.362565214947932257e-01,1.093205292545795099e-01,9.748011146530229792e-03,1.364379972093874294e-01,1.447295003745237840e-01,7.193900354002837061e-02,1.242346042462931510e-01,2.929903286513875146e-02,-7.361399640085404539e-02,1.604106130694508137e-01,5.543153730893643494e-02,1.180343842712556629e-01,7.121521836476510381e-02,-5.122332442509267697e-02,-5.596552246305837308e-02,-3.473351441252493510e-01,5.913162188419206905e-02,-1.262668356797459202e-01,3.431813308874361312e-01,-2.909845842591910620e-02,4.271455137643741240e-02,6.731246775617785727e-02,3.714164464578952746e-02,2.043226150745148031e-02,4.907382097054786146e-02,1.473653654696762544e-02,4.076515077005381238e-02,2.509209563488999997e-02,7.614108531639837696e-02,1.075244419914603428e-01,1.423539144925750066e-01,1.005526595786039312e-01,1.513905395688420197e-01,9.603001807854159855e-02,-1.851988179637203621e-02,-1.804408677257663129e-01,-1.283071483230097676e-01,-6.107472338490552849e-02,-3.484368714688453328e-01,8.121225101109673730e-03,-7.428085289686139903e-02,-1.713648389231421931e-01,-2.993135583939994793e-01,3.413610078527711811e-01,-1.075007878083494989e-01,2.992973077115142488e-01,2.700120561567380048e-02,-2.886923847190933090e-01,-7.578212921966394344e-02,-1.590612241824699569e-01,1.288710677979596209e-01,-7.644278631444585692e-02,1.053601292294880504e-01,-2.963102253064854238e-02,2.002878724183594361e-01,1.466691987782157425e-01,2.312214883108341668e-01,2.651082819647551658e-01,1.932582442394126521e-01,2.233085444116484908e-01,2.223746915502175237e-01,3.296983371253270900e-01,2.663412547300659239e-01,-3.427783706354254889e-01,4.235106474832196488e-01,3.984486807853978019e-01,4.493361344738057706e-01,1.000000000000000000e+00,4.420442261578321763e-01,7.239225492650384064e-01,-1.874250733114820322e-01,2.727678757700830597e-02,4.045018292661717307e-02,9.498236562757186863e-02,3.812430801465754859e-02,1.103969523200563768e-01,4.234112712941492940e-02,-5.456749589883131552e-02,5.300421919181617231e-02,-4.602797502981235966e-02,-1.059240156971944236e-01,-2.644774857238812397e-03,2.725269392630694579e-02,1.103868348407241809e-02,6.674669735968608020e-02,2.926184684647199080e-02,-2.345708019112356310e-02,1.479978367384452223e-02,1.587938423034821606e-02
-2.917769324306808756e-02,3.033477730936922495e-02,-2.435876042056220325e-01,2.427199622172078186e-01,-2.468366174827178461e-01,2.399310613677441695e-01,-9.395964390637133457e-02,-1.255750057291177835e-01,-7.728131625470502364e-02,-6.243887800194299065e-02,-1.007669586681421842e-01,-2.156692914691115803e-03,-2.856710466404997675e-04,9.136787595843173793e-02,4.613777316491771141e-02,1.826280171868227206e-02,8.918904211151166064e-03,-2.434844550980434785e-01,2.454778974577004613e-01,-7.848412468227571048e-02,-7.959350420540992066e-02,-6.070236207934702477e-02,-1.119666982816822087e-01,-3.446722307776545896e-02,-2.267526318459368168e-02,-8.158217502659759202e-02,3.595025877010887133e-02,-2.891633675982953431e-03,-1.129138185670921085e-01,-3.100747902550912097e-04,-7.140146818387062277e-02,-1.068315499492440701e-01,-4.536270347509317041e-02,3.046682630461052671e-02,-3.973773402635588647e-02,3.784212747528097748e-02,-7.101128960009379931e-02,-7.393870794937551505e-02,3.738797941112055601e-02,-1.129892831812300130e-01,-1.596776264266062118e-01,1.163869372987678431e-02,-6.536832370067360842e-02,-8.888506799991104101e-02,-1.368616870110317407e-01,-6.053669512277317505e-02,-1.170309978503496773e-01,-9.725222641140608693e-02,-5.144769657656229206e-02,-2.148362345812635313e-02,-2.153654382170174051e-03,3.683657137297760564e-02,9.542253603895381464e-02,8.139468161349503600e-03,-1.048619593124360122e-01,-1.409438655352323981e-02,2.123150108517603551e-01,1.475164402317552803e-01,1.695137814710457325e-01,1.486349882941317702e-01,7.614802997301267640e-02,9.879586402667697720e-02,9.672737132758299494e-02,6.766155629137345084e-02,6.060409322054922943e-02,1.251173681354714705e-02,-4.352468294360993528e-02,-2.289198549148044326e-02,-1.184022758425332250e-01,-3.978649903963773354e-02,3.474352076904380776e-02,-1.218058299675491979e-01,-6.446527297219074859e-02,8.302778115052159014e-02,7.060874360614280594e-03,1.097481629498925221e-01,6.095415112300033716e-02,3.211947062271341968e-02,8.582557473020734073e-02,-3.427190605626067033e-01,1.142634249308750877e-01,-2.032455795099386356e-02,3.388851339185678380e-01,1.542916912981454579e-02,-2.593545896818610745e-03,1.267244997362015034e-02,-6.398361531468582664e-02,3.110672393171231079e-02,-6.426176168806237154e-02,2.250281199847300323e-02,-5.606698256372483896e-02,1.912959855436409742e-02,3.417255741146361242e-02,1.433445515856170138e-01,1.292075861947956927e-01,7.071700267163326392e-02,1.147079781789206721e-01,-3.760741891499373712e-02,3.292894567716511678e-02,-8.951899503635867006e-02,-1.183823781374959833e-01,-8.927920902485220189e-02,-3.430103208579541874e-01,-1.104118872781180601e-02,-1.061043914565242274e-01,-1.446922379207526144e-01,-3.018392330327143713e-01,3.329977440249632381e-01,-1.525495972204823358e-01,3.005931378904379003e-01,8.865129076975386546e-02,-2.759411883279325739e-01,2.658251343716567378e-02,-1.169427590989397109e-01,5.373715382083590203e-02,-7.812116213187435612e-03,1.144210907402815058e-01,3.009345713509625070e-02,1.351823072469530429e-01,1.262799499913109802e-01,1.815436426031132866e-01,2.084006815780785338e-01,1.526092223736904563e-01,2.048291646458245963e-01,8.000515514089938385e-02,1.435921882930459581e-01,1.609028551788346528e-01,-3.387343802845345642e-01,2.850774533700940472e-01,2.102546295005389976e-01,4.449692050991471137e-01,4.420442261578321763e-01,1.000000000000000000e+00,1.704685347400903273e-01,-1.817940823151538987e-01,3.265902727815412909e-01,2.343968258914713165e-01,1.526858666832814071e-01,2.875363657085148184e-01,2.209890707141322352e-01,1.859594566159717410e-01,-3.371648915310338640e-02,2.213414618083338614e-01,-5.751718141890040797e-02,-2.066814518173496484e-01,5.665328780207280757e-02,9.094443023099707535e-02,-2.742847389865426047e-02,-1.009099346372929404e-02,-1.668047916706677861e-02,-1.216959890177825125e-02,-5.189654300644054585e-02,-2.639219498551012219e-02
-5.378826489833520713e-02,-7.476382085563306606e-03,-4.003513423424170936e-02,4.103137696133947465e-02,-3.997945992882859928e-02,3.807401156246020130e-02,-2.218472992615573569e-01,-2.632898493473408846e-02,-2.532024947828180883e-01,-9.829442522515073610e-02,6.007629215888017626e-02,2.450853521461663145e-03,2.336935798845240775e-01,6.277994471605997939e-02,-1.283097631051387244e-01,3.971705508428147874e-02,-1.106537915923884868e-01,-4.344409344586846328e-02,3.497772435192568474e-02,2.553871761697408538e-02,-1.326006146077263366e-02,-3.076221498059242623e-02,-3.911329322850861886e-04,-3.287029054976488979e-02,2.443894843952558460e-02,5.962380284047155699e-02,6.253039374638549863e-02,-5.531560317852713543e-02,-5.892751713424396708e-03,6.655943698951985454e-02,3.729462689762877425e-02,5.059369750246287684e-02,3.596765873648362366e-02,7.298869848363379043e-02,4.924785197174975232e-03,9.614773507426062349e-02,7.542514502954147243e-03,-3.284935807488670312e-02,2.273065203322633884e-02,-8.437750845353213236e-02,-1.363399743240103212e-01,-1.272556750747432519e-01,-1.656484569564301013e-02,-3.616268239938637968e-02,4.495568698988693102e-02,4.014270074959093437e-02,1.478098609894908620e-02,7.432263470371921685e-03,-2.978227272097515657e-02,-2.216723450597829492e-02,-1.992268651138076607e-02,-2.784393161894809648e-03,2.115430500497445521e-01,4.491939529351751670e-02,-2.923791064544101204e-02,6.822423742331576446e-02,3.272210574804858552e-01,1.373470699574503573e-01,2.233046268265434786e-01,2.480204160570706751e-01,8.310698512014950967e-02,2.282102727003798570e-01,1.605641987221621547e-01,1.922883307871668668e-01,1.167885509958044299e-01,7.957497995995865825e-02,2.414136018658640664e-02,1.286007568635843534e-01,1.250506036769646057e-01,7.978782504546542975e-02,1.027152015587404627e-01,3.466475136039235544e-02,-9.294661076697371960e-02,8.967435136465858048e-02,-1.949739578144222760e-02,5.023576698793898870e-02,-1.343080533802266247e-02,-3.038016759097893899e-02,-7.566354688681409257e-02,-2.962986875306389822e-01,6.115474425836691513e-02,-9.572460815476928342e-02,2.920542230955730512e-01,1.493895373693952117e-02,1.672694129720891099e-01,1.934539297414554493e-01,1.301029712376784442e-01,2.260903036569913635e-02,1.211901677293613921e-01,4.468805574966469682e-04,1.090762420624094287e-01,5.270804509555911815e-02,1.337590570362258424e-01,8.447790505868725541e-02,1.146039855030263621e-01,-3.193520855434776873e-02,9.632535091229507684e-03,9.771035832687582912e-02,-1.411495624723440034e-01,-2.134399200057355839e-01,-2.101323028982532426e-01,-1.027008317848916996e-01,-2.978431429270488873e-01,-9.657137510309405509e-03,-9.612254269179855426e-02,-1.526981308859927111e-01,-2.114783788306247858e-01,2.880730557193478814e-01,-3.506315033245024915e-02,2.174338497513421953e-01,-5.523894956236694714e-02,-2.411021042592405572e-01,-1.361020667107651072e-01,-1.133353084959643625e-01,1.497821768655918095e-01,4.119260015982362938e-02,1.689308806823048015e-01,8.964275230772568437e-04,1.421118396445753274e-01,1.941524416458937641e-01,2.194982109703803308e-01,2.299856439907528305e-01,2.638491076569485227e-01,1.925975475303927931e-01,2.029595386418547587e-01,3.085781114456787599e-01,2.800104390714613922e-01,-2.906724207755249645e-01,3.960739495470064764e-01,2.876406526413061160e-01,3.954750881163066611e-01,7.239225492650384064e-01,1.704685347400903273e-01,1.000000000000000000e+00,2.078901396938834800e-01,1.025723664983652222e-01,1.773868119497709894e-01,2.063576566240436228e-01,8.663085700480598061e-02,2.229153783847223069e-01,6.456677364259126584e-02,-1.379245159323515546e-01,1.200538256700919432e-01,3.105701602217637511e-02,-1.937083912191518986e-01,-5.785376578884744020e-02,1.227095327795689056e-01,-3.963358181338426205e-03,1.127825334126086737e-01,7.934359687038634867e-02,6.774909825383502830e-03,4.622170154479922355e-02,5.651470086951047855e-02
-6.672589253394148323e-02,-8.597292836025689083e-03,-1.322805512343978029e-01,1.392361242167367841e-01,-1.318420632462730946e-01,1.394294067572293960e-01,-5.923089273141646932e-02,-1.234088841736825579e-02,-1.319595163111357203e-02,-7.536374888983474185e-02,4.482892916167417752e-02,-1.209440458956066167e-01,6.736432468834267773e-02,7.570817675122406415e-03,-1.430497601471051317e-01,-1.066034434559600258e-01,-1.726806269076203160e-01,-1.346904223464937822e-01,1.254978899047992924e-01,-6.253581799449908774e-02,-1.542300464934096005e-01,-1.998224706890481539e-01,-7.930953912947995288e-02,-1.815598894158676757e-01,-4.399017023210708560e-02,-2.530011547177226858e-02,-5.089308954395822121e-02,-1.146023675193573871e-01,2.971531550448240286e-03,8.899791778226241734e-02,-3.000581212843926593e-02,-3.733743823416989932e-02,2.578051409494068816e-02,-7.999975342969500858e-02,-1.819943180624145618e-01,-8.828758683616683145e-02,-7.247550044458192509e-02,-7.636471575243984622e-02,-1.026749836542987723e-02,-7.737165343252630501e-02,3.883662170092463256e-02,-3.057847847521395074e-02,7.533665622728093203e-02,1.067978938253245358e-01,8.833087827110917833e-02,1.057519821165545382e-01,1.046603329304123392e-01,2.944461688077795736e-02,-1.174669417781645936e-01,-6.717161478419243770e-02,-2.735393510996212557e-02,-8.441957774297430273e-02,3.114176745814022443e-02,1.474520556831184891e-03,6.050117384711571622e-02,9.383293338083751114e-03,1.301105372269898384e-03,-4.431973739594126382e-02,7.896189778739516954e-03,-1.765623446837346483e-02,-5.774328988981887456e-02,-1.991443652719493765e-02,-8.739601120090234598e-02,-7.293925855417485171e-02,-1.319728145313862899e-01,-6.542100665889176436e-02,-6.597692747769333399e-02,-1.614614979871488720e-01,-6.069747080050574145e-02,-7.830475680427237406e-02,-1.244666316421446789e-01,-8.042136854294866521e-02,-1.200573692643395161e-02,-1.314319627530576018e-01,-9.682614594061408897e-02,-1.327564565600000135e-01,-7.762265138976988388e-02,4.696946025841415573e-02,-3.536134140838543757e-03,-2.993447594017106111e-02,-7.333124970983496971e-02,-2.436879936558680390e-02,2.463121682329971751e-02,2.222963062546672378e-02,1.404199643556500454e-01,1.760377822629831945e-01,1.279942719382722305e-01,6.972897774210376487e-02,8.308306716375241097e-02,2.615765815622242418e-02,9.017354365418034368e-02,1.214626355420921483e-01,1.553843423356267017e-01,9.634673169819413241e-02,2.675879325870783587e-02,-1.536595471068319119e-01,-1.142119739249674581e-01,1.014979803641876399e-01,-1.595006983805733747e-01,-3.894972627669356091e-02,-1.500518318413071039e-01,2.300954682092635345e-02,-2.892045153930586365e-02,9.082470322212364555e-02,-2.906848868664813068e-02,-9.837928220082599318e-02,1.860768329916212202e-02,2.402079084355802571e-02,-4.944795104860982143e-02,-6.789577779881153519e-02,-5.308431204934710435e-02,-7.441173250302927922e-02,-1.492580497189621158e-01,-9.082390050153001104e-02,-4.557913568102159307e-02,7.322324892066148228e-02,4.568020455082065501e-02,5.894732781788687009e-02,-2.313099237326819019e-02,1.040776290161564838e-01,-1.297470548040935423e-02,9.655083038960338149e-02,1.789260078224283179e-01,3.048811061191441379e-02,2.905395719941293586e-02,-1.077695238918023254e-02,9.100908636037699506e-02,-2.607403207646096996e-02,2.478133354273353781e-02,-1.189476786885414333e-01,1.151538335547463848e-01,-1.874250733114820322e-01,-1.817940823151538987e-01,2.078901396938834800e-01,1.000000000000000000e+00,3.617796988314698203e-01,5.003256814462428981e-01,3.010124886965102609e-01,3.360061795819302422e-01,3.362157316360396275e-01,2.238503139619635596e-01,-1.606594781015354134e-01,3.247034581864579050e-01,8.502141331136477131e-02,-3.436946968936531732e-01,-2.422130755718396051e-03,2.869721970985027459e-01,3.294619340235564742e-02,1.042084354391956541e-01,1.489991168573935876e-01,4.833403309183905566e-02,2.253116853002071901e-02,5.932332850351714620e-02
-6.296531731454570180e-02,8.385114628740853587e-03,-2.864583859379234432e-01,2.830614085901239085e-01,-2.863426884566732666e-01,2.816506153152144032e-01,-1.702148486143590378e-01,-1.725307371253536337e-01,-1.022523696427082712e-01,-1.577903953023273853e-01,-1.190802813740223232e-01,-1.141627703891758688e-01,6.071347706860288213e-02,1.281297697934851154e-01,-6.534474427164567445e-02,-1.169930997924905763e-01,-2.037327317646059344e-01,-2.861241638494821937e-01,2.769033823468932121e-01,-1.142158060854442658e-01,-2.172992231728070045e-01,-2.168497041011530901e-01,-1.150990205316446691e-01,-1.861230998099325518e-01,-5.040546296690055772e-02,-1.391321400813373688e-01,-9.514445911125586630e-02,-5.374590281129276725e-02,-1.639702113861209454e-01,2.266372594273654423e-02,-9.797172935419075357e-02,-1.003237625177063747e-01,-2.730604513024239080e-02,-3.281057152595161230e-02,-9.028011406117077142e-02,-3.369719703075815115e-02,-1.497598590701636756e-01,-8.442370238952719153e-02,-2.859216467865646066e-02,-1.374143905736673887e-01,-1.196170616520772223e-01,-7.524521781024462279e-03,-3.964236675390102327e-02,-6.182819916350262152e-02,-1.018926696748280042e-01,-3.755361560379796154e-02,-8.937564889822477432e-02,-7.195041517176639645e-02,-5.704876441440299289e-02,3.833783709369827791e-02,1.167472073866523824e-01,3.184170701397487369e-02,8.917721441788616088e-02,1.123484679150283522e-02,1.573350624987091689e-02,-4.829224420941603119e-02,9.488310288821688587e-02,9.350027133163052451e-02,1.592391980046694855e-01,9.912709896407552457e-02,8.289259226553266635e-02,1.019939143320646863e-01,7.017093402413264458e-02,7.817042336260403290e-02,3.562066259638316246e-02,2.929031093296844898e-02,-8.101438635261649923e-02,-9.627313976769191761e-02,-1.678148532828899198e-01,-7.970221539553512535e-03,5.687221300550307501e-02,-7.864143415477208021e-02,4.131889372120596537e-02,9.977777649252289605e-02,2.332317936664943941e-02,9.816025852374225813e-02,4.936515599983232194e-02,1.301894742649587211e-01,2.057416567524225637e-01,-3.071913151945755982e-01,7.878712229073960016e-02,-6.174568682223701560e-02,3.045150771914720833e-01,1.923559772852474412e-02,5.308569465405668653e-02,7.903128772885686937e-02,-3.416980399953628567e-02,-3.952539214840041643e-02,-5.648970468098691439e-02,-5.534563946849842958e-02,-2.592803704534141912e-02,2.805046626476976127e-02,-4.650193863686431783e-02,1.281219410332657405e-01,7.132495754673368049e-02,-5.777312426159410957e-02,1.640840046790020823e-02,-9.510205191561002828e-04,-5.758020800010331397e-02,-1.342679805924474890e-01,-1.150954235385353991e-01,-2.907925219434306929e-02,-3.084851829454527405e-01,6.101948895231416176e-02,-4.141455452311969265e-02,-3.497432464046901224e-02,-1.271881659225270744e-01,3.017627947237769281e-01,-8.408584281465630861e-02,1.222670451977801304e-01,1.221844151751536045e-01,-9.656652639438960406e-02,2.862950630386442916e-02,-4.040406161448020783e-02,8.253482414029782166e-03,-3.739512760291251355e-03,3.979822663901116941e-02,-1.669643558948159454e-02,-1.536579746864079679e-02,5.093355251248062043e-02,1.066149748622999271e-01,1.344296189137504649e-01,1.601358363492357273e-01,1.661235274741511281e-01,1.683364654292301282e-02,6.234144682533938886e-02,1.249261819281030084e-01,-3.030492312175970260e-01,1.838121932522102375e-01,-5.559322208638092268e-03,2.530732550049916707e-01,2.727678757700830597e-02,3.265902727815412909e-01,1.025723664983652222e-01,3.617796988314698203e-01,1.000000000000000000e+00,4.202681519228735341e-01,3.573819898481682689e-01,3.284496708532925191e-01,3.783837750637441544e-01,1.333545357209416360e-01,-1.069264575866010480e-01,1.607850191131988959e-01,-6.265836960720719273e-02,-2.379926695861075414e-01,-3.833935319760166383e-02,9.265555072875311660e-02,5.021376806554415928e-02,1.430918660097057170e-02,6.163702512990294063e-02,3.428433499786890520e-02,-7.572082324928502452e-03,3.683537968470224078e-02
-8.758624025869041207e-02,-3.447777152859018979e-02,-2.843109798859545512e-01,2.876207782831467497e-01,-2.824094075605849685e-01,2.870437852754952335e-01,-5.547006537997575815e-02,-3.974198809315561409e-02,-3.117239127553168149e-02,-2.346726328287192936e-02,-5.603806550152123922e-02,-4.595556242039942896e-02,1.214244440518501408e-03,6.999078396039258576e-02,-1.153804471473972651e-02,-6.740633368399792658e-02,-1.014421411764957898e-01,-2.863278480771316303e-01,2.789796899282843690e-01,-1.711369024541097572e-01,-1.748130341363476337e-01,-2.008483530672220407e-01,-8.481761624635174301e-02,-1.498408694497720406e-01,-6.015763294223266944e-02,-6.082830298845983558e-02,-4.623405692484485602e-02,-1.103127195178437853e-01,-5.947990717103469188e-02,2.977156366523391051e-02,-6.354202885011432655e-02,-1.576316498432482061e-01,3.915188016260054936e-03,3.221034747885263838e-02,-1.158219285689433276e-01,4.428175613691386070e-02,-6.602779247624099290e-02,-8.684070550975456215e-02,1.743609690966631265e-02,-1.726579404965983278e-01,-8.549852441156483018e-02,-1.005744267397297304e-01,-6.301475486646657131e-02,-9.514310058518277158e-02,-2.753266817607203862e-02,-5.625124706992572221e-02,-6.328459967190999680e-02,-7.631286771372997046e-02,-7.358933660284718015e-02,-4.387124892245169994e-02,-4.539353530886332949e-02,-2.323762038061610510e-02,1.112080365471859733e-01,-4.324616669739777403e-02,-1.160351521425174309e-01,2.005970165314616832e-02,1.315600917946200266e-01,3.405425402002220520e-02,4.560463573523574482e-02,8.742365590240781803e-02,-2.135894196757697275e-02,-5.666800423413124489e-03,2.293721418639863008e-02,-1.965032885834654477e-02,-4.147600121276445728e-02,-7.642177393766581839e-02,-4.096330117925751219e-02,-9.629796677985065501e-02,-6.657140810288432464e-02,-1.006210422602509674e-01,-9.597672234252883905e-02,-1.723168891815577974e-01,-7.992705062177113406e-02,-6.012763133682700462e-02,-1.155814426568175513e-01,-1.233722277834032634e-02,-6.857853651383269411e-02,-4.573511784998808560e-02,-1.157401258243781657e-02,-2.071987487151598639e-01,-1.026287430287288992e-02,-8.513892165481450058e-02,1.994450873809017477e-01,1.541623403556260409e-02,9.557188701155129584e-02,1.665042083844716914e-01,1.131011781190030541e-01,1.120979480917207727e-01,4.195175822751914113e-02,7.385662963899898570e-02,3.372249302422983264e-03,1.122136095523369459e-01,1.765704561427197394e-01,1.437392091619314749e-01,1.073220357866575270e-01,-2.212091407820473629e-02,1.752710583562979221e-02,5.004969324647574880e-02,-2.970760617745970764e-02,-2.038613079527920591e-02,-1.384669960038890923e-01,3.537300213534140536e-02,-2.059314245712360603e-01,1.491713483037123977e-01,-1.466272550090381710e-01,-1.954653822803718854e-01,-1.981449399968283065e-01,1.949745459482831456e-01,-1.181714791803829823e-01,1.482953751680986809e-01,-1.266840774322637066e-02,-2.517197561591906219e-01,-9.351424653365596196e-02,-1.966549770700396771e-01,-3.464632944313932733e-02,4.150305088795869235e-02,1.339106437442762372e-02,1.375021507499711582e-01,8.017115397027915757e-02,1.494372977434827165e-01,9.791854665699062377e-02,1.851015261349095720e-01,2.287312875284611691e-01,1.427285576567760006e-01,4.553231858092417206e-02,-3.487379105846573780e-03,1.491243850272206128e-01,-2.015030401472429622e-01,1.206764333135095096e-01,4.196730240080998042e-02,2.926438033422217866e-01,4.045018292661717307e-02,2.343968258914713165e-01,1.773868119497709894e-01,5.003256814462428981e-01,4.202681519228735341e-01,1.000000000000000000e+00,5.778165611410459590e-01,6.182039773360946677e-01,6.428702592620754164e-01,2.533173013144131569e-01,-2.465781285432175340e-01,3.740369706452751353e-01,8.098641724192359725e-02,-4.467511541684252574e-01,-5.969096735401106801e-02,2.150602792195650259e-01,-9.115036649665934909e-02,2.996201187593448487e-02,6.370559595841834670e-03,-5.389588275202665535e-02,-3.510731185800539805e-02,-2.670701846443178026e-02
-8.169401503927080366e-02,-4.170792730131592241e-02,-1.493728622393441230e-01,1.513571391153686607e-01,-1.476308823971827500e-01,1.492098674645123968e-01,-1.138396708861112439e-01,-1.336123382836465201e-01,-1.091517405759312997e-01,-8.122774071483621072e-02,-1.176802537910947299e-01,-7.075324249101130891e-02,3.203407658756942528e-02,1.402296458520907452e-01,-8.174161986742858800e-05,-8.803881709948838119e-02,-8.949338812728405146e-02,-1.507748369203774086e-01,1.429318097683958955e-01,-2.901325789851234849e-02,-5.081648408819717383e-02,-9.153416375973370822e-02,-5.913073044013523322e-02,-8.927878766975877456e-02,2.502072213502055942e-02,-1.806720684307004231e-03,1.961790789826695081e-03,-3.868986114960222544e-02,-1.023188935519736137e-01,-1.538668345857686741e-02,-4.113457652735311859e-02,-3.572807754379761502e-02,8.284926137967451448e-03,4.729017263014734934e-02,1.717052068415615695e-02,6.554744860074572521e-02,-4.148502690970228002e-02,-4.575392145903175306e-02,3.466143960296355631e-02,-1.147099560124899692e-01,-8.252078952511404664e-02,-8.507430062808624127e-02,-1.524261857963197554e-02,-8.161416044630966093e-02,-9.579165961749526101e-03,-2.729570586944263244e-02,-4.120695561607131546e-02,-1.140939612131361587e-02,-1.291330542385699630e-02,5.303441234155478745e-02,5.437386587414012179e-02,5.485224900728883496e-02,1.546166005549192146e-01,5.017440843606338352e-02,-1.038711393114053194e-01,8.889342745806744217e-02,1.365762394617543174e-01,3.226789362246373222e-02,5.315305552910555564e-02,1.109417942697787790e-01,-1.889281411953795545e-03,1.468966023051684888e-02,4.135368730475733230e-03,3.767092724746629734e-02,-7.510901199921705962e-02,2.048818624054624810e-02,2.079256060838764394e-02,-5.988897102753360652e-02,-1.320861234545707766e-02,-3.636123713346910841e-02,-2.464927416688788946e-03,-1.471015045221908124e-01,-1.505415102307770293e-02,6.480857169155600228e-02,-2.360577214529183121e-02,3.155726874506089435e-02,7.391157343482795787e-03,-2.433105420542663704e-03,6.739623592531197860e-02,-2.755016800010571254e-01,2.759811748638801160e-04,-1.147043216679754785e-01,2.695724696173669166e-01,-7.014862220942646998e-02,6.622877551526566708e-02,-3.155727843271935451e-03,-3.663415880008664277e-02,-1.678894820697370352e-02,-7.065804975069116256e-02,-3.477688768879488856e-02,-2.985533686942111811e-02,1.726192317412633959e-01,7.585576011016213760e-02,1.953627140147128904e-01,1.543370205031027453e-01,-4.080649776963977959e-03,4.809140349714707829e-02,4.550246427810988870e-02,-9.105046721466765122e-03,-1.158753411941031569e-01,-6.600057316873880753e-02,1.005438812851490588e-01,-2.742300834078011951e-01,1.437782455892727684e-01,-5.373986129449811328e-02,-5.107924132351273488e-02,-1.510188112620255430e-01,2.682904479878504556e-01,-5.268160236236214128e-02,1.343763790470991759e-01,6.720192005372310762e-02,-1.249248375633573716e-01,2.934070601434680264e-02,-1.423913339523034949e-01,-8.900633628861695382e-04,-8.099394471745957613e-02,-4.431355941780316249e-02,9.080881784785712826e-03,3.096526974126165982e-02,6.438870771791405101e-02,9.015636217057793056e-02,1.269636641834644419e-01,1.333962256736761498e-01,1.721683886560204380e-01,1.863484613496519532e-02,8.328448415561121032e-02,1.807585997794694255e-01,-2.712470991873349724e-01,1.432547663795816217e-01,8.456037349096416633e-02,2.321174726600182259e-01,9.498236562757186863e-02,1.526858666832814071e-01,2.063576566240436228e-01,3.010124886965102609e-01,3.573819898481682689e-01,5.778165611410459590e-01,1.000000000000000000e+00,5.073415074212778153e-01,7.153548810154177762e-01,2.426756505180565904e-01,-1.863796175623673446e-01,2.290360808238298684e-01,-2.890783044200072038e-01,-4.489636734608197233e-01,3.098229650420587442e-02,2.991894263967176046e-02,-1.740987110968957377e-03,-8.177243569330792938e-02,-1.725852484466047733e-03,-7.827091987794763950e-02,-6.239996403549164655e-02,-4.188270613160618994e-02
-4.282416245970260132e-02,1.342171157500090389e-02,-3.856719593582869643e-01,3.897422673124768533e-01,-3.827640291471063883e-01,3.878031725653259820e-01,-7.359912095607898386e-02,-1.139569442972625524e-01,-6.261107984473410215e-02,-1.047915635752739993e-01,-1.455940524770797662e-01,-1.212990334906163259e-01,-7.087564260604874156e-02,1.171001068510996029e-01,7.067174745920830163e-03,-9.438028903568877748e-02,-1.046807122743048379e-01,-3.874739056934314307e-01,3.794247207640267794e-01,-1.221547426345219733e-01,-2.630621049624446428e-01,-1.689314730348566995e-01,-1.692468902259732511e-01,-1.671484529187103052e-01,-8.098134911004564729e-02,-1.035026888746725798e-01,-2.654080385185556001e-02,-1.037237795193455686e-01,-9.619349268908736206e-02,7.522038591830679244e-02,1.293094762928242644e-02,-1.102101585706053849e-01,9.247343854902791149e-02,8.457643907709050390e-02,-1.569811737791391437e-01,5.009915345368507605e-02,-4.013622220983863176e-02,-6.024692984955713759e-02,9.762323037693330929e-03,-1.368087215827296088e-01,-4.472310318365409904e-02,3.775225630714619529e-02,-1.572986070342195508e-01,-7.404935431706902160e-02,-1.695202680662184214e-01,-1.322004242544093655e-01,-7.084521619389186342e-02,-1.636340158034661763e-01,-2.151557635162273385e-01,-1.956263970855475209e-01,-1.179486963701719404e-01,-1.113301462517276436e-01,8.203104665196239709e-02,-8.722881932251770609e-02,-6.584040643505177648e-02,4.908373182000708157e-02,2.237445173752348679e-02,1.257063832544172248e-02,-1.796728691112943130e-02,8.932757211966688496e-03,-1.875384579974167382e-02,-5.710794885324058795e-02,-5.686672398567907231e-03,5.786281617831974533e-02,-8.635298762442801535e-02,-3.371692966727406898e-02,-6.313065772634564310e-02,-1.161394463323848492e-01,-9.818876101572698856e-02,-7.436702940557216035e-02,-1.146645234859928197e-01,-2.034278467442066640e-01,3.746676654221536840e-02,-5.643073535315081685e-02,-1.189559223986703801e-01,-3.952945872955648116e-03,-3.407530639657337102e-02,-3.935605731753755165e-02,8.860661935627076394e-03,-3.053095130869518115e-01,-1.292930878713453025e-01,-1.477333768611910070e-01,2.942963569142224012e-01,-1.220556131018983304e-01,7.753309955242291412e-03,1.005447512221326750e-01,-1.229196842294338725e-02,2.427356272009156130e-02,-4.558900713031868029e-02,-3.316167997897388753e-02,1.267991672705386401e-03,2.073883683755632368e-01,1.969263564410196898e-01,1.984391921073715148e-01,2.408953140390826253e-01,1.369984118029330972e-03,1.260591383466561355e-01,1.505698490822653113e-01,-5.440963762738061649e-02,-6.842817386855326589e-02,-1.631278701003239240e-01,8.764696321470777374e-02,-2.995846981765580841e-01,2.261181003580718663e-01,-8.916382809391810993e-02,-1.283675859486012039e-01,-1.847386905217064390e-01,2.934752174998684349e-01,-1.458861414148703850e-01,1.544801293643568441e-01,1.195767011868034413e-01,-1.883838726869238867e-01,-7.085210338626968252e-03,-1.479553173386026210e-01,-8.452270003759709827e-02,-5.255886757438977402e-02,-2.489015135682283442e-02,1.376752577070418197e-02,-1.017727144494732019e-02,4.450968137783461315e-02,2.656082294352477696e-02,1.594786451777548408e-01,1.043510819601222855e-01,1.332073412639421528e-01,-7.782871930017208617e-02,-4.363950087609344552e-02,3.831124756315481411e-02,-3.011844866452434988e-01,1.525910820631456444e-01,-1.170307750969893160e-02,2.395482543773402861e-01,3.812430801465754859e-02,2.875363657085148184e-01,8.663085700480598061e-02,3.360061795819302422e-01,3.284496708532925191e-01,6.182039773360946677e-01,5.073415074212778153e-01,1.000000000000000000e+00,5.732666698447994591e-01,7.209641410570912790e-01,1.325583583183036485e-01,6.522590923947647612e-01,-3.046935954248167766e-01,-4.857086519486893406e-01,4.088845512248850400e-01,4.211934083277811824e-01,1.897634621821451817e-01,1.619219626328902983e-01,2.045413210799715553e-01,7.534210572491645275e-02,3.839399931733390725e-02,7.442726161012486186e-02
-9.887944056432690365e-02,-6.170170134108284021e-02,-1.591134818426506725e-01,1.606700263427059128e-01,-1.583994356061686204e-01,1.591829789667797423e-01,-8.337991070598808896e-02,-9.223038490382853838e-02,-5.997726616796282550e-02,-8.701602430054330983e-02,-5.634582789867795954e-02,-6.520728948590902296e-02,1.095654712985981438e-01,1.161081564353714651e-01,-8.074877838666365271e-02,-6.983145692539725891e-02,-1.533895664922387825e-01,-1.629980975217920069e-01,1.531001937560682313e-01,-5.445850601133546409e-02,-7.294521195018269233e-02,-1.493504646121826263e-01,-1.085969717618370384e-01,-9.330343727568386758e-02,-2.079630699303867611e-02,1.834900885916570037e-02,7.478221669107188233e-03,-4.885165910514035342e-02,-9.394305590663089289e-02,3.832253606649136529e-02,-1.853529881628424372e-03,-4.960733050856128146e-02,3.755917165491043375e-02,6.171291642284042894e-02,-2.380399523683728383e-02,5.576916911769855267e-02,-4.722651984373735234e-02,-1.120587440334228357e-01,1.483755014370629309e-02,-1.824630308130025247e-01,-1.136496550412991607e-01,-1.247080080301914279e-01,-7.478579775091008519e-02,-1.577588643997271112e-01,-4.904872100405656410e-02,-9.360177336055788833e-02,-8.161278991744246036e-02,-3.290136241239247084e-02,9.040312309458450185e-03,4.933809429734680591e-02,6.076112949151203646e-02,8.604671115624776268e-02,1.616039303429326057e-01,9.855266686212625638e-02,-1.351763563153075831e-01,4.206717705189671336e-02,1.348650303701943165e-01,7.509693701472495986e-02,7.868229448361878375e-02,1.280327445872924963e-01,5.337283194768172034e-02,5.958550584500992009e-02,7.653624263430033881e-02,4.487771959137792227e-02,-6.346212292231052238e-03,6.232412569659304645e-03,1.332613621692887236e-04,-2.099142537932377137e-02,5.622472427075688936e-03,-5.422289853323114528e-02,2.111099642591319700e-02,-1.275618123112593205e-01,-5.733017935014439459e-02,6.352301848751384927e-02,-3.079237556813552504e-02,3.524464590889809373e-02,-7.641727337935289195e-03,1.026713384681058813e-02,9.091322623416185633e-02,-2.698206039053870908e-01,5.110350419723724835e-02,-7.962161802147027512e-02,2.667504104720921920e-01,-2.948460691983865664e-02,1.217278788913264270e-01,4.302128119246308169e-02,2.786424676415887730e-02,4.195660906629093342e-03,-3.282848467497742617e-02,-9.581935644321026846e-03,-5.537955815388595493e-02,1.398573436609192588e-01,1.037722867526373050e-01,1.644371310664756169e-01,1.592793647857872752e-01,4.809108917719927961e-02,-1.135193710364166067e-02,3.231238053052225279e-02,-7.774559835563349397e-02,-1.191867045261757185e-01,-1.422731370280294616e-01,5.377550563679284190e-02,-2.709618377883574181e-01,1.020001868432123815e-01,-1.560565032509317329e-01,-8.922065247667110288e-02,-1.706949050096869258e-01,2.615608093537506451e-01,-4.318086446831408826e-02,1.647580362822576860e-01,-1.069620979896367813e-02,-1.916532573375120674e-01,-1.559782032205284889e-03,-1.341138589131255499e-01,2.917092160937936537e-02,-6.506575790358689639e-04,3.950519432986943080e-02,2.163957658556599564e-02,7.960599135524099035e-02,1.249029461977698985e-01,1.726278985189091397e-01,1.666429988451581523e-01,1.988910823683758822e-01,2.150489550844772724e-01,7.187359660419243013e-02,8.510845423021687339e-02,2.122034612853670454e-01,-2.653205363988895837e-01,1.294309046048623679e-01,1.290911441896052669e-01,3.046367713452979298e-01,1.103969523200563768e-01,2.209890707141322352e-01,2.229153783847223069e-01,3.362157316360396275e-01,3.783837750637441544e-01,6.428702592620754164e-01,7.153548810154177762e-01,5.732666698447994591e-01,1.000000000000000000e+00,2.050729423346822344e-01,-3.436282278161702508e-01,2.692491019084422010e-01,-1.425019693635448115e-01,-5.547122877373463767e-01,-1.120726001259212679e-01,1.208625221526303112e-01,-7.639137683907927523e-02,-6.108011400470873126e-02,-1.084368646449849344e-02,-9.188462074576624061e-02,-8.083041350784699042e-02,-3.178136807285611432e-02
-1.250392878196909287e-02,5.062807829304186158e-02,-3.121769146681516172e-01,3.158993557515343831e-01,-3.091165471331606684e-01,3.138306492133740022e-01,-5.720479403398027324e-02,-1.100810597101181537e-01,-5.296339177066144988e-02,-1.155293486143131182e-01,-1.660683614209653991e-01,-1.288412229933652009e-01,-1.007169971304231332e-01,1.176627324634867550e-01,2.057596260186060622e-02,-7.117786803368031379e-02,-7.392017248062096590e-02,-3.121251981708667578e-01,3.061598526457463554e-01,-5.912653395816498680e-02,-2.957979933761396563e-01,-7.995462429857942699e-02,-1.255751101308982542e-01,-1.357546240705255480e-01,-7.098982391296877748e-02,-1.354652023482148526e-01,-2.829364147966148546e-02,-9.954725468627727281e-02,-7.305983805269868070e-02,1.070457231395081088e-01,3.724373032067227612e-02,-5.340379206599655398e-02,7.815587084877684276e-02,6.943069546252754465e-02,-1.182558435509284273e-01,6.026529189495790501e-02,1.868046627405950053e-02,1.659380101342730618e-02,4.014517434551203440e-02,-6.189885135268202720e-02,5.323048698300177073e-02,1.035441985056443776e-01,-1.683272995783597070e-01,1.062141895385657758e-02,-1.420475733308867172e-01,-9.924996965099001922e-02,-1.148696214524300326e-02,-1.549121908021910410e-01,-2.297036179316130078e-01,-2.806103042522374302e-01,-2.106814616094819792e-01,-2.325146494798098484e-01,-1.935107303762958336e-02,-1.640916210531356001e-01,1.638054561927007602e-02,4.876499919664311136e-03,-6.847863596471942538e-02,-6.253522857427536163e-02,-5.349337899450311989e-02,-6.130737680818434260e-02,-5.510549232300597511e-02,-6.745821870959625710e-02,-7.483698441243963329e-02,6.069685799326671877e-02,-1.522706589280034828e-01,-6.695432286760516494e-02,-6.209352586747512309e-02,-8.501458360939340153e-02,-6.213105230303570675e-02,-1.535624625296290284e-02,-9.775345748460630146e-02,-1.122434449816708257e-01,1.347235855187951248e-01,-9.048583656694421384e-02,-6.689699088822498307e-02,-1.088753509312646341e-02,-1.803071951108245984e-04,-1.885433408624985832e-02,6.038885047132022373e-04,-2.924837876296423333e-01,-2.070802550832091526e-01,-1.320888562109556463e-01,2.812247942866888950e-01,-1.472232266493024855e-01,-7.190405166966881700e-02,5.047423130201086211e-02,-1.027602229593168048e-01,3.522146564966847221e-02,-6.645771869333690074e-02,-4.855697648424296686e-02,3.735938306615546600e-02,2.443940848142093225e-01,1.923966787328177941e-01,2.084266069521183706e-01,2.317271999904438051e-01,-2.570311854016328959e-02,1.747782242595754265e-01,2.276608994170544742e-01,-1.169207723193057755e-02,-4.266563696537851308e-02,-1.422260577233509515e-01,6.519910950233935576e-02,-2.853459665591644989e-01,1.642801164534938851e-01,-7.158885367917827702e-02,-9.718269908468742113e-02,-1.319427678524392467e-01,2.827137356432115611e-01,-1.451678371277987656e-01,1.092440542075281268e-01,1.548520712483967832e-01,-1.340724132349307429e-01,-2.047240369096689494e-03,-1.156244103289216091e-01,-1.041014505412903718e-01,-7.926895049305344998e-02,-3.817709371275577329e-02,-2.332076983193305184e-02,-1.710282628660564005e-02,1.007274432370813474e-03,-3.415154783511101244e-02,1.192821441960539852e-01,-3.710254131275286717e-03,4.691878642269010219e-02,-8.609090961856899482e-02,4.501677318486255533e-03,-4.027828429667114352e-02,-2.911691244673830781e-01,1.289561739155551667e-01,-1.093782623519874569e-01,1.271292961948773947e-01,4.234112712941492940e-02,1.859594566159717410e-01,6.456677364259126584e-02,2.238503139619635596e-01,1.333545357209416360e-01,2.533173013144131569e-01,2.426756505180565904e-01,7.209641410570912790e-01,2.050729423346822344e-01,1.000000000000000000e+00,4.553509728277437274e-01,8.013261134114285644e-01,-4.080523520874560495e-01,-3.342153367172313594e-01,7.304239043274619592e-01,5.636132414377873490e-01,4.274626833851075669e-01,3.286791809808416454e-01,3.358493250509363426e-01,1.811623582505884622e-01,1.425252631543771353e-01,1.639864045132195525e-01
3.157204841392890343e-02,1.078179045688211143e-02,3.119566328654719070e-02,-3.811688032388277358e-02,3.475342341270777624e-02,-3.880504234487876930e-02,6.955844411390565800e-03,-9.325697220217667172e-02,-3.018201511214076496e-02,-9.256472107269468619e-02,-1.508766391679065288e-01,-8.510752790814987701e-02,-1.723729798501997257e-01,4.978353894540828856e-02,5.330674675691244452e-02,-2.207431360877052783e-03,8.670735950779345780e-02,3.710482035018574515e-02,-3.558643360656686683e-02,1.136020935841821622e-01,-1.133071398711654049e-01,1.358052038001993089e-01,3.621089418058268811e-02,3.527512989884719775e-03,3.258320654036740011e-02,-1.446715997958260003e-01,-7.130806160492635104e-02,3.859674251418371976e-02,-7.056065066802949537e-02,5.444250649498435374e-02,1.476119633974532774e-01,6.261566712090198272e-02,6.842257996685020827e-02,1.299045959378807014e-01,9.345663584368188448e-02,1.663498255180622665e-01,1.503087973813154732e-01,1.978601646616711396e-01,1.043218899971591757e-01,1.563184134646686541e-01,1.446175345129719902e-01,1.780639834350891404e-01,-5.988349084674460254e-02,1.638022792660883409e-01,-3.797593940491756498e-02,-7.351363850546077661e-03,1.034624903019920467e-01,-6.126101984573766035e-02,-7.938816517689901986e-02,-1.346146437103361571e-01,-1.561694578598062377e-01,-1.717345569316775511e-01,-1.488975378698423613e-01,-2.053954313181667046e-01,1.507925529276460952e-01,4.216932981544762454e-02,-1.593151184587955627e-01,-1.235874163201137188e-01,-1.555293547213124628e-01,-1.267279443111107851e-01,-8.591171911472213207e-02,-1.288885936614380667e-01,-8.158662226190085964e-02,-5.125359262856891973e-03,-6.912958575618671775e-02,-4.314491506895538203e-02,3.022851838370306174e-02,3.689855947070380671e-02,3.343398888682151682e-02,1.182937197593702666e-01,-1.813905577341171603e-03,1.144644872741660685e-01,2.348870499303233328e-01,3.614460333709483119e-03,4.055579156965249954e-02,6.000498681267427137e-02,1.031025216083767404e-01,1.829045057388831511e-02,7.251691619786088117e-02,-1.415292984426128331e-01,-2.625015452156993501e-01,-1.219666206290200977e-01,1.375349776586410055e-01,-2.252278375668746724e-01,-2.228199087830596559e-01,-6.046928133036484632e-02,-1.828542872943186015e-01,-9.368317898861164283e-02,-1.113147425089336950e-01,-1.670000884959643717e-01,5.234155455137200902e-02,1.303509645332086853e-01,6.367473829950738573e-02,9.911182811724522645e-02,1.596386048694733439e-01,1.339147055285088705e-01,1.526048252707516706e-01,1.772945932290082016e-01,1.755215509261517925e-01,1.054174069532778230e-01,9.155017202207194060e-02,7.231666041384306881e-03,-1.348315891495727448e-01,5.211631710729310897e-03,2.578936070538343298e-02,3.836319876537631207e-02,1.736183768955452131e-03,1.473209093497830913e-01,-1.214533033638072190e-01,-1.265243027893852602e-02,2.483229931400601498e-01,7.309899600483088511e-02,9.022117984146685310e-02,5.828995203135613375e-03,-1.357530802639578260e-01,-1.683427920343257278e-01,-1.672904943650669052e-01,-1.581936329807731578e-01,-6.875937814312839402e-02,-2.284497479742007287e-01,-1.473503203786146742e-01,-4.237589722916126900e-02,-2.753472003904510745e-01,-8.210326598945144605e-02,-1.790051717869164394e-01,-8.254237493373975387e-02,-1.742048720942530604e-01,-1.473939265945512223e-01,2.967483057993591106e-02,-9.536721929709109091e-02,-1.107413318909777067e-01,-5.456749589883131552e-02,-3.371648915310338640e-02,-1.379245159323515546e-01,-1.606594781015354134e-01,-1.069264575866010480e-01,-2.465781285432175340e-01,-1.863796175623673446e-01,1.325583583183036485e-01,-3.436282278161702508e-01,4.553509728277437274e-01,1.000000000000000000e+00,9.794024796344491524e-02,-4.445109601369284791e-01,6.032069051187672892e-01,7.842035934618853954e-01,2.909722479502520609e-01,4.209290033493093275e-01,3.893684796683289373e-01,3.351578793940220846e-01,3.009525763014238020e-01,2.410602178280632779e-01,1.900345372809054689e-01
-3.903959136261883622e-02,1.537281531168249379e-02,-3.267944418357766057e-01,3.321374936059555694e-01,-3.248346042801857347e-01,3.311231028083589933e-01,-5.482518254436685723e-02,-2.566958777324023638e-02,-1.524981760521578779e-02,-6.997572513137699513e-02,-5.262348645108783085e-02,-8.774139172984078694e-02,-4.737215631939099142e-02,4.802906982375360762e-02,-2.322448425561296145e-02,-6.009389305150842492e-02,-9.795869069125019701e-02,-3.281776691019921977e-01,3.216013461036298926e-01,-1.558994802608922037e-01,-2.980259713782295039e-01,-1.572614954043967672e-01,-1.369458223056367052e-01,-1.380927845974248835e-01,-7.922571771743891489e-02,-8.223770493655677138e-02,-1.712295778522602077e-02,-1.781442911951411356e-01,-4.912012449345911497e-02,3.425631456936318459e-02,-6.090860186159427481e-02,-1.586877771070947518e-01,9.708403117157213616e-03,-2.064218411447728274e-02,-1.668502324735529896e-01,-6.207031138127914495e-03,-5.138988923717183882e-02,-3.749789200749231808e-03,3.619057224609437129e-02,-6.102710657323027338e-02,3.754369896185620614e-02,8.052626300058121633e-02,-1.197936451143897518e-01,3.245765790689309881e-03,-1.155242959862521068e-01,-5.459234343613691975e-02,-2.887498364572447379e-02,-1.548425391461761558e-01,-2.271952785154863763e-01,-3.032431287383505758e-01,-1.749142541126235684e-01,-2.182981898424283251e-01,3.876557701604695441e-03,-1.106666724230839227e-01,-4.855564428085883816e-02,-5.015819660791555334e-02,-4.024897919031471261e-02,-7.227656837398559186e-03,1.210344186217173802e-02,-4.723838324930035304e-02,-1.525073656802541054e-02,-3.290836426115930843e-03,-6.757457061886128213e-02,4.972375095214752461e-02,-1.651457138586852058e-01,-1.210122709226410659e-01,-1.172880807529754904e-01,-1.680563899100740166e-01,-1.229998844675248837e-01,-1.110718851594952872e-01,-1.810267569796698284e-01,-1.967845425410492954e-01,2.103331210885848665e-02,-1.928763924778696126e-01,-1.463658677026822563e-01,-1.096416401749201602e-01,-1.121030320067808311e-01,-2.976278331797374554e-02,-5.174549980646405561e-02,-1.965160879380827008e-01,-1.092752585986668107e-01,-4.646071352151077277e-02,1.870317562441165538e-01,1.366517062085083334e-02,5.251620617855687345e-02,1.669902647789809902e-01,1.769842551953955748e-02,1.450367863548053526e-01,4.299815170621797827e-02,8.522878098659394941e-02,5.720022346851209860e-02,2.020192493178576132e-01,1.879970151113922461e-01,1.436476495959832789e-01,1.135244532446081783e-01,-1.252032559742760065e-01,6.212431494643385482e-02,1.290058296564401408e-01,-1.243483385285801407e-01,-6.275562126541198160e-02,-2.147519362215906669e-01,1.699022167813431933e-02,-1.930674744598966375e-01,1.293684419232056793e-01,-6.480809968080500361e-02,-1.623530621462506707e-01,-1.201565176016801545e-01,1.818899804820896804e-01,-1.087122931171626283e-01,9.481974673556703426e-02,5.804658839732373780e-03,-2.080990002370452507e-01,-1.075246805285923896e-01,-1.280042021971183053e-01,-5.166299618880870748e-02,6.546530950887737010e-02,7.205164998961470502e-02,1.241846584926908637e-01,3.625697063349316018e-02,1.423995621089422237e-01,-1.150275838524716585e-02,1.469064265991589235e-01,1.361864333918491599e-01,2.105696385240280605e-02,9.848589660147353490e-04,1.137358755233970446e-02,2.418117425137420590e-02,-1.930974760664228296e-01,9.685593918288427917e-02,-9.622673550620969296e-02,1.620965337802352246e-01,5.300421919181617231e-02,2.213414618083338614e-01,1.200538256700919432e-01,3.247034581864579050e-01,1.607850191131988959e-01,3.740369706452751353e-01,2.290360808238298684e-01,6.522590923947647612e-01,2.692491019084422010e-01,8.013261134114285644e-01,9.794024796344491524e-02,1.000000000000000000e+00,7.285953343494626366e-03,-5.799643635957113519e-01,4.695622795724921916e-01,6.570381727664095228e-01,3.448685486871525541e-01,2.725197669244472376e-01,2.910903182900399511e-01,1.158824090644400839e-01,1.247983474425539974e-01,1.465761710448289790e-01
-5.843910339920790203e-03,-4.598140414581665392e-02,2.556754201546130451e-02,-2.486348023742126351e-02,2.381058499261300143e-02,-2.183903428103095914e-02,5.325349633440955993e-02,1.930456257706779089e-01,1.045117865014478231e-01,1.164886634505449825e-01,2.139565910293023399e-01,8.307522753676646610e-02,7.565028788476718669e-02,-1.487975495325597752e-01,-5.921410926568133198e-02,4.505150717719555442e-02,-4.197170689328360953e-03,2.399906860313026982e-02,-2.243698031605999635e-02,-1.497151013737172132e-01,1.063122615809759287e-02,-1.074326568288737488e-01,2.025889938685615510e-02,-1.553887699338937561e-03,-2.238689441712402722e-02,7.042469468691810175e-02,-5.799261875311209798e-03,-1.414171147360074599e-01,7.014171371860875026e-02,-1.231185487771147974e-01,-1.150595837159798102e-01,-1.597078942640278720e-01,-6.884116296212504371e-02,-1.122661068679330215e-01,-8.161738967532367051e-02,-7.243170801771947609e-02,-5.234287992310202725e-02,-5.798623770884151624e-02,-5.860800178135981697e-02,-5.194437086309152546e-02,-7.434627111716458903e-02,-7.336724188289094062e-02,1.270731054659749171e-01,4.096415417901147667e-03,1.098845174650237150e-01,8.653954146483761045e-02,-4.618867572035201957e-02,1.687000603236280677e-02,8.910162794364048788e-02,-3.813221666732417858e-02,1.655677659868262652e-02,1.973669610038129157e-02,8.446234007693675288e-04,5.275688893993558254e-02,-1.006748667551280452e-01,-9.650672932312849561e-02,4.173850197405202384e-02,4.028998497278562380e-02,6.280783491307731503e-02,4.742634752565261930e-02,5.195544844719818256e-02,8.247713571245399167e-02,3.995016135211933161e-02,-6.335610716189099545e-02,7.025007732505728596e-03,-1.402385993007652654e-01,-9.403317095282225091e-02,-9.857670271416654750e-02,-5.151573252470750125e-02,-1.249183414391031310e-01,-1.500898524039231130e-01,-5.985675386830746625e-02,-2.005590330920683784e-01,-1.892588544439927078e-01,-1.488006025083953299e-01,-1.637027570478535310e-01,-1.986332356103249486e-01,-1.766906164323976333e-02,-1.156272541596637810e-01,3.077467766615918920e-01,1.125357799636541034e-01,9.610594422100156298e-02,-3.045107388904558787e-01,2.669319676310354938e-01,1.504084212877607740e-01,2.443322559705859709e-01,2.330076350146097486e-01,1.865417095283397331e-01,2.257500371029325104e-01,2.039891370089471911e-01,1.115949694144778154e-01,-1.259655729889985198e-01,1.312818174162771849e-02,-1.727240643654684993e-01,-2.745975724612048086e-01,-1.406066018259305439e-01,-2.013165557356263458e-01,-1.366381017812028920e-01,-1.379258692753235205e-01,5.446781587714903672e-02,-2.964511461288790728e-02,-9.113519941104698818e-02,3.030992980320397767e-01,-8.980076852841256674e-02,1.071677716432396614e-02,-9.301275603401132352e-02,1.511686635348905294e-01,-3.128285215294319688e-01,7.520311717058300593e-02,-1.705728281072120545e-01,-2.861511797585255534e-01,-3.322298156038840100e-02,-2.349487874908541829e-01,7.086873507199137334e-02,4.656833466501109769e-02,2.808258900807719671e-01,1.425041248070866851e-01,2.495067903095673501e-01,7.983447466970990808e-03,1.486701604702216351e-01,-6.494781148784084523e-02,-4.445782898086546309e-02,1.362270470578106629e-01,-1.304268845726055948e-01,9.972250900689152986e-02,-4.557369032857775532e-02,5.267410609036666733e-03,3.103318845130941805e-01,-9.171119188392570787e-02,-3.303172002057584017e-02,-5.127292254463807625e-02,-4.602797502981235966e-02,-5.751718141890040797e-02,3.105701602217637511e-02,8.502141331136477131e-02,-6.265836960720719273e-02,8.098641724192359725e-02,-2.890783044200072038e-01,-3.046935954248167766e-01,-1.425019693635448115e-01,-4.080523520874560495e-01,-4.445109601369284791e-01,7.285953343494626366e-03,1.000000000000000000e+00,2.644034296073582285e-02,-5.795459699617424576e-01,1.044747794336450958e-01,-2.194819054491109755e-01,-2.877097621864016172e-02,-1.101114083577945241e-01,-9.345858320822528209e-02,-1.959277732664825578e-02,-2.915627317430000837e-02
5.946264320708900125e-02,-1.345275679768224639e-02,2.887317504594305029e-01,-2.987105588122057065e-01,2.895582285425567504e-01,-2.973451770057458643e-01,7.597321508430758541e-02,4.348589756352420205e-02,3.173632825932445195e-02,3.531233799202598833e-02,1.277256176586146277e-02,4.175616230442891208e-02,-7.060868052465489597e-02,-5.878773610479740702e-02,3.269969460889438767e-02,8.448612402297520085e-02,1.568182180119334634e-01,2.941606170194324688e-01,-2.868617977160374810e-01,1.479068358519129156e-01,1.138337860441168553e-01,2.001701304430180683e-01,1.448577082341039601e-01,1.211014587275860699e-01,8.970252888395408020e-02,-2.901106143622031106e-02,-4.239367811630231908e-02,1.097151354199657619e-01,1.233104370551364737e-02,-1.560914156288034475e-02,1.244772426209722616e-01,1.052345670196478261e-01,7.326263593057614695e-03,7.413955962852560033e-02,1.945414089411368064e-01,1.214584631353950311e-01,1.434396729737062726e-01,1.711203988220380001e-01,6.112384492793163093e-02,1.712011606104135164e-01,7.823149489814523738e-02,7.486775536105054474e-02,7.662279840716323953e-02,1.415325068374453099e-01,8.740492807669915376e-02,7.070683254087854752e-02,9.064303849964504278e-02,5.096486730498850370e-02,1.227443397679602310e-01,8.266038410965351191e-02,-8.504547589354108372e-03,3.306776899429461625e-02,-1.327527489478311784e-01,-8.430804015187351452e-02,1.083645091656641607e-01,2.782261840782151302e-02,-9.614979897101451345e-02,-8.149153145383453145e-02,-1.251181884195712302e-01,-5.637120995362643328e-02,-3.855353055824561892e-02,-8.078065704182141316e-02,-7.849603257942776649e-03,-6.829478098083130444e-02,4.888437337384115428e-02,-9.387868718500761225e-03,8.339328970121717699e-02,1.388463692454285359e-01,1.049594749495807722e-01,1.385159718270662921e-01,7.731554160148212951e-02,2.212162926358462178e-01,9.698635845326095128e-02,6.353564527105372284e-02,7.080010940983461065e-02,5.139750983493471953e-02,8.183435281079833035e-02,1.637137887640812209e-02,6.645864444054420950e-02,1.309751598478835488e-01,-1.005392709836972209e-01,-4.288387732000670943e-02,-1.255225928751779463e-01,-9.337963797515373698e-02,-1.620491896699819134e-01,-6.538572936570884175e-02,-7.097226131716033448e-02,-1.001571883176390343e-01,-2.519648577536532166e-02,-1.131083612810744182e-01,5.420562372457175121e-02,-6.387312462571624605e-02,-7.026875780130331650e-02,-6.483741239669349454e-02,-5.038500755048903879e-02,1.522976218802902793e-01,-1.378835057319461113e-02,-8.395616897859540032e-03,1.786871649425256225e-01,1.466422943186203309e-01,2.122459564438286539e-01,-4.832939578062942637e-02,1.324267323869393886e-01,-1.500132532381046879e-01,5.801664852197325334e-02,1.102705790912932582e-01,1.535407324791595585e-01,-1.177865292640866007e-01,1.000119194731084390e-02,-1.480211566007630930e-01,8.758447028073400309e-02,1.993376251831245893e-01,5.423994716558727669e-02,1.244304313076503993e-01,-6.102008432221343870e-02,-7.685955121589611860e-02,-1.373737007539107824e-01,-1.099667038273298425e-01,-6.589172283967208166e-02,-2.401035420727555547e-01,-1.489580798511477566e-01,-1.651650042095869630e-01,-2.817160961878348302e-01,-1.492118367631612985e-01,-1.039550966557655359e-01,-8.938321992539678684e-02,-1.689168005470447209e-01,1.242206119985202611e-01,-8.908598464735470457e-02,-3.903859772777056730e-02,-2.210531647411480005e-01,-1.059240156971944236e-01,-2.066814518173496484e-01,-1.937083912191518986e-01,-3.436946968936531732e-01,-2.379926695861075414e-01,-4.467511541684252574e-01,-4.489636734608197233e-01,-4.857086519486893406e-01,-5.547122877373463767e-01,-3.342153367172313594e-01,6.032069051187672892e-01,-5.799643635957113519e-01,2.644034296073582285e-02,1.000000000000000000e+00,1.414332562938540871e-01,-1.497891873809954200e-01,6.107496938028880024e-02,1.699392289331780603e-01,5.388258725532678317e-02,1.551793434859768117e-01,1.463375168422439976e-01,6.726836596651224187e-02
1.272317813337671757e-02,4.366999799683190381e-02,-7.575465233632529272e-02,7.339491406805280505e-02,-7.260749775637030667e-02,7.095601047847770182e-02,-1.929130521644603288e-02,-1.342964552584799964e-01,-7.251973680903875397e-02,-1.330106899353031003e-01,-1.773610994180195022e-01,-1.258572372366492942e-01,-1.438061096335099542e-01,1.007155969218746921e-01,2.141340954661403659e-02,-4.719823123707789225e-02,1.797777908357011886e-02,-7.258350131272317540e-02,7.059760987661109488e-02,6.304966921309637651e-02,-1.996295838899969644e-01,6.807554542817782772e-02,-5.583290637272881468e-02,-6.426557279091012209e-02,4.149994013072778702e-03,-1.310741037877678761e-01,-6.262887446158636739e-02,1.266840140487668180e-02,-4.989346033729357560e-02,1.231219371567504328e-01,1.129471228116063347e-01,6.876058201658882818e-02,5.815272444065244101e-02,8.657232512328179308e-02,2.802780574167018299e-02,9.794527480208745085e-02,8.569350774039190266e-02,1.598479773142252869e-01,9.986565807422516372e-02,1.252518521025632880e-01,1.887287907859478975e-01,1.921959746444898420e-01,-1.211932215653766104e-01,1.489305063575386279e-01,-8.810917153385279532e-02,-3.231290961673530943e-02,1.092111424629203520e-01,-9.965549457984834714e-02,-1.833938906969555804e-01,-1.955051993391355158e-01,-1.873557376834215638e-01,-2.124330616149484596e-01,-1.183371472858189832e-01,-1.871852726903424080e-01,1.194798008207378220e-01,-6.399335563218642650e-03,-1.358952764264306223e-01,-8.304130768750886404e-02,-8.811510453672857790e-02,-1.381268370720273031e-01,-7.850204068229572896e-02,-7.935127472960044892e-02,-1.153274022319044079e-01,3.696994575266886879e-02,-1.429497947400361069e-01,-2.035073462048878068e-02,-3.799097394223848422e-03,-1.220170841207440966e-02,-2.721021356918616046e-02,8.548347655499705100e-02,-2.325586000274182039e-02,4.278917475915925556e-02,2.236364287073351886e-01,-2.762593913536404502e-02,4.479852759918073052e-02,1.984427418860639988e-02,1.213827378824177267e-01,1.507519955633151131e-02,9.156682428090860693e-02,-2.602243404988252018e-01,-2.456025616931092337e-01,-7.460107117615086270e-02,2.545495154554915929e-01,-1.939517150284183478e-01,-1.914564788497823966e-01,-3.762957847597363237e-02,-2.166225339801471639e-01,-7.351823218131962878e-02,-1.637117717590904076e-01,-1.529434621547491047e-01,-2.390560804252475982e-02,1.649017265875205862e-01,1.032075038042948034e-01,1.334853739821694474e-01,2.182872703387820912e-01,7.758770715753454672e-02,1.739717039261751141e-01,2.236994084135051630e-01,8.666266547585738111e-02,3.092201196571991995e-02,-3.921308444144628279e-03,6.847921479504051612e-02,-2.524500662139423368e-01,7.773800026481125780e-02,6.573052555756210384e-03,2.010630075397169120e-02,-6.903434305093170131e-02,2.620977620469744362e-01,-1.247460011569805072e-01,6.123982338327799146e-02,2.643167069411007097e-01,1.348264075436467029e-02,8.429887809899622164e-02,-5.863167805512307235e-02,-1.342885110293798590e-01,-1.698506437363674071e-01,-1.218894051303844733e-01,-1.341862924411382774e-01,-5.616110757104224305e-02,-1.657443451055631289e-01,-9.378973552045885564e-02,1.615190228005577164e-03,-1.841652076795401161e-01,-3.817384381618565276e-02,-1.339809665459538168e-01,-2.228187610813343184e-02,-1.213231378469049326e-01,-2.645320421281808776e-01,5.805570566834747370e-02,-1.268823219130735258e-01,-2.404851604545184957e-02,-2.644774857238812397e-03,5.665328780207280757e-02,-5.785376578884744020e-02,-2.422130755718396051e-03,-3.833935319760166383e-02,-5.969096735401106801e-02,3.098229650420587442e-02,4.088845512248850400e-01,-1.120726001259212679e-01,7.304239043274619592e-01,7.842035934618853954e-01,4.695622795724921916e-01,-5.795459699617424576e-01,1.414332562938540871e-01,1.000000000000000000e+00,4.466081572435722236e-01,5.722566912717044207e-01,4.253373825855811252e-01,3.967214077129020966e-01,3.086442906402260267e-01,2.449268154787185015e-01,2.184542899551073503e-01
2.158090249749199108e-02,6.492598549513309281e-02,-2.275539581892938035e-01,2.318117186931725193e-01,-2.242035675444206122e-01,2.317309854765323973e-01,9.496024662661056714e-03,5.245848403823689249e-02,7.482215597625083148e-02,-7.439185929295651090e-02,5.261688551925552959e-02,-2.546173436945145530e-02,2.414019065327796011e-03,-5.232378452140912239e-02,-7.393247891258721005e-02,-2.589353851525138389e-02,-4.760340040372558479e-02,-2.272140553767448001e-01,2.231162524989049600e-01,-9.639803289166613831e-02,-1.858928741549503993e-01,-9.648485489028015005e-02,-1.089138969368439874e-01,-8.886921250667513539e-02,-5.518342146938334802e-02,-3.424032368711081575e-02,-4.287022526649975768e-02,-1.340432812317374212e-01,-3.944280640129039714e-03,7.648048046376997033e-02,2.910775216901360582e-03,-6.665317029697236106e-02,7.139020290464850350e-03,-4.998967845801109006e-02,-8.114550238227036250e-02,-1.359442197654565400e-02,1.790991872346543376e-02,7.489610380612504725e-02,6.993831889273144364e-02,-2.409210553676464917e-02,7.771724854989195408e-02,4.071510162366832886e-02,-1.148885961405141931e-01,9.353592242471385834e-03,-4.705358789566197603e-02,-9.243329799100490074e-02,-1.348348366155648070e-02,-1.591146780008825534e-01,-1.996096582304470735e-01,-2.658168139223827109e-01,-2.306839419067238384e-01,-2.106594510176766633e-01,-2.924408516918082165e-02,-2.157874720796669199e-01,-8.162921583170476558e-02,-3.176952715288437062e-02,-1.066039838505389303e-01,-1.361455679385653594e-01,-5.591575650394257219e-02,-9.446294579437466976e-02,-1.166809697671238183e-01,-4.228301677691610055e-02,-9.191052767847660010e-02,-6.549053917520000941e-04,-1.542365017388264148e-01,-1.718739605547590088e-01,-1.676969508090781491e-01,-1.161196322309928641e-01,-2.233946092701758271e-02,-5.952333546106072792e-02,-1.334556901522548633e-01,-8.737645001165751657e-02,9.372022594355076952e-02,-1.785826271820020184e-01,-1.646808368415462465e-01,-5.675782982021650852e-02,-1.487383637651182866e-01,-1.729238659877948767e-02,-4.827303162741251180e-02,-1.468304929337254372e-01,-1.562621572714274210e-01,6.801944344541539268e-03,1.420321687451801540e-01,3.531662037446771894e-03,1.556595983707286315e-02,1.705437268133348228e-01,4.349661846813300536e-02,7.903098732320486264e-02,7.660481871195558290e-02,7.769614407033149928e-02,8.694503424928513857e-02,2.333403364067376251e-01,2.426142007071717122e-01,6.963468766758937334e-02,5.065434612230401701e-02,-4.562428169695738334e-02,-1.058384168221146449e-02,1.774988705430983471e-01,-1.197756759981916941e-01,9.434207262623832413e-02,-1.786205218903130498e-01,-1.021649781806102386e-01,-1.446424524765014541e-01,-2.237747598833634416e-02,-2.017782668281891401e-01,-1.520569636118540569e-01,-6.279045183240869465e-02,1.375185575782395808e-01,-8.882521922618889787e-02,4.421682309040207010e-02,-8.150735565385921338e-03,-1.347731672713394224e-01,-1.078289599801564580e-01,-9.579642461485415872e-02,-1.171200563400175698e-01,7.145295253105073130e-02,4.519926036447909079e-02,7.150107573078506862e-02,4.422398531019518936e-02,9.186985498164072783e-02,-3.831202088468641659e-02,1.202477024770703951e-01,4.244922218218021709e-02,-3.447845769444032871e-02,-3.977472312412464600e-02,-9.770867889231354270e-03,-3.789122690645286423e-02,-1.469400724683264936e-01,1.026510090533953590e-01,-5.329293868810772855e-02,7.440208629539411811e-02,2.725269392630694579e-02,9.094443023099707535e-02,1.227095327795689056e-01,2.869721970985027459e-01,9.265555072875311660e-02,2.150602792195650259e-01,2.991894263967176046e-02,4.211934083277811824e-01,1.208625221526303112e-01,5.636132414377873490e-01,2.909722479502520609e-01,6.570381727664095228e-01,1.044747794336450958e-01,-1.497891873809954200e-01,4.466081572435722236e-01,1.000000000000000000e+00,5.368880912526935445e-01,5.390158115789024373e-01,5.086951870597322678e-01,3.040968685315976749e-01,2.928257693680813012e-01,2.711960383787264672e-01
1.160443812841578659e-01,1.502473495456873032e-01,-1.219276758008326356e-01,1.233478699013762087e-01,-1.196104337407752627e-01,1.216582472765397049e-01,-1.105180698193916101e-02,-3.582141031152735050e-02,8.578155475001937591e-03,-9.136686270268450094e-02,-3.414227988292510563e-02,-4.563358572031435412e-02,-1.744615600316799017e-03,2.065447148055613719e-02,-5.083045450308939367e-02,5.796915484140176440e-03,9.944438988388142053e-03,-1.210058311577973805e-01,1.204264086575368015e-01,-3.978364539828178545e-04,-1.121916443637106936e-01,2.202486913761607726e-02,-7.358079136266862386e-02,-6.201500114566486921e-02,3.938608970358274328e-03,-7.615312813128990999e-02,-1.449751169260130035e-01,-3.436974529257199457e-02,-6.479355541233225435e-02,6.484242197592925139e-02,-1.651527518667215630e-02,-1.220273071761747950e-02,-3.524379664732670003e-02,-5.353139378262485037e-02,1.742169124287301987e-02,2.299084320811056042e-02,1.139703192414821473e-02,7.406941207508710434e-02,-1.075784957418075664e-02,2.712572567537500576e-02,4.011807665167261422e-02,6.163567859914540620e-02,-1.057162210586045925e-01,-2.276231981096530840e-02,-4.923675575388199860e-02,-1.310267218666708033e-01,-4.842693777082070911e-02,-1.566154605819336521e-01,-1.654151177491476887e-01,-2.043811170448301406e-01,-2.033948379334001855e-01,-1.987078696212206397e-01,-8.325195171227990631e-02,-1.528988051002222459e-01,2.034317981894994201e-02,-6.945727995212770678e-02,-1.837085740993647104e-02,-1.752091941034706430e-03,4.533373254308923489e-02,-3.208573821817861660e-02,-3.558402921860678164e-02,4.304380743680858573e-02,-1.876975778225726740e-02,4.648138186124772808e-02,-9.449466127639455371e-02,-9.549523189824979386e-02,-1.076862676644093769e-01,-3.618832042741487731e-02,3.508549532742531642e-03,5.028783712286784974e-02,1.563934178728492927e-02,6.335081649613334698e-02,2.005126835451281064e-01,-2.634669093213977409e-02,6.330869351237630727e-02,4.202909754255475944e-02,3.708638688405199030e-02,4.134118822909674945e-02,1.067203526765213434e-01,-2.418976569917896946e-01,-1.442652449811185067e-01,-5.686580992048517053e-02,2.391507218416661917e-01,-1.415681276833595792e-01,-1.422322404684794317e-01,1.125273942152948958e-02,-1.648048907972524679e-01,-4.794781323918156923e-02,-1.141546485000078798e-01,-4.401441276319226908e-02,-2.708208521162827620e-02,1.637024313124466612e-01,8.463650255574568793e-02,9.217015941982048544e-02,1.376997737161976820e-01,4.711555985356085524e-02,8.384011818421793771e-02,2.436197936625836835e-01,-4.480914792843566918e-02,9.178919367904880833e-02,-9.317437142677425024e-03,-2.071617578596212164e-02,-2.370084949302806443e-01,-2.322748251851499204e-02,-7.725363623116424105e-02,-7.634126550553830583e-03,-6.961708830539789505e-02,2.411622842079019502e-01,-7.766713189701764108e-02,8.151879489616879748e-02,1.355770172076553870e-01,-1.005655580637484191e-02,4.972884369738873184e-02,-4.490742588298964055e-02,-1.068183860125585111e-01,-9.435241085777928971e-02,-5.951216456870566524e-02,-9.920157419193591231e-02,-2.646193985703399962e-02,-5.782440894097759521e-02,-5.933025930213860558e-03,6.015188775460810627e-02,-7.649635326395369528e-02,2.264505856946393177e-03,-7.592487409100397849e-03,6.800083901649604801e-02,-2.508172658328671964e-02,-2.440621150976634013e-01,9.484268424566731637e-02,-9.870824555806320677e-02,-5.155271713022255287e-03,1.103868348407241809e-02,-2.742847389865426047e-02,-3.963358181338426205e-03,3.294619340235564742e-02,5.021376806554415928e-02,-9.115036649665934909e-02,-1.740987110968957377e-03,1.897634621821451817e-01,-7.639137683907927523e-02,4.274626833851075669e-01,4.209290033493093275e-01,3.448685486871525541e-01,-2.194819054491109755e-01,6.107496938028880024e-02,5.722566912717044207e-01,5.368880912526935445e-01,1.000000000000000000e+00,4.702978360122673784e-01,5.517145454401916060e-01,3.753783071324826581e-01,3.176965725582907574e-01,2.946190696176976265e-01
3.837232655119878801e-03,6.785396597991760759e-02,-5.329988889284085346e-02,4.891235061597237060e-02,-5.167009103464361569e-02,4.762751726308275813e-02,-1.176131796781265948e-01,-6.309090779844590824e-02,-6.661142529664794421e-02,-1.323174079017384597e-01,-7.230912809763362370e-02,-9.867207766760725807e-02,-3.676556509810322004e-02,5.408833944731810534e-02,-2.983483091784335309e-02,-7.655363338835505238e-02,-6.321586133947518574e-03,-5.366836072726968027e-02,4.818480316808447517e-02,8.557959676932042070e-02,-1.130771567569199831e-01,7.453114862146273910e-03,-2.125143357993880891e-02,-8.570000537356860237e-02,2.226174152535718986e-02,-1.411796133228702260e-02,-1.113316368983962024e-01,-4.471353089511105605e-02,6.134570757613715120e-02,6.109561349514201767e-02,4.938623304899925071e-02,7.010218427078279690e-02,4.664656761770061277e-02,3.042327078161120510e-02,2.934083283301537268e-02,8.471576096573317505e-02,8.603419653559740699e-02,1.973124159171983638e-01,6.175447014377392213e-02,1.333988374549348599e-01,7.008626434445347497e-02,1.641623092351924273e-01,-8.448529209242035265e-02,9.218756064454308730e-02,-9.167429690254622066e-02,-3.546812156876156391e-02,5.394759473684375417e-02,-1.489716001154076652e-01,-1.491023063420596206e-01,-2.047493245566431308e-01,-1.450986097421395060e-01,-1.944688011648475767e-01,-5.879126479357137114e-02,-1.801491175902907027e-01,1.365309763208144567e-01,5.117345402259246279e-02,-9.703240354279014934e-02,-1.207114343302519849e-01,-9.784440434674464282e-02,-9.971409061787092631e-02,-1.293172692448620875e-01,-6.835537239863256898e-02,-8.430475542227508501e-02,9.534918447396322980e-03,-7.782203766165961267e-02,-6.055621560416223070e-02,-9.236871143453967425e-02,8.270880045152766147e-02,1.178146229106232928e-01,6.103375982128148719e-02,1.784559691614437740e-02,9.124058963538565770e-02,9.906673118960793167e-02,-5.630866199291124224e-02,-2.045318513586664999e-02,-1.653341743797599739e-02,-1.434767442769864162e-02,-5.329276369311387179e-02,-1.811966536419161444e-02,-1.599818217314966928e-01,-2.000219797871263527e-01,-7.138035133420540801e-02,1.587248947235287422e-01,-9.697916912219391172e-02,-9.619571226251005802e-02,1.376866991659874140e-01,-5.878905107198755670e-02,3.476713197031005426e-02,1.995607797653759646e-02,-2.092448851484064037e-03,8.414361805889358781e-02,9.838046741948676399e-02,1.769801950016574033e-01,6.737481358071727156e-02,9.556560391484646144e-02,5.224119913909355817e-02,7.172214716191709083e-02,1.674172429200891377e-01,5.462959225636485061e-02,6.578061417713254588e-02,-3.660468146753913243e-02,4.212736531624427377e-02,-1.552437854807187378e-01,1.660137000145146119e-02,-1.144713048575510261e-01,-1.049764272729508119e-01,-7.374775298550226288e-02,1.610205678841734878e-01,-1.227535223778462165e-01,3.698608974808302585e-02,1.241176881425457984e-01,-9.532123109786348747e-02,-7.687725991464228192e-02,-9.791638260562937623e-02,-1.590681315695502418e-01,-7.788648397697096881e-02,-7.211937255526079671e-02,-2.784524704086228583e-02,3.559976751785892679e-02,-5.782821969458575712e-02,-7.026451796859951859e-02,4.726179346802791836e-02,-6.492406205030054611e-02,-5.437057223357179975e-02,-6.729157446674730036e-02,-2.155676861029465902e-02,-6.210137537611103153e-02,-1.623224262010711239e-01,8.998947124279954579e-02,-5.032597303858606791e-02,2.864271732934247847e-02,6.674669735968608020e-02,-1.009099346372929404e-02,1.127825334126086737e-01,1.042084354391956541e-01,1.430918660097057170e-02,2.996201187593448487e-02,-8.177243569330792938e-02,1.619219626328902983e-01,-6.108011400470873126e-02,3.286791809808416454e-01,3.893684796683289373e-01,2.725197669244472376e-01,-2.877097621864016172e-02,1.699392289331780603e-01,4.253373825855811252e-01,5.390158115789024373e-01,4.702978360122673784e-01,1.000000000000000000e+00,5.478702324517874533e-01,3.133955489862632060e-01,3.730570938621216581e-01,3.001365803541631849e-01
-9.428363102244619390e-03,6.067196927706704213e-02,-1.367427372394597884e-01,1.365617857248866418e-01,-1.348380727447525407e-01,1.353254918035426968e-01,-6.183142843862690641e-02,-3.604028371081457321e-02,-1.124565200625571651e-02,-9.892360254164679623e-02,4.308385704281628321e-03,-5.723328285917107794e-02,-6.119900872475874526e-02,-4.083475569375859954e-02,-4.836756028563741344e-02,-1.952069551697785746e-02,1.900930178745170729e-02,-1.335102819941355046e-01,1.341966616095267850e-01,3.090216497579876404e-03,-1.119936886622574373e-01,-5.572461876324880797e-02,-8.003750250136440481e-02,-1.041545555109117949e-01,-2.592949133569819042e-02,-6.866188441226007966e-02,-1.267140673858679345e-01,-3.740439657681191021e-02,-3.619944352011107702e-02,2.528672734638495734e-02,-1.024727275184967624e-02,-4.654254518933861190e-02,3.868034800943826249e-03,-5.913988373273997012e-02,-4.903604938795332047e-02,-1.494866205464238061e-02,-1.607496971790802268e-02,1.065871841629265210e-01,3.282393969456057908e-02,8.384843462227441202e-02,5.325725468533611118e-02,1.547300846808840336e-01,-4.628329261051768173e-02,6.382123525870264658e-02,-5.641170813184327726e-02,-8.982182364381507619e-03,9.787483354217682563e-04,-1.019661104784632261e-01,-1.419765470918681605e-01,-1.631996492686481337e-01,-1.550765909239694706e-01,-1.397874411632442082e-01,-6.514872485052777829e-02,-1.194618563015322765e-01,6.671135173706771448e-02,5.598391345560592598e-03,-1.199976077505509331e-01,-8.438796507803952851e-02,-6.940322256288534997e-02,-1.110698395527011939e-01,-1.178049730573590415e-01,-6.232720026814090458e-02,-8.567867329098571849e-02,8.315358926167802298e-03,-9.531252797925481024e-02,-9.833666414945727019e-02,-9.541815471716878772e-02,-2.779400702038490115e-02,1.794972724869663139e-02,-2.580437704487936051e-02,-7.483895824324970913e-02,-1.955533507331990231e-02,1.163104957127658046e-01,-1.031618555391059927e-01,-5.308396491870408240e-02,-3.574162134548346248e-02,-4.529314130900763402e-02,-2.162959126227377918e-02,-5.483905748584205070e-02,-1.458730569207116745e-01,-1.766802305661382688e-01,-8.592797757433029426e-02,1.408488217809933107e-01,-5.506833184698870648e-02,-7.907153533879283935e-02,3.964147057799949359e-02,-2.837276754573646309e-02,3.585554539975618210e-02,-1.350484771222078099e-02,2.541605345158143986e-03,7.431973979945510900e-02,1.675052371810685503e-01,1.618963963499786274e-01,5.170324515801176524e-02,1.084019630219119623e-01,3.045634698047822511e-02,4.842501732628035765e-02,1.666619440897141313e-01,1.202579882605824338e-02,1.114356107151721481e-01,7.993251884155781403e-03,5.348332416456837157e-02,-1.405824907184473616e-01,4.406106566555412218e-02,-1.090601820441635950e-01,-1.312970649944661672e-01,-5.088535285733567642e-02,1.422888161073027624e-01,-1.437596502079864780e-01,1.466713037266596624e-02,8.566778443537299836e-02,-1.043622540919063313e-01,-7.325445396194968373e-02,-1.033897427918530065e-01,-1.409139541291223041e-01,-4.936923036465119818e-02,-6.371735680705993554e-02,2.760076346117565360e-02,1.553539859166374465e-02,-6.992766464290698855e-03,-9.333458054807172721e-02,7.903034661758000234e-02,-6.419399956404320262e-02,-4.175886024935319268e-02,-4.229648386073782407e-02,-2.200659056812494588e-02,-1.447495000845656042e-02,-1.456496889728816080e-01,9.642952017809221232e-02,-9.642872538624343293e-03,3.023470418691853040e-02,2.926184684647199080e-02,-1.668047916706677861e-02,7.934359687038634867e-02,1.489991168573935876e-01,6.163702512990294063e-02,6.370559595841834670e-03,-1.725852484466047733e-03,2.045413210799715553e-01,-1.084368646449849344e-02,3.358493250509363426e-01,3.351578793940220846e-01,2.910903182900399511e-01,-1.101114083577945241e-01,5.388258725532678317e-02,3.967214077129020966e-01,5.086951870597322678e-01,5.517145454401916060e-01,5.478702324517874533e-01,1.000000000000000000e+00,5.822583932158520437e-01,5.505439780013192674e-01,5.035463209942172558e-01
1.804713106883517465e-02,9.132804705830166458e-02,-3.512493893271820223e-04,3.538635897633689428e-04,1.956524599746976758e-03,-5.031924827133279034e-05,-1.749897364701145583e-02,-2.804389084820115008e-02,4.088659379606725090e-03,-8.930279401926941030e-02,6.951812550172417095e-03,-4.560622704480022521e-02,-9.463209441971227875e-02,-5.448427974389465078e-02,-5.122175973805074417e-02,-3.835848696789324191e-02,-3.010476671583865380e-02,2.347783735739890441e-03,-3.953322678152247464e-03,2.190559536529502593e-03,-1.085344831521994485e-01,-2.375314408974624897e-03,-7.517335023738630495e-02,-6.602388685498740417e-02,-3.617325204990286258e-02,-1.043431839585022419e-01,-1.280987420503820196e-01,-2.894525501520127039e-02,-5.194407595625810670e-02,9.402511865226838295e-02,4.551626976522419460e-02,4.330963979667741548e-02,1.301392698740993191e-02,-3.278427416971150393e-02,-5.257929779538449144e-03,-9.465583372679598623e-03,-2.034740038914261556e-02,1.411646109423446149e-01,8.495708569757623452e-02,1.310476001077611752e-01,1.098291370336686307e-01,1.658714811932494315e-01,-7.707809541379793961e-02,1.162449192889108557e-01,-4.318945630169448990e-02,-4.005555669414623265e-02,5.468823515345316161e-02,-6.596804107951240170e-02,-1.469044278490156119e-01,-3.136418883377465466e-02,-5.316900824215651383e-02,-4.866301189349810791e-02,-9.016442553547721062e-02,-7.147924649907742845e-02,8.143797614534285800e-02,-4.081120009722206260e-02,-1.504424361866061877e-01,-6.153370085095223596e-02,-7.500719288284557473e-02,-1.477346961079033794e-01,-1.089585225541243457e-01,-8.679111941399261787e-02,-9.225529961446901628e-02,1.341764649423414328e-02,-1.263670404655375112e-01,-7.536474085268098089e-02,-5.172299809732175402e-02,-8.229337047894053070e-03,3.081713353166155508e-02,2.001183663073171845e-02,-2.252471438897292455e-02,2.877836181963874460e-02,1.306544229243355726e-01,-3.242914694206601445e-02,4.575585101322983059e-03,-7.836146344349412913e-04,6.394540360167723370e-02,2.312334115619609290e-02,1.082856708799826706e-01,-1.219619586145511969e-01,-9.916101888506084761e-02,4.685838603612778319e-02,1.217537660344000378e-01,-2.706199318008378069e-02,-1.302267150829676534e-01,4.673134494152556689e-02,-1.295126590769563046e-01,-1.050116079335129959e-01,-1.525783405573588603e-01,-1.109668942369141792e-01,-8.225329779999210333e-02,3.598825341938667599e-02,4.183891555875516449e-02,-9.168059864340437001e-03,-3.826484263374728498e-03,-1.750877160953392964e-02,-2.034896163383401180e-02,8.753433094680405924e-02,2.035850703057585226e-02,1.026214982109821400e-01,5.392607519482138512e-02,8.732842186994516087e-02,-1.162738881676064207e-01,3.559520570522067828e-02,1.428913323041622330e-02,3.763381551410753534e-02,1.773816414807355066e-02,1.252075098795178698e-01,-3.941356449796468847e-02,-4.021575368241729100e-03,1.387487315041006919e-01,6.689896770906061940e-02,4.317406264841935210e-02,-3.876804538576973137e-03,-9.907478765036230317e-02,-5.416111820945277572e-02,-5.747974010285046564e-02,-7.467307192107378033e-02,-3.587713761544341490e-02,-1.446010695421695025e-01,-5.968399043511342372e-02,-7.707792838391343271e-02,-1.435133961515906165e-01,-6.642893765013999086e-02,-1.273182137859060759e-01,-6.957948215692985605e-02,-1.258321675295463460e-01,-1.262417968283310321e-01,-2.355102445023035760e-03,-7.196279383942857932e-02,-6.762867401411620794e-02,-2.345708019112356310e-02,-1.216959890177825125e-02,6.774909825383502830e-03,4.833403309183905566e-02,3.428433499786890520e-02,-5.389588275202665535e-02,-7.827091987794763950e-02,7.534210572491645275e-02,-9.188462074576624061e-02,1.811623582505884622e-01,3.009525763014238020e-01,1.158824090644400839e-01,-9.345858320822528209e-02,1.551793434859768117e-01,3.086442906402260267e-01,3.040968685315976749e-01,3.753783071324826581e-01,3.133955489862632060e-01,5.822583932158520437e-01,1.000000000000000000e+00,5.237495485285753594e-01,5.799812793430796365e-01
-7.172198058568559145e-03,3.513050573475812871e-02,1.414980388702819641e-03,-4.321083001204293478e-03,2.889483427512935191e-03,-3.517791351758841386e-03,-3.050177987905653212e-02,2.066220434621393251e-02,-8.381758471306675548e-03,-3.182721110074581555e-02,3.593206635996210041e-02,3.625528276623853075e-02,-5.305349516572492596e-02,-6.061872658095783517e-02,-1.279117016512720459e-02,3.823380669094335327e-02,1.590086974601274267e-02,5.070422299282888179e-03,-5.156412428677231707e-03,-2.651771546856044118e-02,-7.521180429522837663e-02,-2.370323292226415510e-02,-3.654277895115072561e-02,-8.416904349075146619e-02,1.649859366726655688e-02,-7.891623298949945048e-03,-1.265616391085918335e-01,-6.360757277682292654e-02,1.508240692080697540e-02,1.544057298348885596e-02,1.807284764000194333e-02,-1.171474544101159046e-02,7.817655781840343945e-03,-2.014174482195939947e-02,1.656599703227408515e-02,2.317548734389858825e-02,5.002391825503852557e-02,1.529719035072386879e-01,9.711551303607038332e-02,1.281721268521377743e-01,1.027891421819446538e-01,1.569461944053908431e-01,-7.432832568189914890e-02,8.478237179240163957e-02,-7.115184591692443050e-02,4.470895333069034930e-03,3.668349532741976143e-02,-1.068321292040459169e-01,-1.118607267963728780e-01,-8.902951268122356876e-02,-1.338281454600454001e-01,-6.813391092750063771e-02,-2.448691473024171283e-02,-1.014095077689503438e-01,6.552115076665759874e-02,6.507362469304602166e-03,-1.027218498530886870e-01,-1.013139517950935597e-01,-8.008123443469145064e-02,-9.531549963826239924e-02,-9.625391406473439437e-02,-5.380066875549148475e-02,-6.877596124191556748e-02,3.347610665009274900e-02,-7.746921985106906827e-02,-6.974906486287844876e-02,-1.072517365202177442e-01,3.675000213038421421e-02,5.167727132468806495e-02,-2.870108533818038765e-02,-5.643123317034833691e-02,-1.839093989977742816e-02,2.430633949871455896e-02,-1.182525481523109823e-01,-5.623332914244313224e-02,-4.349736413717014000e-02,-2.521104412785326807e-02,-7.805339148794353255e-02,-4.079062314769778957e-02,-6.988849760786397525e-02,-1.347483970492135696e-01,-4.439578107263653095e-02,6.580040285904406594e-02,-3.811965523136699729e-02,-6.290664429261251522e-02,4.655021883775001257e-02,-3.925917088862489884e-02,4.610415375465307802e-02,-5.844238348685536037e-03,-4.719784909513926284e-03,3.393614891653522897e-02,1.103693778364602945e-01,1.136527084089309220e-01,3.153369680527922519e-02,7.572802314206918128e-02,5.660739607110500810e-02,2.442668147283005159e-02,9.715874642570600239e-02,1.642249071147121320e-02,1.025521358428383156e-01,3.684125149488283457e-02,5.681422372002266352e-02,-6.429408460457043673e-02,2.985394960564862962e-02,-6.541954855220066811e-02,-7.667306092394433892e-02,1.542952306692571378e-02,6.803244615632537962e-02,-9.372462783336146797e-02,-3.725826603064431863e-02,8.421537042733776013e-02,-4.740851964427723886e-02,-7.065426513439738987e-02,-1.078647622936883960e-01,-1.242186837344720907e-01,-6.056728470127785424e-02,-8.671218601874280951e-02,4.904601832018651991e-02,4.420549778892620546e-02,-3.318381483836831125e-02,-7.189382864917638616e-02,2.237234115830364148e-02,-7.775285339547932661e-02,-5.131115527818889271e-02,-3.357643996770725420e-02,-2.309172233546341949e-02,-5.134767507241408402e-02,-7.019042307438533301e-02,1.423606174215202511e-02,2.444471970927135276e-03,-2.324917982954569085e-02,1.479978367384452223e-02,-5.189654300644054585e-02,4.622170154479922355e-02,2.253116853002071901e-02,-7.572082324928502452e-03,-3.510731185800539805e-02,-6.239996403549164655e-02,3.839399931733390725e-02,-8.083041350784699042e-02,1.425252631543771353e-01,2.410602178280632779e-01,1.247983474425539974e-01,-1.959277732664825578e-02,1.463375168422439976e-01,2.449268154787185015e-01,2.928257693680813012e-01,3.176965725582907574e-01,3.730570938621216581e-01,5.505439780013192674e-01,5.237495485285753594e-01,1.000000000000000000e+00,5.066478265826802607e-01
-1.100488461614722475e-02,4.251270661066807593e-02,-1.793310619968498457e-02,1.559002080449730689e-02,-1.607068215175991646e-02,1.547504337506312722e-02,-5.661267182805037462e-02,-2.681780192391952297e-02,-2.372896434382164993e-02,-7.590947411081935825e-02,5.089632790957537151e-02,-2.626323184255036775e-02,-1.100541179903521093e-02,-4.673420810499430422e-02,-7.424152180539009271e-02,-1.369547853336325859e-02,-6.011159765301974517e-02,-1.437727757599174816e-02,1.364311799813122499e-02,-4.948558211433165543e-02,-7.073739767052161787e-02,-5.638141518994428669e-02,-3.420875054244523761e-02,-7.156709417289976172e-02,-3.732114447803991375e-02,-5.702606990087846078e-02,-1.012651319636356101e-01,-4.617834290384228296e-02,-6.039213658821633579e-02,1.265482623421515865e-02,-1.764293069227041745e-03,-2.652133589321531079e-02,-7.759524730582442048e-03,-5.459743425444375797e-02,-1.448272223487281039e-02,-1.054647792670492489e-02,-1.982823765622579795e-02,1.032400654844663063e-01,3.682097039384423648e-02,1.027073142498870634e-01,1.001891445017276117e-01,1.615658082973333576e-01,-5.784650791914924817e-02,1.047767909720829782e-01,-4.736568696189361050e-02,-2.973468379600519799e-03,4.369344937168255505e-02,-3.977784934210051165e-02,-7.369407499360190739e-02,-2.607197529809866798e-02,-9.518870569268162579e-03,-2.723205878028530161e-02,-2.440091250679691029e-02,-2.731824644560744766e-02,5.563924030716567437e-02,-1.589175828704422061e-02,-1.458432887278325596e-01,-4.936387157648249036e-02,-7.530726631826606399e-02,-1.235841475070458689e-01,-5.309694761651649608e-02,-6.161789001772382396e-02,-7.471552534484096619e-02,6.296454726382003098e-02,-9.068810974200042230e-02,-7.422783211103059497e-02,-5.035239550286122606e-02,-9.439985395612107005e-03,3.166879929214673484e-02,1.723924859570154580e-02,-7.221218078771103957e-03,-5.711118487761198022e-03,5.789889625173103710e-02,-4.785577206316604659e-02,-4.188836377368033298e-02,-4.623176084613388193e-02,3.944053785429993929e-03,-1.760350677489846971e-02,-5.886282115491387780e-04,-6.181647958089625527e-02,-1.245805165742978893e-01,-1.885163786930703356e-03,6.037082846460622293e-02,1.278238290872563132e-02,-6.483871276038526144e-02,8.280729904309301614e-02,-5.343972956520208484e-02,-3.588815981429629293e-02,-6.385145852293018509e-02,-6.517591600044987665e-02,9.656032867683784354e-03,7.671042788299883841e-02,8.342168511129938180e-02,2.769591905129900611e-02,1.136216056206933514e-02,-2.197350061244300601e-02,4.557027943370137169e-03,8.085594822562505724e-02,3.014490974789804656e-02,6.022123679242676747e-02,4.800714964779419225e-02,9.224314258086040164e-02,-5.890586751854296615e-02,6.776755666294161096e-02,1.354020894965720073e-03,-3.311534929243794417e-02,2.712302364037092947e-02,6.333150381384938798e-02,-5.095002773284554309e-02,-2.047502990301124787e-02,7.780909111060305139e-02,-1.279471774704695917e-03,-4.381949370837125851e-02,-4.055326900288500069e-02,-1.127766102619315175e-01,-2.344656074377911986e-02,-5.806668354948110039e-02,-3.467675401162275631e-03,-5.113186235339076124e-02,-9.870587148636063290e-02,-8.506426603745016746e-02,-4.950762768419732229e-02,-1.107033083313955224e-01,-6.393416427945594616e-02,-9.459074152811020042e-02,-3.306233527986072313e-02,-7.909875455137228839e-02,-6.413496757039324758e-02,-1.310302792710747732e-02,-4.025963084492384381e-02,-5.049223830376158018e-02,1.587938423034821606e-02,-2.639219498551012219e-02,5.651470086951047855e-02,5.932332850351714620e-02,3.683537968470224078e-02,-2.670701846443178026e-02,-4.188270613160618994e-02,7.442726161012486186e-02,-3.178136807285611432e-02,1.639864045132195525e-01,1.900345372809054689e-01,1.465761710448289790e-01,-2.915627317430000837e-02,6.726836596651224187e-02,2.184542899551073503e-01,2.711960383787264672e-01,2.946190696176976265e-01,3.001365803541631849e-01,5.035463209942172558e-01,5.799812793430796365e-01,5.066478265826802607e-01,1.000000000000000000e+00
