1.000000000000000000e+00,1.984044759693559257e-01,-1.742399056285690029e-01,4.511692470094854079e-01,2.428415229576374665e-02,-7.922342717872346007e-01,3.107920392041716440e-01,4.428704811043881473e-01,-7.678058566829453202e-01,-4.928449969275768283e-01,6.549767732740598980e-01,-1.316683205156992179e-02,-8.418608619279274174e-01,1.430327733503044818e-01,7.157990815456201084e-01,-4.779299531568874104e-01,-3.536304180432295885e-01,5.965343033903537373e-01,3.722816495706844919e-01,1.060837507312475392e-01,7.229119500399553422e-01,-3.502140128531997521e-01,-3.392044699514087935e-01,7.120667474570853139e-01,3.990792221041463694e-01,-5.361419655514928495e-01,2.441340964542827729e-01,7.270342205116718803e-01,3.552261320296185576e-01,-6.563153423267062969e-01,-3.491630897899548613e-01,-3.689370377354953545e-01,-2.662338608652406458e-02,6.739995589111338337e-01,-3.016969218940573211e-02,-4.688079581247414085e-01,3.889992624794094689e-01,3.817321800326989312e-01,-3.767559149176436528e-01,-2.250684626224269402e-01,5.859934433587097313e-01,3.412558421256878249e-01,-2.640676274342831920e-01,6.839276955780443368e-02,3.852389817060820204e-02,5.437293732795690504e-01,2.489316964243584174e-01,1.759459469547837163e-01,2.925897675492165617e-01,-6.398883268473476438e-01,-4.999716074422789203e-01,3.160649516861244734e-01,5.030594057809751884e-01,-2.725322793372220165e-01,5.623885549380692739e-01,-2.123166598865356899e-02,-7.787268282291748278e-01,-2.024612396924924673e-01,4.072379881890202946e-01,-4.414928203221283320e-01,-6.652996219781949216e-01,3.005392893864720638e-01,2.547031977941475733e-01,-7.732307166897866013e-01,-2.378908647123977038e-01,5.853584591059436404e-01,-1.122517232742440141e-01,-7.340655892684517791e-01,3.302827861166736351e-05,-1.584400264014615423e-02,-7.125868538828113996e-01,-2.329220311325934656e-01,2.123506456813138155e-01,-6.885341826369003604e-01,1.274712987850328272e-01,7.862557068045318287e-01,-1.656816600365473291e-01,-6.408573384989904032e-01,-3.336054027528591037e-01,-5.537160593983202483e-01,-2.831632987824803660e-01,1.105746007909578776e-01,2.127657101315071162e-03,4.490249041453084344e-02,-5.293179124473698094e-01,-2.211328831381930426e-01,-2.267415058585632304e-01,-1.575325639554921719e-01
1.984044759693559257e-01,1.000000000000000000e+00,7.069535384775371689e-01,7.994310839532549340e-02,-7.833545950713202144e-01,-3.465964029929604617e-01,-5.083023839056882709e-01,-4.419136761129139335e-01,-1.866544910752432063e-01,-3.806564949673926779e-01,-4.901066567580851241e-01,-3.040148435398860038e-01,-4.098156395428716459e-01,-4.382447419316567450e-01,-2.512676398391396893e-01,-6.870017411130929785e-01,-3.186239124393004385e-01,-1.498523929486643147e-01,-3.342580833168283250e-01,-6.951600943778645236e-01,1.098585226934920868e-02,-2.837374084688880083e-01,6.764824116046965763e-01,5.509354414965537128e-01,-2.860704817615498663e-01,1.216365035851784404e-01,8.673849105138015103e-01,2.594592298923400486e-01,6.821341231937950722e-01,1.943601152105353946e-01,-3.281451832571437577e-01,-6.711235874760473896e-01,7.495111700047241143e-02,5.009971518775443305e-02,-5.368237559152382321e-01,-4.312555593263365794e-01,5.202497143802588958e-02,-4.368185876167603454e-01,-4.113401430266529490e-01,-3.169181661602556987e-01,-1.356631050086374302e-01,-9.256560793360246731e-02,-3.987258835126101797e-01,7.956860564410675463e-02,-5.620896828455406169e-01,8.041080255162125212e-02,5.642047629561112165e-01,9.929187570289091380e-02,6.501049766307324118e-01,8.047020273282540215e-02,-3.391001643861812909e-01,7.772202534830087439e-02,5.398530828592562614e-01,3.054085003293997569e-01,5.341328465844815687e-01,6.472344345529241760e-01,-1.993763253345657294e-01,9.682531801967249330e-02,7.139819940018401478e-01,1.519837027065715496e-01,-1.552458806816187087e-01,7.595715047933701003e-01,4.951552367165666380e-01,-1.864014776381124061e-01,5.746448111665130032e-01,6.927222322549997369e-01,-1.247135062905449510e-01,-7.986384339796388787e-02,7.588504684792937161e-01,-4.637628936571969174e-02,-3.798967360762313117e-01,3.156845323019761840e-01,7.944687714319761396e-01,2.281787546447196502e-01,-3.768246941198938327e-01,3.189197992747338506e-01,7.651523765503707164e-01,1.106280144248969477e-01,-4.013143199159217578e-01,-4.277963644754283479e-01,4.960596468746401588e-01,3.591505377302353086e-01,-1.600132987512571103e-01,2.269677113730562967e-01,-1.354779606966159400e-01,-3.081323613245426363e-01,1.081628778867390998e-02,-1.382780719032385142e-01
-1.742399056285690029e-01,7.069535384775371689e-01,1.000000000000000000e+00,2.146636916258893024e-01,-6.948674380108236237e-01,6.022528352339242413e-02,-3.988486628583801097e-01,-7.398078307275163246e-01,-6.039658497445055119e-02,3.896194597320895570e-02,-6.310462801633421881e-01,-5.473371488847939004e-01,-5.434062882004567913e-02,-2.458994901448767756e-01,-6.011121584947263230e-01,-6.107540050293985834e-01,1.317087523436104649e-02,-2.745580438684077085e-01,-5.485827399197511500e-01,-5.168405357390367660e-01,-1.012100744981404982e-01,1.370351740257967077e-01,7.699764099641694948e-01,1.899886589582494845e-01,-1.777484145228954149e-01,5.457685671284374651e-01,6.382046858128076483e-01,9.392991852226133254e-03,4.098566811278911426e-01,4.320602170506775419e-01,5.496885654744202571e-02,-4.465885322184643957e-01,1.854169044288611345e-01,-1.881712922253585829e-01,-5.762830694843721346e-01,-1.376512987002430910e-01,3.113100117417573823e-02,-5.381794824450368830e-01,-2.214424389351703493e-01,-1.108010684636524246e-01,-3.709273256394085561e-01,-3.426242798537572631e-01,-2.525253689913177779e-01,-1.541855825043347006e-01,-4.795559363071597025e-01,-3.115575605165031570e-02,3.325666763638726042e-01,-1.008795504511854207e-01,3.823384503390070410e-01,3.241441091078215431e-01,-2.845057853443872520e-01,-2.769430198555476452e-01,3.204294524598269023e-01,3.688714644789931607e-01,3.540140326751988198e-01,5.282583710621208128e-01,7.806629734420705846e-02,-5.446494995724755761e-02,5.193143556548064366e-01,4.606098038064913025e-01,-9.549606233207767747e-02,4.521568137572438140e-01,5.986265935392293125e-01,1.827095056939516959e-01,4.295997881885310066e-01,5.299952637729772320e-01,2.006457825125612937e-01,2.133143295621373892e-01,7.651301430608190568e-01,2.371124433212904170e-01,-1.512848943266947854e-01,1.271727862882709448e-01,7.415839387676588235e-01,3.088470640457469107e-01,-6.188430836423521875e-01,8.300194316438781750e-02,8.170072476929783889e-01,1.391155903886361900e-01,-4.757228399892349802e-01,-1.109597009279924967e-01,4.023796919716246534e-01,4.221559518894861529e-02,-2.377946230062293054e-01,-7.498421729219927057e-02,-8.301140080968247292e-02,-1.780664379874075387e-01,1.030370631735652437e-01,-2.801742780019395723e-02
4.511692470094854079e-01,7.994310839532549340e-02,2.146636916258893024e-01,1.000000000000000000e+00,1.978583290833030861e-01,-1.448113100531050745e-01,6.426887577764450743e-01,-3.194388907761846474e-01,-8.106108408568193369e-01,3.560146674553723023e-01,4.431503029338040855e-01,-7.460134038423178460e-01,-3.057881829398812479e-01,6.723106411991209841e-01,6.310130866778521086e-02,-5.428788647275146761e-01,3.421186693161424874e-01,5.392867116999331412e-01,-2.429119969818105962e-01,3.673822962181917395e-01,6.610608286508548037e-01,4.320385426440259136e-01,-8.625785289459578231e-02,1.956968364809389127e-01,6.829093912848027692e-01,2.511920045687141556e-01,8.228049494697867172e-02,4.904775699610334216e-01,5.841227464071838821e-02,-3.853752907695412455e-01,3.993094858469337649e-01,-6.142100854733722332e-02,5.268236007595691328e-01,4.244488496449608794e-01,-3.749024295155781727e-01,7.505349448463427553e-02,5.851661169263704387e-01,3.552437432910556664e-02,-4.224186945146292116e-01,1.678175414943290644e-01,3.200268416408637018e-01,-2.672969904463549096e-01,-3.844703952234155286e-01,-5.390179017341505396e-01,2.282529885943790273e-03,4.907983360874921264e-01,-8.068013657701526842e-02,-4.317264584612242606e-01,1.306579033615248853e-01,-1.112118780338320345e-01,-6.505525617131200367e-01,-3.198466878366171828e-01,2.620433750746990476e-01,-9.967945731888436245e-02,3.483985846453265811e-01,-8.875065143744413632e-02,-3.779302991863116024e-01,-6.422519176528026508e-01,2.647006891814294161e-01,2.242279307552609291e-01,-7.316628503188733479e-01,-2.107953737731505239e-01,6.748282808752174011e-01,-1.222602040261834833e-01,-5.402937642756654446e-01,4.665703114279071140e-01,5.355249180125841724e-01,-2.582173565538677940e-01,5.963312074622263009e-02,6.425274626394145150e-01,-3.843783633836096447e-01,-7.039322723068840437e-01,1.865313240003801942e-01,-6.095983852009737580e-01,-4.888435267929611694e-01,3.768774991563749177e-01,-2.049560957836433703e-02,-6.254504945600628529e-01,-5.339114953550230247e-01,-9.072936277155180945e-03,-2.950570597868016898e-01,-2.820573261578904756e-01,6.423995374264773739e-02,-2.709304329664733446e-01,-3.680307162330027637e-01,-5.492128220511172110e-02,-1.293791523630160867e-01,9.437778297907470360e-02
2.428415229576374665e-02,-7.833545950713202144e-01,-6.948674380108236237e-01,1.978583290833030861e-01,1.000000000000000000e+00,2.516026587932889136e-01,7.345517089457389570e-01,2.707754373221479272e-01,-1.573050481865130301e-01,4.805582970003985377e-01,6.225325247426930497e-01,-1.586421325679730765e-02,2.539328142691238410e-01,6.560727534728115762e-01,2.498877004162030901e-01,4.444188642418367419e-01,3.855558129838901338e-01,3.831298385616375701e-01,2.425354579219413387e-01,7.913451705001297576e-01,2.191806304603769462e-01,4.297047223114821568e-01,-6.305476963040940186e-01,-4.518483400640939118e-01,4.815958444958304829e-01,-3.782078348208053453e-03,-7.377888326097239435e-01,8.232315024667856418e-02,-5.745406367328879105e-01,-3.350306325155268938e-01,4.374798071747062478e-01,5.911165261719117936e-01,1.865139023702689636e-01,2.589301229972711393e-01,3.447459932790838955e-01,3.933481640447045735e-01,3.034128567535634424e-01,4.343881589944915689e-01,3.891638628126366933e-02,2.505322057005148206e-01,2.853784903813341156e-01,1.076563314900094367e-02,1.357016300936523812e-01,-3.207058309358283843e-01,5.350592060808780914e-01,1.829456287092300626e-01,-5.648990084641369869e-01,-2.503150349691260490e-01,-5.763471641020648795e-01,-1.764979521615340496e-01,9.941464560119478433e-02,-2.199324515402188152e-01,-4.539718199550312194e-01,-4.450820350957410687e-01,-3.972352133953264142e-01,-5.815344138842448718e-01,4.500157785698916113e-02,-3.407804988052238748e-01,-5.087349160474197163e-01,-9.180285179824937761e-03,-1.260116030535719522e-01,-8.121143086748571216e-01,-1.747795433113208674e-01,1.672777947052868919e-01,-7.081422849631564542e-01,-4.922923892986583727e-01,3.267130877073128881e-01,5.312761120335671161e-03,-7.367526730302091931e-01,3.058571442576857313e-01,2.863483628480559262e-01,-5.710207201385066877e-01,-7.390088107190582178e-01,-4.361752376623423966e-01,1.459244026189871757e-01,-2.244167639832182204e-01,-7.491750722949571673e-01,-2.650170508137807968e-01,1.995877686251789351e-01,4.726176811611846329e-01,-3.939556100058212995e-01,-3.418577332793332757e-01,1.854818428435580924e-01,-2.429093374463341115e-01,8.640199953616967132e-02,2.373525072808183589e-01,1.685821520997988349e-02,2.168600265732165411e-01
-7.922342717872346007e-01,-3.465964029929604617e-01,6.022528352339242413e-02,-1.448113100531050745e-01,2.516026587932889136e-01,1.000000000000000000e+00,1.222780479540565429e-01,-5.411125946290037403e-01,4.710978136135959282e-01,8.212214935314111619e-01,-3.632871505637377818e-01,-2.866927329058502893e-01,8.396210087610055384e-01,3.076632035474062277e-01,-6.367559362358868880e-01,4.102861155594941800e-01,6.138506469389333198e-01,-3.046555456371231596e-01,-4.661658122153998218e-01,2.499937357551535733e-01,-4.261137801585679341e-01,6.432280268162658965e-01,1.205582022285603822e-01,-7.902117556995760239e-01,-4.229297936319588620e-03,6.184779919635651213e-01,-3.793635789232175926e-01,-5.349431482262830828e-01,-4.597010807847541347e-01,4.253656491973744624e-01,5.737255045639338968e-01,4.982484273486282311e-01,2.836052090377295110e-01,-4.801973987904328278e-01,-3.929514138127943729e-02,6.481059108152097403e-01,-2.696765306168563345e-02,-2.702290015297654224e-01,2.345004118980196228e-01,4.912651019547795705e-01,-4.027609003003860821e-01,-5.039989471928888465e-01,1.161532543821444108e-01,-4.132882423498447366e-01,7.163067390786255484e-02,-3.273620934748703304e-01,-4.351947929273350946e-01,-4.611062514176226257e-01,-4.069946153918717058e-01,6.370207344309393171e-01,2.921717798515344189e-01,-4.646324406851293221e-01,-4.307797673034672870e-01,1.914766220443475664e-01,-5.489078303485165344e-01,-2.893309387011215872e-01,7.099022257596523389e-01,-1.859667784582638150e-01,-5.527170757161364856e-01,5.715847733573656830e-01,3.543409160744725450e-01,-6.089555504748134229e-01,-2.882853579152413678e-02,7.913265790372810971e-01,-1.821566532975376629e-01,-5.412517182532602389e-01,4.490402635638191531e-01,6.245182491136800351e-01,-1.501617781769801485e-01,2.954339114954987466e-01,6.084099424877676965e-01,-1.472585698675531185e-01,-2.974905574047408963e-01,3.704664066772597186e-01,-2.588148695578726954e-01,-6.829522920931504482e-01,-1.408117289691514576e-02,2.980942743695753072e-01,1.427286363724331875e-01,6.497658001845887377e-01,-7.387749844643339003e-02,-4.245865598444242273e-01,-6.107812963208227031e-02,-3.307491421935457865e-01,3.483060287223113116e-01,2.761045010955905932e-01,2.425583306283890517e-01,2.220671264249703958e-01
3.107920392041716440e-01,-5.083023839056882709e-01,-3.988486628583801097e-01,6.426887577764450743e-01,7.345517089457389570e-01,1.222780479540565429e-01,1.000000000000000000e+00,4.728086729549006023e-02,-6.418437174117281874e-01,5.611142005144826861e-01,7.904885351299008045e-01,-4.477849276012175195e-01,-6.985139236933493589e-02,9.281205343192349133e-01,3.193279599092619381e-01,-3.318092230277060878e-02,4.921268559286777200e-01,7.056319776776975861e-01,1.126240503246309782e-02,8.255818255181262000e-01,6.447771425934174516e-01,5.465538962909411991e-01,-6.133083632373745875e-01,-1.545071223780030700e-01,8.522793663168226619e-01,5.117753584607605960e-02,-4.758476510615716193e-01,3.500674100118230658e-01,-3.382895057621196910e-01,-5.653044495542099979e-01,4.765881631410703867e-01,3.540643610020607901e-01,4.038124183985271065e-01,4.355324828968469841e-01,4.874125623770594884e-02,2.926698876913913505e-01,5.747531185043429636e-01,3.783074824293762850e-01,-1.523566029269110833e-01,3.110420983759309421e-01,4.352598737797378492e-01,-1.251222338894969477e-01,-1.224970558802079695e-01,-4.929959567475239446e-01,3.811695693935168716e-01,3.909896350113190033e-01,-4.365666867291127518e-01,-4.361392574947660639e-01,-2.927290649968419811e-01,-1.987547260886339262e-01,-2.962066782533238074e-01,-2.178253181379161407e-01,-4.575339649557869093e-02,-3.343743999697252889e-01,-9.893401004829023918e-03,-6.143895807592472114e-01,-2.708795736927465669e-01,-6.617584979709790760e-01,-2.823547164560168965e-01,4.306918766477387667e-02,-6.187760785386766660e-01,-6.924715230389363319e-01,2.865490549482725413e-01,-5.508489065464795831e-02,-9.168573836187852155e-01,-1.005629682950599443e-02,5.806707273879007092e-01,-2.767157895385097821e-01,-4.670353425885009346e-01,5.893152405445494235e-01,-1.861109849672669680e-01,-8.618764458458011424e-01,-3.402254858103652135e-01,-7.551562989333554521e-01,-1.666805343720382249e-01,1.972423017189858241e-01,-5.425746936744895166e-01,-7.285266171383047995e-01,-2.864861096358500281e-01,2.604191090029784883e-01,-6.678059387392333290e-01,-5.657528192809917478e-01,8.623556732026989302e-02,-3.723372967499745112e-01,-1.634878109162655191e-01,1.606453841811372463e-01,-5.367860202444255102e-02,1.973203874089442533e-01
4.428704811043881473e-01,-4.419136761129139335e-01,-7.398078307275163246e-01,-3.194388907761846474e-01,2.707754373221479272e-01,-5.411125946290037403e-01,4.728086729549006023e-02,1.000000000000000000e+00,6.413496804395997161e-03,-5.928553861015858351e-01,5.869258200517938340e-01,8.049960473861911270e-01,-3.372891137855181243e-01,-1.736698888431871812e-01,8.097574304404621115e-01,3.750677220507215859e-01,-4.647313295781250186e-01,2.385575070194300151e-01,7.986997246900831016e-01,1.884045730073790892e-01,1.771437789970752019e-01,-5.824113069594980541e-01,-6.579634750208708249e-01,2.719985207910249336e-01,-1.046115304621856971e-02,-8.379626785430819291e-01,-3.280059061228710049e-01,1.373192731449063564e-01,-5.887381749041789569e-02,-4.428884973949820392e-01,-4.758852812412661670e-01,4.274065794838057680e-02,-4.988606332463421666e-01,2.593924804129425499e-01,5.575676012480986765e-01,-2.824458009143463455e-01,-1.845943873013486669e-01,5.888113257912929166e-01,2.261833294119534321e-01,-2.059480995419515070e-01,4.311228478935603681e-01,6.392521469138497947e-01,2.846054805078720440e-01,4.949527784225174476e-01,3.457007809494177519e-01,8.573108031333771806e-02,5.648995298358762580e-03,4.655268510976123264e-01,-1.350100701014334825e-01,-5.719943516526697636e-01,2.088095836121753868e-01,5.390376227609325888e-01,-4.210261185088853136e-02,-3.174979963533677840e-01,2.149605488713429713e-03,-2.653736365057959290e-01,-3.766626814504828169e-01,3.014047383247280276e-01,-2.011987974718938144e-01,-7.635881630271933451e-01,3.513737257230242078e-02,5.698204110832904429e-02,-6.247959063122233703e-01,-6.074916157851403264e-01,-1.070634892409002004e-01,-2.020455136747102975e-01,-5.419547216737233830e-01,-5.072781286697727321e-01,-5.129890029410938412e-01,-5.457861296057637812e-01,-1.751272524286298926e-01,1.661947421185028251e-01,-4.133883351793842809e-01,-2.782008083578016988e-01,7.689502239661512029e-01,2.591571508317749850e-01,-5.852202726519938336e-01,-1.455982229930188887e-01,3.653282814090786923e-01,-3.363436380023991368e-01,-2.930821109443634831e-01,2.036660574595546558e-01,1.344705489294273359e-01,1.984402664798635418e-01,-1.327982369932918516e-01,-3.165980569051184417e-04,-1.661448197729566700e-01,-1.558811369720820017e-01
-7.678058566829453202e-01,-1.866544910752432063e-01,-6.039658497445055119e-02,-8.106108408568193369e-01,-1.573050481865130301e-01,4.710978136135959282e-01,-6.418437174117281874e-01,6.413496804395997161e-03,1.000000000000000000e+00,-1.400323227801073553e-03,-6.658717010513254264e-01,5.525100302729597512e-01,7.013903780889212403e-01,-5.665222816039077181e-01,-4.439900046056056149e-01,6.505999357233888114e-01,-3.657158128039805084e-02,-7.620688287756831603e-01,-6.154547565720813306e-04,-3.227421498512487719e-01,-8.675464998902550073e-01,-1.318463509582925852e-01,2.630924532169827135e-01,-5.233075876240839142e-01,-7.246683682935823878e-01,1.187605193715704222e-01,-1.972984079219525233e-01,-7.724194593824282862e-01,-2.556564729058141139e-01,6.430130559984047478e-01,-6.812654272622224727e-02,2.776665073108185999e-01,-3.276239645332539308e-01,-6.870458471311408077e-01,2.760219993817064621e-01,2.388586284863468412e-01,-6.663063669543080048e-01,-2.601593066759670392e-01,5.177203207254437167e-01,3.641516597578224601e-02,-5.471687146433446003e-01,8.455804607227020327e-04,4.094678971245953036e-01,3.232544405972022084e-01,-2.735039339796682678e-02,-6.044042778388174497e-01,-6.546535580655855890e-02,2.041700304916408970e-01,-2.465694167709857887e-01,3.960768780879452833e-01,6.488503785700748816e-01,1.085777019598335898e-02,-4.777521116576879390e-01,2.434005433272945218e-01,-5.699584312708761979e-01,1.305388776729274058e-01,6.865555735361374978e-01,6.032429317267687940e-01,-3.684282077926905874e-01,4.390918570589403408e-02,8.980257533102798950e-01,-1.170894362628143413e-02,-6.371386520083717198e-01,4.999935041287447146e-01,5.228865130456508137e-01,-6.660184596501973475e-01,-3.609263060107884558e-01,6.132806037693677714e-01,-5.524239047617286041e-02,-4.279780090294333927e-01,6.972710554179275544e-01,6.221496348951290889e-01,-2.799708146807977083e-01,7.957615159921996861e-01,2.783363752745006692e-01,-7.131131706369625567e-01,7.111924278123422927e-02,8.143650803031773355e-01,6.240986695046051302e-01,2.823041769787430488e-01,3.779373920567005163e-01,2.210217088887347081e-01,2.625782573544898496e-02,1.528702026659674029e-01,4.861617005546471360e-01,1.956818409058599106e-01,1.571077047969260398e-01,9.207461769916876898e-03
-4.928449969275768283e-01,-3.806564949673926779e-01,3.896194597320895570e-02,3.560146674553723023e-01,4.805582970003985377e-01,8.212214935314111619e-01,5.611142005144826861e-01,-5.928553861015858351e-01,-1.400323227801073553e-03,1.000000000000000000e+00,-1.360955929866637963e-03,-6.266375904808288988e-01,6.420888997441879242e-01,7.158121313637310079e-01,-5.020039542736363103e-01,1.769622642154853875e-01,8.006389989826955267e-01,5.871393033343311196e-02,-5.099980419749901017e-01,5.381609077731557278e-01,-3.005789867685951591e-02,8.694906362528481703e-01,-4.941437657765609948e-02,-7.061568882507252010e-01,4.120114137801003662e-01,6.789327578972860211e-01,-4.399414601230999255e-01,-2.471473847083604236e-01,-4.956986007003851280e-01,1.307891011611320708e-01,7.842982293706516339e-01,5.302492621705932052e-01,5.309316203432494774e-01,-1.829737200378387385e-01,-1.402015366959122877e-01,6.722609755999064962e-01,2.860198530017822871e-01,-1.630504341307761340e-01,1.733490960947272133e-02,5.290228970106521933e-01,-1.612584638307459350e-01,-5.691397957920062423e-01,-4.898928703676551366e-02,-6.510592863156579035e-01,1.491655440218342676e-01,-3.684908583428846834e-02,-5.116043135229949579e-01,-6.539334493386841363e-01,-3.899488589657209014e-01,4.588434069247387947e-01,-1.604885026466227813e-02,-5.851153686309822355e-01,-3.534074453969177632e-01,3.084756552588376055e-02,-4.018312731468988153e-01,-3.823669179696664866e-01,4.484998735249609569e-01,-5.077606053768032313e-01,-4.251912456400526730e-01,6.052319918651737352e-01,-5.677282294877728647e-02,-7.872303449095212624e-01,2.802631463408059576e-01,6.876801138828882998e-01,-5.400806520454713988e-01,-3.375984160590020378e-01,7.338759767294774639e-01,4.425905012509196990e-01,-2.396974642424161417e-01,6.668526807308632343e-01,4.131372270476117992e-01,-5.979271276676623170e-01,-3.087023286573082892e-01,-5.144789241305487704e-02,-4.470065873774263232e-01,-4.642529068581033869e-01,-1.571242271105852961e-01,-8.902989149749017395e-02,-1.015962176690316798e-01,6.786939063448891307e-01,-2.503202808276112079e-01,-5.716186519966472979e-01,3.856677545631742587e-02,-4.212160927042189473e-01,2.109431467848421893e-01,2.756302974777872228e-01,1.449383633950660499e-01,2.909640721126536267e-01
6.549767732740598980e-01,-4.901066567580851241e-01,-6.310462801633421881e-01,4.431503029338040855e-01,6.225325247426930497e-01,-3.632871505637377818e-01,7.904885351299008045e-01,5.869258200517938340e-01,-6.658717010513254264e-01,-1.360955929866637963e-03,1.000000000000000000e+00,2.803070181493165502e-02,-4.359800727408158494e-01,6.220058168012863042e-01,7.824375456229285541e-01,1.120662775574907642e-02,3.845212644124475915e-02,7.720096348265692576e-01,4.560026350732252487e-01,6.877720873167380011e-01,7.299590900189706355e-01,2.821255563163810667e-02,-8.163593544363820786e-01,2.134248959930082623e-01,7.066832692382737369e-01,-4.849736515095681710e-01,-4.131330675362723248e-01,5.096267267307683646e-01,-1.603964436179595998e-01,-7.803306623648875728e-01,3.057757559828170810e-02,1.528987733132240456e-01,4.877190662349840250e-02,6.082933305067265151e-01,2.639119023184730572e-01,-5.324381794101318288e-02,4.321077505545426467e-01,6.355689318417714340e-01,-1.199272075254978892e-01,7.256189180804305250e-02,6.773069930962394292e-01,2.811251984647855640e-01,-3.881950378446361039e-02,-1.122100515378222224e-01,4.278102075604685584e-01,4.658942755646738321e-01,-2.366827053153071903e-01,-6.390189282416772198e-02,-1.717927242679463673e-01,-5.458969318632678203e-01,-2.435469453736801848e-01,1.767313694088195608e-01,8.490748825122813870e-02,-4.525520769358344353e-01,1.573689172397025882e-01,-5.489474919050039148e-01,-5.667555340063055169e-01,-4.091425893483847664e-01,-1.764385960089772110e-01,-4.103184261216729634e-01,-6.033951867577282968e-01,-3.736449293432478336e-01,-2.302706954360282492e-03,-5.226359394342136033e-01,-7.525783862488881759e-01,7.162943269779754873e-02,1.372632179958397924e-01,-6.361662137651813431e-01,-5.683620605324306574e-01,1.504780558175392025e-01,-4.021590916514245495e-01,-5.903015681323743324e-01,-3.651573413846460059e-01,-8.194795686740506957e-01,2.727917302405660771e-01,4.576666758577679905e-01,-6.769260228158300308e-01,-7.319813482211717792e-01,-1.308231847257383118e-01,-1.232797393999740393e-01,-6.590406004407605156e-01,-2.713518456211126417e-01,1.327853626932991304e-01,-1.373830273394649470e-01,-3.225242661900356578e-01,1.874536237092658264e-02,-1.837150806304165829e-01,6.216723825072763970e-03
-1.316683205156992179e-02,-3.040148435398860038e-01,-5.473371488847939004e-01,-7.460134038423178460e-01,-1.586421325679730765e-02,-2.866927329058502893e-01,-4.477849276012175195e-01,8.049960473861911270e-01,5.525100302729597512e-01,-6.266375904808288988e-01,2.803070181493165502e-02,1.000000000000000000e+00,1.829390113940668541e-02,-5.935799044318013085e-01,4.241488624432528387e-01,5.874582853480592171e-01,-5.266753503163539296e-01,-2.699981946830597446e-01,6.560400423845444973e-01,-1.836469754234036633e-01,-3.627395697266009300e-01,-6.747417445666630265e-01,-2.869942598108539134e-01,5.660880329055680005e-02,-5.126514425649417728e-01,-6.644650666401172856e-01,-2.245404339944238326e-01,-2.725126461176506365e-01,-6.285516730122900353e-02,2.131196079789611508e-02,-5.430698305313056418e-01,6.541071208826040873e-02,-6.300406279322378067e-01,-1.527852305195273874e-01,5.639727601656171485e-01,-2.083039280866587351e-01,-5.516395745027402597e-01,2.977890280411209512e-01,4.208098210654273585e-01,-2.453170933550052335e-01,3.046426858863818601e-02,5.637656475507314413e-01,4.237558960784631457e-01,6.579693443889401694e-01,1.851743452260858069e-01,-2.713915843686327545e-01,7.722613136358819075e-02,5.661017640330882061e-01,-1.306832779389542065e-01,-2.636019637521487824e-01,5.066202468919172031e-01,5.123895394196454900e-01,-2.143503219541141314e-01,-9.056033291447970757e-02,-2.282368866023657128e-01,-1.258936156540067970e-02,2.778182523029623652e-02,6.518116538471649957e-01,-2.506073181998876853e-01,-6.325274673043232987e-01,5.441575447711951563e-01,2.164289255419027946e-01,-8.518029723928651764e-01,-2.928157373357093141e-01,3.469006291696189459e-01,-4.366480647323610076e-01,-7.472606826412877545e-01,-1.015819551701580142e-01,-3.207004056415666549e-01,-7.780905812390892518e-01,1.702177087790357479e-01,6.107033123501967031e-01,-3.667348340568606924e-01,2.702448819521059975e-01,7.778773685478335143e-01,-1.198512540580142227e-01,-3.220514197713673088e-01,3.790590668108663186e-01,6.260558053189381189e-01,-2.306179028440819567e-01,7.333458679791093893e-02,4.022056899424872878e-01,1.106908143146995288e-01,3.296742847118355746e-01,1.294112793135995254e-01,2.588170854001824867e-02,-7.231409522187134953e-02,-1.745671357601497886e-01
-8.418608619279274174e-01,-4.098156395428716459e-01,-5.434062882004567913e-02,-3.057881829398812479e-01,2.539328142691238410e-01,8.396210087610055384e-01,-6.985139236933493589e-02,-3.372891137855181243e-01,7.013903780889212403e-01,6.420888997441879242e-01,-4.359800727408158494e-01,1.829390113940668541e-02,1.000000000000000000e+00,5.871643024290649354e-02,-6.614626069073078485e-01,6.188892567954347168e-01,4.995306283701982930e-01,-5.013650724784620705e-01,-2.874911672820963937e-01,1.432947561791934055e-01,-6.422159287250656101e-01,4.612718708322775529e-01,1.351063491172800057e-01,-8.384973030768351210e-01,-2.585556510759149385e-01,5.097461946821367773e-01,-4.622066434935261925e-01,-7.057005527081178231e-01,-5.019966919429144081e-01,5.531982346548817153e-01,4.966541658191783726e-01,5.650897421446592350e-01,1.554187743348856843e-01,-6.129496688994852116e-01,1.008292337215733886e-01,6.502998162910221813e-01,-2.947702896001955231e-01,-2.776840947527507431e-01,3.597186302749766362e-01,3.328311587883454048e-01,-4.841864555934100589e-01,-3.294851541750947188e-01,2.594376561785045610e-01,-2.178379620309890685e-01,1.152433332314522774e-01,-4.298816506100314738e-01,-4.195172057857067260e-01,-2.972210455444661004e-01,-4.435804641309327723e-01,5.557066383594125858e-01,4.064906665618208681e-01,-4.000785444789891621e-01,-5.999907722340045435e-01,2.001966045392018223e-01,-6.731357417803242038e-01,-1.226256107659713379e-01,7.691828248305569993e-01,1.299168005999838948e-01,-5.363222959539785117e-01,3.796288777717594098e-01,6.251401413012719344e-01,-5.382024502784021891e-01,-3.174486812572045458e-01,7.878023393021456044e-01,1.125652395727579601e-02,-7.352938395974935037e-01,1.755195453344590983e-01,7.287119682505514007e-01,-2.258015714020595588e-01,1.252835894763452695e-01,7.818465580938012138e-01,4.509878908867481079e-02,-4.421267059966780266e-01,5.314284334156312850e-01,-1.082748371595954606e-01,-8.528863754547147957e-01,-8.366169141507234785e-02,5.415307376299434150e-01,4.156601554061923331e-01,6.437289569478431561e-01,1.164398036876245907e-01,-1.602718980013067285e-01,1.068686232373783629e-01,-1.859812724226380942e-01,4.827331759956245416e-01,3.418775076298735116e-01,1.950181849770615261e-01,2.294184259625715039e-01
1.430327733503044818e-01,-4.382447419316567450e-01,-2.458994901448767756e-01,6.723106411991209841e-01,6.560727534728115762e-01,3.076632035474062277e-01,9.281205343192349133e-01,-1.736698888431871812e-01,-5.665222816039077181e-01,7.158121313637310079e-01,6.220058168012863042e-01,-5.935799044318013085e-01,5.871643024290649354e-02,1.000000000000000000e+00,1.339593704563919463e-01,-4.978147266778681912e-02,5.942963766622131327e-01,6.122079414731523839e-01,-1.665644842595306874e-01,7.817993471774952186e-01,5.442276391167437666e-01,6.653244479397475430e-01,-4.860598907833537097e-01,-2.686130991321647454e-01,8.095654115055554989e-01,2.190332092919347884e-01,-4.481883145163484961e-01,2.741061698790451806e-01,-3.809447844448559106e-01,-4.582774874119739383e-01,6.018230935989844488e-01,3.953210168330796859e-01,5.174954104951063893e-01,3.434853673226534454e-01,-4.087515830316128945e-02,4.195749139513439419e-01,5.892681401905277561e-01,2.587758064567614036e-01,-1.570822668714245973e-01,4.395832006981476026e-01,3.419044395810018622e-01,-2.905145541117673536e-01,-1.669901982623570591e-01,-6.186620733669534467e-01,3.223087176362269268e-01,3.407979094384588348e-01,-4.804128658508860505e-01,-5.680979856971880571e-01,-3.000907383952551299e-01,-9.607437981715708647e-03,-2.875150290299626765e-01,-3.479939452112154608e-01,-1.106094316485679713e-01,-2.642975436354786933e-01,-8.086658421617602677e-02,-5.822346362828642041e-01,-1.176583645106213799e-01,-7.187645100529704845e-01,-3.195496368867937198e-01,2.307323035864989602e-01,-5.439355072392044743e-01,-7.361720146524225461e-01,3.508849135688849596e-01,1.258865449887448251e-01,-8.764331090481926045e-01,-4.324683864792755461e-02,6.599494502318824507e-01,-1.187990078819113199e-01,-3.977032592356014584e-01,6.413969039738798283e-01,-7.209090332826725844e-02,-8.429242199798649970e-01,-3.109230461937636525e-01,-6.272559756398506936e-01,-2.798068230822809976e-01,6.398795112180614975e-02,-4.438255581934294480e-01,-6.192275330401811884e-01,-2.707520520499369088e-01,3.607942564575259414e-01,-5.897294766884728645e-01,-5.842650896332614030e-01,1.030942002850299827e-01,-4.020080209275361249e-01,-1.244233721301726547e-01,1.541525277157219098e-01,-3.576343782427728046e-02,2.010084348855842307e-01
7.157990815456201084e-01,-2.512676398391396893e-01,-6.011121584947263230e-01,6.310130866778521086e-02,2.498877004162030901e-01,-6.367559362358868880e-01,3.193279599092619381e-01,8.097574304404621115e-01,-4.439900046056056149e-01,-5.020039542736363103e-01,7.824375456229285541e-01,4.241488624432528387e-01,-6.614626069073078485e-01,1.339593704563919463e-01,1.000000000000000000e+00,3.832657069323737453e-02,-4.299961753196608338e-01,5.780574518402512574e-01,6.752038550844898790e-01,2.890652468739486336e-01,5.435769301398667430e-01,-4.676469605066044810e-01,-7.145722001316534566e-01,4.730752070433442702e-01,3.188015256531519515e-01,-8.149832252820937706e-01,-1.703420041925535755e-01,4.831847754066666001e-01,3.210572091983564247e-02,-7.410232228570098334e-01,-4.231366904016282127e-01,-5.335570243418870373e-02,-2.845971286555032953e-01,5.808661112234467794e-01,4.058711447087055002e-01,-3.340198051055275341e-01,1.680080350335073913e-01,6.543536815572839060e-01,-1.398093955191118815e-02,-1.129650206642388716e-01,6.383045693579031399e-01,5.160062468274811964e-01,3.944468559549576397e-02,2.672346944157811266e-01,3.162717915242970745e-01,3.402293753895928585e-01,1.821424720081414247e-02,2.736421896610813920e-01,1.996104856899003424e-03,-6.311858938529119056e-01,-8.428448345896831506e-02,4.927226507985856818e-01,1.809308428878132757e-01,-4.319938859508742901e-01,2.366895539352373845e-01,-3.184095790070709531e-01,-6.288440065330982431e-01,-4.658829945461548383e-02,-7.045725652603876399e-02,-6.725410834717608921e-01,-3.725095179331453510e-01,6.729660232384804264e-02,-2.597727447411042334e-01,-7.570236720991149193e-01,-3.213943339494952367e-01,1.369062027916894964e-01,-3.126067099387272452e-01,-6.997984707490071399e-01,-3.874542440094138063e-01,-3.234867015595543904e-01,-4.940748829396964248e-01,-8.463225012572771211e-02,-2.112965618001234891e-01,-6.044384647985484582e-01,5.700782880502177630e-01,5.816359464480391761e-01,-5.369954777283107994e-01,-5.078523859948593788e-01,5.580397180529293732e-02,-4.362732368091764568e-01,-4.426079041487679944e-01,6.448052975966124534e-02,1.274190848532841536e-01,1.422630536272433688e-01,-3.525019620254532526e-01,-1.491422046842092453e-01,-2.456611132508030315e-01,-2.076929969534233589e-01
-4.779299531568874104e-01,-6.870017411130929785e-01,-6.107540050293985834e-01,-5.428788647275146761e-01,4.444188642418367419e-01,4.102861155594941800e-01,-3.318092230277060878e-02,3.750677220507215859e-01,6.505999357233888114e-01,1.769622642154853875e-01,1.120662775574907642e-02,5.874582853480592171e-01,6.188892567954347168e-01,-4.978147266778681912e-02,3.832657069323737453e-02,1.000000000000000000e+00,8.747222841536211879e-02,-3.450637435095987859e-01,3.201084132756685796e-01,2.584138995162653107e-01,-5.214573743669016492e-01,1.109353089017235325e-02,-3.628110921088248397e-01,-6.351590204386515781e-01,-2.741034707615754296e-01,-1.430990200455975192e-01,-7.141752708384174753e-01,-5.643312287659615345e-01,-6.014524295610561566e-01,1.511303223594200607e-01,9.935150876993159574e-02,6.258442001455944981e-01,-2.681117570502100089e-01,-3.127534490697003178e-01,5.804570988761122985e-01,3.739672512782222236e-01,-3.887970535413811102e-01,2.125783241627085540e-01,4.659102417713771871e-01,1.496059682502995092e-01,-1.061913584268521227e-01,1.601151674289720828e-01,5.029895709017553340e-01,1.693447892027137858e-01,4.218449634455564978e-01,-3.535650721197521329e-01,-4.464577613364010822e-01,4.493926832453538911e-02,-5.251204515960378183e-01,1.089226819295205512e-01,6.077164314078808971e-01,5.837522576886939457e-02,-6.392759061963900757e-01,-1.617231241934864450e-01,-7.212552600681800818e-01,-3.053504816180709347e-01,5.135795705904028230e-01,2.777053603680167404e-01,-6.720648968169886661e-01,-1.207252703211913608e-01,6.618102275294570624e-01,-4.729930177011370529e-01,-7.835632562163680204e-01,3.518820073289316008e-01,-4.048149168744073073e-02,-8.883789067960791153e-01,-2.060905637982061167e-01,3.497360713928578946e-01,-6.339613718166691170e-01,-3.332847102106496484e-01,6.501428178731326613e-01,2.151165170621504308e-01,-7.793006126776332865e-01,2.869414494732291931e-01,5.359635253297750923e-01,-6.168441996578900577e-01,-5.658979046182254224e-01,4.266513395168656797e-01,7.162444540464100173e-01,4.066982652827400568e-01,-5.619466864684797419e-02,-5.107442053293528676e-03,2.065689593070250130e-01,9.384042606216259907e-02,3.414360376433343558e-01,2.094302779606052878e-01,1.425386024842593968e-02,5.569878921676384154e-02
-3.536304180432295885e-01,-3.186239124393004385e-01,1.317087523436104649e-02,3.421186693161424874e-01,3.855558129838901338e-01,6.138506469389333198e-01,4.921268559286777200e-01,-4.647313295781250186e-01,-3.657158128039805084e-02,8.006389989826955267e-01,3.845212644124475915e-02,-5.266753503163539296e-01,4.995306283701982930e-01,5.942963766622131327e-01,-4.299961753196608338e-01,8.747222841536211879e-02,1.000000000000000000e+00,2.130001417982759632e-02,-6.537635370540859636e-01,4.565054616708034696e-01,5.922686787382932389e-02,7.687513233598115558e-01,-5.248227799481145622e-02,-5.485209271353177485e-01,4.259140623829760774e-01,5.664240893817747979e-01,-3.787104258877939666e-01,-2.543486020285197213e-01,-3.765899287874721613e-01,1.536417906257215790e-02,6.865098586794439184e-01,4.565451056157976417e-01,4.531332795671683678e-01,-1.958553224361671286e-01,-1.292714158278861214e-01,5.339204921257979519e-01,1.854228594312590794e-01,-2.380354401951136067e-01,1.738564594762664547e-02,4.863378414565255881e-01,-7.185077529341558911e-02,-5.225807530941293244e-01,-1.378361111927266791e-01,-5.195417537195480273e-01,1.543938534984251251e-03,-2.426822873977938638e-02,-3.004675196337898702e-01,-5.588150611330300332e-01,-1.937487590039254637e-01,3.844630483323099868e-01,-1.257358302390715887e-01,-4.822935166279576635e-01,-1.840361649903503871e-01,1.327227030459497970e-01,-2.903106397448541598e-01,-3.450773107827462272e-01,3.280080956948975279e-01,-4.452557478778674804e-01,-2.965126017693548999e-01,4.996994198362821327e-01,-1.162872992124019400e-01,-6.477017584300616138e-01,2.978084741250212608e-01,5.652651616306509919e-01,-5.210249554702944819e-01,-2.090167673343752697e-01,6.647827683177799374e-01,3.098930146166212207e-01,-1.653641130695906181e-01,6.549231546565572604e-01,2.647086076322082704e-01,-5.829010997978641972e-01,-1.832196951858076628e-01,-7.959198291452583562e-02,-4.336430865455054851e-01,-3.347699528791368007e-01,-7.879313758447759053e-02,-1.360823252887586043e-01,-2.072277377906128204e-01,5.874117529151220429e-01,-2.201547868249555673e-01,-5.377227999780819223e-01,-1.013244942688314998e-01,-3.035009699172871445e-01,2.471209690972458461e-01,3.760419406590329583e-01,2.173685275289370666e-01,3.040087468910335211e-01
5.965343033903537373e-01,-1.498523929486643147e-01,-2.745580438684077085e-01,5.392867116999331412e-01,3.831298385616375701e-01,-3.046555456371231596e-01,7.056319776776975861e-01,2.385575070194300151e-01,-7.620688287756831603e-01,5.871393033343311196e-02,7.720096348265692576e-01,-2.699981946830597446e-01,-5.013650724784620705e-01,6.122079414731523839e-01,5.780574518402512574e-01,-3.450637435095987859e-01,2.130001417982759632e-02,1.000000000000000000e+00,2.073430589516134515e-01,5.071771821483609388e-01,7.435208011163805253e-01,7.953669502641955158e-02,-5.566352356112038713e-01,3.147938226851341170e-01,6.830861786703500416e-01,-3.024424581840364779e-01,-9.792044953631531823e-02,6.105124970922222172e-01,2.122127254867293630e-02,-6.796246123861815480e-01,4.441944313271282974e-02,-3.505055808331482975e-02,2.028081715862734835e-01,6.121789253229189542e-01,3.181676906688442330e-02,-9.472759688029513958e-02,5.275764470717827503e-01,4.644030300778362874e-01,-2.476338412725268001e-01,4.252184886430530886e-02,5.161290265015576750e-01,7.986355788025494007e-02,-2.196377090727042458e-01,-2.197690779835234365e-01,2.015380214879300691e-01,4.362008936988092667e-01,-1.167955675757638007e-01,-1.299523604472634097e-01,-1.373516643617568762e-02,-3.796438930955375879e-01,-3.232319335692795392e-01,1.024812663162706500e-01,2.240490672239968672e-01,-3.067506025038037043e-01,3.402943911878291150e-01,-3.872684841877154782e-01,-5.701659571781171332e-01,-5.027177636754157630e-01,-1.631009999714069791e-02,-2.356270555260580601e-01,-7.311248709427037307e-01,-2.232357034070044377e-01,2.996608961484310552e-01,-4.804178021204829063e-01,-6.582347244991247903e-01,3.267715433019319216e-01,2.393435858377428449e-01,-5.821048872130796248e-01,-2.429972697786384472e-01,2.612445188937714269e-01,-5.201438999587869594e-01,-5.733659916558976333e-01,-4.151807073496354555e-02,-7.459508152372475998e-01,-6.467924168251001568e-03,5.334328111638714232e-01,-3.454062752488811228e-01,-7.363440318355432002e-01,-3.634633433669158808e-01,-1.959697135306361637e-01,-5.589019001995189084e-01,-2.736481725295004108e-01,1.056185417843405472e-01,-1.834052357153628521e-01,-3.560961950071627191e-01,-6.203599951881100250e-02,-1.876927653924953254e-01,-3.127454379058312167e-02
3.722816495706844919e-01,-3.342580833168283250e-01,-5.485827399197511500e-01,-2.429119969818105962e-01,2.425354579219413387e-01,-4.661658122153998218e-01,1.126240503246309782e-02,7.986997246900831016e-01,-6.154547565720813306e-04,-5.099980419749901017e-01,4.560026350732252487e-01,6.560400423845444973e-01,-2.874911672820963937e-01,-1.665644842595306874e-01,6.752038550844898790e-01,3.201084132756685796e-01,-6.537635370540859636e-01,2.073430589516134515e-01,1.000000000000000000e+00,1.708503446963874350e-01,9.198205538168549578e-02,-5.325243992737435095e-01,-5.212301708705756598e-01,2.131923079441444546e-01,-8.270826614852391789e-02,-6.809205335540572390e-01,-2.784672888584860950e-01,1.575167548313941845e-01,-1.187162381334723460e-01,-2.699646205984342906e-01,-4.313936150503600575e-01,2.892342944715538267e-02,-4.601001433364372284e-01,2.561858944374389435e-01,5.015324807081102954e-01,-2.347987704947009091e-01,-1.638831822913550118e-01,6.002971322455292746e-01,2.348021531282372121e-01,-2.977807412283509092e-01,3.055614583756034452e-01,6.773557955054132496e-01,4.011624562053930365e-01,4.347520778148711296e-01,4.662885130590554983e-01,7.618304259730745986e-02,-1.474089278160522209e-01,4.650341926461581399e-01,-2.410038629091598716e-01,-5.521108410215163076e-01,2.394398528266703796e-01,4.146575583288332201e-01,-1.467073493322290367e-01,-4.054829785056450753e-01,-2.112040951422131108e-02,-1.501335247577050835e-01,-3.434042370974813574e-01,2.975996573181640126e-01,-1.686047531162598312e-01,-6.916258155541961106e-01,5.192251850684261733e-02,5.698235165433864630e-02,-5.556767562440597663e-01,-5.231518209331300628e-01,-2.858064989831717029e-02,-2.049980260407466004e-01,-4.835309939554716108e-01,-3.456319676991851941e-01,-4.101041594441744986e-01,-4.698904809410875960e-01,-9.033052080864555078e-02,1.862155601887877931e-01,-3.717483495410974226e-01,-2.457193676236859858e-01,6.294613808649003328e-01,2.034214214525328079e-01,-5.064468181653085654e-01,-9.340373957461053922e-02,3.662980993237761607e-01,-2.880179587490598880e-01,-1.839896413537608355e-01,2.495593698650150349e-01,2.218123068024207278e-01,1.232100084581837646e-01,-1.979806640031962772e-01,-1.167695099822296384e-01,-2.109793907431570248e-01,-1.645909655239980174e-01
1.060837507312475392e-01,-6.951600943778645236e-01,-5.168405357390367660e-01,3.673822962181917395e-01,7.913451705001297576e-01,2.499937357551535733e-01,8.255818255181262000e-01,1.884045730073790892e-01,-3.227421498512487719e-01,5.381609077731557278e-01,6.877720873167380011e-01,-1.836469754234036633e-01,1.432947561791934055e-01,7.817993471774952186e-01,2.890652468739486336e-01,2.584138995162653107e-01,4.565054616708034696e-01,5.071771821483609388e-01,1.708503446963874350e-01,1.000000000000000000e+00,4.655855446279594800e-01,5.499882564437811316e-01,-7.309830808604198538e-01,-3.693447959593123553e-01,7.390013901901619775e-01,1.458343350596098646e-02,-7.142994958669509620e-01,1.313990311890900486e-01,-5.282076075033975693e-01,-4.469840049361925027e-01,4.851109952598181563e-01,5.170453660473216528e-01,2.571525243454052534e-01,2.519564550724845420e-01,2.142488603494019650e-01,4.026645278833975716e-01,4.011293323816446099e-01,4.143223339983470033e-01,3.990805856448707140e-02,3.722514002508199860e-01,4.072118181312189278e-01,-5.850646382185338557e-02,6.109805206584412868e-02,-4.098102683581139050e-01,4.993349425798684904e-01,2.913766332166710105e-01,-5.444182537136746936e-01,-3.952681761131388027e-01,-5.320817826410554341e-01,-1.350820697880104893e-01,-4.888558619970545527e-02,-2.670459511197270097e-01,-2.684335980816159317e-01,-3.155332909286950871e-01,-2.171456714268382160e-01,-7.430197773003838213e-01,-8.779061626087493464e-02,-5.479805328648427176e-01,-5.212751432236024662e-01,3.612370053540440995e-02,-3.719932436084656402e-01,-8.358979150880481157e-01,4.422837100795297405e-02,1.064905570823509035e-01,-8.749487953790454631e-01,-3.030265538368547840e-01,5.265828516926667202e-01,-1.134570932076277711e-01,-6.604478222355492090e-01,4.427444693542760823e-01,9.166332934523072073e-02,-7.385436872106684314e-01,-5.783162052351750182e-01,-5.816196198722507482e-01,4.630301548315100824e-02,-2.677892534922125811e-02,-6.752363869023106924e-01,-4.827408971369818724e-01,-6.346222544031725199e-02,4.155548635261257506e-01,-5.912034003917556735e-01,-5.614849592257481481e-01,9.531397847254709232e-02,-3.453084202201205932e-01,-2.229104289293740854e-02,2.658339950968740539e-01,4.461975441010963134e-02,1.850289723437560929e-01
7.229119500399553422e-01,1.098585226934920868e-02,-1.012100744981404982e-01,6.610608286508548037e-01,2.191806304603769462e-01,-4.261137801585679341e-01,6.447771425934174516e-01,1.771437789970752019e-01,-8.675464998902550073e-01,-3.005789867685951591e-02,7.299590900189706355e-01,-3.627395697266009300e-01,-6.422159287250656101e-01,5.442276391167437666e-01,5.435769301398667430e-01,-5.214573743669016492e-01,5.922686787382932389e-02,7.435208011163805253e-01,9.198205538168549578e-02,4.655855446279594800e-01,1.000000000000000000e+00,7.524101602788060839e-02,-4.705154103475207017e-01,5.475155483333680184e-01,8.164843162214984185e-01,-2.776903845338613563e-01,7.426928818934194765e-02,7.343992016185071359e-01,2.469229822072047387e-01,-7.249390960652077887e-01,4.029455229178446202e-02,-2.076675583650519075e-01,2.921118654003016513e-01,6.269997588457294491e-01,-2.063459296118213826e-01,-1.797847281354316984e-01,6.322088533416816425e-01,3.254846192741609467e-01,-3.744464793646010148e-01,5.768903028196251809e-02,6.279809389419126475e-01,7.280148649216601486e-02,-3.904932147482981231e-01,-2.966295546232509683e-01,7.983069151652850970e-02,6.238141571531492513e-01,4.294327976322470652e-02,-1.967562448116263740e-01,1.711929931229528579e-01,-4.112759987535633543e-01,-6.271802513500546183e-01,-3.125402436439042586e-02,4.885260139013418157e-01,-1.559337105755464192e-01,5.747968808280079500e-01,-3.676787755360612087e-01,-7.319751457000540640e-01,-5.862668109955672113e-01,1.674360718116237878e-01,-1.743047883484269700e-01,-8.904282983025630926e-01,-8.086787208153996265e-02,4.968865884284585088e-01,-5.476472478939794497e-01,-6.321460019337277192e-01,5.499156434628104106e-01,3.031768891317271897e-01,-6.662989863083598197e-01,-6.334759509042693637e-02,3.464407437561520253e-01,-6.823443924917640402e-01,-6.330921458198301988e-01,1.823898345270039412e-01,-7.868431345422524092e-01,-1.648607752852005170e-01,6.762163779811024567e-01,-1.645563521355921377e-01,-8.145112511737789829e-01,-5.815899863693779759e-01,-2.659127945118755498e-01,-5.049996817776174485e-01,-3.032152684248484165e-01,-1.002898598149461196e-01,-2.136802044877860740e-01,-4.099715489119114542e-01,-2.123546502285112228e-02,-4.734238440282927812e-02,1.627265664088500124e-02
-3.502140128531997521e-01,-2.837374084688880083e-01,1.370351740257967077e-01,4.320385426440259136e-01,4.297047223114821568e-01,6.432280268162658965e-01,5.465538962909411991e-01,-5.824113069594980541e-01,-1.318463509582925852e-01,8.694906362528481703e-01,2.821255563163810667e-02,-6.747417445666630265e-01,4.612718708322775529e-01,6.653244479397475430e-01,-4.676469605066044810e-01,1.109353089017235325e-02,7.687513233598115558e-01,7.953669502641955158e-02,-5.325243992737435095e-01,5.499882564437811316e-01,7.524101602788060839e-02,1.000000000000000000e+00,9.054992151235995504e-03,-6.448521828055282512e-01,5.360414624616005597e-01,7.782602637658510014e-01,-3.854946755275430181e-01,-1.529223477013146593e-01,-3.944524410495509614e-01,1.244252662241274454e-01,8.288111625821320549e-01,4.165768190159914175e-01,5.653054053953241453e-01,-1.403617151014794340e-01,-2.666883037086885122e-01,5.846935431043834841e-01,3.684943075411073465e-01,-2.320641464114392150e-01,-1.024925824415228726e-01,4.612058186792663550e-01,-9.650102048858719139e-02,-5.996950558271154641e-01,-1.121580722552444204e-01,-6.638068596148534173e-01,6.355602474399156543e-02,5.101518978433067231e-02,-4.082877291885918525e-01,-6.606248701498254050e-01,-3.507710529411459111e-01,3.805493395405612489e-01,-1.160698509887596180e-01,-6.710408747030461862e-01,-2.711425331822689966e-01,5.391782733137923111e-02,-2.747838784056688133e-01,-3.582140062409888692e-01,3.520750799285488619e-01,-5.912738717179291115e-01,-2.623193425047602445e-01,6.779872084222050566e-01,-1.749395135300811921e-01,-7.117323527442337427e-01,4.255316527706541896e-01,6.606106741965398488e-01,-5.170061613876760775e-01,-1.869278626436553237e-01,7.801938138374450160e-01,4.015835810744297629e-01,-1.242002087332222948e-01,7.160065058765551216e-01,3.073465122730804078e-01,-6.372952922967020095e-01,-1.895710160312293890e-01,-1.646436953344382059e-01,-5.548955063779557051e-01,-3.334824752388744207e-01,-9.209314039381365224e-02,-1.685608358830287812e-01,-2.460322923061919187e-01,6.958782144147019899e-01,-1.734414719910764846e-01,-6.134106465758131232e-01,-5.504651815484460503e-02,-4.111051018329982543e-01,1.978106985561653985e-01,2.900313688899820996e-01,2.094093177430020603e-01,3.254164507583440780e-01
-3.392044699514087935e-01,6.764824116046965763e-01,7.699764099641694948e-01,-8.625785289459578231e-02,-6.305476963040940186e-01,1.205582022285603822e-01,-6.133083632373745875e-01,-6.579634750208708249e-01,2.630924532169827135e-01,-4.941437657765609948e-02,-8.163593544363820786e-01,-2.869942598108539134e-01,1.351063491172800057e-01,-4.860598907833537097e-01,-7.145722001316534566e-01,-3.628110921088248397e-01,-5.248227799481145622e-02,-5.566352356112038713e-01,-5.212301708705756598e-01,-7.309830808604198538e-01,-4.705154103475207017e-01,9.054992151235995504e-03,1.000000000000000000e+00,6.147402910656738634e-02,-5.453506513901978936e-01,5.788139028153301835e-01,6.581962094693830645e-01,-2.160804140467640355e-01,4.314767395314103582e-01,6.828848275734443751e-01,-7.012529341246859227e-02,-4.222869242044526294e-01,5.041355134523828330e-02,-3.420684151476191537e-01,-4.961555061314708026e-01,-1.875726049621574687e-01,-1.821168903605849543e-01,-6.492754277664792850e-01,-1.907662376633768586e-01,-2.614416779915115230e-01,-5.465203774576613549e-01,-3.059461244404112490e-01,-1.764093012413576467e-01,2.296333677055290706e-02,-5.458312163820324692e-01,-2.131470924193029914e-01,3.973595112841157850e-01,4.971316536184196971e-02,3.933582580627555392e-01,3.997415294595141333e-01,-2.890275615084840835e-02,-1.610047524532270957e-01,1.773517885801218219e-01,3.956121771748562499e-01,1.623675374142582173e-01,6.710762108352090749e-01,3.134144994172773924e-01,1.985136270167575379e-01,5.184919369371197018e-01,4.522601868773591938e-01,2.469659761265763920e-01,4.964949257363132085e-01,3.165906367201097305e-01,3.007539675025710513e-01,6.546904789793884794e-01,2.746939240875790333e-01,-6.086530309391285226e-02,3.662716564735169489e-01,6.949634016901867772e-01,2.397078263772314116e-02,1.066039214628214937e-01,3.905208294522611867e-01,5.833811799851563729e-01,6.007520143687529179e-01,-4.790463799948587176e-01,-2.105723255232448132e-01,7.796774462002988848e-01,4.737648569156406864e-01,-1.590639387594072474e-01,-2.910440410716801096e-02,6.516540165915936100e-01,2.624193903034697795e-01,-2.174444444078690031e-01,1.177115161145289302e-01,1.443632960657669217e-01,-1.702515230109649114e-01,1.073157902642954131e-01,-2.580682084426181438e-02
7.120667474570853139e-01,5.509354414965537128e-01,1.899886589582494845e-01,1.956968364809389127e-01,-4.518483400640939118e-01,-7.902117556995760239e-01,-1.545071223780030700e-01,2.719985207910249336e-01,-5.233075876240839142e-01,-7.061568882507252010e-01,2.134248959930082623e-01,5.660880329055680005e-02,-8.384973030768351210e-01,-2.686130991321647454e-01,4.730752070433442702e-01,-6.351590204386515781e-01,-5.485209271353177485e-01,3.147938226851341170e-01,2.131923079441444546e-01,-3.693447959593123553e-01,5.475155483333680184e-01,-6.448521828055282512e-01,6.147402910656738634e-02,1.000000000000000000e+00,6.190422612800063062e-02,-5.429143421052178287e-01,6.711861685379842957e-01,6.540320705841151661e-01,7.299007363859209008e-01,-3.949509417309011172e-01,-6.002180634091820455e-01,-7.065738118541399215e-01,-1.373322672865217586e-01,4.861737591024212213e-01,-2.437622113638867050e-01,-6.875333596592897445e-01,1.973004875835525362e-01,1.437289655187687365e-01,-3.482876308461949066e-01,-4.124868646929567007e-01,3.635657533587870471e-01,3.404390106254130965e-01,-3.476588944353256050e-01,2.477977384686320672e-01,-2.625537107358374977e-01,3.898738633877532056e-01,5.426374673844543972e-01,3.290784472500371538e-01,6.100480436500606007e-01,-4.291590127639301477e-01,-4.682634190324782564e-01,3.924029191781051584e-01,7.168178406191586527e-01,3.932689010465884732e-02,7.890209425096524898e-01,2.617557963971368085e-01,-7.441643570059797153e-01,1.662779984490260141e-02,5.846991110491369659e-01,-4.274765453295449880e-01,-5.170080138572473727e-01,7.102739730582586786e-01,2.613540045949588331e-01,-8.154725796328990972e-01,1.622577585480618478e-01,7.488163408477144234e-01,-3.492276710597350675e-01,-6.981433210492580255e-01,3.787599532384695045e-01,-2.452457659110396371e-01,-7.712023147681704716e-01,1.267361086285947180e-01,5.863205056916670488e-01,-2.582718284588800262e-01,3.740551569380001079e-02,7.262858011615465070e-01,3.120197910526563700e-01,-3.391636342277618010e-01,-4.044142391586726948e-01,-7.456176369180742558e-01,1.201595418659512707e-02,2.992729196556976889e-01,-1.552162227673566375e-01,1.864072418283926891e-01,-4.097521676194872398e-01,-3.100224236388400834e-01,-1.235446294063607675e-01,-2.370222621239705674e-01
3.990792221041463694e-01,-2.860704817615498663e-01,-1.777484145228954149e-01,6.829093912848027692e-01,4.815958444958304829e-01,-4.229297936319588620e-03,8.522793663168226619e-01,-1.046115304621856971e-02,-7.246683682935823878e-01,4.120114137801003662e-01,7.066832692382737369e-01,-5.126514425649417728e-01,-2.585556510759149385e-01,8.095654115055554989e-01,3.188015256531519515e-01,-2.741034707615754296e-01,4.259140623829760774e-01,6.830861786703500416e-01,-8.270826614852391789e-02,7.390013901901619775e-01,8.164843162214984185e-01,5.360414624616005597e-01,-5.453506513901978936e-01,6.190422612800063062e-02,1.000000000000000000e+00,5.996462847768702087e-02,-2.869850189861533618e-01,4.817413419993856749e-01,-1.027023126126994923e-01,-6.019357164416869743e-01,4.709316222801318008e-01,1.573307050931592455e-01,4.802405701807277438e-01,4.221946545917647509e-01,-1.887776486677924803e-01,2.129125338042105742e-01,6.726286691501042192e-01,2.474805628839597260e-01,-2.614114678636771938e-01,3.544827034826638079e-01,5.101214769302325758e-01,-2.039366787092126709e-01,-2.878222069829783347e-01,-5.413950555421992439e-01,1.876607830098085961e-01,4.842905858051071433e-01,-2.522785920037304841e-01,-4.988819568420486683e-01,-1.325852042985276591e-01,-1.671670656806846789e-01,-4.934159914171929451e-01,-3.163068237343341638e-01,1.890497920964348544e-01,-1.211821190672671689e-01,2.351020446780160145e-01,-6.175673557323524410e-01,-4.035592300890228357e-01,-7.663045706446509620e-01,-1.483152067011989650e-01,1.223057382816718913e-01,-7.637710166290316849e-01,-5.105834775113347046e-01,4.788720641996053184e-01,-1.183839985516629417e-01,-8.425408368002412773e-01,2.302339243421217541e-01,6.066513238650845796e-01,-3.496759688820138545e-01,-2.483661600575897965e-01,5.603281201977436954e-01,-3.618158776407768284e-01,-8.275500914652013096e-01,-8.726767736342021242e-02,-7.654667961378832652e-01,-2.738347024467934765e-01,3.666241969199419137e-01,-3.318277125349985979e-01,-7.668318621542059565e-01,-4.890610919985948768e-01,1.686085770327144517e-01,-6.051390650839013619e-01,-6.034336424625212913e-01,-6.870957852883671779e-02,-3.804098313793440878e-01,-2.172944614353980175e-01,1.678995109619303150e-01,4.850980966173102510e-02,1.652355012193319483e-01
-5.361419655514928495e-01,1.216365035851784404e-01,5.457685671284374651e-01,2.511920045687141556e-01,-3.782078348208053453e-03,6.184779919635651213e-01,5.117753584607605960e-02,-8.379626785430819291e-01,1.187605193715704222e-01,6.789327578972860211e-01,-4.849736515095681710e-01,-6.644650666401172856e-01,5.097461946821367773e-01,2.190332092919347884e-01,-8.149832252820937706e-01,-1.430990200455975192e-01,5.664240893817747979e-01,-3.024424581840364779e-01,-6.809205335540572390e-01,1.458343350596098646e-02,-2.776903845338613563e-01,7.782602637658510014e-01,5.788139028153301835e-01,-5.429143421052178287e-01,5.996462847768702087e-02,1.000000000000000000e+00,2.419442268772270532e-02,-3.231344506811402173e-01,-1.142822830929550448e-01,5.597243082714965512e-01,6.324724966463901588e-01,1.398767307759109513e-01,4.468712810398593471e-01,-3.915548257049828451e-01,-4.526200631357290005e-01,4.073046974531066566e-01,1.262238232119237691e-01,-5.762230690735280492e-01,-1.377932321003021154e-01,2.257837384036011918e-01,-4.382144814699955315e-01,-6.387115839157497810e-01,-1.246441345994688393e-01,-4.999408550469878754e-01,-2.361321583585004602e-01,-1.438699481633590183e-01,-1.385302398391439482e-01,-4.888648221144379913e-01,-1.178065984091619806e-01,5.631489471847411776e-01,-5.249564089012657281e-02,-6.449208384569556918e-01,-1.837569872510637081e-01,2.715027010016740072e-01,-1.878539160258727303e-01,1.177008728726520320e-01,5.259438382372600973e-01,-3.008203382152085936e-01,5.483478708019262626e-02,8.065504892853343488e-01,7.276072311089547273e-02,-3.096631455097665908e-01,4.724908268681852763e-01,7.484988504470119208e-01,-5.639633958825104182e-03,-5.313392500095043269e-02,5.785265798770122814e-01,5.910725378831461763e-01,2.859845591767678497e-01,5.675665317337131865e-01,3.656112624604994643e-01,-2.517138874967991824e-01,1.473968519530619581e-01,2.575649856336206800e-01,-6.900678467075158640e-01,-4.359759461981861373e-01,3.625507953794525062e-01,1.875506534033265782e-01,-2.311409318738336105e-01,5.682781876743060456e-01,2.587673499782040532e-01,-3.258368004272469420e-01,-1.570327419916934530e-01,-2.701246190852750750e-01,2.560695517817189737e-01,1.334418761118276175e-01,2.192870297079065334e-01,2.360065513526731495e-01
2.441340964542827729e-01,8.673849105138015103e-01,6.382046858128076483e-01,8.228049494697867172e-02,-7.377888326097239435e-01,-3.793635789232175926e-01,-4.758476510615716193e-01,-3.280059061228710049e-01,-1.972984079219525233e-01,-4.399414601230999255e-01,-4.131330675362723248e-01,-2.245404339944238326e-01,-4.622066434935261925e-01,-4.481883145163484961e-01,-1.703420041925535755e-01,-7.141752708384174753e-01,-3.787104258877939666e-01,-9.792044953631531823e-02,-2.784672888584860950e-01,-7.142994958669509620e-01,7.426928818934194765e-02,-3.854946755275430181e-01,6.581962094693830645e-01,6.711861685379842957e-01,-2.869850189861533618e-01,2.419442268772270532e-02,1.000000000000000000e+00,3.204419962792098842e-01,8.076150626366827012e-01,1.884375195448680929e-01,-4.282575727176391456e-01,-7.946498670188417712e-01,6.473294521593807305e-02,1.073135719460682341e-01,-5.892250465711523777e-01,-5.252671091532247205e-01,9.072114002790744591e-02,-3.959696076006301579e-01,-4.164914750657304210e-01,-3.500201696728929002e-01,-1.437608595462613603e-01,-8.235858050015641696e-02,-4.777468237904942128e-01,1.081911633418383561e-01,-6.267479529710561215e-01,1.333244161611773781e-01,6.742278424382962543e-01,1.874762877965512886e-01,7.080286057422116031e-01,2.381997160462491839e-02,-3.726581754916568623e-01,1.462056701523259394e-01,6.491450881826121844e-01,3.673527517319952196e-01,6.550761153381876589e-01,5.914076871286113590e-01,-2.901368913105643599e-01,1.130494862961323038e-01,7.139407444506884470e-01,4.402938902423418621e-02,-2.238402135896486733e-01,7.864335402038581391e-01,4.636318684989255701e-01,-3.253236515294485875e-01,5.208789827127144889e-01,7.239828228534537224e-01,-2.304243495675309672e-01,-2.127044227564109102e-01,7.509264788703746696e-01,-1.179844946190214128e-01,-4.722284067546088648e-01,3.129133553205658003e-01,8.084761699698869153e-01,2.082370131000137181e-01,-3.324272508186952857e-01,3.644567027065838682e-01,7.343841885681873238e-01,6.291501167401648831e-02,-3.884663417423482312e-01,-5.554122732795307993e-01,3.929112526858929977e-01,3.830202846724835020e-01,-1.620401073491017641e-01,1.708424575346148555e-01,-1.919479209251170604e-01,-2.895639072756125976e-01,-1.100277731280792197e-02,-1.511161330215142484e-01
7.270342205116718803e-01,2.594592298923400486e-01,9.392991852226133254e-03,4.904775699610334216e-01,8.232315024667856418e-02,-5.349431482262830828e-01,3.500674100118230658e-01,1.373192731449063564e-01,-7.724194593824282862e-01,-2.471473847083604236e-01,5.096267267307683646e-01,-2.725126461176506365e-01,-7.057005527081178231e-01,2.741061698790451806e-01,4.831847754066666001e-01,-5.643312287659615345e-01,-2.543486020285197213e-01,6.105124970922222172e-01,1.575167548313941845e-01,1.313990311890900486e-01,7.343992016185071359e-01,-1.529223477013146593e-01,-2.160804140467640355e-01,6.540320705841151661e-01,4.817413419993856749e-01,-3.231344506811402173e-01,3.204419962792098842e-01,1.000000000000000000e+00,3.786765490339315532e-01,-6.707636352308233851e-01,-1.447888697912828593e-01,-3.333321739192923183e-01,2.555656147172379877e-01,7.805314086310313204e-01,-2.127486866028631962e-01,-3.168464253099519956e-01,6.954071954483167506e-01,3.768901793915207521e-01,-5.559266915954877986e-01,-1.272883533899193675e-01,5.300997689565415394e-01,1.510181633780167676e-01,-4.268787248018058866e-01,-2.486020092622737432e-01,2.584319307944291447e-02,6.502140214370806248e-01,1.448355393224290966e-01,-3.099766594258669683e-02,1.664920349171052916e-01,-5.215157643777359464e-01,-5.557884092473174276e-01,2.489343558246789878e-02,4.440006993031732629e-01,-2.669374461309683144e-01,5.836919278186532001e-01,-8.651606535999595282e-02,-7.245267565906653440e-01,-3.988213198467619458e-01,3.316749836224101022e-01,-1.893795963872706156e-01,-7.213845028776305623e-01,1.891225901701978906e-01,4.482983206544966515e-01,-5.542375838758342166e-01,-2.882644604527646037e-01,5.953399252690857457e-01,1.028675595225416878e-01,-5.662266576551318042e-01,8.334149010014132997e-02,1.272047982654991305e-01,-6.046667745728966370e-01,-3.398600991428771811e-01,2.553255227573474340e-01,-6.126536438498313419e-01,-1.045671362033951945e-01,6.526291021387388147e-01,-8.813560010927626656e-03,-5.605361132265547219e-01,-4.806884577465071473e-01,-3.563014115523207015e-01,-1.567785800403115881e-01,-1.053156063812925140e-02,-8.515551593604252234e-02,-8.966850632488777839e-02,-4.020710371923725823e-01,-2.328803214801786203e-01,-4.086815405859951095e-02,-6.701113053445252599e-02
3.552261320296185576e-01,6.821341231937950722e-01,4.098566811278911426e-01,5.841227464071838821e-02,-5.745406367328879105e-01,-4.597010807847541347e-01,-3.382895057621196910e-01,-5.887381749041789569e-02,-2.556564729058141139e-01,-4.956986007003851280e-01,-1.603964436179595998e-01,-6.285516730122900353e-02,-5.019966919429144081e-01,-3.809447844448559106e-01,3.210572091983564247e-02,-6.014524295610561566e-01,-3.765899287874721613e-01,2.122127254867293630e-02,-1.187162381334723460e-01,-5.282076075033975693e-01,2.469229822072047387e-01,-3.944524410495509614e-01,4.314767395314103582e-01,7.299007363859209008e-01,-1.027023126126994923e-01,-1.142822830929550448e-01,8.076150626366827012e-01,3.786765490339315532e-01,1.000000000000000000e+00,5.779344398206234801e-02,-4.598796902539669662e-01,-8.144392755435586606e-01,3.426888909899829250e-02,1.657531985619385140e-01,-5.921377799705764833e-01,-5.713234949011035679e-01,2.028603198368985061e-01,-3.019620261494846414e-01,-5.224801050082477083e-01,-3.821910415140637451e-01,1.159830233782923048e-01,7.621357842896366898e-03,-5.576483807217174071e-01,9.954303542687567563e-02,-6.234247386790139345e-01,2.599280192063349593e-01,6.926782937614313074e-01,1.385289651156088042e-01,7.122058412240737102e-01,-4.033797839235041260e-02,-4.216355143477973355e-01,1.684768192524367103e-01,7.331320756355518276e-01,4.244509057992623680e-01,7.600792017524954369e-01,3.900412485235826288e-01,-3.898968605267301157e-01,2.662547886106081396e-02,6.170562038733082844e-01,-6.699362996036314910e-02,-3.151159887911939572e-01,6.835168763068649733e-01,3.596338716796720902e-01,-4.725334540449200871e-01,3.608167918251368733e-01,6.611791652426182164e-01,-2.951272909103800912e-01,-4.423490547996143940e-01,5.327375967386831501e-01,-2.168112839585054352e-01,-5.503073381924356022e-01,2.188076349630410644e-01,6.664095760464160412e-01,1.255901844257579225e-01,-2.106797188311834712e-01,3.606574348377913908e-01,5.632577100350413257e-01,-1.629458555868227437e-02,-4.042270449726867443e-01,-5.511275752678765905e-01,2.764386221764737472e-01,2.827196512513344695e-01,-2.689547666492246303e-01,1.498738352192009460e-01,-1.665621332949603906e-01,-2.117663618584063601e-01,4.992478016142185004e-02,-1.295511200280627384e-01
-6.563153423267062969e-01,1.943601152105353946e-01,4.320602170506775419e-01,-3.853752907695412455e-01,-3.350306325155268938e-01,4.253656491973744624e-01,-5.653044495542099979e-01,-4.428884973949820392e-01,6.430130559984047478e-01,1.307891011611320708e-01,-7.803306623648875728e-01,2.131196079789611508e-02,5.531982346548817153e-01,-4.582774874119739383e-01,-7.410232228570098334e-01,1.511303223594200607e-01,1.536417906257215790e-02,-6.796246123861815480e-01,-2.699646205984342906e-01,-4.469840049361925027e-01,-7.249390960652077887e-01,1.244252662241274454e-01,6.828848275734443751e-01,-3.949509417309011172e-01,-6.019357164416869743e-01,5.597243082714965512e-01,1.884375195448680929e-01,-6.707636352308233851e-01,5.779344398206234801e-02,1.000000000000000000e+00,8.347459557661590646e-02,-1.376372763365049379e-01,-9.017720192768984011e-02,-7.082710491643240402e-01,-2.731237932018663050e-01,9.548459774130015065e-02,-4.511830573947762102e-01,-5.936521586435086206e-01,1.581111332283078319e-01,-1.347403036135915722e-01,-6.939136466256216051e-01,-2.430988156888516383e-01,1.567347970692578030e-01,1.245310611462143724e-01,-3.255059213474535973e-01,-4.857817993374570764e-01,1.333035686672549291e-01,1.006941971091860483e-01,2.724032940299215069e-02,5.024259321385954324e-01,3.535681488494529234e-01,-1.883278533523003173e-01,-1.786595498223794709e-01,4.102240088529772732e-01,-2.288484555486540173e-01,4.030421264037798434e-01,6.340023523380247106e-01,3.718613345737530884e-01,6.747645879151821513e-02,3.987444383698237615e-01,5.932746852680267358e-01,1.270530208612410117e-01,-8.133746624683106663e-02,5.366138615719915350e-01,5.564905963158783830e-01,-2.439235957259622001e-01,-1.089849383685683182e-01,5.756808455296784643e-01,3.409108416176617751e-01,-1.009990066248123569e-01,4.609519499620094440e-01,4.373693620981318753e-01,1.518287854145428939e-01,7.286424864764962095e-01,-2.442735933452935826e-01,-5.649682184384239303e-01,4.294785774417929636e-01,6.478478648830816589e-01,2.134358535353760578e-01,2.117537051770475021e-01,4.880727427229692439e-01,1.797511756908152236e-01,-3.551974968067320160e-02,-1.088110942829231473e-02,2.907442752345593684e-01,3.768654860478155844e-02,1.493448932824185116e-01,7.166710909976989341e-02
-3.491630897899548613e-01,-3.281451832571437577e-01,5.496885654744202571e-02,3.993094858469337649e-01,4.374798071747062478e-01,5.737255045639338968e-01,4.765881631410703867e-01,-4.758852812412661670e-01,-6.812654272622224727e-02,7.842982293706516339e-01,3.057757559828170810e-02,-5.430698305313056418e-01,4.966541658191783726e-01,6.018230935989844488e-01,-4.231366904016282127e-01,9.935150876993159574e-02,6.865098586794439184e-01,4.441944313271282974e-02,-4.313936150503600575e-01,4.851109952598181563e-01,4.029455229178446202e-02,8.288111625821320549e-01,-7.012529341246859227e-02,-6.002180634091820455e-01,4.709316222801318008e-01,6.324724966463901588e-01,-4.282575727176391456e-01,-1.447888697912828593e-01,-4.598796902539669662e-01,8.347459557661590646e-02,1.000000000000000000e+00,5.173382283781670088e-01,7.195677047814537097e-01,-2.033868958671652682e-01,-2.852293195899288647e-01,7.351019706077688287e-01,3.273860430330048921e-01,-2.099009996237500009e-01,-4.858700947215826432e-02,5.556036425561152736e-01,-1.241896859179298790e-01,-5.903557742904660399e-01,-6.434324352538713099e-02,-6.761110589979572039e-01,6.803968338204953448e-02,-4.701148294964507812e-02,-4.578353617729454261e-01,-7.027281775508972261e-01,-3.592092954320247888e-01,3.875670014611696246e-01,-1.854400921576576655e-01,-7.287037841801540239e-01,-3.706615109088517990e-01,1.480755865394150217e-01,-3.454116933171456627e-01,-3.517724481922868129e-01,3.562589646747821304e-01,-4.683054547702601433e-01,-3.707396602876351643e-01,5.816877658683096142e-01,-3.061882428557630154e-02,-6.884656749410107413e-01,2.637097647736657002e-01,6.743788485531611032e-01,-4.423358597373815981e-01,-3.055592329024374165e-01,6.403657533039693872e-01,4.997539184040742932e-01,-1.235474977509312261e-01,5.660110642336380060e-01,3.533582749506209986e-01,-5.200094313673473412e-01,-2.685314118349010903e-01,-1.720131516391306126e-01,-4.746020754064813052e-01,-3.492767656021538158e-01,-1.583151863644484403e-01,-9.706347967924472409e-02,-7.020879136766342010e-02,6.832756113532020281e-01,-1.588822587446347967e-01,-4.753474928219478257e-01,1.167149528058501196e-01,-3.827284799611812560e-01,2.073554912383734072e-01,3.469614384462244017e-01,1.351163136975907786e-01,3.890365176410489623e-01
-3.689370377354953545e-01,-6.711235874760473896e-01,-4.465885322184643957e-01,-6.142100854733722332e-02,5.911165261719117936e-01,4.982484273486282311e-01,3.540643610020607901e-01,4.274065794838057680e-02,2.776665073108185999e-01,5.302492621705932052e-01,1.528987733132240456e-01,6.541071208826040873e-02,5.650897421446592350e-01,3.953210168330796859e-01,-5.335570243418870373e-02,6.258442001455944981e-01,4.565451056157976417e-01,-3.505055808331482975e-02,2.892342944715538267e-02,5.170453660473216528e-01,-2.076675583650519075e-01,4.165768190159914175e-01,-4.222869242044526294e-01,-7.065738118541399215e-01,1.573307050931592455e-01,1.398767307759109513e-01,-7.946498670188417712e-01,-3.333321739192923183e-01,-8.144392755435586606e-01,-1.376372763365049379e-01,5.173382283781670088e-01,1.000000000000000000e+00,1.560158473762612019e-01,-2.129325033393154043e-01,5.373927205165717202e-01,7.374949922789721946e-01,-7.615345108082613446e-02,2.091989864557346201e-01,4.104064506785070066e-01,4.853225306196113364e-01,-6.299383546584898241e-02,-1.086322776038645688e-01,3.744746086118226902e-01,-2.846567989404061860e-01,5.025945528863617895e-01,-2.106000886844310582e-01,-6.854303177955299864e-01,-3.426002264361913685e-01,-6.885434470001891016e-01,1.458606024003251955e-01,2.676642677377625845e-01,-3.427470963701994555e-01,-6.965487959126432926e-01,-2.583367972771605792e-01,-7.363162164323594494e-01,-4.512544364350139503e-01,4.049382015889556596e-01,-6.204590857358377454e-02,-6.732707521955015872e-01,9.035550865159169831e-02,3.339099553824282363e-01,-7.101325521998724799e-01,-3.902278917977797246e-01,5.135901653416876655e-01,-3.710921296435842343e-01,-7.150223695329354090e-01,2.490666784637458886e-01,4.796855208940853377e-01,-4.899243581996515773e-01,1.763883214384641684e-01,5.437959235960800886e-01,-2.102003325728461214e-01,-6.707782777727169243e-01,-1.069510225044159324e-01,1.245922178851144035e-01,-4.278170949444454751e-01,-5.367354396989953980e-01,4.391863108324835230e-02,4.159533212852453699e-01,6.164599416665359488e-01,-2.531968905993361996e-01,-3.092507287523720838e-01,1.825412099982704206e-01,-1.711328001432748380e-01,2.735023381377943430e-01,3.355385392535635836e-01,2.785052395113271975e-02,2.051253070791950461e-01
-2.662338608652406458e-02,7.495111700047241143e-02,1.854169044288611345e-01,5.268236007595691328e-01,1.865139023702689636e-01,2.836052090377295110e-01,4.038124183985271065e-01,-4.988606332463421666e-01,-3.276239645332539308e-01,5.309316203432494774e-01,4.877190662349840250e-02,-6.300406279322378067e-01,1.554187743348856843e-01,5.174954104951063893e-01,-2.845971286555032953e-01,-2.681117570502100089e-01,4.531332795671683678e-01,2.028081715862734835e-01,-4.601001433364372284e-01,2.571525243454052534e-01,2.921118654003016513e-01,5.653054053953241453e-01,5.041355134523828330e-02,-1.373322672865217586e-01,4.802405701807277438e-01,4.468712810398593471e-01,6.473294521593807305e-02,2.555656147172379877e-01,3.426888909899829250e-02,-9.017720192768984011e-02,7.195677047814537097e-01,1.560158473762612019e-01,1.000000000000000000e+00,5.133092265422527917e-02,-6.174208020481192216e-01,5.708961940801753343e-01,6.113582929640426489e-01,-2.967185844901463199e-01,-4.016340469646403344e-01,4.879021061530997572e-01,2.807619949703510712e-02,-6.097957155291354736e-01,-4.824474424796281746e-01,-7.631829357253433477e-01,-2.187117061098489412e-01,2.192638366748471401e-01,-1.425484056459958571e-01,-7.170209419287520980e-01,5.402843700470959937e-03,2.792105976336141659e-01,-5.405990605569893637e-01,-6.536004632056592323e-01,1.970047700909189139e-02,2.902277198613197329e-01,4.565494432597305002e-02,-1.865451489969935650e-01,3.701153140455235024e-02,-4.923783860886762342e-01,-1.028747592771237923e-01,4.538172726798609946e-01,-2.735012741328193830e-01,-3.543813693367984241e-01,4.703485878342037463e-01,3.559379302892040076e-01,-3.356021038996346850e-01,6.667966572136690973e-02,4.752914559664061511e-01,2.591137468427964774e-01,1.687746176250241037e-01,4.872588767198920423e-01,-4.138108474386165483e-03,-4.545620899287851069e-01,6.080071216977548515e-02,-2.724001512174190620e-01,-6.022951737274339079e-01,-5.081082582307381440e-02,5.302522840565088852e-02,-2.240731354989642099e-01,-2.526995991480234238e-01,3.302940830697513319e-01,-1.064463044040028089e-01,-2.640728040764843687e-01,1.358515954617290911e-01,-3.328913243086034646e-01,4.954844813137539855e-02,2.472065071516150181e-01,1.095424501758668345e-01,3.834156564189360461e-01
6.739995589111338337e-01,5.009971518775443305e-02,-1.881712922253585829e-01,4.244488496449608794e-01,2.589301229972711393e-01,-4.801973987904328278e-01,4.355324828968469841e-01,2.593924804129425499e-01,-6.870458471311408077e-01,-1.829737200378387385e-01,6.082933305067265151e-01,-1.527852305195273874e-01,-6.129496688994852116e-01,3.434853673226534454e-01,5.808661112234467794e-01,-3.127534490697003178e-01,-1.958553224361671286e-01,6.121789253229189542e-01,2.561858944374389435e-01,2.519564550724845420e-01,6.269997588457294491e-01,-1.403617151014794340e-01,-3.420684151476191537e-01,4.861737591024212213e-01,4.221946545917647509e-01,-3.915548257049828451e-01,1.073135719460682341e-01,7.805314086310313204e-01,1.657531985619385140e-01,-7.082710491643240402e-01,-2.033868958671652682e-01,-2.129325033393154043e-01,5.133092265422527917e-02,1.000000000000000000e+00,1.996587061885943606e-02,-4.218817017672653602e-01,6.224781142106048382e-01,5.542092619980926171e-01,-4.326053680086005548e-01,-2.131872921751270800e-01,5.579824453105469706e-01,2.040646954625203457e-01,-3.178910491205081401e-01,-1.084485307836945828e-01,1.858500652659362262e-01,6.170008113005875927e-01,5.795488148337743506e-02,2.813858785187407438e-02,1.122161286114664452e-01,-5.675631658143887037e-01,-3.426002480505400127e-01,1.984499825487309743e-01,2.582784630250970492e-01,-4.868619200868605223e-01,3.830078126920447579e-01,-1.228396200074691885e-01,-6.368613087879253509e-01,-3.452045395356903579e-01,2.116133572305145261e-01,-2.918274787895334121e-01,-6.202443348823044600e-01,4.033828673959871658e-02,2.549463386369466011e-01,-5.600513718282885689e-01,-3.662563175243193081e-01,3.892854368145090560e-01,5.307025443056621189e-02,-5.781038227041130906e-01,-1.693637974168210325e-01,1.154299064977975797e-01,-4.640335508270537201e-01,-3.564355541420365370e-01,1.526990650541453637e-02,-5.864740150398364271e-01,9.087924847030409703e-02,5.236854205015021302e-01,-2.182564907337710414e-01,-5.273617682164232212e-01,-2.806803059265250977e-01,-3.172017558669649739e-01,-2.144864674835616214e-01,5.218552159207946739e-03,4.737949592617108491e-02,5.025074079740440847e-02,-3.379863669664178172e-01,-2.575704427122591511e-01,-1.841314562156680656e-01,-1.466893405259780125e-01
-3.016969218940573211e-02,-5.368237559152382321e-01,-5.762830694843721346e-01,-3.749024295155781727e-01,3.447459932790838955e-01,-3.929514138127943729e-02,4.874125623770594884e-02,5.575676012480986765e-01,2.760219993817064621e-01,-1.402015366959122877e-01,2.639119023184730572e-01,5.639727601656171485e-01,1.008292337215733886e-01,-4.087515830316128945e-02,4.058711447087055002e-01,5.804570988761122985e-01,-1.292714158278861214e-01,3.181676906688442330e-02,5.015324807081102954e-01,2.142488603494019650e-01,-2.063459296118213826e-01,-2.666883037086885122e-01,-4.961555061314708026e-01,-2.437622113638867050e-01,-1.887776486677924803e-01,-4.526200631357290005e-01,-5.892250465711523777e-01,-2.127486866028631962e-01,-5.921377799705764833e-01,-2.731237932018663050e-01,-2.852293195899288647e-01,5.373927205165717202e-01,-6.174208020481192216e-01,1.996587061885943606e-02,1.000000000000000000e+00,3.961794049095878484e-02,-4.499840133234920270e-01,5.753086888542334743e-01,5.746041976441196297e-01,-6.496461552217107360e-02,7.725706302505505607e-02,5.216043721440134506e-01,6.121163775996812939e-01,3.943317944317449864e-01,6.197082456592866162e-01,-2.224830814956397507e-01,-4.116402937224846736e-01,3.532161552834793272e-01,-4.797294263019327709e-01,-2.943635924799307690e-01,5.352752192125823649e-01,3.521043138915348480e-01,-4.668127204732127056e-01,-5.615928707061185188e-01,-4.908347289405159408e-01,-1.933592402960025991e-01,5.012335347573666083e-02,3.442686643424842097e-01,-3.833468317522874536e-01,-4.828705301015331353e-01,3.183811316709729278e-01,-1.852512808941784994e-01,-6.579467182035342310e-01,-1.197454399519534973e-01,-8.293461191796952514e-02,-4.685678184881548747e-01,-2.593707203439657438e-01,-2.742458557167695710e-02,-5.171912323127140221e-01,-2.749057551465308724e-01,2.272014456549468486e-01,1.555811685337798733e-01,-5.265233897942909191e-01,-4.765721329395234546e-02,6.209191125888353646e-01,-8.725515809858694349e-02,-5.118081181873493923e-01,4.025888353030276229e-02,4.606484690056693587e-01,5.119665238858714384e-02,-2.098213865000962686e-01,4.723596964155468703e-02,1.158570171849498537e-01,1.496787190784254484e-01,5.397111019503871010e-02,1.157077954313132789e-02,-1.362823135940777197e-01,-1.540241203523155245e-01
-4.688079581247414085e-01,-4.312555593263365794e-01,-1.376512987002430910e-01,7.505349448463427553e-02,3.933481640447045735e-01,6.481059108152097403e-01,2.926698876913913505e-01,-2.824458009143463455e-01,2.388586284863468412e-01,6.722609755999064962e-01,-5.324381794101318288e-02,-2.083039280866587351e-01,6.502998162910221813e-01,4.195749139513439419e-01,-3.340198051055275341e-01,3.739672512782222236e-01,5.339204921257979519e-01,-9.472759688029513958e-02,-2.347987704947009091e-01,4.026645278833975716e-01,-1.797847281354316984e-01,5.846935431043834841e-01,-1.875726049621574687e-01,-6.875333596592897445e-01,2.129125338042105742e-01,4.073046974531066566e-01,-5.252671091532247205e-01,-3.168464253099519956e-01,-5.713234949011035679e-01,9.548459774130015065e-02,7.351019706077688287e-01,7.374949922789721946e-01,5.708961940801753343e-01,-4.218817017672653602e-01,3.961794049095878484e-02,1.000000000000000000e+00,7.613035853115135421e-02,-1.651301686024019555e-01,2.284594227791118815e-01,7.187324918580618727e-01,-1.876280107551827891e-01,-4.457964792431126089e-01,1.010910038892451623e-01,-5.701129737272810916e-01,1.855890820258843110e-01,-1.975946310346925194e-01,-5.659317300032012943e-01,-5.948656636430775801e-01,-5.157544925514830902e-01,4.269014797484899648e-01,2.298693022125891314e-02,-6.229092407867026226e-01,-5.309145709023510573e-01,1.092216392076123532e-01,-5.670066608544765963e-01,-3.793332790722117043e-01,4.707941839423618324e-01,-1.717898329666098511e-01,-5.963465820042835874e-01,3.512987045366108840e-01,2.693782944966492399e-01,-6.499267510734629827e-01,-1.112795705202419966e-01,6.491204747619397919e-01,-2.960459683715241930e-01,-5.421088605719679432e-01,3.726254155532157109e-01,5.867283095125772618e-01,-2.038008439265873994e-01,2.930864777907856156e-01,4.817485723024082511e-01,-2.443033452719032828e-01,-4.143577004273917841e-01,-1.101332797846907817e-02,-2.163963771811108494e-01,-4.608816843307421141e-01,-2.628652806195396208e-01,8.636278834172278485e-02,2.385950666703033074e-01,6.105736994325633438e-01,-1.878404160131652290e-01,-3.134303080871785330e-01,2.020891176804387179e-01,-3.574177454275945798e-01,2.567808920261104300e-01,3.719090458216146589e-01,1.219636568808323690e-01,3.367136692679082999e-01
3.889992624794094689e-01,5.202497143802588958e-02,3.113100117417573823e-02,5.851661169263704387e-01,3.034128567535634424e-01,-2.696765306168563345e-02,5.747531185043429636e-01,-1.845943873013486669e-01,-6.663063669543080048e-01,2.860198530017822871e-01,4.321077505545426467e-01,-5.516395745027402597e-01,-2.947702896001955231e-01,5.892681401905277561e-01,1.680080350335073913e-01,-3.887970535413811102e-01,1.854228594312590794e-01,5.275764470717827503e-01,-1.638831822913550118e-01,4.011293323816446099e-01,6.322088533416816425e-01,3.684943075411073465e-01,-1.821168903605849543e-01,1.973004875835525362e-01,6.726286691501042192e-01,1.262238232119237691e-01,9.072114002790744591e-02,6.954071954483167506e-01,2.028603198368985061e-01,-4.511830573947762102e-01,3.273860430330048921e-01,-7.615345108082613446e-02,6.113582929640426489e-01,6.224781142106048382e-01,-4.499840133234920270e-01,7.613035853115135421e-02,1.000000000000000000e+00,1.399547447541156231e-01,-6.802771492124590758e-01,2.278410547884490989e-01,4.467275198371565281e-01,-3.231539157751053271e-01,-5.637329877452149640e-01,-6.365173294761525824e-01,-6.263069262032353035e-02,6.005358532873138477e-01,-3.507950783252622440e-02,-5.031341612872272107e-01,-1.023867643878510064e-02,-1.271186778164207498e-01,-5.288176408271547668e-01,-3.488510996411177678e-01,2.560136781871594214e-01,-8.114598456378245561e-02,3.296587914456019508e-01,-3.392655091773421616e-01,-3.346763744080132330e-01,-6.820156244642718857e-01,2.980974596052766296e-02,2.494018449758709788e-01,-6.510893453601754866e-01,-2.675514433838115380e-01,5.567171181824260850e-01,-8.417055336358177098e-02,-5.283259001099772645e-01,3.238626508362849599e-01,4.736295377895788361e-01,-2.651545217287171186e-01,-3.293306923906410416e-02,3.855037356395762393e-01,-3.241518853755440133e-01,-5.742557732297555173e-01,5.738927322778734907e-02,-5.615082649354571354e-01,-3.085777257672946416e-01,3.298854593604557128e-01,-1.053316019278602439e-01,-5.222303041748250774e-01,-4.480890056067545757e-01,4.849341173439324776e-02,-2.527316046948291373e-01,-3.338200644836685771e-01,-8.360748104987909823e-02,-3.052211043965371018e-01,-2.460306451696128438e-01,-8.105760327192988723e-02,5.761212327824768997e-02,1.019877996253923252e-01
3.817321800326989312e-01,-4.368185876167603454e-01,-5.381794824450368830e-01,3.552437432910556664e-02,4.343881589944915689e-01,-2.702290015297654224e-01,3.783074824293762850e-01,5.888113257912929166e-01,-2.601593066759670392e-01,-1.630504341307761340e-01,6.355689318417714340e-01,2.977890280411209512e-01,-2.776840947527507431e-01,2.587758064567614036e-01,6.543536815572839060e-01,2.125783241627085540e-01,-2.380354401951136067e-01,4.644030300778362874e-01,6.002971322455292746e-01,4.143223339983470033e-01,3.254846192741609467e-01,-2.320641464114392150e-01,-6.492754277664792850e-01,1.437289655187687365e-01,2.474805628839597260e-01,-5.762230690735280492e-01,-3.959696076006301579e-01,3.768901793915207521e-01,-3.019620261494846414e-01,-5.936521586435086206e-01,-2.099009996237500009e-01,2.091989864557346201e-01,-2.967185844901463199e-01,5.542092619980926171e-01,5.753086888542334743e-01,-1.651301686024019555e-01,1.399547447541156231e-01,1.000000000000000000e+00,2.202236887147144828e-01,-1.184931834099602621e-01,4.392742356860118158e-01,5.189170174274362335e-01,2.981558460739641703e-01,1.425683022509127706e-01,5.816916580277308180e-01,2.113998397907543847e-01,-3.293206977864775453e-01,2.264848811015620633e-01,-3.694928072902928795e-01,-5.754824587234755873e-01,1.537080940191399292e-01,3.069369472157201240e-01,-1.885994495320288400e-01,-6.530202176604168463e-01,-6.891906529885864774e-02,-3.826114245853444729e-01,-4.544065007933869027e-01,1.139881307529130340e-02,-2.863308335180407282e-01,-5.866230231129884176e-01,-2.160634506257154974e-01,-1.829035320229054629e-01,-3.208178643176494149e-01,-4.564630615579022832e-01,-3.864322851521552193e-01,-1.328500237760508185e-01,-1.283874250173017983e-01,-3.898470566369056090e-01,-4.767454834378651585e-01,-1.578698705362589494e-01,-1.798023359672032417e-01,-1.652389917375394479e-01,-3.797461125770209001e-01,-4.731978360803575923e-01,4.893624630685738941e-01,2.974729985366934559e-01,-5.444752602340193759e-01,-3.772669103514471045e-01,1.167324991006313539e-01,-1.737454776324198480e-01,-4.287606488483677869e-01,-5.911856525214065350e-02,1.263666398430651761e-01,-3.101448179547868292e-02,-2.544423566958254890e-01,-9.981043428957719899e-02,-1.625198474953407912e-01,-1.155557098348024697e-01
-3.767559149176436528e-01,-4.113401430266529490e-01,-2.214424389351703493e-01,-4.224186945146292116e-01,3.891638628126366933e-02,2.345004118980196228e-01,-1.523566029269110833e-01,2.261833294119534321e-01,5.177203207254437167e-01,1.733490960947272133e-02,-1.199272075254978892e-01,4.208098210654273585e-01,3.597186302749766362e-01,-1.570822668714245973e-01,-1.398093955191118815e-02,4.659102417713771871e-01,1.738564594762664547e-02,-2.476338412725268001e-01,2.348021531282372121e-01,3.990805856448707140e-02,-3.744464793646010148e-01,-1.024925824415228726e-01,-1.907662376633768586e-01,-3.482876308461949066e-01,-2.614114678636771938e-01,-1.377932321003021154e-01,-4.164914750657304210e-01,-5.559266915954877986e-01,-5.224801050082477083e-01,1.581111332283078319e-01,-4.858700947215826432e-02,4.104064506785070066e-01,-4.016340469646403344e-01,-4.326053680086005548e-01,5.746041976441196297e-01,2.284594227791118815e-01,-6.802771492124590758e-01,2.202236887147144828e-01,1.000000000000000000e+00,9.681410661167426379e-02,-4.235306693495829999e-01,2.995652579106895530e-01,7.265988434134479368e-01,4.043086037411076639e-01,4.123700563159926613e-01,-5.468001902604121556e-01,-3.596320719694678369e-01,2.695418761434221211e-01,-4.087970401421211486e-01,6.312544054965379958e-02,5.253962117375422514e-01,1.257844817992690434e-01,-4.659416649389744869e-01,-1.028480734080296638e-01,-4.992055458932282419e-01,-1.990074853462889259e-01,2.268300974258370406e-01,4.563100545316016721e-01,-4.586661427607301444e-01,-3.495974413706628980e-01,4.528449467079617707e-01,-1.285771769631187667e-01,-5.717260313249200587e-01,1.150507478162221681e-01,6.008730466492030048e-02,-4.831884951366862690e-01,-2.173486888628690938e-01,2.933244862040355616e-01,-1.439700829670986226e-01,-1.746901428196253325e-01,3.217530392200195766e-01,2.543690978531377711e-01,-2.504995856565633838e-01,2.161035842767910220e-01,2.588305824904776897e-01,-2.515879057357260362e-01,-1.557228382445016435e-01,1.701264939837661694e-01,3.822519955324764629e-01,1.300087041578431024e-01,-1.716847422527864042e-01,-2.140608446157018022e-02,9.858273666716599326e-02,-2.801142414694399868e-03,2.051106286977214810e-01,2.317944483778819065e-01,-3.754276697502172133e-02,1.686734179051015614e-03
-2.250684626224269402e-01,-3.169181661602556987e-01,-1.108010684636524246e-01,1.678175414943290644e-01,2.505322057005148206e-01,4.912651019547795705e-01,3.110420983759309421e-01,-2.059480995419515070e-01,3.641516597578224601e-02,5.290228970106521933e-01,7.256189180804305250e-02,-2.453170933550052335e-01,3.328311587883454048e-01,4.395832006981476026e-01,-1.129650206642388716e-01,1.496059682502995092e-01,4.863378414565255881e-01,4.252184886430530886e-02,-2.977807412283509092e-01,3.722514002508199860e-01,5.768903028196251809e-02,4.612058186792663550e-01,-2.614416779915115230e-01,-4.124868646929567007e-01,3.544827034826638079e-01,2.257837384036011918e-01,-3.500201696728929002e-01,-1.272883533899193675e-01,-3.821910415140637451e-01,-1.347403036135915722e-01,5.556036425561152736e-01,4.853225306196113364e-01,4.879021061530997572e-01,-2.131872921751270800e-01,-6.496461552217107360e-02,7.187324918580618727e-01,2.278410547884490989e-01,-1.184931834099602621e-01,9.681410661167426379e-02,1.000000000000000000e+00,6.059076010795568651e-02,-6.087439187015772912e-01,-1.499496085182820404e-01,-5.631053167951908245e-01,-3.810186249039554385e-02,-4.076532134784232458e-02,-2.674673794614501610e-01,-5.709829018234572340e-01,-2.735631422444905758e-01,3.847562650493764336e-01,-1.232564150739505898e-01,-4.154673259538627650e-01,-2.391622991650927121e-01,1.381505171165395840e-01,-3.094681349797323011e-01,-4.647529997644300193e-01,2.865937614965932134e-01,-3.517792299873065409e-01,-4.848426127909161165e-01,3.258172009449428752e-01,6.657183308129172895e-03,-5.091848876537040658e-01,7.158425472139043344e-02,4.058076476488857165e-01,-3.550888614434082324e-01,-2.477987811897743309e-01,3.947947564524333375e-01,2.847636474586052735e-01,-2.012386879441873389e-01,2.383184191999445645e-01,2.292398338031165494e-01,-2.875662394953605316e-01,-2.811089107181199975e-01,-1.660970419651651986e-01,-7.187456197882058362e-02,-1.428181594817547750e-01,-2.576562639473726768e-01,-1.062145582048766301e-01,8.819262090179920410e-02,3.416165492604998355e-01,-3.465166354537316806e-01,-3.667517086539079374e-01,1.023491918068690498e-01,-3.361193385444856130e-01,2.448379289418231575e-02,2.369440001481114555e-01,8.687456535931929735e-02,1.971866669173636955e-01
5.859934433587097313e-01,-1.356631050086374302e-01,-3.709273256394085561e-01,3.200268416408637018e-01,2.853784903813341156e-01,-4.027609003003860821e-01,4.352598737797378492e-01,4.311228478935603681e-01,-5.471687146433446003e-01,-1.612584638307459350e-01,6.773069930962394292e-01,3.046426858863818601e-02,-4.841864555934100589e-01,3.419044395810018622e-01,6.383045693579031399e-01,-1.061913584268521227e-01,-7.185077529341558911e-02,5.161290265015576750e-01,3.055614583756034452e-01,4.072118181312189278e-01,6.279809389419126475e-01,-9.650102048858719139e-02,-5.465203774576613549e-01,3.635657533587870471e-01,5.101214769302325758e-01,-4.382144814699955315e-01,-1.437608595462613603e-01,5.300997689565415394e-01,1.159830233782923048e-01,-6.939136466256216051e-01,-1.241896859179298790e-01,-6.299383546584898241e-02,2.807619949703510712e-02,5.579824453105469706e-01,7.725706302505505607e-02,-1.876280107551827891e-01,4.467275198371565281e-01,4.392742356860118158e-01,-4.235306693495829999e-01,6.059076010795568651e-02,1.000000000000000000e+00,2.089502204806850671e-01,-3.124621476553787747e-01,-1.579816267877606761e-01,1.521616182500176162e-01,5.470816237392632786e-01,-8.962200691970892072e-03,-1.200756166749839260e-01,8.322268812372833613e-02,-3.846642020690563823e-01,-3.459829259733972484e-01,1.820986288988154234e-01,2.428996810257362804e-01,-3.029816272164390645e-01,3.190783265970132954e-01,-3.318024872903495015e-01,-5.422692746028313637e-01,-3.669751973093395292e-01,2.022949603886759623e-02,-2.663743499870865339e-01,-5.313240991763674703e-01,-1.107947413312843632e-01,8.390392636020695127e-02,-4.849215399952446770e-01,-4.448694531645192018e-01,2.254973303180626831e-01,6.892456882949778152e-02,-5.930621773942671426e-01,-3.901146510837593673e-01,-1.196353541852195231e-02,-3.980610454059194669e-01,-3.701749415297830303e-01,-1.861068574795479158e-01,-5.682097508287353715e-01,2.895728913045104158e-01,4.253452997034551375e-01,-4.170514249195620970e-01,-4.768199655958569871e-01,-1.657067865571622001e-01,-1.861377121586452188e-01,-3.409494037367475361e-01,-1.445967920869307977e-01,-2.027477057538954602e-02,3.299738059342342822e-02,-3.091910631495169981e-01,-1.065332689339033440e-01,-5.018927187162958159e-02,-1.066160898102099935e-01
3.412558421256878249e-01,-9.256560793360246731e-02,-3.426242798537572631e-01,-2.672969904463549096e-01,1.076563314900094367e-02,-5.039989471928888465e-01,-1.251222338894969477e-01,6.392521469138497947e-01,8.455804607227020327e-04,-5.691397957920062423e-01,2.811251984647855640e-01,5.637656475507314413e-01,-3.294851541750947188e-01,-2.905145541117673536e-01,5.160062468274811964e-01,1.601151674289720828e-01,-5.225807530941293244e-01,7.986355788025494007e-02,6.773557955054132496e-01,-5.850646382185338557e-02,7.280148649216601486e-02,-5.996950558271154641e-01,-3.059461244404112490e-01,3.404390106254130965e-01,-2.039366787092126709e-01,-6.387115839157497810e-01,-8.235858050015641696e-02,1.510181633780167676e-01,7.621357842896366898e-03,-2.430988156888516383e-01,-5.903557742904660399e-01,-1.086322776038645688e-01,-6.097957155291354736e-01,2.040646954625203457e-01,5.216043721440134506e-01,-4.457964792431126089e-01,-3.231539157751053271e-01,5.189170174274362335e-01,2.995652579106895530e-01,-6.087439187015772912e-01,2.089502204806850671e-01,1.000000000000000000e+00,5.155394027800419554e-01,6.224125823803045021e-01,4.924874162418147461e-01,-2.411574875691837455e-02,-1.115094242154388154e-01,6.214642204354331456e-01,-1.178238307317961975e-01,-5.716413503086171799e-01,2.286435992449619148e-01,5.196330029020346242e-01,-2.266033469150412552e-02,-4.234357893061662659e-01,5.719184395167022789e-02,4.297134188083290979e-02,-4.267654552190211503e-01,4.424591335224338784e-01,4.869738274366570974e-02,-7.266733802661741182e-01,3.671334066023072829e-02,2.981676571337169013e-01,-4.632619043924715574e-01,-5.646341355578082810e-01,1.059505208315358049e-01,-1.112073052627132914e-02,-4.754855690970171689e-01,-3.701745285030139665e-01,-1.654353169578184901e-01,-3.944247482608490007e-01,-2.130795026077957066e-01,2.515205922140234529e-01,-7.598707531644870172e-02,-1.046016523876512477e-01,4.615489806327062183e-01,2.534363418190775930e-01,-1.815058947153851687e-01,-8.661326639501916447e-02,1.467946401403970313e-01,-3.470779521356865405e-01,-4.668023293075552332e-02,2.652792610421435548e-01,-2.101979547775044768e-02,1.979723549550413964e-01,-1.898118895660958760e-01,-1.626723286229213306e-01,-1.116162343483829006e-01,-2.277274790654528203e-01
-2.640676274342831920e-01,-3.987258835126101797e-01,-2.525253689913177779e-01,-3.844703952234155286e-01,1.357016300936523812e-01,1.161532543821444108e-01,-1.224970558802079695e-01,2.846054805078720440e-01,4.094678971245953036e-01,-4.898928703676551366e-02,-3.881950378446361039e-02,4.237558960784631457e-01,2.594376561785045610e-01,-1.669901982623570591e-01,3.944468559549576397e-02,5.029895709017553340e-01,-1.378361111927266791e-01,-2.196377090727042458e-01,4.011624562053930365e-01,6.109805206584412868e-02,-3.904932147482981231e-01,-1.121580722552444204e-01,-1.764093012413576467e-01,-3.476588944353256050e-01,-2.878222069829783347e-01,-1.246441345994688393e-01,-4.777468237904942128e-01,-4.268787248018058866e-01,-5.576483807217174071e-01,1.567347970692578030e-01,-6.434324352538713099e-02,3.744746086118226902e-01,-4.824474424796281746e-01,-3.178910491205081401e-01,6.121163775996812939e-01,1.010910038892451623e-01,-5.637329877452149640e-01,2.981558460739641703e-01,7.265988434134479368e-01,-1.499496085182820404e-01,-3.124621476553787747e-01,5.155394027800419554e-01,1.000000000000000000e+00,4.896291972904664447e-01,5.932662020259649172e-01,-5.882424479917360838e-01,-5.114429922803559458e-01,3.406331711775157922e-01,-5.552808386272926056e-01,-6.822031964936098314e-02,6.308146757941666127e-01,1.876422769388884082e-01,-5.648147866263442118e-01,-3.195760159820664748e-01,-5.508238805412970507e-01,-1.093100278607344183e-01,2.313436843460296433e-01,3.920380044052792501e-01,-3.493728989496856507e-01,-2.609742977210747217e-01,4.595871184825718880e-01,-1.223804846013298725e-01,-5.811265577210953381e-01,1.165472285984261031e-01,9.004673269666989277e-02,-4.891496710323871566e-01,-1.630015378713267071e-01,2.562517967528167850e-01,-2.438914733967619819e-01,-2.222822863625793233e-01,3.286139500795840496e-01,2.553149820715761575e-01,-3.445911429146932270e-01,1.202033667219203350e-01,3.568295454597406047e-01,-2.034951595108693556e-01,-2.640997057669324244e-01,1.636491884532927377e-01,3.872478945017481244e-01,2.179402839234058642e-01,-5.888500399294516879e-02,-2.897367456723771995e-02,6.506192634363497374e-02,6.848895640633180515e-02,1.073130871935828873e-01,-1.105718835102807544e-02,-1.235645097061305320e-01,-7.418809995350263142e-02
6.839276955780443368e-02,7.956860564410675463e-02,-1.541855825043347006e-01,-5.390179017341505396e-01,-3.207058309358283843e-01,-4.132882423498447366e-01,-4.929959567475239446e-01,4.949527784225174476e-01,3.232544405972022084e-01,-6.510592863156579035e-01,-1.122100515378222224e-01,6.579693443889401694e-01,-2.178379620309890685e-01,-6.186620733669534467e-01,2.672346944157811266e-01,1.693447892027137858e-01,-5.195417537195480273e-01,-2.197690779835234365e-01,4.347520778148711296e-01,-4.098102683581139050e-01,-2.966295546232509683e-01,-6.638068596148534173e-01,2.296333677055290706e-02,2.477977384686320672e-01,-5.413950555421992439e-01,-4.999408550469878754e-01,1.081911633418383561e-01,-2.486020092622737432e-01,9.954303542687567563e-02,1.245310611462143724e-01,-6.761110589979572039e-01,-2.846567989404061860e-01,-7.631829357253433477e-01,-1.084485307836945828e-01,3.943317944317449864e-01,-5.701129737272810916e-01,-6.365173294761525824e-01,1.425683022509127706e-01,4.043086037411076639e-01,-5.631053167951908245e-01,-1.579816267877606761e-01,6.224125823803045021e-01,4.896291972904664447e-01,1.000000000000000000e+00,6.672364782937785510e-02,-4.135165449122625292e-01,3.005307873253152962e-01,7.729488031603305442e-01,1.133595509862046907e-01,-3.116568861456993633e-01,5.272659942909915243e-01,7.130972916126638861e-01,-4.413487380804378274e-02,-1.218163939692792630e-01,-3.930659300706995651e-02,2.553284786499537828e-01,-9.830000084911395819e-02,6.285051640391043914e-01,1.302124528745824406e-01,-5.586707542031439377e-01,3.274426993600313418e-01,4.954156056160147203e-01,-5.039068576824652368e-01,-3.913371617138000080e-01,4.578508663831001302e-01,-2.851900679490581084e-02,-6.104005497901663357e-01,-1.789240464364226235e-01,2.550322696200914979e-02,-5.600753612015718641e-01,-7.180289945173752575e-02,5.707669781227405759e-01,5.799609686919489360e-02,2.536231051014404825e-01,5.101168137706872940e-01,1.129635864876551432e-01,2.786669506819970665e-02,2.277525379212913537e-01,2.837504365387578109e-01,-3.942199787475721418e-01,1.810513588751032910e-01,4.119897516573975960e-01,2.589913213769782022e-02,4.467290513452504830e-01,2.121485463843865871e-03,-1.788783062626616016e-01,-1.661039597705903370e-01,-2.772126818668492754e-01
3.852389817060820204e-02,-5.620896828455406169e-01,-4.795559363071597025e-01,2.282529885943790273e-03,5.350592060808780914e-01,7.163067390786255484e-02,3.811695693935168716e-01,3.457007809494177519e-01,-2.735039339796682678e-02,1.491655440218342676e-01,4.278102075604685584e-01,1.851743452260858069e-01,1.152433332314522774e-01,3.223087176362269268e-01,3.162717915242970745e-01,4.218449634455564978e-01,1.543938534984251251e-03,2.015380214879300691e-01,4.662885130590554983e-01,4.993349425798684904e-01,7.983069151652850970e-02,6.355602474399156543e-02,-5.458312163820324692e-01,-2.625537107358374977e-01,1.876607830098085961e-01,-2.361321583585004602e-01,-6.267479529710561215e-01,2.584319307944291447e-02,-6.234247386790139345e-01,-3.255059213474535973e-01,6.803968338204953448e-02,5.025945528863617895e-01,-2.187117061098489412e-01,1.858500652659362262e-01,6.197082456592866162e-01,1.855890820258843110e-01,-6.263069262032353035e-02,5.816916580277308180e-01,4.123700563159926613e-01,-3.810186249039554385e-02,1.521616182500176162e-01,4.924874162418147461e-01,5.932662020259649172e-01,6.672364782937785510e-02,1.000000000000000000e+00,4.682814063667552207e-02,-7.964093683857750294e-01,5.257044530301676483e-02,-6.581036984904050646e-01,-3.195449726012062341e-01,2.848486573398114063e-01,4.486498637713199483e-02,-4.633136226114878964e-01,-5.762097739305875876e-01,-4.031757445450637745e-01,-3.995759264403742073e-01,-4.254804744661695032e-02,-3.407356267591857280e-02,-4.228824180153786805e-01,-2.863681018580474524e-01,2.091406384014238631e-02,-4.310208026801845005e-01,-3.694409918269381254e-01,-4.185635579496148340e-02,-3.989409261318129785e-01,-3.988702456733926871e-01,7.814898246902408918e-02,-1.872761317151173509e-03,-5.067079837206324155e-01,7.468394905317420063e-02,1.799817022600098126e-01,-2.086861463924339077e-01,-5.051147775103146387e-01,-2.954742317624968195e-01,2.808106049944186222e-01,-4.942313916745472158e-02,-5.245351995608947826e-01,-2.104068304126505973e-01,2.355470777245326219e-01,2.198283211252217706e-01,-3.280665721876070418e-01,-1.545328777657857811e-01,1.902057519913995520e-01,-4.928323852105095937e-02,-5.461463698879263223e-02,1.610821639059769532e-04,-1.443044675489178474e-01,-3.585594581495039901e-02
5.437293732795690504e-01,8.041080255162125212e-02,-3.115575605165031570e-02,4.907983360874921264e-01,1.829456287092300626e-01,-3.273620934748703304e-01,3.909896350113190033e-01,8.573108031333771806e-02,-6.044042778388174497e-01,-3.684908583428846834e-02,4.658942755646738321e-01,-2.713915843686327545e-01,-4.298816506100314738e-01,3.407979094384588348e-01,3.402293753895928585e-01,-3.535650721197521329e-01,-2.426822873977938638e-02,4.362008936988092667e-01,7.618304259730745986e-02,2.913766332166710105e-01,6.238141571531492513e-01,5.101518978433067231e-02,-2.131470924193029914e-01,3.898738633877532056e-01,4.842905858051071433e-01,-1.438699481633590183e-01,1.333244161611773781e-01,6.502140214370806248e-01,2.599280192063349593e-01,-4.857817993374570764e-01,-4.701148294964507812e-02,-2.106000886844310582e-01,2.192638366748471401e-01,6.170008113005875927e-01,-2.224830814956397507e-01,-1.975946310346925194e-01,6.005358532873138477e-01,2.113998397907543847e-01,-5.468001902604121556e-01,-4.076532134784232458e-02,5.470816237392632786e-01,-2.411574875691837455e-02,-5.882424479917360838e-01,-4.135165449122625292e-01,4.682814063667552207e-02,1.000000000000000000e+00,1.523046308205583399e-01,-1.728344601008145187e-01,1.308422952632636582e-01,-4.656572510698664402e-01,-5.753815235790831206e-01,-8.479405166047240816e-02,4.159898657303105485e-01,-2.052170264250561260e-01,4.899828055683573269e-01,-1.294471410393843169e-01,-5.186317349255445963e-01,-4.637307846312018755e-01,2.608920944301861278e-01,-3.833598410002457546e-02,-6.416415532194494897e-01,-5.171732980022324816e-02,4.417107649308953388e-01,-3.644490884769311934e-01,-3.744843914139106000e-01,4.062548967478982198e-01,2.048239049375193965e-01,-4.675792746265367006e-01,-1.167815988594912008e-01,2.856806878746679379e-01,-3.435166981434230604e-01,-4.579313832549976038e-01,6.034706046725113460e-02,-4.625627667910497953e-01,-1.046360879999748278e-01,3.704215964863298849e-01,-1.043349835121489960e-01,-4.147080813013144795e-01,-3.553358177105656046e-01,-2.233830025626132865e-01,-1.408609366925994144e-01,-3.584803512551556354e-02,1.172879139062494268e-02,-9.342714352146902490e-02,-2.660693554490928814e-01,-6.012376463334936222e-02,6.513977536260456835e-03,-4.505974364069444127e-02
2.489316964243584174e-01,5.642047629561112165e-01,3.325666763638726042e-01,-8.068013657701526842e-02,-5.648990084641369869e-01,-4.351947929273350946e-01,-4.365666867291127518e-01,5.648995298358762580e-03,-6.546535580655855890e-02,-5.116043135229949579e-01,-2.366827053153071903e-01,7.722613136358819075e-02,-4.195172057857067260e-01,-4.804128658508860505e-01,1.821424720081414247e-02,-4.464577613364010822e-01,-3.004675196337898702e-01,-1.167955675757638007e-01,-1.474089278160522209e-01,-5.444182537136746936e-01,4.294327976322470652e-02,-4.082877291885918525e-01,3.973595112841157850e-01,5.426374673844543972e-01,-2.522785920037304841e-01,-1.385302398391439482e-01,6.742278424382962543e-01,1.448355393224290966e-01,6.926782937614313074e-01,1.333035686672549291e-01,-4.578353617729454261e-01,-6.854303177955299864e-01,-1.425484056459958571e-01,5.795488148337743506e-02,-4.116402937224846736e-01,-5.659317300032012943e-01,-3.507950783252622440e-02,-3.293206977864775453e-01,-3.596320719694678369e-01,-2.674673794614501610e-01,-8.962200691970892072e-03,-1.115094242154388154e-01,-5.114429922803559458e-01,3.005307873253152962e-01,-7.964093683857750294e-01,1.523046308205583399e-01,1.000000000000000000e+00,3.641558802098147085e-01,6.716159300065912552e-01,-1.489516913907929230e-01,-2.182059047228192550e-01,3.268428580587620091e-01,5.550624914505866148e-01,3.174006458693150456e-01,5.379729005535932584e-01,4.329543670563318347e-01,-2.508589576249186104e-01,1.811083765657074129e-01,5.690153258239115663e-01,-7.985568461606243340e-02,-1.266276699868569555e-01,6.394865518298107343e-01,2.510742591499902643e-01,-3.452675776715545264e-01,4.424741260027378886e-01,5.305518663525415901e-01,-3.192072727830252976e-01,-2.979488335668641352e-01,4.271812252909359953e-01,-2.296657727117608072e-01,-3.536776291512953030e-01,2.997197652782567778e-01,5.197856915374041709e-01,1.854366547265347831e-01,-1.672090773452217238e-02,2.916427433635866984e-01,4.400060761715990365e-01,1.150336593492645720e-01,-2.039352127273207360e-01,-5.373865388218814765e-01,3.078387200960001069e-01,3.580545750356224355e-01,-1.561578256427395561e-01,2.057977556185615897e-01,-9.987281727534556841e-02,-1.259686807705044098e-01,6.299408497506578386e-02,-1.337809131681034769e-01
1.759459469547837163e-01,9.929187570289091380e-02,-1.008795504511854207e-01,-4.317264584612242606e-01,-2.503150349691260490e-01,-4.611062514176226257e-01,-4.361392574947660639e-01,4.655268510976123264e-01,2.041700304916408970e-01,-6.539334493386841363e-01,-6.390189282416772198e-02,5.661017640330882061e-01,-2.972210455444661004e-01,-5.680979856971880571e-01,2.736421896610813920e-01,4.493926832453538911e-02,-5.588150611330300332e-01,-1.299523604472634097e-01,4.650341926461581399e-01,-3.952681761131388027e-01,-1.967562448116263740e-01,-6.606248701498254050e-01,4.971316536184196971e-02,3.290784472500371538e-01,-4.988819568420486683e-01,-4.888648221144379913e-01,1.874762877965512886e-01,-3.099766594258669683e-02,1.385289651156088042e-01,1.006941971091860483e-01,-7.027281775508972261e-01,-3.426002264361913685e-01,-7.170209419287520980e-01,2.813858785187407438e-02,3.532161552834793272e-01,-5.948656636430775801e-01,-5.031341612872272107e-01,2.264848811015620633e-01,2.695418761434221211e-01,-5.709829018234572340e-01,-1.200756166749839260e-01,6.214642204354331456e-01,3.406331711775157922e-01,7.729488031603305442e-01,5.257044530301676483e-02,-1.728344601008145187e-01,3.641558802098147085e-01,1.000000000000000000e+00,8.853944472407872246e-02,-5.307470564403613533e-01,3.958728772445107014e-01,6.600000824813800904e-01,1.310214328613295252e-02,-2.858100764814957007e-01,7.781037860593309485e-02,3.052006087100885834e-01,-2.233786410983532866e-01,5.752800680756041674e-01,2.513104803740564552e-01,-5.556726411872373594e-01,2.013918555938796207e-01,5.194472121937983022e-01,-3.809354201755264513e-01,-4.606262415778116237e-01,4.288195598239540884e-01,8.040797439807707836e-02,-6.090074538682495042e-01,-2.437203497779062700e-01,6.266119881530098079e-02,-4.558406557651472069e-01,-1.195345102256851061e-01,4.877415274062855688e-01,1.074809117001476605e-01,1.787232338075895322e-01,4.098102891532017233e-01,1.686553657119398697e-01,6.077342811147637414e-02,1.724792978495797435e-01,2.069908058904256776e-01,-4.753734124467396960e-01,1.744514327693355571e-01,4.454306866878482984e-01,-1.587342878235452684e-02,2.372613721184712587e-01,-1.345102679977881466e-01,-2.028417020201518928e-01,-6.959572016425158436e-02,-2.577445448752181956e-01
2.925897675492165617e-01,6.501049766307324118e-01,3.823384503390070410e-01,1.306579033615248853e-01,-5.763471641020648795e-01,-4.069946153918717058e-01,-2.927290649968419811e-01,-1.350100701014334825e-01,-2.465694167709857887e-01,-3.899488589657209014e-01,-1.717927242679463673e-01,-1.306832779389542065e-01,-4.435804641309327723e-01,-3.000907383952551299e-01,1.996104856899003424e-03,-5.251204515960378183e-01,-1.937487590039254637e-01,-1.373516643617568762e-02,-2.410038629091598716e-01,-5.320817826410554341e-01,1.711929931229528579e-01,-3.507710529411459111e-01,3.933582580627555392e-01,6.100480436500606007e-01,-1.325852042985276591e-01,-1.178065984091619806e-01,7.080286057422116031e-01,1.664920349171052916e-01,7.122058412240737102e-01,2.724032940299215069e-02,-3.592092954320247888e-01,-6.885434470001891016e-01,5.402843700470959937e-03,1.122161286114664452e-01,-4.797294263019327709e-01,-5.157544925514830902e-01,-1.023867643878510064e-02,-3.694928072902928795e-01,-4.087970401421211486e-01,-2.735631422444905758e-01,8.322268812372833613e-02,-1.178238307317961975e-01,-5.552808386272926056e-01,1.133595509862046907e-01,-6.581036984904050646e-01,1.308422952632636582e-01,6.716159300065912552e-01,8.853944472407872246e-02,1.000000000000000000e+00,7.011344372185958351e-02,-4.922388723451642800e-01,2.784066139250827576e-01,7.397738656975197946e-01,3.859785235233529899e-01,6.544833732535407789e-01,5.144204600528988758e-01,-3.031316377487900393e-01,3.530852750743264379e-02,6.156895150791561466e-01,-3.181725752151968317e-02,-2.503800072816158018e-01,6.398279267676604265e-01,3.470130647168818694e-01,-3.936415770081040932e-01,3.434484580599292403e-01,6.114783049870732290e-01,-2.504478098045582191e-01,-3.745631809469144313e-01,4.683314191359767564e-01,-1.146745192003220254e-01,-4.803142960542597928e-01,1.755830737660912522e-01,6.061387412742388348e-01,1.377132413679159062e-01,-1.854823483485006086e-01,3.050606046476421751e-01,5.015061831709057838e-01,-1.058388430887550330e-02,-3.179300926275545613e-01,-5.197621975811153039e-01,2.199510542717579009e-01,3.092668784588353259e-01,-1.027470287255231873e-01,2.376827192826688195e-01,-1.645762809367724844e-01,-1.802581282357486880e-01,-7.600302344880867367e-02,-1.222103225683716099e-01
-6.398883268473476438e-01,8.047020273282540215e-02,3.241441091078215431e-01,-1.112118780338320345e-01,-1.764979521615340496e-01,6.370207344309393171e-01,-1.987547260886339262e-01,-5.719943516526697636e-01,3.960768780879452833e-01,4.588434069247387947e-01,-5.458969318632678203e-01,-2.636019637521487824e-01,5.557066383594125858e-01,-9.607437981715708647e-03,-6.311858938529119056e-01,1.089226819295205512e-01,3.844630483323099868e-01,-3.796438930955375879e-01,-5.521108410215163076e-01,-1.350820697880104893e-01,-4.112759987535633543e-01,3.805493395405612489e-01,3.997415294595141333e-01,-4.291590127639301477e-01,-1.671670656806846789e-01,5.631489471847411776e-01,2.381997160462491839e-02,-5.215157643777359464e-01,-4.033797839235041260e-02,5.024259321385954324e-01,3.875670014611696246e-01,1.458606024003251955e-01,2.792105976336141659e-01,-5.675631658143887037e-01,-2.943635924799307690e-01,4.269014797484899648e-01,-1.271186778164207498e-01,-5.754824587234755873e-01,6.312544054965379958e-02,3.847562650493764336e-01,-3.846642020690563823e-01,-5.716413503086171799e-01,-6.822031964936098314e-02,-3.116568861456993633e-01,-3.195449726012062341e-01,-4.656572510698664402e-01,-1.489516913907929230e-01,-5.307470564403613533e-01,7.011344372185958351e-02,1.000000000000000000e+00,1.057791037375523102e-01,-4.585997339206007162e-01,-1.116376267377711257e-01,5.695181048125445011e-01,-2.334195863833997131e-01,5.390616507538045776e-02,6.578406826045974931e-01,-1.006798872469442940e-01,-2.179985867152164081e-01,5.918235005722637387e-01,3.427134214136195456e-01,-1.763600369386026379e-01,7.604772251386898718e-02,6.187189691123105018e-01,1.451406300470390043e-01,-2.214465072321081807e-01,2.366074977440142668e-01,4.906453191065102692e-01,1.798965438192260680e-01,8.573791943786067404e-02,3.674053293237891649e-01,1.043165724114654830e-01,6.416603849443762442e-02,5.035655233256907115e-01,-3.017608650976831841e-01,-4.993300164735312574e-01,3.004962412604599287e-01,3.928976712118936732e-01,5.210397587182481749e-02,3.862389622946995060e-01,1.886646524248072332e-01,-1.640207550317503982e-01,-9.397766881545160933e-02,-4.282669129885403880e-02,2.929282010720260510e-01,7.748254834108680988e-02,1.091783455417169313e-01,8.114351869234193160e-02
-4.999716074422789203e-01,-3.391001643861812909e-01,-2.845057853443872520e-01,-6.505525617131200367e-01,9.941464560119478433e-02,2.921717798515344189e-01,-2.962066782533238074e-01,2.088095836121753868e-01,6.488503785700748816e-01,-1.604885026466227813e-02,-2.435469453736801848e-01,5.066202468919172031e-01,4.064906665618208681e-01,-2.875150290299626765e-01,-8.428448345896831506e-02,6.077164314078808971e-01,-1.257358302390715887e-01,-3.232319335692795392e-01,2.394398528266703796e-01,-4.888558619970545527e-02,-6.271802513500546183e-01,-1.160698509887596180e-01,-2.890275615084840835e-02,-4.682634190324782564e-01,-4.934159914171929451e-01,-5.249564089012657281e-02,-3.726581754916568623e-01,-5.557884092473174276e-01,-4.216355143477973355e-01,3.535681488494529234e-01,-1.854400921576576655e-01,2.676642677377625845e-01,-5.405990605569893637e-01,-3.426002480505400127e-01,5.352752192125823649e-01,2.298693022125891314e-02,-5.288176408271547668e-01,1.537080940191399292e-01,5.253962117375422514e-01,-1.232564150739505898e-01,-3.459829259733972484e-01,2.286435992449619148e-01,6.308146757941666127e-01,5.272659942909915243e-01,2.848486573398114063e-01,-5.753815235790831206e-01,-2.182059047228192550e-01,3.958728772445107014e-01,-4.922388723451642800e-01,1.057791037375523102e-01,1.000000000000000000e+00,2.644439922756816608e-01,-6.266783190564459982e-01,-2.161623424976429897e-01,-6.221853174308780154e-01,-8.630080932385401915e-02,4.917482588110092534e-01,4.226269099101913618e-01,-3.983219682979259879e-01,-1.015967528001188308e-01,6.363594487996696580e-01,-1.404520933908934566e-01,-6.230071705967985540e-01,2.659543192588154081e-01,2.297303150213598211e-01,-5.905089173596405061e-01,-2.450385403302377807e-01,3.185676929617767827e-01,-3.014354348381197424e-01,-3.616626045165342584e-01,5.072004247720472980e-01,4.094539841374100209e-01,-4.113390847511049775e-01,4.167918205511024765e-01,4.629736296015633523e-01,-4.349952466554256048e-01,-2.149905168201994010e-01,4.581729722990946496e-01,5.237667850906436717e-01,2.175121763543288456e-01,1.460439836750962450e-01,7.688641362675240065e-02,7.674084149451143588e-02,2.189515545813046915e-01,3.069062061211931813e-01,-4.905949002192432767e-02,-2.946536069610440969e-02,-1.190196183547240633e-01
3.160649516861244734e-01,7.772202534830087439e-02,-2.769430198555476452e-01,-3.198466878366171828e-01,-2.199324515402188152e-01,-4.646324406851293221e-01,-2.178253181379161407e-01,5.390376227609325888e-01,1.085777019598335898e-02,-5.851153686309822355e-01,1.767313694088195608e-01,5.123895394196454900e-01,-4.000785444789891621e-01,-3.479939452112154608e-01,4.927226507985856818e-01,5.837522576886939457e-02,-4.822935166279576635e-01,1.024812663162706500e-01,4.146575583288332201e-01,-2.670459511197270097e-01,-3.125402436439042586e-02,-6.710408747030461862e-01,-1.610047524532270957e-01,3.924029191781051584e-01,-3.163068237343341638e-01,-6.449208384569556918e-01,1.462056701523259394e-01,2.489343558246789878e-02,1.684768192524367103e-01,-1.883278533523003173e-01,-7.287037841801540239e-01,-3.427470963701994555e-01,-6.536004632056592323e-01,1.984499825487309743e-01,3.521043138915348480e-01,-6.229092407867026226e-01,-3.488510996411177678e-01,3.069369472157201240e-01,1.257844817992690434e-01,-4.154673259538627650e-01,1.820986288988154234e-01,5.196330029020346242e-01,1.876422769388884082e-01,7.130972916126638861e-01,4.486498637713199483e-02,-8.479405166047240816e-02,3.268428580587620091e-01,6.600000824813800904e-01,2.784066139250827576e-01,-4.585997339206007162e-01,2.644439922756816608e-01,1.000000000000000000e+00,1.668626137099987750e-01,-3.049305211882317179e-01,1.587639909296666707e-01,1.563511125390426859e-01,-3.083873284538912185e-01,3.573194615349990499e-01,1.872420313425085248e-01,-5.693152110161445734e-01,2.406023325034102947e-02,4.366230503084406744e-01,-3.479003552332151084e-01,-6.024772970030481956e-01,2.160503085948210222e-01,1.315603616879357507e-01,-5.342272842146215117e-01,-4.727954876485839786e-01,-1.242859425598823592e-01,-5.104513504400138846e-01,-2.887801606909102259e-01,3.699450544156891452e-01,1.414075592623367968e-02,2.068037665720784922e-03,5.983326820045089534e-01,3.174441030688749388e-01,-1.382271211131307909e-01,-3.476219396097331160e-02,1.973651055436209667e-01,-5.533927327036899380e-01,-8.642988205067936303e-02,3.237467937644273874e-01,6.967676777089910900e-02,3.619972883737078151e-01,-2.269934556660050951e-01,-3.098237376669302767e-01,-2.371627174914736624e-01,-3.119296812643774230e-01
5.030594057809751884e-01,5.398530828592562614e-01,3.204294524598269023e-01,2.620433750746990476e-01,-4.539718199550312194e-01,-4.307797673034672870e-01,-4.575339649557869093e-02,-4.210261185088853136e-02,-4.777521116576879390e-01,-3.534074453969177632e-01,8.490748825122813870e-02,-2.143503219541141314e-01,-5.999907722340045435e-01,-1.106094316485679713e-01,1.809308428878132757e-01,-6.392759061963900757e-01,-1.840361649903503871e-01,2.240490672239968672e-01,-1.467073493322290367e-01,-2.684335980816159317e-01,4.885260139013418157e-01,-2.711425331822689966e-01,1.773517885801218219e-01,7.168178406191586527e-01,1.890497920964348544e-01,-1.837569872510637081e-01,6.491450881826121844e-01,4.440006993031732629e-01,7.331320756355518276e-01,-1.786595498223794709e-01,-3.706615109088517990e-01,-6.965487959126432926e-01,1.970047700909189139e-02,2.582784630250970492e-01,-4.668127204732127056e-01,-5.309145709023510573e-01,2.560136781871594214e-01,-1.885994495320288400e-01,-4.659416649389744869e-01,-2.391622991650927121e-01,2.428996810257362804e-01,-2.266033469150412552e-02,-5.648147866263442118e-01,-4.413487380804378274e-02,-4.633136226114878964e-01,4.159898657303105485e-01,5.550624914505866148e-01,1.310214328613295252e-02,7.397738656975197946e-01,-1.116376267377711257e-01,-6.266783190564459982e-01,1.668626137099987750e-01,1.000000000000000000e+00,3.336004609076974048e-01,8.206930037188505667e-01,1.966238968949541310e-01,-5.176006379309788796e-01,-2.055973891654808983e-01,5.511653187281915223e-01,-5.886983774386853052e-02,-5.686233502886524072e-01,5.203315651918938300e-01,5.227188437310150704e-01,-5.233370171458407993e-01,4.062331372205767177e-02,7.580766074597623527e-01,-1.800400686003496981e-02,-5.900607503202371928e-01,4.074495684404983442e-01,8.101066219478774214e-03,-6.825361679010983895e-01,-6.579490554235128963e-02,6.429570345690069910e-01,-1.481635530561894454e-01,-2.034067661690165674e-01,5.586167421486223361e-01,4.225841914478556394e-01,-3.320762338609841158e-01,-5.889425327858439640e-01,-5.344808931396843876e-01,-5.949868297991094818e-02,3.757874547730752357e-02,-3.288658220598549287e-01,3.529134537246806508e-02,-3.066710931521857142e-01,-1.457358446134353058e-01,6.171308851097527873e-03,-1.242597725179741125e-01
-2.725322793372220165e-01,3.054085003293997569e-01,3.688714644789931607e-01,-9.967945731888436245e-02,-4.450820350957410687e-01,1.914766220443475664e-01,-3.343743999697252889e-01,-3.174979963533677840e-01,2.434005433272945218e-01,3.084756552588376055e-02,-4.525520769358344353e-01,-9.056033291447970757e-02,2.001966045392018223e-01,-2.642975436354786933e-01,-4.319938859508742901e-01,-1.617231241934864450e-01,1.327227030459497970e-01,-3.067506025038037043e-01,-4.054829785056450753e-01,-3.155332909286950871e-01,-1.559337105755464192e-01,5.391782733137923111e-02,3.956121771748562499e-01,3.932689010465884732e-02,-1.211821190672671689e-01,2.715027010016740072e-01,3.673527517319952196e-01,-2.669374461309683144e-01,4.244509057992623680e-01,4.102240088529772732e-01,1.480755865394150217e-01,-2.583367972771605792e-01,2.902277198613197329e-01,-4.868619200868605223e-01,-5.615928707061185188e-01,1.092216392076123532e-01,-8.114598456378245561e-02,-6.530202176604168463e-01,-1.028480734080296638e-01,1.381505171165395840e-01,-3.029816272164390645e-01,-4.234357893061662659e-01,-3.195760159820664748e-01,-1.218163939692792630e-01,-5.762097739305875876e-01,-2.052170264250561260e-01,3.174006458693150456e-01,-2.858100764814957007e-01,3.859785235233529899e-01,5.695181048125445011e-01,-2.161623424976429897e-01,-3.049305211882317179e-01,3.336004609076974048e-01,1.000000000000000000e+00,1.789843567869807694e-01,7.940285767922866667e-02,2.890104902716261748e-01,1.030174905411335162e-02,3.850113584967695263e-02,2.847586655759317131e-01,1.227158970034491897e-01,1.850902619432716056e-01,1.805062696499102892e-01,2.347381888184816301e-01,2.539344139639134190e-01,1.032896261663328735e-01,-3.363086396498380509e-03,1.897553783929312732e-01,4.068448874903481949e-01,-4.733892997031735606e-02,3.824771709202932739e-03,1.721844345044959146e-01,3.620596247538617196e-01,3.869494918210919510e-01,-3.123240575937389907e-01,-1.592786620952075516e-01,4.637771872582427402e-01,2.701308570044520518e-01,-1.412682678195057717e-01,-1.077867557467412918e-02,1.827481139570510393e-01,2.255002296380901119e-02,-1.454636829874862702e-01,-2.027716350479885285e-02,1.859618676937829229e-01,2.123596062941832951e-01,1.696519776190417439e-01,1.042217471049568800e-01
5.623885549380692739e-01,5.341328465844815687e-01,3.540140326751988198e-01,3.483985846453265811e-01,-3.972352133953264142e-01,-5.489078303485165344e-01,-9.893401004829023918e-03,2.149605488713429713e-03,-5.699584312708761979e-01,-4.018312731468988153e-01,1.573689172397025882e-01,-2.282368866023657128e-01,-6.731357417803242038e-01,-8.086658421617602677e-02,2.366895539352373845e-01,-7.212552600681800818e-01,-2.903106397448541598e-01,3.402943911878291150e-01,-2.112040951422131108e-02,-2.171456714268382160e-01,5.747968808280079500e-01,-2.747838784056688133e-01,1.623675374142582173e-01,7.890209425096524898e-01,2.351020446780160145e-01,-1.878539160258727303e-01,6.550761153381876589e-01,5.836919278186532001e-01,7.600792017524954369e-01,-2.288484555486540173e-01,-3.454116933171456627e-01,-7.363162164323594494e-01,4.565494432597305002e-02,3.830078126920447579e-01,-4.908347289405159408e-01,-5.670066608544765963e-01,3.296587914456019508e-01,-6.891906529885864774e-02,-4.992055458932282419e-01,-3.094681349797323011e-01,3.190783265970132954e-01,5.719184395167022789e-02,-5.508238805412970507e-01,-3.930659300706995651e-02,-4.031757445450637745e-01,4.899828055683573269e-01,5.379729005535932584e-01,7.781037860593309485e-02,6.544833732535407789e-01,-2.334195863833997131e-01,-6.221853174308780154e-01,1.587639909296666707e-01,8.206930037188505667e-01,1.789843567869807694e-01,1.000000000000000000e+00,2.161965794756906534e-01,-7.035409890875029548e-01,-2.239085434388792817e-01,6.235039072138324201e-01,-1.351404716832753095e-01,-6.601511699647701903e-01,5.272613704467687956e-01,5.412600262778619609e-01,-6.200137179669577003e-01,2.019428051919292325e-02,8.029105221946415405e-01,-6.581642678378639422e-02,-6.434949978740822640e-01,4.066161224281870656e-01,2.730167727642728373e-02,-7.206531150973999322e-01,-1.202609055301470109e-01,6.401032759298075359e-01,-2.246740950923010183e-01,-2.289368853467261822e-01,6.014099061972026927e-01,4.102867212559462295e-01,-3.584937547462656027e-01,-6.062534630987959083e-01,-5.919786515680031114e-01,-2.387674192986308577e-02,8.273078827703891913e-02,-2.481637889301902267e-01,-2.616648760789348771e-02,-3.597125479153596150e-01,-2.276503602632642953e-01,1.157523709399802827e-04,-1.558856731658377071e-01
-2.123166598865356899e-02,6.472344345529241760e-01,5.282583710621208128e-01,-8.875065143744413632e-02,-5.815344138842448718e-01,-2.893309387011215872e-01,-6.143895807592472114e-01,-2.653736365057959290e-01,1.305388776729274058e-01,-3.823669179696664866e-01,-5.489474919050039148e-01,-1.258936156540067970e-02,-1.226256107659713379e-01,-5.822346362828642041e-01,-3.184095790070709531e-01,-3.053504816180709347e-01,-3.450773107827462272e-01,-3.872684841877154782e-01,-1.501335247577050835e-01,-7.430197773003838213e-01,-3.676787755360612087e-01,-3.582140062409888692e-01,6.710762108352090749e-01,2.617557963971368085e-01,-6.175673557323524410e-01,1.177008728726520320e-01,5.914076871286113590e-01,-8.651606535999595282e-02,3.900412485235826288e-01,4.030421264037798434e-01,-3.517724481922868129e-01,-4.512544364350139503e-01,-1.865451489969935650e-01,-1.228396200074691885e-01,-1.933592402960025991e-01,-3.793332790722117043e-01,-3.392655091773421616e-01,-3.826114245853444729e-01,-1.990074853462889259e-01,-4.647529997644300193e-01,-3.318024872903495015e-01,4.297134188083290979e-02,-1.093100278607344183e-01,2.553284786499537828e-01,-3.995759264403742073e-01,-1.294471410393843169e-01,4.329543670563318347e-01,3.052006087100885834e-01,5.144204600528988758e-01,5.390616507538045776e-02,-8.630080932385401915e-02,1.563511125390426859e-01,1.966238968949541310e-01,7.940285767922866667e-02,2.161965794756906534e-01,1.000000000000000000e+00,3.962304904475119627e-02,4.424953135080792466e-01,6.639516104891122206e-01,5.920704455301003394e-02,2.425531749183987285e-01,6.658855112979045199e-01,1.308122773311621578e-01,-6.107040334344967375e-02,7.307531880133920632e-01,3.400998878997502639e-01,-3.240452905057741861e-01,8.915751617005840401e-02,5.188603545776697690e-01,-1.502265799028066062e-01,-4.311076774780869120e-02,4.604821186208571948e-01,4.807080022453938950e-01,4.523126246423811447e-01,-1.608427068476761534e-01,-1.217304162310086854e-02,5.725605918266915006e-01,3.963422406691831101e-01,-2.051520116811009903e-02,-2.991919896832909154e-01,6.207847421547181277e-01,5.348145045731693692e-01,2.176059832842364497e-02,3.002116384236297453e-01,-3.380464415423767559e-03,-2.493805417746648989e-01,-1.136459125844832690e-01,-1.173577081780834835e-01
-7.787268282291748278e-01,-1.993763253345657294e-01,7.806629734420705846e-02,-3.779302991863116024e-01,4.500157785698916113e-02,7.099022257596523389e-01,-2.708795736927465669e-01,-3.766626814504828169e-01,6.865555735361374978e-01,4.484998735249609569e-01,-5.667555340063055169e-01,2.778182523029623652e-02,7.691828248305569993e-01,-1.176583645106213799e-01,-6.288440065330982431e-01,5.135795705904028230e-01,3.280080956948975279e-01,-5.701659571781171332e-01,-3.434042370974813574e-01,-8.779061626087493464e-02,-7.319751457000540640e-01,3.520750799285488619e-01,3.134144994172773924e-01,-7.441643570059797153e-01,-4.035592300890228357e-01,5.259438382372600973e-01,-2.901368913105643599e-01,-7.245267565906653440e-01,-3.898968605267301157e-01,6.340023523380247106e-01,3.562589646747821304e-01,4.049382015889556596e-01,3.701153140455235024e-02,-6.368613087879253509e-01,5.012335347573666083e-02,4.707941839423618324e-01,-3.346763744080132330e-01,-4.544065007933869027e-01,2.268300974258370406e-01,2.865937614965932134e-01,-5.422692746028313637e-01,-4.267654552190211503e-01,2.313436843460296433e-01,-9.830000084911395819e-02,-4.254804744661695032e-02,-5.186317349255445963e-01,-2.508589576249186104e-01,-2.233786410983532866e-01,-3.031316377487900393e-01,6.578406826045974931e-01,4.917482588110092534e-01,-3.083873284538912185e-01,-5.176006379309788796e-01,2.890104902716261748e-01,-7.035409890875029548e-01,3.962304904475119627e-02,1.000000000000000000e+00,9.633941868349775450e-02,-4.050593238154433506e-01,5.600706619783076823e-01,7.028401706201720112e-01,-3.338748170604877163e-01,-2.561252695068116925e-01,7.999644810402448680e-01,2.365597433189287890e-01,-6.079807481332611951e-01,1.162428566650526851e-01,7.109724399187754562e-01,-8.403107057256474499e-02,-2.842730396555825587e-02,7.211655511448042954e-01,2.515562693564309393e-01,-3.037829366654051788e-01,5.882162527396836982e-01,-4.273802829021761118e-02,-7.369119089777561582e-01,2.056331169604286996e-02,6.039348547351895968e-01,4.305216755552894181e-01,5.553297596272258607e-01,2.755009196613640854e-01,-5.503039558371481538e-02,7.630932113023522478e-02,2.308612491688953258e-02,4.115339188623433619e-01,1.401486482350624840e-01,9.571801569534700571e-02,1.411614255922741534e-01
-2.024612396924924673e-01,9.682531801967249330e-02,-5.446494995724755761e-02,-6.422519176528026508e-01,-3.407804988052238748e-01,-1.859667784582638150e-01,-6.617584979709790760e-01,3.014047383247280276e-01,6.032429317267687940e-01,-5.077606053768032313e-01,-4.091425893483847664e-01,6.518116538471649957e-01,1.299168005999838948e-01,-7.187645100529704845e-01,-4.658829945461548383e-02,2.777053603680167404e-01,-4.452557478778674804e-01,-5.027177636754157630e-01,2.975996573181640126e-01,-5.479805328648427176e-01,-5.862668109955672113e-01,-5.912738717179291115e-01,1.985136270167575379e-01,1.662779984490260141e-02,-7.663045706446509620e-01,-3.008203382152085936e-01,1.130494862961323038e-01,-3.988213198467619458e-01,2.662547886106081396e-02,3.718613345737530884e-01,-4.683054547702601433e-01,-6.204590857358377454e-02,-4.923783860886762342e-01,-3.452045395356903579e-01,3.442686643424842097e-01,-1.717898329666098511e-01,-6.820156244642718857e-01,1.139881307529130340e-02,4.563100545316016721e-01,-3.517792299873065409e-01,-3.669751973093395292e-01,4.424591335224338784e-01,3.920380044052792501e-01,6.285051640391043914e-01,-3.407356267591857280e-02,-4.637307846312018755e-01,1.811083765657074129e-01,5.752800680756041674e-01,3.530852750743264379e-02,-1.006798872469442940e-01,4.226269099101913618e-01,3.573194615349990499e-01,-2.055973891654808983e-01,1.030174905411335162e-02,-2.239085434388792817e-01,4.424953135080792466e-01,9.633941868349775450e-02,1.000000000000000000e+00,2.181582396066946913e-02,-5.247138122781562775e-01,6.390376977132142811e-01,4.556009434420505988e-01,-5.902322465322716871e-01,-9.411589518066645899e-02,6.632195587262880165e-01,-2.349111789522572713e-01,-6.567955111560837000e-01,2.087077523997538098e-01,1.784264979737883450e-01,-5.402028653338120101e-01,1.832540565278313327e-01,7.010231986496947565e-01,3.930681594058614559e-02,4.866794629235391967e-01,3.421528741931355588e-01,-1.625585099022616442e-01,1.623814955295222462e-01,4.908496617182935839e-01,4.415185871397716011e-01,-2.417564728984782085e-01,3.387201578395405144e-01,5.138394176382105050e-01,8.544302955147951850e-02,2.537660145808678380e-01,1.731896991856098911e-01,2.678960528638679034e-02,-3.917223761477892779e-02,-8.634978877044957590e-02
4.072379881890202946e-01,7.139819940018401478e-01,5.193143556548064366e-01,2.647006891814294161e-01,-5.087349160474197163e-01,-5.527170757161364856e-01,-2.823547164560168965e-01,-2.011987974718938144e-01,-3.684282077926905874e-01,-4.251912456400526730e-01,-1.764385960089772110e-01,-2.506073181998876853e-01,-5.363222959539785117e-01,-3.195496368867937198e-01,-7.045725652603876399e-02,-6.720648968169886661e-01,-2.965126017693548999e-01,-1.631009999714069791e-02,-1.686047531162598312e-01,-5.212751432236024662e-01,1.674360718116237878e-01,-2.623193425047602445e-01,5.184919369371197018e-01,5.846991110491369659e-01,-1.483152067011989650e-01,5.483478708019262626e-02,7.139407444506884470e-01,3.316749836224101022e-01,6.170562038733082844e-01,6.747645879151821513e-02,-3.707396602876351643e-01,-6.732707521955015872e-01,-1.028747592771237923e-01,2.116133572305145261e-01,-3.833468317522874536e-01,-5.963465820042835874e-01,2.980974596052766296e-02,-2.863308335180407282e-01,-4.586661427607301444e-01,-4.848426127909161165e-01,2.022949603886759623e-02,4.869738274366570974e-02,-3.493728989496856507e-01,1.302124528745824406e-01,-4.228824180153786805e-01,2.608920944301861278e-01,5.690153258239115663e-01,2.513104803740564552e-01,6.156895150791561466e-01,-2.179985867152164081e-01,-3.983219682979259879e-01,1.872420313425085248e-01,5.511653187281915223e-01,3.850113584967695263e-02,6.235039072138324201e-01,6.639516104891122206e-01,-4.050593238154433506e-01,2.181582396066946913e-02,1.000000000000000000e+00,6.394707332340608674e-02,-3.302794403432256498e-01,6.793154312736172651e-01,5.125003903341907030e-01,-3.756390724940975590e-01,3.885237404399728978e-01,7.434419683842286020e-01,-1.129737145688198968e-01,-3.394771905785420318e-01,5.100204031258364079e-01,8.478844391759154941e-02,-4.277342043519803405e-01,7.922420198352504717e-02,6.380255738887080641e-01,3.615612675152966859e-02,-2.785411012849788315e-01,3.782110482618497027e-01,5.384281635542726985e-01,-4.074967006608984366e-02,-4.097016310336117351e-01,-4.476608559002617782e-01,3.979320917346808595e-01,3.266980595735535231e-01,-1.581576121896461629e-01,2.130086261627256450e-01,-1.954671794590888134e-01,-2.908669648581587164e-01,-5.923151470526660800e-02,-1.388968122497205304e-01
-4.414928203221283320e-01,1.519837027065715496e-01,4.606098038064913025e-01,2.242279307552609291e-01,-9.180285179824937761e-03,5.715847733573656830e-01,4.306918766477387667e-02,-7.635881630271933451e-01,4.390918570589403408e-02,6.052319918651737352e-01,-4.103184261216729634e-01,-6.325274673043232987e-01,3.796288777717594098e-01,2.307323035864989602e-01,-6.725410834717608921e-01,-1.207252703211913608e-01,4.996994198362821327e-01,-2.356270555260580601e-01,-6.916258155541961106e-01,3.612370053540440995e-02,-1.743047883484269700e-01,6.779872084222050566e-01,4.522601868773591938e-01,-4.274765453295449880e-01,1.223057382816718913e-01,8.065504892853343488e-01,4.402938902423418621e-02,-1.893795963872706156e-01,-6.699362996036314910e-02,3.987444383698237615e-01,5.816877658683096142e-01,9.035550865159169831e-02,4.538172726798609946e-01,-2.918274787895334121e-01,-4.828705301015331353e-01,3.512987045366108840e-01,2.494018449758709788e-01,-5.866230231129884176e-01,-3.495974413706628980e-01,3.258172009449428752e-01,-2.663743499870865339e-01,-7.266733802661741182e-01,-2.609742977210747217e-01,-5.586707542031439377e-01,-2.863681018580474524e-01,-3.833598410002457546e-02,-7.985568461606243340e-02,-5.556726411872373594e-01,-3.181725752151968317e-02,5.918235005722637387e-01,-1.015967528001188308e-01,-5.693152110161445734e-01,-5.886983774386853052e-02,2.847586655759317131e-01,-1.351404716832753095e-01,5.920704455301003394e-02,5.600706619783076823e-01,-5.247138122781562775e-01,6.394707332340608674e-02,1.000000000000000000e+00,4.135900993628881250e-02,-3.013859701317141426e-01,5.134503613061764948e-01,7.218107367559335463e-01,-3.440768316736855098e-02,-5.394420085062153099e-03,6.080423986114167345e-01,4.552328584914925869e-01,1.631063959842379008e-01,4.544683726825166081e-01,3.191495382026191541e-01,-2.396991569694485458e-01,8.563655732313921187e-02,2.145030157155248529e-01,-5.217831636777162663e-01,-3.615217037227138053e-01,2.652103522038549155e-01,1.934701994474087028e-01,-2.050410483413541152e-01,5.275084858499831109e-01,2.496860915036752393e-01,-3.204950133858907035e-01,-1.504719147757026809e-01,-1.500174405842631953e-01,2.017122022743101095e-01,2.569065487171626888e-02,1.984994465981096967e-01,1.928038116414260983e-01
-6.652996219781949216e-01,-1.552458806816187087e-01,-9.549606233207767747e-02,-7.316628503188733479e-01,-1.260116030535719522e-01,3.543409160744725450e-01,-6.187760785386766660e-01,3.513737257230242078e-02,8.980257533102798950e-01,-5.677282294877728647e-02,-6.033951867577282968e-01,5.441575447711951563e-01,6.251401413012719344e-01,-5.439355072392044743e-01,-3.725095179331453510e-01,6.618102275294570624e-01,-1.162872992124019400e-01,-7.311248709427037307e-01,5.192251850684261733e-02,-3.719932436084656402e-01,-8.904282983025630926e-01,-1.749395135300811921e-01,2.469659761265763920e-01,-5.170080138572473727e-01,-7.637710166290316849e-01,7.276072311089547273e-02,-2.238402135896486733e-01,-7.213845028776305623e-01,-3.151159887911939572e-01,5.932746852680267358e-01,-3.061882428557630154e-02,3.339099553824282363e-01,-2.735012741328193830e-01,-6.202443348823044600e-01,3.183811316709729278e-01,2.693782944966492399e-01,-6.510893453601754866e-01,-2.160634506257154974e-01,4.528449467079617707e-01,6.657183308129172895e-03,-5.313240991763674703e-01,3.671334066023072829e-02,4.595871184825718880e-01,3.274426993600313418e-01,2.091406384014238631e-02,-6.416415532194494897e-01,-1.266276699868569555e-01,2.013918555938796207e-01,-2.503800072816158018e-01,3.427134214136195456e-01,6.363594487996696580e-01,2.406023325034102947e-02,-5.686233502886524072e-01,1.227158970034491897e-01,-6.601511699647701903e-01,2.425531749183987285e-01,7.028401706201720112e-01,6.390376977132142811e-01,-3.302794403432256498e-01,4.135900993628881250e-02,1.000000000000000000e+00,2.570568293290161760e-02,-7.110209671705379764e-01,5.010842605644582060e-01,5.938935233072570874e-01,-6.994947936136663991e-01,-4.320434706362158983e-01,6.483932160625582863e-01,-4.202896407971545845e-02,-4.851548543949528725e-01,6.803757408189475830e-01,6.851086873768978958e-01,-3.172159765648489560e-01,7.104914340650054783e-01,2.939435598043652620e-01,-6.692650507871126253e-01,-1.580096264521716181e-03,7.881846240636621870e-01,7.194191103469039783e-01,2.800410889417860871e-01,4.173357159203354150e-01,3.199628880525901553e-01,1.591941811137511653e-01,2.333713428979388715e-01,4.283795060023831702e-01,1.079732513568332913e-01,3.191017790620639255e-02,2.499190785219636973e-02
3.005392893864720638e-01,7.595715047933701003e-01,4.521568137572438140e-01,-2.107953737731505239e-01,-8.121143086748571216e-01,-6.089555504748134229e-01,-6.924715230389363319e-01,5.698204110832904429e-02,-1.170894362628143413e-02,-7.872303449095212624e-01,-3.736449293432478336e-01,2.164289255419027946e-01,-5.382024502784021891e-01,-7.361720146524225461e-01,6.729660232384804264e-02,-4.729930177011370529e-01,-6.477017584300616138e-01,-2.232357034070044377e-01,5.698235165433864630e-02,-8.358979150880481157e-01,-8.086787208153996265e-02,-7.117323527442337427e-01,4.964949257363132085e-01,7.102739730582586786e-01,-5.105834775113347046e-01,-3.096631455097665908e-01,7.864335402038581391e-01,1.891225901701978906e-01,6.835168763068649733e-01,1.270530208612410117e-01,-6.884656749410107413e-01,-7.101325521998724799e-01,-3.543813693367984241e-01,4.033828673959871658e-02,-1.852512808941784994e-01,-6.499267510734629827e-01,-2.675514433838115380e-01,-1.829035320229054629e-01,-1.285771769631187667e-01,-5.091848876537040658e-01,-1.107947413312843632e-01,2.981676571337169013e-01,-1.223804846013298725e-01,4.954156056160147203e-01,-4.310208026801845005e-01,-5.171732980022324816e-02,6.394865518298107343e-01,5.194472121937983022e-01,6.398279267676604265e-01,-1.763600369386026379e-01,-1.404520933908934566e-01,4.366230503084406744e-01,5.203315651918938300e-01,1.850902619432716056e-01,5.272613704467687956e-01,6.658855112979045199e-01,-3.338748170604877163e-01,4.556009434420505988e-01,6.793154312736172651e-01,-3.013859701317141426e-01,2.570568293290161760e-02,1.000000000000000000e+00,5.722291052641251263e-02,-5.180457402027313085e-01,7.396655200230435323e-01,5.910678780910897379e-01,-5.745946114933029314e-01,-2.901641562649860395e-01,6.431544157099973180e-01,-4.614447932602743219e-01,-4.578237102056321728e-01,6.158741255350111965e-01,6.985723576839427684e-01,2.773562395850828755e-01,3.161490648780330287e-02,4.057648740591740522e-01,6.179753627539996685e-01,1.690656236185181238e-01,-1.545368962790203693e-01,-6.858382672248684031e-01,4.148614868264658417e-01,5.476629487081207115e-01,-1.563444777441237721e-01,3.344968256682283592e-01,-2.224700409266847367e-01,-3.495802110260621265e-01,-8.832106092779802575e-02,-2.752542823750764867e-01
2.547031977941475733e-01,4.951552367165666380e-01,5.986265935392293125e-01,6.748282808752174011e-01,-1.747795433113208674e-01,-2.882853579152413678e-02,2.865490549482725413e-01,-6.247959063122233703e-01,-6.371386520083717198e-01,2.802631463408059576e-01,-2.302706954360282492e-03,-8.518029723928651764e-01,-3.174486812572045458e-01,3.508849135688849596e-01,-2.597727447411042334e-01,-7.835632562163680204e-01,2.978084741250212608e-01,2.996608961484310552e-01,-5.556767562440597663e-01,4.422837100795297405e-02,4.968865884284585088e-01,4.255316527706541896e-01,3.165906367201097305e-01,2.613540045949588331e-01,4.788720641996053184e-01,4.724908268681852763e-01,4.636318684989255701e-01,4.482983206544966515e-01,3.596338716796720902e-01,-8.133746624683106663e-02,2.637097647736657002e-01,-3.902278917977797246e-01,4.703485878342037463e-01,2.549463386369466011e-01,-6.579467182035342310e-01,-1.112795705202419966e-01,5.567171181824260850e-01,-3.208178643176494149e-01,-5.717260313249200587e-01,7.158425472139043344e-02,8.390392636020695127e-02,-4.632619043924715574e-01,-5.811265577210953381e-01,-5.039068576824652368e-01,-3.694409918269381254e-01,4.417107649308953388e-01,2.510742591499902643e-01,-3.809354201755264513e-01,3.470130647168818694e-01,7.604772251386898718e-02,-6.230071705967985540e-01,-3.479003552332151084e-01,5.227188437310150704e-01,1.805062696499102892e-01,5.412600262778619609e-01,1.308122773311621578e-01,-2.561252695068116925e-01,-5.902322465322716871e-01,5.125003903341907030e-01,5.134503613061764948e-01,-7.110209671705379764e-01,5.722291052641251263e-02,1.000000000000000000e+00,2.087183979436198558e-02,-2.333724106624965877e-01,7.280818641976530836e-01,6.457472824615887452e-01,-1.714900351632585307e-01,4.159079767228553992e-01,6.624255967232639541e-01,-4.005721510587377798e-01,-5.444976660036535687e-01,5.662550894512172750e-01,-3.064971988841287964e-01,-6.757349189596068006e-01,3.803668474893409090e-01,4.441600611179464253e-01,-4.181970139985651813e-01,-7.923472353471426866e-01,-4.643385454967519782e-02,-2.030345288393094368e-03,-2.882540226113551318e-01,-2.301372674488177950e-01,-2.422619353811303333e-01,-2.055391416036058683e-01,-7.851637842903795572e-02,1.030851972422454216e-01,9.869654760143853345e-02
-7.732307166897866013e-01,-1.864014776381124061e-01,1.827095056939516959e-01,-1.222602040261834833e-01,1.672777947052868919e-01,7.913265790372810971e-01,-5.508489065464795831e-02,-6.074916157851403264e-01,4.999935041287447146e-01,6.876801138828882998e-01,-5.226359394342136033e-01,-2.928157373357093141e-01,7.878023393021456044e-01,1.258865449887448251e-01,-7.570236720991149193e-01,3.518820073289316008e-01,5.652651616306509919e-01,-4.804178021204829063e-01,-5.231518209331300628e-01,1.064905570823509035e-01,-5.476472478939794497e-01,6.606106741965398488e-01,3.007539675025710513e-01,-8.154725796328990972e-01,-1.183839985516629417e-01,7.484988504470119208e-01,-3.253236515294485875e-01,-5.542375838758342166e-01,-4.725334540449200871e-01,5.366138615719915350e-01,6.743788485531611032e-01,5.135901653416876655e-01,3.559379302892040076e-01,-5.600513718282885689e-01,-1.197454399519534973e-01,6.491204747619397919e-01,-8.417055336358177098e-02,-4.564630615579022832e-01,1.150507478162221681e-01,4.058076476488857165e-01,-4.849215399952446770e-01,-5.646341355578082810e-01,1.165472285984261031e-01,-3.913371617138000080e-01,-4.185635579496148340e-02,-3.644490884769311934e-01,-3.452675776715545264e-01,-4.606262415778116237e-01,-3.936415770081040932e-01,6.187189691123105018e-01,2.659543192588154081e-01,-6.024772970030481956e-01,-5.233370171458407993e-01,2.347381888184816301e-01,-6.200137179669577003e-01,-6.107040334344967375e-02,7.999644810402448680e-01,-9.411589518066645899e-02,-3.756390724940975590e-01,7.218107367559335463e-01,5.010842605644582060e-01,-5.180457402027313085e-01,2.087183979436198558e-02,1.000000000000000000e+00,3.156851685832891968e-02,-5.440395110091650333e-01,4.572668359448894271e-01,8.519561274004855411e-01,-1.725519118036876465e-02,3.234567197238541469e-01,7.281154042071499299e-01,-5.447914466800243133e-02,-2.664619085927916187e-01,3.894139765027341826e-01,-3.366149704957824840e-01,-7.031529765492801065e-01,5.633974830472471274e-02,4.430507060669143238e-01,2.033406087785410710e-01,7.803901458106117239e-01,2.522451138403118409e-01,-2.749723934585894258e-01,3.860301843563861569e-03,-1.613901031571383926e-01,4.713342191486180055e-01,2.847080823264471761e-01,2.447401955069024304e-01,2.990082112832597727e-01
-2.378908647123977038e-01,5.746448111665130032e-01,4.295997881885310066e-01,-5.402937642756654446e-01,-7.081422849631564542e-01,-1.821566532975376629e-01,-9.168573836187852155e-01,-1.070634892409002004e-01,5.228865130456508137e-01,-5.400806520454713988e-01,-7.525783862488881759e-01,3.469006291696189459e-01,1.125652395727579601e-02,-8.764331090481926045e-01,-3.213943339494952367e-01,-4.048149168744073073e-02,-5.210249554702944819e-01,-6.582347244991247903e-01,-2.858064989831717029e-02,-8.749487953790454631e-01,-6.321460019337277192e-01,-5.170061613876760775e-01,6.546904789793884794e-01,1.622577585480618478e-01,-8.425408368002412773e-01,-5.639633958825104182e-03,5.208789827127144889e-01,-2.882644604527646037e-01,3.608167918251368733e-01,5.564905963158783830e-01,-4.423358597373815981e-01,-3.710921296435842343e-01,-3.356021038996346850e-01,-3.662563175243193081e-01,-8.293461191796952514e-02,-2.960459683715241930e-01,-5.283259001099772645e-01,-3.864322851521552193e-01,6.008730466492030048e-02,-3.550888614434082324e-01,-4.448694531645192018e-01,1.059505208315358049e-01,9.004673269666989277e-02,4.578508663831001302e-01,-3.989409261318129785e-01,-3.744843914139106000e-01,4.424741260027378886e-01,4.288195598239540884e-01,3.434484580599292403e-01,1.451406300470390043e-01,2.297303150213598211e-01,2.160503085948210222e-01,4.062331372205767177e-02,2.539344139639134190e-01,2.019428051919292325e-02,7.307531880133920632e-01,2.365597433189287890e-01,6.632195587262880165e-01,3.885237404399728978e-01,-3.440768316736855098e-02,5.938935233072570874e-01,7.396655200230435323e-01,-2.333724106624965877e-01,3.156851685832891968e-02,1.000000000000000000e+00,6.794415945085785502e-02,-5.894241679380723964e-01,2.610957025561007061e-01,5.133690261012502365e-01,-5.323468664474254597e-01,1.384630840340531910e-01,8.328993994737605711e-01,3.772582640109528596e-01,6.928813019389655770e-01,8.000549275779934855e-02,-1.620858449273614166e-01,5.544056001043370374e-01,6.659229687344204729e-01,2.637239137043750903e-01,-2.837954315456143739e-01,6.794737385473545999e-01,6.090795765371548320e-01,-1.726295151756773033e-02,3.832522329656581905e-01,1.255162334765012044e-01,-1.957586671083094698e-01,-6.653650481177459525e-03,-1.548339618500793602e-01
5.853584591059436404e-01,6.927222322549997369e-01,5.299952637729772320e-01,4.665703114279071140e-01,-4.922923892986583727e-01,-5.412517182532602389e-01,-1.005629682950599443e-02,-2.020455136747102975e-01,-6.660184596501973475e-01,-3.375984160590020378e-01,7.162943269779754873e-02,-4.366480647323610076e-01,-7.352938395974935037e-01,-4.324683864792755461e-02,1.369062027916894964e-01,-8.883789067960791153e-01,-2.090167673343752697e-01,3.267715433019319216e-01,-2.049980260407466004e-01,-3.030265538368547840e-01,5.499156434628104106e-01,-1.869278626436553237e-01,2.746939240875790333e-01,7.488163408477144234e-01,2.302339243421217541e-01,-5.313392500095043269e-02,7.239828228534537224e-01,5.953399252690857457e-01,6.611791652426182164e-01,-2.439235957259622001e-01,-3.055592329024374165e-01,-7.150223695329354090e-01,6.667966572136690973e-02,3.892854368145090560e-01,-4.685678184881548747e-01,-5.421088605719679432e-01,3.238626508362849599e-01,-1.328500237760508185e-01,-4.831884951366862690e-01,-2.477987811897743309e-01,2.254973303180626831e-01,-1.112073052627132914e-02,-4.891496710323871566e-01,-2.851900679490581084e-02,-3.988702456733926871e-01,4.062548967478982198e-01,5.305518663525415901e-01,8.040797439807707836e-02,6.114783049870732290e-01,-2.214465072321081807e-01,-5.905089173596405061e-01,1.315603616879357507e-01,7.580766074597623527e-01,1.032896261663328735e-01,8.029105221946415405e-01,3.400998878997502639e-01,-6.079807481332611951e-01,-2.349111789522572713e-01,7.434419683842286020e-01,-5.394420085062153099e-03,-6.994947936136663991e-01,5.910678780910897379e-01,7.280818641976530836e-01,-5.440395110091650333e-01,6.794415945085785502e-02,1.000000000000000000e+00,1.095710954505402512e-01,-5.696966145222803757e-01,5.511860592805806203e-01,2.085180445433462149e-01,-7.601380475521137825e-01,-1.706443505594878174e-01,7.861697032169714383e-01,-2.861911239994783807e-01,-3.530031851349809124e-01,7.174140614613757627e-01,5.326506436116120735e-01,-4.427817921991266115e-01,-7.312008253584015849e-01,-5.668936951757289622e-01,2.704944509225340118e-02,5.584327598645462409e-02,-2.556059776970651676e-01,-1.060640787713535912e-02,-4.191439953771810556e-01,-3.096264909806282772e-01,-4.369968043434448168e-02,-1.530739107851842862e-01
-1.122517232742440141e-01,-1.247135062905449510e-01,2.006457825125612937e-01,5.355249180125841724e-01,3.267130877073128881e-01,4.490402635638191531e-01,5.806707273879007092e-01,-5.419547216737233830e-01,-3.609263060107884558e-01,7.338759767294774639e-01,1.372632179958397924e-01,-7.472606826412877545e-01,1.755195453344590983e-01,6.599494502318824507e-01,-3.126067099387272452e-01,-2.060905637982061167e-01,6.647827683177799374e-01,2.393435858377428449e-01,-4.835309939554716108e-01,5.265828516926667202e-01,3.031768891317271897e-01,7.801938138374450160e-01,-6.086530309391285226e-02,-3.492276710597350675e-01,6.066513238650845796e-01,5.785265798770122814e-01,-2.304243495675309672e-01,1.028675595225416878e-01,-2.951272909103800912e-01,-1.089849383685683182e-01,6.403657533039693872e-01,2.490666784637458886e-01,4.752914559664061511e-01,5.307025443056621189e-02,-2.593707203439657438e-01,3.726254155532157109e-01,4.736295377895788361e-01,-1.283874250173017983e-01,-2.173486888628690938e-01,3.947947564524333375e-01,6.892456882949778152e-02,-4.754855690970171689e-01,-1.630015378713267071e-01,-6.104005497901663357e-01,7.814898246902408918e-02,2.048239049375193965e-01,-3.192072727830252976e-01,-6.090074538682495042e-01,-2.504478098045582191e-01,2.366074977440142668e-01,-2.450385403302377807e-01,-5.342272842146215117e-01,-1.800400686003496981e-02,-3.363086396498380509e-03,-6.581642678378639422e-02,-3.240452905057741861e-01,1.162428566650526851e-01,-6.567955111560837000e-01,-1.129737145688198968e-01,6.080423986114167345e-01,-4.320434706362158983e-01,-5.745946114933029314e-01,6.457472824615887452e-01,4.572668359448894271e-01,-5.894241679380723964e-01,1.095710954505402512e-01,1.000000000000000000e+00,1.664684683790433328e-01,-9.821104205818641242e-02,7.937320772512903577e-01,6.396155787074428445e-02,-7.588061155458147855e-01,-2.514323909889912625e-02,-3.585784955691355136e-01,-4.742870385096963348e-01,2.227999952386627500e-02,-1.989544210172296615e-02,-3.800419328345171488e-01,-5.224557866857899580e-01,5.085788742344582447e-01,-2.410379320392786184e-01,-6.686725205291452756e-01,-1.810009376381816470e-01,-3.708012923623842938e-01,4.024554250256451998e-02,1.387867385982141100e-01,1.818010366346658746e-01,2.343359799406600774e-01
-7.340655892684517791e-01,-7.986384339796388787e-02,2.133143295621373892e-01,-2.582173565538677940e-01,5.312761120335671161e-03,6.245182491136800351e-01,-2.767157895385097821e-01,-5.072781286697727321e-01,6.132806037693677714e-01,4.425905012509196990e-01,-6.361662137651813431e-01,-1.015819551701580142e-01,7.287119682505514007e-01,-1.187990078819113199e-01,-6.997984707490071399e-01,3.497360713928578946e-01,3.098930146166212207e-01,-5.821048872130796248e-01,-3.456319676991851941e-01,-1.134570932076277711e-01,-6.662989863083598197e-01,4.015835810744297629e-01,3.662716564735169489e-01,-6.981433210492580255e-01,-3.496759688820138545e-01,5.910725378831461763e-01,-2.127044227564109102e-01,-5.662266576551318042e-01,-4.423490547996143940e-01,5.756808455296784643e-01,4.997539184040742932e-01,4.796855208940853377e-01,2.591137468427964774e-01,-5.781038227041130906e-01,-2.742458557167695710e-02,5.867283095125772618e-01,-2.651545217287171186e-01,-3.898470566369056090e-01,2.933244862040355616e-01,2.847636474586052735e-01,-5.930621773942671426e-01,-3.701745285030139665e-01,2.562517967528167850e-01,-1.789240464364226235e-01,-1.872761317151173509e-03,-4.675792746265367006e-01,-2.979488335668641352e-01,-2.437203497779062700e-01,-3.745631809469144313e-01,4.906453191065102692e-01,3.185676929617767827e-01,-4.727954876485839786e-01,-5.900607503202371928e-01,1.897553783929312732e-01,-6.434949978740822640e-01,8.915751617005840401e-02,7.109724399187754562e-01,2.087077523997538098e-01,-3.394771905785420318e-01,4.552328584914925869e-01,6.483932160625582863e-01,-2.901641562649860395e-01,-1.714900351632585307e-01,8.519561274004855411e-01,2.610957025561007061e-01,-5.696966145222803757e-01,1.664684683790433328e-01,1.000000000000000000e+00,1.470640943647871790e-01,1.355034733092864985e-01,7.174979645520186411e-01,2.180897311169372743e-01,-1.997308135284535102e-01,4.399594142923299867e-01,-2.663964487846847695e-01,-6.463778510648504616e-01,1.189188931258421261e-01,5.509795152726255640e-01,3.616669449236771250e-01,6.282388723662685193e-01,3.716612172977505346e-01,-2.535236188626006568e-02,1.258565409389148515e-01,-6.583291114789985299e-02,4.425387979864733312e-01,2.540926388331832264e-01,1.820270953268368352e-01,2.528181967072998804e-01
3.302827861166736351e-05,7.588504684792937161e-01,7.651301430608190568e-01,5.963312074622263009e-02,-7.367526730302091931e-01,-1.501617781769801485e-01,-4.670353425885009346e-01,-5.129890029410938412e-01,-5.524239047617286041e-02,-2.396974642424161417e-01,-5.683620605324306574e-01,-3.207004056415666549e-01,-2.258015714020595588e-01,-3.977032592356014584e-01,-3.874542440094138063e-01,-6.339613718166691170e-01,-1.653641130695906181e-01,-2.429972697786384472e-01,-4.101041594441744986e-01,-6.604478222355492090e-01,-6.334759509042693637e-02,-1.242002087332222948e-01,6.949634016901867772e-01,3.787599532384695045e-01,-2.483661600575897965e-01,2.859845591767678497e-01,7.509264788703746696e-01,8.334149010014132997e-02,5.327375967386831501e-01,3.409108416176617751e-01,-1.235474977509312261e-01,-4.899243581996515773e-01,1.687746176250241037e-01,-1.693637974168210325e-01,-5.171912323127140221e-01,-2.038008439265873994e-01,-3.293306923906410416e-02,-4.767454834378651585e-01,-1.439700829670986226e-01,-2.012386879441873389e-01,-3.901146510837593673e-01,-1.654353169578184901e-01,-2.438914733967619819e-01,2.550322696200914979e-02,-5.067079837206324155e-01,-1.167815988594912008e-01,4.271812252909359953e-01,6.266119881530098079e-02,4.683314191359767564e-01,1.798965438192260680e-01,-3.014354348381197424e-01,-1.242859425598823592e-01,4.074495684404983442e-01,4.068448874903481949e-01,4.066161224281870656e-01,5.188603545776697690e-01,-8.403107057256474499e-02,1.784264979737883450e-01,5.100204031258364079e-01,1.631063959842379008e-01,-4.202896407971545845e-02,6.431544157099973180e-01,4.159079767228553992e-01,-1.725519118036876465e-02,5.133690261012502365e-01,5.511860592805806203e-01,-9.821104205818641242e-02,1.470640943647871790e-01,1.000000000000000000e+00,2.890246820275646847e-02,-3.888987807636486438e-01,3.243800284444096071e-01,8.865679915238592335e-01,2.076801833860781321e-01,-5.972182179120546497e-01,2.820621040923486644e-01,8.434146229924600613e-01,3.493557329347041218e-02,-4.219085332639196384e-01,-2.902524541509286515e-01,3.270055479943595467e-01,1.611729330836710605e-01,-2.634239467555106740e-01,-4.424740848537701138e-02,-9.137356481042713252e-02,-1.163798010851079534e-01,9.804554753974112358e-02,1.543006185540603779e-02
-1.584400264014615423e-02,-4.637628936571969174e-02,2.371124433212904170e-01,6.425274626394145150e-01,3.058571442576857313e-01,2.954339114954987466e-01,5.893152405445494235e-01,-5.457861296057637812e-01,-4.279780090294333927e-01,6.668526807308632343e-01,1.504780558175392025e-01,-7.780905812390892518e-01,1.252835894763452695e-01,6.413969039738798283e-01,-3.234867015595543904e-01,-3.332847102106496484e-01,6.549231546565572604e-01,2.612445188937714269e-01,-4.698904809410875960e-01,4.427444693542760823e-01,3.464407437561520253e-01,7.160065058765551216e-01,2.397078263772314116e-02,-2.452457659110396371e-01,5.603281201977436954e-01,5.675665317337131865e-01,-1.179844946190214128e-01,1.272047982654991305e-01,-2.168112839585054352e-01,-1.009990066248123569e-01,5.660110642336380060e-01,1.763883214384641684e-01,4.872588767198920423e-01,1.154299064977975797e-01,-2.749057551465308724e-01,2.930864777907856156e-01,3.855037356395762393e-01,-1.578698705362589494e-01,-1.746901428196253325e-01,2.383184191999445645e-01,-1.196353541852195231e-02,-3.944247482608490007e-01,-2.222822863625793233e-01,-5.600753612015718641e-01,7.468394905317420063e-02,2.856806878746679379e-01,-2.296657727117608072e-01,-4.558406557651472069e-01,-1.146745192003220254e-01,8.573791943786067404e-02,-3.616626045165342584e-01,-5.104513504400138846e-01,8.101066219478774214e-03,-4.733892997031735606e-02,2.730167727642728373e-02,-1.502265799028066062e-01,-2.842730396555825587e-02,-5.402028653338120101e-01,8.478844391759154941e-02,4.544683726825166081e-01,-4.851548543949528725e-01,-4.614447932602743219e-01,6.624255967232639541e-01,3.234567197238541469e-01,-5.323468664474254597e-01,2.085180445433462149e-01,7.937320772512903577e-01,1.355034733092864985e-01,2.890246820275646847e-02,1.000000000000000000e+00,5.323145684481736528e-03,-8.156543176872939060e-01,8.923298794288223035e-02,-3.584150568263026471e-01,-6.595271593074850669e-01,1.277555760622900959e-02,7.134043026113552621e-02,-4.097711645776881406e-01,-5.234996695908261666e-01,3.901602946281710893e-01,-1.791211703970148339e-01,-4.899934370369120606e-01,-8.350837056111994061e-02,-3.799481831927107311e-01,3.758468785409405793e-02,2.108395686645001543e-01,1.621598787066661496e-01,2.702141750913039098e-01
-7.125868538828113996e-01,-3.798967360762313117e-01,-1.512848943266947854e-01,-3.843783633836096447e-01,2.863483628480559262e-01,6.084099424877676965e-01,-1.861109849672669680e-01,-1.751272524286298926e-01,6.972710554179275544e-01,4.131372270476117992e-01,-4.021590916514245495e-01,1.702177087790357479e-01,7.818465580938012138e-01,-7.209090332826725844e-02,-4.940748829396964248e-01,6.501428178731326613e-01,2.647086076322082704e-01,-5.201438999587869594e-01,-9.033052080864555078e-02,9.166332934523072073e-02,-6.823443924917640402e-01,3.073465122730804078e-01,1.066039214628214937e-01,-7.712023147681704716e-01,-3.618158776407768284e-01,3.656112624604994643e-01,-4.722284067546088648e-01,-6.046667745728966370e-01,-5.503073381924356022e-01,4.609519499620094440e-01,3.533582749506209986e-01,5.437959235960800886e-01,-4.138108474386165483e-03,-4.640335508270537201e-01,2.272014456549468486e-01,4.817485723024082511e-01,-3.241518853755440133e-01,-1.798023359672032417e-01,3.217530392200195766e-01,2.292398338031165494e-01,-3.980610454059194669e-01,-2.130795026077957066e-01,3.286139500795840496e-01,-7.180289945173752575e-02,1.799817022600098126e-01,-3.435166981434230604e-01,-3.536776291512953030e-01,-1.195345102256851061e-01,-4.803142960542597928e-01,3.674053293237891649e-01,5.072004247720472980e-01,-2.887801606909102259e-01,-6.825361679010983895e-01,3.824771709202932739e-03,-7.206531150973999322e-01,-4.311076774780869120e-02,7.211655511448042954e-01,1.832540565278313327e-01,-4.277342043519803405e-01,3.191495382026191541e-01,6.803757408189475830e-01,-4.578237102056321728e-01,-4.005721510587377798e-01,7.281154042071499299e-01,1.384630840340531910e-01,-7.601380475521137825e-01,6.396155787074428445e-02,7.174979645520186411e-01,-3.888987807636486438e-01,5.323145684481736528e-03,1.000000000000000000e+00,1.404388442226977007e-01,-6.181021415629831539e-01,5.213601719833662607e-01,1.132407970584891344e-01,-8.598993382496746829e-01,-2.321774036436865252e-01,6.710854798732931448e-01,6.141088243976529082e-01,6.446605806066910693e-01,3.377678711585039850e-01,5.153028098221412029e-02,2.359646816605414366e-01,7.320161769184051204e-02,5.113266860898427746e-01,2.386209631205805648e-01,1.020332297167227675e-01,1.231622634373627512e-01
-2.329220311325934656e-01,3.156845323019761840e-01,1.271727862882709448e-01,-7.039322723068840437e-01,-5.710207201385066877e-01,-1.472585698675531185e-01,-8.618764458458011424e-01,1.661947421185028251e-01,6.221496348951290889e-01,-5.979271276676623170e-01,-5.903015681323743324e-01,6.107033123501967031e-01,4.509878908867481079e-02,-8.429242199798649970e-01,-8.463225012572771211e-02,2.151165170621504308e-01,-5.829010997978641972e-01,-5.733659916558976333e-01,1.862155601887877931e-01,-7.385436872106684314e-01,-6.330921458198301988e-01,-6.372952922967020095e-01,3.905208294522611867e-01,1.267361086285947180e-01,-8.275500914652013096e-01,-2.517138874967991824e-01,3.129133553205658003e-01,-3.398600991428771811e-01,2.188076349630410644e-01,4.373693620981318753e-01,-5.200094313673473412e-01,-2.102003325728461214e-01,-4.545620899287851069e-01,-3.564355541420365370e-01,1.555811685337798733e-01,-2.443033452719032828e-01,-5.742557732297555173e-01,-1.652389917375394479e-01,2.543690978531377711e-01,-2.875662394953605316e-01,-3.701749415297830303e-01,2.515205922140234529e-01,2.553149820715761575e-01,5.707669781227405759e-01,-2.086861463924339077e-01,-4.579313832549976038e-01,2.997197652782567778e-01,4.877415274062855688e-01,1.755830737660912522e-01,1.043165724114654830e-01,4.094539841374100209e-01,3.699450544156891452e-01,-6.579490554235128963e-02,1.721844345044959146e-01,-1.202609055301470109e-01,4.604821186208571948e-01,2.515562693564309393e-01,7.010231986496947565e-01,7.922420198352504717e-02,-2.396991569694485458e-01,6.851086873768978958e-01,6.158741255350111965e-01,-5.444976660036535687e-01,-5.447914466800243133e-02,8.328993994737605711e-01,-1.706443505594878174e-01,-7.588061155458147855e-01,2.180897311169372743e-01,3.243800284444096071e-01,-8.156543176872939060e-01,1.404388442226977007e-01,1.000000000000000000e+00,1.651203907924791436e-01,6.374519994780705190e-01,3.546782767845374496e-01,-1.613064236600210977e-01,2.978094923337208377e-01,6.329102624238174268e-01,4.793979152343819661e-01,-3.034104229226559091e-01,4.737957345517989083e-01,5.792351538899774832e-01,1.920333150294846816e-02,3.867415392342998248e-01,9.220283258092223933e-02,-1.909855275444747036e-01,-7.464276078980398854e-02,-2.241806109005533287e-01
2.123506456813138155e-01,7.944687714319761396e-01,7.415839387676588235e-01,1.865313240003801942e-01,-7.390088107190582178e-01,-2.974905574047408963e-01,-3.402254858103652135e-01,-4.133883351793842809e-01,-2.799708146807977083e-01,-3.087023286573082892e-01,-3.651573413846460059e-01,-3.667348340568606924e-01,-4.421267059966780266e-01,-3.109230461937636525e-01,-2.112965618001234891e-01,-7.793006126776332865e-01,-1.832196951858076628e-01,-4.151807073496354555e-02,-3.717483495410974226e-01,-5.783162052351750182e-01,1.823898345270039412e-01,-1.895710160312293890e-01,5.833811799851563729e-01,5.863205056916670488e-01,-8.726767736342021242e-02,1.473968519530619581e-01,8.084761699698869153e-01,2.553255227573474340e-01,6.664095760464160412e-01,1.518287854145428939e-01,-2.685314118349010903e-01,-6.707782777727169243e-01,6.080071216977548515e-02,1.526990650541453637e-02,-5.265233897942909191e-01,-4.143577004273917841e-01,5.738927322778734907e-02,-3.797461125770209001e-01,-2.504995856565633838e-01,-2.811089107181199975e-01,-1.861068574795479158e-01,-7.598707531644870172e-02,-3.445911429146932270e-01,5.799609686919489360e-02,-5.051147775103146387e-01,6.034706046725113460e-02,5.197856915374041709e-01,1.074809117001476605e-01,6.061387412742388348e-01,6.416603849443762442e-02,-4.113390847511049775e-01,1.414075592623367968e-02,6.429570345690069910e-01,3.620596247538617196e-01,6.401032759298075359e-01,4.807080022453938950e-01,-3.037829366654051788e-01,3.930681594058614559e-02,6.380255738887080641e-01,8.563655732313921187e-02,-3.172159765648489560e-01,6.985723576839427684e-01,5.662550894512172750e-01,-2.664619085927916187e-01,3.772582640109528596e-01,7.861697032169714383e-01,-2.514323909889912625e-02,-1.997308135284535102e-01,8.865679915238592335e-01,8.923298794288223035e-02,-6.181021415629831539e-01,1.651203907924791436e-01,1.000000000000000000e+00,8.639246556514744435e-02,-5.502949528273329838e-01,4.921707676523190411e-01,8.598775290108737757e-01,-1.661292859271508437e-01,-6.579483706604325466e-01,-4.733005827457009151e-01,1.995445554833397417e-01,8.962872708580776893e-02,-3.839729749853336704e-01,-5.046717222792986013e-02,-2.325701555688761135e-01,-1.988828413549541818e-01,7.952159864098615194e-02,-8.443489190879187312e-02
-6.885341826369003604e-01,2.281787546447196502e-01,3.088470640457469107e-01,-6.095983852009737580e-01,-4.361752376623423966e-01,3.704664066772597186e-01,-7.551562989333554521e-01,-2.782008083578016988e-01,7.957615159921996861e-01,-5.144789241305487704e-02,-8.194795686740506957e-01,2.702448819521059975e-01,5.314284334156312850e-01,-6.272559756398506936e-01,-6.044384647985484582e-01,2.869414494732291931e-01,-7.959198291452583562e-02,-7.459508152372475998e-01,-2.457193676236859858e-01,-5.816196198722507482e-01,-7.868431345422524092e-01,-1.646436953344382059e-01,6.007520143687529179e-01,-2.582718284588800262e-01,-7.654667961378832652e-01,2.575649856336206800e-01,2.082370131000137181e-01,-6.126536438498313419e-01,1.255901844257579225e-01,7.286424864764962095e-01,-1.720131516391306126e-01,-1.069510225044159324e-01,-2.724001512174190620e-01,-5.864740150398364271e-01,-4.765721329395234546e-02,-1.101332797846907817e-02,-5.615082649354571354e-01,-4.731978360803575923e-01,2.161035842767910220e-01,-1.660970419651651986e-01,-5.682097508287353715e-01,-1.046016523876512477e-01,1.202033667219203350e-01,2.536231051014404825e-01,-2.954742317624968195e-01,-4.625627667910497953e-01,1.854366547265347831e-01,1.787232338075895322e-01,1.377132413679159062e-01,5.035655233256907115e-01,4.167918205511024765e-01,2.068037665720784922e-03,-1.481635530561894454e-01,3.869494918210919510e-01,-2.246740950923010183e-01,4.523126246423811447e-01,5.882162527396836982e-01,4.866794629235391967e-01,3.615612675152966859e-02,2.145030157155248529e-01,7.104914340650054783e-01,2.773562395850828755e-01,-3.064971988841287964e-01,3.894139765027341826e-01,6.928813019389655770e-01,-2.861911239994783807e-01,-3.585784955691355136e-01,4.399594142923299867e-01,2.076801833860781321e-01,-3.584150568263026471e-01,5.213601719833662607e-01,6.374519994780705190e-01,8.639246556514744435e-02,1.000000000000000000e+00,6.836846160494189709e-03,-6.872718982927645825e-01,4.681387175436348413e-01,8.777000500543334915e-01,3.531210033440757567e-01,1.020116026774324502e-01,6.152030740996944358e-01,3.588809446041412166e-01,-7.297999569341333259e-02,2.500435375638595525e-01,4.228466766685893274e-01,6.885423145207515173e-03,1.421045504828115369e-01,-1.025395189774092053e-01
1.274712987850328272e-01,-3.768246941198938327e-01,-6.188430836423521875e-01,-4.888435267929611694e-01,1.459244026189871757e-01,-2.588148695578726954e-01,-1.666805343720382249e-01,7.689502239661512029e-01,2.783363752745006692e-01,-4.470065873774263232e-01,2.727917302405660771e-01,7.778773685478335143e-01,-1.082748371595954606e-01,-2.798068230822809976e-01,5.700782880502177630e-01,5.359635253297750923e-01,-4.336430865455054851e-01,-6.467924168251001568e-03,6.294613808649003328e-01,4.630301548315100824e-02,-1.648607752852005170e-01,-5.548955063779557051e-01,-4.790463799948587176e-01,3.740551569380001079e-02,-2.738347024467934765e-01,-6.900678467075158640e-01,-3.324272508186952857e-01,-1.045671362033951945e-01,-2.106797188311834712e-01,-2.442735933452935826e-01,-4.746020754064813052e-01,1.245922178851144035e-01,-6.022951737274339079e-01,9.087924847030409703e-02,6.209191125888353646e-01,-2.163963771811108494e-01,-3.085777257672946416e-01,4.893624630685738941e-01,2.588305824904776897e-01,-7.187456197882058362e-02,2.895728913045104158e-01,4.615489806327062183e-01,3.568295454597406047e-01,5.101168137706872940e-01,2.808106049944186222e-01,-1.046360879999748278e-01,-1.672090773452217238e-02,4.098102891532017233e-01,-1.854823483485006086e-01,-3.017608650976831841e-01,4.629736296015633523e-01,5.983326820045089534e-01,-2.034067661690165674e-01,-3.123240575937389907e-01,-2.289368853467261822e-01,-1.608427068476761534e-01,-4.273802829021761118e-02,3.421528741931355588e-01,-2.785411012849788315e-01,-5.217831636777162663e-01,2.939435598043652620e-01,3.161490648780330287e-02,-6.757349189596068006e-01,-3.366149704957824840e-01,8.000549275779934855e-02,-3.530031851349809124e-01,-4.742870385096963348e-01,-2.663964487846847695e-01,-5.972182179120546497e-01,-6.595271593074850669e-01,1.132407970584891344e-01,3.546782767845374496e-01,-5.502949528273329838e-01,6.836846160494189709e-03,1.000000000000000000e+00,4.602468240032380614e-02,-5.828441534103916410e-01,1.653708460443030215e-01,5.725317010726914679e-01,-2.572777274129922076e-01,-1.176151724289626194e-01,2.696485825710546180e-01,2.039750011352532422e-01,3.642605806971132010e-01,-7.372447588119729334e-02,-1.709752562259842512e-01,-2.281729838979911773e-01,-2.879639753559446458e-01
7.862557068045318287e-01,3.189197992747338506e-01,8.300194316438781750e-02,3.768774991563749177e-01,-2.244167639832182204e-01,-6.829522920931504482e-01,1.972423017189858241e-01,2.591571508317749850e-01,-7.131131706369625567e-01,-4.642529068581033869e-01,4.576666758577679905e-01,-1.198512540580142227e-01,-8.528863754547147957e-01,6.398795112180614975e-02,5.816359464480391761e-01,-6.168441996578900577e-01,-3.347699528791368007e-01,5.334328111638714232e-01,2.034214214525328079e-01,-2.677892534922125811e-02,6.762163779811024567e-01,-3.334824752388744207e-01,-2.105723255232448132e-01,7.262858011615465070e-01,3.666241969199419137e-01,-4.359759461981861373e-01,3.644567027065838682e-01,6.526291021387388147e-01,3.606574348377913908e-01,-5.649682184384239303e-01,-3.492767656021538158e-01,-4.278170949444454751e-01,-5.081082582307381440e-02,5.236854205015021302e-01,-8.725515809858694349e-02,-4.608816843307421141e-01,3.298854593604557128e-01,2.974729985366934559e-01,-2.515879057357260362e-01,-1.428181594817547750e-01,4.253452997034551375e-01,2.534363418190775930e-01,-2.034951595108693556e-01,1.129635864876551432e-01,-4.942313916745472158e-02,3.704215964863298849e-01,2.916427433635866984e-01,1.686553657119398697e-01,3.050606046476421751e-01,-4.993300164735312574e-01,-4.349952466554256048e-01,3.174441030688749388e-01,5.586167421486223361e-01,-1.592786620952075516e-01,6.014099061972026927e-01,-1.217304162310086854e-02,-7.369119089777561582e-01,-1.625585099022616442e-01,3.782110482618497027e-01,-3.615217037227138053e-01,-6.692650507871126253e-01,4.057648740591740522e-01,3.803668474893409090e-01,-7.031529765492801065e-01,-1.620858449273614166e-01,7.174140614613757627e-01,2.227999952386627500e-02,-6.463778510648504616e-01,2.820621040923486644e-01,1.277555760622900959e-02,-8.598993382496746829e-01,-1.613064236600210977e-01,4.921707676523190411e-01,-6.872718982927645825e-01,4.602468240032380614e-02,1.000000000000000000e+00,7.768613389042465511e-02,-7.331653521013071773e-01,-5.459986217889307714e-01,-6.315295884990355102e-01,-3.547694421801537157e-01,-4.622160160935126494e-02,-1.600500416198651077e-01,-3.780238136570573254e-02,-5.680944942834258438e-01,-2.791468645914967350e-01,-1.633976361759239826e-01,-1.495546218771623970e-01
-1.656816600365473291e-01,7.651523765503707164e-01,8.170072476929783889e-01,-2.049560957836433703e-02,-7.491750722949571673e-01,-1.408117289691514576e-02,-5.425746936744895166e-01,-5.852202726519938336e-01,7.111924278123422927e-02,-1.571242271105852961e-01,-6.769260228158300308e-01,-3.220514197713673088e-01,-8.366169141507234785e-02,-4.438255581934294480e-01,-5.369954777283107994e-01,-5.658979046182254224e-01,-7.879313758447759053e-02,-3.454062752488811228e-01,-5.064468181653085654e-01,-6.752363869023106924e-01,-1.645563521355921377e-01,-9.209314039381365224e-02,7.796774462002988848e-01,3.120197910526563700e-01,-3.318277125349985979e-01,3.625507953794525062e-01,7.343841885681873238e-01,-8.813560010927626656e-03,5.632577100350413257e-01,4.294785774417929636e-01,-1.583151863644484403e-01,-5.367354396989953980e-01,5.302522840565088852e-02,-2.182564907337710414e-01,-5.118081181873493923e-01,-2.628652806195396208e-01,-1.053316019278602439e-01,-5.444752602340193759e-01,-1.557228382445016435e-01,-2.576562639473726768e-01,-4.170514249195620970e-01,-1.815058947153851687e-01,-2.640997057669324244e-01,2.786669506819970665e-02,-5.245351995608947826e-01,-1.043349835121489960e-01,4.400060761715990365e-01,6.077342811147637414e-02,5.015061831709057838e-01,3.004962412604599287e-01,-2.149905168201994010e-01,-1.382271211131307909e-01,4.225841914478556394e-01,4.637771872582427402e-01,4.102867212559462295e-01,5.725605918266915006e-01,2.056331169604286996e-02,1.623814955295222462e-01,5.384281635542726985e-01,2.652103522038549155e-01,-1.580096264521716181e-03,6.179753627539996685e-01,4.441600611179464253e-01,5.633974830472471274e-02,5.544056001043370374e-01,5.326506436116120735e-01,-1.989544210172296615e-02,1.189188931258421261e-01,8.434146229924600613e-01,7.134043026113552621e-02,-2.321774036436865252e-01,2.978094923337208377e-01,8.598775290108737757e-01,4.681387175436348413e-01,-5.828441534103916410e-01,7.768613389042465511e-02,1.000000000000000000e+00,2.222555180462028324e-01,-4.955480842237171557e-01,-2.464488213897853275e-01,4.695280818950888224e-01,1.594131252792132802e-01,-3.842452281515887913e-01,9.976357126137178760e-03,3.144860120395532449e-02,-1.209886034753406420e-01,1.840030679823194959e-01,-5.903876694075525094e-02
-6.408573384989904032e-01,1.106280144248969477e-01,1.391155903886361900e-01,-6.254504945600628529e-01,-2.650170508137807968e-01,2.980942743695753072e-01,-7.285266171383047995e-01,-1.455982229930188887e-01,8.143650803031773355e-01,-8.902989149749017395e-02,-7.319813482211717792e-01,3.790590668108663186e-01,5.415307376299434150e-01,-6.192275330401811884e-01,-5.078523859948593788e-01,4.266513395168656797e-01,-1.360823252887586043e-01,-7.363440318355432002e-01,-9.340373957461053922e-02,-4.827408971369818724e-01,-8.145112511737789829e-01,-1.685608358830287812e-01,4.737648569156406864e-01,-3.391636342277618010e-01,-7.668318621542059565e-01,1.875506534033265782e-01,6.291501167401648831e-02,-5.605361132265547219e-01,-1.629458555868227437e-02,6.478478648830816589e-01,-9.706347967924472409e-02,4.391863108324835230e-02,-2.240731354989642099e-01,-5.273617682164232212e-01,4.025888353030276229e-02,8.636278834172278485e-02,-5.222303041748250774e-01,-3.772669103514471045e-01,1.701264939837661694e-01,-1.062145582048766301e-01,-4.768199655958569871e-01,-8.661326639501916447e-02,1.636491884532927377e-01,2.277525379212913537e-01,-2.104068304126505973e-01,-4.147080813013144795e-01,1.150336593492645720e-01,1.724792978495797435e-01,-1.058388430887550330e-02,3.928976712118936732e-01,4.581729722990946496e-01,-3.476219396097331160e-02,-3.320762338609841158e-01,2.701308570044520518e-01,-3.584937547462656027e-01,3.963422406691831101e-01,6.039348547351895968e-01,4.908496617182935839e-01,-4.074967006608984366e-02,1.934701994474087028e-01,7.881846240636621870e-01,1.690656236185181238e-01,-4.181970139985651813e-01,4.430507060669143238e-01,6.659229687344204729e-01,-4.427817921991266115e-01,-3.800419328345171488e-01,5.509795152726255640e-01,3.493557329347041218e-02,-4.097711645776881406e-01,6.710854798732931448e-01,6.329102624238174268e-01,-1.661292859271508437e-01,8.777000500543334915e-01,1.653708460443030215e-01,-7.331653521013071773e-01,2.222555180462028324e-01,1.000000000000000000e+00,5.583755008839840217e-01,1.955931525268590765e-01,7.039105649724280989e-01,4.658493883280969139e-01,1.077979316726348363e-01,3.234547127498750285e-01,4.549229608935956293e-01,1.237245642344246034e-02,1.149030575791226000e-01,-6.013863059415536227e-02
-3.336054027528591037e-01,-4.013143199159217578e-01,-4.757228399892349802e-01,-5.339114953550230247e-01,1.995877686251789351e-01,1.427286363724331875e-01,-2.864861096358500281e-01,3.653282814090786923e-01,6.240986695046051302e-01,-1.015962176690316798e-01,-1.308231847257383118e-01,6.260558053189381189e-01,4.156601554061923331e-01,-2.707520520499369088e-01,5.580397180529293732e-02,7.162444540464100173e-01,-2.072277377906128204e-01,-3.634633433669158808e-01,3.662980993237761607e-01,-6.346222544031725199e-02,-5.815899863693779759e-01,-2.460322923061919187e-01,-1.590639387594072474e-01,-4.044142391586726948e-01,-4.890610919985948768e-01,-2.311409318738336105e-01,-3.884663417423482312e-01,-4.806884577465071473e-01,-4.042270449726867443e-01,2.134358535353760578e-01,-7.020879136766342010e-02,4.159533212852453699e-01,-2.526995991480234238e-01,-2.806803059265250977e-01,4.606484690056693587e-01,2.385950666703033074e-01,-4.480890056067545757e-01,1.167324991006313539e-01,3.822519955324764629e-01,8.819262090179920410e-02,-1.657067865571622001e-01,1.467946401403970313e-01,3.872478945017481244e-01,2.837504365387578109e-01,2.355470777245326219e-01,-3.553358177105656046e-01,-2.039352127273207360e-01,2.069908058904256776e-01,-3.179300926275545613e-01,5.210397587182481749e-02,5.237667850906436717e-01,1.973651055436209667e-01,-5.889425327858439640e-01,-1.412682678195057717e-01,-6.062534630987959083e-01,-2.051520116811009903e-02,4.305216755552894181e-01,4.415185871397716011e-01,-4.097016310336117351e-01,-2.050410483413541152e-01,7.194191103469039783e-01,-1.545368962790203693e-01,-7.923472353471426866e-01,2.033406087785410710e-01,2.637239137043750903e-01,-7.312008253584015849e-01,-5.224557866857899580e-01,3.616669449236771250e-01,-4.219085332639196384e-01,-5.234996695908261666e-01,6.141088243976529082e-01,4.793979152343819661e-01,-6.579483706604325466e-01,3.531210033440757567e-01,5.725317010726914679e-01,-5.459986217889307714e-01,-4.955480842237171557e-01,5.583755008839840217e-01,1.000000000000000000e+00,1.609475531067951770e-01,1.517950548380028464e-01,4.092956611109677678e-01,5.064014724571718196e-01,2.814023650510109054e-01,2.252956922983984922e-01,5.279915383986612254e-02,-1.918430779632427363e-01,-4.844844370244182075e-02
-5.537160593983202483e-01,-4.277963644754283479e-01,-1.109597009279924967e-01,-9.072936277155180945e-03,4.726176811611846329e-01,6.497658001845887377e-01,2.604191090029784883e-01,-3.363436380023991368e-01,2.823041769787430488e-01,6.786939063448891307e-01,-1.232797393999740393e-01,-2.306179028440819567e-01,6.437289569478431561e-01,3.607942564575259414e-01,-4.362732368091764568e-01,4.066982652827400568e-01,5.874117529151220429e-01,-1.959697135306361637e-01,-2.880179587490598880e-01,4.155548635261257506e-01,-2.659127945118755498e-01,6.958782144147019899e-01,-2.910440410716801096e-02,-7.456176369180742558e-01,1.686085770327144517e-01,5.682781876743060456e-01,-5.554122732795307993e-01,-3.563014115523207015e-01,-5.511275752678765905e-01,2.117537051770475021e-01,6.832756113532020281e-01,6.164599416665359488e-01,3.302940830697513319e-01,-3.172017558669649739e-01,5.119665238858714384e-02,6.105736994325633438e-01,4.849341173439324776e-02,-1.737454776324198480e-01,1.300087041578431024e-01,3.416165492604998355e-01,-1.861377121586452188e-01,-3.470779521356865405e-01,2.179402839234058642e-01,-3.942199787475721418e-01,2.198283211252217706e-01,-2.233830025626132865e-01,-5.373865388218814765e-01,-4.753734124467396960e-01,-5.197621975811153039e-01,3.862389622946995060e-01,2.175121763543288456e-01,-5.533927327036899380e-01,-5.344808931396843876e-01,-1.077867557467412918e-02,-5.919786515680031114e-01,-2.991919896832909154e-01,5.553297596272258607e-01,-2.417564728984782085e-01,-4.476608559002617782e-01,5.275084858499831109e-01,2.800410889417860871e-01,-6.858382672248684031e-01,-4.643385454967519782e-02,7.803901458106117239e-01,-2.837954315456143739e-01,-5.668936951757289622e-01,5.085788742344582447e-01,6.282388723662685193e-01,-2.902524541509286515e-01,3.901602946281710893e-01,6.446605806066910693e-01,-3.034104229226559091e-01,-4.733005827457009151e-01,1.020116026774324502e-01,-2.572777274129922076e-01,-6.315295884990355102e-01,-2.464488213897853275e-01,1.955931525268590765e-01,1.609475531067951770e-01,1.000000000000000000e+00,5.293288720491529792e-02,-5.184065199688163705e-01,-3.583695232966110922e-02,-2.095366128717676968e-01,5.194348663241539210e-01,3.642438695872781129e-01,2.244394988959634574e-01,3.321595414695747150e-01
-2.831632987824803660e-01,4.960596468746401588e-01,4.023796919716246534e-01,-2.950570597868016898e-01,-3.939556100058212995e-01,-7.387749844643339003e-02,-6.678059387392333290e-01,-2.930821109443634831e-01,3.779373920567005163e-01,-2.503202808276112079e-01,-6.590406004407605156e-01,7.333458679791093893e-02,1.164398036876245907e-01,-5.897294766884728645e-01,-4.426079041487679944e-01,-5.619466864684797419e-02,-2.201547868249555673e-01,-5.589019001995189084e-01,-1.839896413537608355e-01,-5.912034003917556735e-01,-5.049996817776174485e-01,-1.734414719910764846e-01,6.516540165915936100e-01,1.201595418659512707e-02,-6.051390650839013619e-01,2.587673499782040532e-01,3.929112526858929977e-01,-1.567785800403115881e-01,2.764386221764737472e-01,4.880727427229692439e-01,-1.588822587446347967e-01,-2.531968905993361996e-01,-1.064463044040028089e-01,-2.144864674835616214e-01,-2.098213865000962686e-01,-1.878404160131652290e-01,-2.527316046948291373e-01,-4.287606488483677869e-01,-1.716847422527864042e-01,-3.465166354537316806e-01,-3.409494037367475361e-01,-4.668023293075552332e-02,-5.888500399294516879e-02,1.810513588751032910e-01,-3.280665721876070418e-01,-1.408609366925994144e-01,3.078387200960001069e-01,1.744514327693355571e-01,2.199510542717579009e-01,1.886646524248072332e-01,1.460439836750962450e-01,-8.642988205067936303e-02,-5.949868297991094818e-02,1.827481139570510393e-01,-2.387674192986308577e-02,6.207847421547181277e-01,2.755009196613640854e-01,3.387201578395405144e-01,3.979320917346808595e-01,2.496860915036752393e-01,4.173357159203354150e-01,4.148614868264658417e-01,-2.030345288393094368e-03,2.522451138403118409e-01,6.794737385473545999e-01,2.704944509225340118e-02,-2.410379320392786184e-01,3.716612172977505346e-01,3.270055479943595467e-01,-1.791211703970148339e-01,3.377678711585039850e-01,4.737957345517989083e-01,1.995445554833397417e-01,6.152030740996944358e-01,-1.176151724289626194e-01,-3.547694421801537157e-01,4.695280818950888224e-01,7.039105649724280989e-01,1.517950548380028464e-01,5.293288720491529792e-02,1.000000000000000000e+00,5.372199872971522572e-01,-3.608303938375090076e-03,4.261103311127876769e-01,3.158588709862365507e-01,-2.061092331814559087e-01,6.795571054274869571e-02,-1.320307790372338419e-01
1.105746007909578776e-01,3.591505377302353086e-01,4.221559518894861529e-02,-2.820573261578904756e-01,-3.418577332793332757e-01,-4.245865598444242273e-01,-5.657528192809917478e-01,2.036660574595546558e-01,2.210217088887347081e-01,-5.716186519966472979e-01,-2.713518456211126417e-01,4.022056899424872878e-01,-1.602718980013067285e-01,-5.842650896332614030e-01,6.448052975966124534e-02,-5.107442053293528676e-03,-5.377227999780819223e-01,-2.736481725295004108e-01,2.495593698650150349e-01,-5.614849592257481481e-01,-3.032152684248484165e-01,-6.134106465758131232e-01,2.624193903034697795e-01,2.992729196556976889e-01,-6.034336424625212913e-01,-3.258368004272469420e-01,3.830202846724835020e-01,-1.053156063812925140e-02,2.827196512513344695e-01,1.797511756908152236e-01,-4.753474928219478257e-01,-3.092507287523720838e-01,-2.640728040764843687e-01,5.218552159207946739e-03,4.723596964155468703e-02,-3.134303080871785330e-01,-3.338200644836685771e-01,-5.911856525214065350e-02,-2.140608446157018022e-02,-3.667517086539079374e-01,-1.445967920869307977e-01,2.652792610421435548e-01,-2.897367456723771995e-02,4.119897516573975960e-01,-1.545328777657857811e-01,-3.584803512551556354e-02,3.580545750356224355e-01,4.454306866878482984e-01,3.092668784588353259e-01,-1.640207550317503982e-01,7.688641362675240065e-02,3.237467937644273874e-01,3.757874547730752357e-02,2.255002296380901119e-02,8.273078827703891913e-02,5.348145045731693692e-01,-5.503039558371481538e-02,5.138394176382105050e-01,3.266980595735535231e-01,-3.204950133858907035e-01,3.199628880525901553e-01,5.476629487081207115e-01,-2.882540226113551318e-01,-2.749723934585894258e-01,6.090795765371548320e-01,5.584327598645462409e-02,-6.686725205291452756e-01,-2.535236188626006568e-02,1.611729330836710605e-01,-4.899934370369120606e-01,5.153028098221412029e-02,5.792351538899774832e-01,8.962872708580776893e-02,3.588809446041412166e-01,2.696485825710546180e-01,-4.622160160935126494e-02,1.594131252792132802e-01,4.658493883280969139e-01,4.092956611109677678e-01,-5.184065199688163705e-01,5.372199872971522572e-01,1.000000000000000000e+00,4.385472440238976644e-01,5.527858113042927179e-01,-4.988372752392188775e-02,-2.834128371565917681e-01,-2.346798634297960484e-01,-2.333329677075667574e-01
2.127657101315071162e-03,-1.600132987512571103e-01,-2.377946230062293054e-01,6.423995374264773739e-02,1.854818428435580924e-01,-6.107812963208227031e-02,8.623556732026989302e-02,1.344705489294273359e-01,2.625782573544898496e-02,3.856677545631742587e-02,1.327853626932991304e-01,1.106908143146995288e-01,1.068686232373783629e-01,1.030942002850299827e-01,1.274190848532841536e-01,2.065689593070250130e-01,-1.013244942688314998e-01,1.056185417843405472e-01,2.218123068024207278e-01,9.531397847254709232e-02,-1.002898598149461196e-01,-5.504651815484460503e-02,-2.174444444078690031e-01,-1.552162227673566375e-01,-6.870957852883671779e-02,-1.570327419916934530e-01,-1.620401073491017641e-01,-8.515551593604252234e-02,-2.689547666492246303e-01,-3.551974968067320160e-02,1.167149528058501196e-01,1.825412099982704206e-01,1.358515954617290911e-01,4.737949592617108491e-02,1.158570171849498537e-01,2.020891176804387179e-01,-8.360748104987909823e-02,1.263666398430651761e-01,9.858273666716599326e-02,1.023491918068690498e-01,-2.027477057538954602e-02,-2.101979547775044768e-02,6.506192634363497374e-02,2.589913213769782022e-02,1.902057519913995520e-01,1.172879139062494268e-02,-1.561578256427395561e-01,-1.587342878235452684e-02,-1.027470287255231873e-01,-9.397766881545160933e-02,7.674084149451143588e-02,6.967676777089910900e-02,-3.288658220598549287e-01,-1.454636829874862702e-01,-2.481637889301902267e-01,2.176059832842364497e-02,7.630932113023522478e-02,8.544302955147951850e-02,-1.581576121896461629e-01,-1.504719147757026809e-01,1.591941811137511653e-01,-1.563444777441237721e-01,-2.301372674488177950e-01,3.860301843563861569e-03,-1.726295151756773033e-02,-2.556059776970651676e-01,-1.810009376381816470e-01,1.258565409389148515e-01,-2.634239467555106740e-01,-8.350837056111994061e-02,2.359646816605414366e-01,1.920333150294846816e-02,-3.839729749853336704e-01,-7.297999569341333259e-02,2.039750011352532422e-01,-1.600500416198651077e-01,-3.842452281515887913e-01,1.077979316726348363e-01,5.064014724571718196e-01,-3.583695232966110922e-02,-3.608303938375090076e-03,4.385472440238976644e-01,1.000000000000000000e+00,2.498460983348534392e-01,3.298788984872098873e-02,-4.329797810214419673e-02,-3.667561626654556872e-01,2.139911962149471797e-02
4.490249041453084344e-02,2.269677113730562967e-01,-7.498421729219927057e-02,-2.709304329664733446e-01,-2.429093374463341115e-01,-3.307491421935457865e-01,-3.723372967499745112e-01,1.984402664798635418e-01,1.528702026659674029e-01,-4.212160927042189473e-01,-1.373830273394649470e-01,3.296742847118355746e-01,-1.859812724226380942e-01,-4.020080209275361249e-01,1.422630536272433688e-01,9.384042606216259907e-02,-3.035009699172871445e-01,-1.834052357153628521e-01,1.232100084581837646e-01,-3.453084202201205932e-01,-2.136802044877860740e-01,-4.111051018329982543e-01,1.177115161145289302e-01,1.864072418283926891e-01,-3.804098313793440878e-01,-2.701246190852750750e-01,1.708424575346148555e-01,-8.966850632488777839e-02,1.498738352192009460e-01,-1.088110942829231473e-02,-3.827284799611812560e-01,-1.711328001432748380e-01,-3.328913243086034646e-01,5.025074079740440847e-02,1.496787190784254484e-01,-3.574177454275945798e-01,-3.052211043965371018e-01,-3.101448179547868292e-02,-2.801142414694399868e-03,-3.361193385444856130e-01,3.299738059342342822e-02,1.979723549550413964e-01,6.848895640633180515e-02,4.467290513452504830e-01,-4.928323852105095937e-02,-9.342714352146902490e-02,2.057977556185615897e-01,2.372613721184712587e-01,2.376827192826688195e-01,-4.282669129885403880e-02,2.189515545813046915e-01,3.619972883737078151e-01,3.529134537246806508e-02,-2.027716350479885285e-02,-2.616648760789348771e-02,3.002116384236297453e-01,2.308612491688953258e-02,2.537660145808678380e-01,2.130086261627256450e-01,-1.500174405842631953e-01,2.333713428979388715e-01,3.344968256682283592e-01,-2.422619353811303333e-01,-1.613901031571383926e-01,3.832522329656581905e-01,-1.060640787713535912e-02,-3.708012923623842938e-01,-6.583291114789985299e-02,-4.424740848537701138e-02,-3.799481831927107311e-01,7.320161769184051204e-02,3.867415392342998248e-01,-5.046717222792986013e-02,2.500435375638595525e-01,3.642605806971132010e-01,-3.780238136570573254e-02,9.976357126137178760e-03,3.234547127498750285e-01,2.814023650510109054e-01,-2.095366128717676968e-01,4.261103311127876769e-01,5.527858113042927179e-01,2.498460983348534392e-01,1.000000000000000000e+00,2.867701206109526946e-01,-1.899673545133366837e-01,-2.574081879814188456e-01,-2.363739872339562231e-01
-5.293179124473698094e-01,-1.354779606966159400e-01,-8.301140080968247292e-02,-3.680307162330027637e-01,8.640199953616967132e-02,3.483060287223113116e-01,-1.634878109162655191e-01,-1.327982369932918516e-01,4.861617005546471360e-01,2.109431467848421893e-01,-3.225242661900356578e-01,1.294112793135995254e-01,4.827331759956245416e-01,-1.244233721301726547e-01,-3.525019620254532526e-01,3.414360376433343558e-01,2.471209690972458461e-01,-3.560961950071627191e-01,-1.979806640031962772e-01,-2.229104289293740854e-02,-4.099715489119114542e-01,1.978106985561653985e-01,1.443632960657669217e-01,-4.097521676194872398e-01,-2.172944614353980175e-01,2.560695517817189737e-01,-1.919479209251170604e-01,-4.020710371923725823e-01,-1.665621332949603906e-01,2.907442752345593684e-01,2.073554912383734072e-01,2.735023381377943430e-01,4.954844813137539855e-02,-3.379863669664178172e-01,5.397111019503871010e-02,2.567808920261104300e-01,-2.460306451696128438e-01,-2.544423566958254890e-01,2.051106286977214810e-01,2.448379289418231575e-02,-3.091910631495169981e-01,-1.898118895660958760e-01,1.073130871935828873e-01,2.121485463843865871e-03,-5.461463698879263223e-02,-2.660693554490928814e-01,-9.987281727534556841e-02,-1.345102679977881466e-01,-1.645762809367724844e-01,2.929282010720260510e-01,3.069062061211931813e-01,-2.269934556660050951e-01,-3.066710931521857142e-01,1.859618676937829229e-01,-3.597125479153596150e-01,-3.380464415423767559e-03,4.115339188623433619e-01,1.731896991856098911e-01,-1.954671794590888134e-01,2.017122022743101095e-01,4.283795060023831702e-01,-2.224700409266847367e-01,-2.055391416036058683e-01,4.713342191486180055e-01,1.255162334765012044e-01,-4.191439953771810556e-01,4.024554250256451998e-02,4.425387979864733312e-01,-9.137356481042713252e-02,3.758468785409405793e-02,5.113266860898427746e-01,9.220283258092223933e-02,-2.325701555688761135e-01,4.228466766685893274e-01,-7.372447588119729334e-02,-5.680944942834258438e-01,3.144860120395532449e-02,4.549229608935956293e-01,2.252956922983984922e-01,5.194348663241539210e-01,3.158588709862365507e-01,-4.988372752392188775e-02,3.298788984872098873e-02,2.867701206109526946e-01,1.000000000000000000e+00,3.865000477919238731e-01,2.568726674007540400e-01,2.601510639389863488e-01
-2.211328831381930426e-01,-3.081323613245426363e-01,-1.780664379874075387e-01,-5.492128220511172110e-02,2.373525072808183589e-01,2.761045010955905932e-01,1.606453841811372463e-01,-3.165980569051184417e-04,1.956818409058599106e-01,2.756302974777872228e-01,1.874536237092658264e-02,2.588170854001824867e-02,3.418775076298735116e-01,1.541525277157219098e-01,-1.491422046842092453e-01,2.094302779606052878e-01,3.760419406590329583e-01,-6.203599951881100250e-02,-1.167695099822296384e-01,2.658339950968740539e-01,-2.123546502285112228e-02,2.900313688899820996e-01,-1.702515230109649114e-01,-3.100224236388400834e-01,1.678995109619303150e-01,1.334418761118276175e-01,-2.895639072756125976e-01,-2.328803214801786203e-01,-2.117663618584063601e-01,3.768654860478155844e-02,3.469614384462244017e-01,3.355385392535635836e-01,2.472065071516150181e-01,-2.575704427122591511e-01,1.157077954313132789e-02,3.719090458216146589e-01,-8.105760327192988723e-02,-9.981043428957719899e-02,2.317944483778819065e-01,2.369440001481114555e-01,-1.065332689339033440e-01,-1.626723286229213306e-01,-1.105718835102807544e-02,-1.788783062626616016e-01,1.610821639059769532e-04,-6.012376463334936222e-02,-1.259686807705044098e-01,-2.028417020201518928e-01,-1.802581282357486880e-01,7.748254834108680988e-02,-4.905949002192432767e-02,-3.098237376669302767e-01,-1.457358446134353058e-01,2.123596062941832951e-01,-2.276503602632642953e-01,-2.493805417746648989e-01,1.401486482350624840e-01,2.678960528638679034e-02,-2.908669648581587164e-01,2.569065487171626888e-02,1.079732513568332913e-01,-3.495802110260621265e-01,-7.851637842903795572e-02,2.847080823264471761e-01,-1.957586671083094698e-01,-3.096264909806282772e-01,1.387867385982141100e-01,2.540926388331832264e-01,-1.163798010851079534e-01,2.108395686645001543e-01,2.386209631205805648e-01,-1.909855275444747036e-01,-1.988828413549541818e-01,6.885423145207515173e-03,-1.709752562259842512e-01,-2.791468645914967350e-01,-1.209886034753406420e-01,1.237245642344246034e-02,5.279915383986612254e-02,3.642438695872781129e-01,-2.061092331814559087e-01,-2.834128371565917681e-01,-4.329797810214419673e-02,-1.899673545133366837e-01,3.865000477919238731e-01,1.000000000000000000e+00,4.104447134536212682e-01,4.959977710964536546e-01
-2.267415058585632304e-01,1.081628778867390998e-02,1.030370631735652437e-01,-1.293791523630160867e-01,1.685821520997988349e-02,2.425583306283890517e-01,-5.367860202444255102e-02,-1.661448197729566700e-01,1.571077047969260398e-01,1.449383633950660499e-01,-1.837150806304165829e-01,-7.231409522187134953e-02,1.950181849770615261e-01,-3.576343782427728046e-02,-2.456611132508030315e-01,1.425386024842593968e-02,2.173685275289370666e-01,-1.876927653924953254e-01,-2.109793907431570248e-01,4.461975441010963134e-02,-4.734238440282927812e-02,2.094093177430020603e-01,1.073157902642954131e-01,-1.235446294063607675e-01,4.850980966173102510e-02,2.192870297079065334e-01,-1.100277731280792197e-02,-4.086815405859951095e-02,4.992478016142185004e-02,1.493448932824185116e-01,1.351163136975907786e-01,2.785052395113271975e-02,1.095424501758668345e-01,-1.841314562156680656e-01,-1.362823135940777197e-01,1.219636568808323690e-01,5.761212327824768997e-02,-1.625198474953407912e-01,-3.754276697502172133e-02,8.687456535931929735e-02,-5.018927187162958159e-02,-1.116162343483829006e-01,-1.235645097061305320e-01,-1.661039597705903370e-01,-1.443044675489178474e-01,6.513977536260456835e-03,6.299408497506578386e-02,-6.959572016425158436e-02,-7.600302344880867367e-02,1.091783455417169313e-01,-2.946536069610440969e-02,-2.371627174914736624e-01,6.171308851097527873e-03,1.696519776190417439e-01,1.157523709399802827e-04,-1.136459125844832690e-01,9.571801569534700571e-02,-3.917223761477892779e-02,-5.923151470526660800e-02,1.984994465981096967e-01,3.191017790620639255e-02,-8.832106092779802575e-02,1.030851972422454216e-01,2.447401955069024304e-01,-6.653650481177459525e-03,-4.369968043434448168e-02,1.818010366346658746e-01,1.820270953268368352e-01,9.804554753974112358e-02,1.621598787066661496e-01,1.020332297167227675e-01,-7.464276078980398854e-02,7.952159864098615194e-02,1.421045504828115369e-01,-2.281729838979911773e-01,-1.633976361759239826e-01,1.840030679823194959e-01,1.149030575791226000e-01,-1.918430779632427363e-01,2.244394988959634574e-01,6.795571054274869571e-02,-2.346798634297960484e-01,-3.667561626654556872e-01,-2.574081879814188456e-01,2.568726674007540400e-01,4.104447134536212682e-01,1.000000000000000000e+00,4.445784871024607843e-01
-1.575325639554921719e-01,-1.382780719032385142e-01,-2.801742780019395723e-02,9.437778297907470360e-02,2.168600265732165411e-01,2.220671264249703958e-01,1.973203874089442533e-01,-1.558811369720820017e-01,9.207461769916876898e-03,2.909640721126536267e-01,6.216723825072763970e-03,-1.745671357601497886e-01,2.294184259625715039e-01,2.010084348855842307e-01,-2.076929969534233589e-01,5.569878921676384154e-02,3.040087468910335211e-01,-3.127454379058312167e-02,-1.645909655239980174e-01,1.850289723437560929e-01,1.627265664088500124e-02,3.254164507583440780e-01,-2.580682084426181438e-02,-2.370222621239705674e-01,1.652355012193319483e-01,2.360065513526731495e-01,-1.511161330215142484e-01,-6.701113053445252599e-02,-1.295511200280627384e-01,7.166710909976989341e-02,3.890365176410489623e-01,2.051253070791950461e-01,3.834156564189360461e-01,-1.466893405259780125e-01,-1.540241203523155245e-01,3.367136692679082999e-01,1.019877996253923252e-01,-1.155557098348024697e-01,1.686734179051015614e-03,1.971866669173636955e-01,-1.066160898102099935e-01,-2.277274790654528203e-01,-7.418809995350263142e-02,-2.772126818668492754e-01,-3.585594581495039901e-02,-4.505974364069444127e-02,-1.337809131681034769e-01,-2.577445448752181956e-01,-1.222103225683716099e-01,8.114351869234193160e-02,-1.190196183547240633e-01,-3.119296812643774230e-01,-1.242597725179741125e-01,1.042217471049568800e-01,-1.558856731658377071e-01,-1.173577081780834835e-01,1.411614255922741534e-01,-8.634978877044957590e-02,-1.388968122497205304e-01,1.928038116414260983e-01,2.499190785219636973e-02,-2.752542823750764867e-01,9.869654760143853345e-02,2.990082112832597727e-01,-1.548339618500793602e-01,-1.530739107851842862e-01,2.343359799406600774e-01,2.528181967072998804e-01,1.543006185540603779e-02,2.702141750913039098e-01,1.231622634373627512e-01,-2.241806109005533287e-01,-8.443489190879187312e-02,-1.025395189774092053e-01,-2.879639753559446458e-01,-1.495546218771623970e-01,-5.903876694075525094e-02,-6.013863059415536227e-02,-4.844844370244182075e-02,3.321595414695747150e-01,-1.320307790372338419e-01,-2.333329677075667574e-01,2.139911962149471797e-02,-2.363739872339562231e-01,2.601510639389863488e-01,4.959977710964536546e-01,4.445784871024607843e-01,1.000000000000000000e+00
