1.000000000000000000e+00,5.986160450863398097e-01,2.790777031855221635e-01,-5.697642362590888965e-01,-5.894290826053836252e-01,-2.277522724541530541e-01,-1.971721695893233484e-01,-4.500379268917084064e-01,-4.412159200246433821e-01,-1.730047659718498276e-01,-2.241899885892216504e-01,-5.278097121052851559e-01,-3.213912507403797747e-01,-2.622271046764382829e-01,-4.390780755157754900e-01,-3.894988570848021969e-01,-2.602008190052902958e-01,-2.815282655369064080e-01,1.457303840749178125e-01,-2.188319759369067030e-01,-5.743747020884876209e-01,-8.921867296570382133e-02,1.905492840113711672e-01,-5.885509697153984421e-01,-4.400508423016671888e-01,2.083643750397040639e-01,-4.777455937520584950e-01,-4.456267803056330190e-01,-2.372820279655919185e-01,6.800864959246169517e-02,-4.983249382026293944e-02,-1.798692005709454367e-01,-4.775483115760999486e-01,-4.206771146756430046e-01,1.776552430282367367e-01,1.516461253133862819e-01,-6.836323964282947641e-01,-1.785088407371840658e-01,3.702305143004833848e-02,-2.628735270870164453e-01,5.879079786882560055e-02,4.606422653105706200e-01,4.712389663463003586e-01,6.177765432274106017e-01,1.235422959743668475e-01,-3.068109085654644463e-01,1.625452017938936594e-02,6.056658651912912861e-01,-3.379763783812304023e-01,-5.183525413423508699e-01,5.087853514091130736e-01,3.304009092998876906e-01,-6.082238595922020430e-01,-1.520703668986076174e-01,-3.232497727933444365e-01,5.205183948094870283e-01,5.346337854645050180e-01,3.230398138612135539e-01,1.738224180517492293e-02,4.041266534898534379e-01,5.665996211603089305e-01,3.531162907183697103e-02,1.232871462257353889e-01,5.255033651252976057e-01,3.456419144858321468e-01,1.008352889053246576e-01,3.814516486250454919e-01,4.664306016504746188e-01,1.451991731398177277e-01,1.982269367703122509e-01,5.011192378187262486e-01,3.419188310577320755e-01,1.542179787671099644e-01,4.092411508184375935e-01,4.941092910907743940e-01,1.036518554505066192e-01,3.556648585002531449e-01,5.996128918745313729e-01,3.392463297274854739e-01,-4.910356258850785416e-01,-4.629308610596283118e-03,-8.342176878562811149e-02,3.221595671856326559e-01,3.337276123940751127e-01,3.815426601611463520e-01,4.065099805589128534e-02,2.314619652811234773e-01,-4.463929903721747944e-02
5.986160450863398097e-01,1.000000000000000000e+00,6.791538791453782808e-01,8.008211111121642245e-02,-8.399349564583832306e-01,-4.920986120709866518e-01,4.826897129394903674e-01,-1.671959991494566533e-01,-9.336750843737197103e-01,1.390308737154237820e-02,4.781146327270202057e-01,-6.629148292481187310e-01,-6.752876083600154455e-01,3.187357568540932218e-01,-1.090337051015898839e-01,-8.688862492749267474e-01,-3.454236033483397139e-01,-1.930387720731322476e-01,-1.866529640576093940e-01,-5.665758901911178702e-01,-3.486968138604528145e-01,-1.680248932862564160e-01,-2.967043590645015438e-01,-5.597347194366619760e-01,-1.115181898516867665e-01,-2.422598274454639683e-02,-6.897393573596729555e-01,-1.911027372067967967e-01,2.853572225553816510e-01,1.966431406069805710e-01,-1.152272912002509642e-02,7.606904569971131846e-02,-2.490002299716113088e-01,-1.492517677024282341e-01,2.571026690916704549e-01,1.779766464994724240e-01,-4.266911758182547754e-01,2.091239090237839021e-02,2.629967269464815183e-01,3.160024522860015450e-01,9.876747105963945908e-03,2.013706328646962807e-01,1.240387660801988839e-01,2.606429313583903395e-01,-9.718452677495373337e-02,-6.648928039209370255e-02,1.278168127972515999e-01,2.087593518215542787e-01,-3.956967787955530391e-01,-4.892561107074229754e-01,1.920083691426125450e-01,4.663075474159839029e-02,-5.876181426299840194e-01,-5.415551480027553932e-01,-4.216922367429830065e-01,5.395479504582140207e-01,1.683180135723871818e-01,6.850277524808532359e-01,3.364835842691670242e-01,-3.476438598918536044e-02,4.582162925321940361e-01,5.935451871457960715e-01,1.535405098366320886e-01,7.057893803434657758e-04,5.151902146422125961e-01,6.551964319873243570e-01,4.680105912542347618e-02,5.666416192708279009e-02,6.397929236819234200e-01,4.602046954147221980e-01,-8.143599155585638794e-02,2.720044957598489188e-01,7.474642468701896414e-01,1.807819659879811858e-01,-6.095011284773418914e-02,4.879091198147865183e-01,6.725263582563798526e-01,3.498721551186065315e-02,-8.626120649037295751e-02,-8.306237304920586206e-01,-4.279059329747118834e-02,2.551282254931356297e-01,7.800235671864669262e-01,2.476156484561645443e-01,-1.491874300460939162e-01,2.913397060715329154e-02,4.795000457892228396e-01,1.162051445946714057e-01
2.790777031855221635e-01,6.791538791453782808e-01,1.000000000000000000e+00,1.189815675701127451e-01,-9.027250886710349587e-01,2.109592800778221644e-01,7.438561024234907615e-01,-5.556227993478722871e-01,-6.384348853254726563e-01,7.024684443230589936e-01,3.285838150645670197e-01,-8.816438756493240048e-01,-5.682007385588749848e-02,7.196701575697148634e-01,-4.462033354449818079e-01,-6.831434625345171874e-01,3.281709862831812541e-01,-2.567648130963603448e-01,-4.268324582490974906e-01,-5.960547078121759129e-02,-6.578129203472595811e-03,-5.423262489884529414e-01,-3.166913249568729105e-01,2.402575417008866177e-02,-1.567366226263483819e-01,-5.559837296725703704e-01,-4.101252907029570016e-01,3.725416742487124289e-01,4.216692824424809749e-01,-3.428469587904731108e-01,-1.997769463629715525e-01,4.819667241885262077e-01,-1.168026038986828136e-01,2.635886104395791518e-01,1.088843737483041196e-01,-8.310041898203943123e-02,-7.749094110272043701e-02,3.231851140530226374e-01,1.323239140509067935e-01,4.697902178232079007e-01,2.079931600114421908e-01,1.232107068505594039e-01,5.495299705290405262e-02,2.032701134099867274e-02,-1.522572575310403020e-01,-3.351523811285672672e-02,7.293245750219597145e-02,5.135121895229453892e-02,3.663194816915171792e-02,-4.255263992538435569e-01,-2.575119284715817747e-01,1.617723699348249666e-01,-1.115314438749416825e-01,-5.956393433479961752e-01,-8.859815258182031361e-03,6.169104549091101175e-01,-2.330720160487487758e-01,2.704543507243545308e-01,7.087087298843158800e-01,8.908036473543801126e-02,-1.467260737071351129e-01,4.968101561589113313e-01,6.074270431948095572e-01,-2.023274422317337118e-01,-1.092303477873229484e-01,7.626106065969513459e-01,3.588205819218470150e-01,-4.773528777382216037e-01,2.176331112794104017e-01,8.381906791841848836e-01,-8.376096542277698676e-02,-4.203408556634056770e-01,6.724140082826552955e-01,5.485368951124092174e-01,-5.231837550653188895e-01,-7.101807684652168551e-02,8.569786740986284901e-01,-5.132700346811779751e-02,-6.010956658865770352e-01,-5.164651059604320471e-01,5.067323960402200234e-01,7.194680313678449846e-01,5.525220610277460365e-01,6.036006534019935366e-01,-4.086329108786334596e-01,-4.903927207819189227e-01,1.262753702396759159e-01,-3.231811331634115159e-01
-5.697642362590888965e-01,8.008211111121642245e-02,1.189815675701127451e-01,1.000000000000000000e+00,1.274937973111053002e-01,-2.916311700864578360e-01,7.149445022501433877e-01,6.528252223737279758e-01,-2.791510207853001857e-01,1.093966538138636813e-01,8.620355080213266685e-01,2.562826294750967793e-01,-3.087168284511501715e-01,6.047882597271873051e-01,6.901441648407944385e-01,-2.561164221872737068e-01,-1.193525915509262014e-01,2.954832710073488355e-01,-2.356561521220421618e-01,-3.220046342042847121e-01,4.570317110298220964e-01,1.675003220193778952e-01,-5.449740581593767175e-01,2.658165075601272576e-01,6.012647294006532306e-01,-1.969601012194049094e-01,4.579041733420569776e-02,3.857561019230544286e-01,6.494899753017471244e-01,2.192153192870253398e-01,2.432189320853093625e-02,2.767721372804791691e-01,5.108599369670154822e-01,4.383758757580042409e-01,-3.794956492603524661e-02,2.900117897632783007e-02,6.089192661241218385e-01,1.815961541189833328e-01,1.633604905759445391e-01,6.940934765821250574e-01,-4.986174933878975701e-02,-5.178030516554481544e-01,-6.162060287680736215e-01,-6.936727255524308688e-01,-2.876181721134277725e-01,4.404761789236577019e-01,9.013617359805477236e-02,-7.491704908719953870e-01,1.359340493866977549e-02,3.597313752233197715e-01,-5.008445544301810548e-01,-5.559758720906353702e-01,2.637869260037201125e-01,-2.773412555221989040e-01,-4.515406272058192921e-02,-3.142482421188778630e-01,-6.244269715118464514e-01,2.780259738047809459e-01,1.459658766467021029e-01,-7.254403807292347794e-01,-2.768859859038048099e-01,5.256992962842831352e-01,-2.180131003225839470e-01,-7.716776039591740632e-01,1.286144794875903608e-01,4.092934570044446940e-01,-6.659191591690168943e-01,-5.288299391645395753e-01,4.939878310039458320e-01,-6.260349483259340653e-03,-8.725105138125573978e-01,-8.497799852155610290e-02,4.734860982130350004e-01,-5.779783783832135313e-01,-7.008263634510446538e-01,4.354621553211051599e-01,3.512396417370163698e-02,-8.870213721240391980e-01,-4.418196004412527356e-01,-1.249759981842151757e-01,-2.385520433778562099e-01,2.229231086980774101e-01,3.357735181067574848e-01,-3.930233325847445891e-01,-6.724627982255979575e-01,5.497760634129218726e-02,2.147808409276572850e-01,3.259578319989651085e-01
-5.894290826053836252e-01,-8.399349564583832306e-01,-9.027250886710349587e-01,1.274937973111053002e-01,1.000000000000000000e+00,5.038639233538286938e-03,-5.185841209272139540e-01,6.028271365581168162e-01,7.572990506019978696e-01,-4.369447931416370334e-01,-2.067014758702424293e-01,9.317424229542012881e-01,2.577335982419618476e-01,-4.596727126909899708e-01,5.108520061787928945e-01,7.643557311330645421e-01,-9.224715898335320019e-02,3.259484708562951916e-01,3.005010136248174590e-01,2.081709537047662928e-01,2.736648546184681230e-01,4.690610972071388995e-01,1.988818266993911399e-01,2.992707086202610056e-01,3.005832771467359388e-01,3.210641611636439463e-01,5.814752554740053592e-01,-5.881730823170379374e-02,-2.344439772180642867e-01,1.873129565250456763e-01,1.394685142569644654e-01,-2.737779262412392556e-01,3.133932742893967283e-01,2.216932853293459346e-03,-1.904462695892332469e-01,-1.507568693015490409e-02,3.934418997027227527e-01,-1.731800751179951858e-01,-1.605596810644928096e-01,-2.654259549174604604e-01,-1.502774965529529161e-01,-3.003032349537064771e-01,-2.505265921384601246e-01,-3.074509210834029949e-01,6.740980998584866768e-02,1.624474107567251691e-01,-8.404823892067200819e-02,-3.127452878750389131e-01,1.540373207335256345e-01,5.818562853497916132e-01,-4.382606549757043363e-02,-2.665541799717747184e-01,3.964146439623741358e-01,5.527958220069288942e-01,1.768152532188840276e-01,-7.121664549054707027e-01,-7.999634418936789337e-02,-4.048255214977368732e-01,-5.662314541356311404e-01,-2.236136663215039511e-01,-1.760212468691319809e-01,-4.513268360399996793e-01,-5.176481487708820550e-01,-6.467673624159124557e-02,-1.247236870626253075e-01,-6.808935924891530433e-01,-4.224384617641625539e-01,1.518831839102440795e-01,-3.000536197663511429e-01,-7.498826988351318112e-01,-1.284003804476226696e-01,1.323478401259608750e-01,-6.481176517998457065e-01,-5.827462077823641895e-01,1.922215355473138321e-01,-5.940156216002381168e-02,-8.494581565255934219e-01,-2.006768136555835969e-01,3.225185749184785733e-01,6.684136954153381271e-01,-3.753320731578828062e-01,-5.286405573688862658e-01,-6.158491161424578531e-01,-6.058317113740918636e-01,1.530304165583502018e-01,3.175241588045266128e-01,-2.368718541093894625e-01,2.378878678259474799e-01
-2.277522724541530541e-01,-4.920986120709866518e-01,2.109592800778221644e-01,-2.916311700864578360e-01,5.038639233538286938e-03,1.000000000000000000e+00,-6.578828194048784959e-03,-6.529452967364792748e-01,5.776406509988697424e-01,7.674337543366634984e-01,-5.374046663167320048e-01,-2.445924317443131102e-01,9.287933979138002227e-01,2.150512222348299751e-01,-6.125554570036304547e-01,4.353502902343588388e-01,8.805752385680526428e-01,-1.430157678243414721e-01,-1.693055851533952216e-01,7.847970922750857614e-01,2.991747815097967056e-01,-4.665703654224845343e-01,2.057623035144923729e-01,6.802573229141617439e-01,-2.357221416243391043e-01,-5.477060105392844713e-01,4.146117610749018301e-01,5.644266012416268019e-01,-9.709574132264831015e-02,-7.416646501917407708e-01,-2.163257898167447457e-01,3.801688804751139905e-01,2.398317866877580293e-02,3.496158661205556184e-01,-1.904564864072861852e-01,-3.274316249850126037e-01,2.640627911350661994e-01,2.831972655164748387e-01,-2.474246297806078354e-01,-1.117638539596095271e-01,2.534843558061093405e-01,6.427819297206764648e-02,1.201763659074782387e-01,-8.393721611552709683e-02,4.317928910047508229e-02,-1.117244695606566252e-01,-1.212781059454165478e-01,3.753195386267554889e-02,5.441151854130693577e-01,1.978442253996465922e-02,-3.814471133991093610e-01,3.070506423194925838e-01,5.452842797276045150e-01,1.173641625364757746e-01,5.482372768948500230e-01,1.075251222852556254e-01,-2.841341294168784892e-01,-6.704641472777513878e-01,3.320844067978303560e-01,3.864177270019644173e-01,-6.779437860351504863e-01,-3.782948672111287047e-01,5.788320047762719467e-01,1.893661180712625722e-02,-8.488883961282087665e-01,-1.098623004417924598e-01,5.825803849374777688e-01,-4.588704393280844118e-01,-7.566283932454431760e-01,3.772737836902295139e-01,3.018626237149315550e-01,-8.238369621945710319e-01,-3.601441898519074369e-01,5.988436960764952355e-01,-2.925991188199605908e-01,-8.791344667313660821e-01,1.002335954513028232e-01,1.951148748293248247e-01,-4.398307263246960530e-01,5.363970220980042170e-01,7.313026655313998869e-01,4.163124750954602660e-01,-4.969322890637912216e-01,4.999862105692496339e-01,-3.343174061959816590e-02,-6.170765081806901531e-01,-5.382276829654342176e-01,-6.231973732636266750e-01
-1.971721695893233484e-01,4.826897129394903674e-01,7.438561024234907615e-01,7.149445022501433877e-01,-5.185841209272139540e-01,-6.578828194048784959e-03,1.000000000000000000e+00,3.240896496762911416e-02,-6.031889651340056613e-01,5.918930757832848721e-01,7.882821117460386828e-01,-4.435844014793220436e-01,-2.068742230967120510e-01,9.210622938839693186e-01,1.349907520305934916e-01,-6.281436888447048394e-01,1.875056230360276910e-01,2.765471029953069093e-02,-4.680307802123669925e-01,-2.321885348743958355e-01,3.243363295486588194e-01,-2.798416254727933983e-01,-5.881093486075039678e-01,2.150271283299545755e-01,2.945043655440012231e-01,-5.386260836165442933e-01,-2.452942443352267854e-01,5.416491580435575104e-01,7.293354396311894083e-01,-1.149567042775877096e-01,-1.138465193843826995e-01,5.377128224495802966e-01,2.702788006774586860e-01,4.906445370928811944e-01,4.381655276430177631e-02,-4.895948505017460456e-02,3.690793410214307513e-01,3.541337521549089429e-01,1.943910342796035251e-01,7.883996975983286193e-01,1.076786811730604670e-01,-2.683689814587258415e-01,-3.664429534704369273e-01,-4.497941185215586501e-01,-3.009080918329354870e-01,2.604909468227256664e-01,1.129319012509855807e-01,-4.683222870511955516e-01,4.929683403663243091e-02,-4.407976765271078706e-02,-5.259181066629505796e-01,-2.573476966842215274e-01,1.205591237445932939e-01,-5.923794199616646550e-01,-1.521901632483554402e-02,2.116554806611707085e-01,-5.922070545410458298e-01,3.484757619414401431e-01,6.024712284564558429e-01,-4.184247768940001500e-01,-3.158510562704473501e-01,6.874550417055895757e-01,2.900306507222492614e-01,-6.637180972253647893e-01,-1.858541757529738603e-02,7.986605796057221207e-01,-1.849944852061820577e-01,-7.061177458870283585e-01,4.570435476003739117e-01,5.865518399741749267e-01,-6.399923717091726694e-01,-3.798273927743546219e-01,7.679051920434628586e-01,9.139019674492052450e-03,-8.483303721657043939e-01,2.063896016149792401e-01,6.179974550958363677e-01,-6.273422721107784206e-01,-7.395574745462250021e-01,-4.071195159206064118e-01,2.245135726206700655e-01,6.677178250643335256e-01,5.799939442459733918e-01,1.770996604177975386e-01,-7.250119992214871800e-01,-3.163125417474288992e-01,2.044690056637626097e-01,-2.262573362583925746e-02
-4.500379268917084064e-01,-1.671959991494566533e-01,-5.556227993478722871e-01,6.528252223737279758e-01,6.028271365581168162e-01,-6.529452967364792748e-01,3.240896496762911416e-02,1.000000000000000000e+00,-6.652282861163130202e-03,-6.124147797231279666e-01,5.710176585914211733e-01,7.829558986778909491e-01,-4.958073769130272868e-01,-9.904335822505860865e-02,9.416245339775292100e-01,8.404632201794887125e-02,-5.838633997776061513e-01,4.010807244623771362e-01,1.680749520872161507e-01,-4.498404150940054635e-01,2.000177920481792659e-01,6.010364523662669045e-01,-2.446093146879279590e-01,-7.384747796168804335e-02,5.674512379987513011e-01,3.854720732126255545e-01,1.254646270489295778e-01,-1.592814708474800112e-01,2.235278736413986167e-01,6.105348877526621809e-01,2.011182443001251485e-01,-2.410771639393863852e-01,3.937718692401311338e-01,1.837070577145765923e-02,-2.179272517737599474e-02,1.785115051012758358e-01,3.583579770741664450e-01,-1.644931025272771130e-01,1.112011535210134239e-01,2.285822704652891724e-01,-2.339120347306109793e-01,-4.398583721938373325e-01,-4.948435301196404401e-01,-4.427522086234856880e-01,-1.096033764917599546e-01,3.646589439645946396e-01,5.629759468260755323e-02,-5.338431263312326536e-01,-1.998199700482464203e-01,4.754342991827318343e-01,-4.952047163820258446e-02,-5.687918668433065150e-01,4.723974469352861666e-02,1.145598401117579601e-01,-2.195771048442193840e-01,-6.002456241864704278e-01,-1.821322107428108572e-01,2.551007502978945851e-01,-4.308452987478315621e-01,-6.644612493334228764e-01,1.336971917850088842e-01,1.877391567246519677e-01,-7.053386405557399152e-01,-3.978703650839885975e-01,4.443272212539197130e-01,-1.438241918142358911e-01,-8.628555592684244990e-01,9.150296452857130391e-02,4.610017979527196164e-01,-6.368304146824964596e-01,-6.353232610905149569e-01,4.793802603717158828e-01,3.751925735684055740e-02,-9.180678482253337158e-01,-5.089377213701973268e-02,6.327271901133715293e-01,-5.217562983660279929e-01,-6.176197111660745032e-01,2.186899823828876155e-01,3.752287948822780050e-02,-7.168251128537593830e-01,-4.193325132120163112e-01,7.213984689910828141e-02,-7.799962318668297589e-01,-1.916944061329967919e-01,5.396288870093188805e-01,2.482118553668229977e-01,6.231934401967279546e-01
-4.412159200246433821e-01,-9.336750843737197103e-01,-6.384348853254726563e-01,-2.791510207853001857e-01,7.572990506019978696e-01,5.776406509988697424e-01,-6.031889651340056613e-01,-6.652282861163130202e-03,1.000000000000000000e+00,1.206282420073251545e-02,-6.674809940735871860e-01,5.803142774713677676e-01,7.740063559645509184e-01,-4.230563859246855851e-01,-6.786348419920683328e-02,9.236236767614831589e-01,4.138191214306217725e-01,1.248231327638969490e-01,2.105335746130472252e-01,6.601397782560211036e-01,2.780484021698009234e-01,1.005340782151026291e-01,3.971664892203701225e-01,5.377435809460143767e-01,-1.437908396579203746e-02,2.486687418603986816e-02,6.860379771000484350e-01,1.577161013100867593e-01,-3.974226371470295782e-01,-2.892167730300381212e-01,2.979778278146331906e-04,-8.648390338136477395e-02,1.506684422226558795e-01,8.292396587221788351e-02,-2.289195443499585370e-01,-1.786559460846143810e-01,3.178208689841470758e-01,-3.270622361966735170e-02,-2.852785674182282127e-01,-4.518699102743428675e-01,1.915048857200561672e-02,-7.595880005276767211e-02,1.381083870120858141e-02,-1.372129482539167222e-01,1.671454105908101451e-01,-3.119122547739362067e-02,-1.770159123536002299e-01,-6.003083254159417848e-02,3.938356837273273015e-01,3.879500291573496629e-01,-1.171580123150839786e-01,6.812555409425294362e-02,5.336260210498856571e-01,5.752407767151201945e-01,4.340162475234667361e-01,-4.525183205738868009e-01,-6.914026752641939944e-02,-7.525175162238485482e-01,-3.268358804950173835e-01,1.916464316539379653e-01,-4.381199554157942933e-01,-6.952776812627915470e-01,-7.072623769524069570e-02,1.427110568463334228e-01,-5.772294476497269455e-01,-7.166523738673317157e-01,1.199896607372956669e-01,1.037157243702720340e-02,-7.653985987447511352e-01,-4.165708801644023573e-01,2.626392976291779813e-01,-3.030874443541790031e-01,-8.336619986426213602e-01,-2.570599523966629260e-02,1.764527800149242043e-01,-6.090559577437127947e-01,-6.524377433183352615e-01,1.525822560621539481e-01,1.469161965791951352e-01,8.492584460403882485e-01,1.300382207522196298e-01,-2.741390823203393445e-01,-8.365713508886636340e-01,-1.490745871273914669e-01,2.764369789194206506e-01,-5.972610567236606716e-02,-5.287853518364989958e-01,-1.963288409268161006e-01
-1.730047659718498276e-01,1.390308737154237820e-02,7.024684443230589936e-01,1.093966538138636813e-01,-4.369447931416370334e-01,7.674337543366634984e-01,5.918930757832848721e-01,-6.124147797231279666e-01,1.206282420073251545e-02,1.000000000000000000e+00,6.372580736232394578e-03,-5.967782038954438928e-01,5.930432336491130441e-01,7.278512801275043298e-01,-5.204022886111479007e-01,-1.149864612845860334e-01,8.212717318646359788e-01,-1.496593303291128552e-01,-4.382305348493882868e-01,4.559468798805107470e-01,3.629978921759035582e-01,-5.953862083764089874e-01,-1.854361601648161773e-01,5.843138595330580332e-01,-7.929284955589391282e-02,-7.650736190772279288e-01,9.407438795020928168e-02,7.361043947694386747e-01,3.369728101301170398e-01,-6.863994523523817559e-01,-2.502715178152098430e-01,6.363629467860624223e-01,1.071688601196458118e-01,5.200204478522824081e-01,-8.843466171049224611e-02,-2.642085756039856403e-01,3.306084272362941334e-01,4.302179836833047721e-01,-5.890463659320982481e-02,3.618604295842090535e-01,2.711403004252943005e-01,-2.796097787559213149e-02,-2.774427943266539673e-02,-2.425282611702710145e-01,-1.277724317522650477e-01,-7.181595835723751306e-03,-3.253848565762183787e-02,-1.566477907059017349e-01,4.134589284769017992e-01,-1.087729310007280042e-01,-5.578710711842592707e-01,1.501914414423660693e-01,4.116181523362512640e-01,-3.151461207602247461e-01,3.822479647187839169e-01,3.235753295072976155e-01,-5.065626790237170995e-01,-2.721846623393332498e-01,6.733066020774027827e-01,1.271685550386299768e-01,-6.611719443818598885e-01,1.389503819848151023e-01,6.932290206716166248e-01,-3.138159449551936597e-01,-6.504991744369796880e-01,4.455414768315474339e-01,4.434147473772578896e-01,-7.486862417938349168e-01,-3.092284758141591872e-01,7.343522202348263805e-01,-6.327403144695957493e-02,-8.669826412073683430e-01,2.222677394851633181e-01,5.829249478632894110e-01,-6.988798310312532847e-01,-5.776069349788829355e-01,5.420895136004424408e-01,-1.262388800523761845e-01,-7.808410296681981277e-01,1.011671176971807862e-01,7.582529162323282668e-01,7.588526928349819123e-01,1.048563201812401958e-02,5.842713479053700532e-01,-4.253326392623458241e-01,-6.943646336738253932e-01,-2.823097918676011897e-01,-5.401072038548686560e-01
-2.241899885892216504e-01,4.781146327270202057e-01,3.285838150645670197e-01,8.620355080213266685e-01,-2.067014758702424293e-01,-5.374046663167320048e-01,7.882821117460386828e-01,5.710176585914211733e-01,-6.674809940735871860e-01,6.372580736232394578e-03,1.000000000000000000e+00,-7.258335069477676524e-03,-6.420784443926931262e-01,6.317937471315682174e-01,6.319793866946524785e-01,-6.160059525592294083e-01,-3.439460925511886313e-01,1.996132358049355349e-01,-2.410535865766429420e-01,-5.888449419465890955e-01,2.157202924166357894e-01,1.381999047369111833e-01,-6.039286547087502344e-01,-8.042030081672568720e-02,4.944021250831606151e-01,-1.114379233059695912e-01,-2.905924088188224230e-01,1.831871992270762417e-01,6.854286426875176863e-01,3.594166450870913687e-01,4.257528177312407125e-02,2.142606147740446498e-01,3.373350033190533059e-01,2.710731620077757031e-01,7.492050515380019315e-02,1.249868951825321289e-01,3.188758639423184826e-01,1.247862224704348877e-01,2.593300051556887698e-01,7.406394905902572434e-01,-7.415975915070474600e-02,-3.915726872694352267e-01,-4.997592626853879505e-01,-4.665865379368115406e-01,-3.090768153465258683e-01,3.645748656460615078e-01,1.677005353050270986e-01,-5.530430923999356541e-01,-2.018699334582498006e-01,1.233334852382584196e-01,-3.018946010128026880e-01,-4.893283136883394557e-01,-6.471399936986829693e-02,-4.657846694018410449e-01,-2.658587488782277464e-01,-6.647112191448691088e-02,-4.268644017276643776e-01,5.800655709043386343e-01,2.159601825452705792e-01,-6.739582436321251979e-01,2.443382399052951640e-02,7.252540792677105719e-01,-1.983478866429930210e-01,-6.554282678217032698e-01,4.141933673415423289e-01,6.126073410147631071e-01,-6.254508372470416466e-01,-3.702933420750252891e-01,7.612707989195136582e-01,1.211545585521917739e-01,-8.126222480237720314e-01,1.333591200866996174e-01,7.267298090633494967e-01,-4.954287728961592752e-01,-5.847529755581348798e-01,6.571129853228356854e-01,2.731409856263694036e-01,-7.549273191372714020e-01,-3.596571842677406816e-01,-4.774013750219873731e-01,-3.033172668942761829e-01,2.444470749034195756e-01,6.369889275850281196e-01,-2.785256185161870679e-01,-6.138101741708176240e-01,1.302018752352429309e-01,4.097929830071405655e-01,3.875920967765613678e-01
-5.278097121052851559e-01,-6.629148292481187310e-01,-8.816438756493240048e-01,2.562826294750967793e-01,9.317424229542012881e-01,-2.445924317443131102e-01,-4.435844014793220436e-01,7.829558986778909491e-01,5.803142774713677676e-01,-5.967782038954438928e-01,-7.258335069477676524e-03,1.000000000000000000e+00,4.211370178659563576e-03,-4.560895352172246731e-01,7.109681312101975292e-01,6.310781320103540093e-01,-3.145560848315423486e-01,3.632301380038336913e-01,3.304182806164036035e-01,9.637447295289834626e-03,2.267631278348657964e-01,5.789171976993632285e-01,1.129122662886966749e-01,1.586261622904026614e-01,3.859745828049798155e-01,4.212398374802748813e-01,4.731905080631476634e-01,-1.574405702202807122e-01,-1.493355768733920230e-01,3.742087764461968225e-01,1.855227737949350086e-01,-3.366495957664873973e-01,3.339307859906919806e-01,-3.415318718694702188e-02,-1.335582358244626344e-01,5.663179782210456259e-02,3.670075757032913444e-01,-2.070425052680676947e-01,-8.113875365996649214e-02,-1.824253390441385181e-01,-2.005725089424061081e-01,-3.427959180447055498e-01,-3.316617476951901344e-01,-3.365021920245405695e-01,4.553403496484297042e-02,2.401204579648928139e-01,-5.606244114015258156e-02,-3.657780313310989295e-01,2.598770958080433638e-02,5.730901721476532318e-01,1.096615590899528963e-03,-3.696244987712273278e-01,2.750088149207155497e-01,4.810488563692593700e-01,4.163496321398239830e-02,-7.367536264303335969e-01,-6.802001227946539996e-02,-2.267155000552497079e-01,-6.175829479947818612e-01,-3.579403546027092320e-01,-4.469001558009811498e-02,-3.165662017534979777e-01,-6.496919718650809861e-01,-1.222708910227948836e-01,7.854180730615335781e-02,-6.119814412556002781e-01,-5.973251796224035015e-01,2.104850782885730465e-01,-8.734994647841209936e-02,-8.216410339190591827e-01,-2.626699697984734017e-01,3.084406941403973201e-01,-5.115612416145897123e-01,-7.494091324959665235e-01,2.020028215058273235e-01,1.789399000490166369e-01,-8.411336966502723778e-01,-3.004351827316811274e-01,3.822820838232345864e-01,5.032412204201021089e-01,-5.499293612362066153e-01,-5.860780175371852474e-01,-4.437480209837894596e-01,-7.220631886738693161e-01,1.164761919951737834e-01,4.608166345278582599e-01,-9.492735403302454689e-02,4.105718865010918317e-01
-3.213912507403797747e-01,-6.752876083600154455e-01,-5.682007385588749848e-02,-3.087168284511501715e-01,2.577335982419618476e-01,9.287933979138002227e-01,-2.068742230967120510e-01,-4.958073769130272868e-01,7.740063559645509184e-01,5.930432336491130441e-01,-6.420784443926931262e-01,4.211370178659563576e-03,1.000000000000000000e+00,2.537814152692399045e-02,-5.107039898903450448e-01,6.515767362773557947e-01,8.403212507123997144e-01,-2.924979994497150376e-02,-9.097423259444693822e-02,7.946707807768969012e-01,3.582196887679178210e-01,-3.129028227854780408e-01,2.507983005655105013e-01,6.853904601479285930e-01,-1.505492726605083820e-01,-4.090109547834640535e-01,5.419401653281681330e-01,4.932977908257569211e-01,-2.009901552967770233e-01,-6.669498441980359349e-01,-1.476885733778805498e-01,2.802626324497162758e-01,8.797943551632325665e-02,2.958819498486253141e-01,-2.022927510792402461e-01,-2.773289612056062392e-01,3.230605585843381311e-01,2.067414313277341209e-01,-2.542493762763471388e-01,-2.425336061662057563e-01,1.743672065113138214e-01,3.049775024024882139e-02,1.171558995316395319e-01,-1.302577499947505657e-01,1.093857824353421937e-01,-1.186485855142857399e-01,-1.848972400420532958e-01,-1.031461352726338251e-02,5.232142370368717543e-01,1.492118233392956406e-01,-3.339573647282352287e-01,2.315396069554751801e-01,5.824016227813333391e-01,2.763260590429778563e-01,5.491393684313287116e-01,-7.843253093692460765e-02,-2.469251583536303529e-01,-7.518280095912761585e-01,1.506809267188585488e-01,3.317184552951683019e-01,-6.691356835546297122e-01,-5.021898561181716847e-01,4.019071758518534820e-01,3.788754665855970094e-02,-8.298475613646517646e-01,-3.154928680876576408e-01,4.690394009923386509e-01,-3.564348336847324994e-01,-8.239578153316053921e-01,1.469682292829920522e-01,3.022763877980612079e-01,-7.296472972500019916e-01,-5.468439698047777853e-01,4.412750001862530413e-01,-1.729373237720953083e-01,-8.676365316245012727e-01,-1.429598811471798070e-01,1.895733533723342468e-01,-2.912170918871123115e-01,6.948115488033851372e-01,5.977138435395668026e-01,2.210187620776189465e-01,-6.572106369783610180e-01,3.081634884538404506e-01,6.124210485681851751e-02,-4.647531317009876428e-01,-5.877266839285256728e-01,-5.216775436372143027e-01
-2.622271046764382829e-01,3.187357568540932218e-01,7.196701575697148634e-01,6.047882597271873051e-01,-4.596727126909899708e-01,2.150512222348299751e-01,9.210622938839693186e-01,-9.904335822505860865e-02,-4.230563859246855851e-01,7.278512801275043298e-01,6.317937471315682174e-01,-4.560895352172246731e-01,2.537814152692399045e-02,1.000000000000000000e+00,1.185131399435021896e-02,-5.198816198084720286e-01,4.050639078702891194e-01,6.192053717490115378e-02,-4.942199510500775439e-01,-7.852305900633239910e-02,4.223177321650048999e-01,-3.462072457744698184e-01,-5.545725305863581367e-01,3.318827850126445100e-01,2.836940140106427588e-01,-6.209012480903324249e-01,-1.582389602502679293e-01,6.445477850936252029e-01,6.974452683370316874e-01,-2.786065071416062300e-01,-1.525727537330208439e-01,6.302649277780072445e-01,2.970613580236580731e-01,5.430488449478229063e-01,-8.558408924610004867e-03,-8.396511750880507330e-02,4.259652208640187232e-01,3.928847684473625868e-01,1.431917296875074297e-01,7.489657702816332474e-01,1.284977318519782974e-01,-2.680420370693465393e-01,-3.046463781976530560e-01,-4.685951126724078319e-01,-3.039797070233163923e-01,1.841743241094835615e-01,8.392183957259798099e-02,-4.663337163473397773e-01,1.449255938847868741e-01,-8.796334416940880530e-03,-5.936173869685057447e-01,-2.143694090433617416e-01,2.320580456352753784e-01,-5.526282254337321342e-01,8.691967305232647933e-02,2.060248591401607210e-01,-6.259232387649168450e-01,2.006538217059763152e-01,6.394930814071941860e-01,-3.536252493877002356e-01,-4.486231576462004766e-01,5.980523657562761830e-01,3.731769724371000185e-01,-6.565929211858616554e-01,-1.790942571287523766e-01,7.374807153744439292e-01,-8.010427041900361478e-02,-7.819499797815540054e-01,2.825298357913312852e-01,6.227967458870058426e-01,-5.731234828404410120e-01,-5.401747852414081619e-01,6.274063117051523752e-01,1.109008994623257444e-01,-8.887190176889957494e-01,2.536765484038418141e-03,5.631760955387428158e-01,-5.641164813972276981e-01,-7.937254529194870400e-01,-2.152902844592901321e-01,3.537622667527556275e-01,6.841375557127772344e-01,4.010433075383392221e-01,2.356484769010665226e-01,-6.757384702469034776e-01,-3.898818088208648724e-01,2.329796641978173002e-02,-1.503043348234300303e-01
-4.390780755157754900e-01,-1.090337051015898839e-01,-4.462033354449818079e-01,6.901441648407944385e-01,5.108520061787928945e-01,-6.125554570036304547e-01,1.349907520305934916e-01,9.416245339775292100e-01,-6.786348419920683328e-02,-5.204022886111479007e-01,6.319793866946524785e-01,7.109681312101975292e-01,-5.107039898903450448e-01,1.185131399435021896e-02,1.000000000000000000e+00,4.297317062717921632e-02,-5.639432544749055642e-01,4.177471430861841584e-01,1.530931596654243054e-01,-4.346934907382754565e-01,2.362609757164495228e-01,5.773801235399854681e-01,-2.698763533585419316e-01,-4.280559175295161473e-02,6.086739135901509945e-01,3.537539646888777645e-01,1.071185706249497133e-01,-1.111476874214361726e-01,3.094903836290642252e-01,6.042105919590001761e-01,1.974443757711946135e-01,-1.809447533423796939e-01,4.672663882934667279e-01,4.048687631919101887e-02,-5.618958982874515395e-02,1.998683836779629741e-01,4.018527356501601089e-01,-1.642574735224303362e-01,1.393633213808585791e-01,3.232360306333955657e-01,-2.639325930786428631e-01,-5.226913399348286360e-01,-5.324609266109593397e-01,-4.867142597612997834e-01,-1.992635807507292522e-01,3.676025089644452404e-01,1.096841454224733309e-01,-5.742044483528286891e-01,-2.109030731228885847e-01,5.010767803709406110e-01,-6.906173481615113241e-02,-6.109292356682058944e-01,5.371071478936767507e-02,7.348197677801081296e-02,-2.319655227822398080e-01,-5.957514653478538369e-01,-2.161853469489575519e-01,2.644740590684796500e-01,-3.961691150816468165e-01,-6.846487695183656186e-01,1.023899935997747562e-01,2.250921343692726950e-01,-6.887177064118970016e-01,-4.378453166402362928e-01,4.276117188294281113e-01,-9.018522351311238083e-02,-8.586723434703545932e-01,2.565507851602688918e-02,4.718788615582008572e-01,-5.821278391500274152e-01,-6.791026650203004777e-01,4.230076547892549499e-01,9.093647539201518692e-02,-8.924486745896905715e-01,-1.327687792416932799e-01,6.274884662403841240e-01,-4.549257342914905244e-01,-6.403659630221287813e-01,1.555019022583883359e-01,-6.352357057555346872e-04,-6.512460386727955131e-01,-3.389792626655397378e-01,1.174617945568866978e-01,-7.041124811847816467e-01,-2.287682203477087728e-01,4.692213668364941248e-01,1.986278383321126717e-01,5.629867742415910481e-01
-3.894988570848021969e-01,-8.688862492749267474e-01,-6.831434625345171874e-01,-2.561164221872737068e-01,7.643557311330645421e-01,4.353502902343588388e-01,-6.281436888447048394e-01,8.404632201794887125e-02,9.236236767614831589e-01,-1.149864612845860334e-01,-6.160059525592294083e-01,6.310781320103540093e-01,6.515767362773557947e-01,-5.198816198084720286e-01,4.297317062717921632e-02,1.000000000000000000e+00,2.699161281318085970e-01,1.149926730693775628e-01,3.451665212478570721e-01,5.990909175709694390e-01,1.787870089075755120e-01,2.162563019973562373e-01,4.786855868351607701e-01,4.621716847690452434e-01,-2.246310515421723678e-02,1.685165856062435241e-01,7.048340902592108437e-01,2.570352046559858106e-02,-4.698281995855420057e-01,-1.642305958153845724e-01,2.993856233057142630e-02,-2.122480998914364203e-01,1.425608934659067517e-01,-1.433826751221994530e-02,-2.684416958211164883e-01,-1.572221266480599289e-01,2.694874278420188451e-01,-1.246887875260427186e-01,-3.016595119218878351e-01,-4.899233570384387004e-01,-2.635786111769118645e-02,-1.287015985572450283e-01,-2.944020840833722064e-02,-9.519499207828878429e-02,1.305345087725209852e-01,3.024155658205274298e-03,-1.111483756441933313e-01,-2.496422460057709514e-02,3.576228989939784220e-01,4.255347787615466615e-01,-1.740147644255863810e-02,6.695387532829212562e-02,4.890184780866894676e-01,6.514546391565485539e-01,3.815370727691670405e-01,-5.126721806711690421e-01,2.026888149374719839e-02,-7.258876390017077185e-01,-4.627465554507967371e-01,1.948295595700961780e-01,-3.240024966091584191e-01,-7.571071523928752933e-01,-1.918012802401281580e-01,2.200951025220334312e-01,-4.840642772998619003e-01,-8.123379433752756507e-01,5.470908812625246281e-02,1.406067162620960875e-01,-7.338879745844870683e-01,-5.456931237928313028e-01,2.813260246993726232e-01,-1.671547805090550787e-01,-8.658686380705942209e-01,-1.170655713645437912e-01,2.738153698368903655e-01,-5.093998415076407271e-01,-7.233777793597698791e-01,1.794933630544116587e-01,2.831307339331085027e-01,7.992747535508655243e-01,1.697573326093696280e-02,-3.794323160395994265e-01,-8.097107312741883556e-01,-2.140543327004901519e-01,3.317975759592681761e-01,1.909877338294828017e-02,-4.817983690884176662e-01,-1.156822629350223453e-01
-2.602008190052902958e-01,-3.454236033483397139e-01,3.281709862831812541e-01,-1.193525915509262014e-01,-9.224715898335320019e-02,8.805752385680526428e-01,1.875056230360276910e-01,-5.838633997776061513e-01,4.138191214306217725e-01,8.212717318646359788e-01,-3.439460925511886313e-01,-3.145560848315423486e-01,8.403212507123997144e-01,4.050639078702891194e-01,-5.639432544749055642e-01,2.699161281318085970e-01,1.000000000000000000e+00,3.557998272744042345e-02,-3.811506109744809412e-01,6.042036395412024863e-01,5.103683435062209561e-01,-4.559401268221976444e-01,-6.949838466441944640e-02,6.439671641750909226e-01,1.160705318258326750e-03,-5.956453616250246830e-01,3.398650274625538148e-01,6.729285992864938448e-01,9.778521960151814740e-02,-7.215341821272871492e-01,-1.278087411314312305e-01,5.542849876707485191e-01,1.969904113213082064e-01,3.809599843850097201e-01,-1.080964397404973326e-01,-1.471924937427911972e-01,3.878178887969427890e-01,2.982091119933348300e-01,-6.588498372420081850e-02,3.647354795717337034e-02,1.352820284246228355e-01,4.831778908055742693e-03,1.511641415337737493e-01,-2.504945687556769940e-01,3.736294809346226570e-02,-1.874240157328000145e-01,-2.187617978403130492e-01,-1.455001665485037565e-01,3.831903383998298551e-01,5.677737416851125901e-02,-4.452382685575211885e-01,1.022742413718097515e-01,4.598623422252200998e-01,-2.388302889328411394e-02,4.160011070012252232e-01,7.734890839917074601e-02,-3.912651321412110583e-01,-4.984984475273246951e-01,4.288926440804002316e-01,1.693324206840677859e-01,-7.031280342173078513e-01,-1.471531713244954576e-01,5.260597851680466341e-01,-1.981627043156911072e-01,-7.467201383655934777e-01,8.343586766780482222e-02,4.362926093801079985e-01,-5.977320411264699374e-01,-5.677662096322586560e-01,4.504511543309884791e-01,8.392225612049633576e-02,-8.316521706252173463e-01,-1.522445773012065240e-01,5.066580333819477033e-01,-4.749518748487707720e-01,-7.158123616533018652e-01,2.046399745785968671e-01,9.962942321298023582e-03,-5.597748967584271762e-01,3.883982984420708551e-01,6.954356094452619486e-01,4.992095678178809504e-01,-3.150482964580615941e-01,4.312372193017082744e-01,-1.892645740303140756e-01,-5.499964057963298014e-01,-4.806212077938816774e-01,-5.330872268941673209e-01
-2.815282655369064080e-01,-1.930387720731322476e-01,-2.567648130963603448e-01,2.954832710073488355e-01,3.259484708562951916e-01,-1.430157678243414721e-01,2.765471029953069093e-02,4.010807244623771362e-01,1.248231327638969490e-01,-1.496593303291128552e-01,1.996132358049355349e-01,3.632301380038336913e-01,-2.924979994497150376e-02,6.192053717490115378e-02,4.177471430861841584e-01,1.149926730693775628e-01,3.557998272744042345e-02,1.000000000000000000e+00,5.201280927890457317e-02,-3.898263424117344722e-01,6.100760080691071119e-01,6.656121634463157966e-01,-3.624900294766167930e-01,-2.253505615797254252e-02,7.996549390805591795e-01,3.876006931085756446e-01,2.467493685884047661e-01,-1.505837101867897425e-02,2.251516802732944356e-01,3.710298955211887018e-01,-2.415755583030704950e-02,-6.583999814383387217e-02,6.589376970000653255e-01,-1.327595639026010188e-01,-2.082402808689409746e-01,6.417002449140747355e-01,4.578718154908109073e-01,-3.788122694510971944e-01,1.183401011758831445e-01,1.569042784266603818e-01,-2.015096298664053598e-01,-2.781419259769775665e-01,5.268014558989648523e-03,-4.878378729045222406e-01,-2.186618416565133324e-02,-1.428468319435441669e-01,-2.458933920328205958e-01,-5.565747789725871142e-01,-4.231560074546143468e-01,5.427158932744735598e-01,7.902563889412854425e-02,-7.398510453496206507e-01,-7.798867815725178676e-02,6.463782312583304934e-02,-5.187657939970056198e-01,-5.694192833194552383e-01,-7.346827647352155433e-02,2.793080675418762038e-01,-3.939636632783202197e-01,-6.708094270957793981e-01,6.040276906075050384e-02,1.894808786318220861e-01,-6.826379626158528557e-01,-4.188473347191218887e-01,3.277318232271334009e-01,-9.510592876854162547e-02,-6.566010827051312893e-01,-3.888562955591099574e-02,2.852810523062271897e-01,-4.407213722159582514e-01,-5.065237621203039220e-01,2.079615068930239230e-01,-2.026936839199054707e-02,-5.507394314206098818e-01,-1.375306377323287088e-01,2.777005836994044796e-01,-3.200371649599510482e-01,-4.343810519134416737e-01,1.065960976680654232e-01,1.015506416272689422e-01,-3.914780767356929037e-01,-2.423781563172448805e-01,-1.408431237382471411e-02,-4.279717870114952416e-01,-6.753117667901072096e-02,3.210989064834735562e-01,-2.168861326556172919e-01,2.317648093394664432e-01
1.457303840749178125e-01,-1.866529640576093940e-01,-4.268324582490974906e-01,-2.356561521220421618e-01,3.005010136248174590e-01,-1.693055851533952216e-01,-4.680307802123669925e-01,1.680749520872161507e-01,2.105335746130472252e-01,-4.382305348493882868e-01,-2.410535865766429420e-01,3.304182806164036035e-01,-9.097423259444693822e-02,-4.942199510500775439e-01,1.530931596654243054e-01,3.451665212478570721e-01,-3.811506109744809412e-01,5.201280927890457317e-02,1.000000000000000000e+00,5.109099702284162353e-02,-5.188458763284692354e-01,6.299785275979590260e-01,7.201969903538185669e-01,-1.182782372942210586e-01,-2.428320460679970483e-01,6.442818014662841097e-01,3.701716023861498783e-01,-5.815681299940922422e-01,-5.574275081841392199e-01,3.699692243295250593e-01,-3.475702500778745652e-01,-7.765716191381698552e-01,-1.905043442769154549e-01,-4.831744243957196705e-01,-5.600292977367952174e-01,2.343994801635606098e-02,-2.791300809493544310e-01,-5.733976574133394788e-01,-6.283893295720418548e-01,-3.588166804891547712e-01,2.793624919895031367e-01,-7.365616017572477504e-03,2.432735880699424952e-02,3.652769547275528383e-01,-1.022746846607063415e-01,2.161597345084285623e-02,2.755382591534327186e-01,3.178698128087783514e-01,5.139080460563938413e-02,2.779259803109478955e-01,4.907740960592502089e-01,1.784837591955506508e-01,-4.096136672086875090e-03,5.162808820880840921e-01,-2.021895404796593965e-01,-2.807482742873177450e-01,5.174978553588890362e-01,-8.842314267416347129e-02,-7.534434557825816503e-01,2.240449111043277264e-01,4.684492904382093759e-01,-5.748758207496583728e-01,-4.712696797715335006e-01,5.579215125549418230e-01,2.066257655671919768e-01,-6.867639610683945461e-01,-5.918450581546051692e-02,6.594868935539700550e-01,-1.986012550047448755e-01,-6.283434159816712050e-01,3.753974100970069450e-01,4.505045651460923284e-01,-5.564437984923805702e-01,-1.999271905017357687e-01,5.680005892180163274e-01,-5.142511867680404219e-02,-5.468348967006445571e-01,3.214735383442884342e-01,6.857364094785370900e-01,2.787709692015070684e-01,-4.561718845225803953e-01,-6.101680968785505588e-01,-3.269543413530249798e-01,-2.226168371125378520e-01,4.726097392224518634e-01,2.378837681390339465e-01,-1.028125129752903988e-01,1.079784457129615294e-01
-2.188319759369067030e-01,-5.665758901911178702e-01,-5.960547078121759129e-02,-3.220046342042847121e-01,2.081709537047662928e-01,7.847970922750857614e-01,-2.321885348743958355e-01,-4.498404150940054635e-01,6.601397782560211036e-01,4.559468798805107470e-01,-5.888449419465890955e-01,9.637447295289834626e-03,7.946707807768969012e-01,-7.852305900633239910e-02,-4.346934907382754565e-01,5.990909175709694390e-01,6.042036395412024863e-01,-3.898263424117344722e-01,5.109099702284162353e-02,1.000000000000000000e+00,6.377570447678500287e-02,-4.563088383279541582e-01,5.144672600959891984e-01,7.067203824905784471e-01,-4.398133542205776014e-01,-4.139540543295997521e-01,5.405273545002849955e-01,3.907102602315462025e-01,-3.258876963133882088e-01,-6.703220566873960840e-01,-1.591056386701913961e-01,1.554188959261147140e-01,-9.842953739812546066e-02,2.714463724056417893e-01,-2.581830067886153879e-01,-5.266031747505942606e-01,1.582032884784707605e-01,2.208548951363802915e-01,-3.923030681406320386e-01,-2.778428960220676869e-01,2.377268123403184219e-01,-1.258104110891879873e-02,-1.113599162045061930e-02,6.420407590555589350e-02,-2.309766894722730529e-02,2.084585545769896200e-02,7.284720275655690025e-02,1.901115516407755612e-01,6.958383607315695718e-01,8.014288885889435388e-02,-2.818700135203937585e-01,4.602124593738610159e-01,6.440005153344259270e-01,3.730264382740293150e-01,6.977115261595566720e-01,2.504723392293037830e-03,-1.520622719266956913e-01,-8.537739252047146232e-01,1.321583661042888824e-01,5.642882789646053165e-01,-6.084098985983937835e-01,-6.526394504551839004e-01,5.235665383664569461e-01,2.417518575803660474e-01,-8.993295336695505959e-01,-3.838428055835910735e-01,6.138980463633294526e-01,-2.551179266785268407e-01,-9.007539104241802930e-01,1.652874981038118252e-01,4.524625390686196069e-01,-6.869386358971349971e-01,-5.679808144732201303e-01,5.028789414799441637e-01,-5.609290300244881150e-02,-8.489485570475964193e-01,-1.290990365259117589e-01,3.273191369647447946e-01,-1.961496512686746740e-01,6.128481702788184382e-01,5.975740677100027654e-01,1.883496360779435275e-01,-6.189850356821148258e-01,3.673842556862635944e-01,1.261713091356140848e-01,-4.867794622713837449e-01,-4.848989902035612531e-01,-5.187886247552210284e-01
-5.743747020884876209e-01,-3.486968138604528145e-01,-6.578129203472595811e-03,4.570317110298220964e-01,2.736648546184681230e-01,2.991747815097967056e-01,3.243363295486588194e-01,2.000177920481792659e-01,2.780484021698009234e-01,3.629978921759035582e-01,2.157202924166357894e-01,2.267631278348657964e-01,3.582196887679178210e-01,4.223177321650048999e-01,2.362609757164495228e-01,1.787870089075755120e-01,5.103683435062209561e-01,6.100760080691071119e-01,-5.188458763284692354e-01,6.377570447678500287e-02,1.000000000000000000e+00,5.160353395389996600e-02,-6.438208256005996111e-01,4.774837171670793246e-01,7.554845889150362259e-01,-3.376546977464787158e-01,2.742938568569889823e-01,6.480538887150080196e-01,5.349559320022755360e-01,-1.777691579226969854e-01,6.688203936512984726e-02,5.394769786189337335e-01,7.175386021612399912e-01,4.550560429393119555e-01,6.165243928683365043e-02,2.559117949777515721e-01,7.927346032082523974e-01,2.334077191876904878e-01,3.086205226342547681e-01,3.438779870545412565e-01,-1.763649021100075764e-01,-2.940041469168442334e-01,-1.690182993624959329e-01,-7.866545398284195967e-01,4.880576118555243759e-02,2.372625241352430137e-02,-3.908890657532318458e-01,-7.671929041008072048e-01,-2.944831240349300369e-02,3.954923695221553848e-01,-5.531006973072956079e-01,-6.412932059649804062e-01,3.308628590050960439e-01,-1.852229022009493908e-01,1.745239737305878018e-03,-3.694193720877558262e-01,-6.349653547015672306e-01,-5.646742940004909062e-02,2.113810407643073042e-01,-6.383431765117315582e-01,-6.142920351311221827e-01,3.228988405810958029e-01,-9.545802932823403697e-02,-7.766226336860238000e-01,-2.585887178279279719e-01,2.062019434503985227e-01,-4.055762838806957205e-01,-6.716284668810805769e-01,2.526366074636703790e-02,3.919937211325708742e-02,-6.442172777115859894e-01,-4.383772438991371811e-01,1.116529346365703612e-01,-2.668902502188707504e-01,-6.257443148163510660e-01,-5.152934788795025117e-02,-3.590585003949864351e-02,-5.979036135055207923e-01,-5.171322498495389830e-01,2.234909099755564010e-01,1.416188619322616693e-01,2.931077211499685808e-01,-5.014446679428182646e-02,-1.605847090136224564e-01,-4.271035820891527224e-01,-6.829985045791803211e-02,-2.908377096828030361e-01,2.529626491067640121e-02
-8.921867296570382133e-02,-1.680248932862564160e-01,-5.423262489884529414e-01,1.675003220193778952e-01,4.690610972071388995e-01,-4.665703654224845343e-01,-2.798416254727933983e-01,6.010364523662669045e-01,1.005340782151026291e-01,-5.953862083764089874e-01,1.381999047369111833e-01,5.789171976993632285e-01,-3.129028227854780408e-01,-3.462072457744698184e-01,5.773801235399854681e-01,2.162563019973562373e-01,-4.559401268221976444e-01,6.656121634463157966e-01,6.299785275979590260e-01,-4.563088383279541582e-01,5.160353395389996600e-02,1.000000000000000000e+00,6.909296596959887959e-02,-2.724770636713532701e-01,4.861606769592087263e-01,7.677145564219287621e-01,2.628144311843093051e-01,-4.881707844235946281e-01,-1.253778987148860824e-01,7.152348999660866902e-01,-1.268621536577851094e-01,-6.102024787707226450e-01,3.094864791471797494e-01,-4.193106636060203729e-01,-3.322254097794128946e-01,5.034824011055621940e-01,1.077042397155012904e-01,-6.004318947167056608e-01,-1.755302958426012694e-01,-1.131675746167402352e-01,-5.472871885017979721e-02,-1.713195037856541092e-01,-5.654319542502093954e-02,-1.402399546680215270e-01,6.640404997444794219e-03,1.295089124020407968e-02,-5.079353909446920196e-02,-2.445161720652084536e-01,-3.940651219819034656e-01,5.160736177215284881e-01,3.841197454284677737e-01,-5.028186912314076551e-01,-1.831217645452783427e-01,2.826956123884164507e-01,-5.903101689083917192e-01,-5.833206156539612053e-01,2.671265147881397017e-01,3.247499725134492810e-01,-7.924493844613280658e-01,-4.833841115039831382e-01,4.704079979702495695e-01,-7.844634853315460288e-02,-9.148781458747076156e-01,-9.666114275518028487e-03,5.851962060943602939e-01,-4.555432269982978566e-01,-6.912047537454709678e-01,4.884248320247301933e-01,2.985617491450014427e-01,-8.190543446042511944e-01,-2.369249001573028590e-01,6.554153884597738733e-01,-2.475465848592579288e-01,-7.177999965622278156e-01,3.244706894427505373e-01,4.339890447350851499e-01,-6.041344656988349993e-01,-1.985754873389327380e-01,5.740109628888128146e-01,9.997758925346336700e-02,-7.697489144239779701e-01,-6.313204897799606918e-01,-6.756201449646218049e-02,-6.097082525077646142e-01,2.041302155900204252e-01,5.504280264133977196e-01,1.188117131019887814e-02,4.738736513721457100e-01
1.905492840113711672e-01,-2.967043590645015438e-01,-3.166913249568729105e-01,-5.449740581593767175e-01,1.988818266993911399e-01,2.057623035144923729e-01,-5.881093486075039678e-01,-2.446093146879279590e-01,3.971664892203701225e-01,-1.854361601648161773e-01,-6.039286547087502344e-01,1.129122662886966749e-01,2.507983005655105013e-01,-5.545725305863581367e-01,-2.698763533585419316e-01,4.786855868351607701e-01,-6.949838466441944640e-02,-3.624900294766167930e-01,7.201969903538185669e-01,5.144672600959891984e-01,-6.438208256005996111e-01,6.909296596959887959e-02,1.000000000000000000e+00,9.468236335829843808e-02,-6.765427250011675220e-01,3.536662152357966105e-01,4.199594343445757771e-01,-4.458257076698997068e-01,-8.019890080976171953e-01,-9.135347669715181140e-02,-2.357109699302819827e-01,-5.742112885789132370e-01,-4.199310559829721456e-01,-4.007829070771055102e-01,-4.791314886961331454e-01,-3.315718311167762944e-01,-4.161005702141245544e-01,-3.597840743931409180e-01,-6.537575658143273127e-01,-5.449135049551691035e-01,2.619805002024607199e-01,7.446205334910283025e-02,1.287430330080562291e-01,5.888019904828564188e-01,-1.079598083304040279e-01,-6.180084212282441897e-02,3.661335865455460636e-01,6.224905210272210221e-01,3.808644837692307661e-01,6.335729207472755309e-02,4.354021876375659406e-01,6.260902409657320700e-01,1.864704992773703884e-01,6.621464176150210212e-01,2.798162272963816144e-01,-6.624633170443491870e-02,5.435778306148085770e-01,-5.288287829398423678e-01,-4.968483777577453742e-01,7.332806357131632646e-01,2.182984362290600333e-01,-8.711948443714666590e-01,2.157555016973628295e-02,8.183611662980948553e-01,-2.515493134187560820e-01,-7.250375795212563590e-01,4.782951509077913999e-01,5.649615368227742795e-01,-6.291668958601569495e-01,-3.160474901653608226e-01,7.571682776890072963e-01,9.631220338078680387e-02,-7.028005479813802525e-01,2.584151392792586877e-01,5.970209915830763103e-01,-4.522163095848424352e-01,-3.993290634719056653e-01,6.242139073306802732e-01,5.436533837868651187e-01,3.986317180177659236e-01,1.386160126868147061e-02,-4.114274572775467598e-01,-5.433087462424049940e-01,1.086906520336022308e-01,5.560260734254226511e-01,-6.969240539031348880e-02,-2.206714196359815527e-01,-2.573992564346420653e-01
-5.885509697153984421e-01,-5.597347194366619760e-01,2.402575417008866177e-02,2.658165075601272576e-01,2.992707086202610056e-01,6.802573229141617439e-01,2.150271283299545755e-01,-7.384747796168804335e-02,5.377435809460143767e-01,5.843138595330580332e-01,-8.042030081672568720e-02,1.586261622904026614e-01,6.853904601479285930e-01,3.318827850126445100e-01,-4.280559175295161473e-02,4.621716847690452434e-01,6.439671641750909226e-01,-2.253505615797254252e-02,-1.182782372942210586e-01,7.067203824905784471e-01,4.774837171670793246e-01,-2.724770636713532701e-01,9.468236335829843808e-02,1.000000000000000000e+00,6.442085857832892393e-02,-5.600990169349905345e-01,6.837654650173210502e-01,7.212559391175903389e-01,1.359946723825291304e-01,-5.474590433808602663e-01,-2.175854937516392973e-01,3.527229333509689368e-01,3.524370287681662384e-01,5.486769909902732278e-01,-3.671660688988902521e-01,-4.248643778989160680e-01,6.463768264710714195e-01,2.748980984847709808e-01,-3.411294343801585804e-01,2.094750890257180698e-01,2.610750953134031160e-01,-3.692951541566644735e-01,-3.919575808221842927e-01,-4.644742181229508105e-01,-2.030357974196737580e-01,2.787724456056700495e-01,7.890499119735822076e-02,-3.767026816865553518e-01,6.753424209245184606e-01,3.815045240207034505e-01,-6.313681320058274204e-01,3.925750920093110108e-02,8.424120847436655790e-01,2.012104441574252556e-01,6.225602747589611408e-01,-2.931023204862532316e-01,-6.165423493002881727e-01,-6.697337448644682389e-01,2.069579852739833192e-01,1.811636316267296529e-02,-8.420013324979015445e-01,-2.933255521094952356e-01,3.264168160890993375e-01,-3.325195126483835861e-01,-8.159332160207024565e-01,-1.110964418351503419e-01,1.301705627458385195e-01,-6.342387082767377837e-01,-5.659977272249068214e-01,1.456968122656483178e-01,-1.570376751325602005e-01,-7.631146625484312995e-01,-2.802377450108635148e-01,1.260276078715371617e-01,-5.267082539829585075e-01,-6.052199915843559097e-01,-1.081198593785489270e-01,-2.654778574644856559e-01,-4.723855726312575776e-01,5.558421722852268099e-01,4.439881576848260791e-01,3.455735920457463362e-01,-4.201829526055303465e-01,1.317193047941012385e-01,-3.106020237080036606e-01,-4.867059990079755094e-01,-3.918767039204743008e-01,-3.544344232715584964e-01
-4.400508423016671888e-01,-1.115181898516867665e-01,-1.567366226263483819e-01,6.012647294006532306e-01,3.005832771467359388e-01,-2.357221416243391043e-01,2.945043655440012231e-01,5.674512379987513011e-01,-1.437908396579203746e-02,-7.929284955589391282e-02,4.944021250831606151e-01,3.859745828049798155e-01,-1.505492726605083820e-01,2.836940140106427588e-01,6.086739135901509945e-01,-2.246310515421723678e-02,1.160705318258326750e-03,7.996549390805591795e-01,-2.428320460679970483e-01,-4.398133542205776014e-01,7.554845889150362259e-01,4.861606769592087263e-01,-6.765427250011675220e-01,6.442085857832892393e-02,1.000000000000000000e+00,1.510151347752724527e-01,1.264218585929862693e-01,2.335865191657577888e-01,5.733888477491549951e-01,3.555860771002752885e-01,2.233697258665399976e-01,2.254071741820107277e-01,7.988914566039799769e-01,8.192116980937878823e-02,-1.705883602539016303e-02,5.826914260642831467e-01,6.484863475726687643e-01,-1.698458761643557302e-01,3.784883351820988451e-01,3.950279136765992294e-01,-3.967590778750771929e-01,-4.580670699395213430e-01,-1.851412041381735041e-01,-7.224427827330823781e-01,-1.082400158998570450e-01,-3.438658591285664173e-02,-2.310693500154984426e-01,-8.037938673572956327e-01,-4.221778874285908034e-01,5.633537548345965984e-01,-1.815169091924878908e-01,-8.999222392114512026e-01,-1.238157162017643545e-02,-1.107007419361905332e-01,-4.142431080828040124e-01,-5.790799124394737651e-01,-3.502052849128649004e-01,3.407599474224847214e-01,-1.595961932930666516e-01,-8.554355384402805296e-01,-1.158972869283862589e-01,4.427731634122934468e-01,-5.810185637960127991e-01,-7.015198229934714869e-01,3.088690415059368588e-01,1.538322378388504719e-01,-7.782186387182666865e-01,-2.904188149619843506e-01,4.523103108979066866e-01,-2.965556624047787637e-01,-7.829306787815981661e-01,1.158070597791263368e-01,2.378514989070106278e-01,-6.757021630807286128e-01,-4.139071434660999138e-01,4.578368055610381182e-01,-1.954046061985748040e-01,-7.183325957768544878e-01,-1.524331057264408651e-01,-3.371873418977280878e-02,-3.525235226588008808e-01,-3.990753144793288132e-02,1.679352401465148137e-01,-4.940895779305353730e-01,-3.563354565853250056e-01,2.903382555953155086e-01,-3.096581683043993227e-02,3.492464316769415267e-01
2.083643750397040639e-01,-2.422598274454639683e-02,-5.559837296725703704e-01,-1.969601012194049094e-01,3.210641611636439463e-01,-5.477060105392844713e-01,-5.386260836165442933e-01,3.854720732126255545e-01,2.486687418603986816e-02,-7.650736190772279288e-01,-1.114379233059695912e-01,4.212398374802748813e-01,-4.090109547834640535e-01,-6.209012480903324249e-01,3.537539646888777645e-01,1.685165856062435241e-01,-5.956453616250246830e-01,3.876006931085756446e-01,6.442818014662841097e-01,-4.139540543295997521e-01,-3.376546977464787158e-01,7.677145564219287621e-01,3.536662152357966105e-01,-5.600990169349905345e-01,1.510151347752724527e-01,1.000000000000000000e+00,1.022588156045697166e-01,-8.319093154415743152e-01,-4.615098462717626138e-01,7.109227987063130305e-01,1.128614655616570761e-01,-7.332335242027568922e-01,3.235716917056508102e-02,-7.643497255240148114e-01,-2.483591177854599652e-01,4.945812682487439327e-01,-3.138505017319618284e-01,-7.507055544987982776e-01,-1.149292896958486881e-01,-3.910383749622228788e-01,-2.593808201296072258e-01,-7.289184148922962792e-02,2.073993130895533388e-01,2.867809310557488112e-01,-2.876068739350806647e-02,-2.408012229876516641e-01,1.057696101430190827e-01,1.865461023391815631e-01,-4.894868817020935348e-01,3.151246876697870181e-01,7.722208262231144982e-01,-2.044860290940512804e-01,-4.423564853282546117e-01,4.744308378769943602e-01,-5.632076448276750469e-01,-4.366075586004578568e-01,7.004643249292996643e-01,2.676716059932045533e-01,-8.580599913572767301e-01,-5.893510968994671029e-02,7.622904377953729771e-01,-2.965938401241476341e-01,-7.980667607601258373e-01,4.433568881280124940e-01,6.480390772765628471e-01,-5.596860027250879499e-01,-3.652513696425219170e-01,8.104985291236895817e-01,1.965601110107758065e-01,-7.651630933089528241e-01,1.660892121899452123e-01,8.127700010794158825e-01,-3.289050925382291934e-01,-4.901846993584248469e-01,6.737297660234548013e-01,4.195218890992891692e-01,-5.621135873510300085e-01,1.868509321603774587e-01,8.227145640474269328e-01,-2.012189773547594374e-02,-6.857321760682749678e-01,-7.601048294323314858e-01,-1.026730176364235025e-01,-4.771901474875497873e-01,4.913762199458488467e-01,5.949427584317968920e-01,7.044424613985662831e-02,3.646034311378754111e-01
-4.777455937520584950e-01,-6.897393573596729555e-01,-4.101252907029570016e-01,4.579041733420569776e-02,5.814752554740053592e-01,4.146117610749018301e-01,-2.452942443352267854e-01,1.254646270489295778e-01,6.860379771000484350e-01,9.407438795020928168e-02,-2.905924088188224230e-01,4.731905080631476634e-01,5.419401653281681330e-01,-1.582389602502679293e-01,1.071185706249497133e-01,7.048340902592108437e-01,3.398650274625538148e-01,2.467493685884047661e-01,3.701716023861498783e-01,5.405273545002849955e-01,2.742938568569889823e-01,2.628144311843093051e-01,4.199594343445757771e-01,6.837654650173210502e-01,1.264218585929862693e-01,1.022588156045697166e-01,1.000000000000000000e+00,1.678412558533383947e-01,-3.383177594446320491e-01,-1.799159264517526668e-01,-2.306831876626164735e-01,-1.713171811035485714e-01,3.817310291437276404e-01,-2.083462588528544809e-03,-6.526393972333046634e-01,-9.087684512346111410e-02,4.585508418138147246e-01,-2.910533433985555973e-01,-5.304716184683738733e-01,-1.786097880853625974e-01,1.304611066693211197e-01,-3.866528917314551173e-01,-1.601294054607261541e-01,-2.443023164070729780e-01,-1.954854939584946827e-01,3.598813585874597459e-02,1.183594398221612942e-01,-2.123883289599470536e-01,4.246093137489103109e-01,6.640114437270996373e-01,-9.827241588481375190e-02,-4.664257634522654683e-02,6.364302338089715683e-01,6.513383262469469859e-01,2.887705607099100846e-01,-6.263552268064506157e-01,-1.018625117502701544e-01,-5.833111579660584800e-01,-4.326603161736573000e-01,3.144677921878069604e-02,-3.587367532279391313e-01,-6.105800231308872172e-01,-2.005527060886609092e-01,2.435696261113501349e-02,-4.651369962203371067e-01,-5.987202375653677411e-01,-5.749513331467051569e-02,-5.911249241681237193e-02,-5.570647458685841213e-01,-4.152413262644888414e-01,3.790325742652424917e-02,-2.566979302362511484e-01,-6.266070549784479304e-01,-1.664779302196847666e-01,-2.727051844243484277e-02,-4.279840365287250759e-01,-5.507404988616262376e-01,-7.625859689550663900e-02,1.164095608461759024e-01,6.301614855943091786e-01,-2.484054490828545205e-03,-1.926721083409734525e-01,-5.771680219209278651e-01,-1.879260494017259975e-01,7.390690171168268208e-02,-7.980034441438992043e-02,-4.293519453248629270e-01,-1.191420426183309178e-01
-4.456267803056330190e-01,-1.911027372067967967e-01,3.725416742487124289e-01,3.857561019230544286e-01,-5.881730823170379374e-02,5.644266012416268019e-01,5.416491580435575104e-01,-1.592814708474800112e-01,1.577161013100867593e-01,7.361043947694386747e-01,1.831871992270762417e-01,-1.574405702202807122e-01,4.932977908257569211e-01,6.445477850936252029e-01,-1.111476874214361726e-01,2.570352046559858106e-02,6.729285992864938448e-01,-1.505837101867897425e-02,-5.815681299940922422e-01,3.907102602315462025e-01,6.480538887150080196e-01,-4.881707844235946281e-01,-4.458257076698997068e-01,7.212559391175903389e-01,2.335865191657577888e-01,-8.319093154415743152e-01,1.678412558533383947e-01,1.000000000000000000e+00,5.478489357424175532e-01,-6.155815941247076983e-01,-4.715148835656570586e-02,7.497180457890391114e-01,3.780732224978053391e-01,7.092717833133720395e-01,4.969401665320301309e-02,-2.423050948681166050e-01,6.491083011530495162e-01,5.361627377457587329e-01,1.126454335853689370e-01,4.437931112897539054e-01,1.059151368583881730e-01,-2.078361224885145742e-01,-2.628230330962048611e-01,-5.810897583117249354e-01,-8.260373534706570708e-02,1.650046705958350679e-01,-1.503009455463706900e-01,-5.087964920317826767e-01,3.909221747547161896e-01,8.916630995294684559e-02,-7.859036746537342299e-01,-1.537933764637490208e-01,5.533650889558708874e-01,-2.917604105201845877e-01,4.462738922254472773e-01,2.826402749442535195e-02,-7.831334956440680894e-01,-3.078248202288585977e-01,6.307339196007046844e-01,-2.129158253500235687e-01,-8.534206035227224207e-01,2.574704856254788621e-01,4.991522153577973575e-01,-6.365102893650280702e-01,-6.352125335831042552e-01,4.136557770676554391e-01,8.155734733968852956e-02,-8.779283074865614767e-01,-1.973647983011203588e-01,5.176589825303570258e-01,-3.977205239214613997e-01,-8.066821157336864223e-01,2.157671644129817434e-01,2.021083780821114340e-01,-7.823854318199815472e-01,-3.655584938750257584e-01,3.188339604942985739e-01,-4.231992108731591484e-01,-7.993929019857787255e-01,1.805515457168079263e-01,5.488339264575040621e-01,6.546108816346590809e-01,-5.242242989762272397e-03,2.384461903322603049e-01,-5.550298417179398980e-01,-4.830108012322102962e-01,-1.860706255315681401e-01,-2.658518118641006733e-01
-2.372820279655919185e-01,2.853572225553816510e-01,4.216692824424809749e-01,6.494899753017471244e-01,-2.344439772180642867e-01,-9.709574132264831015e-02,7.293354396311894083e-01,2.235278736413986167e-01,-3.974226371470295782e-01,3.369728101301170398e-01,6.854286426875176863e-01,-1.493355768733920230e-01,-2.009901552967770233e-01,6.974452683370316874e-01,3.094903836290642252e-01,-4.698281995855420057e-01,9.778521960151814740e-02,2.251516802732944356e-01,-5.574275081841392199e-01,-3.258876963133882088e-01,5.349559320022755360e-01,-1.253778987148860824e-01,-8.019890080976171953e-01,1.359946723825291304e-01,5.733888477491549951e-01,-4.615098462717626138e-01,-3.383177594446320491e-01,5.478489357424175532e-01,1.000000000000000000e+00,7.120183274295480147e-02,9.422390402002940590e-02,5.849060321710995991e-01,4.849782005885178160e-01,5.231800991899614450e-01,2.488371121765053096e-01,1.394654074121997600e-01,5.116275758906670967e-01,3.630436313778299118e-01,4.359408655328125826e-01,7.391145851940261746e-01,-1.182289518182114557e-01,-2.860020814429075631e-01,-3.695020645312872554e-01,-6.292078031812134986e-01,-1.521070698825370826e-01,2.494759306255117381e-01,-1.006811384821849342e-01,-6.766955317899137068e-01,-1.751692557849572340e-01,4.227407175349229274e-02,-5.509275060314265948e-01,-5.708267845961431108e-01,1.821021999597308497e-02,-6.449334631610401658e-01,-1.408163701228479225e-01,2.624501920217967368e-02,-6.613528689460559384e-01,3.707397831730936955e-01,5.158166772502705832e-01,-6.286814945589213055e-01,-3.560983965458980327e-01,7.536722960191165610e-01,6.968685388258276381e-02,-7.951065119046293317e-01,7.995189151549431106e-02,7.022935499217393129e-01,-3.985509126455025752e-01,-6.638382587987275985e-01,5.122246545372801663e-01,3.781951665663259021e-01,-7.489587797692260907e-01,-2.483786631212200335e-01,6.674173269264812580e-01,-1.969405913858352786e-01,-7.205363261107369244e-01,3.160305170863448865e-01,4.069055889574351714e-01,-6.616530145508602301e-01,-6.147874339242358488e-01,-3.083909757503997540e-01,9.800671570651910136e-02,4.970827060216304605e-01,4.845714317469766441e-01,-3.829307331887700592e-03,-6.132358882809334499e-01,-1.239692797887693293e-01,1.588235534943716332e-01,1.115370356369242838e-01
6.800864959246169517e-02,1.966431406069805710e-01,-3.428469587904731108e-01,2.192153192870253398e-01,1.873129565250456763e-01,-7.416646501917407708e-01,-1.149567042775877096e-01,6.105348877526621809e-01,-2.892167730300381212e-01,-6.863994523523817559e-01,3.594166450870913687e-01,3.742087764461968225e-01,-6.669498441980359349e-01,-2.786065071416062300e-01,6.042105919590001761e-01,-1.642305958153845724e-01,-7.215341821272871492e-01,3.710298955211887018e-01,3.699692243295250593e-01,-6.703220566873960840e-01,-1.777691579226969854e-01,7.152348999660866902e-01,-9.135347669715181140e-02,-5.474590433808602663e-01,3.555860771002752885e-01,7.109227987063130305e-01,-1.799159264517526668e-01,-6.155815941247076983e-01,7.120183274295480147e-02,1.000000000000000000e+00,8.929005783327816081e-02,-6.146295818527877097e-01,1.302974198435449815e-01,-3.807403341116313844e-01,-6.378288189348605558e-03,4.051672320363965962e-01,-1.066560771992250550e-01,-4.057457181456958217e-01,9.695991989932069288e-02,1.230902434264523164e-02,-1.843969953355949210e-01,-1.231808347033263168e-01,-1.777788347001336977e-01,-4.384435947660406813e-02,3.542603669963673152e-02,1.778976369366571941e-01,3.272099646700021153e-02,-1.418853750552539206e-01,-5.295420083996994487e-01,2.002143158266773415e-01,4.290300350639982274e-01,-4.389937275461043842e-01,-4.584927684978072349e-01,1.536101239505412337e-02,-6.398110970028272337e-01,-3.451822134825914823e-01,2.706038519867536296e-01,5.793390516687860758e-01,-5.316919769007772967e-01,-4.506609494951586137e-01,6.189581838566181604e-01,2.063973467917624705e-01,-7.463901608404492904e-01,-2.696096940132566150e-02,7.713120991384125880e-01,-1.131901090791507941e-01,-6.463952493357075779e-01,4.749433544935077189e-01,5.939454681825407922e-01,-5.664002126675842241e-01,-2.860253837825204593e-01,7.693782424391270025e-01,1.268102609724251761e-01,-6.371638013018354751e-01,3.216351992415197869e-01,6.829049239097634283e-01,-2.933067061717907764e-01,-1.997395421104772306e-01,4.984576713492265831e-01,-2.808280041854502862e-01,-7.141674737784943217e-01,-4.750974215492205777e-01,2.659213358169963959e-01,-4.912674782923691086e-01,1.122710114993087094e-01,5.518836863704946749e-01,3.103251068784301236e-01,5.229414635366880226e-01
-4.983249382026293944e-02,-1.152272912002509642e-02,-1.997769463629715525e-01,2.432189320853093625e-02,1.394685142569644654e-01,-2.163257898167447457e-01,-1.138465193843826995e-01,2.011182443001251485e-01,2.979778278146331906e-04,-2.502715178152098430e-01,4.257528177312407125e-02,1.855227737949350086e-01,-1.476885733778805498e-01,-1.525727537330208439e-01,1.974443757711946135e-01,2.993856233057142630e-02,-1.278087411314312305e-01,-2.415755583030704950e-02,-3.475702500778745652e-01,-1.591056386701913961e-01,6.688203936512984726e-02,-1.268621536577851094e-01,-2.357109699302819827e-01,-2.175854937516392973e-01,2.233697258665399976e-01,1.128614655616570761e-01,-2.306831876626164735e-01,-4.715148835656570586e-02,9.422390402002940590e-02,8.929005783327816081e-02,1.000000000000000000e+00,2.477562956568336028e-01,1.103468610939486172e-01,-2.478086134307664057e-01,4.554191479574010715e-01,2.673416600487283357e-01,-3.648447887827137304e-02,-7.409467583668448432e-02,6.470358410934761162e-01,-1.510806787182665256e-01,-8.011314664319513223e-01,-2.027594279605176852e-01,1.813120581222953664e-01,-4.759507225170172412e-02,3.406527761848234578e-03,-3.387322279867227559e-01,-1.046905581685006748e-01,-5.801050138116328747e-02,-3.404844464858752251e-01,6.710785751958582568e-02,1.970686628919664507e-01,-2.242484680406980346e-01,-2.569820005564951160e-01,1.655478819156254999e-01,2.243823299355007794e-02,-2.093056171346694139e-01,1.136284721289596983e-01,-3.127490417533494022e-02,-2.434854106092170997e-02,-4.129008558215266356e-02,5.351450549135935292e-02,3.420126236021755334e-02,-1.240479677036825656e-01,-1.267528920041682654e-02,1.300982285166883967e-01,-1.568807098866385058e-02,-1.179432412492474602e-01,8.316546617020278975e-02,9.900779209525031876e-02,-1.012829755494975142e-01,-7.494374352226533531e-02,1.628745718871585646e-01,6.381555385518405954e-02,-2.202341268632526938e-01,5.192268743680322762e-02,2.817713156013397779e-01,-1.114140981904961775e-01,-9.109026048381399510e-02,5.835439459641470622e-02,-1.039970257374193685e-01,-7.033602845800697445e-02,-8.812144256454496061e-02,3.061991204180119705e-02,-2.289823774747707374e-01,-7.738349303706350268e-03,2.134413655221571449e-01,1.270943252494196596e-01,1.457340973741249601e-01
-1.798692005709454367e-01,7.606904569971131846e-02,4.819667241885262077e-01,2.767721372804791691e-01,-2.737779262412392556e-01,3.801688804751139905e-01,5.377128224495802966e-01,-2.410771639393863852e-01,-8.648390338136477395e-02,6.363629467860624223e-01,2.142606147740446498e-01,-3.366495957664873973e-01,2.802626324497162758e-01,6.302649277780072445e-01,-1.809447533423796939e-01,-2.122480998914364203e-01,5.542849876707485191e-01,-6.583999814383387217e-02,-7.765716191381698552e-01,1.554188959261147140e-01,5.394769786189337335e-01,-6.102024787707226450e-01,-5.742112885789132370e-01,3.527229333509689368e-01,2.254071741820107277e-01,-7.332335242027568922e-01,-1.713171811035485714e-01,7.497180457890391114e-01,5.849060321710995991e-01,-6.146295818527877097e-01,2.477562956568336028e-01,1.000000000000000000e+00,3.080775472257721859e-01,5.179912191526939713e-01,3.164564398505760878e-01,-3.979118425311387736e-02,4.300895834057614775e-01,4.770579006204170858e-01,4.376300162459139664e-01,4.365950998365235036e-01,-2.044765182372202950e-01,-1.551229387632649115e-01,-2.143148367855142802e-02,-4.310780222112284288e-01,-1.043603504301810203e-01,-1.094965517290483609e-01,-1.720244275408188417e-01,-3.912498341303880522e-01,9.772635745689312037e-02,-8.688499186009050745e-02,-5.849272906441297382e-01,-1.783843381068308254e-01,2.075883168207960094e-01,-4.201879552536820217e-01,2.961821223466385433e-01,2.204338924356465113e-01,-5.709751238947666785e-01,-1.075908541768887672e-01,6.970418997192100452e-01,-1.477745911120081357e-01,-6.087789012504221109e-01,4.026098996075831993e-01,5.182688154305444828e-01,-5.221529581384296570e-01,-4.023605328296013806e-01,5.690683713979824976e-01,1.352672650829302436e-01,-7.407936763785802903e-01,-7.215562373461409384e-03,6.231391517324722518e-01,-3.359708890162714789e-01,-6.347692129445100528e-01,3.985400345729268046e-01,2.450831941621791910e-01,-6.871817558904802503e-01,-1.553217921144376124e-01,4.647681930877310408e-01,-3.324986801808701431e-01,-7.359637273544193947e-01,-8.002352538890117328e-02,5.276021620648345678e-01,6.333587617654391488e-01,1.854776689007919255e-01,2.441919111451316682e-01,-5.117191887731453726e-01,-3.704520794533817662e-01,-5.504383197324077409e-02,-2.141535474863134336e-01
-4.775483115760999486e-01,-2.490002299716113088e-01,-1.168026038986828136e-01,5.108599369670154822e-01,3.133932742893967283e-01,2.398317866877580293e-02,2.702788006774586860e-01,3.937718692401311338e-01,1.506684422226558795e-01,1.071688601196458118e-01,3.373350033190533059e-01,3.339307859906919806e-01,8.797943551632325665e-02,2.970613580236580731e-01,4.672663882934667279e-01,1.425608934659067517e-01,1.969904113213082064e-01,6.589376970000653255e-01,-1.905043442769154549e-01,-9.842953739812546066e-02,7.175386021612399912e-01,3.094864791471797494e-01,-4.199310559829721456e-01,3.524370287681662384e-01,7.988914566039799769e-01,3.235716917056508102e-02,3.817310291437276404e-01,3.780732224978053391e-01,4.849782005885178160e-01,1.302974198435449815e-01,1.103468610939486172e-01,3.080775472257721859e-01,1.000000000000000000e+00,1.048965929823356541e-01,-3.216349672805112747e-01,4.464750774654803744e-01,7.827229553608227031e-01,-2.531023337687658414e-01,1.352800049807813265e-01,3.991226580538245194e-01,-3.523993508213726922e-01,-6.588904331372692491e-01,-2.481475520773486487e-01,-7.050886897116663832e-01,-3.268218816804231430e-01,-4.126284160663911543e-02,-2.084101020944325103e-02,-7.573228669383987866e-01,-1.773292639455220088e-01,7.248466741381990319e-01,-1.972807699278507354e-01,-7.622974835876442645e-01,2.442498497681779290e-01,9.556364482216474221e-02,-1.787485818355556144e-01,-6.333426079542655573e-01,-3.592411944705721782e-01,3.531519767926787068e-02,-1.518411528075857830e-01,-6.064067656393972161e-01,-2.895602363676336166e-01,1.702103210800189059e-01,-3.936380269040197222e-01,-5.736155620198976068e-01,-1.358233932097346018e-02,3.136494607195953327e-02,-5.390950481160855512e-01,-3.771156444657267626e-01,1.419246914834413620e-01,-2.117477012204631581e-01,-6.183897275619405498e-01,-1.358567413756447129e-01,6.007900759366586324e-02,-4.794928426493903495e-01,-4.514488017266556352e-01,1.584728247320306427e-01,-2.102470658358914224e-01,-6.032098903900280362e-01,-1.948567949810190714e-01,1.202546614133480213e-01,-1.096856532146323199e-01,5.828306527748902677e-02,1.625597150321347276e-03,-3.280596816707001540e-01,-3.368756948118279970e-01,7.215737989728181201e-02,-2.045433346119820972e-01,1.308806427937616867e-01
-4.206771146756430046e-01,-1.492517677024282341e-01,2.635886104395791518e-01,4.383758757580042409e-01,2.216932853293459346e-03,3.496158661205556184e-01,4.906445370928811944e-01,1.837070577145765923e-02,8.292396587221788351e-02,5.200204478522824081e-01,2.710731620077757031e-01,-3.415318718694702188e-02,2.958819498486253141e-01,5.430488449478229063e-01,4.048687631919101887e-02,-1.433826751221994530e-02,3.809599843850097201e-01,-1.327595639026010188e-01,-4.831744243957196705e-01,2.714463724056417893e-01,4.550560429393119555e-01,-4.193106636060203729e-01,-4.007829070771055102e-01,5.486769909902732278e-01,8.192116980937878823e-02,-7.643497255240148114e-01,-2.083462588528544809e-03,7.092717833133720395e-01,5.231800991899614450e-01,-3.807403341116313844e-01,-2.478086134307664057e-01,5.179912191526939713e-01,1.048965929823356541e-01,1.000000000000000000e+00,2.140844625211524022e-01,-5.382323153232185797e-01,5.480227345810492201e-01,8.050676071476975393e-01,5.960414198303376487e-02,4.807601725073894494e-01,3.444979510245743670e-01,-4.659706305751983718e-02,-5.534907416351462217e-01,-5.596668298247666762e-01,1.131635243856966566e-01,6.028258310392667907e-01,-1.712107676789795530e-01,-4.723966066529176611e-01,4.849923267513052694e-01,-1.329292263942306318e-01,-8.944714596663191353e-01,-4.455771308823618104e-02,5.399709637606937562e-01,-4.832154976534072666e-01,4.794551012372611498e-01,1.649592089411850149e-01,-8.711142710502961517e-01,-2.095206478266736227e-01,6.388664715977415698e-01,-2.573921053092084188e-01,-7.646330266211797122e-01,3.274526813307196971e-01,4.680686199906077816e-01,-6.351952859578579025e-01,-5.079287560514456068e-01,4.273755063378130714e-01,-1.677491316115553230e-02,-7.852807590339562216e-01,-7.039532067563895879e-02,4.397441659045820406e-01,-4.251714744347826480e-01,-6.382250423540967166e-01,2.496725858135235010e-01,1.205211814390401148e-01,-6.567288310545756902e-01,-2.545427744191081643e-01,2.846991930646678437e-01,-4.148222475595812475e-01,-7.084021570077583263e-01,1.697916248042097564e-01,3.844573465775705245e-01,5.367616375728798683e-01,3.078878407718089322e-02,1.668650169771809244e-01,-5.144202300372070491e-01,-3.980706830044829503e-01,-3.553343341460008659e-02,-1.386000637859310658e-01
1.776552430282367367e-01,2.571026690916704549e-01,1.088843737483041196e-01,-3.794956492603524661e-02,-1.904462695892332469e-01,-1.904564864072861852e-01,4.381655276430177631e-02,-2.179272517737599474e-02,-2.289195443499585370e-01,-8.843466171049224611e-02,7.492050515380019315e-02,-1.335582358244626344e-01,-2.022927510792402461e-01,-8.558408924610004867e-03,-5.618958982874515395e-02,-2.684416958211164883e-01,-1.080964397404973326e-01,-2.082402808689409746e-01,-5.600292977367952174e-01,-2.581830067886153879e-01,6.165243928683365043e-02,-3.322254097794128946e-01,-4.791314886961331454e-01,-3.671660688988902521e-01,-1.705883602539016303e-02,-2.483591177854599652e-01,-6.526393972333046634e-01,4.969401665320301309e-02,2.488371121765053096e-01,-6.378288189348605558e-03,4.554191479574010715e-01,3.164564398505760878e-01,-3.216349672805112747e-01,2.140844625211524022e-01,1.000000000000000000e+00,6.102179232142925652e-02,-2.115645213582436901e-01,5.363563216860079974e-01,7.577027565280756161e-01,-6.521558837625768268e-02,-2.644101267309009740e-01,4.850885973169555276e-01,1.760822369064635462e-01,-2.907985596062821754e-02,5.791746393803556270e-01,-2.449240818511608415e-03,-5.591553848018503414e-01,8.949861958449892296e-03,-3.568576395600008277e-01,-6.129362296922096220e-01,-1.422045995756400505e-01,-6.796404888194275407e-02,-4.579631937475873160e-01,-5.280995750643695530e-01,-7.306068924741029869e-02,4.125568554929835985e-01,-1.596129638481330326e-01,2.529811047487882103e-01,4.545358641386621490e-01,-1.141098445621737956e-01,-2.178452962400383164e-02,4.565768675690936584e-01,2.223765859000048917e-01,-1.860387889618487778e-01,1.532454817999581997e-01,3.969615878955667920e-01,1.109686609697531530e-02,-1.065149639688869332e-01,2.764521703381019879e-01,2.800986691673066908e-01,-9.075959596004418151e-02,5.418904044100051470e-02,3.650668532515716769e-01,7.114785203986491446e-02,-1.252224007938145846e-02,2.414899752936376098e-01,3.100366647130415876e-01,1.469212623904023836e-03,-2.059563865612162592e-01,-3.028210263140033720e-01,8.705531707837038669e-02,1.914782662669624880e-01,3.033571123652215595e-01,7.346827369583026901e-02,-9.981399889164921380e-02,8.367243917808876719e-02,2.889272628496541429e-01,1.469118310614448975e-01
1.516461253133862819e-01,1.779766464994724240e-01,-8.310041898203943123e-02,2.900117897632783007e-02,-1.507568693015490409e-02,-3.274316249850126037e-01,-4.895948505017460456e-02,1.785115051012758358e-01,-1.786559460846143810e-01,-2.642085756039856403e-01,1.249868951825321289e-01,5.663179782210456259e-02,-2.773289612056062392e-01,-8.396511750880507330e-02,1.998683836779629741e-01,-1.572221266480599289e-01,-1.471924937427911972e-01,6.417002449140747355e-01,2.343994801635606098e-02,-5.266031747505942606e-01,2.559117949777515721e-01,5.034824011055621940e-01,-3.315718311167762944e-01,-4.248643778989160680e-01,5.826914260642831467e-01,4.945812682487439327e-01,-9.087684512346111410e-02,-2.423050948681166050e-01,1.394654074121997600e-01,4.051672320363965962e-01,2.673416600487283357e-01,-3.979118425311387736e-02,4.464750774654803744e-01,-5.382323153232185797e-01,6.102179232142925652e-02,1.000000000000000000e+00,3.806422502708414063e-02,-5.858719735915621785e-01,4.234812026488759540e-01,-5.622844332970799303e-02,-5.007717502436535018e-01,-1.900981811149102599e-02,4.819182789199641381e-01,-1.259579558025386292e-01,8.971800249604279520e-02,-5.807758602412299576e-01,-3.422645224939444564e-01,-2.268622691722185780e-01,-8.292518838435607442e-01,2.574444075962249445e-01,4.748310835223090720e-01,-6.501257023469936280e-01,-5.928473283664639215e-01,-7.472105723943667753e-03,-7.718834176318585261e-01,-2.738747926918843056e-01,3.218686556615898975e-01,5.179754270287432183e-01,-3.383775633931759841e-01,-4.308416581774659471e-01,4.396372429596784315e-01,2.651300928611589613e-01,-5.682468338601064373e-01,-1.045403436904511901e-01,5.669189456285951279e-01,1.213427230596530494e-02,-4.197528183315258343e-01,2.445465237551598670e-01,4.141878912202884844e-01,-2.864995620992846770e-01,-2.246332670126198749e-01,4.294815778525056804e-01,1.426385230105470248e-01,-3.661266710619661136e-01,1.088734631880166337e-01,4.454466680169839043e-01,-9.413551091953302474e-02,-1.519817141309866559e-01,2.469853026574556076e-01,-2.585269161493439771e-01,-3.685702409762060539e-01,-2.191041446492203726e-01,2.495969624254618102e-01,-2.793736002353530701e-01,4.715507833171409674e-02,3.890515775960050049e-01,1.584682336009671580e-02,2.814033473744382285e-01
-6.836323964282947641e-01,-4.266911758182547754e-01,-7.749094110272043701e-02,6.089192661241218385e-01,3.934418997027227527e-01,2.640627911350661994e-01,3.690793410214307513e-01,3.583579770741664450e-01,3.178208689841470758e-01,3.306084272362941334e-01,3.188758639423184826e-01,3.670075757032913444e-01,3.230605585843381311e-01,4.259652208640187232e-01,4.018527356501601089e-01,2.694874278420188451e-01,3.878178887969427890e-01,4.578718154908109073e-01,-2.791300809493544310e-01,1.582032884784707605e-01,7.927346032082523974e-01,1.077042397155012904e-01,-4.161005702141245544e-01,6.463768264710714195e-01,6.484863475726687643e-01,-3.138505017319618284e-01,4.585508418138147246e-01,6.491083011530495162e-01,5.116275758906670967e-01,-1.066560771992250550e-01,-3.648447887827137304e-02,4.300895834057614775e-01,7.827229553608227031e-01,5.480227345810492201e-01,-2.115645213582436901e-01,3.806422502708414063e-02,1.000000000000000000e+00,1.632223007783494551e-01,2.538941980149835020e-02,4.567381626395456973e-01,-5.493706080607000525e-02,-5.679291577785099410e-01,-4.893653479267465745e-01,-8.724343416276415519e-01,-1.566981104093109478e-01,2.833653065178157182e-01,-1.360698476687252356e-01,-8.413524408077810435e-01,1.938236647699237425e-01,6.131150119729045223e-01,-5.978304838844605840e-01,-5.976735107333370767e-01,5.622920196873653076e-01,-2.666898283453612156e-02,1.620907705382399755e-01,-5.175593065068135878e-01,-7.094161569277460666e-01,-1.942115289217263008e-01,1.022888107588049711e-01,-5.759990328913414670e-01,-6.588942679628054799e-01,1.575881573919203082e-01,-1.258982948005742952e-01,-7.275416036176914902e-01,-3.365200845416313480e-01,8.579754293682423372e-02,-4.483061725236291428e-01,-6.501891166219477824e-01,-3.706739057658975378e-02,-6.760384461292361091e-02,-6.597933446121073686e-01,-4.346724252633603069e-01,1.770511745815521801e-02,-3.716469951721501630e-01,-6.458114843059472587e-01,-7.283333188496449173e-02,-1.680061251363450525e-01,-6.714077540316533144e-01,-4.503518960300498808e-01,3.145421835500311070e-01,5.605905276427793765e-02,2.338853734667690476e-01,-1.130131507093987547e-01,-2.469769498393354634e-01,-5.016765132619972478e-01,-1.298084609150920998e-01,-2.191737496860773349e-01,4.349096891586947539e-02
-1.785088407371840658e-01,2.091239090237839021e-02,3.231851140530226374e-01,1.815961541189833328e-01,-1.731800751179951858e-01,2.831972655164748387e-01,3.541337521549089429e-01,-1.644931025272771130e-01,-3.270622361966735170e-02,4.302179836833047721e-01,1.247862224704348877e-01,-2.070425052680676947e-01,2.067414313277341209e-01,3.928847684473625868e-01,-1.642574735224303362e-01,-1.246887875260427186e-01,2.982091119933348300e-01,-3.788122694510971944e-01,-5.733976574133394788e-01,2.208548951363802915e-01,2.334077191876904878e-01,-6.004318947167056608e-01,-3.597840743931409180e-01,2.748980984847709808e-01,-1.698458761643557302e-01,-7.507055544987982776e-01,-2.910533433985555973e-01,5.361627377457587329e-01,3.630436313778299118e-01,-4.057457181456958217e-01,-7.409467583668448432e-02,4.770579006204170858e-01,-2.531023337687658414e-01,8.050676071476975393e-01,5.363563216860079974e-01,-5.858719735915621785e-01,1.632223007783494551e-01,1.000000000000000000e+00,2.679699059498240610e-01,2.663705189196595158e-01,2.711225933089911888e-01,2.534394762079837382e-01,-3.487099349076882016e-01,-2.954715546691661920e-01,3.107133976890178451e-01,4.945538105730174494e-01,-2.694471831992286126e-01,-1.673175064325127803e-01,3.921013135473232492e-01,-4.968533300713965928e-01,-7.545714675732467791e-01,1.933006376538942139e-01,2.813968197104087521e-01,-5.572752383372728824e-01,4.736863064702028225e-01,4.394988836054955494e-01,-6.619445868182498582e-01,-1.537681641955344625e-01,7.453630029315377881e-01,-3.420020489775972561e-02,-6.004817494077748785e-01,3.457238332960195226e-01,6.206454352222218196e-01,-4.107719411026287126e-01,-4.238549451997245532e-01,4.749122917264113064e-01,1.974941827099176150e-01,-6.113390212096327936e-01,-5.925084482655178231e-02,5.534901289778496603e-01,-1.859746032189806275e-01,-5.339342262965388608e-01,3.003037352104323543e-01,3.103609256799916838e-01,-4.488418332159445079e-01,-2.205986693245682584e-01,4.234394242365754901e-01,-1.538349674806152867e-01,-6.410407932925662466e-01,-3.374933828494769091e-04,4.641610745387004244e-01,5.403980492720253936e-01,1.034287342911053703e-01,3.145455490948064203e-01,-3.613587205568214999e-01,-3.600089062559289621e-01,7.977494269861010179e-02,-1.527859828336011749e-01
3.702305143004833848e-02,2.629967269464815183e-01,1.323239140509067935e-01,1.633604905759445391e-01,-1.605596810644928096e-01,-2.474246297806078354e-01,1.943910342796035251e-01,1.112011535210134239e-01,-2.852785674182282127e-01,-5.890463659320982481e-02,2.593300051556887698e-01,-8.113875365996649214e-02,-2.542493762763471388e-01,1.431917296875074297e-01,1.393633213808585791e-01,-3.016595119218878351e-01,-6.588498372420081850e-02,1.183401011758831445e-01,-6.283893295720418548e-01,-3.923030681406320386e-01,3.086205226342547681e-01,-1.755302958426012694e-01,-6.537575658143273127e-01,-3.411294343801585804e-01,3.784883351820988451e-01,-1.149292896958486881e-01,-5.304716184683738733e-01,1.126454335853689370e-01,4.359408655328125826e-01,9.695991989932069288e-02,6.470358410934761162e-01,4.376300162459139664e-01,1.352800049807813265e-01,5.960414198303376487e-02,7.577027565280756161e-01,4.234812026488759540e-01,2.538941980149835020e-02,2.679699059498240610e-01,1.000000000000000000e+00,1.171973368172779251e-01,-6.860345054088954342e-01,9.403334389827858186e-02,2.045162743726408883e-01,-2.529442655916913085e-01,2.829077797157152352e-01,-2.347970997001943561e-01,-4.605711373654567398e-01,-2.662358548303453420e-01,-5.654964699011026941e-01,-2.449891650195789305e-01,-5.559866108676344426e-02,-4.261033351945901493e-01,-4.612140326950319724e-01,-3.936082952353372466e-01,-2.335547965129185499e-01,1.176542270022559733e-01,-1.431694228957182957e-01,3.322533172078989683e-01,3.261068919835308777e-01,-3.375684010863848616e-01,1.239812003343349761e-03,5.319577830116419825e-01,-1.071981114256918659e-02,-3.442617703549571972e-01,2.611427256085877557e-01,4.187333777008321878e-01,-2.074980472198553749e-01,-1.725492800419359263e-01,4.026811990380461115e-01,1.850625749695965772e-01,-3.252583238433608415e-01,8.647471363784602072e-02,4.505480869134645960e-01,-1.480612014686409073e-01,-1.917100191289873301e-01,4.071533757774055129e-01,2.570430730666982688e-01,-2.507542700936913338e-01,-2.394328591254695771e-01,-3.685115110551221984e-01,2.113175471109613249e-02,2.031814144665751998e-01,3.745359465792217901e-01,-5.905540454790265265e-02,-2.226015024045267243e-01,1.558503442196715882e-01,1.996081314115393801e-01,1.969990776258539189e-01
-2.628735270870164453e-01,3.160024522860015450e-01,4.697902178232079007e-01,6.940934765821250574e-01,-2.654259549174604604e-01,-1.117638539596095271e-01,7.883996975983286193e-01,2.285822704652891724e-01,-4.518699102743428675e-01,3.618604295842090535e-01,7.406394905902572434e-01,-1.824253390441385181e-01,-2.425336061662057563e-01,7.489657702816332474e-01,3.232360306333955657e-01,-4.899233570384387004e-01,3.647354795717337034e-02,1.569042784266603818e-01,-3.588166804891547712e-01,-2.778428960220676869e-01,3.438779870545412565e-01,-1.131675746167402352e-01,-5.449135049551691035e-01,2.094750890257180698e-01,3.950279136765992294e-01,-3.910383749622228788e-01,-1.786097880853625974e-01,4.437931112897539054e-01,7.391145851940261746e-01,1.230902434264523164e-02,-1.510806787182665256e-01,4.365950998365235036e-01,3.991226580538245194e-01,4.807601725073894494e-01,-6.521558837625768268e-02,-5.622844332970799303e-02,4.567381626395456973e-01,2.663705189196595158e-01,1.171973368172779251e-01,1.000000000000000000e+00,6.272827165804714666e-02,-5.001295180265842300e-01,-5.678157940923078684e-01,-5.216853634928874106e-01,-4.790973205325592676e-01,3.844575359814337290e-01,2.883798349560368068e-01,-5.789989072856586150e-01,5.918721963902506822e-02,1.144421553037088951e-01,-5.163501697917307620e-01,-3.645217025143954181e-01,1.890037049915033185e-01,-5.101183667397439780e-01,-1.671463034954901589e-02,5.993559220897965584e-02,-5.714014151603422631e-01,3.032284217533208759e-01,4.177440726000296034e-01,-4.891271300252817977e-01,-2.818672879429556244e-01,6.063161975455756414e-01,8.403224751065728471e-02,-6.535622712246542676e-01,5.358831671578147271e-02,6.380703066718654837e-01,-3.383778732772678155e-01,-5.947018206410162877e-01,4.650211293778906962e-01,3.598254395156257890e-01,-6.749666331794064167e-01,-2.367824532136919291e-01,6.120041542144052382e-01,-1.706561939866775013e-01,-7.117375918367927490e-01,2.655291129621278889e-01,3.682340442536641278e-01,-6.389240644170043337e-01,-5.404664476396283668e-01,-2.673026840930491921e-01,4.911717791399700106e-02,4.378973961195662401e-01,4.270987810533859452e-01,-7.735737221117765933e-03,-6.222484355827370139e-01,-1.926227602669131622e-01,1.340148992832046471e-01,3.670026595926829949e-02
5.879079786882560055e-02,9.876747105963945908e-03,2.079931600114421908e-01,-4.986174933878975701e-02,-1.502774965529529161e-01,2.534843558061093405e-01,1.076786811730604670e-01,-2.339120347306109793e-01,1.915048857200561672e-02,2.711403004252943005e-01,-7.415975915070474600e-02,-2.005725089424061081e-01,1.743672065113138214e-01,1.284977318519782974e-01,-2.639325930786428631e-01,-2.635786111769118645e-02,1.352820284246228355e-01,-2.015096298664053598e-01,2.793624919895031367e-01,2.377268123403184219e-01,-1.763649021100075764e-01,-5.472871885017979721e-02,2.619805002024607199e-01,2.610750953134031160e-01,-3.967590778750771929e-01,-2.593808201296072258e-01,1.304611066693211197e-01,1.059151368583881730e-01,-1.182289518182114557e-01,-1.843969953355949210e-01,-8.011314664319513223e-01,-2.044765182372202950e-01,-3.523993508213726922e-01,3.444979510245743670e-01,-2.644101267309009740e-01,-5.007717502436535018e-01,-5.493706080607000525e-02,2.711225933089911888e-01,-6.860345054088954342e-01,6.272827165804714666e-02,1.000000000000000000e+00,3.360619287836374425e-01,-2.431968876100943922e-01,8.252468418477984513e-02,1.343450721054649799e-01,4.679724196927139146e-01,3.933392533870990609e-02,1.557818496228257910e-01,4.721312280165479436e-01,-2.497282698430454140e-01,-2.918186925546948918e-01,4.044814074648954150e-01,2.878394724607937771e-01,-2.152012201108894074e-01,1.423067428011126623e-01,3.114297314157328800e-01,-1.907684110243701159e-01,-6.055536153914604924e-02,1.553466921239413101e-01,1.516141746071045515e-01,-1.484171416786449760e-01,-5.106017575547400905e-02,2.936042308310248261e-01,3.313206282622328802e-02,-2.355973170076244849e-01,5.891767015404219404e-02,2.233586864912480152e-01,-1.351386297972737849e-01,-1.602670427482240645e-01,2.028961219672004435e-01,1.351586406213884650e-01,-2.427492286409130562e-01,-4.331431868463062745e-02,3.151557629433812124e-01,-5.778754740990195427e-02,-3.408733167445333612e-01,1.722683753829876430e-01,1.312658333583682502e-01,-1.300235836870637374e-01,1.122878089771559562e-01,1.436197969845104672e-01,1.546555985516806231e-01,-5.002180871801801404e-02,2.847447528571515063e-01,-2.039240594366080808e-02,-2.985467359757250638e-01,-4.999412997244712803e-02,-1.908922222540106461e-01
4.606422653105706200e-01,2.013706328646962807e-01,1.232107068505594039e-01,-5.178030516554481544e-01,-3.003032349537064771e-01,6.427819297206764648e-02,-2.683689814587258415e-01,-4.398583721938373325e-01,-7.595880005276767211e-02,-2.796097787559213149e-02,-3.915726872694352267e-01,-3.427959180447055498e-01,3.049775024024882139e-02,-2.680420370693465393e-01,-5.226913399348286360e-01,-1.287015985572450283e-01,4.831778908055742693e-03,-2.781419259769775665e-01,-7.365616017572477504e-03,-1.258104110891879873e-02,-2.940041469168442334e-01,-1.713195037856541092e-01,7.446205334910283025e-02,-3.692951541566644735e-01,-4.580670699395213430e-01,-7.289184148922962792e-02,-3.866528917314551173e-01,-2.078361224885145742e-01,-2.860020814429075631e-01,-1.231808347033263168e-01,-2.027594279605176852e-01,-1.551229387632649115e-01,-6.588904331372692491e-01,-4.659706305751983718e-02,4.850885973169555276e-01,-1.900981811149102599e-02,-5.679291577785099410e-01,2.534394762079837382e-01,9.403334389827858186e-02,-5.001295180265842300e-01,3.360619287836374425e-01,1.000000000000000000e+00,5.454927667637626820e-01,4.487001352781426200e-01,7.415131089058729641e-01,-1.708848666998422916e-01,-5.563386294728709380e-01,5.035258308373793401e-01,-1.777917327934974423e-01,-7.278393141042587278e-01,1.448131897665177747e-01,3.789878307335904362e-01,-4.332958425478085629e-01,-3.291008937600686801e-01,-1.689434944420812046e-01,5.864341897765098510e-01,2.315077433543032692e-01,1.654499634567409283e-01,2.071740280885482344e-01,2.857641369697775380e-01,2.123863648080246969e-01,6.970190752896988917e-02,2.958701941530450519e-01,3.025070037711885540e-01,6.801946630072001898e-02,7.988275069138403572e-02,3.917893029344250433e-01,2.267633347832563873e-01,-5.153525329520983189e-02,2.294506879184251835e-01,4.413534807427115791e-01,7.241172814127073976e-02,1.385020620122788711e-02,4.385689341042268152e-01,3.564097952716658857e-01,-1.406503481122953203e-01,2.761878720047430402e-01,4.905474643584975536e-01,7.798321982095621219e-02,-1.543671786192074846e-01,1.354615156153745337e-01,4.012094560243282398e-02,8.185248132415667843e-02,3.397189211138292309e-01,2.706794893283925862e-01,-3.039948732560956296e-02,1.055941570036472849e-01,-6.697804567896245564e-02
4.712389663463003586e-01,1.240387660801988839e-01,5.495299705290405262e-02,-6.162060287680736215e-01,-2.505265921384601246e-01,1.201763659074782387e-01,-3.664429534704369273e-01,-4.948435301196404401e-01,1.381083870120858141e-02,-2.774427943266539673e-02,-4.997592626853879505e-01,-3.316617476951901344e-01,1.171558995316395319e-01,-3.046463781976530560e-01,-5.324609266109593397e-01,-2.944020840833722064e-02,1.511641415337737493e-01,5.268014558989648523e-03,2.432735880699424952e-02,-1.113599162045061930e-02,-1.690182993624959329e-01,-5.654319542502093954e-02,1.287430330080562291e-01,-3.919575808221842927e-01,-1.851412041381735041e-01,2.073993130895533388e-01,-1.601294054607261541e-01,-2.628230330962048611e-01,-3.695020645312872554e-01,-1.777788347001336977e-01,1.813120581222953664e-01,-2.143148367855142802e-02,-2.481475520773486487e-01,-5.534907416351462217e-01,1.760822369064635462e-01,4.819182789199641381e-01,-4.893653479267465745e-01,-3.487099349076882016e-01,2.045162743726408883e-01,-5.678157940923078684e-01,-2.431968876100943922e-01,5.454927667637626820e-01,1.000000000000000000e+00,5.199204121843058468e-01,3.430831775777424819e-01,-8.779914455338786450e-01,-3.777255346934931812e-01,4.901174379814270954e-01,-4.507992234655558983e-01,-2.767667665971270674e-01,5.435041394696091821e-01,1.594534924393141984e-01,-5.347030205299240224e-01,9.938795824000523638e-02,-3.261480022580891536e-01,2.452852273438905217e-01,5.772490284825846363e-01,9.555347233432139042e-02,-9.084513923157587489e-02,3.435264154784256063e-01,3.666038911650982834e-01,-1.426699621534613938e-01,5.870253507790249015e-02,4.642888089670250684e-01,1.276900538768181437e-01,-1.278117243494342192e-01,3.869422793915699432e-01,3.799063178847987277e-01,-1.435731806148533851e-01,6.801216049034441991e-02,5.132508538450164526e-01,1.390109067051604474e-01,-1.452731717758762586e-01,3.462609528769049483e-01,3.993367475509170816e-01,-1.205546392247253129e-01,8.898962803804952304e-02,5.142081455424808434e-01,2.594819283234757745e-01,-9.799171438459547412e-02,1.016375672896414756e-01,-1.163485587087509793e-01,-3.135798540092359088e-02,2.188945710853588134e-01,3.829637893516099623e-01,7.557787203860050207e-02,-1.249906141461394893e-01,-1.360223788768367970e-01
6.177765432274106017e-01,2.606429313583903395e-01,2.032701134099867274e-02,-6.936727255524308688e-01,-3.074509210834029949e-01,-8.393721611552709683e-02,-4.497941185215586501e-01,-4.427522086234856880e-01,-1.372129482539167222e-01,-2.425282611702710145e-01,-4.665865379368115406e-01,-3.365021920245405695e-01,-1.302577499947505657e-01,-4.685951126724078319e-01,-4.867142597612997834e-01,-9.519499207828878429e-02,-2.504945687556769940e-01,-4.878378729045222406e-01,3.652769547275528383e-01,6.420407590555589350e-02,-7.866545398284195967e-01,-1.402399546680215270e-01,5.888019904828564188e-01,-4.644742181229508105e-01,-7.224427827330823781e-01,2.867809310557488112e-01,-2.443023164070729780e-01,-5.810897583117249354e-01,-6.292078031812134986e-01,-4.384435947660406813e-02,-4.759507225170172412e-02,-4.310780222112284288e-01,-7.050886897116663832e-01,-5.596668298247666762e-01,-2.907985596062821754e-02,-1.259579558025386292e-01,-8.724343416276415519e-01,-2.954715546691661920e-01,-2.529442655916913085e-01,-5.216853634928874106e-01,8.252468418477984513e-02,4.487001352781426200e-01,5.199204121843058468e-01,1.000000000000000000e+00,9.749478639200977528e-03,-3.605346398138010167e-01,3.021231533148731052e-01,9.073701187562860371e-01,-2.922459523335914702e-02,-4.865462543715350918e-01,6.096230204164095889e-01,6.864253798918547034e-01,-3.852557362064051305e-01,1.979770979325033986e-01,-2.219168935371413146e-02,4.436893637083735298e-01,7.383885317492299150e-01,-2.081598269166799395e-02,-1.675705169600745226e-01,7.158899967642827766e-01,5.540517247511642651e-01,-3.777496797585742638e-01,1.799502819419517563e-01,8.264163152803953860e-01,1.393104059603205436e-01,-2.447073306816763272e-01,5.750411398232526672e-01,6.408132188701096688e-01,-1.931083396099618488e-01,4.116296102699736753e-02,7.830516864550751688e-01,3.053702354927827489e-01,-2.171187429288931880e-01,4.493570606812615220e-01,6.611192351169699055e-01,-1.334719858479916366e-01,6.415565862154173904e-02,7.578498541432866498e-01,4.796973264833556128e-01,-1.345215440084709946e-01,3.344464743927525602e-02,-2.606889788363273563e-01,-7.465426058626105366e-02,2.878753650874936731e-01,5.704018274416601253e-01,4.325652475666876690e-02,6.237628169835589959e-02,-1.626838795060725484e-01
1.235422959743668475e-01,-9.718452677495373337e-02,-1.522572575310403020e-01,-2.876181721134277725e-01,6.740980998584866768e-02,4.317928910047508229e-02,-3.009080918329354870e-01,-1.096033764917599546e-01,1.671454105908101451e-01,-1.277724317522650477e-01,-3.090768153465258683e-01,4.553403496484297042e-02,1.093857824353421937e-01,-3.039797070233163923e-01,-1.992635807507292522e-01,1.305345087725209852e-01,3.736294809346226570e-02,-2.186618416565133324e-02,-1.022746846607063415e-01,-2.309766894722730529e-02,4.880576118555243759e-02,6.640404997444794219e-03,-1.079598083304040279e-01,-2.030357974196737580e-01,-1.082400158998570450e-01,-2.876068739350806647e-02,-1.954854939584946827e-01,-8.260373534706570708e-02,-1.521070698825370826e-01,3.542603669963673152e-02,3.406527761848234578e-03,-1.043603504301810203e-01,-3.268218816804231430e-01,1.131635243856966566e-01,5.791746393803556270e-01,8.971800249604279520e-02,-1.566981104093109478e-01,3.107133976890178451e-01,2.829077797157152352e-01,-4.790973205325592676e-01,1.343450721054649799e-01,7.415131089058729641e-01,3.430831775777424819e-01,9.749478639200977528e-03,1.000000000000000000e+00,-1.061762552031200041e-02,-8.706920043793497932e-01,1.057501532191280486e-01,-2.616749330037519417e-01,-4.094675876028355255e-01,1.213236578068696385e-02,1.293965563941723226e-02,-3.129336024125673466e-01,-2.262127789900303665e-01,-1.663576397798155748e-01,1.953485453079872591e-01,-2.633430136626192450e-02,7.810045244035100642e-02,1.028314152619259764e-01,-2.146987535823318208e-02,6.114824934232984850e-03,7.857896585067071504e-02,5.863568735031604584e-02,2.227380047983204200e-02,2.602943194618934780e-02,-4.118611921563343492e-02,5.915679596568912402e-02,9.775197994055798145e-02,-4.655700102325885381e-02,-2.528082399564657995e-02,1.504947008071247649e-01,6.273028979232682378e-02,-8.136645592149364947e-02,1.025750928425042119e-01,2.431335246010452034e-01,-5.972036549146390871e-02,2.127802658257920213e-02,2.095307752744396124e-01,4.576192711566955812e-02,2.269072335154040040e-02,1.066675591539074930e-02,-1.722286378774420812e-02,-1.781434185374013504e-02,7.813316650487704684e-02,1.238036375093989200e-01,6.596761299470067785e-02,4.562504845384879326e-02,7.499561421866980659e-02
-3.068109085654644463e-01,-6.648928039209370255e-02,-3.351523811285672672e-02,4.404761789236577019e-01,1.624474107567251691e-01,-1.117244695606566252e-01,2.604909468227256664e-01,3.646589439645946396e-01,-3.119122547739362067e-02,-7.181595835723751306e-03,3.645748656460615078e-01,2.401204579648928139e-01,-1.186485855142857399e-01,1.841743241094835615e-01,3.676025089644452404e-01,3.024155658205274298e-03,-1.874240157328000145e-01,-1.428468319435441669e-01,2.161597345084285623e-02,2.084585545769896200e-02,2.372625241352430137e-02,1.295089124020407968e-02,-6.180084212282441897e-02,2.787724456056700495e-01,-3.438658591285664173e-02,-2.408012229876516641e-01,3.598813585874597459e-02,1.650046705958350679e-01,2.494759306255117381e-01,1.778976369366571941e-01,-3.387322279867227559e-01,-1.094965517290483609e-01,-4.126284160663911543e-02,6.028258310392667907e-01,-2.449240818511608415e-03,-5.807758602412299576e-01,2.833653065178157182e-01,4.945538105730174494e-01,-2.347970997001943561e-01,3.844575359814337290e-01,4.679724196927139146e-01,-1.708848666998422916e-01,-8.779914455338786450e-01,-3.605346398138010167e-01,-1.061762552031200041e-02,1.000000000000000000e+00,1.687358408644590579e-01,-3.195039788760296040e-01,4.373154372948863666e-01,-1.636503752187820973e-02,-5.357523586416386152e-01,1.323680790582086250e-02,4.129118307934444010e-01,-2.390596185756588554e-01,2.828108891248991008e-01,-2.411045815021843272e-02,-5.391824133738728486e-01,-4.460618869750988813e-02,1.631472877233383634e-01,-2.414471631579057087e-01,-3.049686898796358236e-01,1.553275054853003323e-01,5.393048659889568275e-02,-3.557199893515050615e-01,-1.167541282301653160e-01,1.395711589926375840e-01,-2.542050073256018616e-01,-2.932686412505008389e-01,1.185198730384515731e-01,-4.609567768477075556e-03,-3.532955923332702364e-01,-1.056556149556162061e-01,1.361284950488892420e-01,-1.937098253198204778e-01,-2.523470829707012419e-01,5.963622723674834314e-02,-4.000019970985625511e-04,-3.292607350684659262e-01,-2.181438232200500482e-01,4.834771999982561547e-02,-6.142274593650605408e-02,1.361585750529843430e-01,6.514609305493208880e-02,-8.335420031244514250e-02,-2.659368764067788771e-01,-8.553763646488940497e-02,1.699983577365850596e-01,1.376414896859792236e-01
1.625452017938936594e-02,1.278168127972515999e-01,7.293245750219597145e-02,9.013617359805477236e-02,-8.404823892067200819e-02,-1.212781059454165478e-01,1.129319012509855807e-01,5.629759468260755323e-02,-1.770159123536002299e-01,-3.253848565762183787e-02,1.677005353050270986e-01,-5.606244114015258156e-02,-1.848972400420532958e-01,8.392183957259798099e-02,1.096841454224733309e-01,-1.111483756441933313e-01,-2.187617978403130492e-01,-2.458933920328205958e-01,2.755382591534327186e-01,7.284720275655690025e-02,-3.908890657532318458e-01,-5.079353909446920196e-02,3.661335865455460636e-01,7.890499119735822076e-02,-2.310693500154984426e-01,1.057696101430190827e-01,1.183594398221612942e-01,-1.503009455463706900e-01,-1.006811384821849342e-01,3.272099646700021153e-02,-1.046905581685006748e-01,-1.720244275408188417e-01,-2.084101020944325103e-02,-1.712107676789795530e-01,-5.591553848018503414e-01,-3.422645224939444564e-01,-1.360698476687252356e-01,-2.694471831992286126e-01,-4.605711373654567398e-01,2.883798349560368068e-01,3.933392533870990609e-02,-5.563386294728709380e-01,-3.777255346934931812e-01,3.021231533148731052e-01,-8.706920043793497932e-01,1.687358408644590579e-01,1.000000000000000000e+00,2.086419948405608682e-01,3.731205265206102850e-01,1.955058205593811493e-01,1.124153639447670328e-01,2.957811635355226954e-01,2.659943566662247849e-01,2.751971088300820267e-01,2.572312136841404251e-01,-4.932932556049480360e-02,1.866142748139385799e-01,-1.283033820416977777e-01,-1.505077491349922914e-01,2.684883892147149620e-01,1.399207711464220683e-01,-2.306174800435240035e-01,2.139388398507875017e-02,2.481258388146968530e-01,-1.003944645932335067e-02,-7.542116999959264101e-02,1.089301141475152584e-01,1.230130837093324908e-01,-3.079211103823126586e-02,-4.774808990834905620e-03,1.071746653854006859e-01,5.863757117683247172e-02,-2.351742619902582807e-02,1.775364884114640288e-02,2.191668796944960113e-02,9.799787569869797960e-03,-4.451797213900172273e-02,4.570512208181444491e-02,1.299004051945237825e-01,-2.808364047773520208e-02,-2.930938396167242360e-02,-9.103846539517396197e-02,-3.975470212162658667e-02,-2.231329115981188840e-03,6.098489175084852165e-02,-5.941864063162251297e-02,5.666070451969927591e-02,-8.257502177537041910e-02
6.056658651912912861e-01,2.087593518215542787e-01,5.135121895229453892e-02,-7.491704908719953870e-01,-3.127452878750389131e-01,3.753195386267554889e-02,-4.683222870511955516e-01,-5.338431263312326536e-01,-6.003083254159417848e-02,-1.566477907059017349e-01,-5.530430923999356541e-01,-3.657780313310989295e-01,-1.031461352726338251e-02,-4.663337163473397773e-01,-5.742044483528286891e-01,-2.496422460057709514e-02,-1.455001665485037565e-01,-5.565747789725871142e-01,3.178698128087783514e-01,1.901115516407755612e-01,-7.671929041008072048e-01,-2.445161720652084536e-01,6.224905210272210221e-01,-3.767026816865553518e-01,-8.037938673572956327e-01,1.865461023391815631e-01,-2.123883289599470536e-01,-5.087964920317826767e-01,-6.766955317899137068e-01,-1.418853750552539206e-01,-5.801050138116328747e-02,-3.912498341303880522e-01,-7.573228669383987866e-01,-4.723966066529176611e-01,8.949861958449892296e-03,-2.268622691722185780e-01,-8.413524408077810435e-01,-1.673175064325127803e-01,-2.662358548303453420e-01,-5.789989072856586150e-01,1.557818496228257910e-01,5.035258308373793401e-01,4.901174379814270954e-01,9.073701187562860371e-01,1.057501532191280486e-01,-3.195039788760296040e-01,2.086419948405608682e-01,1.000000000000000000e+00,6.904048157573516864e-02,-5.580205294740051558e-01,5.621762032409809429e-01,7.898892419330487691e-01,-3.311793079494485537e-01,2.004974274712002791e-01,8.701999426239664936e-02,4.946684306653290619e-01,6.806048468161752796e-01,-1.283867231202132364e-01,-8.624839720346087757e-02,7.946446658253030204e-01,4.439533234213770552e-01,-4.299264254807416141e-01,2.993056542397010134e-01,8.311214574388684495e-01,2.693036067964208261e-03,-2.506032311363164400e-01,6.733986016014330556e-01,5.689043449372268579e-01,-3.093767044267488053e-01,1.107165683063297129e-01,8.385322909708115002e-01,1.822523133979474796e-01,-2.544791477831919169e-01,5.575176989248178394e-01,6.375835973319158301e-01,-2.593128056014116778e-01,1.039959936489389114e-01,8.040021109821333667e-01,4.077493783210828227e-01,-7.804183490239757770e-02,1.521092679120186197e-01,-1.884964520670469879e-01,-1.333905011004102303e-01,3.746469803930357889e-01,5.350095232962049918e-01,-7.509225553014951815e-02,3.252536830893595996e-03,-2.747663072339195378e-01
-3.379763783812304023e-01,-3.956967787955530391e-01,3.663194816915171792e-02,1.359340493866977549e-02,1.540373207335256345e-01,5.441151854130693577e-01,4.929683403663243091e-02,-1.998199700482464203e-01,3.938356837273273015e-01,4.134589284769017992e-01,-2.018699334582498006e-01,2.598770958080433638e-02,5.232142370368717543e-01,1.449255938847868741e-01,-2.109030731228885847e-01,3.576228989939784220e-01,3.831903383998298551e-01,-4.231560074546143468e-01,5.139080460563938413e-02,6.958383607315695718e-01,-2.944831240349300369e-02,-3.940651219819034656e-01,3.808644837692307661e-01,6.753424209245184606e-01,-4.221778874285908034e-01,-4.894868817020935348e-01,4.246093137489103109e-01,3.909221747547161896e-01,-1.751692557849572340e-01,-5.295420083996994487e-01,-3.404844464858752251e-01,9.772635745689312037e-02,-1.773292639455220088e-01,4.849923267513052694e-01,-3.568576395600008277e-01,-8.292518838435607442e-01,1.938236647699237425e-01,3.921013135473232492e-01,-5.654964699011026941e-01,5.918721963902506822e-02,4.721312280165479436e-01,-1.777917327934974423e-01,-4.507992234655558983e-01,-2.922459523335914702e-02,-2.616749330037519417e-01,4.373154372948863666e-01,3.731205265206102850e-01,6.904048157573516864e-02,1.000000000000000000e+00,4.451829457281245017e-02,-5.484576972322513511e-01,5.527272027382701403e-01,8.387398871816249546e-01,1.989517517187786022e-01,8.111682982299527334e-01,5.459196640962717118e-02,-3.666714707460471123e-01,-6.845529752360890452e-01,2.235258876012746199e-01,3.716404868255021032e-01,-6.004487449261842746e-01,-4.066404286028797999e-01,5.004817165076531627e-01,3.085018485621339804e-02,-7.325421809417015373e-01,-1.505261271659195377e-01,3.841044694270365212e-01,-3.504539235941869779e-01,-5.871581174511689705e-01,2.025036886545321102e-01,1.765715460832533446e-01,-5.877009294398274353e-01,-3.048406041161923485e-01,3.310376156275853243e-01,-2.255790090787436197e-01,-6.091714821627597365e-01,-3.139940292578240200e-02,6.556234259716685331e-02,-2.937876997334082918e-01,4.641752943986434121e-01,4.180266869450343648e-01,2.194763179545200504e-01,-4.205999791534532628e-01,2.301780228699105979e-01,-7.706968995044909121e-02,-4.360094426595932382e-01,-2.427031829349558245e-01,-3.614662965036987696e-01
-5.183525413423508699e-01,-4.892561107074229754e-01,-4.255263992538435569e-01,3.597313752233197715e-01,5.818562853497916132e-01,1.978442253996465922e-02,-4.407976765271078706e-02,4.754342991827318343e-01,3.879500291573496629e-01,-1.087729310007280042e-01,1.233334852382584196e-01,5.730901721476532318e-01,1.492118233392956406e-01,-8.796334416940880530e-03,5.010767803709406110e-01,4.255347787615466615e-01,5.677737416851125901e-02,5.427158932744735598e-01,2.779259803109478955e-01,8.014288885889435388e-02,3.954923695221553848e-01,5.160736177215284881e-01,6.335729207472755309e-02,3.815045240207034505e-01,5.633537548345965984e-01,3.151246876697870181e-01,6.640114437270996373e-01,8.916630995294684559e-02,4.227407175349229274e-02,2.002143158266773415e-01,6.710785751958582568e-02,-8.688499186009050745e-02,7.248466741381990319e-01,-1.329292263942306318e-01,-6.129362296922096220e-01,2.574444075962249445e-01,6.131150119729045223e-01,-4.968533300713965928e-01,-2.449891650195789305e-01,1.144421553037088951e-01,-2.497282698430454140e-01,-7.278393141042587278e-01,-2.767667665971270674e-01,-4.865462543715350918e-01,-4.094675876028355255e-01,-1.636503752187820973e-02,1.955058205593811493e-01,-5.580205294740051558e-01,4.451829457281245017e-02,1.000000000000000000e+00,2.828579944127122825e-02,-5.446255750156279163e-01,4.349467026409700732e-01,5.599041380384263134e-01,-2.779417243200214480e-02,-8.343795428487460475e-01,-8.380005250922507865e-02,-1.995293999115133887e-01,-5.325447186988115922e-01,-3.559325032093104690e-01,-1.274950842457219513e-01,-2.713820675033413177e-01,-5.570337099109680112e-01,-2.144098731701387373e-01,-3.982835363968038889e-02,-4.114898249716664735e-01,-4.883879240424666701e-01,-3.119459715578429965e-02,-9.216371988495442036e-02,-5.504885976630217170e-01,-3.440892740089923074e-01,4.083941313232822973e-02,-3.298020815346892065e-01,-5.575249083533220240e-01,-1.401347026563644071e-01,4.915464033819418044e-02,-5.656135846317161819e-01,-3.977338863424402793e-01,1.461628600597934258e-01,3.810720093433279110e-01,-3.124621984227081151e-01,-2.807635068402165590e-01,-3.022944173083513819e-01,-4.806192844148683418e-01,-7.893598458814350682e-02,1.838711405818442834e-01,-2.259706562159036480e-01,1.698174107741634853e-01
5.087853514091130736e-01,1.920083691426125450e-01,-2.575119284715817747e-01,-5.008445544301810548e-01,-4.382606549757043363e-02,-3.814471133991093610e-01,-5.259181066629505796e-01,-4.952047163820258446e-02,-1.171580123150839786e-01,-5.578710711842592707e-01,-3.018946010128026880e-01,1.096615590899528963e-03,-3.339573647282352287e-01,-5.936173869685057447e-01,-6.906173481615113241e-02,-1.740147644255863810e-02,-4.452382685575211885e-01,7.902563889412854425e-02,4.907740960592502089e-01,-2.818700135203937585e-01,-5.531006973072956079e-01,3.841197454284677737e-01,4.354021876375659406e-01,-6.313681320058274204e-01,-1.815169091924878908e-01,7.722208262231144982e-01,-9.827241588481375190e-02,-7.859036746537342299e-01,-5.509275060314265948e-01,4.290300350639982274e-01,1.970686628919664507e-01,-5.849272906441297382e-01,-1.972807699278507354e-01,-8.944714596663191353e-01,-1.422045995756400505e-01,4.748310835223090720e-01,-5.978304838844605840e-01,-7.545714675732467791e-01,-5.559866108676344426e-02,-5.163501697917307620e-01,-2.918186925546948918e-01,1.448131897665177747e-01,5.435041394696091821e-01,6.096230204164095889e-01,1.213236578068696385e-02,-5.357523586416386152e-01,1.124153639447670328e-01,5.621762032409809429e-01,-5.484576972322513511e-01,2.828579944127122825e-02,1.000000000000000000e+00,7.734502060688647207e-02,-6.422256858119995693e-01,4.218085734253585461e-01,-5.026701895777511142e-01,-8.713806930584215571e-02,8.911207239045556561e-01,2.459806105012932176e-01,-6.073913003886252104e-01,3.072542099276391880e-01,8.179186566739670150e-01,-3.224294174278047320e-01,-4.305516152487991466e-01,6.847007368925461801e-01,5.248832804838790000e-01,-4.067649455184325080e-01,6.516555088802118700e-02,8.218440775148609934e-01,7.848875905018934396e-02,-4.062487303032968344e-01,4.842513685611645191e-01,6.645667454066327418e-01,-2.343655483422804886e-01,-6.007950457953449563e-02,7.239947251813287910e-01,2.379370999034538248e-01,-2.387776246732687124e-01,4.873037597832813872e-01,7.383775723029745164e-01,-1.918224714643955719e-01,-3.760978169012621497e-01,-5.404354335051391178e-01,-5.671181300563972114e-03,-1.021175779411545165e-01,5.447850061762961049e-01,3.575381811260989195e-01,5.991247423876278760e-02,9.752948318859105958e-02
3.304009092998876906e-01,4.663075474159839029e-02,1.617723699348249666e-01,-5.559758720906353702e-01,-2.665541799717747184e-01,3.070506423194925838e-01,-2.573476966842215274e-01,-5.687918668433065150e-01,6.812555409425294362e-02,1.501914414423660693e-01,-4.893283136883394557e-01,-3.696244987712273278e-01,2.315396069554751801e-01,-2.143694090433617416e-01,-6.109292356682058944e-01,6.695387532829212562e-02,1.022742413718097515e-01,-7.398510453496206507e-01,1.784837591955506508e-01,4.602124593738610159e-01,-6.412932059649804062e-01,-5.028186912314076551e-01,6.260902409657320700e-01,3.925750920093110108e-02,-8.999222392114512026e-01,-2.044860290940512804e-01,-4.664257634522654683e-02,-1.537933764637490208e-01,-5.708267845961431108e-01,-4.389937275461043842e-01,-2.242484680406980346e-01,-1.783843381068308254e-01,-7.622974835876442645e-01,-4.455771308823618104e-02,-6.796404888194275407e-02,-6.501257023469936280e-01,-5.976735107333370767e-01,1.933006376538942139e-01,-4.261033351945901493e-01,-3.645217025143954181e-01,4.044814074648954150e-01,3.789878307335904362e-01,1.594534924393141984e-01,6.864253798918547034e-01,1.293965563941723226e-02,1.323680790582086250e-02,2.957811635355226954e-01,7.898892419330487691e-01,5.527272027382701403e-01,-5.446255750156279163e-01,7.734502060688647207e-02,1.000000000000000000e+00,1.414696514562183149e-01,1.459027943291819063e-01,5.142365053482039761e-01,5.250091226553024182e-01,2.858368001514129952e-01,-4.119788762638067481e-01,1.716306532293121190e-01,8.264833030965018645e-01,1.516861795175099108e-02,-4.566039390448965452e-01,5.913056144378027179e-01,6.352838203858927058e-01,-3.722418701601615254e-01,-1.565863741200991532e-01,7.639291058913331156e-01,2.125992444225043854e-01,-4.918146870110594038e-01,3.027557407682673341e-01,7.323793102547409006e-01,-1.912148268012648644e-01,-2.532749888032722607e-01,6.648372732237524119e-01,3.294394895864005135e-01,-4.936315662880406130e-01,1.803757906966390046e-01,6.479384973955747418e-01,8.926411185846297447e-02,9.402337624631641744e-02,3.848875098907986181e-01,5.516987325151571225e-02,-2.322922344509334436e-01,4.694807096248242440e-01,3.155122510790552837e-01,-3.295711648080371647e-01,-4.082585231710358920e-02,-4.087549413932589637e-01
-6.082238595922020430e-01,-5.876181426299840194e-01,-1.115314438749416825e-01,2.637869260037201125e-01,3.964146439623741358e-01,5.452842797276045150e-01,1.205591237445932939e-01,4.723974469352861666e-02,5.336260210498856571e-01,4.116181523362512640e-01,-6.471399936986829693e-02,2.750088149207155497e-01,5.824016227813333391e-01,2.320580456352753784e-01,5.371071478936767507e-02,4.890184780866894676e-01,4.598623422252200998e-01,-7.798867815725178676e-02,-4.096136672086875090e-03,6.440005153344259270e-01,3.308628590050960439e-01,-1.831217645452783427e-01,1.864704992773703884e-01,8.424120847436655790e-01,-1.238157162017643545e-02,-4.423564853282546117e-01,6.364302338089715683e-01,5.533650889558708874e-01,1.821021999597308497e-02,-4.584927684978072349e-01,-2.569820005564951160e-01,2.075883168207960094e-01,2.442498497681779290e-01,5.399709637606937562e-01,-4.579631937475873160e-01,-5.928473283664639215e-01,5.622920196873653076e-01,2.813968197104087521e-01,-4.612140326950319724e-01,1.890037049915033185e-01,2.878394724607937771e-01,-4.332958425478085629e-01,-5.347030205299240224e-01,-3.852557362064051305e-01,-3.129336024125673466e-01,4.129118307934444010e-01,2.659943566662247849e-01,-3.311793079494485537e-01,8.387398871816249546e-01,4.349467026409700732e-01,-6.422256858119995693e-01,1.414696514562183149e-01,1.000000000000000000e+00,2.888340818037561930e-01,7.293625755683788014e-01,-3.050031140013284015e-01,-5.513453006107748022e-01,-6.836426758878235699e-01,9.547076584374657171e-02,4.071218415226115356e-02,-7.363418286968659299e-01,-3.478856748056443626e-01,2.485823521236517619e-01,-2.514418713653475690e-01,-7.229922702375219945e-01,-2.000873219504940015e-01,7.421780749786509312e-02,-4.941634024370186173e-01,-5.282260569662196037e-01,1.874047718538836629e-02,-1.282520818215227565e-01,-6.127719926914317883e-01,-3.327653212462786114e-01,3.583963173902932065e-02,-4.064586984763992050e-01,-5.220753536160371855e-01,-2.107484398496309308e-01,-2.375746174112869091e-01,-3.530532679707394372e-01,5.799840193086466256e-01,2.970524401023060257e-01,1.874927396453706374e-01,-4.703922116322504232e-01,-2.247137513525169616e-03,-2.201669365102352782e-01,-3.471237049912632711e-01,-3.163641050269214161e-01,-2.395713861060645711e-01
-1.520703668986076174e-01,-5.415551480027553932e-01,-5.956393433479961752e-01,-2.773412555221989040e-01,5.527958220069288942e-01,1.173641625364757746e-01,-5.923794199616646550e-01,1.145598401117579601e-01,5.752407767151201945e-01,-3.151461207602247461e-01,-4.657846694018410449e-01,4.810488563692593700e-01,2.763260590429778563e-01,-5.526282254337321342e-01,7.348197677801081296e-02,6.514546391565485539e-01,-2.388302889328411394e-02,6.463782312583304934e-02,5.162808820880840921e-01,3.730264382740293150e-01,-1.852229022009493908e-01,2.826956123884164507e-01,6.621464176150210212e-01,2.012104441574252556e-01,-1.107007419361905332e-01,4.744308378769943602e-01,6.513383262469469859e-01,-2.917604105201845877e-01,-6.449334631610401658e-01,1.536101239505412337e-02,1.655478819156254999e-01,-4.201879552536820217e-01,9.556364482216474221e-02,-4.832154976534072666e-01,-5.280995750643695530e-01,-7.472105723943667753e-03,-2.666898283453612156e-02,-5.572752383372728824e-01,-3.936082952353372466e-01,-5.101183667397439780e-01,-2.152012201108894074e-01,-3.291008937600686801e-01,9.938795824000523638e-02,1.979770979325033986e-01,-2.262127789900303665e-01,-2.390596185756588554e-01,2.751971088300820267e-01,2.004974274712002791e-01,1.989517517187786022e-01,5.599041380384263134e-01,4.218085734253585461e-01,1.459027943291819063e-01,2.888340818037561930e-01,1.000000000000000000e+00,2.400168657633555691e-01,-6.284946880122562751e-01,4.310181904845338807e-01,-5.450015267201784308e-01,-6.856520829557899432e-01,3.397553892903217854e-01,1.118535519746133161e-01,-8.002425399118815452e-01,-3.278602699811878352e-01,4.931428644814997431e-01,-1.755864883464730852e-01,-8.000397396487435309e-01,6.602513820857595916e-02,4.488566728018224539e-01,-5.114507985883107732e-01,-5.882712578973275930e-01,3.810109153975435592e-01,1.563550473596284074e-01,-7.137973906665094903e-01,-1.676431598613007945e-01,4.409616917404383107e-01,-2.321465524056674501e-01,-6.469826013972068690e-01,2.481806929204367906e-01,5.251997073608675182e-01,4.739844878844509668e-01,-1.715838736645119988e-01,-5.024408509881290730e-01,-5.871831786298323808e-01,-2.741572187704902075e-01,4.200333558674003709e-01,1.696001403085622972e-01,-2.623837124235562368e-01,-4.595876323049362389e-02
-3.232497727933444365e-01,-4.216922367429830065e-01,-8.859815258182031361e-03,-4.515406272058192921e-02,1.768152532188840276e-01,5.482372768948500230e-01,-1.521901632483554402e-02,-2.195771048442193840e-01,4.340162475234667361e-01,3.822479647187839169e-01,-2.658587488782277464e-01,4.163496321398239830e-02,5.491393684313287116e-01,8.691967305232647933e-02,-2.319655227822398080e-01,3.815370727691670405e-01,4.160011070012252232e-01,-5.187657939970056198e-01,-2.021895404796593965e-01,6.977115261595566720e-01,1.745239737305878018e-03,-5.903101689083917192e-01,2.798162272963816144e-01,6.225602747589611408e-01,-4.142431080828040124e-01,-5.632076448276750469e-01,2.887705607099100846e-01,4.462738922254472773e-01,-1.408163701228479225e-01,-6.398110970028272337e-01,2.243823299355007794e-02,2.961821223466385433e-01,-1.787485818355556144e-01,4.794551012372611498e-01,-7.306068924741029869e-02,-7.718834176318585261e-01,1.620907705382399755e-01,4.736863064702028225e-01,-2.335547965129185499e-01,-1.671463034954901589e-02,1.423067428011126623e-01,-1.689434944420812046e-01,-3.261480022580891536e-01,-2.219168935371413146e-02,-1.663576397798155748e-01,2.828108891248991008e-01,2.572312136841404251e-01,8.701999426239664936e-02,8.111682982299527334e-01,-2.779417243200214480e-02,-5.026701895777511142e-01,5.142365053482039761e-01,7.293625755683788014e-01,2.400168657633555691e-01,1.000000000000000000e+00,5.742821729308836970e-02,-3.859147524537938634e-01,-7.893494381689541983e-01,3.273705047968609172e-01,4.408147476613861748e-01,-6.582214856377606171e-01,-4.035641662934803531e-01,5.769261177755833359e-01,4.670007041291125011e-02,-7.738716802736413936e-01,-1.292321068672107331e-01,4.501783768557555687e-01,-3.588323131051227577e-01,-6.190123289961113606e-01,2.548456682564241849e-01,2.156468604180767634e-01,-6.062947919383122608e-01,-2.887107187185029566e-01,3.506809541032592792e-01,-2.075454445261565306e-01,-5.817567948219668494e-01,-1.645016886620782534e-02,9.065933856781073497e-02,-3.338587311814525949e-01,4.542273615474761161e-01,4.941620694535595049e-01,2.452114256028337935e-01,-4.477771755369721607e-01,2.233146709858159218e-01,-6.617070486781749528e-02,-4.272532564869675475e-01,-1.771368142188494699e-01,-3.754864603280232971e-01
5.205183948094870283e-01,5.395479504582140207e-01,6.169104549091101175e-01,-3.142482421188778630e-01,-7.121664549054707027e-01,1.075251222852556254e-01,2.116554806611707085e-01,-6.002456241864704278e-01,-4.525183205738868009e-01,3.235753295072976155e-01,-6.647112191448691088e-02,-7.367536264303335969e-01,-7.843253093692460765e-02,2.060248591401607210e-01,-5.957514653478538369e-01,-5.126721806711690421e-01,7.734890839917074601e-02,-5.694192833194552383e-01,-2.807482742873177450e-01,2.504723392293037830e-03,-3.694193720877558262e-01,-5.833206156539612053e-01,-6.624633170443491870e-02,-2.931023204862532316e-01,-5.790799124394737651e-01,-4.366075586004578568e-01,-6.263552268064506157e-01,2.826402749442535195e-02,2.624501920217967368e-02,-3.451822134825914823e-01,-2.093056171346694139e-01,2.204338924356465113e-01,-6.333426079542655573e-01,1.649592089411850149e-01,4.125568554929835985e-01,-2.738747926918843056e-01,-5.175593065068135878e-01,4.394988836054955494e-01,1.176542270022559733e-01,5.993559220897965584e-02,3.114297314157328800e-01,5.864341897765098510e-01,2.452852273438905217e-01,4.436893637083735298e-01,1.953485453079872591e-01,-2.411045815021843272e-02,-4.932932556049480360e-02,4.946684306653290619e-01,5.459196640962717118e-02,-8.343795428487460475e-01,-8.713806930584215571e-02,5.250091226553024182e-01,-3.050031140013284015e-01,-6.284946880122562751e-01,5.742821729308836970e-02,1.000000000000000000e+00,4.706086482849027725e-02,1.945095017398688064e-01,6.303988573886580848e-01,4.008343499334248716e-01,6.677123764590733868e-02,2.904214369758565950e-01,6.652892131216253668e-01,1.907732902200282021e-01,-5.036551173113879704e-02,5.050878206070129606e-01,5.667421166314521308e-01,-8.284532829471409621e-02,6.301227055554725620e-02,6.895630941519771406e-01,3.354449367243840241e-01,-1.815838958180930607e-01,3.861577685910435598e-01,6.624960034955783561e-01,-1.110705677717226288e-02,-1.396581837428020612e-01,6.702123581603471880e-01,3.794252441989205971e-01,-2.677600479149719881e-01,-3.905045503262292717e-01,4.013843238442104666e-01,4.076605361328955457e-01,3.486335298514005032e-01,5.762850940525524601e-01,-2.358827957260438077e-02,-3.014773696067613584e-01,1.761288400580958147e-01,-2.418994240278337371e-01
5.346337854645050180e-01,1.683180135723871818e-01,-2.330720160487487758e-01,-6.244269715118464514e-01,-7.999634418936789337e-02,-2.841341294168784892e-01,-5.922070545410458298e-01,-1.821322107428108572e-01,-6.914026752641939944e-02,-5.065626790237170995e-01,-4.268644017276643776e-01,-6.802001227946539996e-02,-2.469251583536303529e-01,-6.259232387649168450e-01,-2.161853469489575519e-01,2.026888149374719839e-02,-3.912651321412110583e-01,-7.346827647352155433e-02,5.174978553588890362e-01,-1.520622719266956913e-01,-6.349653547015672306e-01,2.671265147881397017e-01,5.435778306148085770e-01,-6.165423493002881727e-01,-3.502052849128649004e-01,7.004643249292996643e-01,-1.018625117502701544e-01,-7.831334956440680894e-01,-6.613528689460559384e-01,2.706038519867536296e-01,1.136284721289596983e-01,-5.709751238947666785e-01,-3.592411944705721782e-01,-8.711142710502961517e-01,-1.596129638481330326e-01,3.218686556615898975e-01,-7.094161569277460666e-01,-6.619445868182498582e-01,-1.431694228957182957e-01,-5.714014151603422631e-01,-1.907684110243701159e-01,2.315077433543032692e-01,5.772490284825846363e-01,7.383885317492299150e-01,-2.633430136626192450e-02,-5.391824133738728486e-01,1.866142748139385799e-01,6.806048468161752796e-01,-3.666714707460471123e-01,-8.380005250922507865e-02,8.911207239045556561e-01,2.858368001514129952e-01,-5.513453006107748022e-01,4.310181904845338807e-01,-3.859147524537938634e-01,4.706086482849027725e-02,1.000000000000000000e+00,1.189668929505953987e-01,-5.757960774409875970e-01,4.788593965350310677e-01,7.928115076065439526e-01,-4.200584560297844217e-01,-2.877355170367995041e-01,8.116858031014720920e-01,4.227629548763146006e-01,-4.510258087031129848e-01,2.358713207854608029e-01,8.518436305409313736e-01,-5.168700530173687274e-02,-3.415328569749548904e-01,6.397190283443510150e-01,6.011918979831990528e-01,-3.104374629445596501e-01,8.204470154376514168e-02,7.796148913804110681e-01,1.183778927624180993e-01,-2.184789077229301046e-01,6.222775912979214841e-01,7.305985328284020364e-01,-1.339566775931891329e-01,-2.820022124636715755e-01,-5.329344623267239234e-01,-8.768774978671753373e-02,-1.996376233625123467e-02,6.247132996577374753e-01,3.198042788413529847e-01,1.756911772003249758e-02,3.090476495908259930e-02
3.230398138612135539e-01,6.850277524808532359e-01,2.704543507243545308e-01,2.780259738047809459e-01,-4.048255214977368732e-01,-6.704641472777513878e-01,3.484757619414401431e-01,2.551007502978945851e-01,-7.525175162238485482e-01,-2.721846623393332498e-01,5.800655709043386343e-01,-2.267155000552497079e-01,-7.518280095912761585e-01,2.006538217059763152e-01,2.644740590684796500e-01,-7.258876390017077185e-01,-4.984984475273246951e-01,2.793080675418762038e-01,-8.842314267416347129e-02,-8.537739252047146232e-01,-5.646742940004909062e-02,3.247499725134492810e-01,-5.288287829398423678e-01,-6.697337448644682389e-01,3.407599474224847214e-01,2.676716059932045533e-01,-5.833111579660584800e-01,-3.078248202288585977e-01,3.707397831730936955e-01,5.793390516687860758e-01,-3.127490417533494022e-02,-1.075908541768887672e-01,3.531519767926787068e-02,-2.095206478266736227e-01,2.529811047487882103e-01,5.179754270287432183e-01,-1.942115289217263008e-01,-1.537681641955344625e-01,3.322533172078989683e-01,3.032284217533208759e-01,-6.055536153914604924e-02,1.654499634567409283e-01,9.555347233432139042e-02,-2.081598269166799395e-02,7.810045244035100642e-02,-4.460618869750988813e-02,-1.283033820416977777e-01,-1.283867231202132364e-01,-6.845529752360890452e-01,-1.995293999115133887e-01,2.459806105012932176e-01,-4.119788762638067481e-01,-6.836426758878235699e-01,-5.450015267201784308e-01,-7.893494381689541983e-01,1.945095017398688064e-01,1.189668929505953987e-01,1.000000000000000000e+00,3.636786217086036832e-02,-5.428309761596725735e-01,5.977487693172498506e-01,7.541666153438975062e-01,-3.433642996940037273e-01,-2.710517617506195687e-01,8.218198675761065886e-01,5.358968034295307215e-01,-4.697013270776843608e-01,1.288873843725006074e-01,8.811648710825452646e-01,4.993597040488610000e-02,-4.153904248097600171e-01,5.362750985275485105e-01,6.765697125536810352e-01,-3.029375016213928795e-01,-3.644561379771069781e-02,7.437100668861705843e-01,3.334669727006943640e-01,-2.631365644810702564e-01,5.553063786034330429e-02,-7.105543081625362856e-01,-4.380829989599046570e-01,-7.049425346592567802e-03,7.316523204686828930e-01,-1.651905783094277935e-01,-1.738485796303899655e-01,3.633470560473171518e-01,4.486696000189105971e-01,4.372819410125584061e-01
1.738224180517492293e-02,3.364835842691670242e-01,7.087087298843158800e-01,1.459658766467021029e-01,-5.662314541356311404e-01,3.320844067978303560e-01,6.024712284564558429e-01,-4.308452987478315621e-01,-3.268358804950173835e-01,6.733066020774027827e-01,2.159601825452705792e-01,-6.175829479947818612e-01,1.506809267188585488e-01,6.394930814071941860e-01,-3.961691150816468165e-01,-4.627465554507967371e-01,4.288926440804002316e-01,-3.939636632783202197e-01,-7.534434557825816503e-01,1.321583661042888824e-01,2.113810407643073042e-01,-7.924493844613280658e-01,-4.968483777577453742e-01,2.069579852739833192e-01,-1.595961932930666516e-01,-8.580599913572767301e-01,-4.326603161736573000e-01,6.307339196007046844e-01,5.158166772502705832e-01,-5.316919769007772967e-01,-2.434854106092170997e-02,6.970418997192100452e-01,-1.518411528075857830e-01,6.388664715977415698e-01,4.545358641386621490e-01,-3.383775633931759841e-01,1.022888107588049711e-01,7.453630029315377881e-01,3.261068919835308777e-01,4.177440726000296034e-01,1.553466921239413101e-01,2.071740280885482344e-01,-9.084513923157587489e-02,-1.675705169600745226e-01,1.028314152619259764e-01,1.631472877233383634e-01,-1.505077491349922914e-01,-8.624839720346087757e-02,2.235258876012746199e-01,-5.325447186988115922e-01,-6.073913003886252104e-01,1.716306532293121190e-01,9.547076584374657171e-02,-6.856520829557899432e-01,3.273705047968609172e-01,6.303988573886580848e-01,-5.757960774409875970e-01,3.636786217086036832e-02,1.000000000000000000e+00,3.678015982703871506e-02,-5.344227005306521061e-01,5.421897646858836461e-01,7.959304362007589839e-01,-4.208830202228998063e-01,-3.825492592010801829e-01,7.816909457331213673e-01,3.591695195852122602e-01,-7.227073698610626540e-01,6.676073396349940792e-02,8.879660227536839701e-01,-1.707213904768823121e-01,-6.366437384878761430e-01,5.749238981663274961e-01,5.399486671389110981e-01,-6.015779961405995913e-01,-2.107223348290548914e-01,7.632037300162860527e-01,-1.160214124637904548e-01,-7.883035850639089626e-01,-2.720894067542657946e-01,6.494691960197439551e-01,7.816840375871035862e-01,3.565984224158735838e-01,5.459288150572879639e-01,-4.701844298854697679e-01,-5.026809660843832850e-01,1.048678636575047507e-01,-2.938674706839085049e-01
4.041266534898534379e-01,-3.476438598918536044e-02,8.908036473543801126e-02,-7.254403807292347794e-01,-2.236136663215039511e-01,3.864177270019644173e-01,-4.184247768940001500e-01,-6.644612493334228764e-01,1.916464316539379653e-01,1.271685550386299768e-01,-6.739582436321251979e-01,-3.579403546027092320e-01,3.317184552951683019e-01,-3.536252493877002356e-01,-6.846487695183656186e-01,1.948295595700961780e-01,1.693324206840677859e-01,-6.708094270957793981e-01,2.240449111043277264e-01,5.642882789646053165e-01,-6.383431765117315582e-01,-4.833841115039831382e-01,7.332806357131632646e-01,1.811636316267296529e-02,-8.554355384402805296e-01,-5.893510968994671029e-02,3.144677921878069604e-02,-2.129158253500235687e-01,-6.286814945589213055e-01,-4.506609494951586137e-01,-4.129008558215266356e-02,-1.477745911120081357e-01,-6.064067656393972161e-01,-2.573921053092084188e-01,-1.141098445621737956e-01,-4.308416581774659471e-01,-5.759990328913414670e-01,-3.420020489775972561e-02,-3.375684010863848616e-01,-4.891271300252817977e-01,1.516141746071045515e-01,2.857641369697775380e-01,3.435264154784256063e-01,7.158899967642827766e-01,-2.146987535823318208e-02,-2.414471631579057087e-01,2.684883892147149620e-01,7.946446658253030204e-01,3.716404868255021032e-01,-3.559325032093104690e-01,3.072542099276391880e-01,8.264833030965018645e-01,4.071218415226115356e-02,3.397553892903217854e-01,4.408147476613861748e-01,4.008343499334248716e-01,4.788593965350310677e-01,-5.428309761596725735e-01,3.678015982703871506e-02,1.000000000000000000e+00,6.788144681309385420e-02,-6.634325552500436318e-01,5.296412910760334158e-01,8.257270731655191875e-01,-4.210772508830865624e-01,-3.363579307878056812e-01,8.675304346428245328e-01,3.397365941438442172e-01,-6.483431366671040808e-01,2.217155262114590131e-01,8.960975365591539177e-01,-1.787159043111097023e-01,-4.234870415722494785e-01,7.044518987792880438e-01,4.534799097917074917e-01,-5.781651721664586852e-01,6.538185638894122853e-02,7.884008812535290289e-01,2.280583537832413521e-01,1.735074939638952263e-01,4.345617543103796332e-01,-3.111590215935725046e-02,-3.587026537645908730e-01,4.975462267999534172e-01,4.617603961585744488e-01,-3.275249597698302040e-01,-1.600712746750642956e-01,-4.933290664167702122e-01
5.665996211603089305e-01,4.582162925321940361e-01,-1.467260737071351129e-01,-2.768859859038048099e-01,-1.760212468691319809e-01,-6.779437860351504863e-01,-3.158510562704473501e-01,1.336971917850088842e-01,-4.381199554157942933e-01,-6.611719443818598885e-01,2.443382399052951640e-02,-4.469001558009811498e-02,-6.691356835546297122e-01,-4.486231576462004766e-01,1.023899935997747562e-01,-3.240024966091584191e-01,-7.031280342173078513e-01,6.040276906075050384e-02,4.684492904382093759e-01,-6.084098985983937835e-01,-6.142920351311221827e-01,4.704079979702495695e-01,2.182984362290600333e-01,-8.420013324979015445e-01,-1.158972869283862589e-01,7.622904377953729771e-01,-3.587367532279391313e-01,-8.534206035227224207e-01,-3.560983965458980327e-01,6.189581838566181604e-01,5.351450549135935292e-02,-6.087789012504221109e-01,-2.895602363676336166e-01,-7.646330266211797122e-01,-2.178452962400383164e-02,4.396372429596784315e-01,-6.588942679628054799e-01,-6.004817494077748785e-01,1.239812003343349761e-03,-2.818672879429556244e-01,-1.484171416786449760e-01,2.123863648080246969e-01,3.666038911650982834e-01,5.540517247511642651e-01,6.114824934232984850e-03,-3.049686898796358236e-01,1.399207711464220683e-01,4.439533234213770552e-01,-6.004487449261842746e-01,-1.274950842457219513e-01,8.179186566739670150e-01,1.516861795175099108e-02,-7.363418286968659299e-01,1.118535519746133161e-01,-6.582214856377606171e-01,6.677123764590733868e-02,7.928115076065439526e-01,5.977487693172498506e-01,-5.344227005306521061e-01,6.788144681309385420e-02,1.000000000000000000e+00,1.543613920900918646e-02,-5.017148114298833894e-01,5.226446501016834834e-01,8.203656333471531781e-01,-1.560398401506661037e-01,-1.481552019770072115e-01,8.166424590847091158e-01,4.489630850713672849e-01,-3.666791109018789907e-01,2.628801001016872751e-01,8.532626221670307487e-01,6.389296269623317981e-02,-2.097303712652166530e-01,6.514279623698899790e-01,5.457570711158600263e-01,-1.071150742035003878e-01,3.125028870905822154e-01,6.964656872369097140e-01,-4.398566116661535852e-01,-5.733403347833569974e-01,-5.258427086040745602e-01,2.824924261464952790e-01,-2.112385032934298024e-01,4.195241695615628541e-01,5.000384082413983355e-01,3.266690831452002675e-01,3.351968807013066542e-01
3.531162907183697103e-02,5.935451871457960715e-01,4.968101561589113313e-01,5.256992962842831352e-01,-4.513268360399996793e-01,-3.782948672111287047e-01,6.874550417055895757e-01,1.877391567246519677e-01,-6.952776812627915470e-01,1.389503819848151023e-01,7.252540792677105719e-01,-3.165662017534979777e-01,-5.021898561181716847e-01,5.980523657562761830e-01,2.250921343692726950e-01,-7.571071523928752933e-01,-1.471531713244954576e-01,1.894808786318220861e-01,-5.748758207496583728e-01,-6.526394504551839004e-01,3.228988405810958029e-01,-7.844634853315460288e-02,-8.711948443714666590e-01,-2.933255521094952356e-01,4.427731634122934468e-01,-2.965938401241476341e-01,-6.105800231308872172e-01,2.574704856254788621e-01,7.536722960191165610e-01,2.063973467917624705e-01,3.420126236021755334e-02,4.026098996075831993e-01,1.702103210800189059e-01,3.274526813307196971e-01,4.565768675690936584e-01,2.651300928611589613e-01,1.575881573919203082e-01,3.457238332960195226e-01,5.319577830116419825e-01,6.063161975455756414e-01,-5.106017575547400905e-02,6.970190752896988917e-02,-1.426699621534613938e-01,-3.777496797585742638e-01,7.857896585067071504e-02,1.553275054853003323e-01,-2.306174800435240035e-01,-4.299264254807416141e-01,-4.066404286028797999e-01,-2.713820675033413177e-01,-3.224294174278047320e-01,-4.566039390448965452e-01,-3.478856748056443626e-01,-8.002425399118815452e-01,-4.035641662934803531e-01,2.904214369758565950e-01,-4.200584560297844217e-01,7.541666153438975062e-01,5.421897646858836461e-01,-6.634325552500436318e-01,1.543613920900918646e-02,1.000000000000000000e+00,3.323077223985588385e-02,-7.053611367935981313e-01,4.403262382320001223e-01,8.733045157726339047e-01,-4.167751808109144140e-01,-4.465220276781679543e-01,8.092575986507929420e-01,4.274234710382505686e-01,-6.872752200095213482e-01,4.586076331776477166e-02,8.816392574095198720e-01,-1.677721225975753183e-01,-5.231091597361899881e-01,5.685420492216873845e-01,5.873709776306921260e-01,-5.341308142949443560e-01,-4.921173584531198797e-01,-6.340775861114718026e-01,-7.141659290663490700e-02,4.350423286667539080e-01,7.595509869134441372e-01,-4.860701905514851727e-03,-5.456381419229511254e-01,7.098619016736151810e-02,4.019793945208438024e-01,2.902954379392846951e-01
1.232871462257353889e-01,1.535405098366320886e-01,6.074270431948095572e-01,-2.180131003225839470e-01,-5.176481487708820550e-01,5.788320047762719467e-01,2.900306507222492614e-01,-7.053386405557399152e-01,-7.072623769524069570e-02,6.932290206716166248e-01,-1.983478866429930210e-01,-6.496919718650809861e-01,4.019071758518534820e-01,3.731769724371000185e-01,-6.887177064118970016e-01,-1.918012802401281580e-01,5.260597851680466341e-01,-6.826379626158528557e-01,-4.712696797715335006e-01,5.235665383664569461e-01,-9.545802932823403697e-02,-9.148781458747076156e-01,2.157555016973628295e-02,3.264168160890993375e-01,-5.810185637960127991e-01,-7.980667607601258373e-01,-2.005527060886609092e-01,4.991522153577973575e-01,6.968685388258276381e-02,-7.463901608404492904e-01,-1.240479677036825656e-01,5.182688154305444828e-01,-3.936380269040197222e-01,4.680686199906077816e-01,2.223765859000048917e-01,-5.682468338601064373e-01,-1.258982948005742952e-01,6.206454352222218196e-01,-1.071981114256918659e-02,8.403224751065728471e-02,2.936042308310248261e-01,2.958701941530450519e-01,5.870253507790249015e-02,1.799502819419517563e-01,5.863568735031604584e-02,5.393048659889568275e-02,2.139388398507875017e-02,2.993056542397010134e-01,5.004817165076531627e-01,-5.570337099109680112e-01,-4.305516152487991466e-01,5.913056144378027179e-01,2.485823521236517619e-01,-3.278602699811878352e-01,5.769261177755833359e-01,6.652892131216253668e-01,-2.877355170367995041e-01,-3.433642996940037273e-01,7.959304362007589839e-01,5.296412910760334158e-01,-5.017148114298833894e-01,3.323077223985588385e-02,1.000000000000000000e+00,4.174961262638749587e-02,-6.640957457046703372e-01,4.299281189028901773e-01,7.691641078379656271e-01,-5.028822018819838480e-01,-3.795234122349839812e-01,8.525290366777389384e-01,3.092679586283718085e-01,-7.277052809951788381e-01,1.950565928627506496e-01,8.245022967585383666e-01,-3.256789348814411733e-01,-5.708480739173201757e-01,6.402646418393554972e-01,2.661053687630152709e-01,-5.956950404661262022e-01,-3.750430245104890287e-02,8.081377728887889633e-01,6.694267212914489784e-01,3.287099973317188228e-02,7.119116929573783281e-01,-1.817728790880911716e-01,-6.444146585261936178e-01,-5.770223482074982729e-02,-5.359872035487674991e-01
5.255033651252976057e-01,7.057893803434657758e-04,-2.023274422317337118e-01,-7.716776039591740632e-01,-6.467673624159124557e-02,1.893661180712625722e-02,-6.637180972253647893e-01,-3.978703650839885975e-01,1.427110568463334228e-01,-3.138159449551936597e-01,-6.554282678217032698e-01,-1.222708910227948836e-01,3.788754665855970094e-02,-6.565929211858616554e-01,-4.378453166402362928e-01,2.200951025220334312e-01,-1.981627043156911072e-01,-4.188473347191218887e-01,5.579215125549418230e-01,2.417518575803660474e-01,-7.766226336860238000e-01,-9.666114275518028487e-03,8.183611662980948553e-01,-3.325195126483835861e-01,-7.015198229934714869e-01,4.433568881280124940e-01,2.435696261113501349e-02,-6.365102893650280702e-01,-7.951065119046293317e-01,-2.696096940132566150e-02,-1.267528920041682654e-02,-5.221529581384296570e-01,-5.736155620198976068e-01,-6.351952859578579025e-01,-1.860387889618487778e-01,-1.045403436904511901e-01,-7.275416036176914902e-01,-4.107719411026287126e-01,-3.442617703549571972e-01,-6.535622712246542676e-01,3.313206282622328802e-02,3.025070037711885540e-01,4.642888089670250684e-01,8.264163152803953860e-01,2.227380047983204200e-02,-3.557199893515050615e-01,2.481258388146968530e-01,8.311214574388684495e-01,3.085018485621339804e-02,-2.144098731701387373e-01,6.847007368925461801e-01,6.352838203858927058e-01,-2.514418713653475690e-01,4.931428644814997431e-01,4.670007041291125011e-02,1.907732902200282021e-01,8.116858031014720920e-01,-2.710517617506195687e-01,-4.208830202228998063e-01,8.257270731655191875e-01,5.226446501016834834e-01,-7.053611367935981313e-01,4.174961262638749587e-02,1.000000000000000000e+00,2.053296285284980649e-02,-5.850340357527118451e-01,5.833312533896842789e-01,7.757280153737938777e-01,-4.385209301606385890e-01,-2.067615087523627382e-01,9.067795834089339424e-01,3.140610048795198783e-01,-5.310402762725318082e-01,3.721852265510428026e-01,7.897113542405020947e-01,-2.635719970446694371e-01,-2.159531855699157454e-01,8.221473763485748210e-01,6.541789606952194136e-01,1.042530987399516718e-01,-4.777116318033303340e-03,-4.357474967331804172e-01,-3.342676476816702769e-01,1.974642685564171884e-01,6.895182687202452421e-01,4.457622072798890500e-02,-8.099563358536988888e-02,-2.145284681979678088e-01
3.456419144858321468e-01,5.151902146422125961e-01,-1.092303477873229484e-01,1.286144794875903608e-01,-1.247236870626253075e-01,-8.488883961282087665e-01,-1.858541757529738603e-02,4.443272212539197130e-01,-5.772294476497269455e-01,-6.504991744369796880e-01,4.141933673415423289e-01,7.854180730615335781e-02,-8.298475613646517646e-01,-1.790942571287523766e-01,4.276117188294281113e-01,-4.840642772998619003e-01,-7.467201383655934777e-01,3.277318232271334009e-01,2.066257655671919768e-01,-8.993295336695505959e-01,-2.585887178279279719e-01,5.851962060943602939e-01,-2.515493134187560820e-01,-8.159332160207024565e-01,3.088690415059368588e-01,6.480390772765628471e-01,-4.651369962203371067e-01,-6.352125335831042552e-01,7.995189151549431106e-02,7.713120991384125880e-01,1.300982285166883967e-01,-4.023605328296013806e-01,-1.358233932097346018e-02,-5.079287560514456068e-01,1.532454817999581997e-01,5.669189456285951279e-01,-3.365200845416313480e-01,-4.238549451997245532e-01,2.611427256085877557e-01,5.358831671578147271e-02,-2.355973170076244849e-01,6.801946630072001898e-02,1.276900538768181437e-01,1.393104059603205436e-01,2.602943194618934780e-02,-1.167541282301653160e-01,-1.003944645932335067e-02,2.693036067964208261e-03,-7.325421809417015373e-01,-3.982835363968038889e-02,5.248832804838790000e-01,-3.722418701601615254e-01,-7.229922702375219945e-01,-1.755864883464730852e-01,-7.738716802736413936e-01,-5.036551173113879704e-02,4.227629548763146006e-01,8.218198675761065886e-01,-3.825492592010801829e-01,-4.210772508830865624e-01,8.203656333471531781e-01,4.403262382320001223e-01,-6.640957457046703372e-01,2.053296285284980649e-02,1.000000000000000000e+00,1.314036197814602569e-01,-5.681681633586600499e-01,5.395966747736488101e-01,8.083185545292672636e-01,-3.678233632996958380e-01,-2.417412523068981356e-01,8.704131143339411958e-01,3.674275725677244031e-01,-5.241398505824209630e-01,3.311894177129818817e-01,8.430124832529591883e-01,-4.481766192399871951e-02,-1.259769249500457267e-01,4.621943867223821667e-01,-5.599174182643265052e-01,-7.174199326743306848e-01,-4.110029686761064727e-01,5.095308377021646740e-01,-4.165136348516559339e-01,1.005452126853770972e-01,6.085299640959740408e-01,4.502345876072224029e-01,5.620170979983584170e-01
1.008352889053246576e-01,6.551964319873243570e-01,7.626106065969513459e-01,4.092934570044446940e-01,-6.808935924891530433e-01,-1.098623004417924598e-01,7.986605796057221207e-01,-1.438241918142358911e-01,-7.166523738673317157e-01,4.455414768315474339e-01,6.126073410147631071e-01,-6.119814412556002781e-01,-3.154928680876576408e-01,7.374807153744439292e-01,-9.018522351311238083e-02,-8.123379433752756507e-01,8.343586766780482222e-02,-9.510592876854162547e-02,-6.867639610683945461e-01,-3.838428055835910735e-01,2.062019434503985227e-01,-4.555432269982978566e-01,-7.250375795212563590e-01,-1.110964418351503419e-01,1.538322378388504719e-01,-5.596860027250879499e-01,-5.987202375653677411e-01,4.136557770676554391e-01,7.022935499217393129e-01,-1.131901090791507941e-01,-1.568807098866385058e-02,5.690683713979824976e-01,3.136494607195953327e-02,4.273755063378130714e-01,3.969615878955667920e-01,1.213427230596530494e-02,8.579754293682423372e-02,4.749122917264113064e-01,4.187333777008321878e-01,6.380703066718654837e-01,5.891767015404219404e-02,7.988275069138403572e-02,-1.278117243494342192e-01,-2.447073306816763272e-01,-4.118611921563343492e-02,1.395711589926375840e-01,-7.542116999959264101e-02,-2.506032311363164400e-01,-1.505261271659195377e-01,-4.114898249716664735e-01,-4.067649455184325080e-01,-1.565863741200991532e-01,-2.000873219504940015e-01,-8.000397396487435309e-01,-1.292321068672107331e-01,5.050878206070129606e-01,-4.510258087031129848e-01,5.358968034295307215e-01,7.816909457331213673e-01,-3.363579307878056812e-01,-1.560398401506661037e-01,8.733045157726339047e-01,4.299281189028901773e-01,-5.850340357527118451e-01,1.314036197814602569e-01,1.000000000000000000e+00,-4.419230908536280616e-02,-6.120891436408153474e-01,5.966291701766313071e-01,7.707187990850236092e-01,-4.945404852011219821e-01,-2.616177135350133409e-01,9.162231213298529520e-01,2.063148239325055255e-01,-6.348636540668477490e-01,2.869656409667301067e-01,8.296632746194197994e-01,-3.869381017217780050e-01,-6.842175513736271641e-01,-6.330006674831202274e-01,2.833451080550444257e-01,6.898281685251986817e-01,7.285278433360143913e-01,3.138005505978028742e-01,-5.879208244631923819e-01,-2.464179953997229777e-01,3.400266095301222591e-01,-1.100269830565029500e-02
3.814516486250454919e-01,4.680105912542347618e-02,3.588205819218470150e-01,-6.659191591690168943e-01,-4.224384617641625539e-01,5.825803849374777688e-01,-1.849944852061820577e-01,-8.628555592684244990e-01,1.199896607372956669e-01,4.434147473772578896e-01,-6.254508372470416466e-01,-5.973251796224035015e-01,4.690394009923386509e-01,-8.010427041900361478e-02,-8.586723434703545932e-01,5.470908812625246281e-02,4.362926093801079985e-01,-6.566010827051312893e-01,-5.918450581546051692e-02,6.138980463633294526e-01,-4.055762838806957205e-01,-6.912047537454709678e-01,4.782951509077913999e-01,1.301705627458385195e-01,-7.782186387182666865e-01,-3.652513696425219170e-01,-5.749513331467051569e-02,8.155734733968852956e-02,-3.985509126455025752e-01,-6.463952493357075779e-01,-1.179432412492474602e-01,1.352672650829302436e-01,-5.390950481160855512e-01,-1.677491316115553230e-02,1.109686609697531530e-02,-4.197528183315258343e-01,-4.483061725236291428e-01,1.974941827099176150e-01,-2.074980472198553749e-01,-3.383778732772678155e-01,2.233586864912480152e-01,3.917893029344250433e-01,3.869422793915699432e-01,5.750411398232526672e-01,5.915679596568912402e-02,-2.542050073256018616e-01,1.089301141475152584e-01,6.733986016014330556e-01,3.841044694270365212e-01,-4.883879240424666701e-01,6.516555088802118700e-02,7.639291058913331156e-01,7.421780749786509312e-02,6.602513820857595916e-02,4.501783768557555687e-01,5.667421166314521308e-01,2.358713207854608029e-01,-4.697013270776843608e-01,3.591695195852122602e-01,8.675304346428245328e-01,-1.481552019770072115e-01,-4.167751808109144140e-01,7.691641078379656271e-01,5.833312533896842789e-01,-5.681681633586600499e-01,-4.419230908536280616e-02,1.000000000000000000e+00,8.274985625577315970e-03,-6.501305380000622636e-01,5.621345626565834586e-01,7.945705095934857409e-01,-4.796156578069934451e-01,-2.195503896420654411e-01,9.164749110267199628e-01,1.747496007366539095e-01,-7.059789853880342747e-01,3.623428375489661235e-01,7.089699183142292860e-01,-1.129988723856170663e-01,1.076630385549816188e-01,7.071947314687415664e-01,2.930600924552516084e-01,-2.383490891775369991e-01,7.150233219739773327e-01,2.869222803783585962e-01,-5.239143064793674309e-01,-2.280462618658961882e-01,-6.265998612627277087e-01
4.664306016504746188e-01,5.666416192708279009e-02,-4.773528777382216037e-01,-5.288299391645395753e-01,1.518831839102440795e-01,-4.588704393280844118e-01,-7.061177458870283585e-01,9.150296452857130391e-02,1.037157243702720340e-02,-7.486862417938349168e-01,-3.702933420750252891e-01,2.104850782885730465e-01,-3.564348336847324994e-01,-7.819499797815540054e-01,2.565507851602688918e-02,1.406067162620960875e-01,-5.977320411264699374e-01,-3.888562955591099574e-02,6.594868935539700550e-01,-2.551179266785268407e-01,-6.716284668810805769e-01,4.884248320247301933e-01,5.649615368227742795e-01,-6.342387082767377837e-01,-2.904188149619843506e-01,8.104985291236895817e-01,-5.911249241681237193e-02,-8.779283074865614767e-01,-6.638382587987275985e-01,4.749433544935077189e-01,8.316546617020278975e-02,-7.407936763785802903e-01,-3.771156444657267626e-01,-7.852807590339562216e-01,-1.065149639688869332e-01,2.445465237551598670e-01,-6.501891166219477824e-01,-6.113390212096327936e-01,-1.725492800419359263e-01,-5.947018206410162877e-01,-1.351386297972737849e-01,2.267633347832563873e-01,3.799063178847987277e-01,6.408132188701096688e-01,9.775197994055798145e-02,-2.932686412505008389e-01,1.230130837093324908e-01,5.689043449372268579e-01,-3.504539235941869779e-01,-3.119459715578429965e-02,8.218440775148609934e-01,2.125992444225043854e-01,-4.941634024370186173e-01,4.488566728018224539e-01,-3.588323131051227577e-01,-8.284532829471409621e-02,8.518436305409313736e-01,1.288873843725006074e-01,-7.227073698610626540e-01,3.397365941438442172e-01,8.166424590847091158e-01,-4.465220276781679543e-01,-5.028822018819838480e-01,7.757280153737938777e-01,5.395966747736488101e-01,-6.120891436408153474e-01,8.274985625577315970e-03,1.000000000000000000e+00,1.750112407923280766e-02,-6.195913071931850036e-01,5.621887825748702605e-01,8.046040941063898888e-01,-4.176042392998576269e-01,-1.729348512369237034e-01,9.020071788505322763e-01,2.532099805186595054e-01,-4.494702360671634089e-01,5.481281973228587789e-01,8.973574883358405030e-01,-4.939008229791189142e-02,-5.368108884048242713e-01,-7.411519159474082574e-01,-1.496415988065755154e-01,-2.531898655591137137e-01,6.652169022190618231e-01,4.837241630022337535e-01,1.271389091511316294e-01,2.324407495722916606e-01
1.451991731398177277e-01,6.397929236819234200e-01,2.176331112794104017e-01,4.939878310039458320e-01,-3.000536197663511429e-01,-7.566283932454431760e-01,4.570435476003739117e-01,4.610017979527196164e-01,-7.653985987447511352e-01,-3.092284758141591872e-01,7.612707989195136582e-01,-8.734994647841209936e-02,-8.239578153316053921e-01,2.825298357913312852e-01,4.718788615582008572e-01,-7.338879745844870683e-01,-5.677662096322586560e-01,2.852810523062271897e-01,-1.986012550047448755e-01,-9.007539104241802930e-01,2.526366074636703790e-02,2.985617491450014427e-01,-6.291668958601569495e-01,-5.659977272249068214e-01,4.523103108979066866e-01,1.965601110107758065e-01,-5.570647458685841213e-01,-1.973647983011203588e-01,5.122246545372801663e-01,5.939454681825407922e-01,9.900779209525031876e-02,-7.215562373461409384e-03,1.419246914834413620e-01,-7.039532067563895879e-02,2.764521703381019879e-01,4.141878912202884844e-01,-3.706739057658975378e-02,-5.925084482655178231e-02,4.026811990380461115e-01,4.650211293778906962e-01,-1.602670427482240645e-01,-5.153525329520983189e-02,-1.435731806148533851e-01,-1.931083396099618488e-01,-4.655700102325885381e-02,1.185198730384515731e-01,-3.079211103823126586e-02,-3.093767044267488053e-01,-5.871581174511689705e-01,-9.216371988495442036e-02,7.848875905018934396e-02,-4.918146870110594038e-01,-5.282260569662196037e-01,-5.114507985883107732e-01,-6.190123289961113606e-01,6.301227055554725620e-02,-5.168700530173687274e-02,8.811648710825452646e-01,6.676073396349940792e-02,-6.483431366671040808e-01,4.489630850713672849e-01,8.092575986507929420e-01,-3.795234122349839812e-01,-4.385209301606385890e-01,8.083185545292672636e-01,5.966291701766313071e-01,-6.501305380000622636e-01,1.750112407923280766e-02,1.000000000000000000e+00,8.778297784955984770e-03,-6.320158320422684106e-01,5.455780345167541290e-01,7.684833386417867507e-01,-4.860051900897592314e-01,-1.703993246048382260e-01,8.804842342313499159e-01,2.976177928006313311e-01,-4.874193502559929225e-01,-3.365078910861010048e-02,-7.141241553011039578e-01,-5.030571653651518815e-01,2.512921204290565272e-02,7.618054140807367647e-01,-3.036842661689123646e-01,-3.373487760573486982e-01,3.847925429276666809e-01,5.546225873803147799e-01,5.239550011456430845e-01
1.982269367703122509e-01,4.602046954147221980e-01,8.381906791841848836e-01,-6.260349483259340653e-03,-7.498826988351318112e-01,3.772737836902295139e-01,5.865518399741749267e-01,-6.368304146824964596e-01,-4.165708801644023573e-01,7.343522202348263805e-01,1.211545585521917739e-01,-8.216410339190591827e-01,1.469682292829920522e-01,6.227967458870058426e-01,-5.821278391500274152e-01,-5.456931237928313028e-01,4.504511543309884791e-01,-4.407213722159582514e-01,-6.283434159816712050e-01,1.652874981038118252e-01,3.919937211325708742e-02,-8.190543446042511944e-01,-3.160474901653608226e-01,1.456968122656483178e-01,-2.965556624047787637e-01,-7.651630933089528241e-01,-4.152413262644888414e-01,5.176589825303570258e-01,3.781951665663259021e-01,-5.664002126675842241e-01,-1.012829755494975142e-01,6.231391517324722518e-01,-2.117477012204631581e-01,4.397441659045820406e-01,2.800986691673066908e-01,-2.864995620992846770e-01,-6.760384461292361091e-02,5.534901289778496603e-01,1.850625749695965772e-01,3.598254395156257890e-01,2.028961219672004435e-01,2.294506879184251835e-01,6.801216049034441991e-02,4.116296102699736753e-02,-2.528082399564657995e-02,-4.609567768477075556e-03,-4.774808990834905620e-03,1.107165683063297129e-01,2.025036886545321102e-01,-5.504885976630217170e-01,-4.062487303032968344e-01,3.027557407682673341e-01,1.874047718538836629e-02,-5.882712578973275930e-01,2.548456682564241849e-01,6.895630941519771406e-01,-3.415328569749548904e-01,4.993597040488610000e-02,8.879660227536839701e-01,2.217155262114590131e-01,-3.666791109018789907e-01,4.274234710382505686e-01,8.525290366777389384e-01,-2.067615087523627382e-01,-3.678233632996958380e-01,7.707187990850236092e-01,5.621345626565834586e-01,-6.195913071931850036e-01,8.778297784955984770e-03,1.000000000000000000e+00,1.986190896412058302e-02,-6.425141777199648851e-01,5.809893575351227080e-01,7.300140975783623309e-01,-5.250982686343953487e-01,-2.876397280329122119e-01,8.790969877776170227e-01,4.065785452127953364e-02,-7.237937670161207482e-01,-3.510371157699136990e-01,7.326012245348212382e-01,8.019288698500035562e-01,3.806252218030289347e-01,6.959603917775817328e-01,-3.719970561744690429e-01,-5.924046389498252019e-01,6.225382138425759188e-02,-4.434843229630852091e-01
5.011192378187262486e-01,-8.143599155585638794e-02,-8.376096542277698676e-02,-8.725105138125573978e-01,-1.284003804476226696e-01,3.018626237149315550e-01,-6.399923717091726694e-01,-6.353232610905149569e-01,2.626392976291779813e-01,-6.327403144695957493e-02,-8.126222480237720314e-01,-2.626699697984734017e-01,3.022763877980612079e-01,-5.731234828404410120e-01,-6.791026650203004777e-01,2.813260246993726232e-01,8.392225612049633576e-02,-5.065237621203039220e-01,3.753974100970069450e-01,4.524625390686196069e-01,-6.442172777115859894e-01,-2.369249001573028590e-01,7.571682776890072963e-01,-1.570376751325602005e-01,-7.829306787815981661e-01,1.660892121899452123e-01,3.790325742652424917e-02,-3.977205239214613997e-01,-7.489587797692260907e-01,-2.860253837825204593e-01,-7.494374352226533531e-02,-3.359708890162714789e-01,-6.183897275619405498e-01,-4.251714744347826480e-01,-9.075959596004418151e-02,-2.246332670126198749e-01,-6.597933446121073686e-01,-1.859746032189806275e-01,-3.252583238433608415e-01,-6.749666331794064167e-01,1.351586406213884650e-01,4.413534807427115791e-01,5.132508538450164526e-01,7.830516864550751688e-01,1.504947008071247649e-01,-3.532955923332702364e-01,1.071746653854006859e-01,8.385322909708115002e-01,1.765715460832533446e-01,-3.440892740089923074e-01,4.842513685611645191e-01,7.323793102547409006e-01,-1.282520818215227565e-01,3.810109153975435592e-01,2.156468604180767634e-01,3.354449367243840241e-01,6.397190283443510150e-01,-4.153904248097600171e-01,-1.707213904768823121e-01,8.960975365591539177e-01,2.628801001016872751e-01,-6.872752200095213482e-01,3.092679586283718085e-01,9.067795834089339424e-01,-2.417412523068981356e-01,-4.945404852011219821e-01,7.945705095934857409e-01,5.621887825748702605e-01,-6.320158320422684106e-01,1.986190896412058302e-02,1.000000000000000000e+00,1.914162321278327361e-02,-5.587081072822331906e-01,6.330472114299245945e-01,6.829289697504519197e-01,-5.333181220536591383e-01,-7.515592121126460357e-02,9.089307811535803916e-01,4.443038732668984081e-01,2.048475361524176586e-01,2.743462168473112528e-01,-2.318564734947103356e-01,-4.106028466753109396e-01,4.099826080575189047e-01,6.512706054329161498e-01,-1.578494102993032167e-01,-1.993308933454287224e-01,-3.960851465293733775e-01
3.419188310577320755e-01,2.720044957598489188e-01,-4.203408556634056770e-01,-8.497799852155610290e-02,1.323478401259608750e-01,-8.238369621945710319e-01,-3.798273927743546219e-01,4.793802603717158828e-01,-3.030874443541790031e-01,-8.669826412073683430e-01,1.333591200866996174e-01,3.084406941403973201e-01,-7.296472972500019916e-01,-5.401747852414081619e-01,4.230076547892549499e-01,-1.671547805090550787e-01,-8.316521706252173463e-01,2.079615068930239230e-01,4.505045651460923284e-01,-6.869386358971349971e-01,-4.383772438991371811e-01,6.554153884597738733e-01,9.631220338078680387e-02,-7.631146625484312995e-01,1.158070597791263368e-01,8.127700010794158825e-01,-2.566979302362511484e-01,-8.066821157336864223e-01,-2.483786631212200335e-01,7.693782424391270025e-01,1.628745718871585646e-01,-6.347692129445100528e-01,-1.358567413756447129e-01,-6.382250423540967166e-01,5.418904044100051470e-02,4.294815778525056804e-01,-4.346724252633603069e-01,-5.339342262965388608e-01,8.647471363784602072e-02,-2.367824532136919291e-01,-2.427492286409130562e-01,7.241172814127073976e-02,1.390109067051604474e-01,3.053702354927827489e-01,6.273028979232682378e-02,-1.056556149556162061e-01,5.863757117683247172e-02,1.822523133979474796e-01,-5.877009294398274353e-01,4.083941313232822973e-02,6.645667454066327418e-01,-1.912148268012648644e-01,-6.127719926914317883e-01,1.563550473596284074e-01,-6.062947919383122608e-01,-1.815838958180930607e-01,6.011918979831990528e-01,5.362750985275485105e-01,-6.366437384878761430e-01,-1.787159043111097023e-01,8.532626221670307487e-01,4.586076331776477166e-02,-7.277052809951788381e-01,3.140610048795198783e-01,8.704131143339411958e-01,-2.616177135350133409e-01,-4.796156578069934451e-01,8.046040941063898888e-01,5.455780345167541290e-01,-6.425141777199648851e-01,1.914162321278327361e-02,1.000000000000000000e+00,4.935607007590414250e-03,-5.636355506835424301e-01,6.498590769556116253e-01,7.317034033040999974e-01,-3.512508292438077939e-01,9.325218248308066171e-02,7.529444168033404550e-01,-3.412339851457783513e-01,-8.077013296022569344e-01,-6.742322226531489715e-01,2.264327132637188600e-01,-5.141748890290529506e-01,3.483222434830857139e-01,6.883000932370889613e-01,4.004178200700231338e-01,5.647801267162826377e-01
1.542179787671099644e-01,7.474642468701896414e-01,6.724140082826552955e-01,4.734860982130350004e-01,-6.481176517998457065e-01,-3.601441898519074369e-01,7.679051920434628586e-01,3.751925735684055740e-02,-8.336619986426213602e-01,2.222677394851633181e-01,7.267298090633494967e-01,-5.115612416145897123e-01,-5.468439698047777853e-01,6.274063117051523752e-01,9.093647539201518692e-02,-8.658686380705942209e-01,-1.522445773012065240e-01,-2.026936839199054707e-02,-5.564437984923805702e-01,-5.679808144732201303e-01,1.116529346365703612e-01,-2.475465848592579288e-01,-7.028005479813802525e-01,-2.802377450108635148e-01,2.378514989070106278e-01,-3.289050925382291934e-01,-6.266070549784479304e-01,2.157671644129817434e-01,6.674173269264812580e-01,1.268102609724251761e-01,6.381555385518405954e-02,3.985400345729268046e-01,6.007900759366586324e-02,2.496725858135235010e-01,3.650668532515716769e-01,1.426385230105470248e-01,1.770511745815521801e-02,3.003037352104323543e-01,4.505480869134645960e-01,6.120041542144052382e-01,-4.331431868463062745e-02,1.385020620122788711e-02,-1.452731717758762586e-01,-2.171187429288931880e-01,-8.136645592149364947e-02,1.361284950488892420e-01,-2.351742619902582807e-02,-2.544791477831919169e-01,-3.048406041161923485e-01,-3.298020815346892065e-01,-2.343655483422804886e-01,-2.532749888032722607e-01,-3.327653212462786114e-01,-7.137973906665094903e-01,-2.887107187185029566e-01,3.861577685910435598e-01,-3.104374629445596501e-01,6.765697125536810352e-01,5.749238981663274961e-01,-4.234870415722494785e-01,6.389296269623317981e-02,8.816392574095198720e-01,1.950565928627506496e-01,-5.310402762725318082e-01,3.674275725677244031e-01,9.162231213298529520e-01,-2.195503896420654411e-01,-4.176042392998576269e-01,7.684833386417867507e-01,5.809893575351227080e-01,-5.587081072822331906e-01,4.935607007590414250e-03,1.000000000000000000e+00,-5.847133658125470805e-03,-5.436456564921366974e-01,5.546130195052199063e-01,7.615715392103822312e-01,-4.664223078592997784e-01,-5.286315235031350257e-01,-7.791823096079167899e-01,4.755992789149147276e-02,5.529574309729186066e-01,8.491212309897917532e-01,1.474450867462470671e-01,-5.754879446189439252e-01,-7.354210487906946703e-02,4.805133081616281832e-01,1.610805435256953966e-01
4.092411508184375935e-01,1.807819659879811858e-01,5.485368951124092174e-01,-5.779783783832135313e-01,-5.827462077823641895e-01,5.988436960764952355e-01,9.139019674492052450e-03,-9.180678482253337158e-01,-2.570599523966629260e-02,5.829249478632894110e-01,-4.954287728961592752e-01,-7.494091324959665235e-01,4.412750001862530413e-01,1.109008994623257444e-01,-8.924486745896905715e-01,-1.170655713645437912e-01,5.066580333819477033e-01,-5.507394314206098818e-01,-1.999271905017357687e-01,5.028789414799441637e-01,-2.668902502188707504e-01,-7.177999965622278156e-01,2.584151392792586877e-01,1.260276078715371617e-01,-6.757021630807286128e-01,-4.901846993584248469e-01,-1.664779302196847666e-01,2.021083780821114340e-01,-1.969405913858352786e-01,-6.371638013018354751e-01,-2.202341268632526938e-01,2.450831941621791910e-01,-4.794928426493903495e-01,1.205211814390401148e-01,7.114785203986491446e-02,-3.661266710619661136e-01,-3.716469951721501630e-01,3.103609256799916838e-01,-1.480612014686409073e-01,-1.706561939866775013e-01,3.151557629433812124e-01,4.385689341042268152e-01,3.462609528769049483e-01,4.493570606812615220e-01,1.025750928425042119e-01,-1.937098253198204778e-01,1.775364884114640288e-02,5.575176989248178394e-01,3.310376156275853243e-01,-5.575249083533220240e-01,-6.007950457953449563e-02,6.648372732237524119e-01,3.583963173902932065e-02,-1.676431598613007945e-01,3.506809541032592792e-01,6.624960034955783561e-01,8.204470154376514168e-02,-3.029375016213928795e-01,5.399486671389110981e-01,7.044518987792880438e-01,-2.097303712652166530e-01,-1.677721225975753183e-01,8.245022967585383666e-01,3.721852265510428026e-01,-5.241398505824209630e-01,2.063148239325055255e-01,9.164749110267199628e-01,-1.729348512369237034e-01,-4.860051900897592314e-01,7.300140975783623309e-01,6.330472114299245945e-01,-5.636355506835424301e-01,-5.847133658125470805e-03,1.000000000000000000e+00,1.165232091269360719e-02,-6.888657005681163570e-01,5.834252543018502157e-01,6.202736903601435703e-01,-2.917992070027666252e-01,-2.103689508227498881e-02,7.805271057244740351e-01,4.726689598107026713e-01,-6.897266336512078433e-02,8.236810850529532324e-01,1.514825517973451552e-01,-6.088699667127797088e-01,-1.991032746585094382e-01,-6.550542918372291856e-01
4.941092910907743940e-01,-6.095011284773418914e-02,-5.231837550653188895e-01,-7.008263634510446538e-01,1.922215355473138321e-01,-2.925991188199605908e-01,-8.483303721657043939e-01,-5.089377213701973268e-02,1.764527800149242043e-01,-6.988798310312532847e-01,-5.847529755581348798e-01,2.020028215058273235e-01,-1.729373237720953083e-01,-8.887190176889957494e-01,-1.327687792416932799e-01,2.738153698368903655e-01,-4.749518748487707720e-01,-1.375306377323287088e-01,5.680005892180163274e-01,-5.609290300244881150e-02,-6.257443148163510660e-01,3.244706894427505373e-01,5.970209915830763103e-01,-5.267082539829585075e-01,-4.139071434660999138e-01,6.737297660234548013e-01,-2.727051844243484277e-02,-7.823854318199815472e-01,-7.205363261107369244e-01,3.216351992415197869e-01,5.192268743680322762e-02,-6.871817558904802503e-01,-4.514488017266556352e-01,-6.567288310545756902e-01,-1.252224007938145846e-02,1.088734631880166337e-01,-6.458114843059472587e-01,-4.488418332159445079e-01,-1.917100191289873301e-01,-7.117375918367927490e-01,-5.778754740990195427e-02,3.564097952716658857e-01,3.993367475509170816e-01,6.611192351169699055e-01,2.431335246010452034e-01,-2.523470829707012419e-01,2.191668796944960113e-02,6.375835973319158301e-01,-2.255790090787436197e-01,-1.401347026563644071e-01,7.239947251813287910e-01,3.294394895864005135e-01,-4.064586984763992050e-01,4.409616917404383107e-01,-2.075454445261565306e-01,-1.110705677717226288e-02,7.796148913804110681e-01,-3.644561379771069781e-02,-6.015779961405995913e-01,4.534799097917074917e-01,6.514279623698899790e-01,-5.231091597361899881e-01,-3.256789348814411733e-01,7.897113542405020947e-01,3.311894177129818817e-01,-6.348636540668477490e-01,1.747496007366539095e-01,9.020071788505322763e-01,-1.703993246048382260e-01,-5.250982686343953487e-01,6.829289697504519197e-01,6.498590769556116253e-01,-5.436456564921366974e-01,1.165232091269360719e-02,1.000000000000000000e+00,3.472057328182021757e-02,-4.324219513458096853e-01,7.227372565084607681e-01,8.692987131240682563e-01,6.465452679743624587e-02,-3.653097549297102398e-01,-6.919146130306422782e-01,-2.768429553779313546e-01,-1.195467718078062208e-01,7.559643421590913626e-01,3.886305113996734728e-01,5.555569121843104835e-02,1.229764285928703904e-01
1.036518554505066192e-01,4.879091198147865183e-01,-7.101807684652168551e-02,4.354621553211051599e-01,-5.940156216002381168e-02,-8.791344667313660821e-01,2.063896016149792401e-01,6.327271901133715293e-01,-6.090559577437127947e-01,-5.776069349788829355e-01,6.571129853228356854e-01,1.789399000490166369e-01,-8.676365316245012727e-01,2.536765484038418141e-03,6.274884662403841240e-01,-5.093998415076407271e-01,-7.158123616533018652e-01,2.777005836994044796e-01,-5.142511867680404219e-02,-8.489485570475964193e-01,-5.152934788795025117e-02,4.339890447350851499e-01,-4.522163095848424352e-01,-6.052199915843559097e-01,4.578368055610381182e-01,4.195218890992891692e-01,-4.279840365287250759e-01,-3.655584938750257584e-01,3.160305170863448865e-01,6.829049239097634283e-01,2.817713156013397779e-01,-1.553217921144376124e-01,1.584728247320306427e-01,-2.545427744191081643e-01,2.414899752936376098e-01,4.454466680169839043e-01,-7.283333188496449173e-02,-2.205986693245682584e-01,4.071533757774055129e-01,2.655291129621278889e-01,-3.408733167445333612e-01,-1.406503481122953203e-01,-1.205546392247253129e-01,-1.334719858479916366e-01,-5.972036549146390871e-02,5.963622723674834314e-02,9.799787569869797960e-03,-2.593128056014116778e-01,-6.091714821627597365e-01,4.915464033819418044e-02,2.379370999034538248e-01,-4.936315662880406130e-01,-5.220753536160371855e-01,-2.321465524056674501e-01,-5.817567948219668494e-01,-1.396581837428020612e-01,1.183778927624180993e-01,7.437100668861705843e-01,-2.107223348290548914e-01,-5.781651721664586852e-01,5.457570711158600263e-01,5.685420492216873845e-01,-5.708480739173201757e-01,-2.635719970446694371e-01,8.430124832529591883e-01,2.869656409667301067e-01,-7.059789853880342747e-01,2.532099805186595054e-01,8.804842342313499159e-01,-2.876397280329122119e-01,-5.333181220536591383e-01,7.317034033040999974e-01,5.546130195052199063e-01,-6.888657005681163570e-01,3.472057328182021757e-02,1.000000000000000000e+00,1.007714505748340782e-02,-4.509919863695698306e-01,2.113767956241008328e-01,-6.376119418057129007e-01,-6.876469579029848012e-01,-2.228971615406417917e-01,6.348367654533240145e-01,-5.230506081982915223e-01,-2.059582845217659830e-01,5.809154870248562919e-01,5.758320194418170557e-01,6.624905084643646358e-01
3.556648585002531449e-01,6.725263582563798526e-01,8.569786740986284901e-01,3.512396417370163698e-02,-8.494581565255934219e-01,1.002335954513028232e-01,6.179974550958363677e-01,-5.217562983660279929e-01,-6.524377433183352615e-01,5.420895136004424408e-01,2.731409856263694036e-01,-8.411336966502723778e-01,-1.429598811471798070e-01,5.631760955387428158e-01,-4.549257342914905244e-01,-7.233777793597698791e-01,2.046399745785968671e-01,-3.200371649599510482e-01,-5.468348967006445571e-01,-1.290990365259117589e-01,-3.590585003949864351e-02,-6.041344656988349993e-01,-3.993290634719056653e-01,-1.081198593785489270e-01,-1.954046061985748040e-01,-5.621135873510300085e-01,-5.507404988616262376e-01,3.188339604942985739e-01,4.069055889574351714e-01,-2.933067061717907764e-01,-1.114140981904961775e-01,4.647681930877310408e-01,-2.102470658358914224e-01,2.846991930646678437e-01,3.100366647130415876e-01,-9.413551091953302474e-02,-1.680061251363450525e-01,4.234394242365754901e-01,2.570430730666982688e-01,3.682340442536641278e-01,1.722683753829876430e-01,2.761878720047430402e-01,8.898962803804952304e-02,6.415565862154173904e-02,2.127802658257920213e-02,-4.000019970985625511e-04,-4.451797213900172273e-02,1.039959936489389114e-01,-3.139940292578240200e-02,-5.656135846317161819e-01,-2.387776246732687124e-01,1.803757906966390046e-01,-2.107484398496309308e-01,-6.469826013972068690e-01,-1.645016886620782534e-02,6.702123581603471880e-01,-2.184789077229301046e-01,3.334669727006943640e-01,7.632037300162860527e-01,6.538185638894122853e-02,-1.071150742035003878e-01,5.873709776306921260e-01,6.402646418393554972e-01,-2.159531855699157454e-01,-4.481766192399871951e-02,8.296632746194197994e-01,3.623428375489661235e-01,-4.494702360671634089e-01,2.976177928006313311e-01,8.790969877776170227e-01,-7.515592121126460357e-02,-3.512508292438077939e-01,7.615715392103822312e-01,5.834252543018502157e-01,-4.324219513458096853e-01,1.007714505748340782e-02,1.000000000000000000e+00,-2.058926629388802346e-02,-6.288042069553200220e-01,-6.402412804958174108e-01,5.226318551492624698e-01,7.642843259104878939e-01,6.478953364908680568e-01,6.366804438530639931e-01,-3.934249755151009165e-01,-4.559112850147462592e-01,2.576064112605955247e-01,-2.776726892099312671e-01
5.996128918745313729e-01,3.498721551186065315e-02,-5.132700346811779751e-02,-8.870213721240391980e-01,-2.006768136555835969e-01,1.951148748293248247e-01,-6.273422721107784206e-01,-6.176197111660745032e-01,1.525822560621539481e-01,-1.262388800523761845e-01,-7.549273191372714020e-01,-3.004351827316811274e-01,1.895733533723342468e-01,-5.641164813972276981e-01,-6.403659630221287813e-01,1.794933630544116587e-01,9.962942321298023582e-03,-4.343810519134416737e-01,3.214735383442884342e-01,3.273191369647447946e-01,-5.979036135055207923e-01,-1.985754873389327380e-01,6.242139073306802732e-01,-2.654778574644856559e-01,-7.183325957768544878e-01,1.868509321603774587e-01,-7.625859689550663900e-02,-4.231992108731591484e-01,-6.616530145508602301e-01,-1.997395421104772306e-01,-9.109026048381399510e-02,-3.324986801808701431e-01,-6.032098903900280362e-01,-4.148222475595812475e-01,1.469212623904023836e-03,-1.519817141309866559e-01,-6.714077540316533144e-01,-1.538349674806152867e-01,-2.507542700936913338e-01,-6.389240644170043337e-01,1.312658333583682502e-01,4.905474643584975536e-01,5.142081455424808434e-01,7.578498541432866498e-01,2.095307752744396124e-01,-3.292607350684659262e-01,4.570512208181444491e-02,8.040021109821333667e-01,6.556234259716685331e-02,-3.977338863424402793e-01,4.873037597832813872e-01,6.479384973955747418e-01,-2.375746174112869091e-01,2.481806929204367906e-01,9.065933856781073497e-02,3.794252441989205971e-01,6.222775912979214841e-01,-2.631365644810702564e-01,-1.160214124637904548e-01,7.884008812535290289e-01,3.125028870905822154e-01,-5.341308142949443560e-01,2.661053687630152709e-01,8.221473763485748210e-01,-1.259769249500457267e-01,-3.869381017217780050e-01,7.089699183142292860e-01,5.481281973228587789e-01,-4.874193502559929225e-01,4.065785452127953364e-02,9.089307811535803916e-01,9.325218248308066171e-02,-4.664223078592997784e-01,6.202736903601435703e-01,7.227372565084607681e-01,-4.509919863695698306e-01,-2.058926629388802346e-02,1.000000000000000000e+00,4.792000310274507346e-01,1.010128130361048482e-01,2.291087330885838991e-01,-2.433425878099398088e-01,-2.990102682595475736e-01,4.490365378463310742e-01,7.139798555088993082e-01,-8.231117252897947323e-02,-1.587740832266243407e-01,-3.226418735151301287e-01
3.392463297274854739e-01,-8.626120649037295751e-02,-6.010956658865770352e-01,-4.418196004412527356e-01,3.225185749184785733e-01,-4.398307263246960530e-01,-7.395574745462250021e-01,2.186899823828876155e-01,1.469161965791951352e-01,-7.808410296681981277e-01,-3.596571842677406816e-01,3.822820838232345864e-01,-2.912170918871123115e-01,-7.937254529194870400e-01,1.555019022583883359e-01,2.831307339331085027e-01,-5.597748967584271762e-01,1.065960976680654232e-01,6.857364094785370900e-01,-1.961496512686746740e-01,-5.171322498495389830e-01,5.740109628888128146e-01,5.436533837868651187e-01,-4.723855726312575776e-01,-1.524331057264408651e-01,8.227145640474269328e-01,1.164095608461759024e-01,-7.993929019857787255e-01,-6.147874339242358488e-01,4.984576713492265831e-01,5.835439459641470622e-02,-7.359637273544193947e-01,-1.948567949810190714e-01,-7.084021570077583263e-01,-2.059563865612162592e-01,2.469853026574556076e-01,-4.503518960300498808e-01,-6.410407932925662466e-01,-2.394328591254695771e-01,-5.404664476396283668e-01,-1.300235836870637374e-01,7.798321982095621219e-02,2.594819283234757745e-01,4.796973264833556128e-01,4.576192711566955812e-02,-2.181438232200500482e-01,1.299004051945237825e-01,4.077493783210828227e-01,-2.937876997334082918e-01,1.461628600597934258e-01,7.383775723029745164e-01,8.926411185846297447e-02,-3.530532679707394372e-01,5.251997073608675182e-01,-3.338587311814525949e-01,-2.677600479149719881e-01,7.305985328284020364e-01,5.553063786034330429e-02,-7.883035850639089626e-01,2.280583537832413521e-01,6.964656872369097140e-01,-4.921173584531198797e-01,-5.956950404661262022e-01,6.541789606952194136e-01,4.621943867223821667e-01,-6.842175513736271641e-01,-1.129988723856170663e-01,8.973574883358405030e-01,-3.365078910861010048e-02,-7.237937670161207482e-01,4.443038732668984081e-01,7.529444168033404550e-01,-5.286315235031350257e-01,-2.917992070027666252e-01,8.692987131240682563e-01,2.113767956241008328e-01,-6.288042069553200220e-01,4.792000310274507346e-01,1.000000000000000000e+00,9.576963778234151570e-02,-6.330073951488950357e-01,-8.654715890934839839e-01,-2.644216907071213485e-01,-3.876153205919650180e-01,6.909663819606974844e-01,5.412084452753217478e-01,1.686053678231540232e-02,2.530406909435077845e-01
-4.910356258850785416e-01,-8.306237304920586206e-01,-5.164651059604320471e-01,-1.249759981842151757e-01,6.684136954153381271e-01,5.363970220980042170e-01,-4.071195159206064118e-01,3.752287948822780050e-02,8.492584460403882485e-01,1.011671176971807862e-01,-4.774013750219873731e-01,5.032412204201021089e-01,6.948115488033851372e-01,-2.152902844592901321e-01,-6.352357057555346872e-04,7.992747535508655243e-01,3.883982984420708551e-01,1.015506416272689422e-01,2.787709692015070684e-01,6.128481702788184382e-01,2.234909099755564010e-01,9.997758925346336700e-02,3.986317180177659236e-01,5.558421722852268099e-01,-3.371873418977280878e-02,-2.012189773547594374e-02,6.301614855943091786e-01,1.805515457168079263e-01,-3.083909757503997540e-01,-2.808280041854502862e-01,-1.039970257374193685e-01,-8.002352538890117328e-02,1.202546614133480213e-01,1.697916248042097564e-01,-3.028210263140033720e-01,-2.585269161493439771e-01,3.145421835500311070e-01,-3.374933828494769091e-04,-3.685115110551221984e-01,-2.673026840930491921e-01,1.122878089771559562e-01,-1.543671786192074846e-01,-9.799171438459547412e-02,-1.345215440084709946e-01,2.269072335154040040e-02,4.834771999982561547e-02,-2.808364047773520208e-02,-7.804183490239757770e-02,4.641752943986434121e-01,3.810720093433279110e-01,-1.918224714643955719e-01,9.402337624631641744e-02,5.799840193086466256e-01,4.739844878844509668e-01,4.542273615474761161e-01,-3.905045503262292717e-01,-1.339566775931891329e-01,-7.105543081625362856e-01,-2.720894067542657946e-01,1.735074939638952263e-01,-4.398566116661535852e-01,-6.340775861114718026e-01,-3.750430245104890287e-02,1.042530987399516718e-01,-5.599174182643265052e-01,-6.330006674831202274e-01,1.076630385549816188e-01,-4.939008229791189142e-02,-7.141241553011039578e-01,-3.510371157699136990e-01,2.048475361524176586e-01,-3.412339851457783513e-01,-7.791823096079167899e-01,-2.103689508227498881e-02,6.465452679743624587e-02,-6.376119418057129007e-01,-6.402412804958174108e-01,1.010128130361048482e-01,9.576963778234151570e-02,1.000000000000000000e+00,9.461873939352619112e-02,-3.148025726026048021e-01,-8.953325683098366516e-01,-1.636799791925730441e-01,2.633889467509700766e-01,-1.002657957555862234e-01,-5.796847449860648149e-01,-2.423947970597680746e-01
-4.629308610596283118e-03,-4.279059329747118834e-02,5.067323960402200234e-01,-2.385520433778562099e-01,-3.753320731578828062e-01,7.313026655313998869e-01,2.245135726206700655e-01,-7.168251128537593830e-01,1.300382207522196298e-01,7.582529162323282668e-01,-3.033172668942761829e-01,-5.499293612362066153e-01,5.977138435395668026e-01,3.537622667527556275e-01,-6.512460386727955131e-01,1.697573326093696280e-02,6.954356094452619486e-01,-3.914780767356929037e-01,-4.561718845225803953e-01,5.975740677100027654e-01,1.416188619322616693e-01,-7.697489144239779701e-01,1.386160126868147061e-02,4.439881576848260791e-01,-3.525235226588008808e-01,-6.857321760682749678e-01,-2.484054490828545205e-03,5.488339264575040621e-01,9.800671570651910136e-02,-7.141674737784943217e-01,-7.033602845800697445e-02,5.276021620648345678e-01,-1.096856532146323199e-01,3.844573465775705245e-01,8.705531707837038669e-02,-3.685702409762060539e-01,5.605905276427793765e-02,4.641610745387004244e-01,2.113175471109613249e-02,4.911717791399700106e-02,1.436197969845104672e-01,1.354615156153745337e-01,1.016375672896414756e-01,3.344464743927525602e-02,1.066675591539074930e-02,-6.142274593650605408e-02,-2.930938396167242360e-02,1.521092679120186197e-01,4.180266869450343648e-01,-3.124621984227081151e-01,-3.760978169012621497e-01,3.848875098907986181e-01,2.970524401023060257e-01,-1.715838736645119988e-01,4.941620694535595049e-01,4.013843238442104666e-01,-2.820022124636715755e-01,-4.380829989599046570e-01,6.494691960197439551e-01,4.345617543103796332e-01,-5.733403347833569974e-01,-7.141659290663490700e-02,8.081377728887889633e-01,-4.777116318033303340e-03,-7.174199326743306848e-01,2.833451080550444257e-01,7.071947314687415664e-01,-5.368108884048242713e-01,-5.030571653651518815e-01,7.326012245348212382e-01,2.743462168473112528e-01,-8.077013296022569344e-01,4.755992789149147276e-02,7.805271057244740351e-01,-3.653097549297102398e-01,-6.876469579029848012e-01,5.226318551492624698e-01,2.291087330885838991e-01,-6.330073951488950357e-01,9.461873939352619112e-02,1.000000000000000000e+00,7.139398197770618903e-01,-1.342247977286110394e-01,7.639767314176786339e-01,-1.500600545538418873e-01,-7.172950153772810200e-01,-3.214358770325627113e-01,-6.551439283373994282e-01
-8.342176878562811149e-02,2.551282254931356297e-01,7.194680313678449846e-01,2.229231086980774101e-01,-5.286405573688862658e-01,4.163124750954602660e-01,6.677178250643335256e-01,-4.193325132120163112e-01,-2.741390823203393445e-01,7.588526928349819123e-01,2.444470749034195756e-01,-5.860780175371852474e-01,2.210187620776189465e-01,6.841375557127772344e-01,-3.389792626655397378e-01,-3.794323160395994265e-01,4.992095678178809504e-01,-2.423781563172448805e-01,-6.101680968785505588e-01,1.883496360779435275e-01,2.931077211499685808e-01,-6.313204897799606918e-01,-4.114274572775467598e-01,3.455735920457463362e-01,-3.990753144793288132e-02,-7.601048294323314858e-01,-1.926721083409734525e-01,6.546108816346590809e-01,4.970827060216304605e-01,-4.750974215492205777e-01,-8.812144256454496061e-02,6.333587617654391488e-01,5.828306527748902677e-02,5.367616375728798683e-01,1.914782662669624880e-01,-2.191041446492203726e-01,2.338853734667690476e-01,5.403980492720253936e-01,2.031814144665751998e-01,4.378973961195662401e-01,1.546555985516806231e-01,4.012094560243282398e-02,-1.163485587087509793e-01,-2.606889788363273563e-01,-1.722286378774420812e-02,1.361585750529843430e-01,-9.103846539517396197e-02,-1.884964520670469879e-01,2.194763179545200504e-01,-2.807635068402165590e-01,-5.404354335051391178e-01,5.516987325151571225e-02,1.874927396453706374e-01,-5.024408509881290730e-01,2.452114256028337935e-01,4.076605361328955457e-01,-5.329344623267239234e-01,-7.049425346592567802e-03,7.816840375871035862e-01,-3.111590215935725046e-02,-5.258427086040745602e-01,4.350423286667539080e-01,6.694267212914489784e-01,-4.357474967331804172e-01,-4.110029686761064727e-01,6.898281685251986817e-01,2.930600924552516084e-01,-7.411519159474082574e-01,2.512921204290565272e-02,8.019288698500035562e-01,-2.318564734947103356e-01,-6.742322226531489715e-01,5.529574309729186066e-01,4.726689598107026713e-01,-6.919146130306422782e-01,-2.228971615406417917e-01,7.642843259104878939e-01,-2.433425878099398088e-01,-8.654715890934839839e-01,-3.148025726026048021e-01,7.139398197770618903e-01,1.000000000000000000e+00,4.045489496966480081e-01,6.251053447310721545e-01,-6.189477827003211363e-01,-6.327207538397685571e-01,4.859446091358667758e-02,-3.387773624223898161e-01
3.221595671856326559e-01,7.800235671864669262e-01,5.525220610277460365e-01,3.357735181067574848e-01,-6.158491161424578531e-01,-4.969322890637912216e-01,5.799939442459733918e-01,7.213984689910828141e-02,-8.365713508886636340e-01,1.048563201812401958e-02,6.369889275850281196e-01,-4.437480209837894596e-01,-6.572106369783610180e-01,4.010433075383392221e-01,1.174617945568866978e-01,-8.097107312741883556e-01,-3.150482964580615941e-01,-1.408431237382471411e-02,-3.269543413530249798e-01,-6.189850356821148258e-01,-5.014446679428182646e-02,-6.756201449646218049e-02,-5.433087462424049940e-01,-4.201829526055303465e-01,1.679352401465148137e-01,-1.026730176364235025e-01,-5.771680219209278651e-01,-5.242242989762272397e-03,4.845714317469766441e-01,2.659213358169963959e-01,3.061991204180119705e-02,1.854776689007919255e-01,1.625597150321347276e-03,3.078878407718089322e-02,3.033571123652215595e-01,2.495969624254618102e-01,-1.130131507093987547e-01,1.034287342911053703e-01,3.745359465792217901e-01,4.270987810533859452e-01,-5.002180871801801404e-02,8.185248132415667843e-02,-3.135798540092359088e-02,-7.465426058626105366e-02,-1.781434185374013504e-02,6.514609305493208880e-02,-3.975470212162658667e-02,-1.333905011004102303e-01,-4.205999791534532628e-01,-3.022944173083513819e-01,-5.671181300563972114e-03,-2.322922344509334436e-01,-4.703922116322504232e-01,-5.871831786298323808e-01,-4.477771755369721607e-01,3.486335298514005032e-01,-8.768774978671753373e-02,7.316523204686828930e-01,3.565984224158735838e-01,-3.587026537645908730e-01,2.824924261464952790e-01,7.595509869134441372e-01,3.287099973317188228e-02,-3.342676476816702769e-01,5.095308377021646740e-01,7.285278433360143913e-01,-2.383490891775369991e-01,-1.496415988065755154e-01,7.618054140807367647e-01,3.806252218030289347e-01,-4.106028466753109396e-01,2.264327132637188600e-01,8.491212309897917532e-01,-6.897266336512078433e-02,-2.768429553779313546e-01,6.348367654533240145e-01,6.478953364908680568e-01,-2.990102682595475736e-01,-2.644216907071213485e-01,-8.953325683098366516e-01,-1.342247977286110394e-01,4.045489496966480081e-01,1.000000000000000000e+00,8.000536276635189514e-02,-4.517017118896101691e-01,1.099816153182421319e-01,5.936773728346022017e-01,3.236122582132532899e-01
3.337276123940751127e-01,2.476156484561645443e-01,6.036006534019935366e-01,-3.930233325847445891e-01,-6.058317113740918636e-01,4.999862105692496339e-01,1.770996604177975386e-01,-7.799962318668297589e-01,-1.490745871273914669e-01,5.842713479053700532e-01,-2.785256185161870679e-01,-7.220631886738693161e-01,3.081634884538404506e-01,2.356484769010665226e-01,-7.041124811847816467e-01,-2.140543327004901519e-01,4.312372193017082744e-01,-4.279717870114952416e-01,-2.226168371125378520e-01,3.673842556862635944e-01,-1.605847090136224564e-01,-6.097082525077646142e-01,1.086906520336022308e-01,1.317193047941012385e-01,-4.940895779305353730e-01,-4.771901474875497873e-01,-1.879260494017259975e-01,2.384461903322603049e-01,-3.829307331887700592e-03,-4.912674782923691086e-01,-2.289823774747707374e-01,2.441919111451316682e-01,-3.280596816707001540e-01,1.668650169771809244e-01,7.346827369583026901e-02,-2.793736002353530701e-01,-2.469769498393354634e-01,3.145455490948064203e-01,-5.905540454790265265e-02,-7.735737221117765933e-03,2.847447528571515063e-01,3.397189211138292309e-01,2.188945710853588134e-01,2.878753650874936731e-01,7.813316650487704684e-02,-8.335420031244514250e-02,-2.231329115981188840e-03,3.746469803930357889e-01,2.301780228699105979e-01,-4.806192844148683418e-01,-1.021175779411545165e-01,4.694807096248242440e-01,-2.247137513525169616e-03,-2.741572187704902075e-01,2.233146709858159218e-01,5.762850940525524601e-01,-1.996376233625123467e-02,-1.651905783094277935e-01,5.459288150572879639e-01,4.975462267999534172e-01,-2.112385032934298024e-01,-4.860701905514851727e-03,7.119116929573783281e-01,1.974642685564171884e-01,-4.165136348516559339e-01,3.138005505978028742e-01,7.150233219739773327e-01,-2.531898655591137137e-01,-3.036842661689123646e-01,6.959603917775817328e-01,4.099826080575189047e-01,-5.141748890290529506e-01,1.474450867462470671e-01,8.236810850529532324e-01,-1.195467718078062208e-01,-5.230506081982915223e-01,6.366804438530639931e-01,4.490365378463310742e-01,-3.876153205919650180e-01,-1.636799791925730441e-01,7.639767314176786339e-01,6.251053447310721545e-01,8.000536276635189514e-02,1.000000000000000000e+00,3.877262807710030873e-02,-7.086982288103816918e-01,-2.074658964201591960e-01,-6.368943138084701694e-01
3.815426601611463520e-01,-1.491874300460939162e-01,-4.086329108786334596e-01,-6.724627982255979575e-01,1.530304165583502018e-01,-3.343174061959816590e-02,-7.250119992214871800e-01,-1.916944061329967919e-01,2.764369789194206506e-01,-4.253326392623458241e-01,-6.138101741708176240e-01,1.164761919951737834e-01,6.124210485681851751e-02,-6.757384702469034776e-01,-2.287682203477087728e-01,3.317975759592681761e-01,-1.892645740303140756e-01,-6.753117667901072096e-02,4.726097392224518634e-01,1.261713091356140848e-01,-4.271035820891527224e-01,2.041302155900204252e-01,5.560260734254226511e-01,-3.106020237080036606e-01,-3.563354565853250056e-01,4.913762199458488467e-01,7.390690171168268208e-02,-5.550298417179398980e-01,-6.132358882809334499e-01,1.122710114993087094e-01,-7.738349303706350268e-03,-5.117191887731453726e-01,-3.368756948118279970e-01,-5.144202300372070491e-01,-9.981399889164921380e-02,4.715507833171409674e-02,-5.016765132619972478e-01,-3.613587205568214999e-01,-2.226015024045267243e-01,-6.222484355827370139e-01,-2.039240594366080808e-02,2.706794893283925862e-01,3.829637893516099623e-01,5.704018274416601253e-01,1.238036375093989200e-01,-2.659368764067788771e-01,6.098489175084852165e-02,5.350095232962049918e-01,-7.706968995044909121e-02,-7.893598458814350682e-02,5.447850061762961049e-01,3.155122510790552837e-01,-2.201669365102352782e-01,4.200333558674003709e-01,-6.617070486781749528e-02,-2.358827957260438077e-02,6.247132996577374753e-01,-1.738485796303899655e-01,-4.701844298854697679e-01,4.617603961585744488e-01,4.195241695615628541e-01,-5.456381419229511254e-01,-1.817728790880911716e-01,6.895182687202452421e-01,1.005452126853770972e-01,-5.879208244631923819e-01,2.869222803783585962e-01,6.652169022190618231e-01,-3.373487760573486982e-01,-3.719970561744690429e-01,6.512706054329161498e-01,3.483222434830857139e-01,-5.754879446189439252e-01,1.514825517973451552e-01,7.559643421590913626e-01,-2.059582845217659830e-01,-3.934249755151009165e-01,7.139798555088993082e-01,6.909663819606974844e-01,2.633889467509700766e-01,-1.500600545538418873e-01,-6.189477827003211363e-01,-4.517017118896101691e-01,3.877262807710030873e-02,1.000000000000000000e+00,3.242817883403941726e-01,-2.349890342792954334e-01,-1.561656919953075678e-02
4.065099805589128534e-02,2.913397060715329154e-02,-4.903927207819189227e-01,5.497760634129218726e-02,3.175241588045266128e-01,-6.170765081806901531e-01,-3.163125417474288992e-01,5.396288870093188805e-01,-5.972610567236606716e-02,-6.943646336738253932e-01,1.302018752352429309e-01,4.608166345278582599e-01,-4.647531317009876428e-01,-3.898818088208648724e-01,4.692213668364941248e-01,1.909877338294828017e-02,-5.499964057963298014e-01,3.210989064834735562e-01,2.378837681390339465e-01,-4.867794622713837449e-01,-6.829985045791803211e-02,5.504280264133977196e-01,-6.969240539031348880e-02,-4.867059990079755094e-01,2.903382555953155086e-01,5.949427584317968920e-01,-7.980034441438992043e-02,-4.830108012322102962e-01,-1.239692797887693293e-01,5.518836863704946749e-01,2.134413655221571449e-01,-3.704520794533817662e-01,7.215737989728181201e-02,-3.980706830044829503e-01,8.367243917808876719e-02,3.890515775960050049e-01,-1.298084609150920998e-01,-3.600089062559289621e-01,1.558503442196715882e-01,-1.926227602669131622e-01,-2.985467359757250638e-01,-3.039948732560956296e-02,7.557787203860050207e-02,4.325652475666876690e-02,6.596761299470067785e-02,-8.553763646488940497e-02,-5.941864063162251297e-02,-7.509225553014951815e-02,-4.360094426595932382e-01,1.838711405818442834e-01,3.575381811260989195e-01,-3.295711648080371647e-01,-3.471237049912632711e-01,1.696001403085622972e-01,-4.272532564869675475e-01,-3.014773696067613584e-01,3.198042788413529847e-01,3.633470560473171518e-01,-5.026809660843832850e-01,-3.275249597698302040e-01,5.000384082413983355e-01,7.098619016736151810e-02,-6.444146585261936178e-01,4.457622072798890500e-02,6.085299640959740408e-01,-2.464179953997229777e-01,-5.239143064793674309e-01,4.837241630022337535e-01,3.847925429276666809e-01,-5.924046389498252019e-01,-1.578494102993032167e-01,6.883000932370889613e-01,-7.354210487906946703e-02,-6.088699667127797088e-01,3.886305113996734728e-01,5.809154870248562919e-01,-4.559112850147462592e-01,-8.231117252897947323e-02,5.412084452753217478e-01,-1.002657957555862234e-01,-7.172950153772810200e-01,-6.327207538397685571e-01,1.099816153182421319e-01,-7.086982288103816918e-01,3.242817883403941726e-01,1.000000000000000000e+00,2.794007559080016190e-01,7.756000291820761561e-01
2.314619652811234773e-01,4.795000457892228396e-01,1.262753702396759159e-01,2.147808409276572850e-01,-2.368718541093894625e-01,-5.382276829654342176e-01,2.044690056637626097e-01,2.482118553668229977e-01,-5.287853518364989958e-01,-2.823097918676011897e-01,4.097929830071405655e-01,-9.492735403302454689e-02,-5.877266839285256728e-01,2.329796641978173002e-02,1.986278383321126717e-01,-4.817983690884176662e-01,-4.806212077938816774e-01,-2.168861326556172919e-01,-1.028125129752903988e-01,-4.848989902035612531e-01,-2.908377096828030361e-01,1.188117131019887814e-02,-2.206714196359815527e-01,-3.918767039204743008e-01,-3.096581683043993227e-02,7.044424613985662831e-02,-4.293519453248629270e-01,-1.860706255315681401e-01,1.588235534943716332e-01,3.103251068784301236e-01,1.270943252494196596e-01,-5.504383197324077409e-02,-2.045433346119820972e-01,-3.553343341460008659e-02,2.889272628496541429e-01,1.584682336009671580e-02,-2.191737496860773349e-01,7.977494269861010179e-02,1.996081314115393801e-01,1.340148992832046471e-01,-4.999412997244712803e-02,1.055941570036472849e-01,-1.249906141461394893e-01,6.237628169835589959e-02,4.562504845384879326e-02,1.699983577365850596e-01,5.666070451969927591e-02,3.252536830893595996e-03,-2.427031829349558245e-01,-2.259706562159036480e-01,5.991247423876278760e-02,-4.082585231710358920e-02,-3.163641050269214161e-01,-2.623837124235562368e-01,-1.771368142188494699e-01,1.761288400580958147e-01,1.756911772003249758e-02,4.486696000189105971e-01,1.048678636575047507e-01,-1.600712746750642956e-01,3.266690831452002675e-01,4.019793945208438024e-01,-5.770223482074982729e-02,-8.099563358536988888e-02,4.502345876072224029e-01,3.400266095301222591e-01,-2.280462618658961882e-01,1.271389091511316294e-01,5.546225873803147799e-01,6.225382138425759188e-02,-1.993308933454287224e-01,4.004178200700231338e-01,4.805133081616281832e-01,-1.991032746585094382e-01,5.555569121843104835e-02,5.758320194418170557e-01,2.576064112605955247e-01,-1.587740832266243407e-01,1.686053678231540232e-02,-5.796847449860648149e-01,-3.214358770325627113e-01,4.859446091358667758e-02,5.936773728346022017e-01,-2.074658964201591960e-01,-2.349890342792954334e-01,2.794007559080016190e-01,1.000000000000000000e+00,5.364111088704734964e-01
-4.463929903721747944e-02,1.162051445946714057e-01,-3.231811331634115159e-01,3.259578319989651085e-01,2.378878678259474799e-01,-6.231973732636266750e-01,-2.262573362583925746e-02,6.231934401967279546e-01,-1.963288409268161006e-01,-5.401072038548686560e-01,3.875920967765613678e-01,4.105718865010918317e-01,-5.216775436372143027e-01,-1.503043348234300303e-01,5.629867742415910481e-01,-1.156822629350223453e-01,-5.330872268941673209e-01,2.317648093394664432e-01,1.079784457129615294e-01,-5.187886247552210284e-01,2.529626491067640121e-02,4.738736513721457100e-01,-2.573992564346420653e-01,-3.544344232715584964e-01,3.492464316769415267e-01,3.646034311378754111e-01,-1.191420426183309178e-01,-2.658518118641006733e-01,1.115370356369242838e-01,5.229414635366880226e-01,1.457340973741249601e-01,-2.141535474863134336e-01,1.308806427937616867e-01,-1.386000637859310658e-01,1.469118310614448975e-01,2.814033473744382285e-01,4.349096891586947539e-02,-1.527859828336011749e-01,1.969990776258539189e-01,3.670026595926829949e-02,-1.908922222540106461e-01,-6.697804567896245564e-02,-1.360223788768367970e-01,-1.626838795060725484e-01,7.499561421866980659e-02,1.376414896859792236e-01,-8.257502177537041910e-02,-2.747663072339195378e-01,-3.614662965036987696e-01,1.698174107741634853e-01,9.752948318859105958e-02,-4.087549413932589637e-01,-2.395713861060645711e-01,-4.595876323049362389e-02,-3.754864603280232971e-01,-2.418994240278337371e-01,3.090476495908259930e-02,4.372819410125584061e-01,-2.938674706839085049e-01,-4.933290664167702122e-01,3.351968807013066542e-01,2.902954379392846951e-01,-5.359872035487674991e-01,-2.145284681979678088e-01,5.620170979983584170e-01,-1.100269830565029500e-02,-6.265998612627277087e-01,2.324407495722916606e-01,5.239550011456430845e-01,-4.434843229630852091e-01,-3.960851465293733775e-01,5.647801267162826377e-01,1.610805435256953966e-01,-6.550542918372291856e-01,1.229764285928703904e-01,6.624905084643646358e-01,-2.776726892099312671e-01,-3.226418735151301287e-01,2.530406909435077845e-01,-2.423947970597680746e-01,-6.551439283373994282e-01,-3.387773624223898161e-01,3.236122582132532899e-01,-6.368943138084701694e-01,-1.561656919953075678e-02,7.756000291820761561e-01,5.364111088704734964e-01,1.000000000000000000e+00
