1.000000000000000000e+00,5.486018499321776432e-01,3.719510355654930267e-01,6.417199871795848942e-01,2.677410941518633125e-01,1.342933762062096248e-01,1.001750948098408533e-01,2.709664644893943208e-01,6.578204449306968016e-02,7.188716190058194733e-02,4.697507644711072794e-02,1.004305334801729871e-01,5.570519614760687660e-02,-8.372508907584043369e-03,1.052775196972106225e-02,2.698018440753290059e-02,4.274817318514325358e-03,2.315184804621877451e-02,-6.824310705533044412e-03,1.557034989128389113e-02,-2.134523335628704666e-02,-2.123676909277860160e-03,3.605146827355699274e-02,4.367949033156008631e-02,3.634104486814852819e-02,3.543556427715621043e-02,3.058303363692610119e-02,1.603597100456504582e-02,1.197326899477378463e-02,3.249873355454191426e-02,1.886617608673492666e-02,-9.990889846587870313e-03,2.405764353300925487e-02,1.394298694241531689e-02,-1.666558800499097839e-02,1.918070903792762696e-02,6.883960619819370040e-03,-2.679598267463101369e-02,1.623643802131024758e-02,2.490272782474127131e-02,-1.028467630945199135e-02,1.834279733372771656e-02,4.938294378091641346e-02,7.672255480824822886e-03,2.040728826818094879e-02,4.526288400562624575e-02,-1.120416309064895845e-02,5.707146518479476981e-03,4.564632429403178704e-02,1.180983778832709122e-02,2.638569089699192155e-02,4.570317063795279605e-02,2.692604700055739597e-02,3.441694892066287509e-02,4.725220144804619105e-02,3.420358354014051139e-02,4.087246368388208068e-02,4.550012311240553969e-02,3.784180897812700062e-02,2.484646699980805687e-02,-6.004612444535261349e-03,2.083938494783373410e-02,-3.287356440690738374e-02,-2.382591203934873031e-02,-4.250721854643867148e-02,-2.560962911314261167e-02,5.803669586756009247e-03,-2.566804209129812386e-02,1.222900046621315517e-02,-5.596670435369752606e-04,-1.086018613142543561e-02,-3.642860127620626415e-02,-1.744206449347364407e-02,5.705438952699882701e-03,-1.200049709461946910e-02,-5.679517364238582250e-02,-7.300921167846789565e-03,-5.686311501699094217e-02,-5.213692613332237408e-02,-6.766687548051965317e-02,1.268915206457529518e-02,2.299226536805655877e-02,1.941785935724027815e-02,6.442520691818555412e-02,-9.984817202040122477e-03,-3.562921857533171699e-02,-4.773942036258346094e-02,-3.387327723619946995e-02,6.021817064824693845e-03,1.572707745682004263e-02,2.357727373109792107e-02,-1.154490844295462740e-02,-1.050932239871544237e-02,-3.672045910339680891e-02,-3.670476784096900896e-02,-2.445666719846337905e-02,2.625023538247307428e-02,4.465460760667325224e-03,-1.651178201832233933e-02,-4.680113078863315686e-03
5.486018499321776432e-01,1.000000000000000000e+00,5.051523056942842649e-01,4.750691153138489331e-01,6.541323747815809275e-01,3.700697988446829956e-01,3.307758066099616423e-01,5.218659835480448095e-01,1.878654112685003430e-01,1.586436990097124800e-01,8.844817998492278399e-02,2.640725157069213069e-01,1.140178190850216072e-01,4.285808792019322327e-02,1.008708283364885827e-01,7.936138643206133714e-02,3.581686614655924666e-02,1.179547195749018340e-01,4.314616921054705012e-02,6.202371120030943791e-02,3.098514857602480480e-02,6.709937333344487276e-02,7.916322671350378704e-02,7.227665967114493828e-02,8.319276117324811426e-02,5.663530234400964564e-02,7.584972328474468006e-02,6.521885527112590564e-02,4.189891596271868440e-02,6.229918568968112469e-02,6.291913872841212174e-02,1.090239448949158370e-02,6.252955996556160134e-02,5.592268592421022894e-02,3.501587053846399143e-03,4.686113136309361105e-02,4.525936211485299260e-02,-2.403429705846386443e-03,3.212431252031380802e-02,4.748637809437437907e-02,1.094912272208374386e-02,3.931254357875870603e-02,5.795329408820452943e-02,2.443614196713215364e-02,4.281937906046303505e-02,5.390700415247224458e-02,1.761544681027853165e-02,3.722852993945693911e-02,7.844555231375838211e-02,4.788174005718377757e-02,4.395729616193591593e-02,7.916666721203169388e-02,5.155418058143359378e-02,5.574995053884090890e-02,1.076701623638106203e-01,5.504142952711416764e-02,7.419020143206767059e-02,8.466811521286679576e-02,3.591156657325361712e-02,6.018731746482110928e-02,7.208075490947259177e-04,4.975612023844758203e-02,-8.770201725176843960e-03,1.096917168318730165e-02,-6.620314803858957931e-02,-3.528436701723045021e-02,2.251638907840714313e-02,-1.895079000288530865e-02,1.931330084550938325e-02,2.234940113328920397e-02,1.355155466928690405e-02,-2.569634951559757966e-03,2.171516270220112677e-02,9.765006860341552894e-03,-1.049641451043233087e-02,-2.858906251499751180e-02,1.928067744262285154e-03,-1.735285533887909529e-02,-2.909766240749277547e-02,-6.460460133173333286e-02,8.425725845942724085e-03,2.716917685636077717e-02,2.234907122452827952e-02,6.296319680645860728e-02,1.991064477230184218e-02,-1.485424705389623394e-02,-1.690549967426317052e-02,-1.826908316702554810e-02,2.566124021164326377e-02,3.782208836946265168e-02,4.189711208900040451e-02,-1.805933462741886666e-02,-1.259944825812587058e-02,-4.412769996940200945e-02,-4.209402148778859654e-02,-2.506759094454254905e-02,2.766816738454465352e-02,4.813506360551131000e-03,-1.136991944849580043e-02,-3.941771163786515764e-03
3.719510355654930267e-01,5.051523056942842649e-01,1.000000000000000000e+00,5.012746166485126942e-01,3.385139545285366092e-01,1.141451475695438034e-01,1.916215742358467478e-01,2.431920497169864082e-01,8.553429175061572076e-02,1.215481969217726416e-01,8.903766159785726775e-02,1.248080596731543090e-01,1.032509554112512190e-01,1.395689480009024326e-02,2.665010858448443529e-02,1.279616726099991678e-02,2.313777407966518401e-02,6.479951775093770183e-02,8.321720602470145112e-02,4.074877343023514814e-02,3.288722508053281562e-02,7.922667641095434976e-02,5.515960414729249167e-02,1.043494868370365390e-02,8.603904754584465117e-03,-1.627916774216668638e-02,3.511248677673232260e-02,4.600846639125217609e-03,-2.195599291991179661e-02,4.052599485492758974e-02,1.406377323611422356e-02,-4.167923861192649598e-02,3.949913379896617671e-02,1.263265367204603751e-02,-4.103248671667143049e-02,3.016392547263092166e-02,4.561900988315135269e-03,-4.144084700613343691e-02,1.517393466325936413e-02,1.433090016530466117e-02,-5.204426948037730628e-03,3.649823741953202305e-02,3.707163566511426783e-02,2.598246086970949081e-02,4.199380960035478672e-02,4.702177740993868094e-02,3.291032234470633172e-02,5.647654782202594925e-02,6.431598929020773681e-02,6.782461916100068766e-02,5.652336347958771684e-02,5.820914464378901254e-02,7.991409044962433095e-02,5.122895512930738388e-02,6.602216638549616989e-02,4.985515299162732866e-02,3.171886107648371617e-02,7.348672716980135522e-02,3.630431620680110716e-02,2.376860910628263851e-02,-3.076090325399323533e-02,-1.069289742010864734e-02,-2.532972348942664695e-02,-4.680227496354891908e-02,1.031640803132536678e-02,3.523197177416071552e-02,7.903544496087216639e-03,-1.530782976286800684e-02,-1.150131864593252097e-02,2.220245767458733574e-02,-1.729397294508290203e-02,2.865704748784723283e-02,-1.432959342447344755e-02,-6.847847348486369758e-03,-3.413486497647899316e-03,-1.380771822516152665e-02,3.617553589705593733e-03,3.124074040623530703e-03,-3.772802375401339975e-02,-3.224756018926669410e-02,2.177911659853048326e-02,5.937402340953593094e-03,2.421337685098379905e-03,2.975684968533189034e-02,-2.777448520003697810e-02,-1.694442711840651178e-02,-2.832334467870582795e-02,-4.936270789296258107e-03,1.927746418652721144e-02,1.077154044857551139e-02,3.111221381671540331e-02,-1.805779233602760811e-02,-9.027951644265222106e-03,-3.646380613449633906e-02,-2.694918723643985672e-02,-2.293998194917919523e-02,1.898231408134700218e-02,7.018989814805845842e-03,-1.123408773951876070e-02,-1.295428404221628770e-02
6.417199871795848942e-01,4.750691153138489331e-01,5.012746166485126942e-01,1.000000000000000000e+00,2.093729460164089062e-01,8.580769401979440603e-02,6.446873259120594613e-02,2.579644985674793278e-01,2.896407110632699677e-02,4.394842417745806196e-02,3.490168132819003455e-02,5.802302322129764683e-02,2.150020638131701703e-02,-4.030671667121062812e-02,-3.678341487195784659e-02,-1.600213961305851917e-02,-2.606305834417804029e-02,-1.811648571424001250e-02,-1.001335520634652650e-02,-5.029722556452188506e-03,-3.726201988012244753e-02,-2.723400292179563482e-03,2.659156106451566332e-02,2.194178928514703419e-02,1.067935243656306654e-02,-2.387118429735864654e-03,1.907293506222093593e-02,-5.853684785737464299e-03,-2.052009374086476504e-02,2.390059215089784111e-02,4.020975331967851195e-03,-4.063136048672273681e-02,1.635857352010634466e-02,8.354084562010782866e-03,-3.717620424806014623e-02,2.462587101015876329e-02,9.507822253289114484e-03,-3.164308649369670240e-02,3.550149332594026985e-02,2.986976023114736034e-02,7.159948894765058233e-03,5.371497172623086042e-02,6.240504080937626236e-02,2.961219472680079803e-02,6.430367137253295562e-02,7.000428379836380610e-02,1.597407046149594209e-02,4.873254546295258116e-02,7.451905708157528785e-02,3.401175797941662082e-02,6.576975443445752523e-02,5.912304536431869234e-02,3.894751887812174240e-02,5.717645515869472506e-02,4.883436713092170756e-02,5.111760502592195554e-02,4.860005066319824513e-02,5.569372379975876669e-02,6.543059312578848596e-02,1.826404917083252963e-02,-3.401957880658822847e-02,2.770532464193416547e-02,-3.739292510628251798e-02,-1.532326084537682237e-02,-5.241796579761449915e-02,-3.719330702192724658e-02,8.016475039872499953e-04,-5.660855179303773445e-03,8.851394065588354468e-03,-9.963263115183130375e-03,-4.277745935595016896e-02,-4.546632761766673109e-02,-3.911965465146292897e-02,5.048823293458703544e-03,1.377065037639828814e-02,-4.001644606323465775e-02,5.102413168878321137e-03,-5.185347650822309806e-02,-6.543166444250718417e-02,-6.662958244924288564e-02,5.614746591124653886e-03,-6.903022390973598960e-03,-8.759938700097948464e-03,3.428132715040761724e-02,-2.980675864839660641e-02,-4.437893089272165748e-02,-5.816844010913294061e-02,-3.848767201110354225e-02,5.372736845723418732e-03,-7.850830548322336802e-03,1.393793667206890199e-02,3.242161902379951492e-03,1.169574341815567999e-02,-1.174602436728958144e-02,-1.376401084494549391e-02,-1.990315311813339871e-02,-4.247892541607746139e-03,-1.282500966864173232e-02,-2.794847414120209608e-02,-2.358276913370380926e-03
2.677410941518633125e-01,6.541323747815809275e-01,3.385139545285366092e-01,2.093729460164089062e-01,1.000000000000000000e+00,5.539264146519574661e-01,6.401905737746687031e-01,6.330345255805449600e-01,3.317877209143212935e-01,1.274353820263167125e-01,9.274547276089256664e-02,2.868689152201966408e-01,6.934671752672752487e-02,5.454410021453983543e-02,7.101511436690266521e-02,4.424618699270230909e-02,2.399167142730562134e-04,8.222526907875001012e-02,6.423647197275147991e-02,1.119378924524475211e-01,6.134915712608321470e-02,8.730118721415708327e-02,9.395071128115620174e-02,1.176828228788768665e-01,7.901357140825546188e-02,8.777246004825567383e-02,7.717799382062549840e-02,7.217258863224178256e-02,7.526365336186589816e-02,5.827217199049004176e-02,7.316079708535651316e-02,4.628364222108567738e-02,6.020111880311832669e-02,5.444159960323505243e-02,4.272155502514136255e-02,3.835663987252559831e-02,3.751776927178220727e-02,3.473232839673493638e-02,1.974863498831457356e-02,2.718267491073564704e-02,2.732279843618564547e-02,1.540014002605227632e-02,3.960868582464902032e-02,1.334499373311661199e-02,1.978136792650191794e-02,3.453132935410921367e-02,-1.374393088823656342e-03,7.784064798334323606e-04,4.790666178659676311e-02,8.350438145222609937e-03,8.891654871004895516e-03,5.835581434393805750e-02,2.993150782417113367e-02,1.497598293024705353e-02,9.668935524815076843e-02,2.115964102324129764e-02,3.750128524046984768e-02,5.883032452813287405e-02,1.060324064453846632e-03,2.733726690308812407e-02,6.967196334381114964e-03,1.700418833209463298e-02,-4.151773792278760054e-03,7.469206779512473603e-03,-6.445971886338663914e-02,-2.545048543622972781e-02,8.727626594881847388e-03,-2.829433372772364313e-02,-3.809778120845761125e-03,5.629222240886517896e-03,8.231615270503436776e-03,9.603419364338297570e-03,5.246028046970459442e-03,2.571701197336766220e-02,-1.315154652984714886e-02,-1.055363628982573972e-02,-1.446375766198345486e-02,-3.534153971626190216e-02,-4.540846469554678244e-02,-4.732911884459132384e-02,1.111122769170587790e-02,1.688477976178022824e-02,6.030448832569713924e-02,1.093596351996690558e-01,7.323814986361590340e-02,4.359782665951190440e-03,4.485193762395491002e-02,-1.791808995848255884e-02,1.228702406462401676e-02,4.994230555044371078e-02,5.205909364681868962e-02,1.284231099928822943e-02,-2.859217856823638351e-03,-3.438542680491690762e-02,-5.469784210210761749e-02,-3.358067652453858992e-02,2.242968798636471583e-02,-1.198725201620523886e-02,-4.637565719045223106e-02,-2.251338736740090760e-02
1.342933762062096248e-01,3.700697988446829956e-01,1.141451475695438034e-01,8.580769401979440603e-02,5.539264146519574661e-01,1.000000000000000000e+00,5.631864964721288169e-01,4.460625324575288042e-01,7.329552299647534852e-01,3.881125868760760267e-01,2.971674892718377259e-01,5.466282179649877282e-01,2.304485318672793437e-01,1.099264098323018551e-01,1.302774545422802910e-01,1.365345050060886856e-01,5.295436520259631102e-02,1.586082520931456907e-01,5.183272889384419463e-02,1.228354501576483793e-01,7.718543480535414170e-02,7.990790155891716595e-02,9.993223182280910888e-02,1.284080477518648455e-01,9.144114638541636642e-02,1.072095996735171891e-01,8.531450179494566577e-02,9.146162589016758326e-02,9.716905049828040986e-02,6.324297404229366204e-02,9.118885976437586527e-02,6.654350693214190759e-02,6.352798858735043963e-02,8.778415923205494520e-02,5.802942758727103190e-02,5.581013602031845849e-02,6.957722713813498105e-02,4.491446611019336843e-02,4.552803588883370250e-02,5.851200112012421711e-02,2.648987588766685622e-02,6.285969015523268366e-02,8.438300066483496453e-02,1.541217418890627154e-02,3.769748683367542957e-02,5.858593878606058181e-02,-2.151553369343613478e-02,2.170458585553292075e-02,5.268704076861280977e-02,1.972119941105065707e-02,2.818123739050507059e-02,6.611676243741196335e-02,3.001144501982611762e-02,2.900061315754996066e-02,8.807704287238289631e-02,2.337233565204252864e-02,3.904856461259229722e-02,7.129845336485057805e-02,5.577519015644475699e-03,3.117918192978554742e-02,1.484992153374586725e-02,2.946406144422634987e-02,5.138742372560334976e-02,-1.160737198716899499e-03,-9.123227927749888444e-02,1.779728398511044862e-02,4.912718650405167170e-02,4.499792654782196893e-02,6.275433422285503493e-02,4.237350712692563443e-02,2.525919231320155039e-03,7.847638982516971090e-03,2.542006202810113968e-02,5.490306637854234367e-02,-6.737396477168675762e-03,2.646035180613632784e-02,4.268401063985008057e-03,-1.505317205479919825e-02,-5.748876097471559282e-02,-5.025502730930787171e-02,1.043004483650362968e-02,-2.972464347148907459e-03,5.470894768682509762e-02,9.815377028889889222e-02,5.632913376355008772e-02,-7.863511358288667943e-03,-2.377271478221130042e-03,1.466503532096359586e-02,1.081715991365626676e-02,7.326246285195677638e-03,1.779309748433308136e-02,5.430199873486862838e-02,4.400548419217194945e-02,2.754813865671467896e-02,6.546365745997199947e-03,-1.604828456686971730e-02,-3.943864206514615528e-02,-3.740367426014078178e-02,-5.029769623793334254e-02,-1.516080775100079985e-03
1.001750948098408533e-01,3.307758066099616423e-01,1.916215742358467478e-01,6.446873259120594613e-02,6.401905737746687031e-01,5.631864964721288169e-01,1.000000000000000000e+00,4.976523270470789018e-01,4.308641813221257832e-01,4.020281136961784130e-02,9.327537388560576403e-02,2.968407265074630152e-01,-3.727798147527787431e-02,4.708261659310226249e-03,-5.435359076450835963e-03,-2.783460815726376478e-02,-4.580102351159644203e-02,1.969952484475609097e-02,2.584254438897580150e-02,8.479517427680607899e-02,4.129368342979999884e-02,6.718381153135409567e-02,8.274983462453784633e-02,9.924540483938558422e-02,5.207796993750902353e-02,6.929875827498968577e-02,5.457684779797831315e-02,6.327619824836762386e-02,7.009062851014762063e-02,4.431673660629215777e-02,6.886640727752166291e-02,4.517808375394331138e-02,4.024532919869351633e-02,4.333148278383300300e-02,2.680164839112519903e-02,2.470253631794465041e-02,2.310236748646530766e-02,2.107546781991080642e-02,6.644653872038073193e-03,2.000837698638236947e-02,2.109393322508819335e-02,1.096120231799322005e-02,3.465522817393022065e-02,3.513833271956530923e-04,-6.474722319086992535e-03,2.320993735401482780e-02,-1.382531601760765214e-02,-2.000856243281600236e-02,2.596335781677923393e-02,-1.420229413264756206e-02,-1.536954178342297625e-02,4.211042416904840074e-02,7.296730515901895392e-03,7.773944214771167076e-04,8.698486201661446982e-02,1.670903367435867468e-02,3.373125837301983732e-02,4.610232073047380863e-02,3.248782588727356768e-03,1.952186619442562027e-02,1.137072981790924683e-02,-1.767886977483633295e-03,2.140760875798955812e-02,9.013779272080742894e-04,-5.898440722391443125e-02,2.733137749502086329e-03,3.898505721901784904e-02,-8.143670242028101108e-03,1.215580537033099547e-02,2.147962322183899833e-02,3.522524309743358534e-02,2.913519523674406447e-02,1.785348955107204233e-02,3.786205689406445946e-02,-2.271991423082770495e-02,-4.759546074511102932e-03,-4.876498882223178483e-02,-1.225850942006777126e-02,-4.648932171139714270e-02,-2.994704123310370364e-02,4.395668875760744276e-02,1.227592307784120505e-02,6.410800174695792386e-02,6.982302696254304164e-02,4.311498683171650914e-02,2.961672257309998571e-02,3.668153821258764158e-02,2.538212428015526947e-02,1.385710751547983288e-02,4.277133036331237648e-02,4.080779345230919897e-02,1.345942348654472799e-02,1.082470232856879702e-03,-2.030984396335616671e-02,-3.558029310100085246e-02,-3.224274326000323154e-02,5.496488029695147277e-03,-1.831869265011468878e-02,-4.022911240485919221e-02,-2.323108837239843197e-02
2.709664644893943208e-01,5.218659835480448095e-01,2.431920497169864082e-01,2.579644985674793278e-01,6.330345255805449600e-01,4.460625324575288042e-01,4.976523270470789018e-01,1.000000000000000000e+00,2.013207545116580677e-01,6.913265782214907118e-02,1.341338821833306522e-02,2.683478718776162730e-01,-6.912244876971695463e-03,-7.587049570443604469e-04,4.882713668764946530e-02,1.280088165529966703e-02,-7.041610278432896761e-03,7.193843400254013032e-02,2.431725641469042673e-02,6.123020614444651954e-02,1.095108697472432085e-02,6.564078856953436958e-02,6.695586798631673886e-02,5.547989331826095466e-02,6.295196430025928880e-02,4.375642417500671955e-02,7.501428611618141118e-02,6.930490986180909418e-02,5.701329770284677134e-02,6.051170335156688673e-02,6.669341376893307693e-02,2.358663446631783719e-02,4.876705716592117518e-02,5.839705565485218269e-02,2.119027219177544233e-02,2.542882791979886661e-02,2.894107188482772722e-02,1.035946560751178393e-02,1.842478700509699724e-02,2.902288977809811682e-02,8.713892955403252597e-04,2.730138435128787525e-02,3.454831308236096243e-02,6.568015317105592617e-03,3.744819055364066729e-02,3.908864079831239624e-02,1.025921786501352538e-02,3.243133906306715913e-02,6.366050929809195791e-02,2.652888893464737732e-02,5.188291650612918138e-02,7.772525023202418726e-02,4.157809398746721563e-02,6.096601685720491604e-02,9.885531669896474583e-02,3.541443465460431678e-02,7.504663922820350996e-02,7.590479942605438124e-02,2.737587304866507393e-02,5.403401709997249919e-02,1.032345984796123259e-02,4.274577952039254614e-02,-9.488504371730042616e-03,2.920619011769120740e-02,-6.331916661313756467e-02,-5.874216399975503572e-02,-3.161686043820166603e-03,-1.977824242059283283e-02,1.472109545155147678e-02,-1.876067172699173724e-02,-2.517816853946350589e-02,7.332455686933219384e-03,-9.435197267038630126e-03,1.317118572303395364e-03,-4.816441582744610678e-02,-5.480402891785300656e-02,-2.429546710878470114e-02,-6.744366973699866818e-02,-5.950382275963929379e-02,-6.133774367962908924e-02,-1.240425486689130698e-02,7.817004628261669044e-03,3.148479704357517311e-02,8.324629162954055861e-02,6.199093164390157701e-02,-1.249282139054926424e-02,1.001121833534604141e-02,-3.367518096511514392e-03,1.373500547817131309e-02,9.572447272169409827e-03,3.239093481616374393e-02,1.636786760227687890e-02,1.981521793416253854e-02,-3.558398081840155255e-03,-2.209863175611020362e-03,-2.985219059906854197e-02,-1.218715592376150292e-02,-2.235621607804673741e-02,-4.278046829610181179e-02,1.739497968975748168e-02
6.578204449306968016e-02,1.878654112685003430e-01,8.553429175061572076e-02,2.896407110632699677e-02,3.317877209143212935e-01,7.329552299647534852e-01,4.308641813221257832e-01,2.013207545116580677e-01,1.000000000000000000e+00,5.208470771663347154e-01,5.068061250972940579e-01,6.400528883138068004e-01,3.493687593673152625e-01,1.606876401004260768e-01,1.686960463163407475e-01,2.103510426175595749e-01,8.952560463878640740e-02,2.007854474763770547e-01,9.978832200102609462e-02,1.441604203205219259e-01,1.303124541662787628e-01,1.115937842072739772e-01,1.077275775358731980e-01,1.163611542553691508e-01,1.043684282663510932e-01,1.207748882147821751e-01,1.185741195884960630e-01,1.286620282262493919e-01,1.403217281402767969e-01,1.087050715790126298e-01,1.330189115534460287e-01,1.256184008957026421e-01,1.161273501156404875e-01,1.276252632444341562e-01,1.120881483536577544e-01,1.088017218517692009e-01,1.097286950462522809e-01,9.780294891127755408e-02,9.637489207953131576e-02,9.611173127758504409e-02,6.432242460964204822e-02,9.773884054405158894e-02,1.183664775644559380e-01,3.974695626236717655e-02,6.352592147390342947e-02,8.018815120785256767e-02,-2.658863622304676565e-03,3.645290304491909106e-02,7.462371817922895667e-02,3.431683289300231643e-02,2.632587224148013813e-02,8.048526039845567415e-02,3.613549481758680793e-02,2.828950573867565835e-02,9.941695250479139212e-02,2.602767920731956924e-02,2.353373164531065431e-02,8.246482491896527101e-02,-1.508013160665615422e-02,2.351464165929167613e-02,-3.047033018819173423e-03,2.238460486771848279e-02,3.216759929472767787e-02,-2.066421213496177564e-02,-1.111900980825921703e-01,2.789311899071232441e-03,3.187548243574821888e-03,9.610137661249537264e-03,3.379821035527330077e-03,2.577447672675862306e-02,1.832679770949906706e-04,2.883488399421668940e-03,1.936496607158769839e-02,5.263771913414688752e-02,1.721190648349960398e-02,5.170164196754369057e-02,-6.267934716836249393e-03,-3.412249777703104617e-03,-3.701392117476521443e-02,-5.095799827353094530e-02,2.394316909456600806e-02,1.297911169461035338e-02,6.868110778978421538e-02,1.120730903375178888e-01,3.213219218198537508e-02,-1.733741125475447495e-02,-8.912094866995953074e-03,8.166424242181731519e-03,-2.976421749225482798e-03,1.600283960901344865e-02,5.203515284935432590e-03,3.006777434887301231e-02,1.165627188541117597e-02,2.770144735673534322e-02,-8.106098537209404514e-03,1.293525429643585002e-02,-7.782658808687993764e-03,-4.429772471229124348e-02,-2.482950905427952146e-02,-2.004462115808863451e-02
7.188716190058194733e-02,1.586436990097124800e-01,1.215481969217726416e-01,4.394842417745806196e-02,1.274353820263167125e-01,3.881125868760760267e-01,4.020281136961784130e-02,6.913265782214907118e-02,5.208470771663347154e-01,1.000000000000000000e+00,5.178804370530299961e-01,4.480332205283086844e-01,7.764128152176692499e-01,3.888674020503757323e-01,4.288286766176657716e-01,4.796669245775192492e-01,2.498691821899126364e-01,3.782061633699254077e-01,1.269236853365892093e-01,2.049728795091275979e-01,1.843704852694589558e-01,9.974871391287394584e-02,1.909323000620868904e-01,1.430702700827498342e-01,1.633633456891183111e-01,1.304217169082040328e-01,1.742331034383762245e-01,1.873767221316266218e-01,1.703664652121201772e-01,1.691106180694148808e-01,1.783014747020774116e-01,1.354457931027091555e-01,1.581930187931815945e-01,1.771599781372894256e-01,1.128765267091101365e-01,1.511480642611521263e-01,1.821225616101777856e-01,9.544053047855753646e-02,1.455113352372519042e-01,1.822197923924591678e-01,7.678368722807439595e-02,1.275375188688920025e-01,1.744337431498761970e-01,7.442689663284965396e-02,9.293621672843833947e-02,1.228424742259960761e-01,1.236841379014847961e-02,5.773365353083476093e-02,1.172163531652226504e-01,5.927380180181692632e-02,7.365657187745400236e-02,1.316044164545563389e-01,6.186089739810184118e-02,7.957033961066266314e-02,1.183876176881412667e-01,2.914602712787159322e-02,6.515003332921372181e-02,9.152885996613582820e-02,-2.997356411008766583e-02,8.108140953682668739e-02,8.460769643556046923e-03,6.132112192089531066e-02,3.193514888460566303e-02,-4.636799113599374307e-03,-6.923656730289486083e-02,-1.658555169101830554e-02,2.939814817385258058e-02,-3.462588350499537764e-03,8.675695237177779781e-03,5.789852074289950773e-02,1.648163499973659754e-02,1.829907889942814642e-02,3.021133792438701615e-02,4.298599980850245639e-02,2.299923899103171413e-03,2.285038269495722613e-02,4.403896826374715211e-03,2.242222264435066864e-02,-4.964282099457709846e-03,-5.668552483155187699e-02,1.380168988554686220e-02,-7.647253817440587999e-03,1.594566694124550238e-02,5.219202420188737840e-02,1.622116097309291710e-02,-3.891139496518863927e-02,-1.337884677335772834e-02,-3.522249778697081075e-03,2.452446823731171607e-02,-4.305187023699316197e-03,2.591977417654382082e-02,2.362849630252088912e-02,4.185854633397430302e-02,1.174530228422896935e-03,1.648524386288307761e-02,-3.725165029751974916e-02,-4.571549618521351249e-02,-7.835570401284601069e-03,-3.164928390133125991e-02,1.914463112784909118e-02
4.697507644711072794e-02,8.844817998492278399e-02,8.903766159785726775e-02,3.490168132819003455e-02,9.274547276089256664e-02,2.971674892718377259e-01,9.327537388560576403e-02,1.341338821833306522e-02,5.068061250972940579e-01,5.178804370530299961e-01,1.000000000000000000e+00,4.968618878570925657e-01,5.161432100298315451e-01,1.249777887994528019e-01,2.070347465060924097e-01,2.100845093329655744e-01,7.136371613602610076e-02,2.381649911128973507e-01,1.249694941861930753e-01,1.248510270572467107e-01,1.489708952531289265e-01,1.045033560140812973e-01,8.685699547101967399e-02,3.335889810145524492e-02,1.030743140235234612e-01,4.311858188040521705e-02,9.285515546496338202e-02,1.056859636186571888e-01,7.894787379691266260e-02,9.717588892784150001e-02,9.543450829049909823e-02,7.620721167343517954e-02,1.153924653261339667e-01,1.002540671002548067e-01,7.920363493587713466e-02,1.113080932921407251e-01,8.137018698856093857e-02,6.948014030306520761e-02,1.007563663604539583e-01,8.083656382290861642e-02,6.386287949923663554e-02,1.147038545575588542e-01,1.011256921158139727e-01,5.760499186396340204e-02,7.382087028848177690e-02,7.240739506191154473e-02,2.707735929625686155e-02,4.058816449501364415e-02,7.133614753358565042e-02,4.282372217276805143e-02,1.960983720445960005e-02,6.550858316794067049e-02,4.291479790178660825e-02,2.041455741461047774e-02,7.199839863437569598e-02,8.404671790126142308e-03,5.778533233561043529e-03,4.066819279315939117e-02,-2.477623209897644035e-02,1.609148368073436489e-02,-7.660180120751631724e-03,1.002262925321092610e-02,-3.370764991299685098e-02,-3.886102624966390057e-02,-6.788077521598408215e-02,-3.252948181315582638e-02,-8.035594353273872725e-02,-6.764606185774595104e-02,-3.656723323235792911e-02,-4.348337173833706493e-02,-2.971502145339575268e-02,-3.259216102152929367e-02,-4.322421553103499708e-02,4.156017352622144029e-02,-9.447537314215520565e-03,-1.194044386606058807e-02,-6.155670448264402572e-02,-5.469798016930126072e-02,-6.689490021858231217e-02,-1.971942326408085769e-02,2.098729623566148589e-02,1.096148687607760921e-02,1.014844437926002846e-01,8.433687477814806599e-02,6.665765572704940300e-02,-7.524073525176079537e-04,9.117019106867818926e-03,4.475121024539821524e-02,1.358005886442864053e-02,3.869843938829020669e-02,2.795535670508052239e-02,4.876968405364490861e-02,3.123262688646837731e-02,1.139208349138245112e-02,-2.469740174842234570e-02,-1.957558955621270871e-02,-7.308281828299434055e-03,-3.822671267598665851e-02,-5.407420256830954008e-02,-3.639680102671452588e-02
1.004305334801729871e-01,2.640725157069213069e-01,1.248080596731543090e-01,5.802302322129764683e-02,2.868689152201966408e-01,5.466282179649877282e-01,2.968407265074630152e-01,2.683478718776162730e-01,6.400528883138068004e-01,4.480332205283086844e-01,4.968618878570925657e-01,1.000000000000000000e+00,2.559458842342402507e-01,1.105358077704521325e-01,1.807646924746347528e-01,1.913513924184556958e-01,4.776317859539576383e-02,2.392369852984475576e-01,5.834616677088255710e-02,1.240441807378544065e-01,8.288555987176655926e-02,1.172725264415559326e-01,1.084681342373620405e-01,9.257386978877354955e-02,1.089858594594668023e-01,9.038976901692860610e-02,1.061109036516608012e-01,1.107534081351728150e-01,9.683318890484385322e-02,8.726570223711477281e-02,1.074150348669130062e-01,6.998956626137679826e-02,9.622686744480954402e-02,1.159747165820331216e-01,6.790265933805304799e-02,8.897959874729764740e-02,1.040909400886853159e-01,5.086735559781391941e-02,7.369093140014848498e-02,9.061287291709831104e-02,4.884123374228629272e-02,8.709391429863683198e-02,7.863155987733647101e-02,3.382889516148580161e-02,5.434420690552008160e-02,5.469067291559302768e-02,1.292510554082821304e-02,4.955896041744139308e-02,8.195120980203739192e-02,5.374249458658595519e-02,3.495530082553215123e-02,8.634570062799851176e-02,4.130921662954178952e-02,4.826295604197725075e-02,1.136317730558799727e-01,6.291315409426763774e-03,4.851258287409364323e-02,6.549946989875193859e-02,-3.776380653303546692e-02,6.361607804480000350e-02,4.802212289251148181e-02,2.891756629584418120e-02,2.955020906347760601e-02,1.358457134805897068e-02,-1.120326579676850093e-01,-5.148983977713993132e-02,-1.092167506978090549e-02,-2.694602958769945836e-02,-1.071402747508117502e-02,5.086955328385349938e-03,1.795549185187849534e-02,4.602861758343577796e-04,3.305813528597465606e-02,4.103400799476421973e-02,-2.736822096631284784e-02,-1.983265340748905335e-03,-3.807577805982736985e-02,-1.093892519554638156e-02,-2.310274174728925087e-02,-1.138307129959737971e-02,4.096065567346787034e-02,3.127292035863960679e-02,8.015686180358545798e-02,7.360513832886624030e-02,4.612645504041998357e-02,3.118684912000272910e-02,1.556449303414737632e-02,4.725282870988606332e-02,2.666948200502859342e-02,3.189140052210995280e-02,3.865841912353369658e-02,6.316932324690932576e-02,4.899001229598461127e-02,1.987312217260440647e-02,-4.656129175041569734e-04,-1.925265723884412444e-02,-3.309484707003074178e-02,-2.882370771689096375e-02,-5.243661808698673460e-02,-1.762900607664319441e-02
5.570519614760687660e-02,1.140178190850216072e-01,1.032509554112512190e-01,2.150020638131701703e-02,6.934671752672752487e-02,2.304485318672793437e-01,-3.727798147527787431e-02,-6.912244876971695463e-03,3.493687593673152625e-01,7.764128152176692499e-01,5.161432100298315451e-01,2.559458842342402507e-01,1.000000000000000000e+00,4.499596535914534567e-01,5.397270694574708427e-01,5.157130350783279971e-01,2.872923049809567031e-01,4.374147399906935241e-01,1.980450206242655720e-01,2.554113513853880080e-01,2.519091188267033044e-01,1.215053642328025874e-01,2.247998236453896126e-01,1.433815212166632547e-01,1.787695376184031959e-01,1.437858931118846662e-01,1.969525254817023341e-01,1.897422950366376149e-01,1.797794172008278235e-01,1.979713853567953430e-01,1.846362950482435261e-01,1.531221841352957969e-01,1.887742034139098801e-01,1.799328092558213910e-01,1.330791941805323231e-01,1.789222087803264971e-01,1.787435282008307535e-01,1.179860588288074164e-01,1.733679653023466882e-01,1.785870670496424728e-01,9.005234559893783575e-02,1.378165694951103137e-01,1.649980007178087071e-01,7.883323605843806092e-02,1.017924510663561072e-01,1.122535090312750394e-01,1.162411441430004008e-02,5.233950855630912363e-02,1.254379877550886035e-01,6.326228865906616261e-02,7.247520342567614904e-02,1.393278449569880229e-01,7.227880524912141946e-02,8.674623946553530751e-02,1.234283641611947785e-01,3.949757803548799989e-02,6.968807302259093228e-02,9.197340947365358066e-02,-2.829089121994268416e-02,8.621045802261785573e-02,8.252314956785012506e-03,7.410647363589496772e-02,2.906552909666448858e-02,-4.256561025458563408e-02,-7.350101960629452924e-02,1.038731964945136671e-02,3.225644375176517364e-02,-5.523689230725995630e-03,1.023599637225391934e-02,6.760151060813855695e-02,2.076329108069852047e-02,2.859704774355151941e-02,4.167982276940010444e-02,2.263820097132265841e-02,-4.814254948921033346e-03,2.317447326699827864e-02,7.847236500029572057e-03,2.864140175016750833e-02,-3.596371590943113136e-03,-5.976854344530400237e-02,3.862418423297520574e-03,1.981150846930694598e-02,2.899946559427322990e-02,5.952201676965584998e-02,3.889540714747981992e-02,-2.679266528755679111e-02,7.384637759318119984e-03,2.012335328494469985e-02,3.926738470577617601e-02,2.623951523669046035e-02,4.543137166977247871e-02,-4.258705461932235301e-03,1.498098839425910864e-02,-4.100006177957397219e-02,-1.684697571793113482e-02,-4.659387851753113430e-02,1.763683000961835693e-03,2.410168935268637222e-02,-4.698738270322556920e-03,5.673980064768325594e-03
-8.372508907584043369e-03,4.285808792019322327e-02,1.395689480009024326e-02,-4.030671667121062812e-02,5.454410021453983543e-02,1.099264098323018551e-01,4.708261659310226249e-03,-7.587049570443604469e-04,1.606876401004260768e-01,3.888674020503757323e-01,1.249777887994528019e-01,1.105358077704521325e-01,4.499596535914534567e-01,1.000000000000000000e+00,5.504978289907178635e-01,6.013606453473657742e-01,6.209021159012252378e-01,3.187094499755985799e-01,9.956248968417429068e-02,2.477428614972207455e-01,1.947058584367043488e-01,8.466834915229663749e-02,2.516481597028765727e-01,1.869461175698554078e-01,1.890468070366746189e-01,2.057165229968961895e-01,2.059139435274058016e-01,2.005149679262488438e-01,2.209747302706194516e-01,2.027212457454773964e-01,2.118384380139066436e-01,1.809289098147695840e-01,1.894753744056904277e-01,2.005166820622145407e-01,1.561786471959173694e-01,1.893019308422672353e-01,2.050095330801385007e-01,1.425508241264668019e-01,1.845804021255061100e-01,1.880613376794836866e-01,1.060188154180608522e-01,1.373361303750740836e-01,1.447430902834185573e-01,4.824593473917003494e-02,1.032041433661526481e-01,9.706926339110356905e-02,-9.260586287450337309e-03,6.687782533520968131e-02,8.312175985529798861e-02,4.258605023922138605e-02,8.639578745116642533e-02,7.865034498114759076e-02,4.993109757662122367e-02,8.800256113353761844e-02,6.149928633107904635e-02,4.341351229766814146e-02,5.669011995436373103e-02,6.551022164427387773e-02,6.999797169148207904e-03,5.434550786160651653e-02,-2.162602067880675313e-02,3.803609621881737929e-02,1.131022243528916928e-02,-1.260573486393483551e-02,3.038706389620779609e-03,-6.662938180478259267e-03,2.854700965558837691e-02,5.827793545474617247e-03,2.788283428359911251e-03,4.916643475708942779e-02,1.889416087478860843e-03,-4.728834570480258855e-03,5.244646281415434735e-02,-5.134773604196953001e-02,-3.110775358839050139e-03,2.117982551591465409e-02,8.501768011908309233e-03,8.333742215919347218e-02,7.619499618212965952e-02,-2.765328305507937581e-02,6.137395021336622403e-02,3.360353512842467055e-02,-3.733255163553302752e-02,1.523590852813142167e-03,-2.143122715736451092e-02,-4.882606020795146606e-02,-7.860437234950978444e-03,-4.690245180412817849e-02,7.386463680347495064e-02,7.438868674993155683e-02,8.824245078621389959e-02,-4.012616005482056748e-03,1.334266550374327981e-02,-6.436434519097111728e-02,-2.446931758349869812e-02,-6.341826038767232887e-02,2.725693229728485059e-02,5.344746383442762483e-02,2.046788089977048114e-02,1.688434299236179353e-02
1.052775196972106225e-02,1.008708283364885827e-01,2.665010858448443529e-02,-3.678341487195784659e-02,7.101511436690266521e-02,1.302774545422802910e-01,-5.435359076450835963e-03,4.882713668764946530e-02,1.686960463163407475e-01,4.288286766176657716e-01,2.070347465060924097e-01,1.807646924746347528e-01,5.397270694574708427e-01,5.504978289907178635e-01,1.000000000000000000e+00,5.597141949855422016e-01,4.522160941400384382e-01,6.935656664204602473e-01,3.179559752318490973e-01,3.144830869005354468e-01,3.846480125522456217e-01,1.955923418926503454e-01,2.858138833107155552e-01,9.447444974985487465e-02,1.905367872140162067e-01,1.318042047975559183e-01,1.882016651345644331e-01,2.332292108309734213e-01,1.821063589073302624e-01,1.985343567496605510e-01,2.265002704773281528e-01,1.551250443723918571e-01,1.997962022177461883e-01,2.346528617733546485e-01,1.627628027382513609e-01,1.836177245965120441e-01,2.288578144418105809e-01,1.538967765856480152e-01,1.717873513623645321e-01,2.049698542259427436e-01,1.215166678699106800e-01,1.357429338502474658e-01,1.639211283353562421e-01,8.405681999662042991e-02,9.869806051433320515e-02,1.185205099629535325e-01,2.816221951394341783e-02,4.227860875097376459e-02,1.288022271234484650e-01,6.529066458153674757e-02,5.375299343952524844e-02,1.305612896688753133e-01,7.348155411446952168e-02,8.038574123793724990e-02,1.271341376205417095e-01,5.497269410238535964e-02,7.766152239513346434e-02,8.813204968492882596e-02,-1.857693794598925044e-02,1.037564967435679192e-01,5.084888851447643549e-02,7.520095386312514174e-02,5.227312204134680618e-02,-3.736542275524784573e-02,-5.831632957754617763e-02,2.093471978055135019e-02,6.141260888576557941e-02,7.624494928853906874e-03,2.642322305048879633e-02,9.915402912110514444e-02,5.603100784197298512e-02,4.270536078269138863e-02,8.301351953676711082e-02,-2.007769554645037410e-02,1.645629586518015160e-03,3.460091071939611074e-02,2.717307542892609395e-02,3.627356450561842333e-02,3.409296371105564188e-02,-2.469446136831985120e-02,2.033740718951549190e-02,1.125342081746083869e-02,4.725363858536682504e-03,3.600005106133233324e-02,-6.800733111612002188e-04,-3.021895762167506327e-02,1.094909217528152248e-02,-1.965319771038774241e-02,8.154430233098775016e-02,4.886141813149030844e-02,7.789681149245533676e-02,-4.188152688485986125e-02,4.259514427893567635e-03,-8.590965793733253142e-02,8.172449048783499842e-03,-6.844431153275297441e-02,2.715577221549228537e-02,8.123261040387502741e-02,5.472809000179176819e-02,6.234854408299209810e-02
2.698018440753290059e-02,7.936138643206133714e-02,1.279616726099991678e-02,-1.600213961305851917e-02,4.424618699270230909e-02,1.365345050060886856e-01,-2.783460815726376478e-02,1.280088165529966703e-02,2.103510426175595749e-01,4.796669245775192492e-01,2.100845093329655744e-01,1.913513924184556958e-01,5.157130350783279971e-01,6.013606453473657742e-01,5.597141949855422016e-01,1.000000000000000000e+00,4.680767324924308137e-01,4.058392904081354335e-01,5.278348103645229272e-02,1.633871195553935340e-01,1.931604217173959470e-01,5.140286399929713118e-02,1.739258665940538739e-01,1.407969454050676528e-01,1.861113609172922456e-01,1.646682055973014980e-01,1.689786501484352721e-01,2.116450477189077417e-01,1.722964599376553552e-01,1.665160814681841961e-01,2.158845706670861342e-01,1.338828801852446904e-01,1.626749392359979618e-01,2.091541545029337312e-01,1.064654664631466824e-01,1.574827675188016085e-01,2.106214205034625808e-01,9.911811714423600372e-02,1.537542596043064702e-01,1.947825357402874491e-01,8.018106556747979508e-02,1.140251012606826736e-01,1.411847851110074048e-01,3.346618039123405025e-02,8.052087368042110116e-02,9.210366819819779116e-02,-3.191801832566971975e-02,3.550252852029522899e-02,8.824434225619724737e-02,2.279344698526002480e-02,5.741236468598836379e-02,9.533664452025633618e-02,2.049727612684510217e-02,6.519858507816191084e-02,5.057227820862692652e-02,-1.246425739434464143e-02,2.300671939786812573e-02,2.327936711756274299e-02,-4.911011645529610864e-02,3.908480778244333154e-02,2.092692887840254604e-02,1.998823212124839835e-02,2.645022248938112830e-02,-4.936391889510615555e-02,-2.403475495617790267e-02,2.714598733893310370e-02,8.284711810883280819e-03,3.911341993142992968e-02,1.971733435736802362e-02,2.760326419437195145e-02,-3.390782535961404942e-02,-1.928743180204473689e-02,2.493533280387983872e-02,-3.949734077433777329e-02,-2.577516552107442412e-04,1.660204916898576702e-02,-4.364944413267661354e-03,3.847472726089257167e-02,3.543187256933532508e-02,-4.367445367947195983e-02,3.349174923074146187e-02,1.146123451563337003e-02,-3.188442474783117347e-02,-7.335777833312936156e-04,-2.338862704588192884e-02,-5.910648667795359579e-02,-2.095249453349181182e-02,-5.050193493357046925e-02,3.251400940172321369e-02,2.473430703112624446e-02,3.695304638631868172e-02,-2.338133465070406716e-02,-7.314287451727371700e-03,-2.742688142561752404e-02,-1.028602310866758018e-02,-1.993938173970483813e-02,4.719350620337870242e-03,2.279128268601552168e-02,2.193940464224064524e-02,3.830431239583518416e-02
4.274817318514325358e-03,3.581686614655924666e-02,2.313777407966518401e-02,-2.606305834417804029e-02,2.399167142730562134e-04,5.295436520259631102e-02,-4.580102351159644203e-02,-7.041610278432896761e-03,8.952560463878640740e-02,2.498691821899126364e-01,7.136371613602610076e-02,4.776317859539576383e-02,2.872923049809567031e-01,6.209021159012252378e-01,4.522160941400384382e-01,4.680767324924308137e-01,1.000000000000000000e+00,2.184987900919458104e-01,6.978373515776356562e-02,1.470366756456607527e-01,1.435903252835108723e-01,3.773694475927825975e-02,2.016702233457150495e-01,1.026716607670195014e-01,1.150407754762341472e-01,1.109973323249433541e-01,1.691454824484166508e-01,1.371669540776139229e-01,1.549357714434099753e-01,1.808226025352630550e-01,1.563815108809226972e-01,1.361922881174777722e-01,1.692098021723963674e-01,1.492796890773599450e-01,1.157802079378204285e-01,1.411734028910445193e-01,1.410938846435179084e-01,1.009758565102686773e-01,1.291758566034568456e-01,1.139420840332839024e-01,5.692129131948255732e-02,8.704774698038965364e-02,1.003418472682484214e-01,5.696425152134495379e-02,6.019159552205871622e-02,8.594741287463347756e-02,1.525951780020458511e-02,3.856190547684074099e-02,5.835635936498009130e-02,3.480566061805753092e-02,4.452150192620057956e-02,6.196177018980719015e-02,3.596758193734910652e-02,4.593940094909763211e-02,4.069143815115911639e-02,3.398499487343394770e-02,3.368600988907548277e-02,3.702172007887383209e-02,-8.640580632724817120e-03,3.906063291171526369e-02,-8.660030564448324003e-03,3.106523558234592849e-02,9.534065079399542050e-03,-2.459958043032036204e-02,3.610270326673054031e-02,1.292429681805681331e-02,5.052932852299003158e-02,2.689832552466217552e-02,1.545708477096618960e-02,7.775706458420168776e-02,2.172772475341642334e-02,3.470854188258493817e-02,4.549996219347805793e-02,-2.251768671834877833e-02,-2.540358635617175065e-02,1.097152178219861982e-02,4.265583505901670257e-03,4.159250068024605840e-02,6.704085084852448584e-02,-2.399908878360241041e-02,5.646239670588414777e-02,5.346714409546402674e-02,1.667679477519680301e-03,1.725358330635114873e-02,-5.242498339842427586e-03,-5.431175250769125495e-02,-2.823866413616381126e-03,-4.533313466394141983e-02,6.514102588337310207e-02,5.723537647335955741e-02,7.013103078272257818e-02,-3.339941845680286653e-02,-4.406127891277952617e-03,-6.455692371027173249e-02,-6.219258662434923833e-03,-5.009490845534881470e-02,3.493237552083258007e-02,6.803552878528074110e-02,5.104313489719725788e-02,3.151335341923622302e-02
2.315184804621877451e-02,1.179547195749018340e-01,6.479951775093770183e-02,-1.811648571424001250e-02,8.222526907875001012e-02,1.586082520931456907e-01,1.969952484475609097e-02,7.193843400254013032e-02,2.007854474763770547e-01,3.782061633699254077e-01,2.381649911128973507e-01,2.392369852984475576e-01,4.374147399906935241e-01,3.187094499755985799e-01,6.935656664204602473e-01,4.058392904081354335e-01,2.184987900919458104e-01,1.000000000000000000e+00,4.166133385901543695e-01,4.182167004319636838e-01,4.207428579609327479e-01,2.780648751814444042e-01,3.017324737274122426e-01,1.208898695351625363e-01,2.331525485040338574e-01,1.872689539506480205e-01,1.899331923257459864e-01,2.978303769785591859e-01,2.202438262839709338e-01,1.881167518279179829e-01,2.740057112087141977e-01,1.926657981820632526e-01,1.921408913736747381e-01,2.749132797249406734e-01,1.858025296317878661e-01,1.627415489344444799e-01,2.500252755198530408e-01,1.621064711907739819e-01,1.393797397748988420e-01,2.198506972260985126e-01,1.335526850609680682e-01,1.102358126663633281e-01,1.684109794568337815e-01,9.198992499702791925e-02,8.057770184313818584e-02,1.153194623963389731e-01,2.291336644196228373e-02,4.166018313282342234e-02,1.239946587776483977e-01,6.959393053186378741e-02,6.237039277697736112e-02,1.294117041805810941e-01,8.728587930116503413e-02,9.220516709953177625e-02,1.243548974285056813e-01,4.337907220026575306e-02,8.574670022722062634e-02,9.248542925551202221e-02,-2.800230398307220273e-02,1.203991147683593915e-01,6.401341955331310563e-02,1.054265693636352863e-01,6.438939284301391230e-02,2.428816171583319389e-02,-6.113956411555326181e-02,1.730425218995670185e-03,9.294398679164840582e-02,-6.896363907182808881e-03,6.588906598563122607e-02,9.450604308111747176e-02,7.174998011525020314e-02,1.682573010463189397e-02,7.897062133199971024e-02,-9.673604503657553741e-03,-1.131096746298655741e-03,8.728122073451742569e-03,1.640160835328440675e-02,2.010404129255376725e-03,1.872383500550282159e-02,-2.386067015722564966e-02,2.989769948350963838e-02,4.172689310954127290e-03,3.481790886567637244e-02,3.657463641531216725e-02,1.836131984673552639e-02,1.229900782906550617e-02,1.962778447005240207e-02,-1.083895507835293953e-02,8.645487879903790418e-02,7.480079791973841263e-02,9.386172750271407073e-02,-3.458268885535738246e-02,-1.859600254567227206e-03,-1.061874250199228154e-01,-2.724568372339110367e-02,-7.703775961064276978e-02,5.080692853643774265e-02,8.000977537481258894e-02,4.150976439439615917e-02,2.929776800157517583e-02
-6.824310705533044412e-03,4.314616921054705012e-02,8.321720602470145112e-02,-1.001335520634652650e-02,6.423647197275147991e-02,5.183272889384419463e-02,2.584254438897580150e-02,2.431725641469042673e-02,9.978832200102609462e-02,1.269236853365892093e-01,1.249694941861930753e-01,5.834616677088255710e-02,1.980450206242655720e-01,9.956248968417429068e-02,3.179559752318490973e-01,5.278348103645229272e-02,6.978373515776356562e-02,4.166133385901543695e-01,1.000000000000000000e+00,5.194779288391678795e-01,6.132144245928975446e-01,6.300700063236213122e-01,2.495385768458351639e-01,-4.797041264114846465e-02,1.315422821492421013e-01,2.313054335038375320e-02,1.239587014652942243e-01,1.467957134303409794e-01,1.005657504830522186e-01,1.367216029192089288e-01,1.633503582421602651e-01,1.184418075831183970e-01,1.584196724613757268e-01,1.841349026436496228e-01,1.364295619157398498e-01,1.315724065127540920e-01,1.828525655856046150e-01,1.308984177688929107e-01,1.455454902758679669e-01,1.692280641726660873e-01,1.262117043393126969e-01,1.134801260134865597e-01,1.639178404140275991e-01,1.024958451117730929e-01,1.071401722885476498e-01,1.380718651413633258e-01,6.797446792836928098e-02,7.134403033786895776e-02,1.314315942104544999e-01,7.954620672004543425e-02,8.180836328556222170e-02,1.256833431153864533e-01,9.933998859406439896e-02,9.970798145685458302e-02,1.245194500433549484e-01,8.282742410116117338e-02,8.582329949711253736e-02,7.947636544431004035e-02,-2.890236815153339380e-03,1.066225919031852792e-01,8.484524793419480349e-02,1.278338630689838384e-01,1.640320313103139568e-02,2.462755374363617689e-02,-3.255518525743456015e-02,-7.319073618208611631e-03,1.468324409901727856e-02,-3.126327096901399677e-02,-1.156891851730668802e-02,2.159948211821071176e-02,6.054823204852168017e-02,3.002912086557996130e-02,2.822959868963926394e-02,1.802264281451657763e-02,-3.111063395243515370e-02,-1.573829110038364731e-02,-4.261674109316108960e-02,-6.405235708688052088e-02,-4.941410923208953976e-02,-1.474107877538669703e-02,-2.249030427044020064e-02,-1.624739924395810289e-02,1.814750534413767102e-02,4.627449724236466777e-02,6.849692245251895462e-02,2.935584007726189937e-02,4.258393722522410552e-02,-7.018645681107401821e-03,3.324584654039285103e-02,4.238010891843797118e-02,4.820537145838962173e-02,3.771573591326062014e-02,3.417463903177283407e-02,-2.707405645519553664e-02,-2.383365245023193885e-02,-4.090624606339259700e-02,1.560202998210623304e-02,1.656014503477810235e-02,-2.146467198776792415e-02,1.525176840540083158e-02
1.557034989128389113e-02,6.202371120030943791e-02,4.074877343023514814e-02,-5.029722556452188506e-03,1.119378924524475211e-01,1.228354501576483793e-01,8.479517427680607899e-02,6.123020614444651954e-02,1.441604203205219259e-01,2.049728795091275979e-01,1.248510270572467107e-01,1.240441807378544065e-01,2.554113513853880080e-01,2.477428614972207455e-01,3.144830869005354468e-01,1.633871195553935340e-01,1.470366756456607527e-01,4.182167004319636838e-01,5.194779288391678795e-01,1.000000000000000000e+00,5.582745120266362493e-01,4.461544105465753973e-01,7.175261849854258633e-01,2.295874936630036833e-01,2.964007799521903297e-01,2.569079599718137596e-01,3.002338670335206183e-01,3.200756821578060185e-01,2.645688803946663059e-01,3.028250327618574045e-01,3.115197315157968716e-01,2.421455038064685150e-01,2.851393970323652383e-01,2.792040559638014341e-01,2.364847880728317697e-01,2.370998069857846724e-01,2.635874090231733469e-01,2.063915426706973977e-01,2.052240552006591168e-01,2.188741733127890776e-01,1.717122156430490321e-01,1.385318297861156955e-01,1.898688817502081627e-01,1.084001299783834693e-01,1.232933627339781180e-01,1.519503525077318395e-01,5.231279094518934136e-02,6.526123694929854280e-02,1.246196261526829746e-01,6.248545247809816211e-02,5.516825709642402681e-02,1.069533871417290144e-01,8.553280809645399940e-02,7.531159473669898907e-02,1.139492986057056290e-01,9.064048480198781677e-02,7.969720710553504506e-02,9.274382140125772556e-02,2.157212935092181136e-02,7.477825770728147026e-02,1.619097507471320072e-02,8.848043413857657746e-02,1.084951636903650450e-02,2.422313699009576507e-02,-2.682049955980147712e-02,-2.027599935762592481e-02,6.221006499511141929e-02,-2.040200429567163784e-02,3.446422811377328893e-02,5.327173806939844436e-02,6.481171408594774141e-02,1.610687181539369878e-02,7.735389474795924258e-02,5.591323004311514466e-02,-1.173293327360892119e-02,-2.588319400527574598e-03,6.411036690326422059e-03,-2.970603591667041188e-02,3.258559889849701324e-02,-2.747673156834415029e-02,3.161461302307341792e-02,6.736405568155995338e-02,9.393551943489802936e-02,1.033780974236232358e-01,6.034101416406217888e-02,3.343196150576458088e-03,1.539351748066865484e-02,-4.453445113256909726e-02,2.768782501889502368e-02,5.450958977080096191e-02,4.961987690029154296e-02,-2.234062418989599293e-03,-8.890456849653970151e-03,-5.054250213167050393e-02,-3.568840562420593637e-02,-4.093129655116792276e-02,4.232381528165404805e-02,2.542241384631327775e-02,7.334467223785704273e-03,-1.128819525052610420e-02
-2.134523335628704666e-02,3.098514857602480480e-02,3.288722508053281562e-02,-3.726201988012244753e-02,6.134915712608321470e-02,7.718543480535414170e-02,4.129368342979999884e-02,1.095108697472432085e-02,1.303124541662787628e-01,1.843704852694589558e-01,1.489708952531289265e-01,8.288555987176655926e-02,2.519091188267033044e-01,1.947058584367043488e-01,3.846480125522456217e-01,1.931604217173959470e-01,1.435903252835108723e-01,4.207428579609327479e-01,6.132144245928975446e-01,5.582745120266362493e-01,1.000000000000000000e+00,4.736695622235582159e-01,3.843058132686718587e-01,-1.523100893853371329e-01,4.835289522495169606e-02,-4.243171434484196980e-02,5.817514125722567792e-02,1.438427400568509651e-01,7.965369872418748276e-02,1.063964852048435855e-01,1.619714779378765290e-01,9.924243336460546183e-02,1.304484293277772267e-01,1.834874444640357816e-01,1.089355651986819162e-01,1.174816824532638748e-01,2.010237820750096771e-01,1.183290479497053627e-01,1.259388281398119147e-01,1.906025382006673041e-01,1.286972121413007264e-01,9.435078802144504506e-02,1.758039521006225514e-01,8.575524073995742513e-02,8.348334743654396706e-02,1.391538210181298696e-01,2.144422600569609663e-02,1.958372202597580269e-02,1.244526228916612853e-01,5.286941802158048875e-02,5.410577799031150714e-02,1.314178857294530101e-01,7.926946379539225040e-02,9.281297677643267352e-02,1.274771037783251071e-01,5.874843970342860655e-02,1.015217209358597189e-01,7.290089091487356177e-02,-8.152475531671025955e-03,1.140300682981699593e-01,1.200022118535198218e-01,1.381595021636056186e-01,6.153020159975614023e-02,3.329792628213884553e-02,-4.514973818069303868e-02,7.098262028882898825e-03,4.356837966060661538e-02,5.349908815215094655e-03,-9.200366019207694215e-03,5.848212906479127032e-02,9.327764535090662945e-02,2.722841269336875175e-02,5.193142059159949753e-02,4.036066860110872762e-02,1.955377807832889281e-02,1.858633283433051495e-02,3.475396088034353459e-02,-7.568383345708827592e-03,-7.391284084785297408e-03,-3.086251644977193800e-02,-2.733752151912515003e-03,2.327127247943657808e-03,5.937738243630630297e-02,8.338170663981793462e-02,8.061795933482579501e-02,1.708016999849541404e-02,4.350327873001752499e-02,2.247529238617213508e-03,4.990066094074698672e-02,6.129719682665942665e-02,7.022269314634982385e-02,2.150799588940460055e-02,2.600039270757840970e-02,-5.053532847670894057e-02,-2.271863050113224688e-02,-4.646845481686322915e-02,3.422250959427416278e-02,3.893138631921407716e-02,5.743235711437506309e-03,2.099467181613673059e-02
-2.123676909277860160e-03,6.709937333344487276e-02,7.922667641095434976e-02,-2.723400292179563482e-03,8.730118721415708327e-02,7.990790155891716595e-02,6.718381153135409567e-02,6.564078856953436958e-02,1.115937842072739772e-01,9.974871391287394584e-02,1.045033560140812973e-01,1.172725264415559326e-01,1.215053642328025874e-01,8.466834915229663749e-02,1.955923418926503454e-01,5.140286399929713118e-02,3.773694475927825975e-02,2.780648751814444042e-01,6.300700063236213122e-01,4.461544105465753973e-01,4.736695622235582159e-01,1.000000000000000000e+00,1.500680800903980150e-01,-3.368516788258379968e-02,2.257526432490892798e-01,8.917848665789696039e-02,1.568801400452883021e-01,1.743226364361982472e-01,1.231793202425240791e-01,1.561406308976399926e-01,1.909689432539959375e-01,1.281379790056649537e-01,1.662894000852205290e-01,2.009492808005763909e-01,1.447441322101359340e-01,1.344991978530953036e-01,1.878313054983256347e-01,1.231404990778480757e-01,1.355623575481041676e-01,1.532914052467287402e-01,1.059465402319768185e-01,9.302751787694794883e-02,1.249741910731653194e-01,7.431733721700913009e-02,7.014790374310582444e-02,1.041192614857353038e-01,6.244029665501767135e-02,3.558221574326677489e-02,9.356963775773624592e-02,4.490191802916544683e-02,3.466043432884857722e-02,9.045298810097326947e-02,6.614906632593482716e-02,6.110131695509030125e-02,1.099273363072241355e-01,4.551023081081172206e-02,3.909114651120340622e-02,7.354628230969501024e-02,-3.577294610925060153e-02,6.091725654190917327e-02,3.569056200388779493e-02,6.547404674362519716e-02,-1.170316412734539666e-02,2.092690501726503574e-02,-5.013089172981734926e-03,-2.019878062661358345e-02,4.777813532471624630e-03,-5.568616765448055478e-02,1.091021714155465325e-02,5.590488366977056610e-03,3.500953416796880047e-02,5.274744422013044783e-03,2.931234053724500813e-02,-9.870435375805699380e-03,-4.954761278600918611e-02,-4.874404065620874943e-02,-6.656843758079641904e-02,-4.229901876432760194e-02,9.535948307482444708e-03,-1.231957827221973403e-02,4.336404552615903685e-02,7.469714735113607007e-02,4.815457360865525033e-02,4.041571038232631002e-02,6.939066878249754156e-02,1.881059864936567017e-02,4.115553487371619024e-02,-3.488404702570834653e-02,2.117725212161384110e-02,2.952821448242848659e-02,2.988534077093374722e-02,1.825890446711761136e-02,1.567725526254055285e-02,-2.038244021365083480e-02,-1.420538259441657056e-02,-1.933399091867681746e-02,8.655560402125979727e-03,3.278491808970072918e-03,-1.372898631642697868e-02,3.394033131762839647e-03
3.605146827355699274e-02,7.916322671350378704e-02,5.515960414729249167e-02,2.659156106451566332e-02,9.395071128115620174e-02,9.993223182280910888e-02,8.274983462453784633e-02,6.695586798631673886e-02,1.077275775358731980e-01,1.909323000620868904e-01,8.685699547101967399e-02,1.084681342373620405e-01,2.247998236453896126e-01,2.516481597028765727e-01,2.858138833107155552e-01,1.739258665940538739e-01,2.016702233457150495e-01,3.017324737274122426e-01,2.495385768458351639e-01,7.175261849854258633e-01,3.843058132686718587e-01,1.500680800903980150e-01,1.000000000000000000e+00,3.182689372684573970e-01,3.390221314210750125e-01,2.739809242317732263e-01,3.404886226153401863e-01,3.256235106688764036e-01,2.596278612579837053e-01,3.358605075442294696e-01,3.001450354749706784e-01,2.329533218698371655e-01,3.059835134237994247e-01,2.563429417129934329e-01,2.261335209025261972e-01,2.588875642524069987e-01,2.417930598099002903e-01,2.004718849494585564e-01,2.228916250392638243e-01,2.043735115473857555e-01,1.705664690281216700e-01,1.585168785597516894e-01,1.655456345833737630e-01,1.049341246678847789e-01,1.460373137627563045e-01,1.377078208138312609e-01,6.294887671877495705e-02,1.018433643260396732e-01,1.374035172626403567e-01,8.594504913310209437e-02,8.006426975277039504e-02,1.124738350362880779e-01,1.083887527863204442e-01,9.614285523396157163e-02,1.056095457511445485e-01,1.115815205454090825e-01,1.112495754485761656e-01,9.421003001513125752e-02,6.340035733869525680e-02,9.545889600224848059e-02,2.897069175716721762e-02,9.611496632024581210e-02,4.498902849351597844e-02,1.181106914415632966e-02,-6.480557619092529309e-02,-1.559268760961474327e-02,8.396384157907788026e-02,1.215925969665649850e-02,4.091778323448686666e-02,7.808262976919046194e-02,7.620471480024067212e-02,3.201657916368002427e-02,9.865072987493403445e-02,8.213317050142618370e-02,-1.242024054463220818e-03,1.456927885235720192e-02,1.309749932674383194e-02,-1.945386528025934425e-02,9.517867717646098097e-03,-4.774992708813055597e-02,-7.036330411064628879e-03,1.245912308448230213e-02,8.551744547535652941e-02,7.522637027100952112e-02,1.288721886911492476e-02,1.924285276111177296e-03,-8.676455715785104383e-03,-1.480560982925508730e-02,1.849783411632274777e-02,3.670171800089682551e-02,2.838293530092473108e-02,-3.960704484871050216e-03,-1.177970458009627852e-02,-3.111127060399985003e-02,-2.701275833916021510e-02,-1.692353650320872413e-02,3.423240195436733774e-02,1.640659218783266371e-02,1.338193258140408376e-02,-1.254380939065963090e-02
4.367949033156008631e-02,7.227665967114493828e-02,1.043494868370365390e-02,2.194178928514703419e-02,1.176828228788768665e-01,1.284080477518648455e-01,9.924540483938558422e-02,5.547989331826095466e-02,1.163611542553691508e-01,1.430702700827498342e-01,3.335889810145524492e-02,9.257386978877354955e-02,1.433815212166632547e-01,1.869461175698554078e-01,9.447444974985487465e-02,1.407969454050676528e-01,1.026716607670195014e-01,1.208898695351625363e-01,-4.797041264114846465e-02,2.295874936630036833e-01,-1.523100893853371329e-01,-3.368516788258379968e-02,3.182689372684573970e-01,1.000000000000000000e+00,5.397715558338931352e-01,7.360611674033440410e-01,4.879980937141709663e-01,3.518559990376742275e-01,4.907875598305239673e-01,3.963045354838591328e-01,3.141438860589474413e-01,3.880557907685623920e-01,3.259492754818582583e-01,2.578163110342714948e-01,3.372837499460782373e-01,2.611936274196263175e-01,2.300510986169802263e-01,2.796341280168602172e-01,2.105375400987068712e-01,1.977697987063132545e-01,2.230289946300573201e-01,1.714337867715250152e-01,1.585977358844570528e-01,1.577063637473438140e-01,1.442814440742693771e-01,1.437098254340015147e-01,1.105897825960202863e-01,1.044108359671307856e-01,1.251615997042561101e-01,9.285175512148870214e-02,8.907468707163526678e-02,8.367556170692379280e-02,8.871650955096779811e-02,1.019423887960644870e-01,8.974972998747839104e-02,7.864861015068999595e-02,8.912580999517137614e-02,1.210841346175591804e-01,3.348532304739405135e-02,1.008524730636777278e-01,-2.452200566273702795e-02,8.304818383438548890e-02,3.893253003577958060e-02,4.356314914518237547e-02,-6.324516226790456719e-02,-6.127920401913002774e-02,8.596798681631974415e-02,8.299814875683462351e-03,2.625691881628670205e-02,7.804430755253891072e-02,4.024864721524932382e-02,2.140002951215150967e-02,1.107559156468029271e-01,-1.211491003022616836e-02,-4.959314509774949420e-02,-2.870259432912227252e-02,-8.062776796079998420e-02,-6.346844855007882126e-03,4.340814556823014564e-02,-3.477628631068861720e-02,2.150866729766114788e-02,-5.568516087565162503e-04,-2.419205523983314430e-03,-2.891080256008992169e-02,-8.545028713233969453e-02,-3.090620897909144779e-02,-4.875973171064536954e-02,-6.758863771499738771e-02,-1.782001535306034987e-02,-1.935414917870802512e-02,-2.391833113105889044e-02,-6.919717063722538586e-02,-4.907918398162296192e-02,-2.534041942309179021e-02,5.187425209103596483e-04,1.411852246212823639e-02,3.185970022316278460e-02,2.130219949274816948e-02,5.753464837147227035e-02,8.039898422385142671e-03
3.634104486814852819e-02,8.319276117324811426e-02,8.603904754584465117e-03,1.067935243656306654e-02,7.901357140825546188e-02,9.144114638541636642e-02,5.207796993750902353e-02,6.295196430025928880e-02,1.043684282663510932e-01,1.633633456891183111e-01,1.030743140235234612e-01,1.089858594594668023e-01,1.787695376184031959e-01,1.890468070366746189e-01,1.905367872140162067e-01,1.861113609172922456e-01,1.150407754762341472e-01,2.331525485040338574e-01,1.315422821492421013e-01,2.964007799521903297e-01,4.835289522495169606e-02,2.257526432490892798e-01,3.390221314210750125e-01,5.397715558338931352e-01,1.000000000000000000e+00,6.016808633625536640e-01,6.432284372730860955e-01,6.327468014896798776e-01,3.742371193673613705e-01,5.194335514926688990e-01,5.229419217306693346e-01,3.111168327409881695e-01,4.517222806861550533e-01,4.586774373459088228e-01,3.146686554172086758e-01,3.631306293958432296e-01,4.054904649499593283e-01,2.783746646473831410e-01,3.122100927180859187e-01,3.563946886896764976e-01,2.407439266017103729e-01,2.604760577178176773e-01,2.827657859615143598e-01,1.749163923164967493e-01,2.141836527421889513e-01,2.285985012735139432e-01,1.071847784886753446e-01,1.407567754070978006e-01,1.779477784964298148e-01,1.158893081708039924e-01,1.184278158963083249e-01,1.073481579962034110e-01,9.961835680760974809e-02,1.279816343796518208e-01,1.051663341014478920e-01,6.759730519291369533e-02,1.003345875445718072e-01,1.145537829319682455e-01,2.004757712501324673e-02,1.106622902417589566e-01,-1.030449969652394437e-02,9.547741538967786934e-02,2.085650078683394526e-02,3.992634091808665991e-02,-7.438566898791157400e-02,-7.780844780229696778e-02,5.494021859011410241e-02,-2.389032474129261507e-02,7.619896256025925074e-02,2.167426262932548031e-02,6.609271254422332056e-03,-3.680314437712284281e-02,5.351337484317329751e-02,-2.693036160798310819e-02,-7.014257938115688040e-02,-6.103045209529033704e-02,-9.392045351084395144e-02,-4.040799975943999700e-02,-3.198103750139393020e-02,-6.853361280936919042e-02,-9.423848675417503470e-03,1.186740224718533382e-02,3.207446293526193450e-03,-2.983432284355767503e-02,-4.486999889736119351e-02,-3.370975956962844744e-02,-1.632217889717048689e-02,-7.524743757671167876e-02,1.595990884572497451e-02,1.012650039227990829e-02,8.706684892564431344e-03,-9.141486108354843210e-03,-2.267120155389999118e-03,-2.544707328290136614e-02,-7.502104979454797540e-03,-1.185456218410496469e-02,1.730518735263208985e-02,1.698468108739096746e-02,1.999584814364973803e-02,2.567095463958276105e-02
3.543556427715621043e-02,5.663530234400964564e-02,-1.627916774216668638e-02,-2.387118429735864654e-03,8.777246004825567383e-02,1.072095996735171891e-01,6.929875827498968577e-02,4.375642417500671955e-02,1.207748882147821751e-01,1.304217169082040328e-01,4.311858188040521705e-02,9.038976901692860610e-02,1.437858931118846662e-01,2.057165229968961895e-01,1.318042047975559183e-01,1.646682055973014980e-01,1.109973323249433541e-01,1.872689539506480205e-01,2.313054335038375320e-02,2.569079599718137596e-01,-4.243171434484196980e-02,8.917848665789696039e-02,2.739809242317732263e-01,7.360611674033440410e-01,6.016808633625536640e-01,1.000000000000000000e+00,4.531486836454005629e-01,4.771080104036374281e-01,6.022484453161471851e-01,3.870255420226459409e-01,4.293448028586710485e-01,4.877898710800714355e-01,3.391789112554680075e-01,3.504578394767745020e-01,4.168690643521754668e-01,2.710802937736862539e-01,3.120308592217046484e-01,3.506010701941013608e-01,2.284279527563433110e-01,2.622720162492633844e-01,2.791816912071978241e-01,1.819467922131211279e-01,2.121795578825031448e-01,1.929354023991234623e-01,1.466892054939688550e-01,1.873682665361480759e-01,1.176871400365511883e-01,8.866698795339386652e-02,1.375158753704516790e-01,8.083723807364037728e-02,7.171043182184484721e-02,7.867541257823852663e-02,6.830673942549858602e-02,8.427603810972965348e-02,8.367416809466914074e-02,6.410063201305173097e-02,5.804279768710092491e-02,1.156986869720949690e-01,1.616326504860564339e-02,7.360049057799016026e-02,-4.012402274050980849e-02,7.356516476207856925e-02,5.215021432519134637e-02,5.004576054971555943e-02,-5.679114575465021852e-02,-5.905440177685122860e-02,8.710071093816451615e-02,-8.611927939837138793e-03,1.598596839445086057e-02,8.706426717562729123e-02,5.871146782488931987e-02,2.259960522536861791e-02,1.112631451070190403e-01,-2.325271689892989546e-02,-2.992079735610981769e-02,-1.503879739708420668e-03,-3.891344950497462735e-02,2.347799783197342116e-02,6.248598887119889700e-02,-1.030069464771407074e-02,2.304538106226481156e-02,1.337416263152637654e-02,-1.049108557190330665e-02,-1.506783839384186023e-02,-5.818631061469574373e-02,-2.433411989098482539e-02,7.907771792534826032e-04,-1.013173309471602362e-01,-9.324252758365148344e-03,2.056945296467337092e-02,-3.748542524172886192e-03,-7.046740158194711445e-02,-5.953518733578659627e-02,-4.381645275329818651e-02,-1.861402537889387393e-02,8.523930085162809839e-03,6.073739596904359495e-02,2.373902678675057082e-02,6.139008606046875149e-02,6.792557597680813977e-03
3.058303363692610119e-02,7.584972328474468006e-02,3.511248677673232260e-02,1.907293506222093593e-02,7.717799382062549840e-02,8.531450179494566577e-02,5.457684779797831315e-02,7.501428611618141118e-02,1.185741195884960630e-01,1.742331034383762245e-01,9.285515546496338202e-02,1.061109036516608012e-01,1.969525254817023341e-01,2.059139435274058016e-01,1.882016651345644331e-01,1.689786501484352721e-01,1.691454824484166508e-01,1.899331923257459864e-01,1.239587014652942243e-01,3.002338670335206183e-01,5.817514125722567792e-02,1.568801400452883021e-01,3.404886226153401863e-01,4.879980937141709663e-01,6.432284372730860955e-01,4.531486836454005629e-01,1.000000000000000000e+00,5.066456623318054131e-01,5.084193488047678011e-01,7.928661028626068363e-01,4.533474236595952944e-01,4.149411648417735687e-01,6.461481161770002979e-01,3.964810752939249561e-01,4.036308783818686186e-01,5.425233293164053450e-01,3.807671355565291904e-01,3.510986336579358102e-01,4.472327277623058817e-01,3.260476007010852384e-01,2.952289411200059721e-01,3.673242702016875638e-01,2.690380536894744212e-01,2.321129076769055388e-01,3.067101240963334696e-01,2.573391580947478330e-01,2.026518419260424364e-01,2.097408650678930508e-01,2.229529994091442591e-01,1.970485861357846591e-01,1.420689668304299658e-01,1.588925098397450664e-01,1.609821212337011476e-01,1.643118851711397044e-01,1.475019345007072269e-01,1.358909155223784471e-01,1.441678922413886510e-01,1.692398979779443646e-01,6.221723640023180124e-02,1.413875107849359158e-01,-2.646035350680382009e-02,1.258303358982275078e-01,8.982206440736061753e-03,4.781854476838651863e-02,-6.208711945605659838e-02,-7.633118177926953574e-02,5.846900187698662182e-02,-3.575465062200508092e-03,4.782601275896996434e-02,4.413232670202778957e-02,1.521542969987487066e-02,9.238712082937035113e-04,5.175779306593647489e-02,2.695262960483091525e-04,-6.371073382419251141e-02,-3.518086299188625393e-02,-1.032973280394158533e-01,-6.632018404436682002e-02,-3.521708266221636879e-02,-7.626804971185507931e-02,-4.591176924707580237e-03,1.888003843130818885e-02,1.893214392294154461e-02,-1.841891088705430862e-02,-7.650475256890031106e-02,-6.351783576246508578e-02,-7.853574264943280481e-02,-9.337399574955587700e-02,-1.291791456580925618e-02,-1.135026265307263055e-02,-1.913057519559436051e-02,-2.832478298344011033e-02,-1.907974495860516664e-02,-6.946812605584747405e-03,6.370033022564502989e-03,1.091912570456979141e-02,1.352568842890649638e-02,2.973611511347592010e-03,2.516453976313620319e-02,4.794207701301237551e-03
1.603597100456504582e-02,6.521885527112590564e-02,4.600846639125217609e-03,-5.853684785737464299e-03,7.217258863224178256e-02,9.146162589016758326e-02,6.327619824836762386e-02,6.930490986180909418e-02,1.286620282262493919e-01,1.873767221316266218e-01,1.056859636186571888e-01,1.107534081351728150e-01,1.897422950366376149e-01,2.005149679262488438e-01,2.332292108309734213e-01,2.116450477189077417e-01,1.371669540776139229e-01,2.978303769785591859e-01,1.467957134303409794e-01,3.200756821578060185e-01,1.438427400568509651e-01,1.743226364361982472e-01,3.256235106688764036e-01,3.518559990376742275e-01,6.327468014896798776e-01,4.771080104036374281e-01,5.066456623318054131e-01,1.000000000000000000e+00,5.193525057331078720e-01,4.299507685627887432e-01,7.839808743192943075e-01,4.302018150911620098e-01,4.013258492985703474e-01,6.301050478067248273e-01,3.896413194711358385e-01,3.214417159659098688e-01,5.304295212760764544e-01,3.402871171505926773e-01,2.901760210795012451e-01,4.478138908126880202e-01,2.841857785480269571e-01,2.568114906179443380e-01,3.445325324769744069e-01,2.048398754602120675e-01,2.303964164091688582e-01,2.685287015989819559e-01,1.021134070289981544e-01,1.609627055366355808e-01,2.022856682465101752e-01,1.209870049172682149e-01,1.521635121620314168e-01,1.540270625154613049e-01,1.154858879966679241e-01,1.645256647373044001e-01,1.263130778093073669e-01,9.015800097240417310e-02,1.258377453988515915e-01,1.401264613084591271e-01,4.338538592408440475e-02,1.233377568472353997e-01,-7.404913271397146023e-03,9.490978603907926359e-02,5.273524593003209998e-02,7.689545249494590673e-02,-7.774550994945543525e-02,-8.150548323966168296e-02,7.052607723930698347e-02,-4.145517093364406436e-02,3.875506406033039225e-02,5.712111443118329801e-02,5.244889297039209697e-02,1.852322738385938977e-03,7.692563632778008642e-02,-8.940765259138635720e-03,-8.954166873339843014e-02,-4.310262941818542720e-02,-6.196226009456968359e-02,-3.657623144518085817e-02,-4.491736032552463517e-04,-3.779133850206017192e-02,5.733298943248641040e-03,-1.717057280797296137e-02,-3.152053947350682422e-03,-3.389055124481094722e-02,-2.936076791047457363e-02,7.017369282369441928e-03,1.387652569400249676e-02,-6.611938038534660722e-02,3.013844815463337726e-02,6.144153352341453350e-02,4.332396870686495982e-02,-5.306982608909120193e-03,-1.354676134631710264e-02,-4.247471369266409696e-02,-4.921124265073607146e-02,-2.020444217693405028e-02,5.186787979353153083e-02,1.350570174585871176e-02,8.347194762599199555e-03,5.488920850013867233e-04
1.197326899477378463e-02,4.189891596271868440e-02,-2.195599291991179661e-02,-2.052009374086476504e-02,7.526365336186589816e-02,9.716905049828040986e-02,7.009062851014762063e-02,5.701329770284677134e-02,1.403217281402767969e-01,1.703664652121201772e-01,7.894787379691266260e-02,9.683318890484385322e-02,1.797794172008278235e-01,2.209747302706194516e-01,1.821063589073302624e-01,1.722964599376553552e-01,1.549357714434099753e-01,2.202438262839709338e-01,1.005657504830522186e-01,2.645688803946663059e-01,7.965369872418748276e-02,1.231793202425240791e-01,2.596278612579837053e-01,4.907875598305239673e-01,3.742371193673613705e-01,6.022484453161471851e-01,5.084193488047678011e-01,5.193525057331078720e-01,1.000000000000000000e+00,5.191489435888364534e-01,5.101792737199830619e-01,7.998940931579903157e-01,4.496961698840001853e-01,4.151098304979997655e-01,6.447125009436571741e-01,3.749040352999041259e-01,3.925293219865544359e-01,5.358676402477591250e-01,3.244396086887147423e-01,3.351279712943711631e-01,4.234601563203438390e-01,2.677819674791186988e-01,2.777703472432805354e-01,3.013692446984222451e-01,2.203036770428163926e-01,2.625450230900179815e-01,2.037254567256933380e-01,1.365835264081636247e-01,2.139139297583681210e-01,1.449762542124727327e-01,1.041629556706000492e-01,1.625317299152327921e-01,1.096716725622006727e-01,1.324829485519630479e-01,1.517606487335837195e-01,8.383199418915195100e-02,9.587968832814566800e-02,1.624069328818735780e-01,1.256703685376923431e-02,1.223863412119001320e-01,-1.791603764462293413e-02,1.013740828069037980e-01,4.809177527087057230e-02,6.027210515127385398e-02,-8.811655332862218526e-02,-7.892620124451719954e-02,7.283064098969432854e-02,-2.306941060008972644e-02,-1.391045246581269768e-03,7.428101560219042832e-02,8.491577653092340083e-02,3.986554167882311317e-02,1.130400208359430975e-01,2.537894743243288270e-03,-3.967011850248943622e-02,7.047323486687986221e-03,-3.777897540444268010e-02,1.815986336029279044e-02,5.240121088165912433e-02,-2.247185563812012163e-02,1.138143623533945797e-02,6.573740023426420317e-03,-1.360575685876424384e-02,-3.845740846411001973e-02,-7.982915917436893272e-02,-2.377327025167260549e-02,-3.778753882776406114e-02,-1.038763067261281453e-01,-5.550943188795494886e-03,2.575394997897103438e-02,-2.659397369360574004e-04,-3.317407823984356435e-02,-4.091557291841242672e-02,-1.806870331361886198e-02,-1.719468203663309172e-02,4.104415419200455745e-03,3.933566277849828707e-02,-1.089229387580825252e-04,2.372927816289434333e-02,-1.372966004088991068e-02
3.249873355454191426e-02,6.229918568968112469e-02,4.052599485492758974e-02,2.390059215089784111e-02,5.827217199049004176e-02,6.324297404229366204e-02,4.431673660629215777e-02,6.051170335156688673e-02,1.087050715790126298e-01,1.691106180694148808e-01,9.717588892784150001e-02,8.726570223711477281e-02,1.979713853567953430e-01,2.027212457454773964e-01,1.985343567496605510e-01,1.665160814681841961e-01,1.808226025352630550e-01,1.881167518279179829e-01,1.367216029192089288e-01,3.028250327618574045e-01,1.063964852048435855e-01,1.561406308976399926e-01,3.358605075442294696e-01,3.963045354838591328e-01,5.194335514926688990e-01,3.870255420226459409e-01,7.928661028626068363e-01,4.299507685627887432e-01,5.191489435888364534e-01,1.000000000000000000e+00,5.184505586925071130e-01,4.376002266160941567e-01,7.914395024903156939e-01,4.296195695095026412e-01,4.157541347651639851e-01,6.501891543989662958e-01,4.095371462564184606e-01,3.586464524933193898e-01,5.288353321021553866e-01,3.440583676549887615e-01,3.076891541823211784e-01,4.207800339836094694e-01,2.882986774925876960e-01,2.431460659221119369e-01,3.546289629313056357e-01,2.754720132838162083e-01,2.102252897590732861e-01,2.470206092510952578e-01,2.424813648895727813e-01,2.164787719104860342e-01,1.733636212781362318e-01,1.800660244317333347e-01,1.793675906797491948e-01,1.945237693697405845e-01,1.672927366662242676e-01,1.601158796132704787e-01,1.650249244835827744e-01,1.870294225477129035e-01,7.813761546432508587e-02,1.511345195116884643e-01,-3.647642098000804245e-02,1.366401438764625331e-01,1.387413551487646016e-02,4.916056941255635832e-02,-4.645196355575105518e-02,-7.187522800151700808e-02,5.171139199879761644e-02,-4.106348056878203652e-03,2.557366038998649255e-02,4.816851159846152752e-02,3.638270092738286193e-02,2.560627556944820513e-02,4.520973171635893351e-02,2.454114005851380786e-02,-4.220881049844911470e-02,-1.365893538558238599e-02,-8.030522953986206358e-02,-6.695709915049066763e-02,-3.069023015540330024e-02,-8.152335798269069733e-02,3.682293983257692391e-03,4.085142784864385229e-02,2.419937063296588586e-02,6.696579323447349880e-03,-6.498272776109732807e-02,-6.451826900314264202e-02,-6.512724245620597763e-02,-8.767545830048549538e-02,-1.707666809351094869e-02,5.475248266358977677e-03,-1.433013833921305789e-02,-3.326256614382425147e-02,-2.673365988389464140e-02,-1.872748281660037775e-02,-8.947740207043395483e-03,1.624868186499945147e-02,3.764136977633429637e-02,3.837402879335485677e-03,3.255772414046065322e-02,3.328113305198131255e-03
1.886617608673492666e-02,6.291913872841212174e-02,1.406377323611422356e-02,4.020975331967851195e-03,7.316079708535651316e-02,9.118885976437586527e-02,6.886640727752166291e-02,6.669341376893307693e-02,1.330189115534460287e-01,1.783014747020774116e-01,9.543450829049909823e-02,1.074150348669130062e-01,1.846362950482435261e-01,2.118384380139066436e-01,2.265002704773281528e-01,2.158845706670861342e-01,1.563815108809226972e-01,2.740057112087141977e-01,1.633503582421602651e-01,3.115197315157968716e-01,1.619714779378765290e-01,1.909689432539959375e-01,3.001450354749706784e-01,3.141438860589474413e-01,5.229419217306693346e-01,4.293448028586710485e-01,4.533474236595952944e-01,7.839808743192943075e-01,5.101792737199830619e-01,5.184505586925071130e-01,1.000000000000000000e+00,5.221960691010153477e-01,5.030014267348320578e-01,7.890029157096117851e-01,4.584661744738673383e-01,4.009492998507052097e-01,6.533837396349366777e-01,3.955613760992062189e-01,3.597537578901216504e-01,5.391642600704105170e-01,3.350553619496519642e-01,3.042591399404563912e-01,4.124868323942876835e-01,2.403326980879282593e-01,2.682526422899053631e-01,3.257108560304385891e-01,1.120346206717246773e-01,1.811570589591668667e-01,2.466363999310564048e-01,1.403091465657366477e-01,1.798507582991238363e-01,2.000444903173136946e-01,1.312617312392007629e-01,2.066976130664409106e-01,1.586893740021475541e-01,1.118943325693809304e-01,1.726196186967780544e-01,1.637501539036919918e-01,5.441313845290236123e-02,1.688806144990592228e-01,1.322599156126464878e-04,1.340419408787039690e-01,6.450756162166362828e-02,8.134248047127554115e-02,-7.467364995445639753e-02,-7.259853191265545902e-02,8.460594982216172733e-02,-2.134969894953062455e-02,3.207155151883579747e-02,7.923729294425707614e-02,7.789812986723577970e-02,3.132008325860376891e-02,9.049246265891684737e-02,7.371206652160858241e-03,-6.724790979155043091e-02,-2.713084480755692529e-02,-4.947194496024022448e-02,-3.383912581127267866e-02,1.780931688346102867e-02,-4.500983292198024871e-02,2.277290862852692638e-02,-1.036028224712117612e-02,2.051505694623408788e-02,-2.315713034463968631e-02,-1.340891735223615107e-02,2.720137210847866152e-02,3.381971264305522890e-02,-6.758156721463941252e-02,1.969699465469528649e-02,4.617124168939889389e-02,3.589504882019617371e-02,-1.981623211383733499e-03,-3.243024172061032689e-03,-3.187341537500230915e-02,-3.630659066012180414e-02,-1.297023989898505106e-02,4.139617871466350074e-02,1.241357576015632465e-02,1.336653398704098009e-02,7.784207200672652559e-03
-9.990889846587870313e-03,1.090239448949158370e-02,-4.167923861192649598e-02,-4.063136048672273681e-02,4.628364222108567738e-02,6.654350693214190759e-02,4.517808375394331138e-02,2.358663446631783719e-02,1.256184008957026421e-01,1.354457931027091555e-01,7.620721167343517954e-02,6.998956626137679826e-02,1.531221841352957969e-01,1.809289098147695840e-01,1.551250443723918571e-01,1.338828801852446904e-01,1.361922881174777722e-01,1.926657981820632526e-01,1.184418075831183970e-01,2.421455038064685150e-01,9.924243336460546183e-02,1.281379790056649537e-01,2.329533218698371655e-01,3.880557907685623920e-01,3.111168327409881695e-01,4.877898710800714355e-01,4.149411648417735687e-01,4.302018150911620098e-01,7.998940931579903157e-01,4.376002266160941567e-01,5.221960691010153477e-01,1.000000000000000000e+00,5.108299528076488683e-01,4.319536317998703967e-01,7.801362016845646563e-01,4.195867916859034596e-01,4.086621063702012835e-01,6.382967024283396906e-01,3.588535963087727265e-01,3.458994594755084862e-01,4.979742560294899145e-01,2.855322720371118450e-01,2.940659122570596362e-01,3.548476042091288640e-01,2.350458319162384568e-01,2.920052224664984597e-01,2.406661661918716444e-01,1.448985469259723713e-01,2.264141465878874715e-01,1.700004974551674042e-01,1.078076158547149332e-01,1.665029636793611545e-01,1.251490474936905739e-01,1.388056093048795347e-01,1.463652906971324441e-01,9.024134758321117333e-02,1.081293350022372035e-01,1.653909844403438079e-01,2.906617106514828783e-02,1.299339597292294424e-01,-1.727047613414337685e-02,1.133460284278383495e-01,4.860077650699186347e-02,6.986726172393369072e-02,-7.409299773560300284e-02,-7.098094104048252584e-02,6.736180324658563867e-02,-1.135929710575620151e-02,-1.666581892981454371e-02,7.721716456856587973e-02,9.802220056054504471e-02,5.034673849126575229e-02,1.091173162031941340e-01,2.905645497084267947e-03,-3.428136849989758816e-02,1.810406316406028976e-02,-4.537292411835237849e-02,1.997120539763423339e-02,4.445908823455145542e-02,-2.389712768123005565e-02,4.418398442775426163e-03,7.347226180061573611e-04,4.419854063130696062e-04,-3.723219989714999373e-02,-8.002373416998793954e-02,-1.078139760543227188e-02,-2.413786342712974722e-02,-8.925308969284710681e-02,-1.467155302179953737e-03,2.595064034920249729e-02,7.383325671281073740e-03,-2.130694768531698341e-02,-2.852591844818091679e-02,-1.714888464159683087e-02,-1.582804087634837042e-02,-1.488496134046282931e-03,3.390513976090626935e-02,-2.855904682578133159e-03,1.385716079695872849e-02,-1.303330716992675067e-02
2.405764353300925487e-02,6.252955996556160134e-02,3.949913379896617671e-02,1.635857352010634466e-02,6.020111880311832669e-02,6.352798858735043963e-02,4.024532919869351633e-02,4.876705716592117518e-02,1.161273501156404875e-01,1.581930187931815945e-01,1.153924653261339667e-01,9.622686744480954402e-02,1.887742034139098801e-01,1.894753744056904277e-01,1.997962022177461883e-01,1.626749392359979618e-01,1.692098021723963674e-01,1.921408913736747381e-01,1.584196724613757268e-01,2.851393970323652383e-01,1.304484293277772267e-01,1.662894000852205290e-01,3.059835134237994247e-01,3.259492754818582583e-01,4.517222806861550533e-01,3.391789112554680075e-01,6.461481161770002979e-01,4.013258492985703474e-01,4.496961698840001853e-01,7.914395024903156939e-01,5.030014267348320578e-01,5.108299528076488683e-01,1.000000000000000000e+00,5.206060959305433000e-01,5.103955940212557829e-01,8.067259621315900908e-01,4.852919664852825554e-01,4.333571756743493375e-01,6.528065177855353340e-01,3.931772117369368713e-01,3.784901189961334400e-01,5.066560765054396454e-01,3.365437108257456900e-01,2.860745187677268819e-01,4.147433189344107429e-01,3.105499257055702733e-01,2.426500887046011135e-01,2.946378740465038781e-01,2.756391148763517873e-01,2.527703613767232627e-01,2.156558867992146855e-01,2.047347991675625423e-01,2.038276883455248933e-01,2.349950926987150746e-01,1.845402529181168483e-01,1.686635238281483928e-01,2.001001754627983742e-01,2.014175363231111016e-01,8.810979953352823801e-02,1.900899886282848283e-01,-2.765680292505232670e-03,1.719177290929128354e-01,2.731561844390699781e-02,7.364745030039140938e-02,-3.215657964070803287e-02,-7.008367198276814480e-02,5.452845096079912690e-02,2.030211119440832740e-03,1.933114144555635530e-02,6.252020022641344155e-02,4.456927164416190495e-02,5.437854905493815644e-02,5.795755545557648714e-02,1.867814796969067062e-02,-4.976074991186436869e-02,6.836865132058098093e-03,-7.291027671097058405e-02,-5.033824292998597544e-02,-2.778538530887512958e-02,-8.480432662608701488e-02,-3.413261543598455211e-03,3.724018104929541217e-02,2.355076078759213432e-02,1.619561860081179805e-02,-5.964872130315735516e-02,-4.853304064335995510e-02,-4.005239921053378033e-02,-7.422110489985928039e-02,-2.146495979695803302e-02,1.322744482871450640e-02,-9.732056193555169502e-03,-4.355040420626458963e-02,-3.748606813705848695e-02,-3.109848624732141839e-02,-2.819882052839680839e-02,2.095510775460489306e-02,6.249186970780663125e-02,1.166644709413143001e-02,4.052915977825940347e-02,-6.204413133440767752e-03
1.394298694241531689e-02,5.592268592421022894e-02,1.263265367204603751e-02,8.354084562010782866e-03,5.444159960323505243e-02,8.778415923205494520e-02,4.333148278383300300e-02,5.839705565485218269e-02,1.276252632444341562e-01,1.771599781372894256e-01,1.002540671002548067e-01,1.159747165820331216e-01,1.799328092558213910e-01,2.005166820622145407e-01,2.346528617733546485e-01,2.091541545029337312e-01,1.492796890773599450e-01,2.749132797249406734e-01,1.841349026436496228e-01,2.792040559638014341e-01,1.834874444640357816e-01,2.009492808005763909e-01,2.563429417129934329e-01,2.578163110342714948e-01,4.586774373459088228e-01,3.504578394767745020e-01,3.964810752939249561e-01,6.301050478067248273e-01,4.151098304979997655e-01,4.296195695095026412e-01,7.890029157096117851e-01,4.319536317998703967e-01,5.206060959305433000e-01,1.000000000000000000e+00,5.173424930778254272e-01,4.150199496952646228e-01,8.014055745118290330e-01,4.373606056161061240e-01,3.841629936242987320e-01,6.528300510018996139e-01,3.846698651952435988e-01,3.294262396571511209e-01,4.999566411306700653e-01,2.912537574510322136e-01,3.003999382542456020e-01,4.051275497142765580e-01,1.338682286882704464e-01,2.004489395560412890e-01,3.120395319757807706e-01,1.854190515768499581e-01,2.080813180109244709e-01,2.479241013594238874e-01,1.674578315612842705e-01,2.431420818256723182e-01,1.923155052729904058e-01,1.347974973372440544e-01,2.200198152402304264e-01,1.809811426022026881e-01,7.793394518578700136e-02,2.140800687373209110e-01,4.313426355878091645e-02,1.697482548753004306e-01,7.800196300954850837e-02,9.411971712036219795e-02,-6.791825424345225570e-02,-7.378126221717892785e-02,1.085995835509135227e-01,1.765347022471271761e-04,4.884595783119374118e-02,9.409950336923142422e-02,8.858389376169477358e-02,3.788822127267106599e-02,1.003758652254326811e-01,-1.952530099729130400e-03,-6.884010720810966599e-02,-3.122282807778496358e-02,-5.660687695457291418e-02,-1.669655920103408839e-02,1.480614744067224736e-02,-5.884305501316054038e-02,3.129543651533482629e-02,-1.327425662408328148e-02,1.584570000595089678e-02,-3.294667840153146787e-02,-1.852960079326196677e-02,3.304612620226842629e-02,2.274275129194260753e-02,-4.180499998229335323e-02,3.026734134083753150e-02,4.377911042852636325e-02,4.731683554262200442e-02,1.406707458369772443e-02,1.686847627442902495e-02,-3.465172384230825325e-02,-3.624437000876275933e-02,-2.590335309394095273e-02,3.428337947833515198e-02,2.585625107967963465e-02,9.184242369167986558e-03,8.982600011625402336e-03
-1.666558800499097839e-02,3.501587053846399143e-03,-4.103248671667143049e-02,-3.717620424806014623e-02,4.272155502514136255e-02,5.802942758727103190e-02,2.680164839112519903e-02,2.119027219177544233e-02,1.120881483536577544e-01,1.128765267091101365e-01,7.920363493587713466e-02,6.790265933805304799e-02,1.330791941805323231e-01,1.561786471959173694e-01,1.627628027382513609e-01,1.064654664631466824e-01,1.157802079378204285e-01,1.858025296317878661e-01,1.364295619157398498e-01,2.364847880728317697e-01,1.089355651986819162e-01,1.447441322101359340e-01,2.261335209025261972e-01,3.372837499460782373e-01,3.146686554172086758e-01,4.168690643521754668e-01,4.036308783818686186e-01,3.896413194711358385e-01,6.447125009436571741e-01,4.157541347651639851e-01,4.584661744738673383e-01,7.801362016845646563e-01,5.103955940212557829e-01,5.173424930778254272e-01,1.000000000000000000e+00,5.100823402179917032e-01,5.102772423850855388e-01,8.036112962202952570e-01,4.330235103877154712e-01,4.206277956923898387e-01,6.261637579729967262e-01,3.448851872785506090e-01,3.553549694436046180e-01,4.563223295982784533e-01,2.903055264451870898e-01,3.734778318826370569e-01,3.212808061484423994e-01,1.766716265540905495e-01,2.760778977533298040e-01,2.212950706301748949e-01,1.248232239792015225e-01,1.916314918406721857e-01,1.762375355264581001e-01,1.698522925046216381e-01,1.644641573622952491e-01,1.173695416936620106e-01,1.423421967626386786e-01,1.788293023275975002e-01,6.089581544108345346e-02,1.572401022386877012e-01,-4.820056484471588361e-03,1.339212260347249772e-01,4.043156036956765259e-02,7.317055942128032620e-02,-6.649737544510256337e-02,-7.330536364222978163e-02,8.834444253433114402e-02,1.030089815339856746e-02,2.356666002504829299e-02,8.497285522287559290e-02,9.299495232946304590e-02,4.277882455822487606e-02,1.146261585641462910e-01,-7.863206512091812719e-03,-5.305607099462773119e-02,2.443305231219989118e-04,-5.119395481766598338e-02,1.015515278230112554e-02,3.204782418640091113e-02,-2.956056761212097136e-02,1.042180986577428102e-02,7.390827673215008033e-03,-4.767193075235021636e-03,-3.485848302232165408e-02,-8.162402588484025945e-02,-2.069661655772690734e-02,-3.051493460259061680e-02,-8.552131260082175557e-02,6.517492484709607251e-03,2.383054366339656949e-02,1.797515792068117568e-02,-2.655454584445915943e-03,-4.578544128703416344e-03,-1.948505918377543139e-02,-9.477352357064374247e-03,-1.409863302401805074e-02,2.777356912114961607e-02,1.007852833700384823e-02,1.308766426621575316e-02,2.326388398634682535e-03
1.918070903792762696e-02,4.686113136309361105e-02,3.016392547263092166e-02,2.462587101015876329e-02,3.835663987252559831e-02,5.581013602031845849e-02,2.470253631794465041e-02,2.542882791979886661e-02,1.088017218517692009e-01,1.511480642611521263e-01,1.113080932921407251e-01,8.897959874729764740e-02,1.789222087803264971e-01,1.893019308422672353e-01,1.836177245965120441e-01,1.574827675188016085e-01,1.411734028910445193e-01,1.627415489344444799e-01,1.315724065127540920e-01,2.370998069857846724e-01,1.174816824532638748e-01,1.344991978530953036e-01,2.588875642524069987e-01,2.611936274196263175e-01,3.631306293958432296e-01,2.710802937736862539e-01,5.425233293164053450e-01,3.214417159659098688e-01,3.749040352999041259e-01,6.501891543989662958e-01,4.009492998507052097e-01,4.195867916859034596e-01,8.067259621315900908e-01,4.150199496952646228e-01,5.100823402179917032e-01,1.000000000000000000e+00,5.173505727850591374e-01,4.524770593035365995e-01,7.938393573564254124e-01,4.109949371760630021e-01,4.010999118381435302e-01,6.051818444437417899e-01,3.647667705302661267e-01,3.084719388680658980e-01,4.845201015220491070e-01,3.401562297367631271e-01,2.745690282930157156e-01,3.475023491909825513e-01,3.062880378898488742e-01,2.982562438425830909e-01,2.571469111227628335e-01,2.248161941151608501e-01,2.444778677294258962e-01,2.676291847590481221e-01,1.934038134449823365e-01,1.991725984631143032e-01,2.336128281377343741e-01,2.236158859772322260e-01,1.306624499536911121e-01,2.050742370381743451e-01,-1.376542398912161029e-03,1.876869002162455113e-01,3.794020620688928064e-02,8.567824003385692000e-02,-1.544233115042004979e-02,-6.993164642802390807e-02,5.266322985110370031e-02,9.970110175541268063e-03,1.222454627650106616e-02,7.464703614752067617e-02,5.573960261649824749e-02,7.503691689502788031e-02,5.404982849283695989e-02,3.399150100032222871e-02,-2.913672363577079344e-02,2.163842393660865560e-02,-4.213033088094229883e-02,-1.647153709972036875e-02,-2.100612496497859805e-02,-7.941748151703217906e-02,-5.850076541289743991e-03,2.979186907799727044e-02,-6.402418456037469938e-03,-3.939368538239860183e-03,-7.140108063771548330e-02,-3.942932587802186473e-02,-2.749347167242685921e-02,-6.006434725323509666e-02,-3.650527363503795752e-02,1.824799978512807799e-02,-1.767758226504464319e-02,-4.070754935569365768e-02,-5.224937022562577138e-02,-2.752524465121952008e-02,-4.441777014679901270e-02,3.283749404180087705e-02,8.032777109963515350e-02,-3.211998549027289974e-04,3.708022583933213989e-02,-3.547058631911459425e-02
6.883960619819370040e-03,4.525936211485299260e-02,4.561900988315135269e-03,9.507822253289114484e-03,3.751776927178220727e-02,6.957722713813498105e-02,2.310236748646530766e-02,2.894107188482772722e-02,1.097286950462522809e-01,1.821225616101777856e-01,8.137018698856093857e-02,1.040909400886853159e-01,1.787435282008307535e-01,2.050095330801385007e-01,2.288578144418105809e-01,2.106214205034625808e-01,1.410938846435179084e-01,2.500252755198530408e-01,1.828525655856046150e-01,2.635874090231733469e-01,2.010237820750096771e-01,1.878313054983256347e-01,2.417930598099002903e-01,2.300510986169802263e-01,4.054904649499593283e-01,3.120308592217046484e-01,3.807671355565291904e-01,5.304295212760764544e-01,3.925293219865544359e-01,4.095371462564184606e-01,6.533837396349366777e-01,4.086621063702012835e-01,4.852919664852825554e-01,8.014055745118290330e-01,5.102772423850855388e-01,5.173505727850591374e-01,1.000000000000000000e+00,5.244631653919619163e-01,5.042068177735976597e-01,8.046520800393607287e-01,4.681374908717078065e-01,4.131251260249914070e-01,6.201701548404524589e-01,3.601025725594303450e-01,3.721368996182404243e-01,5.015092152358522348e-01,1.693182174844878041e-01,2.396298855356162882e-01,3.823863119131516997e-01,2.279943356134279675e-01,2.514099040286793540e-01,3.003761233913308515e-01,2.062617723426799499e-01,2.902342428074826675e-01,2.229181619486851895e-01,1.638366421964674025e-01,2.744482882406253932e-01,2.125261111045950724e-01,1.124178592570303920e-01,2.630820430919790232e-01,6.472441269244685880e-02,2.166550586323201799e-01,9.369376959601496968e-02,1.275487307788751024e-01,-5.632121055481126293e-02,-8.445872242700604160e-02,1.303902278181838514e-01,1.901894952612444983e-02,5.913388916042518206e-02,1.136219218274127085e-01,1.038424094731942582e-01,6.448938907225389150e-02,1.290497031270250172e-01,1.500820805915919348e-02,-4.255953695583628710e-02,-4.788522929137576691e-03,-3.196559198654926048e-02,1.455490062536739064e-02,2.292957848204655799e-02,-7.218436534040841013e-02,4.307813884725533032e-02,-1.217110176576699683e-02,-1.785728007618198401e-02,-3.144739853590402395e-02,-5.566606381987339314e-02,4.370241673984663622e-03,-4.414067571887301221e-03,-5.612011569222709328e-02,3.067968233659925520e-03,1.341887544712969116e-02,1.693896528797821446e-02,-1.644044252892333264e-03,-3.104247034471202776e-04,-1.689366614115537721e-02,-2.137977096589020048e-02,3.407004301583822954e-03,3.717505769516649128e-02,1.935135417285443332e-02,2.792411703758732391e-02,4.268182592325900707e-03
-2.679598267463101369e-02,-2.403429705846386443e-03,-4.144084700613343691e-02,-3.164308649369670240e-02,3.473232839673493638e-02,4.491446611019336843e-02,2.107546781991080642e-02,1.035946560751178393e-02,9.780294891127755408e-02,9.544053047855753646e-02,6.948014030306520761e-02,5.086735559781391941e-02,1.179860588288074164e-01,1.425508241264668019e-01,1.538967765856480152e-01,9.911811714423600372e-02,1.009758565102686773e-01,1.621064711907739819e-01,1.308984177688929107e-01,2.063915426706973977e-01,1.183290479497053627e-01,1.231404990778480757e-01,2.004718849494585564e-01,2.796341280168602172e-01,2.783746646473831410e-01,3.506010701941013608e-01,3.510986336579358102e-01,3.402871171505926773e-01,5.358676402477591250e-01,3.586464524933193898e-01,3.955613760992062189e-01,6.382967024283396906e-01,4.333571756743493375e-01,4.373606056161061240e-01,8.036112962202952570e-01,4.524770593035365995e-01,5.244631653919619163e-01,1.000000000000000000e+00,5.163898153373570610e-01,4.390948352950919120e-01,7.554511239841091852e-01,3.985339842627682039e-01,3.835665022739486174e-01,5.513255447406478771e-01,3.291968393888449751e-01,4.278214385308063417e-01,3.973028435150436355e-01,1.968088400514785563e-01,3.121399670784695823e-01,2.672226243033106186e-01,1.330671186886502599e-01,2.222970523335029425e-01,2.183350197298211115e-01,1.896001000424304139e-01,1.965865461485586385e-01,1.406438551441689389e-01,1.709561893882485251e-01,2.004374485440751641e-01,7.135389972399530656e-02,1.814641741604004210e-01,5.639677981988221699e-03,1.559280709650484320e-01,7.512735242906071198e-02,1.046002516330720999e-01,-6.540695690926097428e-02,-7.716221838163181412e-02,1.127055937418536408e-01,2.727123161412470936e-02,3.529108315321898698e-02,1.103546101148881325e-01,1.172345912706214272e-01,5.303675565187202651e-02,1.361316050286492108e-01,1.538996450209408236e-02,-3.408574841235958996e-02,1.115706596831931782e-02,-2.797600361869543445e-02,3.234106727148384347e-02,1.636589323121880740e-02,-3.337923982916546350e-02,-4.069384915923406239e-03,-1.538171325116450758e-02,-4.330947277829751835e-02,-4.742332117374259415e-02,-8.892966697943026355e-02,-9.110701412482000508e-03,-2.899616778419841778e-02,-8.132320255986633106e-02,2.233957573245396594e-02,1.707066777014408510e-02,2.925292394194142082e-02,7.414865512165548338e-03,1.437722032081313259e-02,-2.481553136862947595e-02,-1.478431643752702723e-04,-2.607851295124391858e-02,1.479212112484402757e-02,2.137155587395186615e-02,8.639358666070011405e-03,1.315541362145356691e-02
1.623643802131024758e-02,3.212431252031380802e-02,1.517393466325936413e-02,3.550149332594026985e-02,1.974863498831457356e-02,4.552803588883370250e-02,6.644653872038073193e-03,1.842478700509699724e-02,9.637489207953131576e-02,1.455113352372519042e-01,1.007563663604539583e-01,7.369093140014848498e-02,1.733679653023466882e-01,1.845804021255061100e-01,1.717873513623645321e-01,1.537542596043064702e-01,1.291758566034568456e-01,1.393797397748988420e-01,1.455454902758679669e-01,2.052240552006591168e-01,1.259388281398119147e-01,1.355623575481041676e-01,2.228916250392638243e-01,2.105375400987068712e-01,3.122100927180859187e-01,2.284279527563433110e-01,4.472327277623058817e-01,2.901760210795012451e-01,3.244396086887147423e-01,5.288353321021553866e-01,3.597537578901216504e-01,3.588535963087727265e-01,6.528065177855353340e-01,3.841629936242987320e-01,4.330235103877154712e-01,7.938393573564254124e-01,5.042068177735976597e-01,5.163898153373570610e-01,1.000000000000000000e+00,5.001854735226765047e-01,4.854526190657315610e-01,7.490418497647344243e-01,4.497539864228072282e-01,3.803903805210669953e-01,5.948130756643443817e-01,4.169952130144903846e-01,3.371516979548357384e-01,4.316157575940818836e-01,3.685795166209837603e-01,3.593614651115338288e-01,3.203487809599363523e-01,2.701194700338189758e-01,2.994997875328961334e-01,3.202999552079510703e-01,2.178957181406469545e-01,2.322437502568217571e-01,2.868401708478179879e-01,2.518643249734396905e-01,1.642239144415240659e-01,2.393367071507003230e-01,2.071836860201894601e-02,2.163201425335843364e-01,5.798635392370082159e-02,1.272376324193554842e-01,-8.389428752847882115e-03,-8.920957770999922432e-02,7.106855746574175514e-02,3.548242281243609714e-02,2.050217417957413829e-02,9.157423599967340344e-02,5.977216784492259127e-02,9.726256576664535358e-02,5.481443871674820251e-02,3.821250508162595677e-02,-3.022434701189383871e-02,2.561023732571433148e-02,-3.302457593215656767e-02,7.955693726092026574e-03,-2.563975022050863500e-02,-7.197987845880851610e-02,-1.356006044687384747e-02,2.431633187225435908e-02,-5.806872836859806181e-02,-2.668528425614890079e-02,-7.327645130508504689e-02,-3.144329319171972059e-02,-1.303502533813157525e-02,-4.263476400521652027e-02,-4.202018531532415724e-02,2.363469389946829327e-02,-1.935197449629735486e-02,-3.059689148670007020e-02,-5.793691996159879704e-02,-2.293228732147674712e-02,-6.612169632681422216e-02,3.248696063672885936e-02,8.941435089611948772e-02,-9.464169732786523875e-03,2.021857130042259074e-02,-5.651108786664718608e-02
2.490272782474127131e-02,4.748637809437437907e-02,1.433090016530466117e-02,2.986976023114736034e-02,2.718267491073564704e-02,5.851200112012421711e-02,2.000837698638236947e-02,2.902288977809811682e-02,9.611173127758504409e-02,1.822197923924591678e-01,8.083656382290861642e-02,9.061287291709831104e-02,1.785870670496424728e-01,1.880613376794836866e-01,2.049698542259427436e-01,1.947825357402874491e-01,1.139420840332839024e-01,2.198506972260985126e-01,1.692280641726660873e-01,2.188741733127890776e-01,1.906025382006673041e-01,1.532914052467287402e-01,2.043735115473857555e-01,1.977697987063132545e-01,3.563946886896764976e-01,2.622720162492633844e-01,3.260476007010852384e-01,4.478138908126880202e-01,3.351279712943711631e-01,3.440583676549887615e-01,5.391642600704105170e-01,3.458994594755084862e-01,3.931772117369368713e-01,6.528300510018996139e-01,4.206277956923898387e-01,4.109949371760630021e-01,8.046520800393607287e-01,4.390948352950919120e-01,5.001854735226765047e-01,1.000000000000000000e+00,5.165298076890241230e-01,4.490738632970762145e-01,7.530301487576116504e-01,4.103279366411187179e-01,4.119066645917817682e-01,5.851617860739463106e-01,1.694360791411865519e-01,2.628318014012297477e-01,4.273681961701064624e-01,2.453496463544742046e-01,2.905407140978127356e-01,3.359300638393168947e-01,2.263399712871468628e-01,3.247434899186233404e-01,2.342664796805481453e-01,1.675559938341263932e-01,3.082410788239297039e-01,2.247406628354172986e-01,1.253416433786168627e-01,2.977534516951440002e-01,7.997685220949900253e-02,2.481416767470833729e-01,1.005468164065788234e-01,1.594511233998046895e-01,-5.811925394124515393e-02,-1.012019954163542040e-01,1.469785199602999803e-01,3.292456274313163705e-02,6.574501759381265464e-02,1.268128865884066148e-01,9.728735098987920105e-02,7.224388432267600524e-02,1.308025312684453212e-01,7.317763416068067718e-03,-5.304376959988146845e-02,-2.325349507736000285e-02,-3.895421972422732915e-02,1.673266142824528582e-02,6.470803496550938186e-03,-8.955587958857721964e-02,3.534578302150459539e-02,-2.704151617640550981e-02,-5.231145054598147076e-02,-4.827955215614984641e-02,-7.708995585484938740e-02,-1.308837220730162468e-02,-2.346634754310670742e-02,-4.765715077174593334e-02,1.019362913738424119e-03,-9.294135366114086557e-04,8.123117652094544172e-03,-1.782527147508571747e-02,-1.458848614082186058e-02,-1.838920221114908812e-02,-1.675762324552982144e-02,8.036289763237744119e-03,4.035889491255142958e-02,3.282661205428786394e-02,4.221623146536656462e-02,-2.561752086973851338e-03
-1.028467630945199135e-02,1.094912272208374386e-02,-5.204426948037730628e-03,7.159948894765058233e-03,2.732279843618564547e-02,2.648987588766685622e-02,2.109393322508819335e-02,8.713892955403252597e-04,6.432242460964204822e-02,7.678368722807439595e-02,6.386287949923663554e-02,4.884123374228629272e-02,9.005234559893783575e-02,1.060188154180608522e-01,1.215166678699106800e-01,8.018106556747979508e-02,5.692129131948255732e-02,1.335526850609680682e-01,1.262117043393126969e-01,1.717122156430490321e-01,1.286972121413007264e-01,1.059465402319768185e-01,1.705664690281216700e-01,2.230289946300573201e-01,2.407439266017103729e-01,2.791816912071978241e-01,2.952289411200059721e-01,2.841857785480269571e-01,4.234601563203438390e-01,3.076891541823211784e-01,3.350553619496519642e-01,4.979742560294899145e-01,3.784901189961334400e-01,3.846698651952435988e-01,6.261637579729967262e-01,4.010999118381435302e-01,4.681374908717078065e-01,7.554511239841091852e-01,4.854526190657315610e-01,5.165298076890241230e-01,1.000000000000000000e+00,5.051121613424064405e-01,4.776146896731829905e-01,7.300655196879660691e-01,4.076508307970153622e-01,5.393512241689010223e-01,5.151138351840091056e-01,2.423542492151628536e-01,3.869177772385594127e-01,3.451658094695664869e-01,1.557029642187818530e-01,2.744779942980261067e-01,2.893614987886344303e-01,2.188338670499229421e-01,2.574336534258171993e-01,1.958189094714613276e-01,2.185684943394577140e-01,2.487838956114223066e-01,9.801896429783645004e-02,2.090892369430254194e-01,2.352913183541691794e-02,1.750967258163567963e-01,9.351941549333560311e-02,1.482885756714108494e-01,-5.210932986744314099e-02,-8.859610192245591376e-02,1.223480037860152497e-01,3.309187462055318552e-02,3.338638487268388161e-02,1.167539481542307078e-01,1.103547659252501062e-01,6.559766137706131428e-02,1.154882333642114484e-01,1.171634712766440184e-02,-4.574947226371400139e-02,1.821360617011710337e-03,-4.788097034847157291e-02,2.887283027857943940e-02,-3.473757558210404609e-03,-4.025270939760521721e-02,-4.405003282257375676e-03,-4.215135281808972401e-02,-9.274812185965743139e-02,-8.348278513708136395e-02,-1.165343057919512731e-01,-2.928406876468028081e-02,-3.574022503813026330e-02,-6.846778586521763688e-02,3.161959493247849806e-02,1.047284079929564418e-02,4.125444452678165425e-02,2.289640148143252951e-02,3.773515602282774550e-02,-2.623780904464899366e-02,1.536259106286206461e-02,-4.222967072989661924e-02,-5.751323986546440052e-03,3.988936621856136594e-02,3.906170304364834159e-03,1.190306349716172864e-02
1.834279733372771656e-02,3.931254357875870603e-02,3.649823741953202305e-02,5.371497172623086042e-02,1.540014002605227632e-02,6.285969015523268366e-02,1.096120231799322005e-02,2.730138435128787525e-02,9.773884054405158894e-02,1.275375188688920025e-01,1.147038545575588542e-01,8.709391429863683198e-02,1.378165694951103137e-01,1.373361303750740836e-01,1.357429338502474658e-01,1.140251012606826736e-01,8.704774698038965364e-02,1.102358126663633281e-01,1.134801260134865597e-01,1.385318297861156955e-01,9.435078802144504506e-02,9.302751787694794883e-02,1.585168785597516894e-01,1.714337867715250152e-01,2.604760577178176773e-01,1.819467922131211279e-01,3.673242702016875638e-01,2.568114906179443380e-01,2.677819674791186988e-01,4.207800339836094694e-01,3.042591399404563912e-01,2.855322720371118450e-01,5.066560765054396454e-01,3.294262396571511209e-01,3.448851872785506090e-01,6.051818444437417899e-01,4.131251260249914070e-01,3.985339842627682039e-01,7.490418497647344243e-01,4.490738632970762145e-01,5.051121613424064405e-01,1.000000000000000000e+00,5.165455304861593655e-01,4.393169384876038919e-01,7.815274346146861006e-01,4.891444292165360586e-01,4.270635608078303114e-01,5.906449819814576507e-01,4.306658570273937947e-01,4.711792876831699672e-01,4.251295904190080521e-01,3.170872385464426069e-01,3.978351756646574811e-01,3.932398362750227361e-01,2.403843274903701421e-01,2.785929183625454608e-01,3.362945938704894888e-01,2.833935915246633686e-01,2.033176765659933105e-01,2.736204910413938540e-01,3.339644102487115962e-02,2.517015634088964893e-01,7.638799652067407298e-02,1.620362412152491771e-01,-4.225501695737186869e-02,-1.083515112457909407e-01,7.902963763162966504e-02,3.419773398241302692e-02,2.534675582691368195e-02,8.672434507372513146e-02,2.901056917355513895e-02,9.149946730708199971e-02,2.655156670150592493e-02,9.650928915437459801e-03,-3.724262739509780207e-02,1.586984846574963220e-02,-3.519646706030179345e-02,-2.611456872991981936e-03,-5.270448978157771247e-02,-8.428766753384943355e-02,-2.800260313465063530e-02,-2.506342613465699018e-02,-1.332170789491076424e-01,-5.720318347558767114e-02,-1.188878183727153232e-01,-6.006470879950345787e-02,-4.140104508844772574e-02,-3.171407916784076131e-02,-2.764115579371854980e-02,1.469394912446375656e-02,-1.062327801108698191e-02,-1.715253313643900698e-02,-3.455609554253337434e-02,-1.307597769548319612e-02,-3.790463437387373707e-02,2.236135461133919797e-02,6.521801983438531292e-02,-7.000663312561938856e-03,1.745153445455523145e-02,-5.224433624211868854e-02
4.938294378091641346e-02,5.795329408820452943e-02,3.707163566511426783e-02,6.240504080937626236e-02,3.960868582464902032e-02,8.438300066483496453e-02,3.465522817393022065e-02,3.454831308236096243e-02,1.183664775644559380e-01,1.744337431498761970e-01,1.011256921158139727e-01,7.863155987733647101e-02,1.649980007178087071e-01,1.447430902834185573e-01,1.639211283353562421e-01,1.411847851110074048e-01,1.003418472682484214e-01,1.684109794568337815e-01,1.639178404140275991e-01,1.898688817502081627e-01,1.758039521006225514e-01,1.249741910731653194e-01,1.655456345833737630e-01,1.585977358844570528e-01,2.827657859615143598e-01,2.121795578825031448e-01,2.690380536894744212e-01,3.445325324769744069e-01,2.777703472432805354e-01,2.882986774925876960e-01,4.124868323942876835e-01,2.940659122570596362e-01,3.365437108257456900e-01,4.999566411306700653e-01,3.553549694436046180e-01,3.647667705302661267e-01,6.201701548404524589e-01,3.835665022739486174e-01,4.497539864228072282e-01,7.530301487576116504e-01,4.776146896731829905e-01,5.165455304861593655e-01,1.000000000000000000e+00,5.292191030206037095e-01,4.989382459159978911e-01,7.591820893615436328e-01,1.909716027624354939e-01,3.011777416071912405e-01,4.932611776910206802e-01,2.701765507834338331e-01,3.342886278404122447e-01,3.922192226437935525e-01,2.591317570496569633e-01,3.672418762300693751e-01,2.719935380443493922e-01,1.999598548684880239e-01,3.498859231557598926e-01,2.735244565775248327e-01,1.605003926987555729e-01,3.222195425781614331e-01,6.908004545025375753e-02,2.752343342044886176e-01,9.731850846189471493e-02,1.819131251561857676e-01,-4.319265152385309836e-02,-1.083210754506997997e-01,1.606667952857357140e-01,5.238509128128875786e-02,7.728994222820688431e-02,1.463206725317090784e-01,8.025901129281934332e-02,9.151304953159808409e-02,1.289622831644116896e-01,5.122406108179848594e-02,-2.158241689728781706e-02,-2.615841415715311393e-03,-2.424749411932951293e-02,9.944883923226800412e-03,-1.399521798224444584e-03,-9.648215432526573154e-02,3.714307688529033813e-02,-8.179813920045813161e-03,-6.878793541807265433e-02,-1.443502992661087683e-02,-9.899436786604229321e-02,-6.022029389749228995e-02,-6.266510693087551376e-02,-7.434087142667594739e-02,-3.212432483204934186e-02,-3.347900274164680029e-02,-3.011282410738327919e-02,-2.064508720032073516e-02,-2.356819461031171500e-02,1.561309140607885886e-02,5.063910216658957728e-03,3.436651594758239475e-02,2.652578425212618121e-02,9.311914227875361504e-04,3.786825557917912477e-02,-1.055431497478243053e-02
7.672255480824822886e-03,2.443614196713215364e-02,2.598246086970949081e-02,2.961219472680079803e-02,1.334499373311661199e-02,1.541217418890627154e-02,3.513833271956530923e-04,6.568015317105592617e-03,3.974695626236717655e-02,7.442689663284965396e-02,5.760499186396340204e-02,3.382889516148580161e-02,7.883323605843806092e-02,4.824593473917003494e-02,8.405681999662042991e-02,3.346618039123405025e-02,5.696425152134495379e-02,9.198992499702791925e-02,1.024958451117730929e-01,1.084001299783834693e-01,8.575524073995742513e-02,7.431733721700913009e-02,1.049341246678847789e-01,1.577063637473438140e-01,1.749163923164967493e-01,1.929354023991234623e-01,2.321129076769055388e-01,2.048398754602120675e-01,3.013692446984222451e-01,2.431460659221119369e-01,2.403326980879282593e-01,3.548476042091288640e-01,2.860745187677268819e-01,2.912537574510322136e-01,4.563223295982784533e-01,3.084719388680658980e-01,3.601025725594303450e-01,5.513255447406478771e-01,3.803903805210669953e-01,4.103279366411187179e-01,7.300655196879660691e-01,4.393169384876038919e-01,5.292191030206037095e-01,1.000000000000000000e+00,4.972917530386685714e-01,6.676075318732337394e-01,7.014575731595849017e-01,2.940042133160383209e-01,4.606645417311630575e-01,4.552134756911601632e-01,1.722992204809934980e-01,3.291996203891753292e-01,3.673172994263634861e-01,2.533501465361406302e-01,3.204872515032247127e-01,2.570692760825981638e-01,2.592784493053237882e-01,3.185191974181204033e-01,1.403162882907089959e-01,2.324151776978417572e-01,7.244392316938667691e-03,1.902756764389728905e-01,9.397574690613400006e-02,1.675955284237272136e-01,-4.407705822087915060e-02,-9.547526962691608998e-02,1.377443799254971235e-01,6.327286849928986934e-02,3.827677528477772123e-02,1.372879875435822072e-01,1.010383478893756432e-01,8.632637666715134439e-02,1.138294470672556458e-01,3.457048700265111241e-02,-3.718782877287756666e-02,1.027386041835465398e-02,-2.661560981162030062e-02,4.312671630244372528e-02,1.334715439954007980e-02,-3.969619945913448189e-02,8.032890783639506579e-03,-5.369739155563965465e-03,-1.098896864792476419e-01,-6.566731979705203726e-02,-1.474460846065439867e-01,-6.311773258843836332e-02,-6.767385978242246303e-02,-7.726269595531969070e-02,1.368840905382369844e-03,-1.643896317051718806e-02,-4.474694430351800292e-04,6.226115964544033134e-03,1.608883009095421132e-02,3.939420770089283041e-03,2.765003379939632092e-02,-9.692156598910463272e-03,-7.998029342401995895e-03,7.217729169648330091e-03,8.779992561133502862e-03,-9.357188534870603328e-03
2.040728826818094879e-02,4.281937906046303505e-02,4.199380960035478672e-02,6.430367137253295562e-02,1.978136792650191794e-02,3.769748683367542957e-02,-6.474722319086992535e-03,3.744819055364066729e-02,6.352592147390342947e-02,9.293621672843833947e-02,7.382087028848177690e-02,5.434420690552008160e-02,1.017924510663561072e-01,1.032041433661526481e-01,9.869806051433320515e-02,8.052087368042110116e-02,6.019159552205871622e-02,8.057770184313818584e-02,1.071401722885476498e-01,1.232933627339781180e-01,8.348334743654396706e-02,7.014790374310582444e-02,1.460373137627563045e-01,1.442814440742693771e-01,2.141836527421889513e-01,1.466892054939688550e-01,3.067101240963334696e-01,2.303964164091688582e-01,2.203036770428163926e-01,3.546289629313056357e-01,2.682526422899053631e-01,2.350458319162384568e-01,4.147433189344107429e-01,3.003999382542456020e-01,2.903055264451870898e-01,4.845201015220491070e-01,3.721368996182404243e-01,3.291968393888449751e-01,5.948130756643443817e-01,4.119066645917817682e-01,4.076508307970153622e-01,7.815274346146861006e-01,4.989382459159978911e-01,4.972917530386685714e-01,1.000000000000000000e+00,5.956894902614979781e-01,5.177624990216895817e-01,7.395550257029984698e-01,5.027075883448460791e-01,5.732793178293910108e-01,5.238279985900202718e-01,3.612280376545081717e-01,4.796191687448977947e-01,4.599588114644423964e-01,2.539335922876230223e-01,3.233227795202531230e-01,3.863450881825568617e-01,3.114394021292749559e-01,2.561197045368243108e-01,3.020294320515752862e-01,4.187873254407313561e-02,2.843647277101182813e-01,9.084848757958065291e-02,1.929559890180738424e-01,-5.924008468469688093e-02,-1.195004119799206593e-01,1.034039770130928404e-01,4.492784224794928172e-02,3.199401452278589908e-02,1.115617691439474979e-01,3.200090645565346198e-02,1.018790572594927835e-01,2.471197490345484679e-02,3.728304677098643466e-02,-3.371982502231306994e-02,2.871051567585964498e-02,-1.981697395595198238e-02,4.486784621855285753e-03,-4.047246979902629355e-02,-6.401437863413826646e-02,-1.990030210438513067e-02,-1.683881865337769762e-02,-1.329689931696205751e-01,-3.614595904026868256e-02,-1.183047759973599039e-01,-6.677927458976197495e-02,-5.015795197839516273e-02,-5.715475640315697409e-02,-5.801437919613968569e-02,-2.037889778476517384e-03,-3.593130666117758804e-02,-2.176903944720589776e-02,-4.949022146697711066e-02,1.190288038189911413e-02,-3.195689236376041131e-02,5.148918964779328894e-02,6.961823209156457748e-02,-3.256445089688350669e-02,1.767482857257294052e-02,-6.232783939121075423e-02
4.526288400562624575e-02,5.390700415247224458e-02,4.702177740993868094e-02,7.000428379836380610e-02,3.453132935410921367e-02,5.858593878606058181e-02,2.320993735401482780e-02,3.908864079831239624e-02,8.018815120785256767e-02,1.228424742259960761e-01,7.240739506191154473e-02,5.469067291559302768e-02,1.122535090312750394e-01,9.706926339110356905e-02,1.185205099629535325e-01,9.210366819819779116e-02,8.594741287463347756e-02,1.153194623963389731e-01,1.380718651413633258e-01,1.519503525077318395e-01,1.391538210181298696e-01,1.041192614857353038e-01,1.377078208138312609e-01,1.437098254340015147e-01,2.285985012735139432e-01,1.873682665361480759e-01,2.573391580947478330e-01,2.685287015989819559e-01,2.625450230900179815e-01,2.754720132838162083e-01,3.257108560304385891e-01,2.920052224664984597e-01,3.105499257055702733e-01,4.051275497142765580e-01,3.734778318826370569e-01,3.401562297367631271e-01,5.015092152358522348e-01,4.278214385308063417e-01,4.169952130144903846e-01,5.851617860739463106e-01,5.393512241689010223e-01,4.891444292165360586e-01,7.591820893615436328e-01,6.676075318732337394e-01,5.956894902614979781e-01,1.000000000000000000e+00,4.918096153111233826e-01,3.747439772057640783e-01,6.279687548083242588e-01,4.241414194347797872e-01,3.354176726730270786e-01,4.774617094647242710e-01,3.726741241195903331e-01,4.062397449211808675e-01,3.732525034463437530e-01,2.742671780052818309e-01,3.894551144145828037e-01,3.591622440512119430e-01,1.840003862058971762e-01,3.536642700891885482e-01,6.860745825993717906e-02,3.014401831155280043e-01,1.222634209974054198e-01,2.031887180353334765e-01,-5.391038740027231935e-02,-1.074882003437810374e-01,1.817773309359018985e-01,6.507915722699848804e-02,7.036427018762735075e-02,1.777973258129738887e-01,1.059021035164752489e-01,1.199307549595727135e-01,1.312271718684587252e-01,5.192152141339501092e-02,-3.125411612132593386e-02,2.363643419087431419e-02,-2.866700266254994939e-02,2.666296053355680928e-02,-1.194008730790560406e-02,-7.286110066800390028e-02,2.518757872409135845e-02,-2.837789264443631165e-02,-1.112775788300269381e-01,-3.562510689823497612e-02,-1.426587973350685878e-01,-7.726887155071783531e-02,-7.179211314229727581e-02,-8.389636447182542700e-02,-3.991973055969560286e-02,-3.162378842630551162e-02,-3.272258130598911657e-02,-8.505225189478623701e-03,-1.611474116804948592e-02,1.941630938507776100e-02,8.918087270061346439e-03,2.842354148319399879e-02,1.670878246215795615e-02,-1.812386604537846030e-02,1.457438314914429218e-02,-3.472870833771553312e-02
-1.120416309064895845e-02,1.761544681027853165e-02,3.291032234470633172e-02,1.597407046149594209e-02,-1.374393088823656342e-03,-2.151553369343613478e-02,-1.382531601760765214e-02,1.025921786501352538e-02,-2.658863622304676565e-03,1.236841379014847961e-02,2.707735929625686155e-02,1.292510554082821304e-02,1.162411441430004008e-02,-9.260586287450337309e-03,2.816221951394341783e-02,-3.191801832566971975e-02,1.525951780020458511e-02,2.291336644196228373e-02,6.797446792836928098e-02,5.231279094518934136e-02,2.144422600569609663e-02,6.244029665501767135e-02,6.294887671877495705e-02,1.105897825960202863e-01,1.071847784886753446e-01,1.176871400365511883e-01,2.026518419260424364e-01,1.021134070289981544e-01,2.037254567256933380e-01,2.102252897590732861e-01,1.120346206717246773e-01,2.406661661918716444e-01,2.426500887046011135e-01,1.338682286882704464e-01,3.212808061484423994e-01,2.745690282930157156e-01,1.693182174844878041e-01,3.973028435150436355e-01,3.371516979548357384e-01,1.694360791411865519e-01,5.151138351840091056e-01,4.270635608078303114e-01,1.909716027624354939e-01,7.014575731595849017e-01,5.177624990216895817e-01,4.918096153111233826e-01,1.000000000000000000e+00,4.757872327453844252e-01,4.468767753408453558e-01,6.445614187377229909e-01,1.844973008544724125e-01,2.757002848750636503e-01,4.851838734710721135e-01,2.305385513429707434e-01,3.095475667869583836e-01,3.248950087706383716e-01,2.192851601137538464e-01,3.248024607313389489e-01,1.814569408123389016e-01,1.620416947453251766e-01,-3.625277426082139376e-02,1.406669683241879854e-01,5.682375540311541268e-02,1.327794926734899295e-01,-3.838408776551810453e-02,-8.427721499823186135e-02,8.438143671979181359e-02,3.293949225090011396e-02,-8.951939190387966363e-04,9.032543106733596783e-02,5.495054292040803950e-02,6.684823124177896592e-02,4.047781513948571497e-02,8.250104941078521825e-03,-2.539947481702044957e-02,3.118087901911133220e-02,-6.883948530758657487e-03,5.264730624388835184e-02,-7.309873318189725805e-04,-1.013948417300062840e-02,-1.461829826449767729e-02,-1.764961050239285826e-03,-1.325021551161040534e-01,-5.929058727298441162e-02,-1.506568070349853239e-01,-7.618103790872164660e-02,-6.425297932085455299e-02,-6.572121166862301966e-02,-2.171675579520627314e-02,-2.056501872638399897e-02,-2.103814107083186793e-02,-7.372163374015052589e-03,-3.965020208578595891e-03,9.182550908553249389e-03,3.052420726437295173e-02,1.516701810708049290e-02,7.397190447493073515e-03,-1.133218467250148020e-02,1.185378188761944743e-02,-2.001637653704295763e-02
5.707146518479476981e-03,3.722852993945693911e-02,5.647654782202594925e-02,4.873254546295258116e-02,7.784064798334323606e-04,2.170458585553292075e-02,-2.000856243281600236e-02,3.243133906306715913e-02,3.645290304491909106e-02,5.773365353083476093e-02,4.058816449501364415e-02,4.955896041744139308e-02,5.233950855630912363e-02,6.687782533520968131e-02,4.227860875097376459e-02,3.550252852029522899e-02,3.856190547684074099e-02,4.166018313282342234e-02,7.134403033786895776e-02,6.526123694929854280e-02,1.958372202597580269e-02,3.558221574326677489e-02,1.018433643260396732e-01,1.044108359671307856e-01,1.407567754070978006e-01,8.866698795339386652e-02,2.097408650678930508e-01,1.609627055366355808e-01,1.365835264081636247e-01,2.470206092510952578e-01,1.811570589591668667e-01,1.448985469259723713e-01,2.946378740465038781e-01,2.004489395560412890e-01,1.766716265540905495e-01,3.475023491909825513e-01,2.396298855356162882e-01,1.968088400514785563e-01,4.316157575940818836e-01,2.628318014012297477e-01,2.423542492151628536e-01,5.906449819814576507e-01,3.011777416071912405e-01,2.940042133160383209e-01,7.395550257029984698e-01,3.747439772057640783e-01,4.757872327453844252e-01,1.000000000000000000e+00,4.930241048039525897e-01,6.784957792771558749e-01,6.793658797255928139e-01,3.310353219074231856e-01,5.546120613088109108e-01,5.132977898137977002e-01,1.844367419956381426e-01,3.522655419652261366e-01,3.922526520372506820e-01,2.830571675200039272e-01,3.165785710614256176e-01,2.727684278496556036e-01,2.622903099810680247e-02,2.627181232987385595e-01,1.007562458336497685e-01,1.789892280287636861e-01,-5.551373582431610998e-02,-9.961902554326666770e-02,1.206643008074211598e-01,5.792282842307063667e-02,4.856794829683881709e-02,1.278550954592149180e-01,4.159946924193747009e-02,8.864627077484157902e-02,4.191561103706514108e-02,6.175310730397187697e-02,-5.083960114011155246e-02,1.710178411140644492e-02,-2.352097809372477935e-02,1.041261827115422950e-02,-3.216137089869756244e-02,-3.903773552383608958e-02,-7.115826840118078846e-03,-1.054190164955690935e-02,-1.327496396019423597e-01,-1.973880667120492954e-02,-1.160406846253952129e-01,-4.872111829383492243e-02,-5.410810916189073144e-02,-5.417350579480206124e-02,-5.055048193305050619e-02,-7.751496350925560393e-03,-3.912829093465059610e-02,-2.520154440972469448e-02,-5.435950397251929078e-02,1.057125736101375071e-02,-2.625015332997799114e-02,5.985527415185808858e-02,6.630978862945045849e-02,-2.502190672399599858e-02,3.188558307616581877e-02,-6.431588114636879738e-02
4.564632429403178704e-02,7.844555231375838211e-02,6.431598929020773681e-02,7.451905708157528785e-02,4.790666178659676311e-02,5.268704076861280977e-02,2.596335781677923393e-02,6.366050929809195791e-02,7.462371817922895667e-02,1.172163531652226504e-01,7.133614753358565042e-02,8.195120980203739192e-02,1.254379877550886035e-01,8.312175985529798861e-02,1.288022271234484650e-01,8.824434225619724737e-02,5.835635936498009130e-02,1.239946587776483977e-01,1.314315942104544999e-01,1.246196261526829746e-01,1.244526228916612853e-01,9.356963775773624592e-02,1.374035172626403567e-01,1.251615997042561101e-01,1.779477784964298148e-01,1.375158753704516790e-01,2.229529994091442591e-01,2.022856682465101752e-01,2.139139297583681210e-01,2.424813648895727813e-01,2.466363999310564048e-01,2.264141465878874715e-01,2.756391148763517873e-01,3.120395319757807706e-01,2.760778977533298040e-01,3.062880378898488742e-01,3.823863119131516997e-01,3.121399670784695823e-01,3.685795166209837603e-01,4.273681961701064624e-01,3.869177772385594127e-01,4.306658570273937947e-01,4.932611776910206802e-01,4.606645417311630575e-01,5.027075883448460791e-01,6.279687548083242588e-01,4.468767753408453558e-01,4.930241048039525897e-01,1.000000000000000000e+00,5.999499470166470561e-01,5.027616985052976162e-01,7.505155347157305146e-01,4.960411890065535290e-01,5.645978399796013347e-01,5.104237905531717745e-01,3.299984328072423367e-01,4.699012578099348580e-01,4.447586515268685536e-01,2.057872971255569616e-01,4.149695550159031576e-01,1.001760470053108532e-01,3.461137760961277010e-01,1.557902115527907971e-01,2.339478790416236464e-01,-1.373707303475096841e-01,-1.495956035372406623e-01,1.760710741042006422e-01,6.074022128215419286e-02,3.603126039778514061e-02,1.693235387937098158e-01,1.261730760000124019e-01,1.275038564388006612e-01,1.406942974471848407e-01,6.573552287045335285e-02,-3.279099807513739806e-02,2.938965812141557457e-02,-2.718141760686440794e-03,3.542404795769894810e-02,6.256844728014806546e-03,-6.874729892115440111e-02,6.003349239822873204e-03,-2.645615401715961310e-02,-8.950259120675339852e-02,-6.181106073441180321e-02,-1.092602939167292980e-01,-6.325095722126728402e-03,-4.370585782690457333e-02,-2.744998572832360248e-02,2.712608398670185873e-03,-6.530708701139162874e-03,9.830103583440452826e-04,-3.970250342716417913e-02,-2.098027643284715651e-02,-1.925751387760609237e-02,1.328777407331396300e-02,2.869817759169094457e-02,3.503031740083739631e-02,1.998426933496932206e-02,5.901064261197633276e-02,-3.934133358512945794e-02
1.180983778832709122e-02,4.788174005718377757e-02,6.782461916100068766e-02,3.401175797941662082e-02,8.350438145222609937e-03,1.972119941105065707e-02,-1.420229413264756206e-02,2.652888893464737732e-02,3.431683289300231643e-02,5.927380180181692632e-02,4.282372217276805143e-02,5.374249458658595519e-02,6.326228865906616261e-02,4.258605023922138605e-02,6.529066458153674757e-02,2.279344698526002480e-02,3.480566061805753092e-02,6.959393053186378741e-02,7.954620672004543425e-02,6.248545247809816211e-02,5.286941802158048875e-02,4.490191802916544683e-02,8.594504913310209437e-02,9.285175512148870214e-02,1.158893081708039924e-01,8.083723807364037728e-02,1.970485861357846591e-01,1.209870049172682149e-01,1.449762542124727327e-01,2.164787719104860342e-01,1.403091465657366477e-01,1.700004974551674042e-01,2.527703613767232627e-01,1.854190515768499581e-01,2.212950706301748949e-01,2.982562438425830909e-01,2.279943356134279675e-01,2.672226243033106186e-01,3.593614651115338288e-01,2.453496463544742046e-01,3.451658094695664869e-01,4.711792876831699672e-01,2.701765507834338331e-01,4.552134756911601632e-01,5.732793178293910108e-01,4.241414194347797872e-01,6.445614187377229909e-01,6.784957792771558749e-01,5.999499470166470561e-01,1.000000000000000000e+00,4.960487089611254063e-01,4.016286601956179370e-01,7.454927665275082882e-01,4.474998162264620105e-01,3.680645626109382840e-01,5.157951269699229124e-01,3.963532014986050900e-01,4.391071738820541137e-01,3.568757518435270448e-01,2.610506941564724737e-01,-3.908278241326135216e-02,2.490688289596847682e-01,1.133975303227268833e-01,1.635334468735656077e-01,-6.476842392889942124e-02,-7.101659376502578169e-02,1.497453134663376539e-01,6.460987454681180187e-02,2.592187147107481021e-02,1.493850311832837785e-01,9.822742046523326442e-02,9.942957883098341165e-02,7.371709181450980530e-02,7.187382090433694359e-02,-1.538219548787582956e-02,5.386729021116206523e-02,2.691389561924968990e-02,5.223694188492122858e-02,-1.069071614023962315e-02,-4.327629863392954551e-02,2.351943233039343467e-03,-3.258046184662954231e-02,-1.533898312744530756e-01,-5.237454463444402714e-02,-1.540896554184998379e-01,-6.279738771275243658e-02,-9.148164452808157932e-02,-5.378877588937758247e-02,-2.541136015944477078e-02,-1.762096211904927434e-02,-2.488644459797146463e-02,-3.566302681426707782e-02,-3.058117349719152028e-02,-9.332223508793343128e-03,1.297202003075893090e-02,3.247219732289163135e-02,5.071050125730135194e-02,7.620523268479791924e-03,4.933954546390524609e-02,-3.122467551831880489e-02
2.638569089699192155e-02,4.395729616193591593e-02,5.652336347958771684e-02,6.576975443445752523e-02,8.891654871004895516e-03,2.818123739050507059e-02,-1.536954178342297625e-02,5.188291650612918138e-02,2.632587224148013813e-02,7.365657187745400236e-02,1.960983720445960005e-02,3.495530082553215123e-02,7.247520342567614904e-02,8.639578745116642533e-02,5.375299343952524844e-02,5.741236468598836379e-02,4.452150192620057956e-02,6.237039277697736112e-02,8.180836328556222170e-02,5.516825709642402681e-02,5.410577799031150714e-02,3.466043432884857722e-02,8.006426975277039504e-02,8.907468707163526678e-02,1.184278158963083249e-01,7.171043182184484721e-02,1.420689668304299658e-01,1.521635121620314168e-01,1.041629556706000492e-01,1.733636212781362318e-01,1.798507582991238363e-01,1.078076158547149332e-01,2.156558867992146855e-01,2.080813180109244709e-01,1.248232239792015225e-01,2.571469111227628335e-01,2.514099040286793540e-01,1.330671186886502599e-01,3.203487809599363523e-01,2.905407140978127356e-01,1.557029642187818530e-01,4.251295904190080521e-01,3.342886278404122447e-01,1.722992204809934980e-01,5.238279985900202718e-01,3.354176726730270786e-01,1.844973008544724125e-01,6.793658797255928139e-01,5.027616985052976162e-01,4.960487089611254063e-01,1.000000000000000000e+00,5.150403140447592509e-01,5.196730251244292553e-01,7.385854700343835733e-01,1.834048335624146042e-01,2.881257052674421892e-01,5.284413529712365110e-01,2.693328562759201295e-01,3.201518111374025977e-01,4.079485127390136689e-01,1.196863426695109478e-01,3.701316900586299474e-01,1.327830984577307305e-01,2.669649958991385796e-01,-6.361517995970353279e-02,-1.433480206394752987e-01,1.722181446219286094e-01,7.162167974617231203e-02,9.111051243364615138e-02,1.606603872408501055e-01,6.381811312235677325e-02,9.542842352464633859e-02,9.938527248361339606e-02,7.793368333616342014e-02,-7.157079156543742771e-02,-4.791117496827680677e-03,-2.858546342095305906e-02,-5.009220994111670579e-03,-2.650646381711634515e-04,-4.462707231601985985e-02,1.504754821440013914e-02,-4.315967731644745203e-04,-9.863023932917018566e-02,-2.805506981640984443e-02,-7.558879914290302093e-02,6.764646196551865089e-03,-1.081095539453878068e-02,-1.524955519517781806e-03,-2.005062971417820999e-02,5.649165099567090079e-03,-3.217721814602371878e-03,-4.629853997688367778e-02,-5.805438419582993614e-02,-2.819021282588124455e-02,-4.490980448383091045e-02,4.121864077928866221e-02,8.384663594134832143e-02,8.897389957647052275e-03,5.464864846669550275e-02,-6.361814655072128843e-02
4.570317063795279605e-02,7.916666721203169388e-02,5.820914464378901254e-02,5.912304536431869234e-02,5.835581434393805750e-02,6.611676243741196335e-02,4.211042416904840074e-02,7.772525023202418726e-02,8.048526039845567415e-02,1.316044164545563389e-01,6.550858316794067049e-02,8.634570062799851176e-02,1.393278449569880229e-01,7.865034498114759076e-02,1.305612896688753133e-01,9.533664452025633618e-02,6.196177018980719015e-02,1.294117041805810941e-01,1.256833431153864533e-01,1.069533871417290144e-01,1.314178857294530101e-01,9.045298810097326947e-02,1.124738350362880779e-01,8.367556170692379280e-02,1.073481579962034110e-01,7.867541257823852663e-02,1.588925098397450664e-01,1.540270625154613049e-01,1.625317299152327921e-01,1.800660244317333347e-01,2.000444903173136946e-01,1.665029636793611545e-01,2.047347991675625423e-01,2.479241013594238874e-01,1.916314918406721857e-01,2.248161941151608501e-01,3.003761233913308515e-01,2.222970523335029425e-01,2.701194700338189758e-01,3.359300638393168947e-01,2.744779942980261067e-01,3.170872385464426069e-01,3.922192226437935525e-01,3.291996203891753292e-01,3.612280376545081717e-01,4.774617094647242710e-01,2.757002848750636503e-01,3.310353219074231856e-01,7.505155347157305146e-01,4.016286601956179370e-01,5.150403140447592509e-01,1.000000000000000000e+00,4.926898713880671909e-01,6.574846420982399797e-01,6.449718099173623598e-01,3.029665574866080568e-01,5.328492227830033956e-01,4.856223959563779613e-01,1.408160095118673460e-01,5.078731407383672014e-01,1.650434498769201563e-01,4.207963610329473747e-01,1.805745575669970848e-01,2.572192010912061066e-01,-1.585579274748589451e-01,-1.376214673251844878e-01,1.991150233605736009e-01,6.605779960851600185e-02,5.584169971197838062e-02,1.814949849726373854e-01,1.228319059391489304e-01,1.405113270585074403e-01,1.575840443357479081e-01,7.183003446773340850e-02,-5.282787245597142523e-02,3.390736561924156955e-02,-1.046151635053728726e-02,2.018515360708152129e-02,8.716772488853666984e-03,-6.314569370047709573e-02,3.249224092863035179e-02,8.921364516433343342e-03,-5.534839624589765750e-02,-4.658223553964998404e-02,-7.464076058193790109e-02,2.411313892136531314e-02,-1.321281439120925057e-02,6.908861343592694092e-04,-3.712893552678689802e-03,-2.466255720975950045e-03,1.319641440086257020e-04,-5.587286570306566891e-02,-4.238339459460115782e-02,-1.922150158285204635e-02,-1.022575042393843864e-02,4.049503125410815196e-02,4.894241559666843988e-02,7.933258092675903733e-03,5.715950348318910718e-02,-5.393594032235316665e-02
2.692604700055739597e-02,5.155418058143359378e-02,7.991409044962433095e-02,3.894751887812174240e-02,2.993150782417113367e-02,3.001144501982611762e-02,7.296730515901895392e-03,4.157809398746721563e-02,3.613549481758680793e-02,6.186089739810184118e-02,4.291479790178660825e-02,4.130921662954178952e-02,7.227880524912141946e-02,4.993109757662122367e-02,7.348155411446952168e-02,2.049727612684510217e-02,3.596758193734910652e-02,8.728587930116503413e-02,9.933998859406439896e-02,8.553280809645399940e-02,7.926946379539225040e-02,6.614906632593482716e-02,1.083887527863204442e-01,8.871650955096779811e-02,9.961835680760974809e-02,6.830673942549858602e-02,1.609821212337011476e-01,1.154858879966679241e-01,1.096716725622006727e-01,1.793675906797491948e-01,1.312617312392007629e-01,1.251490474936905739e-01,2.038276883455248933e-01,1.674578315612842705e-01,1.762375355264581001e-01,2.444778677294258962e-01,2.062617723426799499e-01,2.183350197298211115e-01,2.994997875328961334e-01,2.263399712871468628e-01,2.893614987886344303e-01,3.978351756646574811e-01,2.591317570496569633e-01,3.673172994263634861e-01,4.796191687448977947e-01,3.726741241195903331e-01,4.851838734710721135e-01,5.546120613088109108e-01,4.960411890065535290e-01,7.454927665275082882e-01,5.196730251244292553e-01,4.926898713880671909e-01,1.000000000000000000e+00,5.833787686072832157e-01,4.954568683175736288e-01,6.849674056240934172e-01,5.097042511313266688e-01,5.637280433425395643e-01,4.492076691526619703e-01,3.282638099594823999e-01,-6.589151098776292736e-02,2.931829378882297998e-01,1.176853335331944223e-01,1.913529470038765057e-01,-8.096797773997886638e-02,-8.883613401466129711e-02,1.836504526555013395e-01,6.922425832414440261e-02,4.179737996311339021e-02,1.739925116560943619e-01,1.027767829390641707e-01,9.947491431289474939e-02,1.118718678986411474e-01,7.425442913310799364e-02,-3.866362036440657707e-02,3.147503616288124112e-02,1.396731144046456548e-02,3.189458837278732334e-02,-9.786683645769757994e-03,-4.035343083041281753e-02,2.284160383764979874e-02,-5.864043855588735484e-03,-1.240166244949604119e-01,-2.039002236771308291e-02,-1.219800394376601982e-01,-3.558658190072255811e-02,-8.004241110105933532e-02,-4.217736901932482574e-02,-9.997920088697966057e-03,-1.617159580944911232e-02,-6.549348533647010237e-03,-5.234611617448391846e-02,-3.032575130396321025e-02,-2.846321587817243759e-02,1.269125203666573477e-02,2.500774083571020642e-02,6.095481019607760370e-02,2.730958745828740430e-02,6.961849186693287728e-02,-2.163669422928339928e-02
3.441694892066287509e-02,5.574995053884090890e-02,5.122895512930738388e-02,5.717645515869472506e-02,1.497598293024705353e-02,2.900061315754996066e-02,7.773944214771167076e-04,6.096601685720491604e-02,2.828950573867565835e-02,7.957033961066266314e-02,2.041455741461047774e-02,4.826295604197725075e-02,8.674623946553530751e-02,8.800256113353761844e-02,8.038574123793724990e-02,6.519858507816191084e-02,4.593940094909763211e-02,9.220516709953177625e-02,9.970798145685458302e-02,7.531159473669898907e-02,9.281297677643267352e-02,6.110131695509030125e-02,9.614285523396157163e-02,1.019423887960644870e-01,1.279816343796518208e-01,8.427603810972965348e-02,1.643118851711397044e-01,1.645256647373044001e-01,1.324829485519630479e-01,1.945237693697405845e-01,2.066976130664409106e-01,1.388056093048795347e-01,2.349950926987150746e-01,2.431420818256723182e-01,1.698522925046216381e-01,2.676291847590481221e-01,2.902342428074826675e-01,1.896001000424304139e-01,3.202999552079510703e-01,3.247434899186233404e-01,2.188338670499229421e-01,3.932398362750227361e-01,3.672418762300693751e-01,2.533501465361406302e-01,4.599588114644423964e-01,4.062397449211808675e-01,2.305385513429707434e-01,5.132977898137977002e-01,5.645978399796013347e-01,4.474998162264620105e-01,7.385854700343835733e-01,6.574846420982399797e-01,5.833787686072832157e-01,1.000000000000000000e+00,4.808414264910534919e-01,3.526821433956591756e-01,7.130943807297507320e-01,4.473202028680530185e-01,2.914177799305657235e-01,6.078068138574651558e-01,2.106137275160203659e-01,5.202935210419928902e-01,2.071162381151548382e-01,3.288474544893655316e-01,-1.278489922756501640e-01,-1.621537082959604026e-01,2.488047211105320622e-01,8.726021288107305152e-02,1.057666728408413193e-01,2.234873049398466704e-01,1.222159263474476565e-01,1.426406978836987915e-01,1.812113722848023301e-01,8.286997119745621865e-02,-9.515330754851789030e-02,2.182853131555019185e-02,-2.038192729690403368e-02,2.774799682212369251e-02,4.082014502265344028e-03,-6.680221047789765276e-02,1.624390580212922014e-02,1.645768981905698994e-02,-1.102662189351483191e-01,-3.807121645841074487e-02,-1.104554779526283614e-01,1.065964257830199352e-02,-1.079981300546170760e-02,-1.604026562890594268e-02,-5.050352129345262939e-03,1.071558729438208679e-02,8.327139415978571796e-03,-7.074122249894322645e-02,-6.686112655946781225e-02,-5.265343096672682466e-02,-4.332928224372488424e-02,3.463380899693432879e-02,1.007716453521765171e-01,3.014738248245137087e-02,7.854823044710786129e-02,-6.229537660633325397e-02
4.725220144804619105e-02,1.076701623638106203e-01,6.602216638549616989e-02,4.883436713092170756e-02,9.668935524815076843e-02,8.807704287238289631e-02,8.698486201661446982e-02,9.885531669896474583e-02,9.941695250479139212e-02,1.183876176881412667e-01,7.199839863437569598e-02,1.136317730558799727e-01,1.234283641611947785e-01,6.149928633107904635e-02,1.271341376205417095e-01,5.057227820862692652e-02,4.069143815115911639e-02,1.243548974285056813e-01,1.245194500433549484e-01,1.139492986057056290e-01,1.274771037783251071e-01,1.099273363072241355e-01,1.056095457511445485e-01,8.974972998747839104e-02,1.051663341014478920e-01,8.367416809466914074e-02,1.475019345007072269e-01,1.263130778093073669e-01,1.517606487335837195e-01,1.672927366662242676e-01,1.586893740021475541e-01,1.463652906971324441e-01,1.845402529181168483e-01,1.923155052729904058e-01,1.644641573622952491e-01,1.934038134449823365e-01,2.229181619486851895e-01,1.965865461485586385e-01,2.178957181406469545e-01,2.342664796805481453e-01,2.574336534258171993e-01,2.403843274903701421e-01,2.719935380443493922e-01,3.204872515032247127e-01,2.539335922876230223e-01,3.732525034463437530e-01,3.095475667869583836e-01,1.844367419956381426e-01,5.104237905531717745e-01,3.680645626109382840e-01,1.834048335624146042e-01,6.449718099173623598e-01,4.954568683175736288e-01,4.808414264910534919e-01,1.000000000000000000e+00,5.036107582216822198e-01,5.212750440281749276e-01,7.187712677779263259e-01,1.226347050949236628e-01,4.838892052752717943e-01,4.998985915459380758e-02,3.800743079468056340e-01,1.799603295336944242e-01,1.911124091522992952e-01,-1.816395347868324517e-01,-9.149320187976475727e-02,1.987342276942091479e-01,4.951672787505242285e-02,1.116881724110565209e-02,1.939488896513230920e-01,1.553531674006087826e-01,1.606972058163193551e-01,1.673586712209740313e-01,9.538420059545876795e-02,-3.428606860483306151e-02,5.215081990219976732e-02,2.554257527915965859e-02,4.840659725792936102e-02,5.595360242621355909e-03,-6.355504826255500839e-02,2.905613574847167382e-02,7.862686590634326844e-03,-6.352312934739209882e-02,-4.158559528726552684e-02,-1.147464687444683801e-01,-9.899924276387630714e-03,-5.491539028531123440e-02,-4.476230110141918295e-02,9.781126756621505262e-04,-4.967388917384889940e-03,-2.116049830258073718e-03,-9.187085945633839679e-02,-5.728374594288340033e-02,-4.389158054733988124e-02,-3.584489643376949971e-03,3.295391186300888203e-02,6.955287041582303154e-02,3.008837427904162420e-02,7.926478987963704592e-02,-3.595923892095682917e-02
3.420358354014051139e-02,5.504142952711416764e-02,4.985515299162732866e-02,5.111760502592195554e-02,2.115964102324129764e-02,2.337233565204252864e-02,1.670903367435867468e-02,3.541443465460431678e-02,2.602767920731956924e-02,2.914602712787159322e-02,8.404671790126142308e-03,6.291315409426763774e-03,3.949757803548799989e-02,4.341351229766814146e-02,5.497269410238535964e-02,-1.246425739434464143e-02,3.398499487343394770e-02,4.337907220026575306e-02,8.282742410116117338e-02,9.064048480198781677e-02,5.874843970342860655e-02,4.551023081081172206e-02,1.115815205454090825e-01,7.864861015068999595e-02,6.759730519291369533e-02,6.410063201305173097e-02,1.358909155223784471e-01,9.015800097240417310e-02,8.383199418915195100e-02,1.601158796132704787e-01,1.118943325693809304e-01,9.024134758321117333e-02,1.686635238281483928e-01,1.347974973372440544e-01,1.173695416936620106e-01,1.991725984631143032e-01,1.638366421964674025e-01,1.406438551441689389e-01,2.322437502568217571e-01,1.675559938341263932e-01,1.958189094714613276e-01,2.785929183625454608e-01,1.999598548684880239e-01,2.570692760825981638e-01,3.233227795202531230e-01,2.742671780052818309e-01,3.248950087706383716e-01,3.522655419652261366e-01,3.299984328072423367e-01,5.157951269699229124e-01,2.881257052674421892e-01,3.029665574866080568e-01,6.849674056240934172e-01,3.526821433956591756e-01,5.036107582216822198e-01,1.000000000000000000e+00,4.934660191599298806e-01,6.593147291114891395e-01,6.582133502450948637e-01,1.949631342507288090e-01,-2.619589057562168866e-01,2.097485312119281298e-01,1.127902907609053540e-01,1.332966644805617384e-01,-1.381070743909542341e-02,-3.650569850074884132e-02,1.832820021158148294e-01,1.025906269128241538e-01,4.625965475276938577e-02,1.676220020983384407e-01,1.170928112270723520e-01,1.215694554014837003e-01,1.399343033751161425e-01,1.207092149957914723e-01,3.304101327052260534e-02,5.277890819094297609e-02,8.746741440369674991e-02,2.985403783602808350e-02,2.641578175555387917e-02,-3.257256248946874266e-02,4.218852365323710191e-02,3.084095230276686413e-03,-8.124821888329625263e-02,-1.343196853970039795e-02,-1.192393523015542467e-01,-4.896968033544339682e-02,-1.141293503918280050e-01,-6.805362221081841245e-02,-1.113279407768580842e-03,-2.006770148593359573e-02,-7.174408087234998045e-03,-6.798627257147296654e-02,-3.724043181351398279e-02,-3.502289794519043709e-02,2.059435375733014925e-02,3.411086050517445067e-02,6.100513265575037425e-02,3.246285265363201000e-02,8.638841486573936579e-02,3.325728660664092461e-03
4.087246368388208068e-02,7.419020143206767059e-02,3.171886107648371617e-02,4.860005066319824513e-02,3.750128524046984768e-02,3.904856461259229722e-02,3.373125837301983732e-02,7.504663922820350996e-02,2.353373164531065431e-02,6.515003332921372181e-02,5.778533233561043529e-03,4.851258287409364323e-02,6.968807302259093228e-02,5.669011995436373103e-02,7.766152239513346434e-02,2.300671939786812573e-02,3.368600988907548277e-02,8.574670022722062634e-02,8.582329949711253736e-02,7.969720710553504506e-02,1.015217209358597189e-01,3.909114651120340622e-02,1.112495754485761656e-01,8.912580999517137614e-02,1.003345875445718072e-01,5.804279768710092491e-02,1.441678922413886510e-01,1.258377453988515915e-01,9.587968832814566800e-02,1.650249244835827744e-01,1.726196186967780544e-01,1.081293350022372035e-01,2.001001754627983742e-01,2.200198152402304264e-01,1.423421967626386786e-01,2.336128281377343741e-01,2.744482882406253932e-01,1.709561893882485251e-01,2.868401708478179879e-01,3.082410788239297039e-01,2.185684943394577140e-01,3.362945938704894888e-01,3.498859231557598926e-01,2.592784493053237882e-01,3.863450881825568617e-01,3.894551144145828037e-01,2.192851601137538464e-01,3.922526520372506820e-01,4.699012578099348580e-01,3.963532014986050900e-01,5.284413529712365110e-01,5.328492227830033956e-01,5.097042511313266688e-01,7.130943807297507320e-01,5.212750440281749276e-01,4.934660191599298806e-01,1.000000000000000000e+00,6.023988516969213114e-01,4.489874243831865064e-01,7.896568717389721437e-01,2.548711978834040659e-01,6.374103615590109850e-01,2.638866739305328890e-01,3.868065123697794205e-01,-1.955047278503485308e-01,-2.129371184006902951e-01,3.161981288710806193e-01,1.062228236868158621e-01,1.580257625349083817e-01,2.598452040715104605e-01,1.701672163933660165e-01,1.474425152834794306e-01,2.598609868563561687e-01,1.340325284339642098e-01,-8.233155558942156782e-02,4.031037518019044141e-02,-7.928181148987396495e-04,5.425202619911962537e-02,3.945561248144409394e-02,-3.683003412657806508e-02,7.332620269637139809e-02,5.531917650554737942e-02,-6.548509202165797571e-02,-1.606102433879976962e-02,-8.323525150468347178e-02,5.091036638982865403e-02,-8.796284783208621139e-04,-2.577763261448217519e-02,3.222906107800230235e-02,5.909653577400829361e-02,5.271736013308372243e-02,-8.547774655228691787e-02,-7.802905411903615640e-02,-1.075379193840337311e-01,-8.254638541325187706e-02,1.640305727427010443e-03,1.392274852547682462e-01,5.852567031376631340e-02,8.557264036606992974e-02,-7.231537223016168414e-02
4.550012311240553969e-02,8.466811521286679576e-02,7.348672716980135522e-02,5.569372379975876669e-02,5.883032452813287405e-02,7.129845336485057805e-02,4.610232073047380863e-02,7.590479942605438124e-02,8.246482491896527101e-02,9.152885996613582820e-02,4.066819279315939117e-02,6.549946989875193859e-02,9.197340947365358066e-02,6.551022164427387773e-02,8.813204968492882596e-02,2.327936711756274299e-02,3.702172007887383209e-02,9.248542925551202221e-02,7.947636544431004035e-02,9.274382140125772556e-02,7.290089091487356177e-02,7.354628230969501024e-02,9.421003001513125752e-02,1.210841346175591804e-01,1.145537829319682455e-01,1.156986869720949690e-01,1.692398979779443646e-01,1.401264613084591271e-01,1.624069328818735780e-01,1.870294225477129035e-01,1.637501539036919918e-01,1.653909844403438079e-01,2.014175363231111016e-01,1.809811426022026881e-01,1.788293023275975002e-01,2.236158859772322260e-01,2.125261111045950724e-01,2.004374485440751641e-01,2.518643249734396905e-01,2.247406628354172986e-01,2.487838956114223066e-01,2.833935915246633686e-01,2.735244565775248327e-01,3.185191974181204033e-01,3.114394021292749559e-01,3.591622440512119430e-01,3.248024607313389489e-01,2.830571675200039272e-01,4.447586515268685536e-01,4.391071738820541137e-01,2.693328562759201295e-01,4.856223959563779613e-01,5.637280433425395643e-01,4.473202028680530185e-01,7.187712677779263259e-01,6.593147291114891395e-01,6.023988516969213114e-01,1.000000000000000000e+00,4.751877157581405609e-01,4.417935998442565904e-01,-2.116323465845384444e-01,3.497133090833281499e-01,1.087091778880241721e-01,2.366581190356170927e-01,-8.754791901677665134e-02,-1.295566451769936955e-01,1.899247564962449619e-01,8.066527700987419225e-02,2.797559131058277929e-02,1.788772963801864291e-01,1.215451817117265410e-01,1.258360410640514959e-01,1.504892693982780305e-01,1.042432233213031190e-01,1.066570432029900935e-02,5.723387665898732601e-02,5.748924891226755984e-02,5.260831188017064952e-02,2.228487802372147025e-02,-8.095408829586489552e-02,3.560654029856206298e-02,9.205137330367985093e-03,-9.983704658738766502e-02,-5.176473636749857193e-02,-1.459226002307676129e-01,-5.215640745471918777e-02,-9.665656587466715799e-02,-9.134792797328676606e-02,1.670782912990311647e-02,6.098712220034452521e-03,1.311922019838217442e-02,-1.174227736098446828e-01,-7.344250622356365832e-02,-8.077988350006433393e-02,-1.008558067489999550e-02,2.018018657559186857e-02,9.240061094171470035e-02,6.030241008138102071e-02,1.114692191724898224e-01,-2.624742984146483105e-02
3.784180897812700062e-02,3.591156657325361712e-02,3.630431620680110716e-02,6.543059312578848596e-02,1.060324064453846632e-03,5.577519015644475699e-03,3.248782588727356768e-03,2.737587304866507393e-02,-1.508013160665615422e-02,-2.997356411008766583e-02,-2.477623209897644035e-02,-3.776380653303546692e-02,-2.829089121994268416e-02,6.999797169148207904e-03,-1.857693794598925044e-02,-4.911011645529610864e-02,-8.640580632724817120e-03,-2.800230398307220273e-02,-2.890236815153339380e-03,2.157212935092181136e-02,-8.152475531671025955e-03,-3.577294610925060153e-02,6.340035733869525680e-02,3.348532304739405135e-02,2.004757712501324673e-02,1.616326504860564339e-02,6.221723640023180124e-02,4.338538592408440475e-02,1.256703685376923431e-02,7.813761546432508587e-02,5.441313845290236123e-02,2.906617106514828783e-02,8.810979953352823801e-02,7.793394518578700136e-02,6.089581544108345346e-02,1.306624499536911121e-01,1.124178592570303920e-01,7.135389972399530656e-02,1.642239144415240659e-01,1.253416433786168627e-01,9.801896429783645004e-02,2.033176765659933105e-01,1.605003926987555729e-01,1.403162882907089959e-01,2.561197045368243108e-01,1.840003862058971762e-01,1.814569408123389016e-01,3.165785710614256176e-01,2.057872971255569616e-01,3.568757518435270448e-01,3.201518111374025977e-01,1.408160095118673460e-01,4.492076691526619703e-01,2.914177799305657235e-01,1.226347050949236628e-01,6.582133502450948637e-01,4.489874243831865064e-01,4.751877157581405609e-01,1.000000000000000000e+00,1.039657377144299483e-01,-3.461700265825959910e-01,9.217224405309293322e-02,1.002534770105661596e-02,1.097224718569454749e-01,5.679636717694538928e-02,-5.998123092212892526e-02,8.524105634675048504e-02,7.095902598091823055e-02,6.368391902060185905e-02,5.945428857247897492e-02,3.727200969336317421e-02,2.391431776373569712e-02,7.870619761038868956e-02,1.100042257547126923e-01,7.089919971132703502e-02,4.785767190345768113e-02,9.998137350665754763e-02,3.496484464058841751e-02,4.479693261721330588e-02,1.133955696919547451e-02,6.312269008719523233e-02,2.963626490921654824e-02,-5.173886746743069920e-02,3.455927872560633253e-03,-6.454829461727622231e-02,-5.048780565624211986e-02,-7.288911957016781795e-02,-5.037514549544370307e-02,6.059403298367597654e-03,2.249508094497010280e-02,1.573021605336458184e-02,-4.839003937176421938e-02,-4.688719567030672636e-02,-5.920258493896041196e-02,-3.464369118969119060e-02,8.779768164212614287e-03,7.929396326571799825e-02,3.277400283086432525e-02,5.717164327972147631e-02,-2.451623793950153535e-02
2.484646699980805687e-02,6.018731746482110928e-02,2.376860910628263851e-02,1.826404917083252963e-02,2.733726690308812407e-02,3.117918192978554742e-02,1.952186619442562027e-02,5.403401709997249919e-02,2.351464165929167613e-02,8.108140953682668739e-02,1.609148368073436489e-02,6.361607804480000350e-02,8.621045802261785573e-02,5.434550786160651653e-02,1.037564967435679192e-01,3.908480778244333154e-02,3.906063291171526369e-02,1.203991147683593915e-01,1.066225919031852792e-01,7.477825770728147026e-02,1.140300682981699593e-01,6.091725654190917327e-02,9.545889600224848059e-02,1.008524730636777278e-01,1.106622902417589566e-01,7.360049057799016026e-02,1.413875107849359158e-01,1.233377568472353997e-01,1.223863412119001320e-01,1.511345195116884643e-01,1.688806144990592228e-01,1.299339597292294424e-01,1.900899886282848283e-01,2.140800687373209110e-01,1.572401022386877012e-01,2.050742370381743451e-01,2.630820430919790232e-01,1.814641741604004210e-01,2.393367071507003230e-01,2.977534516951440002e-01,2.090892369430254194e-01,2.736204910413938540e-01,3.222195425781614331e-01,2.324151776978417572e-01,3.020294320515752862e-01,3.536642700891885482e-01,1.620416947453251766e-01,2.727684278496556036e-01,4.149695550159031576e-01,2.610506941564724737e-01,4.079485127390136689e-01,5.078731407383672014e-01,3.282638099594823999e-01,6.078068138574651558e-01,4.838892052752717943e-01,1.949631342507288090e-01,7.896568717389721437e-01,4.417935998442565904e-01,1.039657377144299483e-01,1.000000000000000000e+00,5.281324813412329178e-01,7.672748314862882779e-01,3.196696822128891058e-01,3.748935827185286285e-01,-2.800541556938987431e-01,-1.813618453876498504e-01,3.385986858849246439e-01,8.094878013680384399e-02,1.717679838954697946e-01,2.827096332009427782e-01,2.080356667627075440e-01,1.767910404282216352e-01,2.709799120038384745e-01,1.164147601427310136e-01,-1.381583472304058757e-01,2.273802705860737683e-02,-5.377056993609133362e-02,4.592397046429550628e-02,2.113573330723307608e-02,-4.221422568324412899e-02,4.497252096025766699e-02,3.990734078390274775e-02,-5.182267245117028881e-02,-1.646937570153740593e-02,-7.826812449797958260e-02,7.574136325585484331e-02,1.556685646827264853e-02,-1.761579613116584161e-02,3.239126822184738852e-02,5.273871517909289180e-02,4.605977854191897064e-02,-7.068249961238913526e-02,-6.516315485317121514e-02,-9.289105475907197262e-02,-7.832153946115506804e-02,-2.845809620802530835e-03,1.138930149629004129e-01,5.060756669523781837e-02,6.818131639145627587e-02,-7.544394156836330134e-02
-6.004612444535261349e-03,7.208075490947259177e-04,-3.076090325399323533e-02,-3.401957880658822847e-02,6.967196334381114964e-03,1.484992153374586725e-02,1.137072981790924683e-02,1.032345984796123259e-02,-3.047033018819173423e-03,8.460769643556046923e-03,-7.660180120751631724e-03,4.802212289251148181e-02,8.252314956785012506e-03,-2.162602067880675313e-02,5.084888851447643549e-02,2.092692887840254604e-02,-8.660030564448324003e-03,6.401341955331310563e-02,8.484524793419480349e-02,1.619097507471320072e-02,1.200022118535198218e-01,3.569056200388779493e-02,2.897069175716721762e-02,-2.452200566273702795e-02,-1.030449969652394437e-02,-4.012402274050980849e-02,-2.646035350680382009e-02,-7.404913271397146023e-03,-1.791603764462293413e-02,-3.647642098000804245e-02,1.322599156126464878e-04,-1.727047613414337685e-02,-2.765680292505232670e-03,4.313426355878091645e-02,-4.820056484471588361e-03,-1.376542398912161029e-03,6.472441269244685880e-02,5.639677981988221699e-03,2.071836860201894601e-02,7.997685220949900253e-02,2.352913183541691794e-02,3.339644102487115962e-02,6.908004545025375753e-02,7.244392316938667691e-03,4.187873254407313561e-02,6.860745825993717906e-02,-3.625277426082139376e-02,2.622903099810680247e-02,1.001760470053108532e-01,-3.908278241326135216e-02,1.196863426695109478e-01,1.650434498769201563e-01,-6.589151098776292736e-02,2.106137275160203659e-01,4.998985915459380758e-02,-2.619589057562168866e-01,2.548711978834040659e-01,-2.116323465845384444e-01,-3.461700265825959910e-01,5.281324813412329178e-01,1.000000000000000000e+00,4.147022740890473069e-01,2.880187111282722645e-01,8.065120099963192513e-02,-2.742029416317381396e-01,2.210846809978063085e-02,2.157801073449164553e-01,7.526777788760617705e-02,1.240375581975621672e-01,1.772159606686163624e-01,1.675996759087604870e-01,1.167660377500878144e-01,1.467104454920340750e-01,3.574880398556037203e-02,-1.632771898924421095e-01,-1.457874704698601705e-02,-8.410049016967367785e-02,1.096567526600590245e-02,-5.749054193647471292e-03,4.865504555192379926e-02,-1.420722827641555247e-02,-9.337827644957841407e-04,-5.557300005193401390e-05,2.126401238107671759e-02,3.546188548505235794e-02,1.368430898818573382e-01,8.596540562529650376e-02,5.483115354455106449e-02,-6.214302938737157993e-03,5.463501380795989654e-02,1.002887406285784058e-02,5.274022117668326209e-02,9.156881276555686299e-04,1.756063403558666284e-03,-8.739443254317835752e-02,7.326145683887289733e-03,4.348964221065614033e-02,-4.514455057945755689e-02,-6.011000368191009302e-02,-8.815055993704232207e-02
2.083938494783373410e-02,4.975612023844758203e-02,-1.069289742010864734e-02,2.770532464193416547e-02,1.700418833209463298e-02,2.946406144422634987e-02,-1.767886977483633295e-03,4.274577952039254614e-02,2.238460486771848279e-02,6.132112192089531066e-02,1.002262925321092610e-02,2.891756629584418120e-02,7.410647363589496772e-02,3.803609621881737929e-02,7.520095386312514174e-02,1.998823212124839835e-02,3.106523558234592849e-02,1.054265693636352863e-01,1.278338630689838384e-01,8.848043413857657746e-02,1.381595021636056186e-01,6.547404674362519716e-02,9.611496632024581210e-02,8.304818383438548890e-02,9.547741538967786934e-02,7.356516476207856925e-02,1.258303358982275078e-01,9.490978603907926359e-02,1.013740828069037980e-01,1.366401438764625331e-01,1.340419408787039690e-01,1.133460284278383495e-01,1.719177290929128354e-01,1.697482548753004306e-01,1.339212260347249772e-01,1.876869002162455113e-01,2.166550586323201799e-01,1.559280709650484320e-01,2.163201425335843364e-01,2.481416767470833729e-01,1.750967258163567963e-01,2.517015634088964893e-01,2.752343342044886176e-01,1.902756764389728905e-01,2.843647277101182813e-01,3.014401831155280043e-01,1.406669683241879854e-01,2.627181232987385595e-01,3.461137760961277010e-01,2.490688289596847682e-01,3.701316900586299474e-01,4.207963610329473747e-01,2.931829378882297998e-01,5.202935210419928902e-01,3.800743079468056340e-01,2.097485312119281298e-01,6.374103615590109850e-01,3.497133090833281499e-01,9.217224405309293322e-02,7.672748314862882779e-01,4.147022740890473069e-01,1.000000000000000000e+00,3.216686092252256657e-01,4.546434858186496619e-01,-1.813515255996563935e-01,-1.966625246665925641e-01,3.433017984599395223e-01,9.645589886286667913e-02,2.129122746821075773e-01,2.925265182969424282e-01,1.869142490107184862e-01,1.975448606746173508e-01,2.544016763415537508e-01,1.283509991075098833e-01,-1.031434577690503451e-01,3.780116964979949451e-02,-2.028299701092674615e-02,7.026121204888271903e-03,1.512604662325319101e-02,-8.603900248413828833e-02,2.249125372496612110e-02,1.340833948844993156e-02,-5.317406323043852301e-02,2.249749806289979073e-02,-7.245937096742291472e-02,3.053923979165178507e-02,-4.978326285511944747e-03,-9.967849929793423658e-03,1.057082855796549412e-02,1.034388221244574198e-02,2.404752127618012963e-02,-6.069180094277583370e-02,-4.585351001658229814e-02,-6.027278752316998778e-02,-3.143781499301778748e-02,1.333378136495598325e-02,7.644785728641741163e-02,4.043607487165400832e-02,7.827781652389613487e-02,-2.976952036508164964e-02
-3.287356440690738374e-02,-8.770201725176843960e-03,-2.532972348942664695e-02,-3.739292510628251798e-02,-4.151773792278760054e-03,5.138742372560334976e-02,2.140760875798955812e-02,-9.488504371730042616e-03,3.216759929472767787e-02,3.193514888460566303e-02,-3.370764991299685098e-02,2.955020906347760601e-02,2.906552909666448858e-02,1.131022243528916928e-02,5.227312204134680618e-02,2.645022248938112830e-02,9.534065079399542050e-03,6.438939284301391230e-02,1.640320313103139568e-02,1.084951636903650450e-02,6.153020159975614023e-02,-1.170316412734539666e-02,4.498902849351597844e-02,3.893253003577958060e-02,2.085650078683394526e-02,5.215021432519134637e-02,8.982206440736061753e-03,5.273524593003209998e-02,4.809177527087057230e-02,1.387413551487646016e-02,6.450756162166362828e-02,4.860077650699186347e-02,2.731561844390699781e-02,7.800196300954850837e-02,4.043156036956765259e-02,3.794020620688928064e-02,9.369376959601496968e-02,7.512735242906071198e-02,5.798635392370082159e-02,1.005468164065788234e-01,9.351941549333560311e-02,7.638799652067407298e-02,9.731850846189471493e-02,9.397574690613400006e-02,9.084848757958065291e-02,1.222634209974054198e-01,5.682375540311541268e-02,1.007562458336497685e-01,1.557902115527907971e-01,1.133975303227268833e-01,1.327830984577307305e-01,1.805745575669970848e-01,1.176853335331944223e-01,2.071162381151548382e-01,1.799603295336944242e-01,1.127902907609053540e-01,2.638866739305328890e-01,1.087091778880241721e-01,1.002534770105661596e-02,3.196696822128891058e-01,2.880187111282722645e-01,3.216686092252256657e-01,1.000000000000000000e+00,1.480823670070559317e-01,-2.923208274231933745e-01,4.110707651020071851e-01,6.722213712312173906e-01,3.941894438066771977e-01,1.333875456880520560e-01,6.387237589486606248e-01,4.057539089541737365e-01,4.053472572476218838e-01,4.347634537072441741e-01,1.509307342753178904e-01,-4.691506506583030534e-02,1.501339910510743891e-01,1.180472802046519387e-01,1.215688456102756998e-01,9.656199076534119352e-02,6.469390126886738479e-02,8.373491644431869940e-02,-2.367117626406304090e-02,-1.064157609057140436e-01,-2.451639735803825063e-02,-9.004472207238264914e-02,8.402847802563118140e-02,-2.613854419822041891e-02,2.714648733593628266e-02,5.486170645420023612e-02,1.433835651981507989e-02,2.556529585497924542e-02,1.520471709414283196e-02,3.663340729012714431e-02,-2.128536768344055363e-02,9.050038757999884914e-03,-1.481538981316982227e-03,-4.508356378364637186e-03,8.498036984787786519e-03,1.256145300269542395e-02,-2.766513819211747702e-02
-2.382591203934873031e-02,1.096917168318730165e-02,-4.680227496354891908e-02,-1.532326084537682237e-02,7.469206779512473603e-03,-1.160737198716899499e-03,9.013779272080742894e-04,2.920619011769120740e-02,-2.066421213496177564e-02,-4.636799113599374307e-03,-3.886102624966390057e-02,1.358457134805897068e-02,-4.256561025458563408e-02,-1.260573486393483551e-02,-3.736542275524784573e-02,-4.936391889510615555e-02,-2.459958043032036204e-02,2.428816171583319389e-02,2.462755374363617689e-02,2.422313699009576507e-02,3.329792628213884553e-02,2.092690501726503574e-02,1.181106914415632966e-02,4.356314914518237547e-02,3.992634091808665991e-02,5.004576054971555943e-02,4.781854476838651863e-02,7.689545249494590673e-02,6.027210515127385398e-02,4.916056941255635832e-02,8.134248047127554115e-02,6.986726172393369072e-02,7.364745030039140938e-02,9.411971712036219795e-02,7.317055942128032620e-02,8.567824003385692000e-02,1.275487307788751024e-01,1.046002516330720999e-01,1.272376324193554842e-01,1.594511233998046895e-01,1.482885756714108494e-01,1.620362412152491771e-01,1.819131251561857676e-01,1.675955284237272136e-01,1.929559890180738424e-01,2.031887180353334765e-01,1.327794926734899295e-01,1.789892280287636861e-01,2.339478790416236464e-01,1.635334468735656077e-01,2.669649958991385796e-01,2.572192010912061066e-01,1.913529470038765057e-01,3.288474544893655316e-01,1.911124091522992952e-01,1.332966644805617384e-01,3.868065123697794205e-01,2.366581190356170927e-01,1.097224718569454749e-01,3.748935827185286285e-01,8.065120099963192513e-02,4.546434858186496619e-01,1.480823670070559317e-01,1.000000000000000000e+00,3.849529308155648366e-02,-5.673783970143909672e-01,2.076878087184400590e-01,9.500013020605298231e-02,1.308850174416174017e-01,1.248656321381553524e-01,-1.661279375983347462e-02,1.941750937181672618e-02,1.529534391138009375e-01,2.875557287016019051e-02,-7.299256502992695905e-02,-1.688483991967553582e-02,-4.171060985496251317e-02,-1.544546145452223122e-02,5.713810710580465718e-02,-2.003373355144273671e-02,1.659488993351071126e-02,-3.070871096640525461e-02,-7.971190151285768855e-02,-7.196673456308982919e-02,-8.565009861566444394e-02,6.499278624058300868e-02,7.265560761115949506e-02,-3.893918581427514153e-02,8.231872136696186115e-02,5.371832221876029351e-02,9.932096748249646945e-02,-6.389624872698948521e-02,-1.118441962276910465e-03,-1.078505687782266853e-01,8.726132849729228112e-04,-5.902137599762871667e-02,5.030022846395301728e-02,1.352902088581720286e-01,9.050347375073355960e-02,1.866940782633063137e-02
-4.250721854643867148e-02,-6.620314803858957931e-02,1.031640803132536678e-02,-5.241796579761449915e-02,-6.445971886338663914e-02,-9.123227927749888444e-02,-5.898440722391443125e-02,-6.331916661313756467e-02,-1.111900980825921703e-01,-6.923656730289486083e-02,-6.788077521598408215e-02,-1.120326579676850093e-01,-7.350101960629452924e-02,3.038706389620779609e-03,-5.831632957754617763e-02,-2.403475495617790267e-02,3.610270326673054031e-02,-6.113956411555326181e-02,-3.255518525743456015e-02,-2.682049955980147712e-02,-4.514973818069303868e-02,-5.013089172981734926e-03,-6.480557619092529309e-02,-6.324516226790456719e-02,-7.438566898791157400e-02,-5.679114575465021852e-02,-6.208711945605659838e-02,-7.774550994945543525e-02,-8.811655332862218526e-02,-4.645196355575105518e-02,-7.467364995445639753e-02,-7.409299773560300284e-02,-3.215657964070803287e-02,-6.791825424345225570e-02,-6.649737544510256337e-02,-1.544233115042004979e-02,-5.632121055481126293e-02,-6.540695690926097428e-02,-8.389428752847882115e-03,-5.811925394124515393e-02,-5.210932986744314099e-02,-4.225501695737186869e-02,-4.319265152385309836e-02,-4.407705822087915060e-02,-5.924008468469688093e-02,-5.391038740027231935e-02,-3.838408776551810453e-02,-5.551373582431610998e-02,-1.373707303475096841e-01,-6.476842392889942124e-02,-6.361517995970353279e-02,-1.585579274748589451e-01,-8.096797773997886638e-02,-1.278489922756501640e-01,-1.816395347868324517e-01,-1.381070743909542341e-02,-1.955047278503485308e-01,-8.754791901677665134e-02,5.679636717694538928e-02,-2.800541556938987431e-01,-2.742029416317381396e-01,-1.813515255996563935e-01,-2.923208274231933745e-01,3.849529308155648366e-02,1.000000000000000000e+00,1.668540022387061394e-01,-1.144670965105789168e-01,6.947147329355948808e-02,7.560477644922732054e-02,-8.026966786568567880e-02,-1.542045935725972206e-01,-1.736392037699867330e-02,-1.335350876888233007e-01,-7.675526555398300144e-02,-3.171725204213565134e-03,-4.915802036297044902e-02,-1.890268539935361855e-02,-2.173139364977419788e-02,5.789800677603230278e-02,5.506501490507109339e-03,3.108808356386015548e-02,9.587008988781849095e-02,-1.786945356422608294e-02,-4.586555458388285635e-03,-2.103626839104524512e-02,-1.117213109641082003e-01,4.295785456294240988e-03,-3.056838045351757682e-02,-6.858519059755008307e-02,-3.220247018591653604e-02,-5.016925150768405950e-02,-2.390108390763148044e-02,-5.459258845024925200e-02,3.695198462456163180e-02,-3.540247529896577410e-03,6.051230150205264002e-02,3.941101420757425755e-02,-3.663341675522376051e-02,2.949195235306285509e-02,-2.009895547695181306e-02
-2.560962911314261167e-02,-3.528436701723045021e-02,3.523197177416071552e-02,-3.719330702192724658e-02,-2.545048543622972781e-02,1.779728398511044862e-02,2.733137749502086329e-03,-5.874216399975503572e-02,2.789311899071232441e-03,-1.658555169101830554e-02,-3.252948181315582638e-02,-5.148983977713993132e-02,1.038731964945136671e-02,-6.662938180478259267e-03,2.093471978055135019e-02,2.714598733893310370e-02,1.292429681805681331e-02,1.730425218995670185e-03,-7.319073618208611631e-03,-2.027599935762592481e-02,7.098262028882898825e-03,-2.019878062661358345e-02,-1.559268760961474327e-02,-6.127920401913002774e-02,-7.780844780229696778e-02,-5.905440177685122860e-02,-7.633118177926953574e-02,-8.150548323966168296e-02,-7.892620124451719954e-02,-7.187522800151700808e-02,-7.259853191265545902e-02,-7.098094104048252584e-02,-7.008367198276814480e-02,-7.378126221717892785e-02,-7.330536364222978163e-02,-6.993164642802390807e-02,-8.445872242700604160e-02,-7.716221838163181412e-02,-8.920957770999922432e-02,-1.012019954163542040e-01,-8.859610192245591376e-02,-1.083515112457909407e-01,-1.083210754506997997e-01,-9.547526962691608998e-02,-1.195004119799206593e-01,-1.074882003437810374e-01,-8.427721499823186135e-02,-9.961902554326666770e-02,-1.495956035372406623e-01,-7.101659376502578169e-02,-1.433480206394752987e-01,-1.376214673251844878e-01,-8.883613401466129711e-02,-1.621537082959604026e-01,-9.149320187976475727e-02,-3.650569850074884132e-02,-2.129371184006902951e-01,-1.295566451769936955e-01,-5.998123092212892526e-02,-1.813618453876498504e-01,2.210846809978063085e-02,-1.966625246665925641e-01,4.110707651020071851e-01,-5.673783970143909672e-01,1.668540022387061394e-01,1.000000000000000000e+00,3.405924867733568506e-01,3.231234565031179673e-01,1.249916506499114816e-01,3.620505184551091604e-01,2.237932670892371356e-01,2.876726119234830348e-01,1.403466536948073939e-01,2.584451281858358637e-02,-1.304155391183415072e-02,6.498324075886609263e-02,7.752289460361334872e-02,3.913124832522302254e-02,3.288930576596034439e-02,4.631402631344214843e-02,4.758201754602008754e-02,3.811026448030416930e-02,-4.356621531429021726e-02,2.980039691711841229e-02,-1.925238304549306556e-02,-4.110528915878177564e-02,-1.067153773532190236e-01,4.837693624300289791e-02,-5.540202839719180622e-02,-4.847517362201234775e-02,-8.618071909516690499e-02,4.991099191842602451e-02,8.939044326432507917e-03,8.876072574413619576e-02,7.097837432627132973e-03,6.839086260619661739e-02,-3.290253749522117216e-02,-9.628107494046593551e-02,-4.389105852422357096e-02,-1.697213971880593905e-02
5.803669586756009247e-03,2.251638907840714313e-02,7.903544496087216639e-03,8.016475039872499953e-04,8.727626594881847388e-03,4.912718650405167170e-02,3.898505721901784904e-02,-3.161686043820166603e-03,3.187548243574821888e-03,2.939814817385258058e-02,-8.035594353273872725e-02,-1.092167506978090549e-02,3.225644375176517364e-02,2.854700965558837691e-02,6.141260888576557941e-02,8.284711810883280819e-03,5.052932852299003158e-02,9.294398679164840582e-02,1.468324409901727856e-02,6.221006499511141929e-02,4.356837966060661538e-02,4.777813532471624630e-03,8.396384157907788026e-02,8.596798681631974415e-02,5.494021859011410241e-02,8.710071093816451615e-02,5.846900187698662182e-02,7.052607723930698347e-02,7.283064098969432854e-02,5.171139199879761644e-02,8.460594982216172733e-02,6.736180324658563867e-02,5.452845096079912690e-02,1.085995835509135227e-01,8.834444253433114402e-02,5.266322985110370031e-02,1.303902278181838514e-01,1.127055937418536408e-01,7.106855746574175514e-02,1.469785199602999803e-01,1.223480037860152497e-01,7.902963763162966504e-02,1.606667952857357140e-01,1.377443799254971235e-01,1.034039770130928404e-01,1.817773309359018985e-01,8.438143671979181359e-02,1.206643008074211598e-01,1.760710741042006422e-01,1.497453134663376539e-01,1.722181446219286094e-01,1.991150233605736009e-01,1.836504526555013395e-01,2.488047211105320622e-01,1.987342276942091479e-01,1.832820021158148294e-01,3.161981288710806193e-01,1.899247564962449619e-01,8.524105634675048504e-02,3.385986858849246439e-01,2.157801073449164553e-01,3.433017984599395223e-01,6.722213712312173906e-01,2.076878087184400590e-01,-1.144670965105789168e-01,3.405924867733568506e-01,1.000000000000000000e+00,5.344326012704816442e-01,4.727453474669425226e-01,7.721911394321514521e-01,4.179103389141168301e-01,3.769155407481692976e-01,5.814330640145896067e-01,1.298420077833930264e-01,-9.342864020865822294e-02,8.524537740405616071e-02,9.011567160767265661e-02,1.090341599346037332e-01,1.330240830162371934e-01,4.296834244038327116e-02,1.249758251553205468e-01,2.599616212101649865e-02,-1.155455075518370817e-01,-2.592553693334471998e-02,-1.104699101058623789e-01,4.679091138548242997e-03,-1.157357862103043089e-01,-2.805096065152465346e-02,7.190405429518091640e-02,1.816396125574156958e-02,3.782434567666768249e-02,-3.238958990189298032e-02,5.642979296679244763e-03,-7.653948362122776905e-02,-5.443450557662878400e-03,-4.212625974793415828e-02,2.836281147246441647e-02,7.837118087156871860e-02,6.256063444597989576e-02,4.484988153252434696e-03
-2.566804209129812386e-02,-1.895079000288530865e-02,-1.530782976286800684e-02,-5.660855179303773445e-03,-2.829433372772364313e-02,4.499792654782196893e-02,-8.143670242028101108e-03,-1.977824242059283283e-02,9.610137661249537264e-03,-3.462588350499537764e-03,-6.764606185774595104e-02,-2.694602958769945836e-02,-5.523689230725995630e-03,5.827793545474617247e-03,7.624494928853906874e-03,3.911341993142992968e-02,2.689832552466217552e-02,-6.896363907182808881e-03,-3.126327096901399677e-02,-2.040200429567163784e-02,5.349908815215094655e-03,-5.568616765448055478e-02,1.215925969665649850e-02,8.299814875683462351e-03,-2.389032474129261507e-02,-8.611927939837138793e-03,-3.575465062200508092e-03,-4.145517093364406436e-02,-2.306941060008972644e-02,-4.106348056878203652e-03,-2.134969894953062455e-02,-1.135929710575620151e-02,2.030211119440832740e-03,1.765347022471271761e-04,1.030089815339856746e-02,9.970110175541268063e-03,1.901894952612444983e-02,2.727123161412470936e-02,3.548242281243609714e-02,3.292456274313163705e-02,3.309187462055318552e-02,3.419773398241302692e-02,5.238509128128875786e-02,6.327286849928986934e-02,4.492784224794928172e-02,6.507915722699848804e-02,3.293949225090011396e-02,5.792282842307063667e-02,6.074022128215419286e-02,6.460987454681180187e-02,7.162167974617231203e-02,6.605779960851600185e-02,6.922425832414440261e-02,8.726021288107305152e-02,4.951672787505242285e-02,1.025906269128241538e-01,1.062228236868158621e-01,8.066527700987419225e-02,7.095902598091823055e-02,8.094878013680384399e-02,7.526777788760617705e-02,9.645589886286667913e-02,3.941894438066771977e-01,9.500013020605298231e-02,6.947147329355948808e-02,3.231234565031179673e-01,5.344326012704816442e-01,1.000000000000000000e+00,5.045462174995190008e-01,3.971118302000914424e-01,-5.419011263378341325e-02,1.885979605547011273e-01,2.180257533096936484e-01,1.089676486156859921e-02,-8.339924890741984287e-02,-9.598458128288223090e-02,-1.023916288940667114e-02,-4.053015900933847060e-02,-3.837060088082727520e-03,-5.535738222221717880e-02,-3.978772109661637968e-02,-1.050554691489102724e-03,-6.945431942502931777e-02,-4.614838020939097951e-02,-1.116239713516301024e-01,-4.430967294534784995e-02,-1.788348913701584275e-01,6.598684756656405343e-04,5.088446235770601768e-03,-2.996926710199986771e-02,-3.368064630290538986e-02,8.172427924361219675e-02,5.985955586408178708e-02,7.059538517165436788e-02,9.866440914806796914e-03,1.936185637612439572e-02,-6.818816103578588528e-02,-6.761090294162866443e-02,-6.749338129827338328e-02,-1.399821524835974254e-03
1.222900046621315517e-02,1.931330084550938325e-02,-1.150131864593252097e-02,8.851394065588354468e-03,-3.809778120845761125e-03,6.275433422285503493e-02,1.215580537033099547e-02,1.472109545155147678e-02,3.379821035527330077e-03,8.675695237177779781e-03,-3.656723323235792911e-02,-1.071402747508117502e-02,1.023599637225391934e-02,2.788283428359911251e-03,2.642322305048879633e-02,1.971733435736802362e-02,1.545708477096618960e-02,6.588906598563122607e-02,-1.156891851730668802e-02,3.446422811377328893e-02,-9.200366019207694215e-03,1.091021714155465325e-02,4.091778323448686666e-02,2.625691881628670205e-02,7.619896256025925074e-02,1.598596839445086057e-02,4.782601275896996434e-02,3.875506406033039225e-02,-1.391045246581269768e-03,2.557366038998649255e-02,3.207155151883579747e-02,-1.666581892981454371e-02,1.933114144555635530e-02,4.884595783119374118e-02,2.356666002504829299e-02,1.222454627650106616e-02,5.913388916042518206e-02,3.529108315321898698e-02,2.050217417957413829e-02,6.574501759381265464e-02,3.338638487268388161e-02,2.534675582691368195e-02,7.728994222820688431e-02,3.827677528477772123e-02,3.199401452278589908e-02,7.036427018762735075e-02,-8.951939190387966363e-04,4.856794829683881709e-02,3.603126039778514061e-02,2.592187147107481021e-02,9.111051243364615138e-02,5.584169971197838062e-02,4.179737996311339021e-02,1.057666728408413193e-01,1.116881724110565209e-02,4.625965475276938577e-02,1.580257625349083817e-01,2.797559131058277929e-02,6.368391902060185905e-02,1.717679838954697946e-01,1.240375581975621672e-01,2.129122746821075773e-01,1.333875456880520560e-01,1.308850174416174017e-01,7.560477644922732054e-02,1.249916506499114816e-01,4.727453474669425226e-01,5.045462174995190008e-01,1.000000000000000000e+00,1.432221339920478620e-01,-1.298016149822997789e-01,-8.969927456808797495e-02,2.265617485739471193e-01,-9.041527200881332993e-02,-1.574309180163550315e-01,-1.642591534336048376e-01,-9.592206682192896960e-02,-8.352912516728898396e-02,1.537082851309911832e-02,-6.358800958552092430e-02,-1.331579124858297235e-02,5.798688246354045950e-02,-2.646148461669406426e-02,-5.391830406195267759e-03,9.891649067537269802e-03,-6.504541504339934888e-02,-1.330152272795207258e-01,-1.692382017527019333e-02,5.750009414943502845e-02,4.957789768800639069e-02,5.927661405572511727e-02,1.043864752597709056e-01,7.031282414123747604e-02,-2.568505104243414688e-02,-5.579423331296809452e-02,-8.557893011583482534e-02,-3.191824103087067405e-02,-6.793622786256518255e-03,-8.810008398198433677e-02,4.953266202294475014e-03
-5.596670435369752606e-04,2.234940113328920397e-02,2.220245767458733574e-02,-9.963263115183130375e-03,5.629222240886517896e-03,4.237350712692563443e-02,2.147962322183899833e-02,-1.876067172699173724e-02,2.577447672675862306e-02,5.789852074289950773e-02,-4.348337173833706493e-02,5.086955328385349938e-03,6.760151060813855695e-02,4.916643475708942779e-02,9.915402912110514444e-02,2.760326419437195145e-02,7.775706458420168776e-02,9.450604308111747176e-02,2.159948211821071176e-02,5.327173806939844436e-02,5.848212906479127032e-02,5.590488366977056610e-03,7.808262976919046194e-02,7.804430755253891072e-02,2.167426262932548031e-02,8.706426717562729123e-02,4.413232670202778957e-02,5.712111443118329801e-02,7.428101560219042832e-02,4.816851159846152752e-02,7.923729294425707614e-02,7.721716456856587973e-02,6.252020022641344155e-02,9.409950336923142422e-02,8.497285522287559290e-02,7.464703614752067617e-02,1.136219218274127085e-01,1.103546101148881325e-01,9.157423599967340344e-02,1.268128865884066148e-01,1.167539481542307078e-01,8.672434507372513146e-02,1.463206725317090784e-01,1.372879875435822072e-01,1.115617691439474979e-01,1.777973258129738887e-01,9.032543106733596783e-02,1.278550954592149180e-01,1.693235387937098158e-01,1.493850311832837785e-01,1.606603872408501055e-01,1.814949849726373854e-01,1.739925116560943619e-01,2.234873049398466704e-01,1.939488896513230920e-01,1.676220020983384407e-01,2.598452040715104605e-01,1.788772963801864291e-01,5.945428857247897492e-02,2.827096332009427782e-01,1.772159606686163624e-01,2.925265182969424282e-01,6.387237589486606248e-01,1.248656321381553524e-01,-8.026966786568567880e-02,3.620505184551091604e-01,7.721911394321514521e-01,3.971118302000914424e-01,1.432221339920478620e-01,1.000000000000000000e+00,5.703490516226171758e-01,6.126697237407157104e-01,6.217386185440775259e-01,2.033234923466132049e-01,-1.027954061557292131e-01,1.567804912110028759e-01,1.203769964476429366e-01,1.495272638402678489e-01,1.475587087570574829e-01,6.203891763279940214e-02,1.498568981992867977e-01,1.486148379032476395e-02,-1.142188574952723024e-01,-1.828430394145418719e-02,-1.732308695014622701e-01,-2.263371079554825100e-03,-8.924132199466691673e-02,-3.934648903568922600e-03,1.785400852960439266e-02,-2.647011567301373741e-02,-2.118712743962832337e-02,-9.816969475933745581e-02,-5.705183937847300990e-02,-5.195408755088237740e-02,8.746917376664054000e-03,3.829432281145915551e-02,6.719693843710870806e-02,6.588919619967013863e-02,1.258621268820956651e-01,-5.646961673750141436e-03
-1.086018613142543561e-02,1.355155466928690405e-02,-1.729397294508290203e-02,-4.277745935595016896e-02,8.231615270503436776e-03,2.525919231320155039e-03,3.522524309743358534e-02,-2.517816853946350589e-02,1.832679770949906706e-04,1.648163499973659754e-02,-2.971502145339575268e-02,1.795549185187849534e-02,2.076329108069852047e-02,1.889416087478860843e-03,5.603100784197298512e-02,-3.390782535961404942e-02,2.172772475341642334e-02,7.174998011525020314e-02,6.054823204852168017e-02,6.481171408594774141e-02,9.327764535090662945e-02,3.500953416796880047e-02,7.620471480024067212e-02,4.024864721524932382e-02,6.609271254422332056e-03,5.871146782488931987e-02,1.521542969987487066e-02,5.244889297039209697e-02,8.491577653092340083e-02,3.638270092738286193e-02,7.789812986723577970e-02,9.802220056054504471e-02,4.456927164416190495e-02,8.858389376169477358e-02,9.299495232946304590e-02,5.573960261649824749e-02,1.038424094731942582e-01,1.172345912706214272e-01,5.977216784492259127e-02,9.728735098987920105e-02,1.103547659252501062e-01,2.901056917355513895e-02,8.025901129281934332e-02,1.010383478893756432e-01,3.200090645565346198e-02,1.059021035164752489e-01,5.495054292040803950e-02,4.159946924193747009e-02,1.261730760000124019e-01,9.822742046523326442e-02,6.381811312235677325e-02,1.228319059391489304e-01,1.027767829390641707e-01,1.222159263474476565e-01,1.553531674006087826e-01,1.170928112270723520e-01,1.701672163933660165e-01,1.215451817117265410e-01,3.727200969336317421e-02,2.080356667627075440e-01,1.675996759087604870e-01,1.869142490107184862e-01,4.057539089541737365e-01,-1.661279375983347462e-02,-1.542045935725972206e-01,2.237932670892371356e-01,4.179103389141168301e-01,-5.419011263378341325e-02,-1.298016149822997789e-01,5.703490516226171758e-01,1.000000000000000000e+00,5.388174850208966582e-01,4.285435590653073334e-01,4.512772555793887475e-01,8.099297809619683541e-02,1.978380729619517442e-01,1.356672994368616769e-01,1.508884693158692725e-01,1.033273568338124032e-01,1.208167153116388864e-01,1.728364938984625343e-01,-9.521255138572014276e-02,-9.087878622819713093e-03,7.427596063895550160e-02,2.522354305454859932e-02,1.669432252994325072e-01,8.871143616904500484e-02,3.439664980690437801e-02,6.210221966051005654e-02,4.376235809150688660e-02,5.165151280786579174e-02,-6.347875516611839464e-02,-1.959614443598640607e-02,-1.040957866086104494e-01,-1.956768165348259092e-02,-2.538744407912132961e-02,6.659448337933072948e-02,9.621221685665114209e-02,9.521852532456101526e-02,-2.727947771134192623e-02
-3.642860127620626415e-02,-2.569634951559757966e-03,2.865704748784723283e-02,-4.546632761766673109e-02,9.603419364338297570e-03,7.847638982516971090e-03,2.913519523674406447e-02,7.332455686933219384e-03,2.883488399421668940e-03,1.829907889942814642e-02,-3.259216102152929367e-02,4.602861758343577796e-04,2.859704774355151941e-02,-4.728834570480258855e-03,4.270536078269138863e-02,-1.928743180204473689e-02,3.470854188258493817e-02,1.682573010463189397e-02,3.002912086557996130e-02,1.610687181539369878e-02,2.722841269336875175e-02,5.274744422013044783e-03,3.201657916368002427e-02,2.140002951215150967e-02,-3.680314437712284281e-02,2.259960522536861791e-02,9.238712082937035113e-04,1.852322738385938977e-03,3.986554167882311317e-02,2.560627556944820513e-02,3.132008325860376891e-02,5.034673849126575229e-02,5.437854905493815644e-02,3.788822127267106599e-02,4.277882455822487606e-02,7.503691689502788031e-02,6.448938907225389150e-02,5.303675565187202651e-02,9.726256576664535358e-02,7.224388432267600524e-02,6.559766137706131428e-02,9.149946730708199971e-02,9.151304953159808409e-02,8.632637666715134439e-02,1.018790572594927835e-01,1.199307549595727135e-01,6.684823124177896592e-02,8.864627077484157902e-02,1.275038564388006612e-01,9.942957883098341165e-02,9.542842352464633859e-02,1.405113270585074403e-01,9.947491431289474939e-02,1.426406978836987915e-01,1.606972058163193551e-01,1.215694554014837003e-01,1.474425152834794306e-01,1.258360410640514959e-01,2.391431776373569712e-02,1.767910404282216352e-01,1.167660377500878144e-01,1.975448606746173508e-01,4.053472572476218838e-01,1.941750937181672618e-02,-1.736392037699867330e-02,2.876726119234830348e-01,3.769155407481692976e-01,1.885979605547011273e-01,-8.969927456808797495e-02,6.126697237407157104e-01,5.388174850208966582e-01,1.000000000000000000e+00,3.895783921370673530e-01,2.271047182034009182e-01,-1.013150304518690564e-01,1.616260951960860337e-01,7.116500154450433602e-02,7.666986461454579349e-02,6.419495066809523254e-02,-5.413703787352957750e-03,3.161187489918378807e-02,-2.939096371894706766e-02,-4.848054824334063068e-02,4.644934879266270078e-02,-1.064147362488490900e-01,3.271603148869975386e-02,-4.526483145393770356e-03,1.096723047821552832e-01,-1.480770142425613944e-01,-7.785759012597900930e-02,-1.614264924210421226e-01,-8.941643048015689155e-02,-1.469955550567396407e-01,9.773394137707529239e-02,-1.722277328042916625e-02,1.988990893715796016e-01,9.620445161690267810e-02,-1.016885919404760946e-01,8.151222959228852927e-02,-1.115448335234589528e-01
-1.744206449347364407e-02,2.171516270220112677e-02,-1.432959342447344755e-02,-3.911965465146292897e-02,5.246028046970459442e-03,2.542006202810113968e-02,1.785348955107204233e-02,-9.435197267038630126e-03,1.936496607158769839e-02,3.021133792438701615e-02,-4.322421553103499708e-02,3.305813528597465606e-02,4.167982276940010444e-02,5.244646281415434735e-02,8.301351953676711082e-02,2.493533280387983872e-02,4.549996219347805793e-02,7.897062133199971024e-02,2.822959868963926394e-02,7.735389474795924258e-02,5.193142059159949753e-02,2.931234053724500813e-02,9.865072987493403445e-02,1.107559156468029271e-01,5.351337484317329751e-02,1.112631451070190403e-01,5.175779306593647489e-02,7.692563632778008642e-02,1.130400208359430975e-01,4.520973171635893351e-02,9.049246265891684737e-02,1.091173162031941340e-01,5.795755545557648714e-02,1.003758652254326811e-01,1.146261585641462910e-01,5.404982849283695989e-02,1.290497031270250172e-01,1.361316050286492108e-01,5.481443871674820251e-02,1.308025312684453212e-01,1.154882333642114484e-01,2.655156670150592493e-02,1.289622831644116896e-01,1.138294470672556458e-01,2.471197490345484679e-02,1.312271718684587252e-01,4.047781513948571497e-02,4.191561103706514108e-02,1.406942974471848407e-01,7.371709181450980530e-02,9.938527248361339606e-02,1.575840443357479081e-01,1.118718678986411474e-01,1.812113722848023301e-01,1.673586712209740313e-01,1.399343033751161425e-01,2.598609868563561687e-01,1.504892693982780305e-01,7.870619761038868956e-02,2.709799120038384745e-01,1.467104454920340750e-01,2.544016763415537508e-01,4.347634537072441741e-01,1.529534391138009375e-01,-1.335350876888233007e-01,1.403466536948073939e-01,5.814330640145896067e-01,2.180257533096936484e-01,2.265617485739471193e-01,6.217386185440775259e-01,4.285435590653073334e-01,3.895783921370673530e-01,1.000000000000000000e+00,1.282227484015335262e-01,-1.370798060116277806e-01,1.652276094074302815e-01,1.163060291686531245e-01,1.979251427301694788e-01,2.182161873420597475e-01,6.654362610541628142e-02,1.876305168435695725e-01,2.414694466927033711e-02,-9.352624409103246772e-02,-8.024513883152972760e-02,-1.889135687322636981e-01,1.916563143437139197e-02,-1.354014060198961977e-01,7.552273692263383742e-03,1.325152979064923575e-01,-5.779710236827061837e-03,7.001546256746919716e-02,-4.846073328252582108e-02,4.250286230380991709e-02,-1.179472442187956688e-01,4.464061114461498336e-02,-8.326819588669284733e-02,7.038941493584627979e-03,1.518192445067659824e-01,1.004085616400076653e-01,8.056583074781870080e-02
5.705438952699882701e-03,9.765006860341552894e-03,-6.847847348486369758e-03,5.048823293458703544e-03,2.571701197336766220e-02,5.490306637854234367e-02,3.786205689406445946e-02,1.317118572303395364e-03,5.263771913414688752e-02,4.298599980850245639e-02,4.156017352622144029e-02,4.103400799476421973e-02,2.263820097132265841e-02,-5.134773604196953001e-02,-2.007769554645037410e-02,-3.949734077433777329e-02,-2.251768671834877833e-02,-9.673604503657553741e-03,1.802264281451657763e-02,5.591323004311514466e-02,4.036066860110872762e-02,-9.870435375805699380e-03,8.213317050142618370e-02,-1.211491003022616836e-02,-2.693036160798310819e-02,-2.325271689892989546e-02,2.695262960483091525e-04,-8.940765259138635720e-03,2.537894743243288270e-03,2.454114005851380786e-02,7.371206652160858241e-03,2.905645497084267947e-03,1.867814796969067062e-02,-1.952530099729130400e-03,-7.863206512091812719e-03,3.399150100032222871e-02,1.500820805915919348e-02,1.538996450209408236e-02,3.821250508162595677e-02,7.317763416068067718e-03,1.171634712766440184e-02,9.650928915437459801e-03,5.122406108179848594e-02,3.457048700265111241e-02,3.728304677098643466e-02,5.192152141339501092e-02,8.250104941078521825e-03,6.175310730397187697e-02,6.573552287045335285e-02,7.187382090433694359e-02,7.793368333616342014e-02,7.183003446773340850e-02,7.425442913310799364e-02,8.286997119745621865e-02,9.538420059545876795e-02,1.207092149957914723e-01,1.340325284339642098e-01,1.042432233213031190e-01,1.100042257547126923e-01,1.164147601427310136e-01,3.574880398556037203e-02,1.283509991075098833e-01,1.509307342753178904e-01,2.875557287016019051e-02,-7.675526555398300144e-02,2.584451281858358637e-02,1.298420077833930264e-01,1.089676486156859921e-02,-9.041527200881332993e-02,2.033234923466132049e-01,4.512772555793887475e-01,2.271047182034009182e-01,1.282227484015335262e-01,1.000000000000000000e+00,2.715796468470987879e-01,1.046028193612149465e-01,1.973619733450922009e-01,-2.437547813096348562e-02,-3.093495899576427510e-02,-1.171945442343716587e-01,1.546693817906367729e-01,-3.303514037035778367e-02,1.295648679151047977e-01,2.423417750497163514e-01,-9.567928075963277185e-03,-3.880653654801343583e-02,-1.064057767465055732e-01,-1.612271907258928383e-01,-7.417293564207694256e-02,-1.342613155308758077e-01,-1.137680191999052848e-01,-1.146890394045478184e-01,-4.636222506843527824e-02,4.280743002779648088e-02,1.011576376860347376e-01,1.268282911826959236e-01,2.315670055172233677e-03,-1.553622154390052554e-03,1.399269270155859002e-01,3.305827963245988599e-02
-1.200049709461946910e-02,-1.049641451043233087e-02,-3.413486497647899316e-03,1.377065037639828814e-02,-1.315154652984714886e-02,-6.737396477168675762e-03,-2.271991423082770495e-02,-4.816441582744610678e-02,1.721190648349960398e-02,2.299923899103171413e-03,-9.447537314215520565e-03,-2.736822096631284784e-02,-4.814254948921033346e-03,-3.110775358839050139e-03,1.645629586518015160e-03,-2.577516552107442412e-04,-2.540358635617175065e-02,-1.131096746298655741e-03,-3.111063395243515370e-02,-1.173293327360892119e-02,1.955377807832889281e-02,-4.954761278600918611e-02,-1.242024054463220818e-03,-4.959314509774949420e-02,-7.014257938115688040e-02,-2.992079735610981769e-02,-6.371073382419251141e-02,-8.954166873339843014e-02,-3.967011850248943622e-02,-4.220881049844911470e-02,-6.724790979155043091e-02,-3.428136849989758816e-02,-4.976074991186436869e-02,-6.884010720810966599e-02,-5.305607099462773119e-02,-2.913672363577079344e-02,-4.255953695583628710e-02,-3.408574841235958996e-02,-3.022434701189383871e-02,-5.304376959988146845e-02,-4.574947226371400139e-02,-3.724262739509780207e-02,-2.158241689728781706e-02,-3.718782877287756666e-02,-3.371982502231306994e-02,-3.125411612132593386e-02,-2.539947481702044957e-02,-5.083960114011155246e-02,-3.279099807513739806e-02,-1.538219548787582956e-02,-7.157079156543742771e-02,-5.282787245597142523e-02,-3.866362036440657707e-02,-9.515330754851789030e-02,-3.428606860483306151e-02,3.304101327052260534e-02,-8.233155558942156782e-02,1.066570432029900935e-02,7.089919971132703502e-02,-1.381583472304058757e-01,-1.632771898924421095e-01,-1.031434577690503451e-01,-4.691506506583030534e-02,-7.299256502992695905e-02,-3.171725204213565134e-03,-1.304155391183415072e-02,-9.342864020865822294e-02,-8.339924890741984287e-02,-1.574309180163550315e-01,-1.027954061557292131e-01,8.099297809619683541e-02,-1.013150304518690564e-01,-1.370798060116277806e-01,2.715796468470987879e-01,1.000000000000000000e+00,5.128227016170012753e-01,5.938876435854787417e-01,2.704306100740440089e-01,8.254660207789074611e-02,-6.040708375529477842e-02,8.879354144929513248e-02,-2.181412741445274209e-02,-9.754528137670247234e-02,1.029011365310480153e-01,-6.921696995437659787e-04,-1.731937931162961519e-01,-4.234496503083682445e-02,-8.965475960293302349e-02,-3.354907042632589848e-02,-4.234622249724209753e-02,-3.705152013165613489e-02,-5.708829472221349510e-02,-8.395562775558073135e-05,3.906471039756235532e-03,7.068789624038812613e-02,2.031015248468913750e-02,-3.126357400747063059e-02,8.126701220981882162e-03,5.111083377798830013e-02,5.879444608541534167e-02
-5.679517364238582250e-02,-2.858906251499751180e-02,-1.380771822516152665e-02,-4.001644606323465775e-02,-1.055363628982573972e-02,2.646035180613632784e-02,-4.759546074511102932e-03,-5.480402891785300656e-02,5.170164196754369057e-02,2.285038269495722613e-02,-1.194044386606058807e-02,-1.983265340748905335e-03,2.317447326699827864e-02,2.117982551591465409e-02,3.460091071939611074e-02,1.660204916898576702e-02,1.097152178219861982e-02,8.728122073451742569e-03,-1.573829110038364731e-02,-2.588319400527574598e-03,1.858633283433051495e-02,-4.874404065620874943e-02,1.456927885235720192e-02,-2.870259432912227252e-02,-6.103045209529033704e-02,-1.503879739708420668e-03,-3.518086299188625393e-02,-4.310262941818542720e-02,7.047323486687986221e-03,-1.365893538558238599e-02,-2.713084480755692529e-02,1.810406316406028976e-02,6.836865132058098093e-03,-3.122282807778496358e-02,2.443305231219989118e-04,2.163842393660865560e-02,-4.788522929137576691e-03,1.115706596831931782e-02,2.561023732571433148e-02,-2.325349507736000285e-02,1.821360617011710337e-03,1.586984846574963220e-02,-2.615841415715311393e-03,1.027386041835465398e-02,2.871051567585964498e-02,2.363643419087431419e-02,3.118087901911133220e-02,1.710178411140644492e-02,2.938965812141557457e-02,5.386729021116206523e-02,-4.791117496827680677e-03,3.390736561924156955e-02,3.147503616288124112e-02,2.182853131555019185e-02,5.215081990219976732e-02,5.277890819094297609e-02,4.031037518019044141e-02,5.723387665898732601e-02,4.785767190345768113e-02,2.273802705860737683e-02,-1.457874704698601705e-02,3.780116964979949451e-02,1.501339910510743891e-01,-1.688483991967553582e-02,-4.915802036297044902e-02,6.498324075886609263e-02,8.524537740405616071e-02,-9.598458128288223090e-02,-1.642591534336048376e-01,1.567804912110028759e-01,1.978380729619517442e-01,1.616260951960860337e-01,1.652276094074302815e-01,1.046028193612149465e-01,5.128227016170012753e-01,1.000000000000000000e+00,5.331932362990358110e-01,4.677969884955187063e-01,1.543313034297190689e-01,7.560368853652855992e-02,1.264360461367700084e-01,-7.215579134229002656e-02,-2.640300596677746525e-01,-3.149859619007817912e-02,-1.365629149647064333e-01,-1.161103234056944794e-01,2.845514003026650487e-02,-5.845568284625572882e-03,-3.285562288213871029e-02,-3.024875015056163394e-02,-3.628417016104023424e-02,-6.399854273178907926e-02,-2.720912301026658098e-02,1.004081549712236565e-02,6.267679294461996065e-02,4.203273595288102571e-02,1.522713680609699173e-02,-8.240192589047290461e-03,6.687838135612567125e-02,-7.419626699025556535e-03
-7.300921167846789565e-03,1.928067744262285154e-03,3.617553589705593733e-03,5.102413168878321137e-03,-1.446375766198345486e-02,4.268401063985008057e-03,-4.876498882223178483e-02,-2.429546710878470114e-02,-6.267934716836249393e-03,4.403896826374715211e-03,-6.155670448264402572e-02,-3.807577805982736985e-02,7.847236500029572057e-03,8.501768011908309233e-03,2.717307542892609395e-02,-4.364944413267661354e-03,4.265583505901670257e-03,1.640160835328440675e-02,-4.261674109316108960e-02,6.411036690326422059e-03,3.475396088034353459e-02,-6.656843758079641904e-02,1.309749932674383194e-02,-8.062776796079998420e-02,-9.392045351084395144e-02,-3.891344950497462735e-02,-1.032973280394158533e-01,-6.196226009456968359e-02,-3.777897540444268010e-02,-8.030522953986206358e-02,-4.947194496024022448e-02,-4.537292411835237849e-02,-7.291027671097058405e-02,-5.660687695457291418e-02,-5.119395481766598338e-02,-4.213033088094229883e-02,-3.196559198654926048e-02,-2.797600361869543445e-02,-3.302457593215656767e-02,-3.895421972422732915e-02,-4.788097034847157291e-02,-3.519646706030179345e-02,-2.424749411932951293e-02,-2.661560981162030062e-02,-1.981697395595198238e-02,-2.866700266254994939e-02,-6.883948530758657487e-03,-2.352097809372477935e-02,-2.718141760686440794e-03,2.691389561924968990e-02,-2.858546342095305906e-02,-1.046151635053728726e-02,1.396731144046456548e-02,-2.038192729690403368e-02,2.554257527915965859e-02,8.746741440369674991e-02,-7.928181148987396495e-04,5.748924891226755984e-02,9.998137350665754763e-02,-5.377056993609133362e-02,-8.410049016967367785e-02,-2.028299701092674615e-02,1.180472802046519387e-01,-4.171060985496251317e-02,-1.890268539935361855e-02,7.752289460361334872e-02,9.011567160767265661e-02,-1.023916288940667114e-02,-9.592206682192896960e-02,1.203769964476429366e-01,1.356672994368616769e-01,7.116500154450433602e-02,1.163060291686531245e-01,1.973619733450922009e-01,5.938876435854787417e-01,5.331932362990358110e-01,1.000000000000000000e+00,3.703073654147223115e-01,1.101884167118312025e-01,-1.613413503771032181e-02,3.138614397675503626e-02,-1.428945477750152154e-02,-2.073530858631753571e-01,4.894036681254536336e-02,-6.662413096419582403e-02,-1.750640580157454274e-01,-6.217361001713582469e-02,-6.461034959023184698e-02,4.313619461615644107e-02,1.925596774334340996e-02,3.513570946989195282e-02,-6.838152255219749620e-02,5.886164711597048800e-03,-8.374853953462220446e-02,3.709438411900554261e-02,-3.399312354186769664e-02,3.661807372827223517e-02,8.596550093121672897e-02,8.829738517434887468e-02,9.359974935360820814e-02
-5.686311501699094217e-02,-1.735285533887909529e-02,3.124074040623530703e-03,-5.185347650822309806e-02,-3.534153971626190216e-02,-1.505317205479919825e-02,-1.225850942006777126e-02,-6.744366973699866818e-02,-3.412249777703104617e-03,2.242222264435066864e-02,-5.469798016930126072e-02,-1.093892519554638156e-02,2.864140175016750833e-02,8.333742215919347218e-02,3.627356450561842333e-02,3.847472726089257167e-02,4.159250068024605840e-02,2.010404129255376725e-03,-6.405235708688052088e-02,-2.970603591667041188e-02,-7.568383345708827592e-03,-4.229901876432760194e-02,-1.945386528025934425e-02,-6.346844855007882126e-03,-4.040799975943999700e-02,2.347799783197342116e-02,-6.632018404436682002e-02,-3.657623144518085817e-02,1.815986336029279044e-02,-6.695709915049066763e-02,-3.383912581127267866e-02,1.997120539763423339e-02,-5.033824292998597544e-02,-1.669655920103408839e-02,1.015515278230112554e-02,-1.647153709972036875e-02,1.455490062536739064e-02,3.234106727148384347e-02,7.955693726092026574e-03,1.673266142824528582e-02,2.887283027857943940e-02,-2.611456872991981936e-03,9.944883923226800412e-03,4.312671630244372528e-02,4.486784621855285753e-03,2.666296053355680928e-02,5.264730624388835184e-02,1.041261827115422950e-02,3.542404795769894810e-02,5.223694188492122858e-02,-5.009220994111670579e-03,2.018515360708152129e-02,3.189458837278732334e-02,2.774799682212369251e-02,4.840659725792936102e-02,2.985403783602808350e-02,5.425202619911962537e-02,5.260831188017064952e-02,3.496484464058841751e-02,4.592397046429550628e-02,1.096567526600590245e-02,7.026121204888271903e-03,1.215688456102756998e-01,-1.544546145452223122e-02,-2.173139364977419788e-02,3.913124832522302254e-02,1.090341599346037332e-01,-4.053015900933847060e-02,-8.352912516728898396e-02,1.495272638402678489e-01,1.508884693158692725e-01,7.666986461454579349e-02,1.979251427301694788e-01,-2.437547813096348562e-02,2.704306100740440089e-01,4.677969884955187063e-01,3.703073654147223115e-01,1.000000000000000000e+00,3.529237100332057731e-01,1.513488010841347320e-01,2.372509132494007855e-01,1.103231950528953120e-01,-3.533084024658233457e-01,-1.451142475959192601e-01,-1.571253298607503679e-01,-2.985103371233897851e-02,8.248950375499657095e-02,8.771183246637080655e-02,9.052114738369740343e-02,1.456070613559753146e-01,1.046530632263087957e-01,-6.482461712330704617e-02,-6.616198343372155233e-02,-1.390140997463394090e-01,-1.109657549742885246e-01,-6.579375687403327122e-02,1.293264471563596030e-01,9.427680911976750455e-02,4.642567726210786172e-02,-5.367187192964169989e-02
-5.213692613332237408e-02,-2.909766240749277547e-02,-3.772802375401339975e-02,-6.543166444250718417e-02,-4.540846469554678244e-02,-5.748876097471559282e-02,-4.648932171139714270e-02,-5.950382275963929379e-02,-3.701392117476521443e-02,-4.964282099457709846e-03,-6.689490021858231217e-02,-2.310274174728925087e-02,-3.596371590943113136e-03,7.619499618212965952e-02,3.409296371105564188e-02,3.543187256933532508e-02,6.704085084852448584e-02,1.872383500550282159e-02,-4.941410923208953976e-02,3.258559889849701324e-02,-7.391284084785297408e-03,9.535948307482444708e-03,9.517867717646098097e-03,4.340814556823014564e-02,-3.198103750139393020e-02,6.248598887119889700e-02,-3.521708266221636879e-02,-4.491736032552463517e-04,5.240121088165912433e-02,-3.069023015540330024e-02,1.780931688346102867e-02,4.445908823455145542e-02,-2.778538530887512958e-02,1.480614744067224736e-02,3.204782418640091113e-02,-2.100612496497859805e-02,2.292957848204655799e-02,1.636589323121880740e-02,-2.563975022050863500e-02,6.470803496550938186e-03,-3.473757558210404609e-03,-5.270448978157771247e-02,-1.399521798224444584e-03,1.334715439954007980e-02,-4.047246979902629355e-02,-1.194008730790560406e-02,-7.309873318189725805e-04,-3.216137089869756244e-02,6.256844728014806546e-03,-1.069071614023962315e-02,-2.650646381711634515e-04,8.716772488853666984e-03,-9.786683645769757994e-03,4.082014502265344028e-03,5.595360242621355909e-03,2.641578175555387917e-02,3.945561248144409394e-02,2.228487802372147025e-02,4.479693261721330588e-02,2.113573330723307608e-02,-5.749054193647471292e-03,1.512604662325319101e-02,9.656199076534119352e-02,5.713810710580465718e-02,5.789800677603230278e-02,3.288930576596034439e-02,1.330240830162371934e-01,-3.837060088082727520e-03,1.537082851309911832e-02,1.475587087570574829e-01,1.033273568338124032e-01,6.419495066809523254e-02,2.182161873420597475e-01,-3.093495899576427510e-02,8.254660207789074611e-02,1.543313034297190689e-01,1.101884167118312025e-01,3.529237100332057731e-01,1.000000000000000000e+00,4.541259800721892392e-01,5.289722335980407975e-01,4.094593460199550394e-01,4.279226883979424245e-02,-1.097889819930283201e-02,-6.615151230961399675e-02,9.840345914759435209e-02,1.334655527530456409e-01,5.323092667453364207e-02,1.994776153444904540e-02,1.177732867827096797e-01,4.615781165411218107e-02,-2.152923116091912392e-01,-1.942286445167163977e-01,-1.523310524871337446e-01,-1.029228392742214254e-01,3.184824053883382466e-02,2.265282412782681776e-01,9.007063297656864309e-02,1.922262399736919258e-01,-6.240601759453951597e-02
-6.766687548051965317e-02,-6.460460133173333286e-02,-3.224756018926669410e-02,-6.662958244924288564e-02,-4.732911884459132384e-02,-5.025502730930787171e-02,-2.994704123310370364e-02,-6.133774367962908924e-02,-5.095799827353094530e-02,-5.668552483155187699e-02,-1.971942326408085769e-02,-1.138307129959737971e-02,-5.976854344530400237e-02,-2.765328305507937581e-02,-2.469446136831985120e-02,-4.367445367947195983e-02,-2.399908878360241041e-02,-2.386067015722564966e-02,-1.474107877538669703e-02,-2.747673156834415029e-02,-3.086251644977193800e-02,-1.231957827221973403e-02,-4.774992708813055597e-02,-3.477628631068861720e-02,-6.853361280936919042e-02,-1.030069464771407074e-02,-7.626804971185507931e-02,-3.779133850206017192e-02,-2.247185563812012163e-02,-8.152335798269069733e-02,-4.500983292198024871e-02,-2.389712768123005565e-02,-8.480432662608701488e-02,-5.884305501316054038e-02,-2.956056761212097136e-02,-7.941748151703217906e-02,-7.218436534040841013e-02,-3.337923982916546350e-02,-7.197987845880851610e-02,-8.955587958857721964e-02,-4.025270939760521721e-02,-8.428766753384943355e-02,-9.648215432526573154e-02,-3.969619945913448189e-02,-6.401437863413826646e-02,-7.286110066800390028e-02,-1.013948417300062840e-02,-3.903773552383608958e-02,-6.874729892115440111e-02,-4.327629863392954551e-02,-4.462707231601985985e-02,-6.314569370047709573e-02,-4.035343083041281753e-02,-6.680221047789765276e-02,-6.355504826255500839e-02,-3.257256248946874266e-02,-3.683003412657806508e-02,-8.095408829586489552e-02,1.133955696919547451e-02,-4.221422568324412899e-02,4.865504555192379926e-02,-8.603900248413828833e-02,6.469390126886738479e-02,-2.003373355144273671e-02,5.506501490507109339e-03,4.631402631344214843e-02,4.296834244038327116e-02,-5.535738222221717880e-02,-6.358800958552092430e-02,6.203891763279940214e-02,1.208167153116388864e-01,-5.413703787352957750e-03,6.654362610541628142e-02,-1.171945442343716587e-01,-6.040708375529477842e-02,7.560368853652855992e-02,-1.613413503771032181e-02,1.513488010841347320e-01,4.541259800721892392e-01,1.000000000000000000e+00,3.859658047404209702e-01,1.804889220168441333e-01,4.630659127299785460e-02,-1.286151729504144900e-02,1.209476170935141204e-01,3.001708915371128494e-01,3.215695007823164975e-01,8.506923541899032160e-02,-1.773745700791117333e-02,1.708843375163938694e-01,6.052504603597697042e-02,-3.357745274790030487e-02,-1.019219586326352983e-01,-1.012841101286733880e-01,-1.826034154881055471e-01,-2.490707092068902492e-02,1.708709719293533547e-01,-1.017502850707795690e-02,-2.696327281329055289e-02,-1.590641894818285995e-01
1.268915206457529518e-02,8.425725845942724085e-03,2.177911659853048326e-02,5.614746591124653886e-03,1.111122769170587790e-02,1.043004483650362968e-02,4.395668875760744276e-02,-1.240425486689130698e-02,2.394316909456600806e-02,1.380168988554686220e-02,2.098729623566148589e-02,4.096065567346787034e-02,3.862418423297520574e-03,6.137395021336622403e-02,2.033740718951549190e-02,3.349174923074146187e-02,5.646239670588414777e-02,2.989769948350963838e-02,-2.249030427044020064e-02,3.161461302307341792e-02,-2.733752151912515003e-03,4.336404552615903685e-02,-7.036330411064628879e-03,2.150866729766114788e-02,-9.423848675417503470e-03,2.304538106226481156e-02,-4.591176924707580237e-03,5.733298943248641040e-03,1.138143623533945797e-02,3.682293983257692391e-03,2.277290862852692638e-02,4.418398442775426163e-03,-3.413261543598455211e-03,3.129543651533482629e-02,1.042180986577428102e-02,-5.850076541289743991e-03,4.307813884725533032e-02,-4.069384915923406239e-03,-1.356006044687384747e-02,3.534578302150459539e-02,-4.405003282257375676e-03,-2.800260313465063530e-02,3.714307688529033813e-02,8.032890783639506579e-03,-1.990030210438513067e-02,2.518757872409135845e-02,-1.461829826449767729e-02,-7.115826840118078846e-03,6.003349239822873204e-03,2.351943233039343467e-03,1.504754821440013914e-02,3.249224092863035179e-02,2.284160383764979874e-02,1.624390580212922014e-02,2.905613574847167382e-02,4.218852365323710191e-02,7.332620269637139809e-02,3.560654029856206298e-02,6.312269008719523233e-02,4.497252096025766699e-02,-1.420722827641555247e-02,2.249125372496612110e-02,8.373491644431869940e-02,1.659488993351071126e-02,3.108808356386015548e-02,4.758201754602008754e-02,1.249758251553205468e-01,-3.978772109661637968e-02,-1.331579124858297235e-02,1.498568981992867977e-01,1.728364938984625343e-01,3.161187489918378807e-02,1.876305168435695725e-01,1.546693817906367729e-01,8.879354144929513248e-02,1.264360461367700084e-01,3.138614397675503626e-02,2.372509132494007855e-01,5.289722335980407975e-01,3.859658047404209702e-01,1.000000000000000000e+00,4.700576560169594242e-01,8.897352205819301918e-02,1.609841749944218026e-01,-1.904293269666385360e-02,4.962990417802333465e-02,7.941280752005359933e-02,1.633541726213963083e-02,1.352372116974981733e-02,5.230732775050380562e-02,3.359895057335002960e-02,-2.119734400927489881e-01,-1.591071271046947677e-01,-1.431753685494114858e-01,-4.233842821566838333e-02,2.816716979045183478e-02,1.830277572659360918e-01,1.162131015808073459e-01,2.024716995004736675e-01,-1.633067877187663677e-02
2.299226536805655877e-02,2.716917685636077717e-02,5.937402340953593094e-03,-6.903022390973598960e-03,1.688477976178022824e-02,-2.972464347148907459e-03,1.227592307784120505e-02,7.817004628261669044e-03,1.297911169461035338e-02,-7.647253817440587999e-03,1.096148687607760921e-02,3.127292035863960679e-02,1.981150846930694598e-02,3.360353512842467055e-02,1.125342081746083869e-02,1.146123451563337003e-02,5.346714409546402674e-02,4.172689310954127290e-03,-1.624739924395810289e-02,6.736405568155995338e-02,2.327127247943657808e-03,7.469714735113607007e-02,1.245912308448230213e-02,-5.568516087565162503e-04,1.186740224718533382e-02,1.337416263152637654e-02,1.888003843130818885e-02,-1.717057280797296137e-02,6.573740023426420317e-03,4.085142784864385229e-02,-1.036028224712117612e-02,7.347226180061573611e-04,3.724018104929541217e-02,-1.327425662408328148e-02,7.390827673215008033e-03,2.979186907799727044e-02,-1.217110176576699683e-02,-1.538171325116450758e-02,2.431633187225435908e-02,-2.704151617640550981e-02,-4.215135281808972401e-02,-2.506342613465699018e-02,-8.179813920045813161e-03,-5.369739155563965465e-03,-1.683881865337769762e-02,-2.837789264443631165e-02,-1.764961050239285826e-03,-1.054190164955690935e-02,-2.645615401715961310e-02,-3.258046184662954231e-02,-4.315967731644745203e-04,8.921364516433343342e-03,-5.864043855588735484e-03,1.645768981905698994e-02,7.862686590634326844e-03,3.084095230276686413e-03,5.531917650554737942e-02,9.205137330367985093e-03,2.963626490921654824e-02,3.990734078390274775e-02,-9.337827644957841407e-04,1.340833948844993156e-02,-2.367117626406304090e-02,-3.070871096640525461e-02,9.587008988781849095e-02,3.811026448030416930e-02,2.599616212101649865e-02,-1.050554691489102724e-03,5.798688246354045950e-02,1.486148379032476395e-02,-9.521255138572014276e-02,-2.939096371894706766e-02,2.414694466927033711e-02,-3.303514037035778367e-02,-2.181412741445274209e-02,-7.215579134229002656e-02,-1.428945477750152154e-02,1.103231950528953120e-01,4.094593460199550394e-01,1.804889220168441333e-01,4.700576560169594242e-01,1.000000000000000000e+00,2.795206638415173583e-01,2.620017956934119208e-01,8.858660045775895719e-02,-3.996315922985240604e-02,5.153833595141956575e-02,-1.638056655226413638e-03,-1.438516780650752891e-01,5.837120720612703345e-02,-8.959939677584816131e-02,-2.219079872392093200e-01,-2.842547266180651122e-01,-3.637886294523185599e-02,-1.426062392390485545e-01,1.714199570064718625e-01,2.656451727135428209e-01,-6.799151480510115531e-02,1.405530703226636757e-01,-1.435747972096038105e-01
1.941785935724027815e-02,2.234907122452827952e-02,2.421337685098379905e-03,-8.759938700097948464e-03,6.030448832569713924e-02,5.470894768682509762e-02,6.410800174695792386e-02,3.148479704357517311e-02,6.868110778978421538e-02,1.594566694124550238e-02,1.014844437926002846e-01,8.015686180358545798e-02,2.899946559427322990e-02,-3.733255163553302752e-02,4.725363858536682504e-03,-3.188442474783117347e-02,1.667679477519680301e-03,3.481790886567637244e-02,1.814750534413767102e-02,9.393551943489802936e-02,5.937738243630630297e-02,4.815457360865525033e-02,8.551744547535652941e-02,-2.419205523983314430e-03,3.207446293526193450e-03,-1.049108557190330665e-02,1.893214392294154461e-02,-3.152053947350682422e-03,-1.360575685876424384e-02,2.419937063296588586e-02,2.051505694623408788e-02,4.419854063130696062e-04,2.355076078759213432e-02,1.584570000595089678e-02,-4.767193075235021636e-03,-6.402418456037469938e-03,-1.785728007618198401e-02,-4.330947277829751835e-02,-5.806872836859806181e-02,-5.231145054598147076e-02,-9.274812185965743139e-02,-1.332170789491076424e-01,-6.878793541807265433e-02,-1.098896864792476419e-01,-1.329689931696205751e-01,-1.112775788300269381e-01,-1.325021551161040534e-01,-1.327496396019423597e-01,-8.950259120675339852e-02,-1.533898312744530756e-01,-9.863023932917018566e-02,-5.534839624589765750e-02,-1.240166244949604119e-01,-1.102662189351483191e-01,-6.352312934739209882e-02,-8.124821888329625263e-02,-6.548509202165797571e-02,-9.983704658738766502e-02,-5.173886746743069920e-02,-5.182267245117028881e-02,-5.557300005193401390e-05,-5.317406323043852301e-02,-1.064157609057140436e-01,-7.971190151285768855e-02,-1.786945356422608294e-02,-4.356621531429021726e-02,-1.155455075518370817e-01,-6.945431942502931777e-02,-2.646148461669406426e-02,-1.142188574952723024e-01,-9.087878622819713093e-03,-4.848054824334063068e-02,-9.352624409103246772e-02,1.295648679151047977e-01,-9.754528137670247234e-02,-2.640300596677746525e-01,-2.073530858631753571e-01,-3.533084024658233457e-01,4.279226883979424245e-02,4.630659127299785460e-02,8.897352205819301918e-02,2.795206638415173583e-01,1.000000000000000000e+00,4.974437024570915189e-01,4.273628422000815275e-01,2.499647799553730287e-01,1.204362890793854307e-01,1.148411768137522736e-02,-1.345419729106664686e-01,-8.484082175892329603e-02,-1.067714689031276643e-01,-3.379474845629307223e-02,-4.386047677219865465e-02,8.587582518942095400e-02,2.464811548911879924e-02,1.053888995900225528e-01,1.844470742227455459e-03,-9.031629348309849759e-02,1.189832386615676495e-02,-5.271576020525747808e-02
6.442520691818555412e-02,6.296319680645860728e-02,2.975684968533189034e-02,3.428132715040761724e-02,1.093596351996690558e-01,9.815377028889889222e-02,6.982302696254304164e-02,8.324629162954055861e-02,1.120730903375178888e-01,5.219202420188737840e-02,8.433687477814806599e-02,7.360513832886624030e-02,5.952201676965584998e-02,1.523590852813142167e-03,3.600005106133233324e-02,-7.335777833312936156e-04,1.725358330635114873e-02,3.657463641531216725e-02,4.627449724236466777e-02,1.033780974236232358e-01,8.338170663981793462e-02,4.041571038232631002e-02,7.522637027100952112e-02,-2.891080256008992169e-02,-2.983432284355767503e-02,-1.506783839384186023e-02,-1.841891088705430862e-02,-3.389055124481094722e-02,-3.845740846411001973e-02,6.696579323447349880e-03,-2.315713034463968631e-02,-3.723219989714999373e-02,1.619561860081179805e-02,-3.294667840153146787e-02,-3.485848302232165408e-02,-3.939368538239860183e-03,-3.144739853590402395e-02,-4.742332117374259415e-02,-2.668528425614890079e-02,-4.827955215614984641e-02,-8.348278513708136395e-02,-5.720318347558767114e-02,-1.443502992661087683e-02,-6.566731979705203726e-02,-3.614595904026868256e-02,-3.562510689823497612e-02,-5.929058727298441162e-02,-1.973880667120492954e-02,-6.181106073441180321e-02,-5.237454463444402714e-02,-2.805506981640984443e-02,-4.658223553964998404e-02,-2.039002236771308291e-02,-3.807121645841074487e-02,-4.158559528726552684e-02,-1.343196853970039795e-02,-1.606102433879976962e-02,-5.176473636749857193e-02,3.455927872560633253e-03,-1.646937570153740593e-02,2.126401238107671759e-02,2.249749806289979073e-02,-2.451639735803825063e-02,-7.196673456308982919e-02,-4.586555458388285635e-03,2.980039691711841229e-02,-2.592553693334471998e-02,-4.614838020939097951e-02,-5.391830406195267759e-03,-1.828430394145418719e-02,7.427596063895550160e-02,4.644934879266270078e-02,-8.024513883152972760e-02,2.423417750497163514e-01,1.029011365310480153e-01,-3.149859619007817912e-02,4.894036681254536336e-02,-1.451142475959192601e-01,-1.097889819930283201e-02,-1.286151729504144900e-02,1.609841749944218026e-01,2.620017956934119208e-01,4.974437024570915189e-01,1.000000000000000000e+00,3.667349605866199735e-01,-3.679310427179528081e-02,1.073443824338280450e-01,-1.683621271354107940e-01,-1.983573017163061114e-01,-7.617060766854841236e-02,-1.484717761392278235e-01,-1.545676679891010152e-01,-1.702029141079342833e-01,5.473240391177711800e-02,7.050397433863229112e-03,1.729674978304956978e-01,1.351047432901323342e-01,-7.520372544635678391e-02,1.295003286629562989e-01,-6.758979101480788731e-02
-9.984817202040122477e-03,1.991064477230184218e-02,-2.777448520003697810e-02,-2.980675864839660641e-02,7.323814986361590340e-02,5.632913376355008772e-02,4.311498683171650914e-02,6.199093164390157701e-02,3.213219218198537508e-02,1.622116097309291710e-02,6.665765572704940300e-02,4.612645504041998357e-02,3.889540714747981992e-02,-2.143122715736451092e-02,-6.800733111612002188e-04,-2.338862704588192884e-02,-5.242498339842427586e-03,1.836131984673552639e-02,6.849692245251895462e-02,6.034101416406217888e-02,8.061795933482579501e-02,6.939066878249754156e-02,1.288721886911492476e-02,-8.545028713233969453e-02,-4.486999889736119351e-02,-5.818631061469574373e-02,-7.650475256890031106e-02,-2.936076791047457363e-02,-7.982915917436893272e-02,-6.498272776109732807e-02,-1.340891735223615107e-02,-8.002373416998793954e-02,-5.964872130315735516e-02,-1.852960079326196677e-02,-8.162402588484025945e-02,-7.140108063771548330e-02,-5.566606381987339314e-02,-8.892966697943026355e-02,-7.327645130508504689e-02,-7.708995585484938740e-02,-1.165343057919512731e-01,-1.188878183727153232e-01,-9.899436786604229321e-02,-1.474460846065439867e-01,-1.183047759973599039e-01,-1.426587973350685878e-01,-1.506568070349853239e-01,-1.160406846253952129e-01,-1.092602939167292980e-01,-1.540896554184998379e-01,-7.558879914290302093e-02,-7.464076058193790109e-02,-1.219800394376601982e-01,-1.104554779526283614e-01,-1.147464687444683801e-01,-1.192393523015542467e-01,-8.323525150468347178e-02,-1.459226002307676129e-01,-6.454829461727622231e-02,-7.826812449797958260e-02,3.546188548505235794e-02,-7.245937096742291472e-02,-9.004472207238264914e-02,-8.565009861566444394e-02,-2.103626839104524512e-02,-1.925238304549306556e-02,-1.104699101058623789e-01,-1.116239713516301024e-01,9.891649067537269802e-03,-1.732308695014622701e-01,2.522354305454859932e-02,-1.064147362488490900e-01,-1.889135687322636981e-01,-9.567928075963277185e-03,-6.921696995437659787e-04,-1.365629149647064333e-01,-6.662413096419582403e-02,-1.571253298607503679e-01,-6.615151230961399675e-02,1.209476170935141204e-01,-1.904293269666385360e-02,8.858660045775895719e-02,4.273628422000815275e-01,3.667349605866199735e-01,1.000000000000000000e+00,4.476093182969953510e-01,5.316057829926046363e-01,3.078370024021454543e-01,1.115230396581809169e-01,1.863610164109937573e-01,1.784540479394764734e-01,1.716150114585576480e-01,1.181189414908334484e-01,-5.513096444175612926e-02,-9.680441577973968037e-02,-1.665271634248104704e-01,-2.073860987170518880e-02,-7.099575116978750801e-03,-1.786014572024718916e-01,-6.990837730839621900e-02
-3.562921857533171699e-02,-1.485424705389623394e-02,-1.694442711840651178e-02,-4.437893089272165748e-02,4.359782665951190440e-03,-7.863511358288667943e-03,2.961672257309998571e-02,-1.249282139054926424e-02,-1.733741125475447495e-02,-3.891139496518863927e-02,-7.524073525176079537e-04,3.118684912000272910e-02,-2.679266528755679111e-02,-4.882606020795146606e-02,-3.021895762167506327e-02,-5.910648667795359579e-02,-5.431175250769125495e-02,1.229900782906550617e-02,2.935584007726189937e-02,3.343196150576458088e-03,1.708016999849541404e-02,1.881059864936567017e-02,1.924285276111177296e-03,-3.090620897909144779e-02,-3.370975956962844744e-02,-2.433411989098482539e-02,-6.351783576246508578e-02,7.017369282369441928e-03,-2.377327025167260549e-02,-6.451826900314264202e-02,2.720137210847866152e-02,-1.078139760543227188e-02,-4.853304064335995510e-02,3.304612620226842629e-02,-2.069661655772690734e-02,-3.942932587802186473e-02,4.370241673984663622e-03,-9.110701412482000508e-03,-3.144329319171972059e-02,-1.308837220730162468e-02,-2.928406876468028081e-02,-6.006470879950345787e-02,-6.022029389749228995e-02,-6.311773258843836332e-02,-6.677927458976197495e-02,-7.726887155071783531e-02,-7.618103790872164660e-02,-4.872111829383492243e-02,-6.325095722126728402e-03,-6.279738771275243658e-02,6.764646196551865089e-03,2.411313892136531314e-02,-3.558658190072255811e-02,1.065964257830199352e-02,-9.899924276387630714e-03,-4.896968033544339682e-02,5.091036638982865403e-02,-5.215640745471918777e-02,-5.048780565624211986e-02,7.574136325585484331e-02,1.368430898818573382e-01,3.053923979165178507e-02,8.402847802563118140e-02,6.499278624058300868e-02,-1.117213109641082003e-01,-4.110528915878177564e-02,4.679091138548242997e-03,-4.430967294534784995e-02,-6.504541504339934888e-02,-2.263371079554825100e-03,1.669432252994325072e-01,3.271603148869975386e-02,1.916563143437139197e-02,-3.880653654801343583e-02,-1.731937931162961519e-01,-1.161103234056944794e-01,-1.750640580157454274e-01,-2.985103371233897851e-02,9.840345914759435209e-02,3.001708915371128494e-01,4.962990417802333465e-02,-3.996315922985240604e-02,2.499647799553730287e-01,-3.679310427179528081e-02,4.476093182969953510e-01,1.000000000000000000e+00,5.648203518843278870e-01,4.395720098713876145e-01,2.596862398698001617e-01,2.874330996893691426e-01,2.808272859755903128e-01,1.861887589128928544e-01,1.185367440473973494e-01,-1.256037145680727329e-01,-1.644569286925163243e-01,-1.991614904840567635e-01,9.954065930853021188e-03,5.271628138790373369e-02,-1.659009620118689909e-01,-1.722894387171815811e-01
-4.773942036258346094e-02,-1.690549967426317052e-02,-2.832334467870582795e-02,-5.816844010913294061e-02,4.485193762395491002e-02,-2.377271478221130042e-03,3.668153821258764158e-02,1.001121833534604141e-02,-8.912094866995953074e-03,-1.337884677335772834e-02,9.117019106867818926e-03,1.556449303414737632e-02,7.384637759318119984e-03,-7.860437234950978444e-03,1.094909217528152248e-02,-2.095249453349181182e-02,-2.823866413616381126e-03,1.962778447005240207e-02,4.258393722522410552e-02,1.539351748066865484e-02,4.350327873001752499e-02,4.115553487371619024e-02,-8.676455715785104383e-03,-4.875973171064536954e-02,-1.632217889717048689e-02,7.907771792534826032e-04,-7.853574264943280481e-02,1.387652569400249676e-02,-3.778753882776406114e-02,-6.512724245620597763e-02,3.381971264305522890e-02,-2.413786342712974722e-02,-4.005239921053378033e-02,2.274275129194260753e-02,-3.051493460259061680e-02,-2.749347167242685921e-02,-4.414067571887301221e-03,-2.899616778419841778e-02,-1.303502533813157525e-02,-2.346634754310670742e-02,-3.574022503813026330e-02,-4.140104508844772574e-02,-6.266510693087551376e-02,-6.767385978242246303e-02,-5.015795197839516273e-02,-7.179211314229727581e-02,-6.425297932085455299e-02,-5.410810916189073144e-02,-4.370585782690457333e-02,-9.148164452808157932e-02,-1.081095539453878068e-02,-1.321281439120925057e-02,-8.004241110105933532e-02,-1.079981300546170760e-02,-5.491539028531123440e-02,-1.141293503918280050e-01,-8.796284783208621139e-04,-9.665656587466715799e-02,-7.288911957016781795e-02,1.556685646827264853e-02,8.596540562529650376e-02,-4.978326285511944747e-03,-2.613854419822041891e-02,7.265560761115949506e-02,4.295785456294240988e-03,-1.067153773532190236e-01,-1.157357862103043089e-01,-1.788348913701584275e-01,-1.330152272795207258e-01,-8.924132199466691673e-02,8.871143616904500484e-02,-4.526483145393770356e-03,-1.354014060198961977e-01,-1.064057767465055732e-01,-4.234496503083682445e-02,2.845514003026650487e-02,-6.217361001713582469e-02,8.248950375499657095e-02,1.334655527530456409e-01,3.215695007823164975e-01,7.941280752005359933e-02,5.153833595141956575e-02,1.204362890793854307e-01,1.073443824338280450e-01,5.316057829926046363e-01,5.648203518843278870e-01,1.000000000000000000e+00,3.828152650057590756e-01,1.220076939802356292e-01,3.329775323364855821e-01,2.412022413034519974e-01,4.013824380859194046e-02,-6.063537643359361712e-02,-1.780762316151640878e-01,-2.595700018080590588e-01,-1.363050467598191096e-01,1.907482926300407555e-01,5.959254422588198402e-02,-7.842715272086477063e-02,-1.982079306691940934e-01
-3.387327723619946995e-02,-1.826908316702554810e-02,-4.936270789296258107e-03,-3.848767201110354225e-02,-1.791808995848255884e-02,1.466503532096359586e-02,2.538212428015526947e-02,-3.367518096511514392e-03,8.166424242181731519e-03,-3.522249778697081075e-03,4.475121024539821524e-02,4.725282870988606332e-02,2.012335328494469985e-02,-4.690245180412817849e-02,-1.965319771038774241e-02,-5.050193493357046925e-02,-4.533313466394141983e-02,-1.083895507835293953e-02,-7.018645681107401821e-03,-4.453445113256909726e-02,2.247529238617213508e-03,-3.488404702570834653e-02,-1.480560982925508730e-02,-6.758863771499738771e-02,-7.524743757671167876e-02,-1.013173309471602362e-01,-9.337399574955587700e-02,-6.611938038534660722e-02,-1.038763067261281453e-01,-8.767545830048549538e-02,-6.758156721463941252e-02,-8.925308969284710681e-02,-7.422110489985928039e-02,-4.180499998229335323e-02,-8.552131260082175557e-02,-6.006434725323509666e-02,-5.612011569222709328e-02,-8.132320255986633106e-02,-4.263476400521652027e-02,-4.765715077174593334e-02,-6.846778586521763688e-02,-3.171407916784076131e-02,-7.434087142667594739e-02,-7.726269595531969070e-02,-5.715475640315697409e-02,-8.389636447182542700e-02,-6.572121166862301966e-02,-5.417350579480206124e-02,-2.744998572832360248e-02,-5.378877588937758247e-02,-1.524955519517781806e-03,6.908861343592694092e-04,-4.217736901932482574e-02,-1.604026562890594268e-02,-4.476230110141918295e-02,-6.805362221081841245e-02,-2.577763261448217519e-02,-9.134792797328676606e-02,-5.037514549544370307e-02,-1.761579613116584161e-02,5.483115354455106449e-02,-9.967849929793423658e-03,2.714648733593628266e-02,-3.893918581427514153e-02,-3.056838045351757682e-02,4.837693624300289791e-02,-2.805096065152465346e-02,6.598684756656405343e-04,-1.692382017527019333e-02,-3.934648903568922600e-03,3.439664980690437801e-02,1.096723047821552832e-01,7.552273692263383742e-03,-1.612271907258928383e-01,-8.965475960293302349e-02,-5.845568284625572882e-03,-6.461034959023184698e-02,8.771183246637080655e-02,5.323092667453364207e-02,8.506923541899032160e-02,1.633541726213963083e-02,-1.638056655226413638e-03,1.148411768137522736e-02,-1.683621271354107940e-01,3.078370024021454543e-01,4.395720098713876145e-01,3.828152650057590756e-01,1.000000000000000000e+00,1.819224376697289869e-01,1.666476483599136915e-01,1.896021644414468965e-01,3.035585666795904136e-01,1.956904611944260686e-01,2.226940403106149324e-02,-1.191791777319561457e-01,-1.490117072597785808e-01,-1.157759088341730330e-01,-6.232202068417155849e-02,-2.832052773566023363e-01,-8.439080721923987449e-02
6.021817064824693845e-03,2.566124021164326377e-02,1.927746418652721144e-02,5.372736845723418732e-03,1.228702406462401676e-02,1.081715991365626676e-02,1.385710751547983288e-02,1.373500547817131309e-02,-2.976421749225482798e-03,2.452446823731171607e-02,1.358005886442864053e-02,2.666948200502859342e-02,3.926738470577617601e-02,7.386463680347495064e-02,8.154430233098775016e-02,3.251400940172321369e-02,6.514102588337310207e-02,8.645487879903790418e-02,3.324584654039285103e-02,2.768782501889502368e-02,4.990066094074698672e-02,2.117725212161384110e-02,1.849783411632274777e-02,-1.782001535306034987e-02,1.595990884572497451e-02,-9.324252758365148344e-03,-1.291791456580925618e-02,3.013844815463337726e-02,-5.550943188795494886e-03,-1.707666809351094869e-02,1.969699465469528649e-02,-1.467155302179953737e-03,-2.146495979695803302e-02,3.026734134083753150e-02,6.517492484709607251e-03,-3.650527363503795752e-02,3.067968233659925520e-03,2.233957573245396594e-02,-4.202018531532415724e-02,1.019362913738424119e-03,3.161959493247849806e-02,-2.764115579371854980e-02,-3.212432483204934186e-02,1.368840905382369844e-03,-5.801437919613968569e-02,-3.991973055969560286e-02,-2.171675579520627314e-02,-5.055048193305050619e-02,2.712608398670185873e-03,-2.541136015944477078e-02,-2.005062971417820999e-02,-3.712893552678689802e-03,-9.997920088697966057e-03,-5.050352129345262939e-03,9.781126756621505262e-04,-1.113279407768580842e-03,3.222906107800230235e-02,1.670782912990311647e-02,6.059403298367597654e-03,3.239126822184738852e-02,-6.214302938737157993e-03,1.057082855796549412e-02,5.486170645420023612e-02,8.231872136696186115e-02,-6.858519059755008307e-02,-5.540202839719180622e-02,7.190405429518091640e-02,5.088446235770601768e-03,5.750009414943502845e-02,1.785400852960439266e-02,6.210221966051005654e-02,-1.480770142425613944e-01,1.325152979064923575e-01,-7.417293564207694256e-02,-3.354907042632589848e-02,-3.285562288213871029e-02,4.313619461615644107e-02,9.052114738369740343e-02,1.994776153444904540e-02,-1.773745700791117333e-02,1.352372116974981733e-02,-1.438516780650752891e-01,-1.345419729106664686e-01,-1.983573017163061114e-01,1.115230396581809169e-01,2.596862398698001617e-01,1.220076939802356292e-01,1.819224376697289869e-01,1.000000000000000000e+00,5.117055337625847633e-01,8.672460287128365142e-01,2.275324839303459745e-01,5.276532266233704416e-01,-6.446977299897239666e-01,3.276009785774526561e-02,-8.188479847514343879e-01,-1.540139235258444483e-01,7.114244589466104385e-01,-1.536713775237431422e-03,4.022462495943587291e-01
1.572707745682004263e-02,3.782208836946265168e-02,1.077154044857551139e-02,-7.850830548322336802e-03,4.994230555044371078e-02,7.326246285195677638e-03,4.277133036331237648e-02,9.572447272169409827e-03,1.600283960901344865e-02,-4.305187023699316197e-03,3.869843938829020669e-02,3.189140052210995280e-02,2.623951523669046035e-02,7.438868674993155683e-02,4.886141813149030844e-02,2.473430703112624446e-02,5.723537647335955741e-02,7.480079791973841263e-02,4.238010891843797118e-02,5.450958977080096191e-02,6.129719682665942665e-02,2.952821448242848659e-02,3.670171800089682551e-02,-1.935414917870802512e-02,1.012650039227990829e-02,2.056945296467337092e-02,-1.135026265307263055e-02,6.144153352341453350e-02,2.575394997897103438e-02,5.475248266358977677e-03,4.617124168939889389e-02,2.595064034920249729e-02,1.322744482871450640e-02,4.377911042852636325e-02,2.383054366339656949e-02,1.824799978512807799e-02,1.341887544712969116e-02,1.707066777014408510e-02,2.363469389946829327e-02,-9.294135366114086557e-04,1.047284079929564418e-02,1.469394912446375656e-02,-3.347900274164680029e-02,-1.643896317051718806e-02,-2.037889778476517384e-03,-3.162378842630551162e-02,-2.056501872638399897e-02,-7.751496350925560393e-03,-6.530708701139162874e-03,-1.762096211904927434e-02,5.649165099567090079e-03,-2.466255720975950045e-03,-1.617159580944911232e-02,1.071558729438208679e-02,-4.967388917384889940e-03,-2.006770148593359573e-02,5.909653577400829361e-02,6.098712220034452521e-03,2.249508094497010280e-02,5.273871517909289180e-02,5.463501380795989654e-02,1.034388221244574198e-02,1.433835651981507989e-02,5.371832221876029351e-02,-3.220247018591653604e-02,-4.847517362201234775e-02,1.816396125574156958e-02,-2.996926710199986771e-02,4.957789768800639069e-02,-2.647011567301373741e-02,4.376235809150688660e-02,-7.785759012597900930e-02,-5.779710236827061837e-03,-1.342613155308758077e-01,-4.234622249724209753e-02,-3.024875015056163394e-02,1.925596774334340996e-02,1.456070613559753146e-01,1.177732867827096797e-01,1.708843375163938694e-01,5.230732775050380562e-02,5.837120720612703345e-02,-8.484082175892329603e-02,-7.617060766854841236e-02,1.863610164109937573e-01,2.874330996893691426e-01,3.329775323364855821e-01,1.666476483599136915e-01,5.117055337625847633e-01,1.000000000000000000e+00,7.526641560493216865e-01,1.295541646941113789e-01,-6.311159024678215934e-02,-6.677918601597220283e-01,-7.312628852743162655e-01,-5.432647676763261435e-01,4.773718239283238907e-01,3.415892945859647090e-01,-1.958058331134389096e-01,-3.391573609545493473e-01
2.357727373109792107e-02,4.189711208900040451e-02,3.111221381671540331e-02,1.393793667206890199e-02,5.205909364681868962e-02,1.779309748433308136e-02,4.080779345230919897e-02,3.239093481616374393e-02,5.203515284935432590e-03,2.591977417654382082e-02,2.795535670508052239e-02,3.865841912353369658e-02,4.543137166977247871e-02,8.824245078621389959e-02,7.789681149245533676e-02,3.695304638631868172e-02,7.013103078272257818e-02,9.386172750271407073e-02,4.820537145838962173e-02,4.961987690029154296e-02,7.022269314634982385e-02,2.988534077093374722e-02,2.838293530092473108e-02,-2.391833113105889044e-02,8.706684892564431344e-03,-3.748542524172886192e-03,-1.913057519559436051e-02,4.332396870686495982e-02,-2.659397369360574004e-04,-1.433013833921305789e-02,3.589504882019617371e-02,7.383325671281073740e-03,-9.732056193555169502e-03,4.731683554262200442e-02,1.797515792068117568e-02,-1.767758226504464319e-02,1.693896528797821446e-02,2.925292394194142082e-02,-1.935197449629735486e-02,8.123117652094544172e-03,4.125444452678165425e-02,-1.062327801108698191e-02,-3.011282410738327919e-02,-4.474694430351800292e-04,-3.593130666117758804e-02,-3.272258130598911657e-02,-2.103814107083186793e-02,-3.912829093465059610e-02,9.830103583440452826e-04,-2.488644459797146463e-02,-3.217721814602371878e-03,1.319641440086257020e-04,-6.549348533647010237e-03,8.327139415978571796e-03,-2.116049830258073718e-03,-7.174408087234998045e-03,5.271736013308372243e-02,1.311922019838217442e-02,1.573021605336458184e-02,4.605977854191897064e-02,1.002887406285784058e-02,2.404752127618012963e-02,2.556529585497924542e-02,9.932096748249646945e-02,-5.016925150768405950e-02,-8.618071909516690499e-02,3.782434567666768249e-02,-3.368064630290538986e-02,5.927661405572511727e-02,-2.118712743962832337e-02,5.165151280786579174e-02,-1.614264924210421226e-01,7.001546256746919716e-02,-1.137680191999052848e-01,-3.705152013165613489e-02,-3.628417016104023424e-02,3.513570946989195282e-02,1.046530632263087957e-01,4.615781165411218107e-02,6.052504603597697042e-02,3.359895057335002960e-02,-8.959939677584816131e-02,-1.067714689031276643e-01,-1.484717761392278235e-01,1.784540479394764734e-01,2.808272859755903128e-01,2.412022413034519974e-01,1.896021644414468965e-01,8.672460287128365142e-01,7.526641560493216865e-01,1.000000000000000000e+00,2.579491935319814244e-01,4.117084963415452159e-01,-7.596984766350629581e-01,-2.720887145705651045e-01,-8.698885189280770591e-01,5.568211923548134490e-02,6.646527989549617654e-01,-1.232886152235315169e-01,1.675182431695437235e-01
-1.154490844295462740e-02,-1.805933462741886666e-02,-1.805779233602760811e-02,3.242161902379951492e-03,1.284231099928822943e-02,5.430199873486862838e-02,1.345942348654472799e-02,1.636786760227687890e-02,3.006777434887301231e-02,2.362849630252088912e-02,4.876968405364490861e-02,6.316932324690932576e-02,-4.258705461932235301e-03,-4.012616005482056748e-03,-4.188152688485986125e-02,-2.338133465070406716e-02,-3.339941845680286653e-02,-3.458268885535738246e-02,3.771573591326062014e-02,-2.234062418989599293e-03,2.150799588940460055e-02,1.825890446711761136e-02,-3.960704484871050216e-03,-6.919717063722538586e-02,-9.141486108354843210e-03,-7.046740158194711445e-02,-2.832478298344011033e-02,-5.306982608909120193e-03,-3.317407823984356435e-02,-3.326256614382425147e-02,-1.981623211383733499e-03,-2.130694768531698341e-02,-4.355040420626458963e-02,1.406707458369772443e-02,-2.655454584445915943e-03,-4.070754935569365768e-02,-1.644044252892333264e-03,7.414865512165548338e-03,-3.059689148670007020e-02,-1.782527147508571747e-02,2.289640148143252951e-02,-1.715253313643900698e-02,-2.064508720032073516e-02,6.226115964544033134e-03,-2.176903944720589776e-02,-8.505225189478623701e-03,-7.372163374015052589e-03,-2.520154440972469448e-02,-3.970250342716417913e-02,-3.566302681426707782e-02,-4.629853997688367778e-02,-5.587286570306566891e-02,-5.234611617448391846e-02,-7.074122249894322645e-02,-9.187085945633839679e-02,-6.798627257147296654e-02,-8.547774655228691787e-02,-1.174227736098446828e-01,-4.839003937176421938e-02,-7.068249961238913526e-02,5.274022117668326209e-02,-6.069180094277583370e-02,1.520471709414283196e-02,-6.389624872698948521e-02,-2.390108390763148044e-02,4.991099191842602451e-02,-3.238958990189298032e-02,8.172427924361219675e-02,1.043864752597709056e-01,-9.816969475933745581e-02,-6.347875516611839464e-02,-8.941643048015689155e-02,-4.846073328252582108e-02,-1.146890394045478184e-01,-5.708829472221349510e-02,-6.399854273178907926e-02,-6.838152255219749620e-02,-6.482461712330704617e-02,-2.152923116091912392e-01,-3.357745274790030487e-02,-2.119734400927489881e-01,-2.219079872392093200e-01,-3.379474845629307223e-02,-1.545676679891010152e-01,1.716150114585576480e-01,1.861887589128928544e-01,4.013824380859194046e-02,3.035585666795904136e-01,2.275324839303459745e-01,1.295541646941113789e-01,2.579491935319814244e-01,1.000000000000000000e+00,7.582881524115639982e-01,2.979479464762624374e-01,4.470324141267029844e-02,-4.086736199912677781e-01,-6.313106853880311453e-01,-2.943865030776836034e-01,-8.546317514616004196e-01,-4.262366288653528928e-02
-1.050932239871544237e-02,-1.259944825812587058e-02,-9.027951644265222106e-03,1.169574341815567999e-02,-2.859217856823638351e-03,4.400548419217194945e-02,1.082470232856879702e-03,1.981521793416253854e-02,1.165627188541117597e-02,4.185854633397430302e-02,3.123262688646837731e-02,4.899001229598461127e-02,1.498098839425910864e-02,1.334266550374327981e-02,4.259514427893567635e-03,-7.314287451727371700e-03,-4.406127891277952617e-03,-1.859600254567227206e-03,3.417463903177283407e-02,-8.890456849653970151e-03,2.600039270757840970e-02,1.567725526254055285e-02,-1.177970458009627852e-02,-4.907918398162296192e-02,-2.267120155389999118e-03,-5.953518733578659627e-02,-1.907974495860516664e-02,-1.354676134631710264e-02,-4.091557291841242672e-02,-2.673365988389464140e-02,-3.243024172061032689e-03,-2.852591844818091679e-02,-3.748606813705848695e-02,1.686847627442902495e-02,-4.578544128703416344e-03,-5.224937022562577138e-02,-3.104247034471202776e-04,1.437722032081313259e-02,-5.793691996159879704e-02,-1.458848614082186058e-02,3.773515602282774550e-02,-3.455609554253337434e-02,-2.356819461031171500e-02,1.608883009095421132e-02,-4.949022146697711066e-02,-1.611474116804948592e-02,-3.965020208578595891e-03,-5.435950397251929078e-02,-2.098027643284715651e-02,-3.058117349719152028e-02,-5.805438419582993614e-02,-4.238339459460115782e-02,-3.032575130396321025e-02,-6.686112655946781225e-02,-5.728374594288340033e-02,-3.724043181351398279e-02,-7.802905411903615640e-02,-7.344250622356365832e-02,-4.688719567030672636e-02,-6.516315485317121514e-02,9.156881276555686299e-04,-4.585351001658229814e-02,3.663340729012714431e-02,-1.118441962276910465e-03,-5.459258845024925200e-02,8.939044326432507917e-03,5.642979296679244763e-03,5.985955586408178708e-02,7.031282414123747604e-02,-5.705183937847300990e-02,-1.959614443598640607e-02,-1.469955550567396407e-01,4.250286230380991709e-02,-4.636222506843527824e-02,-8.395562775558073135e-05,-2.720912301026658098e-02,5.886164711597048800e-03,-6.616198343372155233e-02,-1.942286445167163977e-01,-1.019219586326352983e-01,-1.591071271046947677e-01,-2.842547266180651122e-01,-4.386047677219865465e-02,-1.702029141079342833e-01,1.181189414908334484e-01,1.185367440473973494e-01,-6.063537643359361712e-02,1.956904611944260686e-01,5.276532266233704416e-01,-6.311159024678215934e-02,4.117084963415452159e-01,7.582881524115639982e-01,1.000000000000000000e+00,5.323457157046337235e-02,4.462569412164982263e-01,-6.165985755867461338e-01,-7.945940001130143981e-01,1.453195532807233514e-01,-4.782874506012524396e-01,4.562094020793178717e-01
-3.672045910339680891e-02,-4.412769996940200945e-02,-3.646380613449633906e-02,-1.174602436728958144e-02,-3.438542680491690762e-02,2.754813865671467896e-02,-2.030984396335616671e-02,-3.558398081840155255e-03,2.770144735673534322e-02,1.174530228422896935e-03,1.139208349138245112e-02,1.987312217260440647e-02,-4.100006177957397219e-02,-6.436434519097111728e-02,-8.590965793733253142e-02,-2.742688142561752404e-02,-6.455692371027173249e-02,-1.061874250199228154e-01,-2.707405645519553664e-02,-5.054250213167050393e-02,-5.053532847670894057e-02,-2.038244021365083480e-02,-3.111127060399985003e-02,-2.534041942309179021e-02,-2.544707328290136614e-02,-4.381645275329818651e-02,-6.946812605584747405e-03,-4.247471369266409696e-02,-1.806870331361886198e-02,-1.872748281660037775e-02,-3.187341537500230915e-02,-1.714888464159683087e-02,-3.109848624732141839e-02,-3.465172384230825325e-02,-1.948505918377543139e-02,-2.752524465121952008e-02,-1.689366614115537721e-02,-2.481553136862947595e-02,-2.293228732147674712e-02,-1.838920221114908812e-02,-2.623780904464899366e-02,-1.307597769548319612e-02,1.561309140607885886e-02,3.939420770089283041e-03,1.190288038189911413e-02,1.941630938507776100e-02,9.182550908553249389e-03,1.057125736101375071e-02,-1.925751387760609237e-02,-9.332223508793343128e-03,-2.819021282588124455e-02,-1.922150158285204635e-02,-2.846321587817243759e-02,-5.265343096672682466e-02,-4.389158054733988124e-02,-3.502289794519043709e-02,-1.075379193840337311e-01,-8.077988350006433393e-02,-5.920258493896041196e-02,-9.289105475907197262e-02,1.756063403558666284e-03,-6.027278752316998778e-02,-2.128536768344055363e-02,-1.078505687782266853e-01,3.695198462456163180e-02,8.876072574413619576e-02,-7.653948362122776905e-02,7.059538517165436788e-02,-2.568505104243414688e-02,-5.195408755088237740e-02,-1.040957866086104494e-01,9.773394137707529239e-02,-1.179472442187956688e-01,4.280743002779648088e-02,3.906471039756235532e-03,1.004081549712236565e-02,-8.374853953462220446e-02,-1.390140997463394090e-01,-1.523310524871337446e-01,-1.012841101286733880e-01,-1.431753685494114858e-01,-3.637886294523185599e-02,8.587582518942095400e-02,5.473240391177711800e-02,-5.513096444175612926e-02,-1.256037145680727329e-01,-1.780762316151640878e-01,2.226940403106149324e-02,-6.446977299897239666e-01,-6.677918601597220283e-01,-7.596984766350629581e-01,2.979479464762624374e-01,5.323457157046337235e-02,1.000000000000000000e+00,4.000111193793938758e-01,6.358684852421641054e-01,-4.809373418434608749e-01,-8.008710888767754943e-01,-3.265075075259745163e-01,-1.423448745447630504e-01
-3.670476784096900896e-02,-4.209402148778859654e-02,-2.694918723643985672e-02,-1.376401084494549391e-02,-5.469784210210761749e-02,6.546365745997199947e-03,-3.558029310100085246e-02,-2.209863175611020362e-03,-8.106098537209404514e-03,1.648524386288307761e-02,-2.469740174842234570e-02,-4.656129175041569734e-04,-1.684697571793113482e-02,-2.446931758349869812e-02,8.172449048783499842e-03,-1.028602310866758018e-02,-6.219258662434923833e-03,-2.724568372339110367e-02,-2.383365245023193885e-02,-3.568840562420593637e-02,-2.271863050113224688e-02,-1.420538259441657056e-02,-2.701275833916021510e-02,5.187425209103596483e-04,-7.502104979454797540e-03,-1.861402537889387393e-02,6.370033022564502989e-03,-4.921124265073607146e-02,-1.719468203663309172e-02,-8.947740207043395483e-03,-3.630659066012180414e-02,-1.582804087634837042e-02,-2.819882052839680839e-02,-3.624437000876275933e-02,-9.477352357064374247e-03,-4.441777014679901270e-02,-2.137977096589020048e-02,-1.478431643752702723e-04,-6.612169632681422216e-02,-1.675762324552982144e-02,1.536259106286206461e-02,-3.790463437387373707e-02,5.063910216658957728e-03,2.765003379939632092e-02,-3.195689236376041131e-02,8.918087270061346439e-03,3.052420726437295173e-02,-2.625015332997799114e-02,1.328777407331396300e-02,1.297202003075893090e-02,-4.490980448383091045e-02,-1.022575042393843864e-02,1.269125203666573477e-02,-4.332928224372488424e-02,-3.584489643376949971e-03,2.059435375733014925e-02,-8.254638541325187706e-02,-1.008558067489999550e-02,-3.464369118969119060e-02,-7.832153946115506804e-02,-8.739443254317835752e-02,-3.143781499301778748e-02,9.050038757999884914e-03,8.726132849729228112e-04,-3.540247529896577410e-03,7.097837432627132973e-03,-5.443450557662878400e-03,9.866440914806796914e-03,-5.579423331296809452e-02,8.746917376664054000e-03,-1.956768165348259092e-02,-1.722277328042916625e-02,4.464061114461498336e-02,1.011576376860347376e-01,7.068789624038812613e-02,6.267679294461996065e-02,3.709438411900554261e-02,-1.109657549742885246e-01,-1.029228392742214254e-01,-1.826034154881055471e-01,-4.233842821566838333e-02,-1.426062392390485545e-01,2.464811548911879924e-02,7.050397433863229112e-03,-9.680441577973968037e-02,-1.644569286925163243e-01,-2.595700018080590588e-01,-1.191791777319561457e-01,3.276009785774526561e-02,-7.312628852743162655e-01,-2.720887145705651045e-01,4.470324141267029844e-02,4.462569412164982263e-01,4.000111193793938758e-01,1.000000000000000000e+00,6.048417684566368552e-02,-6.932579458436352038e-01,5.628382693060847430e-02,2.221345146121079250e-01,6.505347358772877175e-01
-2.445666719846337905e-02,-2.506759094454254905e-02,-2.293998194917919523e-02,-1.990315311813339871e-02,-3.358067652453858992e-02,-1.604828456686971730e-02,-3.224274326000323154e-02,-2.985219059906854197e-02,1.293525429643585002e-02,-3.725165029751974916e-02,-1.957558955621270871e-02,-1.925265723884412444e-02,-4.659387851753113430e-02,-6.341826038767232887e-02,-6.844431153275297441e-02,-1.993938173970483813e-02,-5.009490845534881470e-02,-7.703775961064276978e-02,-4.090624606339259700e-02,-4.093129655116792276e-02,-4.646845481686322915e-02,-1.933399091867681746e-02,-1.692353650320872413e-02,1.411852246212823639e-02,-1.185456218410496469e-02,8.523930085162809839e-03,1.091912570456979141e-02,-2.020444217693405028e-02,4.104415419200455745e-03,1.624868186499945147e-02,-1.297023989898505106e-02,-1.488496134046282931e-03,2.095510775460489306e-02,-2.590335309394095273e-02,-1.409863302401805074e-02,3.283749404180087705e-02,3.407004301583822954e-03,-2.607851295124391858e-02,3.248696063672885936e-02,8.036289763237744119e-03,-4.222967072989661924e-02,2.236135461133919797e-02,3.436651594758239475e-02,-9.692156598910463272e-03,5.148918964779328894e-02,2.842354148319399879e-02,1.516701810708049290e-02,5.985527415185808858e-02,2.869817759169094457e-02,3.247219732289163135e-02,4.121864077928866221e-02,4.049503125410815196e-02,2.500774083571020642e-02,3.463380899693432879e-02,3.295391186300888203e-02,3.411086050517445067e-02,1.640305727427010443e-03,2.018018657559186857e-02,8.779768164212614287e-03,-2.845809620802530835e-03,7.326145683887289733e-03,1.333378136495598325e-02,-1.481538981316982227e-03,-5.902137599762871667e-02,6.051230150205264002e-02,6.839086260619661739e-02,-4.212625974793415828e-02,1.936185637612439572e-02,-8.557893011583482534e-02,3.829432281145915551e-02,-2.538744407912132961e-02,1.988990893715796016e-01,-8.326819588669284733e-02,1.268282911826959236e-01,2.031015248468913750e-02,4.203273595288102571e-02,-3.399312354186769664e-02,-6.579375687403327122e-02,3.184824053883382466e-02,-2.490707092068902492e-02,2.816716979045183478e-02,1.714199570064718625e-01,1.053888995900225528e-01,1.729674978304956978e-01,-1.665271634248104704e-01,-1.991614904840567635e-01,-1.363050467598191096e-01,-1.490117072597785808e-01,-8.188479847514343879e-01,-5.432647676763261435e-01,-8.698885189280770591e-01,-4.086736199912677781e-01,-6.165985755867461338e-01,6.358684852421641054e-01,6.048417684566368552e-02,1.000000000000000000e+00,2.125296058934923737e-01,-5.866548619951549304e-01,2.671901497395188230e-01,-2.945036659233238319e-01
2.625023538247307428e-02,2.766816738454465352e-02,1.898231408134700218e-02,-4.247892541607746139e-03,2.242968798636471583e-02,-3.943864206514615528e-02,5.496488029695147277e-03,-1.218715592376150292e-02,-7.782658808687993764e-03,-4.571549618521351249e-02,-7.308281828299434055e-03,-3.309484707003074178e-02,1.763683000961835693e-03,2.725693229728485059e-02,2.715577221549228537e-02,4.719350620337870242e-03,3.493237552083258007e-02,5.080692853643774265e-02,1.560202998210623304e-02,4.232381528165404805e-02,3.422250959427416278e-02,8.655560402125979727e-03,3.423240195436733774e-02,3.185970022316278460e-02,1.730518735263208985e-02,6.073739596904359495e-02,1.352568842890649638e-02,5.186787979353153083e-02,3.933566277849828707e-02,3.764136977633429637e-02,4.139617871466350074e-02,3.390513976090626935e-02,6.249186970780663125e-02,3.428337947833515198e-02,2.777356912114961607e-02,8.032777109963515350e-02,3.717505769516649128e-02,1.479212112484402757e-02,8.941435089611948772e-02,4.035889491255142958e-02,-5.751323986546440052e-03,6.521801983438531292e-02,2.652578425212618121e-02,-7.998029342401995895e-03,6.961823209156457748e-02,1.670878246215795615e-02,7.397190447493073515e-03,6.630978862945045849e-02,3.503031740083739631e-02,5.071050125730135194e-02,8.384663594134832143e-02,4.894241559666843988e-02,6.095481019607760370e-02,1.007716453521765171e-01,6.955287041582303154e-02,6.100513265575037425e-02,1.392274852547682462e-01,9.240061094171470035e-02,7.929396326571799825e-02,1.138930149629004129e-01,4.348964221065614033e-02,7.644785728641741163e-02,-4.508356378364637186e-03,5.030022846395301728e-02,3.941101420757425755e-02,-3.290253749522117216e-02,2.836281147246441647e-02,-6.818816103578588528e-02,-3.191824103087067405e-02,6.719693843710870806e-02,6.659448337933072948e-02,9.620445161690267810e-02,7.038941493584627979e-03,2.315670055172233677e-03,-3.126357400747063059e-02,1.522713680609699173e-02,3.661807372827223517e-02,1.293264471563596030e-01,2.265282412782681776e-01,1.708709719293533547e-01,1.830277572659360918e-01,2.656451727135428209e-01,1.844470742227455459e-03,1.351047432901323342e-01,-2.073860987170518880e-02,9.954065930853021188e-03,1.907482926300407555e-01,-1.157759088341730330e-01,-1.540139235258444483e-01,4.773718239283238907e-01,5.568211923548134490e-02,-6.313106853880311453e-01,-7.945940001130143981e-01,-4.809373418434608749e-01,-6.932579458436352038e-01,2.125296058934923737e-01,1.000000000000000000e+00,1.791171821551817700e-01,4.293735841603948389e-01,-4.323412856977307817e-01
4.465460760667325224e-03,4.813506360551131000e-03,7.018989814805845842e-03,-1.282500966864173232e-02,-1.198725201620523886e-02,-3.740367426014078178e-02,-1.831869265011468878e-02,-2.235621607804673741e-02,-4.429772471229124348e-02,-7.835570401284601069e-03,-3.822671267598665851e-02,-2.882370771689096375e-02,2.410168935268637222e-02,5.344746383442762483e-02,8.123261040387502741e-02,2.279128268601552168e-02,6.803552878528074110e-02,8.000977537481258894e-02,1.656014503477810235e-02,2.542241384631327775e-02,3.893138631921407716e-02,3.278491808970072918e-03,1.640659218783266371e-02,2.130219949274816948e-02,1.698468108739096746e-02,2.373902678675057082e-02,2.973611511347592010e-03,1.350570174585871176e-02,-1.089229387580825252e-04,3.837402879335485677e-03,1.241357576015632465e-02,-2.855904682578133159e-03,1.166644709413143001e-02,2.585625107967963465e-02,1.007852833700384823e-02,-3.211998549027289974e-04,1.935135417285443332e-02,2.137155587395186615e-02,-9.464169732786523875e-03,3.282661205428786394e-02,3.988936621856136594e-02,-7.000663312561938856e-03,9.311914227875361504e-04,7.217729169648330091e-03,-3.256445089688350669e-02,-1.812386604537846030e-02,-1.133218467250148020e-02,-2.502190672399599858e-02,1.998426933496932206e-02,7.620523268479791924e-03,8.897389957647052275e-03,7.933258092675903733e-03,2.730958745828740430e-02,3.014738248245137087e-02,3.008837427904162420e-02,3.246285265363201000e-02,5.852567031376631340e-02,6.030241008138102071e-02,3.277400283086432525e-02,5.060756669523781837e-02,-4.514455057945755689e-02,4.043607487165400832e-02,8.498036984787786519e-03,1.352902088581720286e-01,-3.663341675522376051e-02,-9.628107494046593551e-02,7.837118087156871860e-02,-6.761090294162866443e-02,-6.793622786256518255e-03,6.588919619967013863e-02,9.621221685665114209e-02,-1.016885919404760946e-01,1.518192445067659824e-01,-1.553622154390052554e-03,8.126701220981882162e-03,-8.240192589047290461e-03,8.596550093121672897e-02,9.427680911976750455e-02,9.007063297656864309e-02,-1.017502850707795690e-02,1.162131015808073459e-01,-6.799151480510115531e-02,-9.031629348309849759e-02,-7.520372544635678391e-02,-7.099575116978750801e-03,5.271628138790373369e-02,5.959254422588198402e-02,-6.232202068417155849e-02,7.114244589466104385e-01,3.415892945859647090e-01,6.646527989549617654e-01,-2.943865030776836034e-01,1.453195532807233514e-01,-8.008710888767754943e-01,5.628382693060847430e-02,-5.866548619951549304e-01,1.791171821551817700e-01,1.000000000000000000e+00,5.258128618136663768e-01,5.205500907364276619e-01
-1.651178201832233933e-02,-1.136991944849580043e-02,-1.123408773951876070e-02,-2.794847414120209608e-02,-4.637565719045223106e-02,-5.029769623793334254e-02,-4.022911240485919221e-02,-4.278046829610181179e-02,-2.482950905427952146e-02,-3.164928390133125991e-02,-5.407420256830954008e-02,-5.243661808698673460e-02,-4.698738270322556920e-03,2.046788089977048114e-02,5.472809000179176819e-02,2.193940464224064524e-02,5.104313489719725788e-02,4.150976439439615917e-02,-2.146467198776792415e-02,7.334467223785704273e-03,5.743235711437506309e-03,-1.372898631642697868e-02,1.338193258140408376e-02,5.753464837147227035e-02,1.999584814364973803e-02,6.139008606046875149e-02,2.516453976313620319e-02,8.347194762599199555e-03,2.372927816289434333e-02,3.255772414046065322e-02,1.336653398704098009e-02,1.385716079695872849e-02,4.052915977825940347e-02,9.184242369167986558e-03,1.308766426621575316e-02,3.708022583933213989e-02,2.792411703758732391e-02,8.639358666070011405e-03,2.021857130042259074e-02,4.221623146536656462e-02,3.906170304364834159e-03,1.745153445455523145e-02,3.786825557917912477e-02,8.779992561133502862e-03,1.767482857257294052e-02,1.457438314914429218e-02,1.185378188761944743e-02,3.188558307616581877e-02,5.901064261197633276e-02,4.933954546390524609e-02,5.464864846669550275e-02,5.715950348318910718e-02,6.961849186693287728e-02,7.854823044710786129e-02,7.926478987963704592e-02,8.638841486573936579e-02,8.557264036606992974e-02,1.114692191724898224e-01,5.717164327972147631e-02,6.818131639145627587e-02,-6.011000368191009302e-02,7.827781652389613487e-02,1.256145300269542395e-02,9.050347375073355960e-02,2.949195235306285509e-02,-4.389105852422357096e-02,6.256063444597989576e-02,-6.749338129827338328e-02,-8.810008398198433677e-02,1.258621268820956651e-01,9.521852532456101526e-02,8.151222959228852927e-02,1.004085616400076653e-01,1.399269270155859002e-01,5.111083377798830013e-02,6.687838135612567125e-02,8.829738517434887468e-02,4.642567726210786172e-02,1.922262399736919258e-01,-2.696327281329055289e-02,2.024716995004736675e-01,1.405530703226636757e-01,1.189832386615676495e-02,1.295003286629562989e-01,-1.786014572024718916e-01,-1.659009620118689909e-01,-7.842715272086477063e-02,-2.832052773566023363e-01,-1.536713775237431422e-03,-1.958058331134389096e-01,-1.232886152235315169e-01,-8.546317514616004196e-01,-4.782874506012524396e-01,-3.265075075259745163e-01,2.221345146121079250e-01,2.671901497395188230e-01,4.293735841603948389e-01,5.258128618136663768e-01,1.000000000000000000e+00,3.428970876272267598e-01
-4.680113078863315686e-03,-3.941771163786515764e-03,-1.295428404221628770e-02,-2.358276913370380926e-03,-2.251338736740090760e-02,-1.516080775100079985e-03,-2.323108837239843197e-02,1.739497968975748168e-02,-2.004462115808863451e-02,1.914463112784909118e-02,-3.639680102671452588e-02,-1.762900607664319441e-02,5.673980064768325594e-03,1.688434299236179353e-02,6.234854408299209810e-02,3.830431239583518416e-02,3.151335341923622302e-02,2.929776800157517583e-02,1.525176840540083158e-02,-1.128819525052610420e-02,2.099467181613673059e-02,3.394033131762839647e-03,-1.254380939065963090e-02,8.039898422385142671e-03,2.567095463958276105e-02,6.792557597680813977e-03,4.794207701301237551e-03,5.488920850013867233e-04,-1.372966004088991068e-02,3.328113305198131255e-03,7.784207200672652559e-03,-1.303330716992675067e-02,-6.204413133440767752e-03,8.982600011625402336e-03,2.326388398634682535e-03,-3.547058631911459425e-02,4.268182592325900707e-03,1.315541362145356691e-02,-5.651108786664718608e-02,-2.561752086973851338e-03,1.190306349716172864e-02,-5.224433624211868854e-02,-1.055431497478243053e-02,-9.357188534870603328e-03,-6.232783939121075423e-02,-3.472870833771553312e-02,-2.001637653704295763e-02,-6.431588114636879738e-02,-3.934133358512945794e-02,-3.122467551831880489e-02,-6.361814655072128843e-02,-5.393594032235316665e-02,-2.163669422928339928e-02,-6.229537660633325397e-02,-3.595923892095682917e-02,3.325728660664092461e-03,-7.231537223016168414e-02,-2.624742984146483105e-02,-2.451623793950153535e-02,-7.544394156836330134e-02,-8.815055993704232207e-02,-2.976952036508164964e-02,-2.766513819211747702e-02,1.866940782633063137e-02,-2.009895547695181306e-02,-1.697213971880593905e-02,4.484988153252434696e-03,-1.399821524835974254e-03,4.953266202294475014e-03,-5.646961673750141436e-03,-2.727947771134192623e-02,-1.115448335234589528e-01,8.056583074781870080e-02,3.305827963245988599e-02,5.879444608541534167e-02,-7.419626699025556535e-03,9.359974935360820814e-02,-5.367187192964169989e-02,-6.240601759453951597e-02,-1.590641894818285995e-01,-1.633067877187663677e-02,-1.435747972096038105e-01,-5.271576020525747808e-02,-6.758979101480788731e-02,-6.990837730839621900e-02,-1.722894387171815811e-01,-1.982079306691940934e-01,-8.439080721923987449e-02,4.022462495943587291e-01,-3.391573609545493473e-01,1.675182431695437235e-01,-4.262366288653528928e-02,4.562094020793178717e-01,-1.423448745447630504e-01,6.505347358772877175e-01,-2.945036659233238319e-01,-4.323412856977307817e-01,5.205500907364276619e-01,3.428970876272267598e-01,1.000000000000000000e+00
