1.000000000000000000e+00,5.586703405534976241e-01,4.987073342051179248e-01,-2.037898089683169989e-01,-6.284675893446594053e-01,2.124607680160939538e-01,2.948486452287811255e-01,-6.508653733629937710e-01,-3.124525715319614316e-01,5.130458695749787745e-01,-8.866954506483715193e-02,-7.098987476069703595e-01,1.754985489315986913e-01,3.816006442377744556e-01,-6.442524498948090095e-01,-2.808517361370589382e-01,4.392480270649429253e-01,-3.946268768283199280e-01,-4.907346768223391775e-01,8.873272612913275445e-03,1.358952306464208393e-01,-4.815296533852044814e-01,-4.608340124770639590e-01,3.495968624667301905e-02,1.161595515743878843e-01,-4.743541045491942998e-01,-2.347858230534634327e-01,5.731237341849265005e-02,-9.874716889561892252e-02,-6.283726112254671425e-02,4.523025537414914199e-01,1.064528694507412276e-01,-3.986370263555095717e-01,-2.007372153252171554e-01,5.532016445284745204e-02,-2.247290920620089727e-01,-1.959915620463906494e-01,7.787400914246492278e-02,-1.058279297833209787e-01,-6.054357474148118479e-02,3.545598677819456479e-01,1.712921917696291207e-01,-2.344730926498701795e-01,-1.851734506024476368e-01,4.093230204939776740e-02,-1.077067432212398673e-01,-1.505946482365728700e-01,-9.081792045372866218e-02,2.651518881945743589e-01,1.017452855448634508e-01,1.705145313710777766e-01,1.948920192316815070e-01,4.505642959294030025e-01,1.307663346657783054e-01,4.228124814024661893e-01,4.332922537742995295e-01,-1.746686482492403325e-01,2.932465818675359381e-01,4.680378821276432455e-01,-1.539801348177919360e-01,-4.701754119445698821e-03,5.032434799183359564e-01,2.402000099056979532e-01,-3.581544413807425387e-01,-1.483082768264749537e-02,6.004973031464464484e-01,3.932413615317317812e-01,-3.251712566036930596e-01,1.461031171943255047e-01,6.567918975857670594e-01,7.535318388661452205e-02,-2.801712434196022561e-01,4.230810836891011895e-01,5.548413632081503621e-01,-1.724948960884643001e-01,-1.314055267631360213e-01,6.636886451153837241e-01,2.619076208255994298e-01,-4.219803638446617544e-01,-3.555573444561484497e-01,1.971846329965589451e-01,1.745159869238452621e-01,-2.555258531845960301e-01,-3.197600117248987350e-02,-2.151027622142130113e-01,-5.331936700590031997e-01,-5.854818643855046467e-01,-5.324991312976669056e-01
5.586703405534976241e-01,1.000000000000000000e+00,7.180136981435805144e-01,-5.279550372090600213e-02,-8.237021031347258049e-01,-1.790002447316825507e-01,5.219549424901498424e-01,-3.330335292135261915e-01,-6.501424712605607947e-01,3.119303225222472276e-01,3.318205544322346268e-01,-6.597205942170629722e-01,-2.722909635675257456e-01,4.712506851232150518e-01,-2.998239961280168564e-01,-6.014698411218779572e-01,4.072643178991275370e-01,-5.648847502910370189e-02,-6.220935387749347845e-01,-4.649533370889755157e-01,2.536451521511323692e-01,-6.548114663987253392e-02,-5.783654100697893652e-01,-4.157860580662646188e-01,3.354795395608576453e-02,-5.511327266844725514e-01,-4.290165600194355555e-01,-4.208871666790300892e-02,-4.390862370033454809e-01,1.660660676410576353e-01,2.225684086207638523e-01,-3.479666889017903331e-01,-5.351453414211488901e-01,-1.984006666607006364e-01,-6.705384242591115596e-03,-4.665707429740681422e-01,-2.892835062935180113e-01,1.546637456550782330e-01,-2.241971208679460481e-01,-2.947061614904877835e-01,4.464153496375352637e-01,9.536402152418524403e-02,-5.801195424527393341e-01,-5.557352895331648668e-01,-9.707623390125902363e-02,3.587584441366725718e-01,-1.952016084179032662e-02,-1.161859134329936982e-01,5.122945114608467021e-01,3.195706063036419242e-01,7.576539174184296344e-02,4.409126203383469389e-01,5.677535504522542853e-01,2.713292518311119506e-01,2.133846772925516166e-01,5.120180592998169189e-01,3.062314871831209873e-01,5.177409998896506105e-01,7.537150124744540491e-02,-4.684529220422920665e-02,4.885711553245426497e-01,3.418850673870574841e-01,-1.293250340991453362e-01,-6.190305905888775911e-02,5.127452487453536545e-01,6.038478072137466457e-01,4.548772030398978011e-03,-1.958560681581755503e-01,5.669279827398776561e-01,4.616253846194819932e-01,-2.218201362231552454e-01,9.617028567703578279e-02,6.791952677675264782e-01,1.654480064304240938e-01,-2.113648699101706163e-01,3.700439780404301549e-01,6.100841227600802830e-01,-3.930740671098055528e-02,-1.226716964235092383e-01,-6.757634767831594003e-01,4.401815823204417027e-02,8.869092128324448931e-02,-2.139750715332974229e-01,4.350876491138729318e-01,-3.892200708239133000e-01,-6.296454835905882508e-01,-5.604766432358498918e-01,-5.304447978571076305e-01
4.987073342051179248e-01,7.180136981435805144e-01,1.000000000000000000e+00,1.036603919946934849e-01,-7.723284735190590888e-01,1.762640510425919904e-01,6.107737831805277740e-01,-5.385441404033369794e-01,-4.679301394168360329e-01,6.392553623263996787e-01,2.191051333149779679e-01,-7.313695455186267624e-01,6.323167522624031922e-02,6.410945114799078137e-01,-4.391183970486066679e-01,-3.799989754550118226e-01,6.134636992929058952e-01,-1.968375731078685076e-01,-8.063727347955405023e-01,-1.726762022474464808e-01,5.172594552753931874e-01,-2.585851575099241129e-01,-7.650612438850474817e-01,-2.257808994933833691e-01,3.238406067867491966e-01,-5.652870364083188992e-01,-5.521230671381417432e-01,-1.399071168085296024e-01,-3.259734908602763825e-01,-9.312312553283522143e-02,2.323222295144767302e-01,-1.000820108874488218e-01,-3.752591982892639622e-01,-6.061104663169496892e-02,-6.882495126678596364e-02,-3.063600109192062271e-01,-9.179032922436307362e-02,2.033485075532037445e-01,-1.142020783029692871e-01,-4.872421704368355699e-02,4.066330953545163607e-01,3.062437988080248807e-01,-4.095155748807197127e-01,-5.034069082992057576e-01,1.287099142256643847e-01,1.975587128067422538e-01,-2.756262820901416721e-01,-1.504201724437700394e-01,5.722987545040342239e-01,1.695720319080364635e-01,1.123671611420532929e-01,2.300695432702711540e-01,5.960305325298256296e-01,1.486460033564950545e-01,4.741679989783208482e-01,5.483182962999735288e-01,-4.625527665307962999e-02,6.496011965292394219e-01,1.898160551649522021e-01,-4.190196090962814979e-01,2.645070543289746445e-01,6.116551261646437920e-01,-1.459666479959557395e-01,-4.629587275832807158e-01,3.719428547960830778e-01,7.810045116602111204e-01,1.273819798000650205e-01,-5.056660241458863503e-01,3.898019089520546876e-01,7.023449997854896987e-01,-2.676562596054494758e-01,-2.686206283268584571e-01,7.042259338274016178e-01,3.825463934875022454e-01,-4.637500715312865007e-01,8.426124797610159978e-02,7.691811014622332854e-01,-9.714618232742054660e-02,-4.706890902480075356e-01,-6.220280455632506422e-01,4.049866017960177533e-01,2.386637431901710016e-01,-4.677585580283036282e-01,5.980238528376329715e-02,-6.347332457132570660e-01,-6.170027671640043732e-01,-6.974723524218753301e-01,-5.250733291639797518e-01
-2.037898089683169989e-01,-5.279550372090600213e-02,1.036603919946934849e-01,1.000000000000000000e+00,1.790091275066003629e-01,2.506925620311517555e-01,5.191137075494033359e-01,3.868183157958723917e-01,1.177568973602320102e-01,3.067348893177493374e-01,5.031555195713331985e-01,3.089878799255464381e-01,1.180932139803055336e-01,4.993277575173091787e-01,5.120416286362029501e-01,6.144589196264727687e-02,4.831447810408260324e-01,6.022040219328465005e-01,-1.637151115256168799e-01,3.184046748777863423e-02,6.664271147885438840e-01,4.725109171422103849e-01,-2.157313126564295025e-01,-1.627666125701898725e-01,5.662278864473782036e-01,8.234476301512466678e-02,-2.668631409685098266e-01,2.613915618013235020e-01,1.350244083724518873e-01,-1.018401748344200664e-01,-1.922747476838277680e-01,1.418490765025067490e-01,5.533006914593939507e-02,1.611934251167094767e-01,3.088954372697275130e-01,2.822672309626009235e-01,1.836573698551935419e-02,7.639740951360601828e-02,4.617771812423057676e-01,-1.106337666968480460e-01,-3.426582732992254909e-01,2.900292778970866014e-01,1.834434756250799270e-01,7.825364002577696321e-02,3.130939668786175689e-01,3.051774538173033235e-01,-4.588442285864379605e-02,4.713817457593185156e-01,1.785022486027165733e-01,-4.713649405584101060e-01,-5.346459436853316927e-01,-1.301903148049732284e-01,-2.960077483238149898e-01,-4.732882984612388211e-01,-1.338992703924425098e-01,-4.760508354185037927e-01,-9.451478233939628049e-02,-7.796877028555676548e-02,-5.254375121387830916e-01,-3.973180929691753627e-01,-3.422727385063158850e-02,-1.638793117692125545e-01,-5.836780522434406038e-01,-3.249279426035765472e-01,2.249519212635173182e-01,1.150680775062954270e-01,-6.025358089532629746e-01,-5.394733332687607907e-01,1.288363222987274903e-01,-1.003118672944682266e-01,-7.225553443769383577e-01,-2.731172075826295842e-01,1.892168706730148198e-01,-4.080617107257587528e-01,-6.698146263486385310e-01,5.310859036045276205e-02,-2.965322365306191990e-02,-6.789866368306025635e-01,-3.146178300421864638e-01,-9.201831797702293703e-02,-1.574848847704787835e-01,-6.676366833402480605e-01,-3.342220735353149674e-01,-2.426164278100967076e-01,-2.054368240204591523e-01,4.300098211540191451e-01,6.040563014275035503e-02,5.257765156755560554e-01
-6.284675893446594053e-01,-8.237021031347258049e-01,-7.723284735190590888e-01,1.790091275066003629e-01,1.000000000000000000e+00,1.086697765682325539e-01,-5.198038460036652486e-01,5.715496364011617425e-01,6.879723778632764741e-01,-4.437116733253516632e-01,-2.067724800824083942e-01,8.651229052684027421e-01,1.694391500689004237e-01,-5.071299533018320815e-01,5.288960943702362139e-01,5.965085252004822536e-01,-4.429706052535414273e-01,2.500774192126097861e-01,7.490531222590183225e-01,3.652061942850856613e-01,-2.533266401173163707e-01,2.842288086739975794e-01,7.017690993164006352e-01,3.491791804071789906e-01,-6.762240008090032728e-02,6.040201070912966097e-01,5.112216524663407702e-01,1.779190911176745660e-01,4.488798707430440849e-01,-7.675808071505053898e-02,-3.296961539695481003e-01,2.877190370192459490e-01,4.940085560993150993e-01,2.064281032380090031e-01,1.353614667197115817e-01,4.722409044644870213e-01,2.207889685067662144e-01,-1.641564237284514616e-01,3.248163819258976237e-01,1.693652778699867578e-01,-5.826893707951354973e-01,-1.387464401409142789e-01,6.070195022276076990e-01,5.983285847829762361e-01,6.233896278887484516e-02,-2.541121807104559926e-01,1.530270992271634545e-01,2.683432960420431002e-01,-5.417492130105178161e-01,-4.009494949419727394e-01,-2.433476938790574695e-01,-4.080818535013880921e-01,-7.094499666738839361e-01,-3.314647147287320128e-01,-3.984052342151358506e-01,-7.111398647268289963e-01,-1.384805911894516628e-01,-6.572215598832502614e-01,-2.982349813049543497e-01,1.449912060280322545e-01,-4.087209318255254353e-01,-5.704451814956873479e-01,-1.979513594715419725e-02,2.073990701387115332e-01,-4.423286685654617134e-01,-7.641013870473856162e-01,-2.126732717005710704e-01,2.708242935722065536e-01,-5.196361205901244285e-01,-6.869199315615915902e-01,1.093929893311454682e-01,3.354165882610517235e-02,-7.446716724438734447e-01,-4.045636231147943240e-01,2.217111030080287926e-01,-2.571166002356153335e-01,-7.947163992197812110e-01,-8.189126091419605957e-02,2.622266799179759356e-01,7.231523568423262605e-01,-3.095208355198522110e-01,-3.353827055211035524e-01,3.270076809037546495e-01,-3.204104682072579369e-01,4.679220752164177655e-01,7.899359957769478413e-01,7.591195067325582357e-01,7.076688132747084303e-01
2.124607680160939538e-01,-1.790002447316825507e-01,1.762640510425919904e-01,2.506925620311517555e-01,1.086697765682325539e-01,1.000000000000000000e+00,2.343115570983695869e-02,-5.188494590957528629e-01,6.518342367480715049e-01,7.430169529281583918e-01,-4.583863625429104860e-01,-5.407927830323213531e-02,9.422369370273513400e-01,2.463982100728461522e-01,-3.663181103176305076e-01,6.391382356232512274e-01,6.297381900841491076e-01,-3.611997969958531396e-01,-3.495314239718108063e-01,8.076637819768950344e-01,4.728914614302778263e-01,-5.334904472949693055e-01,-3.065390182353691650e-01,6.986003148291723974e-01,6.899882523187286232e-01,-9.664612121058117900e-02,9.624631695882870930e-02,2.283461399714898366e-01,3.314361845954774677e-01,-5.984648226497577550e-01,2.020414607393572481e-01,6.807966584055865633e-01,1.345880386197059186e-01,1.855373170166798591e-01,2.465806990874252758e-01,3.760985284991563149e-01,1.189025029258401894e-01,1.013727531637881873e-01,5.267093555678084016e-01,4.303416753639692227e-01,-1.330179530203872140e-01,3.919051425180852810e-01,5.069800963420629802e-01,2.632004828411988462e-01,6.119867241747195541e-01,-3.870253161791507024e-01,-5.350144631540726392e-01,9.900300179378672405e-02,-8.354506180679166505e-02,-4.468201238496389283e-01,-1.438238856811914212e-01,-5.766411485603406550e-01,-6.801208026399152562e-02,-4.254592795040683106e-01,5.307405649088772215e-01,-1.972138867826703224e-01,-6.942899618391478178e-01,-1.256273894802737157e-01,2.307641791186241242e-01,-4.932902870235997828e-01,-6.672288125459788777e-01,2.486700447228711031e-01,1.367123405850356466e-01,-7.077978485463465308e-01,-5.495377966132104497e-01,2.736372242553049561e-01,3.901102304299737256e-01,-7.264354437003932574e-01,-6.128475581387069493e-01,5.198852856200525396e-01,2.890663299219831811e-02,-9.386084622981525349e-01,-1.567691212793418665e-01,5.598620012100691268e-01,-4.736063793165207203e-01,-8.394782898754570288e-01,2.450902549213433423e-01,5.655801654875444728e-02,-8.032508260493026464e-01,3.898335465286499879e-01,5.505229767468330371e-01,-1.146202170382562002e-01,-6.572179181394788294e-01,-6.533719341043557893e-01,-1.479885202162766200e-01,1.999716871927993689e-01,-1.759265528128706735e-01,2.446295346477466714e-01
2.948486452287811255e-01,5.219549424901498424e-01,6.107737831805277740e-01,5.191137075494033359e-01,-5.198038460036652486e-01,2.343115570983695869e-02,1.000000000000000000e+00,-6.738642395614488634e-03,-5.939324548179447660e-01,5.840907489260577234e-01,7.900217727876317486e-01,-4.365875891851584423e-01,-1.928470953818113010e-01,9.430806007449099582e-01,1.252689196154805618e-01,-5.685974999472674929e-01,6.650094343530466023e-01,4.608426933621839749e-01,-6.552846196106693055e-01,-4.257183154734792696e-01,7.830213513192387786e-01,3.317684858680123861e-01,-7.619884330384834037e-01,-5.933681151214335037e-01,5.616722768213836536e-01,-1.937545310584001812e-01,-7.546028471678420946e-01,-1.373783874807271155e-01,-1.030379340915756337e-01,1.402006069732028015e-01,9.737479070745330700e-02,-1.158397141060406726e-01,-1.160940747721346672e-01,-1.265167242130971204e-01,-8.508286230244860304e-02,1.523941793186364170e-02,-3.462211371310173341e-02,-1.688801743166526426e-02,-8.161174110400756798e-02,-3.362747184214397445e-01,1.464492114064106509e-01,3.188176603863536185e-01,-3.667758191261178968e-01,-2.957028707041025606e-01,7.139109564205720071e-02,3.834858239408204805e-01,-1.729353059106094465e-02,1.784868658437118449e-01,5.235437688327434502e-01,-9.160955548638499354e-03,-1.285094544992944066e-01,3.702596543703493559e-01,1.952420164341426012e-01,-1.364313938539630511e-01,4.976986989374323871e-03,1.858242230147920948e-01,2.689549972012115348e-02,5.941107058987672440e-01,-2.553660794375215981e-01,-6.191267357172222097e-01,4.034426551732488431e-01,4.441675155630209759e-01,-6.215306258669097694e-01,-5.226325096773015710e-01,6.810833186532058159e-01,7.345501435775050325e-01,-5.159551075300439216e-01,-6.310556135969170866e-01,7.071596198621211693e-01,3.757614409801278699e-01,-8.457844349401448802e-01,-1.252534467000922525e-01,8.769828537222785769e-01,-1.724502098124150729e-01,-8.217346833291310215e-01,4.227321330934777910e-01,6.417711896827363871e-01,-6.965451403764028049e-01,-4.577238254914353655e-01,-7.646021391752957364e-01,-8.903904864553664755e-02,-2.420433588585714502e-01,-3.507586353521280897e-01,-2.385682165407113781e-02,-6.564375901369714494e-01,-1.946283294873028813e-01,-4.752088499910651076e-01,-9.256697700504915027e-02
-6.508653733629937710e-01,-3.330335292135261915e-01,-5.385441404033369794e-01,3.868183157958723917e-01,5.715496364011617425e-01,-5.188494590957528629e-01,-6.738642395614488634e-03,1.000000000000000000e+00,3.558467289790497642e-03,-6.508394914835518019e-01,5.482441120437351323e-01,7.751528205757948209e-01,-5.436140795891746258e-01,-1.834332793469730938e-01,9.421277195363929602e-01,-4.855372226235964150e-02,-4.332452758516118774e-01,7.502357336026687085e-01,6.196192757121703476e-01,-3.992540479748189486e-01,-1.283214497796137943e-01,8.863553359960278932e-01,5.132480316132121967e-01,-4.291691109885402700e-01,-2.090127444955539593e-01,5.276428587931636383e-01,8.783853031428337510e-02,-2.267884326456429470e-02,6.530276078227328918e-02,2.918778528420009621e-01,-5.204150356184444881e-01,-2.523387175450296782e-01,2.587199940103916962e-01,1.572799927033594336e-01,1.628174136398525748e-03,1.270994670335492960e-01,1.463873911327318311e-01,-7.784122079484277756e-02,1.551733538382215477e-02,-2.215090356614129730e-01,-4.060735682099023691e-01,-2.135500235189721763e-01,8.223621045575314759e-02,1.642079319909645063e-01,-2.622159266842542524e-01,2.753650182500995691e-01,4.347272537029783779e-01,2.904997805055566373e-01,-1.841071297791903316e-01,-1.253203115649112742e-01,-2.919355776829118954e-01,8.478429328149612865e-02,-5.373802959727614903e-01,-1.228707691816668252e-01,-7.186683590089304463e-01,-5.614111715386578272e-01,4.699882473141067107e-01,-3.007938328860583210e-01,-7.729546339337500793e-01,2.170805798683575483e-01,3.333291033122041114e-01,-6.658456355661312998e-01,-5.551774777288912555e-01,4.915344664047228140e-01,3.342241527059438555e-01,-6.109835258699519711e-01,-8.034317470413190332e-01,3.897102946919770439e-01,2.332192912777527327e-01,-8.890883343557089979e-01,-4.076894647403968563e-01,5.813270071171470210e-01,-2.166918780362587227e-01,-9.503115414805084482e-01,8.148295271984248855e-02,5.342602742286818307e-01,-7.052942491241559475e-01,-5.512878564132747128e-01,5.902018756870691663e-01,9.585444371218823645e-02,-6.955980907170671301e-01,-4.987514006586121207e-01,4.759877274327550256e-01,2.206381877081569354e-01,2.396234743201928752e-01,5.550974938958342930e-01,6.523291656214145195e-01,5.829074576319273060e-01
-3.124525715319614316e-01,-6.501424712605607947e-01,-4.679301394168360329e-01,1.177568973602320102e-01,6.879723778632764741e-01,6.518342367480715049e-01,-5.939324548179447660e-01,3.558467289790497642e-03,1.000000000000000000e+00,2.313566455681587836e-02,-6.555244775811337465e-01,6.091385104748779922e-01,7.475898917988031966e-01,-4.398925263510934380e-01,4.864237362099909506e-02,9.437196297795019673e-01,-2.106690602928759648e-02,-2.616203038271521786e-01,3.739878053755110177e-01,8.314368753315386495e-01,-9.611584678803762605e-02,-2.673956141396430786e-01,4.334780965332311609e-01,8.119597323957413737e-01,2.003386829877866759e-01,2.823796359562572578e-01,6.038053495421614736e-01,2.762395236369148965e-01,3.960002313368486404e-01,-5.232465983136085352e-01,-1.339231611484118234e-01,5.932022989516367861e-01,3.206508426839272952e-01,3.448402121488735039e-01,2.828268495455303344e-01,3.904263052233113984e-01,2.136454700399422479e-01,8.485342109725467485e-02,5.500239586718613793e-01,5.163345077186182186e-01,-4.056937298435027706e-01,5.413997530753630189e-02,7.354775752324540505e-01,4.945842506186365894e-01,4.020305829802458542e-01,-4.540900613361255056e-01,-2.819944248572696655e-01,1.108396950513913654e-01,-4.870237064120507275e-01,-4.646261779814527815e-01,-2.103038458998917892e-01,-7.410910995344286434e-01,-4.379941595483175520e-01,-3.630678905457485062e-01,1.576696217972262948e-01,-5.749636332662559912e-01,-4.246814496283174978e-01,-6.229393275392501872e-01,-2.657800755770436951e-02,2.076217714603034725e-02,-6.976508324894074020e-01,-3.754917873676507090e-01,2.196727110502898483e-01,-1.004214003428682972e-01,-7.593726401469289566e-01,-4.935043686975301713e-01,2.847360385112797099e-01,-1.117769698466016814e-01,-8.992824619167740785e-01,-1.782375524399086586e-01,3.391523060303066606e-01,-5.256052266488805413e-01,-7.918909192963272670e-01,1.613573840362531042e-01,9.378476621001577418e-02,-7.864732849145693594e-01,-5.125686836233682708e-01,1.994617650404293674e-01,-1.866927485791989028e-01,8.848006354909732085e-01,2.404787388719256680e-01,-2.047796690905855366e-01,-1.847940525894073149e-01,-4.757515920056048508e-01,3.725915685101836572e-01,5.739931724538585023e-01,4.314320976749161929e-01,5.687396067822356738e-01
5.130458695749787745e-01,3.119303225222472276e-01,6.392553623263996787e-01,3.067348893177493374e-01,-4.437116733253516632e-01,7.430169529281583918e-01,5.840907489260577234e-01,-6.508394914835518019e-01,2.313566455681587836e-02,1.000000000000000000e+00,4.458657212392198648e-04,-5.609527724442801011e-01,6.190717261620820588e-01,7.492646745798292596e-01,-4.716034320344332786e-01,5.256195821053340211e-02,8.999004818180508236e-01,-2.060857498924419107e-01,-7.966383504936564997e-01,3.573394594769742083e-01,7.662066490635857097e-01,-4.255705759142925926e-01,-7.910369482440017253e-01,2.060675998959999589e-01,7.859017012126338075e-01,-3.647543525251593644e-01,-4.116506736368977792e-01,6.732359463328657645e-02,9.636532705445115254e-02,-3.683848165151651366e-01,3.527738596502892343e-01,4.084506602362097394e-01,-9.633472034089728131e-02,-1.965872934213754725e-02,1.014239182339065348e-01,1.629058372921237396e-01,-1.222568134683435156e-02,8.834086711109256917e-02,2.459951768185403564e-01,1.235990120836870931e-01,1.676689167391859081e-01,4.838313429168024649e-01,3.808287773889538347e-02,-9.742462888653415087e-02,4.854487317168623695e-01,-8.145087937032187420e-02,-4.773518100662240138e-01,5.290367855836357325e-02,3.371579518731683822e-01,-2.070076296492224521e-01,-7.132194923390210162e-02,-1.471022790882326736e-01,2.766223440025703528e-01,-2.741924046297795625e-01,5.703728204198165175e-01,1.957526631524520444e-01,-5.368270609884688849e-01,3.743550097488437811e-01,2.514294196915829449e-01,-7.063813549334289066e-01,-2.603440295829424489e-01,6.240082489594335202e-01,-8.647695507307935625e-02,-8.710737602766691623e-01,-3.487995719817463258e-02,7.944249879630329580e-01,2.056206672032376559e-01,-9.162106792071201822e-01,-2.183854614087691812e-02,8.256819760186482338e-01,-3.296839933651098398e-01,-8.103855360449339074e-01,4.931943354958676085e-01,5.535479153744125025e-01,-7.693780964224203878e-01,-4.213794296701388054e-01,7.561004531812383078e-01,-1.687971074949435879e-01,-9.251697095703188545e-01,-2.512566172448399415e-01,5.062131552674199453e-01,-3.540493050825858218e-02,-7.519514632521404618e-01,-4.537720394531390977e-01,-5.354050310144963243e-01,-1.977463425546388265e-01,-6.087436494418800859e-01,-1.270578729768274961e-01
-8.866954506483715193e-02,3.318205544322346268e-01,2.191051333149779679e-01,5.031555195713331985e-01,-2.067724800824083942e-01,-4.583863625429104860e-01,7.900217727876317486e-01,5.482441120437351323e-01,-6.555244775811337465e-01,4.458657212392198648e-04,1.000000000000000000e+00,-1.705938784300726693e-02,-6.432004228400236556e-01,6.221557230524881188e-01,5.941275915200131541e-01,-6.554048123344159427e-01,1.874486064117784623e-01,7.821191178595787719e-01,-1.771263036912391065e-01,-7.331934881582720109e-01,4.511278833538021615e-01,7.832202563813438490e-01,-3.195652943009173463e-01,-8.467021595638591913e-01,1.794276421048595638e-01,8.777805809944105864e-02,-5.985457097430348927e-01,-1.822919414664591620e-01,-1.426811768030609162e-01,3.969948822401352939e-01,-1.932973046991121879e-01,-3.828055336331858127e-01,-2.212104349407913867e-02,-8.370030127384010810e-02,-1.348713506897109560e-01,-3.427294084466749047e-02,5.025237232726993165e-03,-7.179274048621393789e-02,-2.033982368006812536e-01,-4.821076271678937375e-01,-1.579654508947295546e-02,6.518209140613870356e-02,-3.973517927930306226e-01,-2.385230284968307690e-01,-2.201617251970612033e-01,5.190873047587940547e-01,3.147778008143025108e-01,2.396697056264574244e-01,3.647009793507369202e-01,6.150379853804122110e-02,-1.820623295271703024e-01,4.940254482855560569e-01,-5.106892964580759392e-02,-5.094484769392076257e-02,-4.430258886395727069e-01,-3.283186568970017372e-02,4.098671396890886109e-01,3.888608641644881181e-01,-5.932847767618166790e-01,-2.748891260130373326e-01,6.478644729631529708e-01,1.298377853968518680e-02,-7.721092916355278835e-01,-2.453524871882250061e-02,8.378053676657037929e-01,2.633440277604068291e-01,-8.571667267329587947e-01,-1.497347200871415596e-01,8.349837793201362324e-01,-2.092385397372804601e-01,-8.603164092312028943e-01,3.960660646346594316e-01,6.591718677354420075e-01,-6.875431858873846114e-01,-5.005197907775191801e-01,7.904622752024854648e-01,1.578559174600774329e-01,-8.019929341414693269e-01,9.416093904021423378e-02,-6.801288851045615980e-01,-5.140702577344474777e-01,-3.727899306970443027e-01,1.008975591938391231e-01,2.497267237648964633e-01,-3.868393940056850111e-01,2.046266422697368137e-02,-5.745893636249313485e-02,1.063192423543299209e-01
-7.098987476069703595e-01,-6.597205942170629722e-01,-7.313695455186267624e-01,3.089878799255464381e-01,8.651229052684027421e-01,-5.407927830323213531e-02,-4.365875891851584423e-01,7.751528205757948209e-01,6.091385104748779922e-01,-5.609527724442801011e-01,-1.705938784300726693e-02,1.000000000000000000e+00,1.441351441157830322e-03,-4.912162601710267085e-01,7.530427239789918570e-01,5.444097825098663801e-01,-4.230864473960411209e-01,3.862836128196702745e-01,7.526432618620695347e-01,1.830975800397245667e-01,-2.384630135043659671e-01,5.097920857189240929e-01,7.180313044828378066e-01,1.712630671316417164e-01,-1.218860362573405826e-01,5.766967833361266171e-01,4.843069789029167960e-01,1.487608414066694529e-01,2.630225200177679912e-01,-7.295906495744576559e-02,-5.017955889808541903e-01,1.305369545053825520e-01,3.773620526043125478e-01,3.328256525709997193e-01,1.681424269876612976e-01,2.958941099042739498e-01,2.353892252408663621e-01,3.593849985483046384e-03,3.205874063504638993e-01,1.502334683132826032e-01,-5.505562569029466280e-01,-1.705442256281228253e-01,5.004417773257427982e-01,4.213241835538698021e-01,4.352508395472477407e-03,-7.388843878841744317e-02,1.887087494519928965e-01,2.656583402347524325e-01,-4.672724237158994987e-01,-3.489158967525053390e-01,-3.225127667901929174e-01,-3.793507344645073998e-01,-6.735031492848525536e-01,-2.646024568510441655e-01,-4.719228113229371746e-01,-7.682104524404731460e-01,1.396475588807354340e-01,-6.312387889967913113e-01,-5.965463116793946474e-01,2.490915298849019355e-01,-1.547589413297090488e-01,-7.731993448290630511e-01,-2.512045623777979797e-01,3.899421781265552389e-01,-2.206207966866636228e-01,-8.246683666758750642e-01,-4.140852078232359901e-01,3.120586606375673200e-01,-3.837804860057532075e-01,-8.301780450910206666e-01,-4.193317263866832428e-02,1.820234604100988141e-01,-6.932259910616938026e-01,-6.367053529840914772e-01,2.030217787133322127e-01,-5.364468027283996604e-02,-8.963930801276370763e-01,-2.471225628514621131e-01,4.105999494154539686e-01,6.358173267196775003e-01,-3.907945897127124701e-01,-4.724725874112779000e-01,3.022693217297029999e-01,-7.352977487855466565e-02,4.530204701973763459e-01,7.528807990898932490e-01,7.876267302235914203e-01,7.703715898733024536e-01
1.754985489315986913e-01,-2.722909635675257456e-01,6.323167522624031922e-02,1.180932139803055336e-01,1.694391500689004237e-01,9.422369370273513400e-01,-1.928470953818113010e-01,-5.436140795891746258e-01,7.475898917988031966e-01,6.190717261620820588e-01,-6.432004228400236556e-01,1.441351441157830322e-03,1.000000000000000000e+00,4.343367777838401389e-02,-4.321287844705886672e-01,7.515929611672209631e-01,4.947678379603364096e-01,-4.908093440870578417e-01,-2.258793106245032267e-01,8.969963245085725845e-01,2.931831202524973756e-01,-6.307396301944132588e-01,-1.502211236590828003e-01,8.191549464483559584e-01,5.487150496536926658e-01,-7.953874942373824475e-02,2.522789032038251222e-01,2.542303683164378603e-01,3.319091764786888388e-01,-6.331158390075880549e-01,1.905487850496448976e-01,6.983584138274093744e-01,1.306344234763052725e-01,2.154277825405439273e-01,2.607067599398953384e-01,3.344350059551529641e-01,1.209018169882936783e-01,1.239886679071247055e-01,5.237527729642151852e-01,5.101936799775309561e-01,-1.230217746513144472e-01,3.059472177705823692e-01,5.518617020183100852e-01,2.821587733428833067e-01,5.787612553946400729e-01,-4.559923164916645510e-01,-5.408754427295729972e-01,2.940968841520029062e-02,-1.719758739820876348e-01,-4.114316497903888759e-01,-1.088228033628479002e-01,-6.417722101833297499e-01,-7.055755220775833392e-02,-3.602770638295335615e-01,5.554356020978387098e-01,-2.014991913666080992e-01,-6.927887274122720429e-01,-2.382741350825427484e-01,3.101889767077952165e-01,-3.468671775339552954e-01,-7.438355393837974283e-01,1.681640280136153243e-01,2.911289937302130038e-01,-5.912531919021010163e-01,-6.927003147531113347e-01,1.384042867322000381e-01,5.263039034566682206e-01,-5.917849658197078533e-01,-7.566248124075177772e-01,4.670648065203749644e-01,2.251586961188018765e-01,-9.119319790061561903e-01,-3.294297906093213713e-01,6.240738358444536393e-01,-2.856008308792059025e-01,-9.293848328363706335e-01,1.318448463544104610e-01,2.323156852481294832e-01,-7.053863056758210570e-01,5.367044812401395859e-01,5.915371497441386239e-01,-3.740291408443115195e-02,-5.978215498617065471e-01,-6.166645326023968421e-01,-7.665453995163937391e-03,1.849455769046184639e-01,-1.060226910288362828e-01,2.209247972719557140e-01
3.816006442377744556e-01,4.712506851232150518e-01,6.410945114799078137e-01,4.993277575173091787e-01,-5.071299533018320815e-01,2.463982100728461522e-01,9.430806007449099582e-01,-1.834332793469730938e-01,-4.398925263510934380e-01,7.492646745798292596e-01,6.221557230524881188e-01,-4.912162601710267085e-01,4.343367777838401389e-02,1.000000000000000000e+00,-1.988256573500107524e-02,-4.364099947553124470e-01,7.995215249651278500e-01,3.196036817185097245e-01,-7.454649433575950557e-01,-2.388947439489731706e-01,8.592786776473256838e-01,1.583359680371922984e-01,-8.365506856438527095e-01,-4.179791168482652752e-01,6.827115836561056250e-01,-2.430110226470288959e-01,-7.340822412696501598e-01,-1.033430553550201553e-01,-3.412764292883378042e-02,-1.915222870224383067e-03,1.517787603058683432e-01,4.560084515361623875e-02,-9.758680395839303134e-02,-8.644559534759001240e-02,-4.240424391648498631e-02,7.562962894826256999e-02,-5.691512526843126550e-04,1.933948153478133244e-02,8.619880099155846631e-03,-2.249578522167482997e-01,1.446877362512663245e-01,4.038300687963478075e-01,-2.665410836501572733e-01,-2.498247438575411650e-01,2.003170198943788616e-01,2.613899365404470654e-01,-1.536284758862247468e-01,1.710991897172274567e-01,5.147523977406373019e-01,-7.871678302013324080e-02,-1.267920970958195670e-01,2.471597049547245017e-01,2.159934687200968373e-01,-2.077147290505789723e-01,1.600233277268811038e-01,1.924125177738889025e-01,-1.447152020594409394e-01,5.937863302725278070e-01,-1.437811724037600103e-01,-7.336552197066742442e-01,2.485800193262026614e-01,5.505614583517171035e-01,-5.480015066749042152e-01,-6.970468421991311558e-01,5.365233127277670988e-01,8.203520158881942859e-01,-3.683691356675810047e-01,-7.843000666535475673e-01,5.589493313650053530e-01,5.333400501519890424e-01,-7.886012999253813049e-01,-3.448204140143327767e-01,8.412239441929946215e-01,1.456894392581715991e-02,-8.983496108968817007e-01,2.054901341437415652e-01,7.264103404858582858e-01,-6.204738912129595940e-01,-6.464311576842606266e-01,-6.728470032227094055e-01,5.857211544211184118e-02,-2.008364900498270100e-01,-4.711866120468057861e-01,-1.800998965986131128e-01,-6.805984641300978355e-01,-1.863944769093384135e-01,-5.372297365046504458e-01,-8.448798158827378058e-02
-6.442524498948090095e-01,-2.998239961280168564e-01,-4.391183970486066679e-01,5.120416286362029501e-01,5.288960943702362139e-01,-3.663181103176305076e-01,1.252689196154805618e-01,9.421277195363929602e-01,4.864237362099909506e-02,-4.716034320344332786e-01,5.941275915200131541e-01,7.530427239789918570e-01,-4.321287844705886672e-01,-1.988256573500107524e-02,1.000000000000000000e+00,3.335035904318277462e-03,-2.644878559525140616e-01,8.034464746238904054e-01,4.837972037677281678e-01,-3.644739794555120760e-01,7.236956902569897931e-02,9.176001609243024104e-01,3.658244024592974264e-01,-4.214893485738390178e-01,-1.412761395267704036e-02,5.317164823725711864e-01,1.710052019454594979e-02,-3.544819545996429067e-02,8.816705460170465303e-02,2.287461934501728855e-01,-5.344322232480609447e-01,-1.916369205826280453e-01,3.022350605874467022e-01,1.938599756612953418e-01,1.648357177408757077e-02,2.013558170594361985e-01,1.778971380606966524e-01,-6.546964297128948784e-02,8.792674612146041124e-02,-1.809522525025892836e-01,-4.498619713223677152e-01,-1.251450117681327245e-01,1.213561277393434418e-01,1.743765267056772150e-01,-1.418339056610472548e-01,2.927596431625986706e-01,3.665316009205543679e-01,3.411093426235731751e-01,-1.480384400900032482e-01,-2.085137183182352583e-01,-3.453476125943857333e-01,2.271017347721921223e-02,-5.589396200030419815e-01,-2.274989373239287849e-01,-6.799768069683264082e-01,-5.931570910410131070e-01,3.911624422089857167e-01,-2.115475227340515574e-01,-8.506213310679839879e-01,2.583460483285994480e-02,3.261228388787217880e-01,-5.882545648912984593e-01,-6.965685722556533843e-01,3.235092134195001190e-01,3.949928686135883438e-01,-4.938095945905702777e-01,-8.695184186757540790e-01,1.956106237423747285e-01,2.449981673756460032e-01,-8.012078498315606812e-01,-5.563175280589345295e-01,4.388349465538859961e-01,-1.272788053584698043e-01,-9.415520557838008564e-01,-1.106306284253935068e-01,4.902776477183116710e-01,-6.111676873153921719e-01,-6.688823782475765700e-01,4.279035121359544003e-01,5.505154162756310809e-02,-6.082621634849735281e-01,-5.366869392991122645e-01,3.248452891128414954e-01,1.332735760331840158e-01,8.542331481939959004e-02,5.602320151471372744e-01,5.540553889156221157e-01,6.273764183790949689e-01
-2.808517361370589382e-01,-6.014698411218779572e-01,-3.799989754550118226e-01,6.144589196264727687e-02,5.965085252004822536e-01,6.391382356232512274e-01,-5.685974999472674929e-01,-4.855372226235964150e-02,9.437196297795019673e-01,5.256195821053340211e-02,-6.554048123344159427e-01,5.444097825098663801e-01,7.515929611672209631e-01,-4.364099947553124470e-01,3.335035904318277462e-03,1.000000000000000000e+00,-1.600384652074433173e-02,-3.748390525455549960e-01,3.233957380439690388e-01,8.360927794787753609e-01,-1.012330807322479459e-01,-3.202597282114450494e-01,3.941068831386688731e-01,8.218486288251609651e-01,1.849046406632535167e-01,2.522212596604815338e-01,6.059254381802214873e-01,1.483307898998717789e-01,3.509273261343671124e-01,-5.875029784013161560e-01,-1.530421585451165745e-01,5.979457292391754386e-01,3.370572289425815549e-01,4.191818089361898370e-01,1.734085752853494755e-01,3.190160905483971909e-01,3.215664311906754613e-01,1.419667266525318494e-01,4.643028871364479615e-01,6.253105655305131183e-01,-3.381241105091473687e-01,2.508321150037844116e-02,6.977853216223776078e-01,4.307603819330878547e-01,3.577465812918915189e-01,-5.078495373210889507e-01,-2.983961960888923959e-01,-1.107982235792887189e-02,-5.015624508572924523e-01,-3.867868560826821511e-01,-1.127469954262518004e-01,-7.665845044285706233e-01,-3.635108313789112700e-01,-2.666818219463702455e-01,2.335573826231385486e-01,-4.806622160572180391e-01,-4.035925466796727590e-01,-5.101446745257043336e-01,-3.795910998102120654e-02,-2.932678513822848179e-02,-6.288328030426625359e-01,-3.108394782547621582e-01,1.828301789045768122e-01,-1.275924105362779282e-01,-7.273723982765729623e-01,-4.522244496389865587e-01,3.440913903885779446e-01,-1.249063430541557801e-01,-9.065282351273677985e-01,-1.199654617917015331e-01,3.671846853190456894e-01,-5.452265852709697880e-01,-7.628226985630072177e-01,2.067351867443334157e-01,9.684984685693462381e-02,-7.874480216682535616e-01,-4.695261860643915597e-01,2.158247052366204510e-01,-2.004198231680331121e-01,8.428060091065832093e-01,3.427239066939622991e-01,-8.506412110081820743e-02,-2.350352724680001837e-01,-4.315022228231639723e-01,2.677754136517360162e-01,4.466909207419048622e-01,3.362348074112143648e-01,4.810253430638508632e-01
4.392480270649429253e-01,4.072643178991275370e-01,6.134636992929058952e-01,4.831447810408260324e-01,-4.429706052535414273e-01,6.297381900841491076e-01,6.650094343530466023e-01,-4.332452758516118774e-01,-2.106690602928759648e-02,8.999004818180508236e-01,1.874486064117784623e-01,-4.230864473960411209e-01,4.947678379603364096e-01,7.995215249651278500e-01,-2.644878559525140616e-01,-1.600384652074433173e-02,1.000000000000000000e+00,-1.695920419899389631e-02,-8.000362246418505352e-01,2.177806256432568699e-01,8.314527576188128766e-01,-2.039526125950289204e-01,-7.725917945650762064e-01,5.505606632218489754e-02,7.758613439164185888e-01,-4.366083940474426717e-01,-4.651205898607728151e-01,1.571836536956376373e-01,-5.958695492924494935e-02,-3.734525713474582398e-01,2.054004094219271936e-01,2.847322119284691477e-01,-2.457114962495476063e-01,9.222784586792144579e-02,2.406845890863017479e-01,3.207782410493169312e-02,-5.117506938137306866e-02,2.575691147222882726e-01,3.322689253755481964e-01,6.149944849192422874e-02,1.713433030782832711e-01,5.500950437186172826e-01,2.290817150975253680e-04,-2.192815603302694927e-01,4.987750663871856061e-01,8.763997616663027346e-02,-4.721000553607502814e-01,1.595564598271295154e-01,4.410288987266968164e-01,-2.584865874955769027e-01,-2.420040645106012744e-01,-1.299205321849943029e-01,2.771597060818513092e-01,-2.873351257560221583e-01,4.923704661911104674e-01,6.024716859159674753e-02,-3.096049541393581794e-01,2.978576483732588431e-01,-1.475310673284297228e-02,-5.829426498571504967e-01,-1.001387107250809733e-01,3.834480620206260348e-01,-2.744691885850876201e-01,-7.200127306646213476e-01,1.233874247418164372e-01,7.364271333808327658e-01,-2.091374141687693186e-02,-9.214522016974340257e-01,9.815865066764023483e-02,6.782870377955394492e-01,-5.096176307183815091e-01,-7.010252435218515821e-01,5.265848016582912461e-01,3.221478969456472718e-01,-8.226380489943053709e-01,-2.616720797968866696e-01,6.448204843876995662e-01,-3.310464477431074304e-01,-8.240251495692501038e-01,-2.961435904608963332e-01,3.642545103736635759e-01,-2.944329785959092227e-01,-7.635134039595283806e-01,-2.880507208432118160e-01,-4.691242796811394555e-01,-1.134944750387655438e-01,-4.988052951147686209e-01,3.673932337844441204e-02
-3.946268768283199280e-01,-5.648847502910370189e-02,-1.968375731078685076e-01,6.022040219328465005e-01,2.500774192126097861e-01,-3.611997969958531396e-01,4.608426933621839749e-01,7.502357336026687085e-01,-2.616203038271521786e-01,-2.060857498924419107e-01,7.821191178595787719e-01,3.862836128196702745e-01,-4.908093440870578417e-01,3.196036817185097245e-01,8.034464746238904054e-01,-3.748390525455549960e-01,-1.695920419899389631e-02,1.000000000000000000e+00,1.715489098653790734e-01,-4.868689828094611149e-01,3.515203482587215267e-01,8.831852053591144891e-01,1.762536170681533801e-02,-6.204615076064472490e-01,1.955070392440642346e-01,3.648536915705921646e-01,-3.328610063221980608e-01,1.146567339605732982e-01,8.728304848117442172e-02,4.130537545595858728e-01,-2.411515197667943866e-01,-2.700036117108706724e-01,1.579798431049529994e-01,-1.177719852956584656e-01,1.069635932266503331e-01,2.919123512184103042e-01,-1.043072226367543209e-01,-2.420681094747198780e-01,1.211608174702980406e-01,-4.931199932993213797e-01,-3.490524844128647941e-01,4.287835839542134680e-02,-4.571149309434054120e-02,1.045240921980124110e-01,-5.071450989986992647e-02,4.921742099415813421e-01,3.335377140266677087e-01,4.969433183302044421e-01,1.259453574440722867e-01,-2.324155503390633593e-01,-4.204950823687872430e-01,2.957320959908425473e-01,-4.134097299054766417e-01,-3.519919329385807760e-01,-6.570135441450472014e-01,-4.386166037778965188e-01,2.180021416817526925e-01,-9.025676051077417827e-02,-6.019417162934617149e-01,-1.096815136107502919e-01,2.562277771381467062e-01,-3.105680532278661810e-01,-6.004243405718786564e-01,1.024176293644500357e-01,5.093510491807091700e-01,-1.216564042120759359e-01,-9.135124315093772207e-01,-2.958362384164737319e-02,5.130011708318563679e-01,-5.156791602844279510e-01,-7.508507218058561028e-01,3.596640753598918661e-01,2.404777338452013524e-01,-8.063144954454861679e-01,-3.509712095330514425e-01,5.821008172661327196e-01,-2.300429459573975488e-01,-7.200948144966515807e-01,2.078107928642985436e-01,-2.551033903986505980e-01,-6.120157955502567582e-01,-6.079940751462350468e-01,2.183427969960089199e-01,7.257251948352275162e-02,-2.260467588949512455e-02,4.429412399596591721e-01,3.294898427789044737e-01,4.665205874881618309e-01
-4.907346768223391775e-01,-6.220935387749347845e-01,-8.063727347955405023e-01,-1.637151115256168799e-01,7.490531222590183225e-01,-3.495314239718108063e-01,-6.552846196106693055e-01,6.196192757121703476e-01,3.739878053755110177e-01,-7.966383504936564997e-01,-1.771263036912391065e-01,7.526432618620695347e-01,-2.258793106245032267e-01,-7.454649433575950557e-01,4.837972037677281678e-01,3.233957380439690388e-01,-8.000362246418505352e-01,1.715489098653790734e-01,1.000000000000000000e+00,5.528372526112071417e-02,-7.116357845326292120e-01,3.351215131744080811e-01,9.302878816680538732e-01,1.348074855457931931e-01,-5.274288700690770160e-01,6.367594303179386905e-01,5.947397180231427383e-01,5.988440937100881351e-02,2.907790279576982773e-01,1.577717538937357111e-01,-3.290142847009042137e-01,7.979731474509451153e-03,3.482411920172009401e-01,1.161332378158268092e-01,-8.626110446555918312e-03,1.774587640215188611e-01,1.536502096417516616e-01,-1.739286387249711630e-01,-1.320301882608397245e-02,4.634802039237717608e-02,-4.081132345385349858e-01,-4.419009198326122601e-01,3.126682067429983891e-01,4.180267317169322205e-01,-3.225866596071616521e-01,-1.838576233086276490e-01,3.781555097909367058e-01,6.816128043744830445e-02,-5.531011523177535860e-01,-5.775717900973953434e-02,-2.345916953682914211e-02,-1.322474720884858623e-01,-5.737203816546287971e-01,-3.302187692767021010e-02,-5.449581715698639250e-01,-5.213262575608003102e-01,2.336170188894141631e-01,-6.529778120042706302e-01,-2.531944134706777816e-01,5.443944029900517068e-01,-1.176937197123640588e-01,-6.998589553913240335e-01,1.190742052863058981e-01,6.320843542746701349e-01,-3.293396329818407131e-01,-9.193475822065674263e-01,-1.584425324532577894e-01,7.147059138902535080e-01,-3.334811162404651141e-01,-8.502399512685125949e-01,3.372286050931550538e-01,4.733465009278889357e-01,-7.455299667967401067e-01,-4.783014143554693010e-01,6.345863761662484670e-01,4.570805498584237098e-02,-8.676227104207681062e-01,1.456029712437338364e-01,6.849622338084873086e-01,5.865670433965951558e-01,-5.191259527400557960e-01,-1.408461027869599980e-01,6.563971708400245797e-01,7.710753396804011228e-02,6.504913445988758092e-01,5.004017958162473301e-01,7.901517686332408807e-01,4.056428367991750106e-01
8.873272612913275445e-03,-4.649533370889755157e-01,-1.726762022474464808e-01,3.184046748777863423e-02,3.652061942850856613e-01,8.076637819768950344e-01,-4.257183154734792696e-01,-3.992540479748189486e-01,8.314368753315386495e-01,3.573394594769742083e-01,-7.331934881582720109e-01,1.830975800397245667e-01,8.969963245085725845e-01,-2.388947439489731706e-01,-3.644739794555120760e-01,8.360927794787753609e-01,2.177806256432568699e-01,-4.868689828094611149e-01,5.528372526112071417e-02,1.000000000000000000e+00,5.501089355002231063e-02,-6.142383743298250875e-01,1.390221629233029110e-01,8.915655882621877915e-01,3.593716991998404109e-01,4.964364837138977860e-02,4.233854718973825149e-01,2.669610700146123894e-01,3.904982873468433313e-01,-6.069678462814400710e-01,1.709219252803289846e-01,6.977366724814189070e-01,2.186532657070784369e-01,2.190901858889087450e-01,2.299643812546968147e-01,3.791953395483469991e-01,1.589199554143187199e-01,5.257693401725963001e-02,5.012872006545183723e-01,5.458649320577221298e-01,-1.916388398303148222e-01,1.848945158966570357e-01,6.395279518020040577e-01,3.953466827709343767e-01,4.792621844717903645e-01,-5.266444153160197983e-01,-4.507060829412871117e-01,-3.324020420184720364e-03,-3.226791639373738363e-01,-3.905694979104850084e-01,-9.649506473432135911e-02,-6.872476139372394321e-01,-1.659013389562980778e-01,-3.319872929005661666e-01,4.730080287646167836e-01,-3.072410660183059194e-01,-6.690914810456376483e-01,-4.710373313203159440e-01,3.333690594495159476e-01,-1.272062345086551471e-01,-8.529076747505283107e-01,-3.192135659049071678e-02,4.450212991328273415e-01,-3.840148292739336555e-01,-8.538762648565203506e-01,-1.412251165373460127e-01,5.502429560173272005e-01,-3.477758557072812007e-01,-8.923556477000833542e-01,2.434295877857301504e-01,4.011164754053335169e-01,-7.750686912897768455e-01,-5.742610700315030625e-01,5.438818294971493605e-01,-3.834365153706844470e-02,-9.388089995625451545e-01,-1.203444965349100143e-01,3.548302613594946919e-01,-4.844499539798315380e-01,7.161883124725334504e-01,5.009476865726626427e-01,-2.767235727241427676e-02,-3.921470518147158746e-01,-5.940291376692201641e-01,2.131148222961064542e-01,3.096115486962589536e-01,9.820892054740756882e-02,2.818589205634146611e-01
1.358952306464208393e-01,2.536451521511323692e-01,5.172594552753931874e-01,6.664271147885438840e-01,-2.533266401173163707e-01,4.728914614302778263e-01,7.830213513192387786e-01,-1.283214497796137943e-01,-9.611584678803762605e-02,7.662066490635857097e-01,4.511278833538021615e-01,-2.384630135043659671e-01,2.931831202524973756e-01,8.592786776473256838e-01,7.236956902569897931e-02,-1.012330807322479459e-01,8.314527576188128766e-01,3.515203482587215267e-01,-7.116357845326292120e-01,5.501089355002231063e-02,1.000000000000000000e+00,1.382231687791345143e-01,-7.564591325240436204e-01,-1.729215263723945240e-01,8.419972668039605868e-01,-1.945473216124779803e-01,-5.807836718987955393e-01,4.972550625757726772e-02,7.216911734200015527e-02,-1.659377945522167164e-01,1.064688719691369856e-01,2.140597890882347809e-01,2.129726005087786977e-02,3.470896879198374051e-03,1.105589165210934394e-01,2.748346833037609849e-01,2.156489115049561867e-02,1.876404137380819487e-02,2.940636641239484095e-01,-7.826302256262819557e-02,-2.561019491349429689e-02,4.855068443104335052e-01,1.258657948260613092e-02,-8.612399220505434494e-02,4.275691715431785833e-01,1.975717769273611923e-01,-2.688055417718623885e-01,2.715903273293370224e-01,3.935043529374109283e-01,-3.025875660069667905e-01,-3.080357545816486131e-01,-2.227809194637473192e-02,5.766952799239855737e-02,-3.908028605142503942e-01,2.019427024782371738e-01,-4.340807399270796285e-02,-3.562607891756071066e-01,3.684923696133178272e-01,-1.828933084364443851e-01,-7.747431392866650501e-01,-4.194820038150379876e-02,4.150472088826720474e-01,-5.100776768597239386e-01,-7.630780696268500973e-01,3.193456946710325206e-01,6.671999629242874041e-01,-3.501844294588687401e-01,-8.856949223564709595e-01,2.645187304745624246e-01,4.642008025839735597e-01,-7.588266499897124984e-01,-5.545320347730195998e-01,5.882954756276722597e-01,2.116717868419029300e-02,-9.354795700609608300e-01,-5.038600523362055800e-02,5.349379377284292358e-01,-6.139152028301220199e-01,-7.313944228285237381e-01,-3.767471231612173344e-01,2.092329663918136851e-01,-3.298254561672006591e-01,-6.043621001700968387e-01,-3.366341739407900380e-01,-5.972986497110124304e-01,5.121616571799877948e-02,-3.937208244383814115e-01,1.600756067330396937e-01
-4.815296533852044814e-01,-6.548114663987253392e-02,-2.585851575099241129e-01,4.725109171422103849e-01,2.842288086739975794e-01,-5.334904472949693055e-01,3.317684858680123861e-01,8.863553359960278932e-01,-2.673956141396430786e-01,-4.255705759142925926e-01,7.832202563813438490e-01,5.097920857189240929e-01,-6.307396301944132588e-01,1.583359680371922984e-01,9.176001609243024104e-01,-3.202597282114450494e-01,-2.039526125950289204e-01,8.831852053591144891e-01,3.351215131744080811e-01,-6.142383743298250875e-01,1.382231687791345143e-01,1.000000000000000000e+00,1.940129633425101696e-01,-6.909746669579098777e-01,-4.688412778220795579e-02,4.241681666471619483e-01,-2.131539007655721962e-01,-9.835031378795017210e-02,-1.668527456462664746e-02,3.948742728864358398e-01,-4.477608964458383300e-01,-3.556073427258207853e-01,1.833982570786788779e-01,5.721223918038054884e-02,-5.509484279343068031e-02,9.228328743006058987e-02,8.908746798938538269e-02,-1.056175884659732167e-01,-7.733006838568691477e-02,-3.610473005518815004e-01,-2.944020815761897447e-01,-1.201017333121072728e-01,-1.144800838470394905e-01,1.086247998817614635e-02,-2.579299946212798011e-01,4.203348169233588338e-01,4.305378649998743423e-01,3.105103553300141983e-01,3.828403313500498839e-02,-5.775627971916664355e-02,-2.890417737699778056e-01,2.796563013618584281e-01,-4.033354863069604224e-01,-1.349574728259154144e-01,-7.143804818787519162e-01,-4.020281429922110128e-01,5.016268733064794816e-01,-2.737221579738500707e-02,-8.019101155236435519e-01,1.601080572276943059e-02,5.207117399788929735e-01,-4.485181130199472621e-01,-7.377842267734066040e-01,3.246378630397065979e-01,6.178077912087007739e-01,-2.964836896782712117e-01,-9.398591926725337053e-01,1.942341012410786771e-01,5.344131364058349876e-01,-6.962218016794793352e-01,-6.653956949411036215e-01,5.702105741882229628e-01,1.477753961032334806e-01,-9.446750374268324535e-01,-1.648049427844268389e-01,7.078882289125619787e-01,-4.009624372946637427e-01,-7.129083975188805766e-01,4.378574337668260097e-01,-2.284972160198991686e-01,-6.809026518718276355e-01,-4.892899284703708385e-01,3.603099418339975601e-01,2.667131702222808043e-01,-8.377649629450456201e-03,3.744880271019619955e-01,4.135723494319569205e-01,4.340388746869895398e-01
-4.608340124770639590e-01,-5.783654100697893652e-01,-7.650612438850474817e-01,-2.157313126564295025e-01,7.017690993164006352e-01,-3.065390182353691650e-01,-7.619884330384834037e-01,5.132480316132121967e-01,4.334780965332311609e-01,-7.910369482440017253e-01,-3.195652943009173463e-01,7.180313044828378066e-01,-1.502211236590828003e-01,-8.365506856438527095e-01,3.658244024592974264e-01,3.941068831386688731e-01,-7.725917945650762064e-01,1.762536170681533801e-02,9.302878816680538732e-01,1.390221629233029110e-01,-7.564591325240436204e-01,1.940129633425101696e-01,1.000000000000000000e+00,2.567344442097482804e-01,-6.402269359505539104e-01,4.279213552582060154e-01,6.855738524324951344e-01,1.281933313624012416e-01,1.739696594510400096e-01,5.445864219163319003e-02,-3.260445449091328718e-01,1.090742831641486679e-02,2.053709670906723461e-01,1.818118266691089446e-01,9.532571775509887657e-02,4.846863073243758840e-02,1.147719255422746387e-01,-3.633027230457058776e-02,2.859761391323675447e-02,1.377865997006076648e-01,-3.305170461093179246e-01,-4.072537811588160528e-01,2.994220997657049965e-01,3.402163750115997920e-01,-2.821199838549043326e-01,-1.974374256171724240e-01,3.209841992141361233e-01,3.540184353216580676e-02,-5.296653964176908369e-01,-4.815566709284139352e-02,-5.917298556781046964e-02,-2.140207456394924990e-01,-4.520167932420517953e-01,5.638633917116444433e-02,-4.006756859086290645e-01,-4.799570081546668532e-01,2.533702839999207868e-01,-7.127826433392571159e-01,-1.800945015656729153e-01,6.656946782268563512e-01,-1.659304550650093080e-01,-7.463283578994759360e-01,2.387081657049957839e-01,6.956544263618269497e-01,-4.221837805692880141e-01,-9.414816320586187892e-01,-8.457714336909706587e-03,7.412445803011907808e-01,-4.367125459918014818e-01,-7.918965580646654123e-01,4.754802309726430254e-01,4.290037278168980506e-01,-8.160879472992520478e-01,-3.617166254877386966e-01,7.229759523495216111e-01,-4.838741864396928216e-02,-8.661081463001243375e-01,3.080572188744936657e-01,6.786299451900235091e-01,6.439119877485766086e-01,-4.017767432015261764e-01,-1.036442269672730315e-01,5.938706953690314760e-01,1.128872841095538981e-01,6.849408843645998779e-01,4.305793024020846960e-01,7.438934887349225589e-01,3.451105052471672430e-01
3.495968624667301905e-02,-4.157860580662646188e-01,-2.257808994933833691e-01,-1.627666125701898725e-01,3.491791804071789906e-01,6.986003148291723974e-01,-5.933681151214335037e-01,-4.291691109885402700e-01,8.119597323957413737e-01,2.060675998959999589e-01,-8.467021595638591913e-01,1.712630671316417164e-01,8.191549464483559584e-01,-4.179791168482652752e-01,-4.214893485738390178e-01,8.218486288251609651e-01,5.505606632218489754e-02,-6.204615076064472490e-01,1.348074855457931931e-01,8.915655882621877915e-01,-1.729215263723945240e-01,-6.909746669579098777e-01,2.567344442097482804e-01,1.000000000000000000e+00,1.495319079125679573e-01,1.972347029796283832e-02,6.438048999997150190e-01,3.364713268533787716e-01,3.611937611246016644e-01,-5.011899253552069000e-01,1.673402791694714453e-01,6.240279663867606130e-01,1.235426069906274682e-01,1.390627738416654047e-01,2.877767082250836661e-01,2.696088885713753824e-01,2.894661118444535886e-02,5.205387051140785565e-02,4.512969454328528141e-01,4.843991574858425575e-01,-2.040689215142621471e-01,2.537777066559582934e-02,5.724853746255664788e-01,4.080688238299586268e-01,3.939069422618176053e-01,-5.141510077868011175e-01,-3.271490810672559868e-01,-1.228348488415464956e-02,-4.233082187954640974e-01,-3.267144548592786912e-01,-4.088239481050628260e-02,-6.464228492808931081e-01,-1.914283169441704513e-01,-2.541133981053202429e-01,4.011731354344192368e-01,-2.548283232767079021e-01,-5.596966614935264817e-01,-4.792013022725908344e-01,4.090470104147031494e-01,3.884943545065761700e-02,-7.948134238944652985e-01,-6.416699877850125244e-02,5.646127421424529391e-01,-2.111870076847365829e-01,-8.918453598909712454e-01,-2.355844827573807254e-01,6.821021644065226042e-01,-1.476511474592921425e-01,-9.175760290559653587e-01,1.996869961381726455e-01,5.949609472898033102e-01,-6.409298684138461377e-01,-6.543823490251364783e-01,5.819289155351711207e-01,1.804350584618579778e-01,-9.044974766040362324e-01,-1.706561648348832450e-01,5.357573821061297759e-01,-3.221284174211581086e-01,7.427413019964679286e-01,4.541198647113590670e-01,7.793715265999094644e-02,-2.772243725074276521e-01,-4.350388904753531016e-01,2.887136149099535642e-01,2.041171137079095255e-01,1.172102933939323938e-01,1.756960528357368878e-01
1.161595515743878843e-01,3.354795395608576453e-02,3.238406067867491966e-01,5.662278864473782036e-01,-6.762240008090032728e-02,6.899882523187286232e-01,5.616722768213836536e-01,-2.090127444955539593e-01,2.003386829877866759e-01,7.859017012126338075e-01,1.794276421048595638e-01,-1.218860362573405826e-01,5.487150496536926658e-01,6.827115836561056250e-01,-1.412761395267704036e-02,1.849046406632535167e-01,7.758613439164185888e-01,1.955070392440642346e-01,-5.274288700690770160e-01,3.593716991998404109e-01,8.419972668039605868e-01,-4.688412778220795579e-02,-6.402269359505539104e-01,1.495319079125679573e-01,1.000000000000000000e+00,1.016307556670646289e-01,-3.308727061186967910e-01,1.286968046591961956e-01,3.414098474983905396e-01,-2.662344248476971043e-01,2.004715911805545481e-01,4.506624938289259807e-01,2.022104665804015933e-01,-2.570578215235555866e-02,1.176689304797795127e-01,4.898413290664561104e-01,3.344998800671024342e-02,-1.132241807692708768e-01,4.140052278980869693e-01,3.061163957619581974e-02,-1.716842527147850739e-01,3.872393604244975807e-01,2.530987723397033484e-01,1.662013725940659770e-01,5.187567944650353091e-01,7.077804996537729113e-03,-3.450099166217527880e-01,2.673314749152635450e-01,1.519694190114574961e-01,-4.033327899565161689e-01,-2.652977571914376664e-01,-2.097992667097360320e-01,-1.598251894427613895e-01,-5.984173236635603743e-01,1.986793038341501949e-01,-1.989600521511821207e-01,-5.487695216637603624e-01,1.700150853818568897e-01,-7.743993305309812558e-02,-7.565157342320674161e-01,-3.203773627815220126e-01,3.525113475783495098e-01,-3.235717498199593423e-01,-8.081524800003586639e-01,-3.822578093983381060e-03,5.257884352908731573e-01,-1.592776735174638025e-01,-8.924756788346422942e-01,-5.710337106237712429e-02,4.568977782491999151e-01,-5.565422919339831909e-01,-7.343820657609255731e-01,3.183704657719542142e-01,1.648769827695811263e-01,-8.445833758098342248e-01,-3.452838937874362912e-01,4.116081094726266598e-01,-4.791255351852217181e-01,-7.882248623793670639e-01,-6.562011448780659395e-02,2.704966603152301197e-01,-3.270246987305299724e-01,-6.397122797540751860e-01,-4.831661269375031043e-01,-4.206203100081251089e-01,1.905588382965056338e-01,-2.389969333102667515e-01,2.995186345070140477e-01
-4.743541045491942998e-01,-5.511327266844725514e-01,-5.652870364083188992e-01,8.234476301512466678e-02,6.040201070912966097e-01,-9.664612121058117900e-02,-1.937545310584001812e-01,5.276428587931636383e-01,2.823796359562572578e-01,-3.647543525251593644e-01,8.777805809944105864e-02,5.766967833361266171e-01,-7.953874942373824475e-02,-2.430110226470288959e-01,5.317164823725711864e-01,2.522212596604815338e-01,-4.366083940474426717e-01,3.648536915705921646e-01,6.367594303179386905e-01,4.964364837138977860e-02,-1.945473216124779803e-01,4.241681666471619483e-01,4.279213552582060154e-01,1.972347029796283832e-02,1.016307556670646289e-01,1.000000000000000000e+00,3.455318317526116512e-01,-1.373199299405047924e-01,6.201700297676726592e-01,2.212845254857212507e-01,-1.523086576869749076e-01,2.181905617313668333e-01,6.883359472317098771e-01,-8.912165745509431636e-02,-2.648244937091140394e-01,5.762324509068824652e-01,2.301268871947889372e-01,-5.026511872140443371e-01,-4.290190221642375262e-02,-4.641976120406762774e-02,-5.102897484491518698e-01,-4.609049020732919333e-01,2.938231853637198188e-01,5.469810195243589579e-01,-2.204224001750515471e-01,-1.394252078056171795e-01,3.766907140356742789e-01,1.062477680655935230e-01,-5.342304524110034203e-01,-8.542909019522915148e-02,-1.002753944666483210e-02,-5.402739156694289641e-02,-7.654055332088870456e-01,-3.780192547397085989e-01,-6.287882131503216288e-01,-4.837184064075142897e-01,-4.993549308826986111e-02,-2.692511060362659525e-01,-3.223966541778880979e-01,-7.368600879171173512e-02,-9.950911110170704288e-02,-2.811112489502308187e-01,-2.126240598410161220e-01,1.092086648933566079e-01,-9.475574119250769478e-02,-4.934383882351720541e-01,-3.422033129923031103e-01,2.312562697217437346e-01,-1.476320385733014273e-01,-5.606716842369355858e-01,-8.774963606667630922e-02,1.759437366558675164e-01,-3.666628454333842324e-01,-4.464661549365517845e-01,8.904194983071067604e-02,4.153696535311203475e-02,-5.087602764361915941e-01,-2.793273875586378963e-01,2.660383316479836835e-01,3.635251608569561865e-01,-4.127545918867034924e-01,-1.377653190500503777e-01,3.666389160779038314e-01,-1.048829087799370147e-01,2.049991998976080920e-01,4.802910861740058990e-01,5.658727944843169322e-01,4.683809088282340216e-01
-2.347858230534634327e-01,-4.290165600194355555e-01,-5.521230671381417432e-01,-2.668631409685098266e-01,5.112216524663407702e-01,9.624631695882870930e-02,-7.546028471678420946e-01,8.783853031428337510e-02,6.038053495421614736e-01,-4.116506736368977792e-01,-5.985457097430348927e-01,4.843069789029167960e-01,2.522789032038251222e-01,-7.340822412696501598e-01,1.710052019454594979e-02,6.059254381802214873e-01,-4.651205898607728151e-01,-3.328610063221980608e-01,5.947397180231427383e-01,4.233854718973825149e-01,-5.807836718987955393e-01,-2.131539007655721962e-01,6.855738524324951344e-01,6.438048999997150190e-01,-3.308727061186967910e-01,3.455318317526116512e-01,1.000000000000000000e+00,2.576273929858523548e-01,3.291333395069186984e-01,-6.905308254329356465e-02,1.968933648969816222e-03,3.370771302313441686e-01,1.323449084448967139e-01,-1.581730168682573059e-02,1.543053589233779332e-01,1.266603850786151841e-01,-5.218864807298716213e-02,-1.097227511166876252e-01,1.466808941994652837e-01,2.308701230976794028e-01,-3.147007286528555325e-01,-4.890284598058933230e-01,3.744225658410906266e-01,4.712354079589486933e-01,-1.127227446782016473e-01,-3.572303567142298686e-01,2.526289307712013543e-01,-2.340177097936763789e-02,-6.546148485540846940e-01,-8.312181343985454440e-02,-6.261467391186884002e-02,-3.841387037227527723e-01,-4.534210616024064167e-01,-5.456811350059400517e-02,-1.248909803775128946e-01,-3.792634373010412285e-01,-7.722930361486442588e-03,-5.852599226530033061e-01,5.717760179842632656e-02,4.399980207529763376e-01,-3.667079643760572938e-01,-4.614869289709594979e-01,3.782449723678286135e-01,3.706808467725888345e-01,-6.007259092242482890e-01,-6.553157866962127098e-01,3.418103780055465890e-01,4.163476730140590054e-01,-6.513426214539392856e-01,-3.664900129110860161e-01,5.939826485080621499e-01,1.080235732284644604e-02,-7.664504457883705157e-01,5.963836717036656576e-02,5.648327050765351576e-01,-4.001753393005209047e-01,-5.691968155539839369e-01,4.523164205863609566e-01,2.992081891979565533e-01,7.081444700630138422e-01,-7.411738958071904804e-02,8.218405237585511836e-03,2.547311102224733559e-01,3.759377458888682466e-02,4.912611310874552828e-01,2.491481008267427966e-01,4.310072243337893516e-01,2.171882901393774601e-01
5.731237341849265005e-02,-4.208871666790300892e-02,-1.399071168085296024e-01,2.613915618013235020e-01,1.779190911176745660e-01,2.283461399714898366e-01,-1.373783874807271155e-01,-2.267884326456429470e-02,2.762395236369148965e-01,6.732359463328657645e-02,-1.822919414664591620e-01,1.487608414066694529e-01,2.542303683164378603e-01,-1.033430553550201553e-01,-3.544819545996429067e-02,1.483307898998717789e-01,1.571836536956376373e-01,1.146567339605732982e-01,5.988440937100881351e-02,2.669610700146123894e-01,4.972550625757726772e-02,-9.835031378795017210e-02,1.281933313624012416e-01,3.364713268533787716e-01,1.286968046591961956e-01,-1.373199299405047924e-01,2.576273929858523548e-01,1.000000000000000000e+00,1.214583217468897108e-01,1.036644133675901636e-01,5.334342414446253955e-02,4.132943535060563250e-02,-4.027835839340719315e-01,-2.118163099999560151e-01,8.221038428371739704e-01,1.047128540725869861e-01,-6.399959488574125110e-01,4.585908438552496746e-02,6.644454592805335569e-01,-2.748547854200527607e-01,-3.458779056046565881e-01,2.384682766516215691e-01,2.356336419577565733e-01,1.609523760471970322e-01,4.670952923803313173e-01,2.588292625677801051e-01,-1.421517661574316915e-01,6.256163637424717594e-01,8.503191234007712040e-02,-5.501501229639372825e-01,-5.216371170611741048e-01,-1.338962855561327270e-01,-2.100339594549708588e-01,-4.427809068046438257e-01,-6.328910045500328596e-02,-4.192410642524157516e-01,-2.318155085319857645e-01,-5.497629371343913940e-01,1.431494384305195822e-01,2.275188665598938398e-01,-4.800179642299960969e-01,-2.860912920852218821e-01,3.038140096182381789e-01,3.225104019423308266e-02,-3.833894093825614968e-01,-1.414549359883988389e-01,6.147058553499357841e-02,-1.043918429110600177e-01,-2.761084941543989757e-01,-3.197305896016439108e-02,6.776948852767983311e-02,-2.116989913197367124e-01,-2.415956182085940429e-01,8.074152473254173068e-02,1.250024570211055210e-02,-2.816144517143687742e-01,-1.251550481120024261e-01,1.971837278476959721e-01,-6.679862418816723268e-02,2.442204340647544381e-01,-7.716552717667708727e-02,-4.954218012550304917e-01,-1.850139166701591509e-01,-1.776522596716969549e-01,3.720752240530599275e-01,2.375338818878896530e-01,2.071304640877059955e-01,2.555464443588475465e-01
-9.874716889561892252e-02,-4.390862370033454809e-01,-3.259734908602763825e-01,1.350244083724518873e-01,4.488798707430440849e-01,3.314361845954774677e-01,-1.030379340915756337e-01,6.530276078227328918e-02,3.960002313368486404e-01,9.636532705445115254e-02,-1.426811768030609162e-01,2.630225200177679912e-01,3.319091764786888388e-01,-3.412764292883378042e-02,8.816705460170465303e-02,3.509273261343671124e-01,-5.958695492924494935e-02,8.728304848117442172e-02,2.907790279576982773e-01,3.904982873468433313e-01,7.216911734200015527e-02,-1.668527456462664746e-02,1.739696594510400096e-01,3.611937611246016644e-01,3.414098474983905396e-01,6.201700297676726592e-01,3.291333395069186984e-01,1.214583217468897108e-01,1.000000000000000000e+00,8.256115298370325650e-02,2.848738799045769099e-01,5.976427780813325930e-01,6.162086027092632534e-01,-3.213533863843890948e-01,-8.924404155023583918e-02,7.788586409678921463e-01,5.774428111891877213e-02,-6.199661914284958497e-01,1.496180740566409317e-01,-5.749085909286319462e-02,-5.358092372214369181e-01,-3.471917085307728024e-01,3.555190595643398233e-01,6.568210462482765299e-01,3.802719086140105877e-03,-2.999364251197024211e-01,2.554903761237264370e-01,1.943792058135054845e-01,-4.975466483744270252e-01,-1.985708569352584996e-01,-1.066249680872728978e-01,-1.174463253715796046e-01,-6.976097900743899460e-01,-5.203878327013173877e-01,-3.003614209294263038e-01,-3.860465050506020068e-01,-4.568084175902765165e-01,-2.617426472066480825e-01,6.769135851921199987e-02,-2.960068512416196285e-01,-4.670920571352130679e-01,4.433945491917575671e-02,4.726426107711699520e-02,-3.164442975025474336e-01,-3.845475179513443420e-01,-1.600482742300957384e-01,-4.556900678864462921e-03,-1.556422338833552410e-01,-3.399126537157248218e-01,-9.283559007058660162e-02,-9.678009334781408762e-03,-3.000162737581241745e-01,-2.729043977841539292e-01,2.763366340084219899e-02,-1.378820528377900645e-01,-3.560481651502541145e-01,-1.350882473797258843e-01,-7.659279183266688718e-02,-2.133645710833171893e-01,3.706387390751396116e-01,-1.787898017849528232e-01,-1.288166032535643934e-01,5.774745412912263981e-02,-3.822723548191649945e-01,8.789588333987155555e-02,3.969512085790052325e-01,2.845417906339351433e-01,3.316976540438448251e-01
-6.283726112254671425e-02,1.660660676410576353e-01,-9.312312553283522143e-02,-1.018401748344200664e-01,-7.675808071505053898e-02,-5.984648226497577550e-01,1.402006069732028015e-01,2.918778528420009621e-01,-5.232465983136085352e-01,-3.683848165151651366e-01,3.969948822401352939e-01,-7.295906495744576559e-02,-6.331158390075880549e-01,-1.915222870224383067e-03,2.287461934501728855e-01,-5.875029784013161560e-01,-3.734525713474582398e-01,4.130537545595858728e-01,1.577717538937357111e-01,-6.069678462814400710e-01,-1.659377945522167164e-01,3.948742728864358398e-01,5.445864219163319003e-02,-5.011899253552069000e-01,-2.662344248476971043e-01,2.212845254857212507e-01,-6.905308254329356465e-02,1.036644133675901636e-01,8.256115298370325650e-02,1.000000000000000000e+00,1.055690881955741178e-01,-5.661251186261655466e-01,-3.220255172338075400e-02,-6.858076113564172127e-01,-1.447792328562806652e-01,5.250964317659937569e-02,-4.614746606505052973e-01,-5.491102576980091410e-01,-3.457777030760118553e-01,-7.274660229649504428e-01,-1.607449526384201188e-01,-3.423335819633507859e-01,-4.597850979929036797e-01,-1.123108355463976922e-02,-3.942694920067691400e-01,4.396936284278378237e-01,5.507563081113967529e-01,1.844231023452354845e-01,7.854596891195995967e-02,2.197587121577677938e-01,1.017212462706928305e-01,6.814058527219696293e-01,-1.472376109849897474e-01,1.140667326855725749e-01,-5.696947735833592930e-01,1.633073670422482415e-01,2.674214939382392187e-01,1.685020930091961355e-01,-1.838594710690772760e-03,1.244813814052714296e-01,3.456090101947081328e-01,5.875933290170034379e-02,-7.405077690215841613e-02,2.747110841315226204e-01,4.089444247861709347e-01,-2.350049098509873063e-02,-3.220545162319676802e-01,3.797743129284254504e-01,5.289669371993700464e-01,-2.512640051701130472e-01,-1.375231261227979063e-01,5.778550778983455594e-01,2.603690736886108414e-01,-3.364528002282548003e-01,1.666974804333762883e-01,5.851075879152459747e-01,1.658580088148504592e-02,-1.097930060661422846e-01,4.195036950370819029e-01,-3.794721856609108990e-01,-5.060374950396461236e-01,7.700761401232798266e-03,4.239603383579740314e-01,2.887042210574412016e-01,-1.302108112065627175e-02,-9.335240522293718202e-02,5.886196751294132251e-02,-1.672996213549204358e-01
4.523025537414914199e-01,2.225684086207638523e-01,2.323222295144767302e-01,-1.922747476838277680e-01,-3.296961539695481003e-01,2.020414607393572481e-01,9.737479070745330700e-02,-5.204150356184444881e-01,-1.339231611484118234e-01,3.527738596502892343e-01,-1.932973046991121879e-01,-5.017955889808541903e-01,1.905487850496448976e-01,1.517787603058683432e-01,-5.344322232480609447e-01,-1.530421585451165745e-01,2.054004094219271936e-01,-2.411515197667943866e-01,-3.290142847009042137e-01,1.709219252803289846e-01,1.064688719691369856e-01,-4.477608964458383300e-01,-3.260445449091328718e-01,1.673402791694714453e-01,2.004715911805545481e-01,-1.523086576869749076e-01,1.968933648969816222e-03,5.334342414446253955e-02,2.848738799045769099e-01,1.055690881955741178e-01,1.000000000000000000e+00,2.432790423204236330e-01,-1.087039354899129312e-01,-6.904815567560717016e-01,-7.568845320348685513e-02,2.486220928939986696e-01,-4.251156785947200478e-01,-5.229702869878843918e-01,-6.645298474641425646e-02,-2.191162455862225855e-01,8.184269485451399484e-02,-1.351352339005026382e-01,-1.225724412845218686e-01,2.068565283868742666e-01,3.137468380072255120e-02,-1.020189065941437129e-01,8.434851653425323725e-02,-3.149747877556718922e-02,2.832976124637483217e-02,1.532251453042079714e-01,3.666078841374748650e-03,2.537839387864802010e-01,1.555088730803821651e-01,-1.197372769791345271e-01,2.176241999418500883e-01,3.466406362994942092e-01,-3.618850112817343367e-01,1.121303459927697477e-01,5.720815606358221617e-01,-1.186243663899841649e-01,-2.781554943976447536e-01,4.346808228452413436e-01,4.094830221583431462e-01,-3.136810542730459894e-01,-1.820505875655709094e-01,4.011279013183547959e-01,3.770030223472469189e-01,-2.227296320830823850e-01,-1.786227051852572537e-02,4.986060606273614026e-01,1.569588428214328535e-01,-2.766108456101326607e-01,2.072799652165945306e-01,5.013931312997753631e-01,-7.657293548258944926e-02,-2.192917797072667929e-01,4.653684592745845339e-01,2.728315237653340941e-01,-3.384336063057767352e-01,-1.154750610213016448e-01,1.842947286815923569e-01,1.662915194760269944e-01,-1.625915848222564408e-01,-1.156430545256846854e-01,-1.099875778346446620e-01,-2.634095815797132811e-01,-3.640551637059541434e-01,-3.421540086487172561e-01
1.064528694507412276e-01,-3.479666889017903331e-01,-1.000820108874488218e-01,1.418490765025067490e-01,2.877190370192459490e-01,6.807966584055865633e-01,-1.158397141060406726e-01,-2.523387175450296782e-01,5.932022989516367861e-01,4.084506602362097394e-01,-3.828055336331858127e-01,1.305369545053825520e-01,6.983584138274093744e-01,4.560084515361623875e-02,-1.916369205826280453e-01,5.979457292391754386e-01,2.847322119284691477e-01,-2.700036117108706724e-01,7.979731474509451153e-03,6.977366724814189070e-01,2.140597890882347809e-01,-3.556073427258207853e-01,1.090742831641486679e-02,6.240279663867606130e-01,4.506624938289259807e-01,2.181905617313668333e-01,3.370771302313441686e-01,4.132943535060563250e-02,5.976427780813325930e-01,-5.661251186261655466e-01,2.432790423204236330e-01,1.000000000000000000e+00,3.668042650547733152e-01,1.095161380875323137e-01,6.179170264228468074e-02,5.065108179371050623e-01,2.685644799317102316e-01,-1.157620750436471890e-01,3.190150037384990034e-01,4.195709480818901604e-01,-2.203402549682896561e-01,-5.598705820390705024e-02,5.217640787140767067e-01,5.174396248603483350e-01,2.261051115692619407e-01,-5.492718858271375959e-01,-1.105733887617165873e-01,1.756676530203659173e-02,-4.046524557951424184e-01,-2.763629578953076815e-01,-1.843442882226218049e-01,-5.292564829605506116e-01,-3.725002403689552932e-01,-4.192545304183356025e-01,2.492497875692971376e-01,-3.198934201377493514e-01,-5.582263358035797207e-01,-2.527167691808626659e-01,1.337512770926726768e-01,-3.464623811110828511e-01,-5.783958648673779290e-01,9.643420572370170474e-02,1.147811235818197023e-01,-4.988985827656801653e-01,-5.450194606731477709e-01,1.695776283025385300e-02,2.643968789648695195e-01,-4.406572833322770499e-01,-5.653191441107658921e-01,2.165882512621753742e-01,7.578967495340625804e-02,-6.571508321439948341e-01,-2.872953998148355947e-01,3.303311029443192215e-01,-2.606391378837630279e-01,-6.662119659082835765e-01,1.790825945365070310e-02,4.338458359162476047e-02,-5.323825643623749659e-01,4.657748869317570040e-01,2.087212842658894563e-01,-7.641728022380579743e-02,-2.536245106781079284e-01,-4.643130758844139505e-01,1.308601977886294371e-02,2.859428623463237673e-01,4.328829455610803956e-02,2.627800793907488219e-01
-3.986370263555095717e-01,-5.351453414211488901e-01,-3.752591982892639622e-01,5.533006914593939507e-02,4.940085560993150993e-01,1.345880386197059186e-01,-1.160940747721346672e-01,2.587199940103916962e-01,3.206508426839272952e-01,-9.633472034089728131e-02,-2.212104349407913867e-02,3.773620526043125478e-01,1.306344234763052725e-01,-9.758680395839303134e-02,3.022350605874467022e-01,3.370572289425815549e-01,-2.457114962495476063e-01,1.579798431049529994e-01,3.482411920172009401e-01,2.186532657070784369e-01,2.129726005087786977e-02,1.833982570786788779e-01,2.053709670906723461e-01,1.235426069906274682e-01,2.022104665804015933e-01,6.883359472317098771e-01,1.323449084448967139e-01,-4.027835839340719315e-01,6.162086027092632534e-01,-3.220255172338075400e-02,-1.087039354899129312e-01,3.668042650547733152e-01,1.000000000000000000e+00,7.257890365314274839e-02,-5.273901578660181722e-01,6.786674261634176863e-01,5.483937479841879403e-01,-4.740405825923900140e-01,-1.501118639332875704e-01,1.974844943418755938e-01,-2.821627067798663235e-01,-3.049780781770797811e-01,3.386896379247251732e-01,4.549179527499784825e-01,-1.767219651120546797e-01,-3.849062491765792848e-01,1.735348504225231736e-01,-1.831222556048856531e-01,-5.282509823627700163e-01,2.806228565789632701e-02,2.179859005272498929e-01,-1.737484587259710278e-01,-5.757477981174252690e-01,-2.199896637447790737e-01,-3.380122239848434296e-01,-2.812764987522071713e-01,-2.588798410171808118e-01,-6.985128522467554113e-02,-1.475693011628288198e-01,-3.204618586973962957e-01,-2.010291456026065959e-01,1.783841582419137123e-02,-1.696849743753396089e-01,-1.842288879053323725e-01,-1.429944313031660530e-01,-2.513960905563823456e-01,-1.614455925710467088e-01,4.331308492094261900e-03,-2.142379358588697158e-01,-2.635844788070945133e-01,-7.100474660098274327e-02,-8.336588712974660198e-02,-2.547828045056978463e-01,-1.826515397895358550e-01,-7.609301102526505600e-02,-1.396435843396428289e-01,-2.712377986517320316e-01,-2.403180257153210431e-01,-3.556739293354096304e-02,3.229476247895123886e-01,-1.173368915046768129e-01,5.920269785340439433e-02,1.718414620397985260e-01,-2.759603108189284115e-01,-1.827195799980388391e-02,4.049713549131977453e-01,3.125711667791482018e-01,3.567202741263514887e-01
-2.007372153252171554e-01,-1.984006666607006364e-01,-6.061104663169496892e-02,1.611934251167094767e-01,2.064281032380090031e-01,1.855373170166798591e-01,-1.265167242130971204e-01,1.572799927033594336e-01,3.448402121488735039e-01,-1.965872934213754725e-02,-8.370030127384010810e-02,3.328256525709997193e-01,2.154277825405439273e-01,-8.644559534759001240e-02,1.938599756612953418e-01,4.191818089361898370e-01,9.222784586792144579e-02,-1.177719852956584656e-01,1.161332378158268092e-01,2.190901858889087450e-01,3.470896879198374051e-03,5.721223918038054884e-02,1.818118266691089446e-01,1.390627738416654047e-01,-2.570578215235555866e-02,-8.912165745509431636e-02,-1.581730168682573059e-02,-2.118163099999560151e-01,-3.213533863843890948e-01,-6.858076113564172127e-01,-6.904815567560717016e-01,1.095161380875323137e-01,7.257890365314274839e-02,1.000000000000000000e+00,3.341898450758845618e-02,-2.860588840154165702e-01,6.820832219692198883e-01,7.241808899271023892e-01,1.537099424835597083e-01,6.375011947964568382e-01,1.314470465398338561e-01,2.684692208229356170e-01,3.137239268466905928e-01,-1.898562414086105710e-01,1.182789413142851243e-01,-2.560947877452055543e-01,-3.781005862702058185e-01,-2.030407054314516679e-01,-6.090012284821897520e-02,-1.442002162403061560e-01,2.987181992802060565e-02,-5.417915740494677612e-01,6.516765043759015219e-02,1.148999610763713208e-01,2.481621907631501034e-01,-2.632165462773877196e-01,1.631628621738336893e-01,-1.488599281389815787e-01,-3.888680033059052632e-01,4.227411888157144720e-02,3.841462495726537946e-02,-3.331375298340563673e-01,-2.320120221233338553e-01,7.354628277815730697e-02,-9.857183480189168900e-02,-2.402867209755998323e-01,-4.999976231412612410e-02,-6.066314863565937937e-02,-2.725488300307130629e-01,-1.727663013558831395e-01,-1.384140316586053056e-02,-1.315408774005261128e-01,-2.688408123344358525e-01,-1.312806378362771920e-01,-2.878814741705260430e-02,-1.725046815871504047e-01,-3.048256637591766904e-01,-1.023959622546059406e-01,-1.818005430212093695e-02,2.706695647668617699e-01,1.852963819886436214e-01,-8.184055771365798815e-02,-1.141883260003690170e-01,-5.846075942457037988e-02,8.042900021098892127e-02,1.762602598523649033e-01,1.768051043717745741e-01,2.734806399391143117e-01
5.532016445284745204e-02,-6.705384242591115596e-03,-6.882495126678596364e-02,3.088954372697275130e-01,1.353614667197115817e-01,2.465806990874252758e-01,-8.508286230244860304e-02,1.628174136398525748e-03,2.828268495455303344e-01,1.014239182339065348e-01,-1.348713506897109560e-01,1.681424269876612976e-01,2.607067599398953384e-01,-4.240424391648498631e-02,1.648357177408757077e-02,1.734085752853494755e-01,2.406845890863017479e-01,1.069635932266503331e-01,-8.626110446555918312e-03,2.299643812546968147e-01,1.105589165210934394e-01,-5.509484279343068031e-02,9.532571775509887657e-02,2.877767082250836661e-01,1.176689304797795127e-01,-2.648244937091140394e-01,1.543053589233779332e-01,8.221038428371739704e-01,-8.924404155023583918e-02,-1.447792328562806652e-01,-7.568845320348685513e-02,6.179170264228468074e-02,-5.273901578660181722e-01,3.341898450758845618e-02,1.000000000000000000e+00,1.036321153067373000e-03,-5.680370034277106850e-01,2.718604194165013532e-01,7.791350241733930870e-01,-1.087895339918030641e-01,-2.990039676333522967e-01,4.029984204729934461e-01,2.941041074925612731e-01,8.504879463785333660e-02,5.685561619304577707e-01,2.657104305613187112e-01,-2.481540903475162041e-01,6.571516128577183924e-01,1.553639930195514496e-01,-6.349490039114050743e-01,-6.144843891280710180e-01,-2.702877064233623061e-01,-1.080058346871991953e-01,-3.937660097222992484e-01,1.865240279046678773e-02,-4.573983565023755915e-01,-1.701808096597334230e-01,-5.011549173295026804e-01,2.177287047704131243e-02,2.085746130959625078e-01,-3.837291730946906787e-01,-3.213401574868504640e-01,1.809746897084545947e-01,3.394075984730110518e-02,-3.016475456045341064e-01,-1.114778159960730930e-01,1.659398545043993742e-02,-1.631998908713396534e-01,-2.531420130863206164e-01,-2.290633595680817425e-02,-5.191390349625692700e-03,-2.304473465702153445e-01,-2.038385737590353852e-01,3.596952278765447319e-02,-5.490264927686171886e-02,-2.559218779821377243e-01,-1.206768234709953702e-01,1.289201382818552788e-01,-9.418881039062730609e-02,2.046568008593341870e-01,-3.559393268094809479e-03,-4.920339656122684202e-01,-2.385763430386739492e-01,-1.520992521893450022e-01,3.023999608698058617e-01,2.162798434528248603e-01,1.530062301782586232e-01,2.589746977884377910e-01
-2.247290920620089727e-01,-4.665707429740681422e-01,-3.063600109192062271e-01,2.822672309626009235e-01,4.722409044644870213e-01,3.760985284991563149e-01,1.523941793186364170e-02,1.270994670335492960e-01,3.904263052233113984e-01,1.629058372921237396e-01,-3.427294084466749047e-02,2.958941099042739498e-01,3.344350059551529641e-01,7.562962894826256999e-02,2.013558170594361985e-01,3.190160905483971909e-01,3.207782410493169312e-02,2.919123512184103042e-01,1.774587640215188611e-01,3.791953395483469991e-01,2.748346833037609849e-01,9.228328743006058987e-02,4.846863073243758840e-02,2.696088885713753824e-01,4.898413290664561104e-01,5.762324509068824652e-01,1.266603850786151841e-01,1.047128540725869861e-01,7.788586409678921463e-01,5.250964317659937569e-02,2.486220928939986696e-01,5.065108179371050623e-01,6.786674261634176863e-01,-2.860588840154165702e-01,1.036321153067373000e-03,1.000000000000000000e+00,4.016511052707179980e-02,-6.976406386785641844e-01,3.163352213735358687e-01,-7.136985352217201095e-02,-5.643864217941892969e-01,-9.584561742699526654e-02,4.450120981157552058e-01,6.690944341944394802e-01,1.999091257160278412e-01,-1.838644709205677075e-01,1.319783106383768667e-01,3.234089431935727732e-01,-3.939371338184471383e-01,-3.535832617890866669e-01,-2.023655696152914518e-01,-1.463706757108239331e-01,-6.750693889584308272e-01,-6.372762139887295785e-01,-3.385169344980211159e-01,-4.584103186664647001e-01,-5.863618129742842466e-01,-2.528588858624691293e-01,3.368659984011563441e-02,-4.076387607819222936e-01,-5.354068203990923758e-01,7.404266382669949520e-02,-2.430470527106374373e-02,-4.068564539144648995e-01,-3.025355172409772697e-01,-8.894017837723657005e-02,-1.435246221996807070e-01,-2.798064431782384398e-01,-2.827497184166135047e-01,-8.264821577735054214e-02,-1.814710162259485227e-01,-3.571628130364898346e-01,-1.961710826868306445e-01,-4.450168539037292065e-02,-2.969849636180719732e-01,-3.239395265491334386e-01,-1.069957535564891038e-01,-2.169009460803649758e-01,-2.962127839279792840e-01,3.253495899210105402e-01,-1.056123955717187535e-01,-2.311046759803862538e-01,-5.423868722682033405e-02,-4.867267657968628036e-01,9.591202928295530783e-03,4.996149839507644241e-01,2.585622594139367902e-01,4.462356697455182597e-01
-1.959915620463906494e-01,-2.892835062935180113e-01,-9.179032922436307362e-02,1.836573698551935419e-02,2.207889685067662144e-01,1.189025029258401894e-01,-3.462211371310173341e-02,1.463873911327318311e-01,2.136454700399422479e-01,-1.222568134683435156e-02,5.025237232726993165e-03,2.353892252408663621e-01,1.209018169882936783e-01,-5.691512526843126550e-04,1.778971380606966524e-01,3.215664311906754613e-01,-5.117506938137306866e-02,-1.043072226367543209e-01,1.536502096417516616e-01,1.589199554143187199e-01,2.156489115049561867e-02,8.908746798938538269e-02,1.147719255422746387e-01,2.894661118444535886e-02,3.344998800671024342e-02,2.301268871947889372e-01,-5.218864807298716213e-02,-6.399959488574125110e-01,5.774428111891877213e-02,-4.614746606505052973e-01,-4.251156785947200478e-01,2.685644799317102316e-01,5.483937479841879403e-01,6.820832219692198883e-01,-5.680370034277106850e-01,4.016511052707179980e-02,1.000000000000000000e+00,2.411852335064383901e-01,-2.920342283973454967e-01,5.782850907684791153e-01,1.384113703154683517e-01,-6.452735394545679182e-02,2.047362371682412419e-01,2.122599149401410007e-02,-2.351948868991448338e-01,-4.846404503732368863e-01,-6.364573224694274056e-02,-4.599462801514059840e-01,-2.803994462155943723e-01,1.670220708793153652e-01,3.205472851483476826e-01,-3.212180387540951587e-01,-7.872195510120658102e-02,1.299714991209706683e-01,1.023934520249595442e-01,-7.278329372091627003e-02,5.046715038326599762e-02,1.068049488895894961e-01,-2.998389074270227384e-01,-2.324051207838779554e-01,1.052178179878759667e-01,-2.643379269638413895e-02,-3.069853048633967019e-01,-1.123799841366601437e-01,1.499945696902506764e-03,-1.365496571451970398e-01,-7.960409195215907563e-02,-4.407934767967050527e-02,-1.483614796073968456e-01,-1.326600205522420750e-01,-5.926017897666420453e-02,-8.557109874088321411e-02,-1.390572253673327818e-01,-1.228891868922874220e-01,-8.878293057675090694e-02,-9.066646139587325459e-02,-1.814006441366599887e-01,-2.121554290094273265e-01,-7.314796688452814000e-02,1.775305279996668706e-01,8.999382934858560223e-02,1.620805044359528435e-01,5.904333199813432270e-02,-9.609759383720506420e-02,-1.351614174879494368e-01,1.354726292825979284e-01,1.157442571585108326e-01,1.739190647673926615e-01
7.787400914246492278e-02,1.546637456550782330e-01,2.033485075532037445e-01,7.639740951360601828e-02,-1.641564237284514616e-01,1.013727531637881873e-01,-1.688801743166526426e-02,-7.784122079484277756e-02,8.485342109725467485e-02,8.834086711109256917e-02,-7.179274048621393789e-02,3.593849985483046384e-03,1.239886679071247055e-01,1.933948153478133244e-02,-6.546964297128948784e-02,1.419667266525318494e-01,2.575691147222882726e-01,-2.420681094747198780e-01,-1.739286387249711630e-01,5.257693401725963001e-02,1.876404137380819487e-02,-1.056175884659732167e-01,-3.633027230457058776e-02,5.205387051140785565e-02,-1.132241807692708768e-01,-5.026511872140443371e-01,-1.097227511166876252e-01,4.585908438552496746e-02,-6.199661914284958497e-01,-5.491102576980091410e-01,-5.229702869878843918e-01,-1.157620750436471890e-01,-4.740405825923900140e-01,7.241808899271023892e-01,2.718604194165013532e-01,-6.976406386785641844e-01,2.411852335064383901e-01,1.000000000000000000e+00,1.651025891821663594e-01,4.195135386068307715e-01,3.623951860144764558e-01,4.386273162610017651e-01,4.341605484220289329e-02,-4.914681494926580463e-01,2.196123191599954338e-01,-1.014897945785327160e-02,-4.751260345443869548e-01,-1.137394618294440968e-01,2.930204707040695022e-01,-1.030624692362369504e-01,-5.840750726195959031e-02,-3.639319351824715776e-01,4.260989903225728126e-01,2.546809585725852698e-01,4.447065819595720781e-01,-3.164664994568274718e-03,2.717945811444182902e-01,-2.149223424735425061e-02,-2.096492080482974529e-01,1.737839113406664249e-01,1.678485449594595003e-01,-2.166177385721818893e-01,-9.605201323140204195e-02,1.198599006898200953e-01,2.101271416508958614e-02,1.233745146046624427e-02,8.985581123884162080e-02,-8.808924258453398881e-02,-8.589588740585367421e-02,7.873734652783608012e-02,3.195273735792004272e-02,-8.992850563226430227e-02,-2.636315288449399274e-02,4.697393652136112180e-02,-9.295358509733923566e-03,-6.891412184833281551e-02,-3.496962796207928742e-02,4.197249618330275295e-02,-2.969930739720115856e-02,4.182689034880127284e-03,2.788546220183982793e-01,-5.980602124440859146e-02,-2.500491444295133148e-01,1.176434253853771983e-01,3.155903001272881286e-02,-1.345676230740701362e-01,-8.453607731023066174e-02,-8.341907921291549094e-03
-1.058279297833209787e-01,-2.241971208679460481e-01,-1.142020783029692871e-01,4.617771812423057676e-01,3.248163819258976237e-01,5.267093555678084016e-01,-8.161174110400756798e-02,1.551733538382215477e-02,5.500239586718613793e-01,2.459951768185403564e-01,-2.033982368006812536e-01,3.205874063504638993e-01,5.237527729642151852e-01,8.619880099155846631e-03,8.792674612146041124e-02,4.643028871364479615e-01,3.322689253755481964e-01,1.211608174702980406e-01,-1.320301882608397245e-02,5.012872006545183723e-01,2.940636641239484095e-01,-7.733006838568691477e-02,2.859761391323675447e-02,4.512969454328528141e-01,4.140052278980869693e-01,-4.290190221642375262e-02,1.466808941994652837e-01,6.644454592805335569e-01,1.496180740566409317e-01,-3.457777030760118553e-01,-6.645298474641425646e-02,3.190150037384990034e-01,-1.501118639332875704e-01,1.537099424835597083e-01,7.791350241733930870e-01,3.163352213735358687e-01,-2.920342283973454967e-01,1.651025891821663594e-01,1.000000000000000000e+00,1.294663317814838954e-01,-5.105165371132608376e-01,4.347920167783115852e-01,6.086510472171143826e-01,3.086987380220045929e-01,7.521156676727267509e-01,6.688109353513849165e-02,-4.076308302594108812e-01,6.049344546661201694e-01,-3.092557428887543133e-02,-7.806142449755711921e-01,-5.933537631595077189e-01,-5.409555673022464761e-01,-3.206606320886650763e-01,-5.723851290979539153e-01,9.580054853636935097e-02,-5.791827194013383640e-01,-4.446448578933676621e-01,-5.058363370333749387e-01,-2.893205531902861768e-02,-7.307315465940504573e-02,-5.967727894551193568e-01,-2.495864822518825132e-01,9.831792706328890130e-02,-2.244590854036526140e-01,-4.345969587135776746e-01,-1.174364868553614966e-01,8.054487983067203094e-03,-3.761410678874185787e-01,-4.648043697832412446e-01,8.620303388303876199e-03,-8.037203797806247163e-02,-5.004697769797616935e-01,-3.114215082481224250e-01,6.337322903527252416e-02,-2.485127291560407237e-01,-4.823835072692496673e-01,-1.863202349356101739e-01,-4.790644454808416081e-02,-3.020044938378144694e-01,3.956079342007582933e-01,1.783477288814641348e-01,-4.780509620053794984e-01,-3.972980395214412708e-01,-4.400911924568444156e-01,2.080587680702803699e-01,4.242643623108579010e-01,1.962275787159233897e-01,4.712410528880360827e-01
-6.054357474148118479e-02,-2.947061614904877835e-01,-4.872421704368355699e-02,-1.106337666968480460e-01,1.693652778699867578e-01,4.303416753639692227e-01,-3.362747184214397445e-01,-2.215090356614129730e-01,5.163345077186182186e-01,1.235990120836870931e-01,-4.821076271678937375e-01,1.502334683132826032e-01,5.101936799775309561e-01,-2.249578522167482997e-01,-1.809522525025892836e-01,6.253105655305131183e-01,6.149944849192422874e-02,-4.931199932993213797e-01,4.634802039237717608e-02,5.458649320577221298e-01,-7.826302256262819557e-02,-3.610473005518815004e-01,1.377865997006076648e-01,4.843991574858425575e-01,3.061163957619581974e-02,-4.641976120406762774e-02,2.308701230976794028e-01,-2.748547854200527607e-01,-5.749085909286319462e-02,-7.274660229649504428e-01,-2.191162455862225855e-01,4.195709480818901604e-01,1.974844943418755938e-01,6.375011947964568382e-01,-1.087895339918030641e-01,-7.136985352217201095e-02,5.782850907684791153e-01,4.195135386068307715e-01,1.294663317814838954e-01,1.000000000000000000e+00,1.487626733427413472e-01,1.343636113860806891e-01,4.981459423118098084e-01,5.906881328768154304e-02,1.977015003406214499e-01,-6.317570779833441286e-01,-4.542864490744083494e-01,-4.045140516996709734e-01,-3.250857836212222018e-01,-1.041442508027792674e-01,1.817461645111985158e-01,-7.637077029490901836e-01,7.620731725677633295e-02,1.062297158320140433e-01,4.803851658462627294e-01,-7.085634651814629037e-02,-2.040630723937498781e-01,-1.437103860805733768e-01,4.799226285841676903e-02,-3.755020144988156783e-02,-2.846998881549188121e-01,-6.351572105079515695e-02,1.395667152206034323e-01,-1.289485121645154442e-01,-4.258045138863604806e-01,-1.461491177732839042e-01,3.812530442329358227e-01,-1.179009037534107657e-01,-5.619810295838242320e-01,1.060679565200488700e-01,3.137780659774143110e-01,-3.932758381125909253e-01,-3.918855107738781207e-01,2.910279204326825520e-01,6.659335172378065548e-02,-5.243795106441939691e-01,-1.624494039389633715e-01,2.121473356474115612e-01,-2.109963987430254206e-01,4.522920318021246278e-01,4.923990829209988207e-01,2.319450342322339209e-01,-2.586658096539355967e-01,-2.419146886415090014e-01,5.328349607100946184e-02,2.325050834375281400e-02,3.017682729395937055e-02,1.162082645926850594e-01
3.545598677819456479e-01,4.464153496375352637e-01,4.066330953545163607e-01,-3.426582732992254909e-01,-5.826893707951354973e-01,-1.330179530203872140e-01,1.464492114064106509e-01,-4.060735682099023691e-01,-4.056937298435027706e-01,1.676689167391859081e-01,-1.579654508947295546e-02,-5.505562569029466280e-01,-1.230217746513144472e-01,1.446877362512663245e-01,-4.498619713223677152e-01,-3.381241105091473687e-01,1.713433030782832711e-01,-3.490524844128647941e-01,-4.081132345385349858e-01,-1.916388398303148222e-01,-2.561019491349429689e-02,-2.944020815761897447e-01,-3.305170461093179246e-01,-2.040689215142621471e-01,-1.716842527147850739e-01,-5.102897484491518698e-01,-3.147007286528555325e-01,-3.458779056046565881e-01,-5.358092372214369181e-01,-1.607449526384201188e-01,8.184269485451399484e-02,-2.203402549682896561e-01,-2.821627067798663235e-01,1.314470465398338561e-01,-2.990039676333522967e-01,-5.643864217941892969e-01,1.384113703154683517e-01,3.623951860144764558e-01,-5.105165371132608376e-01,1.487626733427413472e-01,1.000000000000000000e+00,1.168048585005157097e-01,-4.518704052094487666e-01,-6.568411494190206090e-01,-2.462712370715531562e-01,-8.577915085046707022e-02,-2.673067601481035616e-01,-6.476536692153075370e-01,3.470527670828508215e-01,5.804553030293903015e-01,4.079615019256506159e-01,1.530281564624078328e-01,7.261459065317189543e-01,5.059846144529965839e-01,4.559860858900738889e-01,5.768132330919557571e-01,2.413921326320916383e-01,3.567382435008306096e-01,2.453921216793621685e-01,1.245164878299001854e-01,3.008996849645735883e-01,2.644776404732516739e-01,1.513840291018520579e-01,3.617675752232242525e-02,2.085127384132674511e-01,3.881313965464964766e-01,2.564833070419055838e-01,-1.299911659678731034e-02,2.699677157615545386e-01,3.966019507802193145e-01,1.164616636556762008e-01,7.257932857386736880e-02,3.599729327076375829e-01,3.097160797836668866e-01,6.327560632864157042e-02,1.376675047129858331e-01,4.202865187928047086e-01,2.228898859972428814e-01,-5.678484306761100164e-02,-3.375393068062000346e-01,2.511067194013144044e-01,3.094002627686651685e-01,-1.264690547594096715e-01,3.187688997419766967e-01,-9.130143573437049520e-02,-4.970195554774683444e-01,-3.973899409176196995e-01,-4.765702131663641095e-01
1.712921917696291207e-01,9.536402152418524403e-02,3.062437988080248807e-01,2.900292778970866014e-01,-1.387464401409142789e-01,3.919051425180852810e-01,3.188176603863536185e-01,-2.135500235189721763e-01,5.413997530753630189e-02,4.838313429168024649e-01,6.518209140613870356e-02,-1.705442256281228253e-01,3.059472177705823692e-01,4.038300687963478075e-01,-1.251450117681327245e-01,2.508321150037844116e-02,5.500950437186172826e-01,4.287835839542134680e-02,-4.419009198326122601e-01,1.848945158966570357e-01,4.855068443104335052e-01,-1.201017333121072728e-01,-4.072537811588160528e-01,2.537777066559582934e-02,3.872393604244975807e-01,-4.609049020732919333e-01,-4.890284598058933230e-01,2.384682766516215691e-01,-3.471917085307728024e-01,-3.423335819633507859e-01,-1.351352339005026382e-01,-5.598705820390705024e-02,-3.049780781770797811e-01,2.684692208229356170e-01,4.029984204729934461e-01,-9.584561742699526654e-02,-6.452735394545679182e-02,4.386273162610017651e-01,4.347920167783115852e-01,1.343636113860806891e-01,1.168048585005157097e-01,1.000000000000000000e+00,2.529272959630869955e-01,-2.255723601610976625e-01,6.666048062440182997e-01,4.645100454927645478e-02,-6.804811935039881687e-01,2.833244753708109576e-01,4.765188277966723174e-01,-5.083203810668766032e-01,-1.936155233170342438e-01,-2.881216390960005813e-01,3.355657467740099653e-01,-1.918068026053934561e-01,4.008675359978641772e-01,-6.602847018336101270e-02,-3.050578519033324554e-01,3.121481454251832238e-02,4.518794167139945916e-02,-2.778271119163673308e-01,-1.982666160055899240e-01,1.543813604598036349e-01,-6.238749730604874894e-02,-3.903196208887380059e-01,-1.737359125414347436e-02,3.479508883127472307e-01,-1.677820990900007539e-02,-4.991502883852426131e-01,-1.409038622946345853e-02,3.344250315418906827e-01,-2.620988170594416022e-01,-4.106716633534611693e-01,2.101926786203733855e-01,1.682746917688541233e-01,-4.371560633345331071e-01,-1.957751660096193058e-01,2.666764470357805838e-01,-1.343005963817012205e-01,-4.379441273249625177e-01,-1.314125316333261961e-01,3.721413660492032816e-01,-1.997535438209273040e-01,-5.099632716241639940e-01,-3.709720488763319501e-01,-1.834463231040704134e-01,2.921949474520596848e-02,-2.062236579528614888e-01,1.016722080747149426e-01
-2.344730926498701795e-01,-5.801195424527393341e-01,-4.095155748807197127e-01,1.834434756250799270e-01,6.070195022276076990e-01,5.069800963420629802e-01,-3.667758191261178968e-01,8.223621045575314759e-02,7.354775752324540505e-01,3.808287773889538347e-02,-3.973517927930306226e-01,5.004417773257427982e-01,5.518617020183100852e-01,-2.665410836501572733e-01,1.213561277393434418e-01,6.977853216223776078e-01,2.290817150975253680e-04,-4.571149309434054120e-02,3.126682067429983891e-01,6.395279518020040577e-01,1.258657948260613092e-02,-1.144800838470394905e-01,2.994220997657049965e-01,5.724853746255664788e-01,2.530987723397033484e-01,2.938231853637198188e-01,3.744225658410906266e-01,2.356336419577565733e-01,3.555190595643398233e-01,-4.597850979929036797e-01,-1.225724412845218686e-01,5.217640787140767067e-01,3.386896379247251732e-01,3.137239268466905928e-01,2.941041074925612731e-01,4.450120981157552058e-01,2.047362371682412419e-01,4.341605484220289329e-02,6.086510472171143826e-01,4.981459423118098084e-01,-4.518704052094487666e-01,2.529272959630869955e-01,1.000000000000000000e+00,6.630029208589319767e-01,4.776842261951058100e-01,-5.669953875781454933e-01,-2.980138417221204761e-01,2.495519476093797651e-01,-5.321831230133481361e-01,-6.661889324812533264e-01,-2.590092889745373994e-01,-7.570417519927075123e-01,-5.259074275053037262e-01,-4.086621017569156966e-01,3.019457567306023035e-02,-5.847838719175051381e-01,-4.498966592665011865e-01,-5.714114145677778867e-01,-9.678490947148510326e-03,-4.145908720157948785e-02,-6.462936069719460441e-01,-2.889665001627494401e-01,1.700701975357760409e-01,-1.504419324936692726e-01,-6.145775923785871120e-01,-3.757175200247785951e-01,1.093654878963737781e-01,-1.469258897052984347e-01,-6.658780816340719166e-01,-1.768429712429211431e-01,1.468670821161617845e-01,-4.286762701011842536e-01,-5.874523749771608516e-01,4.708709823339132100e-02,-2.139594362749375894e-02,-5.818547711572171766e-01,-4.209162739631002181e-01,3.918845925307167660e-02,-1.826921274565729558e-01,6.627654774982519870e-01,1.738105511455059204e-01,-2.177091569931648984e-01,-1.334010945680306204e-01,-4.856935141986912230e-01,3.156205787229444670e-01,5.258873657734086660e-01,3.924963506611342523e-01,5.357030528215648291e-01
-1.851734506024476368e-01,-5.557352895331648668e-01,-5.034069082992057576e-01,7.825364002577696321e-02,5.983285847829762361e-01,2.632004828411988462e-01,-2.957028707041025606e-01,1.642079319909645063e-01,4.945842506186365894e-01,-9.742462888653415087e-02,-2.385230284968307690e-01,4.213241835538698021e-01,2.821587733428833067e-01,-2.498247438575411650e-01,1.743765267056772150e-01,4.307603819330878547e-01,-2.192815603302694927e-01,1.045240921980124110e-01,4.180267317169322205e-01,3.953466827709343767e-01,-8.612399220505434494e-02,1.086247998817614635e-02,3.402163750115997920e-01,4.080688238299586268e-01,1.662013725940659770e-01,5.469810195243589579e-01,4.712354079589486933e-01,1.609523760471970322e-01,6.568210462482765299e-01,-1.123108355463976922e-02,2.068565283868742666e-01,5.174396248603483350e-01,4.549179527499784825e-01,-1.898562414086105710e-01,8.504879463785333660e-02,6.690944341944394802e-01,2.122599149401410007e-02,-4.914681494926580463e-01,3.086987380220045929e-01,5.906881328768154304e-02,-6.568411494190206090e-01,-2.255723601610976625e-01,6.630029208589319767e-01,1.000000000000000000e+00,1.005966049042430338e-01,-4.405015484910436152e-01,3.174570743885220536e-01,3.729856975589158630e-01,-6.819794110183625691e-01,-4.798420440644844964e-01,-2.522104519760440811e-01,-3.023673694656092148e-01,-7.294971266264118626e-01,-4.530968870989983133e-01,-3.153136828446531648e-01,-4.650314730700215726e-01,-4.184536416400319592e-01,-4.259425868956215888e-01,6.356588538402625777e-02,-9.269977508124246923e-02,-5.172998826298755848e-01,-1.338118521580916043e-01,1.472096867329988068e-01,-1.213672792125270877e-01,-4.592676922658469052e-01,-3.510196047036700517e-01,8.411865347326555678e-03,1.566134753779947764e-02,-4.333972349684575565e-01,-2.499830355875546917e-01,1.067732071464725929e-01,-1.951767016792035625e-01,-4.451395347482052789e-01,-5.071535990713822023e-02,3.577484981106313772e-02,-3.435148066661079524e-01,-3.389556651714228930e-01,-6.273986442244610350e-03,-6.415222700421190083e-02,4.909950931293530219e-01,-1.505680392138226686e-01,-1.480922787183081291e-01,1.784227730484024832e-01,-3.825065637388143092e-01,2.327698043393311156e-01,4.865727730512064420e-01,3.507247488218254161e-01,3.958070919847495595e-01
4.093230204939776740e-02,-9.707623390125902363e-02,1.287099142256643847e-01,3.130939668786175689e-01,6.233896278887484516e-02,6.119867241747195541e-01,7.139109564205720071e-02,-2.622159266842542524e-01,4.020305829802458542e-01,4.854487317168623695e-01,-2.201617251970612033e-01,4.352508395472477407e-03,5.787612553946400729e-01,2.003170198943788616e-01,-1.418339056610472548e-01,3.577465812918915189e-01,4.987750663871856061e-01,-5.071450989986992647e-02,-3.225866596071616521e-01,4.792621844717903645e-01,4.275691715431785833e-01,-2.579299946212798011e-01,-2.821199838549043326e-01,3.939069422618176053e-01,5.187567944650353091e-01,-2.204224001750515471e-01,-1.127227446782016473e-01,4.670952923803313173e-01,3.802719086140105877e-03,-3.942694920067691400e-01,3.137468380072255120e-02,2.261051115692619407e-01,-1.767219651120546797e-01,1.182789413142851243e-01,5.685561619304577707e-01,1.999091257160278412e-01,-2.351948868991448338e-01,2.196123191599954338e-01,7.521156676727267509e-01,1.977015003406214499e-01,-2.462712370715531562e-01,6.666048062440182997e-01,4.776842261951058100e-01,1.005966049042430338e-01,1.000000000000000000e+00,6.997746219790598743e-02,-7.286386249438736584e-01,4.419575891511901000e-01,1.806274450357251149e-01,-6.797635588952538610e-01,-4.211889825904830409e-01,-5.104667677125793723e-01,-1.501849268260279507e-02,-4.873866916373587044e-01,3.449011474653904674e-01,-2.391845457211286552e-01,-5.263893366973290133e-01,-1.764485685372401413e-01,1.176730996499893711e-01,-2.772995115707194702e-01,-5.067575158410586589e-01,7.460746076569511887e-02,9.403789396012321444e-02,-4.246174677717406976e-01,-3.147259650827597954e-01,1.892748833994818136e-01,1.489235238036075437e-01,-5.257023742072066685e-01,-3.586284884395312678e-01,3.149188054002736714e-01,-8.695561374612684191e-02,-6.117030369913504240e-01,-7.161400922784190437e-02,2.854125286135945627e-01,-3.698188209716862240e-01,-4.914079573792966560e-01,1.116091335598490969e-01,-2.515881218961897939e-02,-4.849261735837231968e-01,1.924417076461722720e-01,4.604390221198065847e-01,-2.320870729401877663e-01,-6.146032410884794128e-01,-5.102483438976627150e-01,-4.214065083275523454e-02,1.800161110415590959e-01,-9.869222834328292282e-02,2.568968181729570088e-01
-1.077067432212398673e-01,3.587584441366725718e-01,1.975587128067422538e-01,3.051774538173033235e-01,-2.541121807104559926e-01,-3.870253161791507024e-01,3.834858239408204805e-01,2.753650182500995691e-01,-4.540900613361255056e-01,-8.145087937032187420e-02,5.190873047587940547e-01,-7.388843878841744317e-02,-4.559923164916645510e-01,2.613899365404470654e-01,2.927596431625986706e-01,-5.078495373210889507e-01,8.763997616663027346e-02,4.921742099415813421e-01,-1.838576233086276490e-01,-5.266444153160197983e-01,1.975717769273611923e-01,4.203348169233588338e-01,-1.974374256171724240e-01,-5.141510077868011175e-01,7.077804996537729113e-03,-1.394252078056171795e-01,-3.572303567142298686e-01,2.588292625677801051e-01,-2.999364251197024211e-01,4.396936284278378237e-01,-1.020189065941437129e-01,-5.492718858271375959e-01,-3.849062491765792848e-01,-2.560947877452055543e-01,2.657104305613187112e-01,-1.838644709205677075e-01,-4.846404503732368863e-01,-1.014897945785327160e-02,6.688109353513849165e-02,-6.317570779833441286e-01,-8.577915085046707022e-02,4.645100454927645478e-02,-5.669953875781454933e-01,-4.405015484910436152e-01,6.997746219790598743e-02,1.000000000000000000e+00,1.182358291750191526e-01,4.052570173495237404e-01,5.267193403791826656e-01,-3.896847661516835500e-04,-3.496244398012846033e-01,4.929954959188351804e-01,1.252520504112150379e-01,-9.022618287748088162e-02,-2.753019130535640513e-01,5.922147485996860639e-02,3.081759595457094214e-01,1.995087594494346361e-01,-2.724890135787852441e-01,4.416484892808061891e-02,3.983229885455636943e-01,-6.976386209781917924e-02,-3.181237305642444224e-01,1.790952192127358567e-01,5.462504988128163985e-01,1.501863145483433304e-01,-4.407130648628408975e-01,2.038026762170511846e-02,5.340736235016438904e-01,-1.019272217420373744e-01,-4.052934790642811480e-01,3.347356285176623092e-01,3.970599387421230864e-01,-3.555862505131919815e-01,-1.468654586375318649e-01,5.270368607536672911e-01,9.939559691570724886e-02,-3.028908899022263457e-01,1.989994068214312184e-01,-4.616804341674346501e-01,-2.529936145171119422e-01,-2.780346650217809801e-01,-2.558600743599726696e-02,2.619802404303805954e-01,-1.499206358019591345e-01,-7.460287736809197157e-02,-9.545930077580101758e-02,-3.646397608907418070e-02
-1.505946482365728700e-01,-1.952016084179032662e-02,-2.756262820901416721e-01,-4.588442285864379605e-02,1.530270992271634545e-01,-5.350144631540726392e-01,-1.729353059106094465e-02,4.347272537029783779e-01,-2.819944248572696655e-01,-4.773518100662240138e-01,3.147778008143025108e-01,1.887087494519928965e-01,-5.408754427295729972e-01,-1.536284758862247468e-01,3.665316009205543679e-01,-2.983961960888923959e-01,-4.721000553607502814e-01,3.335377140266677087e-01,3.781555097909367058e-01,-4.507060829412871117e-01,-2.688055417718623885e-01,4.305378649998743423e-01,3.209841992141361233e-01,-3.271490810672559868e-01,-3.450099166217527880e-01,3.766907140356742789e-01,2.526289307712013543e-01,-1.421517661574316915e-01,2.554903761237264370e-01,5.507563081113967529e-01,8.434851653425323725e-02,-1.105733887617165873e-01,1.735348504225231736e-01,-3.781005862702058185e-01,-2.481540903475162041e-01,1.319783106383768667e-01,-6.364573224694274056e-02,-4.751260345443869548e-01,-4.076308302594108812e-01,-4.542864490744083494e-01,-2.673067601481035616e-01,-6.804811935039881687e-01,-2.980138417221204761e-01,3.174570743885220536e-01,-7.286386249438736584e-01,1.182358291750191526e-01,1.000000000000000000e+00,9.032196541823882263e-02,-3.344174142432161934e-01,2.700971881915911754e-01,-2.926917937169933384e-02,4.942563047392172781e-01,-3.710130128611883182e-01,9.980985845721089544e-02,-6.161361595882062225e-01,-5.284615947660899898e-02,3.507990549302771877e-01,2.251109894836176434e-02,-2.068299561631954109e-01,1.605102440476669501e-01,3.377588700086585072e-01,-1.398002897413750389e-01,-1.833513938540818899e-01,3.364386718854568969e-01,2.853308929608365796e-01,-2.569135635851066413e-01,-3.367182758127825193e-01,4.308328088913170317e-01,3.228030573144863857e-01,-4.347257466723199459e-01,-8.406405463417263024e-02,5.439779073056273395e-01,2.438360548718524964e-02,-4.375252126025440669e-01,2.244733772606192224e-01,4.724127676194489478e-01,-2.054662775963608523e-01,-1.288405523626701132e-01,4.298929062096987774e-01,-1.333494615664350680e-01,-6.094162485555191244e-01,-3.393335771863360134e-02,6.046352363873501723e-01,3.498621218207503270e-01,2.452168518206234923e-02,5.474649103349640139e-02,1.934175663844710236e-01,-2.533116120007965211e-02
-9.081792045372866218e-02,-1.161859134329936982e-01,-1.504201724437700394e-01,4.713817457593185156e-01,2.683432960420431002e-01,9.900300179378672405e-02,1.784868658437118449e-01,2.904997805055566373e-01,1.108396950513913654e-01,5.290367855836357325e-02,2.396697056264574244e-01,2.656583402347524325e-01,2.940968841520029062e-02,1.710991897172274567e-01,3.411093426235731751e-01,-1.107982235792887189e-02,1.595564598271295154e-01,4.969433183302044421e-01,6.816128043744830445e-02,-3.324020420184720364e-03,2.715903273293370224e-01,3.105103553300141983e-01,3.540184353216580676e-02,-1.228348488415464956e-02,2.673314749152635450e-01,1.062477680655935230e-01,-2.340177097936763789e-02,6.256163637424717594e-01,1.943792058135054845e-01,1.844231023452354845e-01,-3.149747877556718922e-02,1.756676530203659173e-02,-1.831222556048856531e-01,-2.030407054314516679e-01,6.571516128577183924e-01,3.234089431935727732e-01,-4.599462801514059840e-01,-1.137394618294440968e-01,6.049344546661201694e-01,-4.045140516996709734e-01,-6.476536692153075370e-01,2.833244753708109576e-01,2.495519476093797651e-01,3.729856975589158630e-01,4.419575891511901000e-01,4.052570173495237404e-01,9.032196541823882263e-02,1.000000000000000000e+00,7.346039181629217263e-02,-7.493329888082512769e-01,-7.079483926379948056e-01,9.155625600610067458e-03,-4.283759882298159294e-01,-5.912799556859090755e-01,-3.602286548423815904e-01,-4.835916956607752004e-01,-1.932744294860030410e-01,-3.042058400915289007e-01,-1.831968269528704008e-01,-8.907198253236268959e-02,-2.219177509071191823e-01,-2.016216931281081537e-01,-1.548974387939734965e-01,-9.419651509040105619e-02,-1.900121958179891088e-02,-7.430181609907055007e-02,-3.635614004220598106e-01,-1.900871403054040232e-01,2.461608005184308043e-02,-1.857425145249494980e-01,-3.497013311878853226e-01,-8.435250802480186161e-02,-8.444506437283283429e-03,-2.781984150245014886e-01,-2.709229795034974186e-01,2.291075028856930096e-02,-1.263800175397173098e-01,-2.731441639471734462e-01,-8.053609875363131054e-02,1.827046485626032321e-02,-2.666983551057147683e-01,-5.418236302114585179e-01,-6.642672069063794427e-02,-2.482343786110294825e-01,7.494488157600938394e-02,3.615366681606488330e-01,2.083273740389464668e-01,3.884301452936073096e-01
2.651518881945743589e-01,5.122945114608467021e-01,5.722987545040342239e-01,1.785022486027165733e-01,-5.417492130105178161e-01,-8.354506180679166505e-02,5.235437688327434502e-01,-1.841071297791903316e-01,-4.870237064120507275e-01,3.371579518731683822e-01,3.647009793507369202e-01,-4.672724237158994987e-01,-1.719758739820876348e-01,5.147523977406373019e-01,-1.480384400900032482e-01,-5.015624508572924523e-01,4.410288987266968164e-01,1.259453574440722867e-01,-5.531011523177535860e-01,-3.226791639373738363e-01,3.935043529374109283e-01,3.828403313500498839e-02,-5.296653964176908369e-01,-4.233082187954640974e-01,1.519694190114574961e-01,-5.342304524110034203e-01,-6.546148485540846940e-01,8.503191234007712040e-02,-4.975466483744270252e-01,7.854596891195995967e-02,2.832976124637483217e-02,-4.046524557951424184e-01,-5.282509823627700163e-01,-6.090012284821897520e-02,1.553639930195514496e-01,-3.939371338184471383e-01,-2.803994462155943723e-01,2.930204707040695022e-01,-3.092557428887543133e-02,-3.250857836212222018e-01,3.470527670828508215e-01,4.765188277966723174e-01,-5.321831230133481361e-01,-6.819794110183625691e-01,1.806274450357251149e-01,5.267193403791826656e-01,-3.344174142432161934e-01,7.346039181629217263e-02,1.000000000000000000e+00,1.066177178051730540e-01,-1.511854703466167793e-01,3.648612823544042372e-01,6.090261431451359231e-01,6.937512076859833621e-02,2.539086384744866365e-01,3.564862817946627405e-01,1.280088913177175880e-01,4.044589720234129659e-01,-5.406691307086689338e-03,-1.581240911679763772e-01,3.203114299300965362e-01,2.710468643905210584e-01,-1.974056072686376229e-01,-1.676718302396989768e-01,4.477255274009040997e-01,5.288786244746449539e-01,-1.413266781665047100e-01,-2.972758096509031112e-01,4.849649222089328915e-01,3.630887431214828154e-01,-3.515877654222792081e-01,-1.919541488232125604e-03,5.904568359987604209e-01,5.842319698268441663e-02,-3.360029672010508284e-01,2.867776835682507297e-01,4.880949087974006950e-01,-1.705519380003471253e-01,-1.825264918331997166e-01,-5.812438530621545363e-01,1.130312528298818148e-01,-3.963129178058363844e-02,-2.819035178306923406e-01,1.096174298121486423e-01,-3.469736117741495929e-01,-3.400203607874621170e-01,-4.203847243998771743e-01,-3.207226673525997440e-01
1.017452855448634508e-01,3.195706063036419242e-01,1.695720319080364635e-01,-4.713649405584101060e-01,-4.009494949419727394e-01,-4.468201238496389283e-01,-9.160955548638499354e-03,-1.253203115649112742e-01,-4.646261779814527815e-01,-2.070076296492224521e-01,6.150379853804122110e-02,-3.489158967525053390e-01,-4.114316497903888759e-01,-7.871678302013324080e-02,-2.085137183182352583e-01,-3.867868560826821511e-01,-2.584865874955769027e-01,-2.324155503390633593e-01,-5.775717900973953434e-02,-3.905694979104850084e-01,-3.025875660069667905e-01,-5.775627971916664355e-02,-4.815566709284139352e-02,-3.267144548592786912e-01,-4.033327899565161689e-01,-8.542909019522915148e-02,-8.312181343985454440e-02,-5.501501229639372825e-01,-1.985708569352584996e-01,2.197587121577677938e-01,1.532251453042079714e-01,-2.763629578953076815e-01,2.806228565789632701e-02,-1.442002162403061560e-01,-6.349490039114050743e-01,-3.535832617890866669e-01,1.670220708793153652e-01,-1.030624692362369504e-01,-7.806142449755711921e-01,-1.041442508027792674e-01,5.804553030293903015e-01,-5.083203810668766032e-01,-6.661889324812533264e-01,-4.798420440644844964e-01,-6.797635588952538610e-01,-3.896847661516835500e-04,2.700971881915911754e-01,-7.493329888082512769e-01,1.066177178051730540e-01,1.000000000000000000e+00,5.125474942246738275e-01,4.729343379083674748e-01,4.158389617082299816e-01,5.699364538680983250e-01,4.587893954178091233e-02,5.854760290283150814e-01,4.445653555889899633e-01,4.179289097793175700e-01,9.699944420301959136e-02,1.881369095618256326e-01,5.038623850114968272e-01,1.875903028867509925e-01,3.511898805281830904e-02,2.692050729118760088e-01,3.278920088200766858e-01,1.180724856669747858e-01,1.335054108895877834e-01,3.433640996018826885e-01,3.434023548958864969e-01,7.681798896574992819e-02,1.921303348159912050e-01,4.066747745091521260e-01,2.412173918376584458e-01,6.580288808700944514e-02,2.973564636630372515e-01,3.565497612973226316e-01,1.920422671826171046e-01,1.742381835678140090e-01,2.805884682954534193e-01,-3.098191835880342304e-01,-6.795332569086851016e-02,4.495731694886578311e-01,2.777939209448823665e-01,5.060061422414888765e-01,-1.092841850565217099e-01,-4.504893538897087879e-01,-2.117558004516906234e-01,-5.003576698394232025e-01
1.705145313710777766e-01,7.576539174184296344e-02,1.123671611420532929e-01,-5.346459436853316927e-01,-2.433476938790574695e-01,-1.438238856811914212e-01,-1.285094544992944066e-01,-2.919355776829118954e-01,-2.103038458998917892e-01,-7.132194923390210162e-02,-1.820623295271703024e-01,-3.225127667901929174e-01,-1.088228033628479002e-01,-1.267920970958195670e-01,-3.453476125943857333e-01,-1.127469954262518004e-01,-2.420040645106012744e-01,-4.204950823687872430e-01,-2.345916953682914211e-02,-9.649506473432135911e-02,-3.080357545816486131e-01,-2.890417737699778056e-01,-5.917298556781046964e-02,-4.088239481050628260e-02,-2.652977571914376664e-01,-1.002753944666483210e-02,-6.261467391186884002e-02,-5.216371170611741048e-01,-1.066249680872728978e-01,1.017212462706928305e-01,3.666078841374748650e-03,-1.843442882226218049e-01,2.179859005272498929e-01,2.987181992802060565e-02,-6.144843891280710180e-01,-2.023655696152914518e-01,3.205472851483476826e-01,-5.840750726195959031e-02,-5.933537631595077189e-01,1.817461645111985158e-01,4.079615019256506159e-01,-1.936155233170342438e-01,-2.590092889745373994e-01,-2.522104519760440811e-01,-4.211889825904830409e-01,-3.496244398012846033e-01,-2.926917937169933384e-02,-7.079483926379948056e-01,-1.511854703466167793e-01,5.125474942246738275e-01,1.000000000000000000e+00,2.005316146726280890e-01,3.302838161301543396e-01,5.491873707311120123e-01,1.742269018444157491e-01,4.720344556656515533e-01,4.117092430811850057e-02,3.691821021092231425e-01,3.200588004384553042e-01,-1.567214678779913287e-02,1.744054833828417583e-01,3.638162943710956387e-01,2.054834094307955716e-01,1.149232184209518851e-02,2.151535679898740339e-02,1.204409226290851925e-01,3.493683536184355454e-01,2.326250259695427924e-01,5.732040777813014742e-02,1.934719047465547070e-01,3.404790272828083220e-01,1.348786685256730677e-01,7.512928179448245813e-02,2.793668155030964440e-01,2.571381563928842318e-01,3.740204855797400751e-02,1.980932704239544428e-01,2.587811389406379781e-01,9.135969363861799752e-02,-1.222009546287218529e-01,1.901863675211244997e-01,5.872755110657161826e-01,1.624030251803229019e-01,1.022645551097633998e-01,-1.339844812987418254e-01,-3.849669085683208314e-01,-2.188203000123763731e-01,-4.208774680233979826e-01
1.948920192316815070e-01,4.409126203383469389e-01,2.300695432702711540e-01,-1.301903148049732284e-01,-4.080818535013880921e-01,-5.766411485603406550e-01,3.702596543703493559e-01,8.478429328149612865e-02,-7.410910995344286434e-01,-1.471022790882326736e-01,4.940254482855560569e-01,-3.793507344645073998e-01,-6.417722101833297499e-01,2.471597049547245017e-01,2.271017347721921223e-02,-7.665845044285706233e-01,-1.299205321849943029e-01,2.957320959908425473e-01,-1.322474720884858623e-01,-6.872476139372394321e-01,-2.227809194637473192e-02,2.796563013618584281e-01,-2.140207456394924990e-01,-6.464228492808931081e-01,-2.097992667097360320e-01,-5.402739156694289641e-02,-3.841387037227527723e-01,-1.338962855561327270e-01,-1.174463253715796046e-01,6.814058527219696293e-01,2.537839387864802010e-01,-5.292564829605506116e-01,-1.737484587259710278e-01,-5.417915740494677612e-01,-2.702877064233623061e-01,-1.463706757108239331e-01,-3.212180387540951587e-01,-3.639319351824715776e-01,-5.409555673022464761e-01,-7.637077029490901836e-01,1.530281564624078328e-01,-2.881216390960005813e-01,-7.570417519927075123e-01,-3.023673694656092148e-01,-5.104667677125793723e-01,4.929954959188351804e-01,4.942563047392172781e-01,9.155625600610067458e-03,3.648612823544042372e-01,4.729343379083674748e-01,2.005316146726280890e-01,1.000000000000000000e+00,2.301901981826766641e-01,2.283609876826859231e-01,-3.709495115236022822e-01,4.185964100896867879e-01,3.329758030191359852e-01,4.191027882210442423e-01,3.804497610898462806e-02,3.859688538276055680e-02,5.212122781647646752e-01,2.440892441210943953e-01,-1.355912745086295668e-01,1.559187201760603436e-01,5.661330610680572750e-01,2.744282968771377118e-01,-2.663529349712451255e-01,2.081924123880954380e-01,7.061329706471365375e-01,1.734272978566591197e-02,-2.268365468927346917e-01,5.063405040240246402e-01,5.418416907745536859e-01,-1.913480748006288479e-01,1.428392725778887193e-02,6.395047485454947722e-01,3.208191103257520549e-01,-1.286954960768536271e-01,2.433167326625375049e-01,-6.184426828923750286e-01,-3.946491055933825653e-01,7.362695149596681921e-02,3.284214286676507277e-01,3.942313659490209732e-01,-1.952324168959548301e-01,-3.269874395417194379e-01,-1.990231646993600167e-01,-3.825642880835417037e-01
4.505642959294030025e-01,5.677535504522542853e-01,5.960305325298256296e-01,-2.960077483238149898e-01,-7.094499666738839361e-01,-6.801208026399152562e-02,1.952420164341426012e-01,-5.373802959727614903e-01,-4.379941595483175520e-01,2.766223440025703528e-01,-5.106892964580759392e-02,-6.735031492848525536e-01,-7.055755220775833392e-02,2.159934687200968373e-01,-5.589396200030419815e-01,-3.635108313789112700e-01,2.771597060818513092e-01,-4.134097299054766417e-01,-5.737203816546287971e-01,-1.659013389562980778e-01,5.766952799239855737e-02,-4.033354863069604224e-01,-4.520167932420517953e-01,-1.914283169441704513e-01,-1.598251894427613895e-01,-7.654055332088870456e-01,-4.534210616024064167e-01,-2.100339594549708588e-01,-6.976097900743899460e-01,-1.472376109849897474e-01,1.555088730803821651e-01,-3.725002403689552932e-01,-5.757477981174252690e-01,6.516765043759015219e-02,-1.080058346871991953e-01,-6.750693889584308272e-01,-7.872195510120658102e-02,4.260989903225728126e-01,-3.206606320886650763e-01,7.620731725677633295e-02,7.261459065317189543e-01,3.355657467740099653e-01,-5.259074275053037262e-01,-7.294971266264118626e-01,-1.501849268260279507e-02,1.252520504112150379e-01,-3.710130128611883182e-01,-4.283759882298159294e-01,6.090261431451359231e-01,4.158389617082299816e-01,3.302838161301543396e-01,2.301901981826766641e-01,1.000000000000000000e+00,5.380457794567500285e-01,6.320346657293821613e-01,6.891655056059005080e-01,1.270281295690567080e-01,4.613911543463517506e-01,3.396639023454998130e-01,4.558372033418379293e-02,2.754755184914593480e-01,3.932399710816746330e-01,1.822281905290269455e-01,-5.666321602102145777e-02,2.224013769910862526e-01,5.129099363115250387e-01,3.573548310078344392e-01,-9.512315102615369333e-02,2.607063589521621538e-01,5.508250742501528130e-01,1.422248977539342651e-01,-2.405394232006236380e-02,4.322411818506194936e-01,4.376549494433556453e-01,8.423575190634559340e-03,8.771038067183777043e-02,5.415237543029433054e-01,2.852476295044049093e-01,-1.455621922627606812e-01,-4.483835386247689292e-01,4.329584948591916338e-01,3.770595671909235391e-01,-2.587961872333527924e-01,2.085609049521401359e-01,-2.741488718121350976e-01,-6.390852271688967079e-01,-5.967777568101498842e-01,-6.270181796088794002e-01
1.307663346657783054e-01,2.713292518311119506e-01,1.486460033564950545e-01,-4.732882984612388211e-01,-3.314647147287320128e-01,-4.254592795040683106e-01,-1.364313938539630511e-01,-1.228707691816668252e-01,-3.630678905457485062e-01,-2.741924046297795625e-01,-5.094484769392076257e-02,-2.646024568510441655e-01,-3.602770638295335615e-01,-2.077147290505789723e-01,-2.274989373239287849e-01,-2.666818219463702455e-01,-2.873351257560221583e-01,-3.519919329385807760e-01,-3.302187692767021010e-02,-3.319872929005661666e-01,-3.908028605142503942e-01,-1.349574728259154144e-01,5.638633917116444433e-02,-2.541133981053202429e-01,-5.984173236635603743e-01,-3.780192547397085989e-01,-5.456811350059400517e-02,-4.427809068046438257e-01,-5.203878327013173877e-01,1.140667326855725749e-01,-1.197372769791345271e-01,-4.192545304183356025e-01,-2.199896637447790737e-01,1.148999610763713208e-01,-3.937660097222992484e-01,-6.372762139887295785e-01,1.299714991209706683e-01,2.546809585725852698e-01,-5.723851290979539153e-01,1.062297158320140433e-01,5.059846144529965839e-01,-1.918068026053934561e-01,-4.086621017569156966e-01,-4.530968870989983133e-01,-4.873866916373587044e-01,-9.022618287748088162e-02,9.980985845721089544e-02,-5.912799556859090755e-01,6.937512076859833621e-02,5.699364538680983250e-01,5.491873707311120123e-01,2.283609876826859231e-01,5.380457794567500285e-01,1.000000000000000000e+00,1.981021131685247461e-01,5.232757106328271846e-01,4.384855765644927184e-01,3.172003332878268744e-01,1.048063733526166386e-01,3.015023287050707657e-01,4.631883438945431086e-01,9.751883824240105414e-02,1.079684070953445818e-01,3.481487657510285438e-01,2.361845977070048397e-01,2.518167577147829503e-02,2.206707825113925769e-01,4.128103881229561178e-01,2.286028747235392955e-01,3.882620459481896102e-02,3.071757360861625541e-01,4.058546312179572846e-01,1.149414077636804477e-01,8.423683272114772247e-02,3.956628953264373916e-01,2.917203915858271324e-01,8.569101387287747507e-02,2.472591319564015067e-01,3.342908916808446373e-01,-2.363101096341368723e-01,6.509046943295283827e-02,4.736602100701143847e-01,2.470097640824511220e-01,3.865001610333691495e-01,-5.974311005955097731e-02,-4.357566721776491847e-01,-2.494099098322310748e-01,-4.967395056053761082e-01
4.228124814024661893e-01,2.133846772925516166e-01,4.741679989783208482e-01,-1.338992703924425098e-01,-3.984052342151358506e-01,5.307405649088772215e-01,4.976986989374323871e-03,-7.186683590089304463e-01,1.576696217972262948e-01,5.703728204198165175e-01,-4.430258886395727069e-01,-4.719228113229371746e-01,5.554356020978387098e-01,1.600233277268811038e-01,-6.799768069683264082e-01,2.335573826231385486e-01,4.923704661911104674e-01,-6.570135441450472014e-01,-5.449581715698639250e-01,4.730080287646167836e-01,2.019427024782371738e-01,-7.143804818787519162e-01,-4.006756859086290645e-01,4.011731354344192368e-01,1.986793038341501949e-01,-6.287882131503216288e-01,-1.248909803775128946e-01,-6.328910045500328596e-02,-3.003614209294263038e-01,-5.696947735833592930e-01,2.176241999418500883e-01,2.492497875692971376e-01,-3.380122239848434296e-01,2.481621907631501034e-01,1.865240279046678773e-02,-3.385169344980211159e-01,1.023934520249595442e-01,4.447065819595720781e-01,9.580054853636935097e-02,4.803851658462627294e-01,4.559860858900738889e-01,4.008675359978641772e-01,3.019457567306023035e-02,-3.153136828446531648e-01,3.449011474653904674e-01,-2.753019130535640513e-01,-6.161361595882062225e-01,-3.602286548423815904e-01,2.539086384744866365e-01,4.587893954178091233e-02,1.742269018444157491e-01,-3.709495115236022822e-01,6.320346657293821613e-01,1.981021131685247461e-01,1.000000000000000000e+00,4.067371587755387319e-01,-3.298512832396345296e-01,1.902486439757802572e-01,4.250934960435563403e-01,-1.787728111965438405e-01,-2.531252767798489733e-01,3.810408436397905718e-01,3.101303119133676511e-01,-4.100389253574068249e-01,-2.847802068814032084e-01,4.413079465464498363e-01,6.072015764235280111e-01,-4.281206631863165857e-01,-3.065964387888086007e-01,6.853305837353650398e-01,2.651620242608779265e-01,-5.858520345511438743e-01,9.042847351477727169e-02,7.033138779042630295e-01,-1.534304231114948514e-01,-5.147805004522248984e-01,4.480085606891668903e-01,3.351199658837213380e-01,-5.299749573026204530e-01,1.631152892494880033e-02,7.138748833506673996e-01,3.095773513525127973e-01,-5.363281521221674453e-01,-2.456206576247641216e-01,-2.082379358962999361e-01,-3.345988629043787910e-01,-5.175969919296075084e-01,-3.373791844410028995e-01
4.332922537742995295e-01,5.120180592998169189e-01,5.483182962999735288e-01,-4.760508354185037927e-01,-7.111398647268289963e-01,-1.972138867826703224e-01,1.858242230147920948e-01,-5.614111715386578272e-01,-5.749636332662559912e-01,1.957526631524520444e-01,-3.283186568970017372e-02,-7.682104524404731460e-01,-2.014991913666080992e-01,1.924125177738889025e-01,-5.931570910410131070e-01,-4.806622160572180391e-01,6.024716859159674753e-02,-4.386166037778965188e-01,-5.213262575608003102e-01,-3.072410660183059194e-01,-4.340807399270796285e-02,-4.020281429922110128e-01,-4.799570081546668532e-01,-2.548283232767079021e-01,-1.989600521511821207e-01,-4.837184064075142897e-01,-3.792634373010412285e-01,-4.192410642524157516e-01,-3.860465050506020068e-01,1.633073670422482415e-01,3.466406362994942092e-01,-3.198934201377493514e-01,-2.812764987522071713e-01,-2.632165462773877196e-01,-4.573983565023755915e-01,-4.584103186664647001e-01,-7.278329372091627003e-02,-3.164664994568274718e-03,-5.791827194013383640e-01,-7.085634651814629037e-02,5.768132330919557571e-01,-6.602847018336101270e-02,-5.847838719175051381e-01,-4.650314730700215726e-01,-2.391845457211286552e-01,5.922147485996860639e-02,-5.284615947660899898e-02,-4.835916956607752004e-01,3.564862817946627405e-01,5.854760290283150814e-01,4.720344556656515533e-01,4.185964100896867879e-01,6.891655056059005080e-01,5.232757106328271846e-01,4.067371587755387319e-01,1.000000000000000000e+00,8.199601224400389354e-02,7.094295994218907664e-01,4.713647107190792607e-01,-8.621701635514733564e-02,3.611061623276660137e-01,6.408194891141362204e-01,2.056850231715257882e-01,-1.045373107304833349e-01,2.988467632294772858e-01,5.628721373718430510e-01,3.988174221830021460e-01,2.424412262320493547e-02,3.676512907895390647e-01,5.708231910524044217e-01,1.999987164961336550e-01,9.513713588760996931e-02,5.158145208796122150e-01,4.644823844147455971e-01,7.509843975140788330e-02,1.928901173846623018e-01,6.178836388975195160e-01,2.706142585887968410e-01,-8.639452026060406853e-02,-5.414401904086587614e-01,3.475302455594809214e-01,6.596195902797735711e-01,-7.461989345263557449e-02,2.430546042716249244e-01,-3.809440268239381311e-01,-7.232985489982581839e-01,-6.433215816816824084e-01,-7.711460035930962631e-01
-1.746686482492403325e-01,3.062314871831209873e-01,-4.625527665307962999e-02,-9.451478233939628049e-02,-1.384805911894516628e-01,-6.942899618391478178e-01,2.689549972012115348e-02,4.699882473141067107e-01,-4.246814496283174978e-01,-5.368270609884688849e-01,4.098671396890886109e-01,1.396475588807354340e-01,-6.927887274122720429e-01,-1.447152020594409394e-01,3.911624422089857167e-01,-4.035925466796727590e-01,-3.096049541393581794e-01,2.180021416817526925e-01,2.336170188894141631e-01,-6.690914810456376483e-01,-3.562607891756071066e-01,5.016268733064794816e-01,2.533702839999207868e-01,-5.596966614935264817e-01,-5.487695216637603624e-01,-4.993549308826986111e-02,-7.722930361486442588e-03,-2.318155085319857645e-01,-4.568084175902765165e-01,2.674214939382392187e-01,-3.618850112817343367e-01,-5.582263358035797207e-01,-2.588798410171808118e-01,1.631628621738336893e-01,-1.701808096597334230e-01,-5.863618129742842466e-01,5.046715038326599762e-02,2.717945811444182902e-01,-4.446448578933676621e-01,-2.040630723937498781e-01,2.413921326320916383e-01,-3.050578519033324554e-01,-4.498966592665011865e-01,-4.184536416400319592e-01,-5.263893366973290133e-01,3.081759595457094214e-01,3.507990549302771877e-01,-1.932744294860030410e-01,1.280088913177175880e-01,4.445653555889899633e-01,4.117092430811850057e-02,3.329758030191359852e-01,1.270281295690567080e-01,4.384855765644927184e-01,-3.298512832396345296e-01,8.199601224400389354e-02,1.000000000000000000e+00,9.848291829751799897e-02,-5.475286075948265774e-01,5.140848821254988543e-01,7.875474455780073768e-01,-4.627086542918998902e-01,-3.603735803289179196e-01,7.012224637274707684e-01,5.463791613127565450e-01,-2.666879254198080695e-01,-3.905738558718138687e-01,5.168467833897923969e-01,4.840304742638302793e-01,-4.679456935273069718e-01,-1.087640928573970212e-01,7.381174127517723393e-01,1.125103682639591735e-01,-5.499438805588714452e-01,3.258221482451271744e-01,6.888043264606278360e-01,-2.681030384158403779e-01,-1.482210713116672018e-01,6.467228432964340357e-01,-2.798783523796326000e-01,-4.688734524927071767e-01,-6.211967949306919368e-02,4.250109388010185341e-01,7.050300499067779780e-01,1.112081729706771854e-01,-1.482632505365130693e-01,1.848277748826592515e-01,-8.525768188980828444e-02
2.932465818675359381e-01,5.177409998896506105e-01,6.496011965292394219e-01,-7.796877028555676548e-02,-6.572215598832502614e-01,-1.256273894802737157e-01,5.941107058987672440e-01,-3.007938328860583210e-01,-6.229393275392501872e-01,3.743550097488437811e-01,3.888608641644881181e-01,-6.312387889967913113e-01,-2.382741350825427484e-01,5.937863302725278070e-01,-2.115475227340515574e-01,-5.101446745257043336e-01,2.978576483732588431e-01,-9.025676051077417827e-02,-6.529778120042706302e-01,-4.710373313203159440e-01,3.684923696133178272e-01,-2.737221579738500707e-02,-7.127826433392571159e-01,-4.792013022725908344e-01,1.700150853818568897e-01,-2.692511060362659525e-01,-5.852599226530033061e-01,-5.497629371343913940e-01,-2.617426472066480825e-01,1.685020930091961355e-01,1.121303459927697477e-01,-2.527167691808626659e-01,-6.985128522467554113e-02,-1.488599281389815787e-01,-5.011549173295026804e-01,-2.528588858624691293e-01,1.068049488895894961e-01,-2.149223424735425061e-02,-5.058363370333749387e-01,-1.437103860805733768e-01,3.567382435008306096e-01,3.121481454251832238e-02,-5.714114145677778867e-01,-4.259425868956215888e-01,-1.764485685372401413e-01,1.995087594494346361e-01,2.251109894836176434e-02,-3.042058400915289007e-01,4.044589720234129659e-01,4.179289097793175700e-01,3.691821021092231425e-01,4.191027882210442423e-01,4.613911543463517506e-01,3.172003332878268744e-01,1.902486439757802572e-01,7.094295994218907664e-01,9.848291829751799897e-02,1.000000000000000000e+00,3.670402406173744331e-02,-5.644246923592290965e-01,5.874754001312177953e-01,7.464395599905738754e-01,-3.800314196120745946e-01,-3.905638847417837178e-01,6.653763425093859318e-01,7.261601705893695469e-01,-4.359439176197767163e-02,-2.823161296037688395e-01,6.103757368300170016e-01,5.182113595835919906e-01,-3.275146473689357629e-01,2.985276771082963354e-02,7.790350632597192737e-01,1.475912415670633249e-01,-3.878870853182487810e-01,3.786465347372097723e-01,6.900034514361887972e-01,-2.821617234217493331e-01,-2.609705731596783096e-01,-7.477590337673311049e-01,2.198623632077290613e-01,4.578038573128193067e-01,-1.881574151156732710e-01,1.393976737272782929e-01,-7.670855521129159582e-01,-5.843679423337468926e-01,-6.942604013387991824e-01,-5.453340521301357491e-01
4.680378821276432455e-01,7.537150124744540491e-02,1.898160551649522021e-01,-5.254375121387830916e-01,-2.982349813049543497e-01,2.307641791186241242e-01,-2.553660794375215981e-01,-7.729546339337500793e-01,-2.657800755770436951e-02,2.514294196915829449e-01,-5.932847767618166790e-01,-5.965463116793946474e-01,3.101889767077952165e-01,-1.437811724037600103e-01,-8.506213310679839879e-01,-3.795910998102120654e-02,-1.475310673284297228e-02,-6.019417162934617149e-01,-2.531944134706777816e-01,3.333690594495159476e-01,-1.828933084364443851e-01,-8.019101155236435519e-01,-1.800945015656729153e-01,4.090470104147031494e-01,-7.743993305309812558e-02,-3.223966541778880979e-01,5.717760179842632656e-02,1.431494384305195822e-01,6.769135851921199987e-02,-1.838594710690772760e-03,5.720815606358221617e-01,1.337512770926726768e-01,-1.475693011628288198e-01,-3.888680033059052632e-01,2.177287047704131243e-02,3.368659984011563441e-02,-2.998389074270227384e-01,-2.096492080482974529e-01,-2.893205531902861768e-02,4.799226285841676903e-02,2.453921216793621685e-01,4.518794167139945916e-02,-9.678490947148510326e-03,6.356588538402625777e-02,1.176730996499893711e-01,-2.724890135787852441e-01,-2.068299561631954109e-01,-1.831968269528704008e-01,-5.406691307086689338e-03,9.699944420301959136e-02,3.200588004384553042e-01,3.804497610898462806e-02,3.396639023454998130e-01,1.048063733526166386e-01,4.250934960435563403e-01,4.713647107190792607e-01,-5.475286075948265774e-01,3.670402406173744331e-02,1.000000000000000000e+00,3.189061832450913736e-02,-5.162935010730289598e-01,5.560966839290963915e-01,8.453042230894677322e-01,-2.527738536119315538e-01,-4.990120685289848868e-01,3.140258290996417179e-01,7.892571034214854730e-01,-1.748209832115074289e-02,-2.678911305448595237e-01,6.005889434655854453e-01,5.995003467016741805e-01,-3.063099320028951356e-01,-5.495310490263074707e-03,8.200735144057286208e-01,2.340701376426857772e-01,-4.422326267866135696e-01,4.445247028716808324e-01,6.960265456896072012e-01,-2.726029098136438233e-01,3.392595644703968322e-02,4.633645499620744901e-01,5.143471471225667946e-01,-1.138138428379872891e-01,-2.182153425440597483e-01,5.796394840275767568e-02,-4.074160039901892905e-01,-3.705742202063468937e-01,-5.360282200552031195e-01
-1.539801348177919360e-01,-4.684529220422920665e-02,-4.190196090962814979e-01,-3.973180929691753627e-01,1.449912060280322545e-01,-4.932902870235997828e-01,-6.191267357172222097e-01,2.170805798683575483e-01,2.076217714603034725e-02,-7.063813549334289066e-01,-2.748891260130373326e-01,2.490915298849019355e-01,-3.468671775339552954e-01,-7.336552197066742442e-01,2.583460483285994480e-02,-2.932678513822848179e-02,-5.829426498571504967e-01,-1.096815136107502919e-01,5.443944029900517068e-01,-1.272062345086551471e-01,-7.747431392866650501e-01,1.601080572276943059e-02,6.656946782268563512e-01,3.884943545065761700e-02,-7.565157342320674161e-01,-7.368600879171173512e-02,4.399980207529763376e-01,2.275188665598938398e-01,-2.960068512416196285e-01,1.244813814052714296e-01,-1.186243663899841649e-01,-3.464623811110828511e-01,-3.204618586973962957e-01,4.227411888157144720e-02,2.085746130959625078e-01,-4.076387607819222936e-01,-2.324051207838779554e-01,1.737839113406664249e-01,-7.307315465940504573e-02,-3.755020144988156783e-02,1.245164878299001854e-01,-2.778271119163673308e-01,-4.145908720157948785e-02,-9.269977508124246923e-02,-2.772995115707194702e-01,4.416484892808061891e-02,1.605102440476669501e-01,-8.907198253236268959e-02,-1.581240911679763772e-01,1.881369095618256326e-01,-1.567214678779913287e-02,3.859688538276055680e-02,4.558372033418379293e-02,3.015023287050707657e-01,-1.787728111965438405e-01,-8.621701635514733564e-02,5.140848821254988543e-01,-5.644246923592290965e-01,3.189061832450913736e-02,1.000000000000000000e+00,6.154650944961805037e-02,-6.888057872489832256e-01,4.630781849792286464e-01,8.964810119851508441e-01,-2.302584656036485156e-01,-6.328154387234962153e-01,1.604609065651436128e-01,7.608852239952943464e-01,-1.507712463799667779e-01,-4.870009423167199203e-01,5.517765901237436932e-01,5.528127680814581835e-01,-4.935467164761822567e-01,-1.456868396678366873e-01,8.099774250223888972e-01,1.423510969953182270e-01,-5.353254365057770192e-01,5.213886126427493828e-01,7.168100243126200866e-01,3.093299225390881424e-01,-2.535112092717665688e-01,-3.381908272078246874e-02,4.537145497713336861e-01,4.969929106542311237e-01,7.284159086212307344e-01,2.040495428687909285e-02,4.402659645000062683e-01,-2.675001212276463883e-02
-4.701754119445698821e-03,4.885711553245426497e-01,2.645070543289746445e-01,-3.422727385063158850e-02,-4.087209318255254353e-01,-6.672288125459788777e-01,4.034426551732488431e-01,3.333291033122041114e-01,-6.976508324894074020e-01,-2.603440295829424489e-01,6.478644729631529708e-01,-1.547589413297090488e-01,-7.438355393837974283e-01,2.485800193262026614e-01,3.261228388787217880e-01,-6.288328030426625359e-01,-1.001387107250809733e-01,2.562277771381467062e-01,-1.176937197123640588e-01,-8.529076747505283107e-01,-4.194820038150379876e-02,5.207117399788929735e-01,-1.659304550650093080e-01,-7.948134238944652985e-01,-3.203773627815220126e-01,-9.950911110170704288e-02,-3.667079643760572938e-01,-4.800179642299960969e-01,-4.670920571352130679e-01,3.456090101947081328e-01,-2.781554943976447536e-01,-5.783958648673779290e-01,-2.010291456026065959e-01,3.841462495726537946e-02,-3.837291730946906787e-01,-5.354068203990923758e-01,1.052178179878759667e-01,1.678485449594595003e-01,-5.967727894551193568e-01,-2.846998881549188121e-01,3.008996849645735883e-01,-1.982666160055899240e-01,-6.462936069719460441e-01,-5.172998826298755848e-01,-5.067575158410586589e-01,3.983229885455636943e-01,3.377588700086585072e-01,-2.219177509071191823e-01,3.203114299300965362e-01,5.038623850114968272e-01,1.744054833828417583e-01,5.212122781647646752e-01,2.754755184914593480e-01,4.631883438945431086e-01,-2.531252767798489733e-01,3.611061623276660137e-01,7.875474455780073768e-01,5.874754001312177953e-01,-5.162935010730289598e-01,6.154650944961805037e-02,1.000000000000000000e+00,-1.833156691561911534e-03,-6.087625705160816247e-01,3.502251124632865253e-01,8.781674742812942691e-01,1.525479357029909944e-01,-4.723499863647397379e-01,2.595191046448697691e-01,7.816407808427329185e-01,-1.809767641481972444e-01,-3.722386069041248580e-01,6.570451174224951618e-01,5.312244223325723880e-01,-4.844996591594190050e-01,1.591851418454915171e-04,8.306342932482463359e-01,1.108091192203358027e-01,-3.834770687487421559e-01,4.037039844172250480e-01,-6.484519919842309799e-01,-3.502822943178702797e-01,1.053780345371788107e-01,2.590476389255901846e-01,6.165224443904220308e-01,-3.259431679889455702e-01,-3.555249662310975278e-01,-1.787536826067400164e-01,-2.820110907609267303e-01
5.032434799183359564e-01,3.418850673870574841e-01,6.116551261646437920e-01,-1.638793117692125545e-01,-5.704451814956873479e-01,2.486700447228711031e-01,4.441675155630209759e-01,-6.658456355661312998e-01,-3.754917873676507090e-01,6.240082489594335202e-01,1.298377853968518680e-02,-7.731993448290630511e-01,1.681640280136153243e-01,5.505614583517171035e-01,-5.882545648912984593e-01,-3.108394782547621582e-01,3.834480620206260348e-01,-3.105680532278661810e-01,-6.998589553913240335e-01,-3.192135659049071678e-02,4.150472088826720474e-01,-4.485181130199472621e-01,-7.463283578994759360e-01,-6.416699877850125244e-02,3.525113475783495098e-01,-2.811112489502308187e-01,-4.614869289709594979e-01,-2.860912920852218821e-01,4.433945491917575671e-02,5.875933290170034379e-02,4.346808228452413436e-01,9.643420572370170474e-02,1.783841582419137123e-02,-3.331375298340563673e-01,-3.213401574868504640e-01,7.404266382669949520e-02,-2.643379269638413895e-02,-2.166177385721818893e-01,-2.495864822518825132e-01,-6.351572105079515695e-02,2.644776404732516739e-01,1.543813604598036349e-01,-2.889665001627494401e-01,-1.338118521580916043e-01,7.460746076569511887e-02,-6.976386209781917924e-02,-1.398002897413750389e-01,-2.016216931281081537e-01,2.710468643905210584e-01,1.875903028867509925e-01,3.638162943710956387e-01,2.440892441210943953e-01,3.932399710816746330e-01,9.751883824240105414e-02,3.810408436397905718e-01,6.408194891141362204e-01,-4.627086542918998902e-01,7.464395599905738754e-01,5.560966839290963915e-01,-6.888057872489832256e-01,-1.833156691561911534e-03,1.000000000000000000e+00,7.505750723446871775e-02,-7.228327891677639450e-01,1.788311712383036101e-01,8.251848524985471167e-01,3.283843727949612989e-01,-4.676931865166383262e-01,2.617131006017407446e-01,8.000341420958905214e-01,-8.448341795774491625e-02,-3.653309459893245292e-01,6.279545020355504770e-01,5.795325505935404742e-01,-4.142654298628205001e-01,-8.409755008442494628e-02,8.409786623255630644e-01,1.424492306834502023e-02,-5.814154460981557637e-01,-5.210788226319116312e-01,4.348545465203366156e-01,5.248357323374576167e-01,-3.202089930186837741e-01,-2.579867859050074541e-01,-6.707241435868056545e-01,-5.385967747949708118e-01,-7.465187336298889642e-01,-5.767656427525107432e-01
2.402000099056979532e-01,-1.293250340991453362e-01,-1.459666479959557395e-01,-5.836780522434406038e-01,-1.979513594715419725e-02,1.367123405850356466e-01,-6.215306258669097694e-01,-5.551774777288912555e-01,2.196727110502898483e-01,-8.647695507307935625e-02,-7.721092916355278835e-01,-2.512045623777979797e-01,2.911289937302130038e-01,-5.480015066749042152e-01,-6.965685722556533843e-01,1.828301789045768122e-01,-2.744691885850876201e-01,-6.004243405718786564e-01,1.190742052863058981e-01,4.450212991328273415e-01,-5.100776768597239386e-01,-7.377842267734066040e-01,2.387081657049957839e-01,5.646127421424529391e-01,-3.235717498199593423e-01,-2.126240598410161220e-01,3.782449723678286135e-01,3.038140096182381789e-01,4.726426107711699520e-02,-7.405077690215841613e-02,4.094830221583431462e-01,1.147811235818197023e-01,-1.696849743753396089e-01,-2.320120221233338553e-01,1.809746897084545947e-01,-2.430470527106374373e-02,-3.069853048633967019e-01,-9.605201323140204195e-02,9.831792706328890130e-02,1.395667152206034323e-01,1.513840291018520579e-01,-6.238749730604874894e-02,1.700701975357760409e-01,1.472096867329988068e-01,9.403789396012321444e-02,-3.181237305642444224e-01,-1.833513938540818899e-01,-1.548974387939734965e-01,-1.974056072686376229e-01,3.511898805281830904e-02,2.054834094307955716e-01,-1.355912745086295668e-01,1.822281905290269455e-01,1.079684070953445818e-01,3.101303119133676511e-01,2.056850231715257882e-01,-3.603735803289179196e-01,-3.800314196120745946e-01,8.453042230894677322e-01,4.630781849792286464e-01,-6.087625705160816247e-01,7.505750723446871775e-02,1.000000000000000000e+00,1.445608018190058519e-01,-7.285286492417923920e-01,-1.349815275185035635e-01,8.054458092185413642e-01,2.833376459636404721e-01,-5.188619925340106631e-01,2.521747485861842164e-01,8.272519604430622620e-01,-1.559180508011276112e-01,-4.154209568924097096e-01,6.709296470171327575e-01,5.673812992470073091e-01,-5.090376737400301721e-01,1.702990378659469811e-02,8.629313954812594112e-01,3.272556902907780563e-02,3.824160899165778837e-01,3.496816710361991820e-01,3.660823338059424059e-01,5.278278890942124379e-02,-9.773956098880062782e-02,4.709489856331313118e-01,-1.847989025482983938e-01,-1.072530478616274228e-02,-3.215293515098064936e-01
-3.581544413807425387e-01,-6.190305905888775911e-02,-4.629587275832807158e-01,-3.249279426035765472e-01,2.073990701387115332e-01,-7.077978485463465308e-01,-5.226325096773015710e-01,4.915344664047228140e-01,-1.004214003428682972e-01,-8.710737602766691623e-01,-2.453524871882250061e-02,3.899421781265552389e-01,-5.912531919021010163e-01,-6.970468421991311558e-01,3.235092134195001190e-01,-1.275924105362779282e-01,-7.200127306646213476e-01,1.024176293644500357e-01,6.320843542746701349e-01,-3.840148292739336555e-01,-7.630780696268500973e-01,3.246378630397065979e-01,6.956544263618269497e-01,-2.111870076847365829e-01,-8.081524800003586639e-01,1.092086648933566079e-01,3.706808467725888345e-01,3.225104019423308266e-02,-3.164442975025474336e-01,2.747110841315226204e-01,-3.136810542730459894e-01,-4.988985827656801653e-01,-1.842288879053323725e-01,7.354628277815730697e-02,3.394075984730110518e-02,-4.068564539144648995e-01,-1.123799841366601437e-01,1.198599006898200953e-01,-2.244590854036526140e-01,-1.289485121645154442e-01,3.617675752232242525e-02,-3.903196208887380059e-01,-1.504419324936692726e-01,-1.213672792125270877e-01,-4.246174677717406976e-01,1.790952192127358567e-01,3.364386718854568969e-01,-9.419651509040105619e-02,-1.676718302396989768e-01,2.692050729118760088e-01,1.149232184209518851e-02,1.559187201760603436e-01,-5.666321602102145777e-02,3.481487657510285438e-01,-4.100389253574068249e-01,-1.045373107304833349e-01,7.012224637274707684e-01,-3.905638847417837178e-01,-2.527738536119315538e-01,8.964810119851508441e-01,3.502251124632865253e-01,-7.228327891677639450e-01,1.445608018190058519e-01,1.000000000000000000e+00,6.086312402797010995e-02,-7.109307541626257443e-01,-1.142676137968689498e-01,8.740549628458860187e-01,5.387952411653910284e-02,-6.984373420365054264e-01,3.680000274377867586e-01,7.848561914257211614e-01,-4.152944248501523883e-01,-4.445162150565641901e-01,7.845729598657162907e-01,4.171202449196509954e-01,-6.450480331038025428e-01,2.762533209135523138e-01,8.936052909924443455e-01,1.847051801391566273e-01,-4.184176306355932851e-01,-2.669800913364133582e-02,5.914864273503450676e-01,6.126056440562420713e-01,5.984068532666736440e-01,6.097846646371402057e-02,4.980381636778610788e-01,2.585351884202143416e-02
-1.483082768264749537e-02,5.127452487453536545e-01,3.719428547960830778e-01,2.249519212635173182e-01,-4.423286685654617134e-01,-5.495377966132104497e-01,6.810833186532058159e-01,3.342241527059438555e-01,-7.593726401469289566e-01,-3.487995719817463258e-02,8.378053676657037929e-01,-2.206207966866636228e-01,-6.927003147531113347e-01,5.365233127277670988e-01,3.949928686135883438e-01,-7.273723982765729623e-01,1.233874247418164372e-01,5.093510491807091700e-01,-3.293396329818407131e-01,-8.538762648565203506e-01,3.193456946710325206e-01,6.178077912087007739e-01,-4.221837805692880141e-01,-8.918453598909712454e-01,-3.822578093983381060e-03,-9.475574119250769478e-02,-6.007259092242482890e-01,-3.833894093825614968e-01,-3.845475179513443420e-01,4.089444247861709347e-01,-1.820505875655709094e-01,-5.450194606731477709e-01,-1.429944313031660530e-01,-9.857183480189168900e-02,-3.016475456045341064e-01,-3.025355172409772697e-01,1.499945696902506764e-03,2.101271416508958614e-02,-4.345969587135776746e-01,-4.258045138863604806e-01,2.085127384132674511e-01,-1.737359125414347436e-02,-6.145775923785871120e-01,-4.592676922658469052e-01,-3.147259650827597954e-01,5.462504988128163985e-01,2.853308929608365796e-01,-1.900121958179891088e-02,4.477255274009040997e-01,3.278920088200766858e-01,2.151535679898740339e-02,5.661330610680572750e-01,2.224013769910862526e-01,2.361845977070048397e-01,-2.847802068814032084e-01,2.988467632294772858e-01,5.463791613127565450e-01,6.653763425093859318e-01,-4.990120685289848868e-01,-2.302584656036485156e-01,8.781674742812942691e-01,1.788311712383036101e-01,-7.285286492417923920e-01,6.086312402797010995e-02,1.000000000000000000e+00,3.777337112923869755e-01,-6.504764750139849783e-01,-2.365959404881958980e-02,9.076288461918935457e-01,-5.727943885959604214e-02,-6.656480909992774642e-01,4.990259997543751713e-01,7.431632665380777381e-01,-5.129046882109546956e-01,-3.276933502866399839e-01,8.469869442431289253e-01,2.871605331154866159e-01,-6.140340048630410497e-01,1.687823419019488236e-01,-7.893604955520792110e-01,-3.197424666789810410e-01,-4.794571312850963440e-02,8.411104634468519192e-02,4.321642104135440809e-01,-5.082131722049650913e-01,-2.728065801821763503e-01,-2.876033397555981530e-01,-1.923572316715848607e-01
6.004973031464464484e-01,6.038478072137466457e-01,7.810045116602111204e-01,1.150680775062954270e-01,-7.641013870473856162e-01,2.736372242553049561e-01,7.345501435775050325e-01,-6.109835258699519711e-01,-4.935043686975301713e-01,7.944249879630329580e-01,2.633440277604068291e-01,-8.246683666758750642e-01,1.384042867322000381e-01,8.203520158881942859e-01,-4.938095945905702777e-01,-4.522244496389865587e-01,7.364271333808327658e-01,-1.216564042120759359e-01,-9.193475822065674263e-01,-1.412251165373460127e-01,6.671999629242874041e-01,-2.964836896782712117e-01,-9.414816320586187892e-01,-2.355844827573807254e-01,5.257884352908731573e-01,-4.934383882351720541e-01,-6.553157866962127098e-01,-1.414549359883988389e-01,-1.600482742300957384e-01,-2.350049098509873063e-02,4.011279013183547959e-01,1.695776283025385300e-02,-2.513960905563823456e-01,-2.402867209755998323e-01,-1.114778159960730930e-01,-8.894017837723657005e-02,-1.365496571451970398e-01,1.233745146046624427e-02,-1.174364868553614966e-01,-1.461491177732839042e-01,3.881313965464964766e-01,3.479508883127472307e-01,-3.757175200247785951e-01,-3.510196047036700517e-01,1.892748833994818136e-01,1.501863145483433304e-01,-2.569135635851066413e-01,-7.430181609907055007e-02,5.288786244746449539e-01,1.180724856669747858e-01,1.204409226290851925e-01,2.744282968771377118e-01,5.129099363115250387e-01,2.518167577147829503e-02,4.413079465464498363e-01,5.628721373718430510e-01,-2.666879254198080695e-01,7.261601705893695469e-01,3.140258290996417179e-01,-6.328154387234962153e-01,1.525479357029909944e-01,8.251848524985471167e-01,-1.349815275185035635e-01,-7.109307541626257443e-01,3.777337112923869755e-01,1.000000000000000000e+00,1.075779303293685346e-01,-7.080423214170694646e-01,4.544886251349063988e-01,8.653352103644998961e-01,-3.918689203690336464e-01,-4.168884082532742785e-01,8.476041243286317473e-01,4.597124787520595612e-01,-6.646725448433489225e-01,3.867699003569784882e-02,9.497976857394604400e-01,-1.982219698626235538e-01,-6.896625935134620411e-01,-6.829115729870564033e-01,3.750817540781385406e-01,1.848759063295181970e-01,-5.346043204473567290e-01,-1.170949896231491816e-01,-6.811766061103722292e-01,-5.269932823669176702e-01,-8.072659731567277674e-01,-4.657652613408936326e-01
3.932413615317317812e-01,4.548772030398978011e-03,1.273819798000650205e-01,-6.025358089532629746e-01,-2.126732717005710704e-01,3.901102304299737256e-01,-5.159551075300439216e-01,-8.034317470413190332e-01,2.847360385112797099e-01,2.056206672032376559e-01,-8.571667267329587947e-01,-4.140852078232359901e-01,5.263039034566682206e-01,-3.683691356675810047e-01,-8.695184186757540790e-01,3.440913903885779446e-01,-2.091374141687693186e-02,-9.135124315093772207e-01,-1.584425324532577894e-01,5.502429560173272005e-01,-3.501844294588687401e-01,-9.398591926725337053e-01,-8.457714336909706587e-03,6.821021644065226042e-01,-1.592776735174638025e-01,-3.422033129923031103e-01,3.418103780055465890e-01,6.147058553499357841e-02,-4.556900678864462921e-03,-3.220545162319676802e-01,3.770030223472469189e-01,2.643968789648695195e-01,-1.614455925710467088e-01,-4.999976231412612410e-02,1.659398545043993742e-02,-1.435246221996807070e-01,-7.960409195215907563e-02,8.985581123884162080e-02,8.054487983067203094e-03,3.812530442329358227e-01,2.564833070419055838e-01,-1.677820990900007539e-02,1.093654878963737781e-01,8.411865347326555678e-03,1.489235238036075437e-01,-4.407130648628408975e-01,-3.367182758127825193e-01,-3.635614004220598106e-01,-1.413266781665047100e-01,1.335054108895877834e-01,3.493683536184355454e-01,-2.663529349712451255e-01,3.573548310078344392e-01,2.206707825113925769e-01,6.072015764235280111e-01,3.988174221830021460e-01,-3.905738558718138687e-01,-4.359439176197767163e-02,7.892571034214854730e-01,1.604609065651436128e-01,-4.723499863647397379e-01,3.283843727949612989e-01,8.054458092185413642e-01,-1.142676137968689498e-01,-6.504764750139849783e-01,1.075779303293685346e-01,1.000000000000000000e+00,3.282705348878724866e-02,-5.933945748015052590e-01,5.511699562556577892e-01,8.280803597242767378e-01,-4.171165633857872868e-01,-2.955399146946499633e-01,8.932878504856106572e-01,3.842902888172133880e-01,-6.681123212939495959e-01,2.403805326876370940e-01,8.287975170655993429e-01,-2.331698520132938213e-01,3.142285793836601671e-01,6.323617940892543032e-01,5.724972047612566506e-01,-2.132344052300976511e-01,-1.436118389814657892e-01,1.298689608550462060e-01,-3.902401139375484829e-01,-2.941353700466679544e-01,-4.545066569496631348e-01
-3.251712566036930596e-01,-1.958560681581755503e-01,-5.056660241458863503e-01,-5.394733332687607907e-01,2.708242935722065536e-01,-7.264354437003932574e-01,-6.310556135969170866e-01,3.897102946919770439e-01,-1.117769698466016814e-01,-9.162106792071201822e-01,-1.497347200871415596e-01,3.120586606375673200e-01,-5.917849658197078533e-01,-7.843000666535475673e-01,1.956106237423747285e-01,-1.249063430541557801e-01,-9.214522016974340257e-01,-2.958362384164737319e-02,7.147059138902535080e-01,-3.477758557072812007e-01,-8.856949223564709595e-01,1.942341012410786771e-01,7.412445803011907808e-01,-1.476511474592921425e-01,-8.924756788346422942e-01,2.312562697217437346e-01,4.163476730140590054e-01,-1.043918429110600177e-01,-1.556422338833552410e-01,3.797743129284254504e-01,-2.227296320830823850e-01,-4.406572833322770499e-01,4.331308492094261900e-03,-6.066314863565937937e-02,-1.631998908713396534e-01,-2.798064431782384398e-01,-4.407934767967050527e-02,-8.808924258453398881e-02,-3.761410678874185787e-01,-1.179009037534107657e-01,-1.299911659678731034e-02,-4.991502883852426131e-01,-1.469258897052984347e-01,1.566134753779947764e-02,-5.257023742072066685e-01,2.038026762170511846e-02,4.308328088913170317e-01,-1.900871403054040232e-01,-2.972758096509031112e-01,3.433640996018826885e-01,2.326250259695427924e-01,2.081924123880954380e-01,-9.512315102615369333e-02,4.128103881229561178e-01,-4.281206631863165857e-01,2.424412262320493547e-02,5.168467833897923969e-01,-2.823161296037688395e-01,-1.748209832115074289e-02,7.608852239952943464e-01,2.595191046448697691e-01,-4.676931865166383262e-01,2.833376459636404721e-01,8.740549628458860187e-01,-2.365959404881958980e-02,-7.080423214170694646e-01,3.282705348878724866e-02,1.000000000000000000e+00,7.720981876879895976e-03,-6.628543521199437016e-01,5.376870223753564826e-01,8.143759727076855803e-01,-4.536007552174338708e-01,-3.204367935102477305e-01,8.964086640921289373e-01,3.686582458477902224e-01,-6.000234216891406902e-01,3.979952116628667769e-01,9.037208578008136817e-01,1.914801027839174163e-01,-3.855723551040710628e-01,2.535868344539971564e-01,7.403048303805093155e-01,4.642215128798582446e-01,5.100590005979166452e-01,-1.211106781620472847e-02,4.551309654883771705e-01,-1.290480150307122820e-01
1.461031171943255047e-01,5.669279827398776561e-01,3.898019089520546876e-01,1.288363222987274903e-01,-5.196361205901244285e-01,-6.128475581387069493e-01,7.071596198621211693e-01,2.332192912777527327e-01,-8.992824619167740785e-01,-2.183854614087691812e-02,8.349837793201362324e-01,-3.837804860057532075e-01,-7.566248124075177772e-01,5.589493313650053530e-01,2.449981673756460032e-01,-9.065282351273677985e-01,9.815865066764023483e-02,5.130011708318563679e-01,-3.334811162404651141e-01,-8.923556477000833542e-01,2.645187304745624246e-01,5.344131364058349876e-01,-4.367125459918014818e-01,-9.175760290559653587e-01,-5.710337106237712429e-02,-1.476320385733014273e-01,-6.513426214539392856e-01,-2.761084941543989757e-01,-3.399126537157248218e-01,5.289669371993700464e-01,-1.786227051852572537e-02,-5.653191441107658921e-01,-2.142379358588697158e-01,-2.725488300307130629e-01,-2.531420130863206164e-01,-2.827497184166135047e-01,-1.483614796073968456e-01,-8.589588740585367421e-02,-4.648043697832412446e-01,-5.619810295838242320e-01,2.699677157615545386e-01,-1.409038622946345853e-02,-6.658780816340719166e-01,-4.333972349684575565e-01,-3.586284884395312678e-01,5.340736235016438904e-01,3.228030573144863857e-01,2.461608005184308043e-02,4.849649222089328915e-01,3.434023548958864969e-01,5.732040777813014742e-02,7.061329706471365375e-01,2.607063589521621538e-01,2.286028747235392955e-01,-3.065964387888086007e-01,3.676512907895390647e-01,4.840304742638302793e-01,6.103757368300170016e-01,-2.678911305448595237e-01,-1.507712463799667779e-01,7.816407808427329185e-01,2.617131006017407446e-01,-5.188619925340106631e-01,5.387952411653910284e-02,9.076288461918935457e-01,4.544886251349063988e-01,-5.933945748015052590e-01,7.720981876879895976e-03,1.000000000000000000e+00,1.887844745919674272e-02,-6.234368109799214297e-01,5.417565110787865290e-01,8.267285074175925175e-01,-4.222155777740727589e-01,-2.848181712915997532e-01,8.803979750595575249e-01,4.074380984357461322e-01,-5.055073126080094070e-01,1.641266830212470273e-01,-8.742026346573772422e-01,-3.956535841521967023e-01,-2.793598790478497504e-02,1.748913072663695334e-01,4.162214283949646765e-01,-4.195850657187475408e-01,-3.400584052186931272e-01,-3.136846127488364111e-01,-3.135195277535868241e-01
6.567918975857670594e-01,4.616253846194819932e-01,7.023449997854896987e-01,-1.003118672944682266e-01,-6.869199315615915902e-01,5.198852856200525396e-01,3.757614409801278699e-01,-8.890883343557089979e-01,-1.782375524399086586e-01,8.256819760186482338e-01,-2.092385397372804601e-01,-8.301780450910206666e-01,4.670648065203749644e-01,5.333400501519890424e-01,-8.012078498315606812e-01,-1.199654617917015331e-01,6.782870377955394492e-01,-5.156791602844279510e-01,-8.502399512685125949e-01,2.434295877857301504e-01,4.642008025839735597e-01,-6.962218016794793352e-01,-7.918965580646654123e-01,1.996869961381726455e-01,4.568977782491999151e-01,-5.606716842369355858e-01,-3.664900129110860161e-01,-3.197305896016439108e-02,-9.283559007058660162e-02,-2.512640051701130472e-01,4.986060606273614026e-01,2.165882512621753742e-01,-2.635844788070945133e-01,-1.727663013558831395e-01,-2.290633595680817425e-02,-8.264821577735054214e-02,-1.326600205522420750e-01,7.873734652783608012e-02,8.620303388303876199e-03,1.060679565200488700e-01,3.966019507802193145e-01,3.344250315418906827e-01,-1.768429712429211431e-01,-2.499830355875546917e-01,3.149188054002736714e-01,-1.019272217420373744e-01,-4.347257466723199459e-01,-1.857425145249494980e-01,3.630887431214828154e-01,7.681798896574992819e-02,1.934719047465547070e-01,1.734272978566591197e-02,5.508250742501528130e-01,3.882620459481896102e-02,6.853305837353650398e-01,5.708231910524044217e-01,-4.679456935273069718e-01,5.182113595835919906e-01,6.005889434655854453e-01,-4.870009423167199203e-01,-1.809767641481972444e-01,8.000341420958905214e-01,2.521747485861842164e-01,-6.984373420365054264e-01,-5.727943885959604214e-02,8.653352103644998961e-01,5.511699562556577892e-01,-6.628543521199437016e-01,1.887844745919674272e-02,1.000000000000000000e+00,2.863466632030464698e-02,-6.529692272344750359e-01,5.280618238535629283e-01,8.170651438550005086e-01,-4.438919366933705701e-01,-3.723272886940395265e-01,8.866893200637629979e-01,1.942735072660426165e-01,-7.620394828712461210e-01,-3.525422071075159369e-01,6.503874912430789301e-01,3.502132029726123252e-01,-6.233274734539563378e-01,-2.348700621512268272e-01,-4.935241237664508285e-01,-5.468019107787455146e-01,-7.866888405609133716e-01,-5.189703447636740963e-01
7.535318388661452205e-02,-2.218201362231552454e-01,-2.676562596054494758e-01,-7.225553443769383577e-01,1.093929893311454682e-01,2.890663299219831811e-02,-8.457844349401448802e-01,-4.076894647403968563e-01,3.391523060303066606e-01,-3.296839933651098398e-01,-8.603164092312028943e-01,-4.193317263866832428e-02,2.251586961188018765e-01,-7.886012999253813049e-01,-5.563175280589345295e-01,3.671846853190456894e-01,-5.096176307183815091e-01,-7.508507218058561028e-01,3.372286050931550538e-01,4.011164754053335169e-01,-7.588266499897124984e-01,-6.653956949411036215e-01,4.754802309726430254e-01,5.949609472898033102e-01,-5.565422919339831909e-01,-8.774963606667630922e-02,5.939826485080621499e-01,6.776948852767983311e-02,-9.678009334781408762e-03,-1.375231261227979063e-01,1.569588428214328535e-01,7.578967495340625804e-02,-7.100474660098274327e-02,-1.384140316586053056e-02,-5.191390349625692700e-03,-1.814710162259485227e-01,-5.926017897666420453e-02,3.195273735792004272e-02,-8.037203797806247163e-02,3.137780659774143110e-01,1.164616636556762008e-01,-2.620988170594416022e-01,1.468670821161617845e-01,1.067732071464725929e-01,-8.695561374612684191e-02,-4.052934790642811480e-01,-8.406405463417263024e-02,-3.497013311878853226e-01,-3.515877654222792081e-01,1.921303348159912050e-01,3.404790272828083220e-01,-2.268365468927346917e-01,1.422248977539342651e-01,3.071757360861625541e-01,2.651620242608779265e-01,1.999987164961336550e-01,-1.087640928573970212e-01,-3.275146473689357629e-01,5.995003467016741805e-01,5.517765901237436932e-01,-3.722386069041248580e-01,-8.448341795774491625e-02,8.272519604430622620e-01,3.680000274377867586e-01,-6.656480909992774642e-01,-3.918689203690336464e-01,8.280803597242767378e-01,5.376870223753564826e-01,-6.234368109799214297e-01,2.863466632030464698e-02,1.000000000000000000e+00,1.535270703236645169e-02,-6.310889919145181715e-01,5.487976987489175951e-01,8.030016366547296780e-01,-4.700327855066034899e-01,-2.391845229437112308e-01,9.039996205132826423e-01,2.743453957658734121e-01,5.150882370757502438e-01,3.210800545836574038e-01,5.188916253241416809e-01,1.987919087853830258e-01,5.204823975872074904e-02,4.678935021442300890e-01,-1.967186061013327658e-01,1.054584760445410052e-01,-3.109327588393621666e-01
-2.801712434196022561e-01,9.617028567703578279e-02,-2.686206283268584571e-01,-2.731172075826295842e-01,3.354165882610517235e-02,-9.386084622981525349e-01,-1.252534467000922525e-01,5.813270071171470210e-01,-5.256052266488805413e-01,-8.103855360449339074e-01,3.960660646346594316e-01,1.820234604100988141e-01,-9.119319790061561903e-01,-3.448204140143327767e-01,4.388349465538859961e-01,-5.452265852709697880e-01,-7.010252435218515821e-01,3.596640753598918661e-01,4.733465009278889357e-01,-7.750686912897768455e-01,-5.545320347730195998e-01,5.702105741882229628e-01,4.290037278168980506e-01,-6.409298684138461377e-01,-7.343820657609255731e-01,1.759437366558675164e-01,1.080235732284644604e-02,-2.116989913197367124e-01,-3.000162737581241745e-01,5.778550778983455594e-01,-2.766108456101326607e-01,-6.571508321439948341e-01,-8.336588712974660198e-02,-1.315408774005261128e-01,-2.304473465702153445e-01,-3.571628130364898346e-01,-8.557109874088321411e-02,-8.992850563226430227e-02,-5.004697769797616935e-01,-3.932758381125909253e-01,7.257932857386736880e-02,-4.106716633534611693e-01,-4.286762701011842536e-01,-1.951767016792035625e-01,-6.117030369913504240e-01,3.347356285176623092e-01,5.439779073056273395e-01,-8.435250802480186161e-02,-1.919541488232125604e-03,4.066747745091521260e-01,1.348786685256730677e-01,5.063405040240246402e-01,-2.405394232006236380e-02,4.058546312179572846e-01,-5.858520345511438743e-01,9.513713588760996931e-02,7.381174127517723393e-01,2.985276771082963354e-02,-3.063099320028951356e-01,5.528127680814581835e-01,6.570451174224951618e-01,-3.653309459893245292e-01,-1.559180508011276112e-01,7.848561914257211614e-01,4.990259997543751713e-01,-4.168884082532742785e-01,-4.171165633857872868e-01,8.143759727076855803e-01,5.417565110787865290e-01,-6.529692272344750359e-01,1.535270703236645169e-02,1.000000000000000000e+00,2.678555624546067465e-02,-6.302013387215263940e-01,5.554773458778449191e-01,8.156526006078833602e-01,-3.836300672794566990e-01,-4.618221680918846439e-02,8.741956021569252666e-01,-2.712747044001034280e-01,-6.077643413550035678e-01,7.415155602130979462e-02,7.155540019445220112e-01,6.158818354932515948e-01,2.277780706684010559e-01,-8.634518730074300374e-02,3.034927458442109871e-01,-1.450794440320614109e-01
4.230810836891011895e-01,6.791952677675264782e-01,7.042259338274016178e-01,1.892168706730148198e-01,-7.446716724438734447e-01,-1.567691212793418665e-01,8.769828537222785769e-01,-2.166918780362587227e-01,-7.918909192963272670e-01,4.931943354958676085e-01,6.591718677354420075e-01,-6.932259910616938026e-01,-3.294297906093213713e-01,8.412239441929946215e-01,-1.272788053584698043e-01,-7.628226985630072177e-01,5.265848016582912461e-01,2.404777338452013524e-01,-7.455299667967401067e-01,-5.742610700315030625e-01,5.882954756276722597e-01,1.477753961032334806e-01,-8.160879472992520478e-01,-6.543823490251364783e-01,3.183704657719542142e-01,-3.666628454333842324e-01,-7.664504457883705157e-01,-2.415956182085940429e-01,-2.729043977841539292e-01,2.603690736886108414e-01,2.072799652165945306e-01,-2.872953998148355947e-01,-2.547828045056978463e-01,-2.688408123344358525e-01,-2.038385737590353852e-01,-1.961710826868306445e-01,-1.390572253673327818e-01,-2.636315288449399274e-02,-3.114215082481224250e-01,-3.918855107738781207e-01,3.599729327076375829e-01,2.101926786203733855e-01,-5.874523749771608516e-01,-4.451395347482052789e-01,-7.161400922784190437e-02,3.970599387421230864e-01,2.438360548718524964e-02,-8.444506437283283429e-03,5.904568359987604209e-01,2.412173918376584458e-01,7.512928179448245813e-02,5.418416907745536859e-01,4.322411818506194936e-01,1.149414077636804477e-01,9.042847351477727169e-02,5.158145208796122150e-01,1.125103682639591735e-01,7.790350632597192737e-01,-5.495310490263074707e-03,-4.935467164761822567e-01,5.312244223325723880e-01,6.279545020355504770e-01,-4.154209568924097096e-01,-4.152944248501523883e-01,7.431632665380777381e-01,8.476041243286317473e-01,-2.955399146946499633e-01,-4.536007552174338708e-01,8.267285074175925175e-01,5.280618238535629283e-01,-6.310889919145181715e-01,2.678555624546067465e-02,1.000000000000000000e+00,1.585535214242074845e-02,-6.139582727922260341e-01,5.228601153509090382e-01,8.080154086916974121e-01,-4.568655859785819562e-01,-3.509775100011043869e-01,-9.117976064964057326e-01,-4.313311608473082044e-03,6.846224450629645464e-02,-2.421390898965699312e-01,1.480364543979091063e-01,-6.748160300257612931e-01,-4.834327245305593546e-01,-6.593560662183957088e-01,-4.273893195924776123e-01
5.548413632081503621e-01,1.654480064304240938e-01,3.825463934875022454e-01,-4.080617107257587528e-01,-4.045636231147943240e-01,5.598620012100691268e-01,-1.724502098124150729e-01,-9.503115414805084482e-01,1.613573840362531042e-01,5.535479153744125025e-01,-6.875431858873846114e-01,-6.367053529840914772e-01,6.240738358444536393e-01,1.456894392581715991e-02,-9.415520557838008564e-01,2.067351867443334157e-01,3.221478969456472718e-01,-8.063144954454861679e-01,-4.783014143554693010e-01,5.438818294971493605e-01,2.116717868419029300e-02,-9.446750374268324535e-01,-3.617166254877386966e-01,5.819289155351711207e-01,1.648769827695811263e-01,-4.464661549365517845e-01,5.963836717036656576e-02,8.074152473254173068e-02,2.763366340084219899e-02,-3.364528002282548003e-01,5.013931312997753631e-01,3.303311029443192215e-01,-1.826515397895358550e-01,-1.312806378362771920e-01,3.596952278765447319e-02,-4.450168539037292065e-02,-1.228891868922874220e-01,4.697393652136112180e-02,6.337322903527252416e-02,2.910279204326825520e-01,3.097160797836668866e-01,1.682746917688541233e-01,4.708709823339132100e-02,-5.071535990713822023e-02,2.854125286135945627e-01,-3.555862505131919815e-01,-4.375252126025440669e-01,-2.781984150245014886e-01,5.842319698268441663e-02,6.580288808700944514e-02,2.793668155030964440e-01,-1.913480748006288479e-01,4.376549494433556453e-01,8.423683272114772247e-02,7.033138779042630295e-01,4.644823844147455971e-01,-5.499438805588714452e-01,1.475912415670633249e-01,8.200735144057286208e-01,-1.456868396678366873e-01,-4.844996591594190050e-01,5.795325505935404742e-01,6.709296470171327575e-01,-4.445162150565641901e-01,-5.129046882109546956e-01,4.597124787520595612e-01,8.932878504856106572e-01,-3.204367935102477305e-01,-4.222155777740727589e-01,8.170651438550005086e-01,5.487976987489175951e-01,-6.302013387215263940e-01,1.585535214242074845e-02,1.000000000000000000e+00,2.043176151715807992e-02,-6.843353144899372298e-01,5.660434252695402124e-01,6.453373049484683044e-01,-5.535996516356145314e-01,9.353197991466190298e-02,7.129342281891141164e-01,4.932632812214607920e-01,-4.436670684565834355e-01,-2.784468818722877215e-01,-1.082622977959323274e-01,-4.463929265266561308e-01,-5.295935131500697501e-01,-4.962623416846627111e-01
-1.724948960884643001e-01,-2.113648699101706163e-01,-4.637500715312865007e-01,-6.698146263486385310e-01,2.217111030080287926e-01,-4.736063793165207203e-01,-8.217346833291310215e-01,8.148295271984248855e-02,9.378476621001577418e-02,-7.693780964224203878e-01,-5.005197907775191801e-01,2.030217787133322127e-01,-2.856008308792059025e-01,-8.983496108968817007e-01,-1.106306284253935068e-01,9.684984685693462381e-02,-8.226380489943053709e-01,-3.509712095330514425e-01,6.345863761662484670e-01,-3.834365153706844470e-02,-9.354795700609608300e-01,-1.648049427844268389e-01,7.229759523495216111e-01,1.804350584618579778e-01,-8.445833758098342248e-01,8.904194983071067604e-02,5.648327050765351576e-01,1.250024570211055210e-02,-1.378820528377900645e-01,1.666974804333762883e-01,-7.657293548258944926e-02,-2.606391378837630279e-01,-7.609301102526505600e-02,-2.878814741705260430e-02,-5.490264927686171886e-02,-2.969849636180719732e-01,-8.878293057675090694e-02,-9.295358509733923566e-03,-2.485127291560407237e-01,6.659335172378065548e-02,6.327560632864157042e-02,-4.371560633345331071e-01,-2.139594362749375894e-02,3.577484981106313772e-02,-3.698188209716862240e-01,-1.468654586375318649e-01,2.244733772606192224e-01,-2.709229795034974186e-01,-3.360029672010508284e-01,2.973564636630372515e-01,2.571381563928842318e-01,1.428392725778887193e-02,8.423575190634559340e-03,3.956628953264373916e-01,-1.534304231114948514e-01,7.509843975140788330e-02,3.258221482451271744e-01,-3.878870853182487810e-01,2.340701376426857772e-01,8.099774250223888972e-01,1.591851418454915171e-04,-4.142654298628205001e-01,5.673812992470073091e-01,7.845729598657162907e-01,-3.276933502866399839e-01,-6.646725448433489225e-01,3.842902888172133880e-01,8.964086640921289373e-01,-2.848181712915997532e-01,-4.438919366933705701e-01,8.030016366547296780e-01,5.554773458778449191e-01,-6.139582727922260341e-01,2.043176151715807992e-02,1.000000000000000000e+00,2.734537507913585921e-02,-5.406657706966918608e-01,7.041881965486002093e-01,7.475142612974730039e-01,3.832648340637579976e-01,-1.161535346439862004e-01,3.563134171505262793e-01,5.680702404875630496e-01,3.684549894489885791e-01,6.062502084754803899e-01,-9.402412274341720444e-02,3.651953503086373676e-01,-2.142632349125955238e-01
-1.314055267631360213e-01,3.700439780404301549e-01,8.426124797610159978e-02,5.310859036045276205e-02,-2.571166002356153335e-01,-8.394782898754570288e-01,4.227321330934777910e-01,5.342602742286818307e-01,-7.864732849145693594e-01,-4.213794296701388054e-01,7.904622752024854648e-01,-5.364468027283996604e-02,-9.293848328363706335e-01,2.054901341437415652e-01,4.902776477183116710e-01,-7.874480216682535616e-01,-2.616720797968866696e-01,5.821008172661327196e-01,4.570805498584237098e-02,-9.388089995625451545e-01,-5.038600523362055800e-02,7.078882289125619787e-01,-4.838741864396928216e-02,-9.044974766040362324e-01,-3.452838937874362912e-01,4.153696535311203475e-02,-4.001753393005209047e-01,-2.816144517143687742e-01,-3.560481651502541145e-01,5.851075879152459747e-01,-2.192917797072667929e-01,-6.662119659082835765e-01,-1.396435843396428289e-01,-1.725046815871504047e-01,-2.559218779821377243e-01,-3.239395265491334386e-01,-9.066646139587325459e-02,-6.891412184833281551e-02,-4.823835072692496673e-01,-5.243795106441939691e-01,1.376675047129858331e-01,-1.957751660096193058e-01,-5.818547711572171766e-01,-3.435148066661079524e-01,-4.914079573792966560e-01,5.270368607536672911e-01,4.724127676194489478e-01,2.291075028856930096e-02,2.867776835682507297e-01,3.565497612973226316e-01,3.740204855797400751e-02,6.395047485454947722e-01,8.771038067183777043e-02,2.917203915858271324e-01,-5.147805004522248984e-01,1.928901173846623018e-01,6.888043264606278360e-01,3.786465347372097723e-01,-4.422326267866135696e-01,1.423510969953182270e-01,8.306342932482463359e-01,-8.409755008442494628e-02,-5.090376737400301721e-01,4.171202449196509954e-01,8.469869442431289253e-01,3.867699003569784882e-02,-6.681123212939495959e-01,3.686582458477902224e-01,8.803979750595575249e-01,-3.723272886940395265e-01,-4.700327855066034899e-01,8.156526006078833602e-01,5.228601153509090382e-01,-6.843353144899372298e-01,2.734537507913585921e-02,1.000000000000000000e+00,5.286074417577064921e-03,-4.601523177115634522e-01,5.369163560945856561e-01,-6.757903056150837973e-01,-5.789819812176218994e-01,-6.054019551218133011e-02,4.461006080979975086e-01,5.593785189557810567e-01,-1.804653485115615685e-01,-1.833514189891313206e-01,-3.612418457072236449e-03,-1.689434800793603308e-01
6.636886451153837241e-01,6.100841227600802830e-01,7.691811014622332854e-01,-2.965322365306191990e-02,-7.947163992197812110e-01,2.450902549213433423e-01,6.417711896827363871e-01,-7.052942491241559475e-01,-5.125686836233682708e-01,7.561004531812383078e-01,1.578559174600774329e-01,-8.963930801276370763e-01,1.318448463544104610e-01,7.264103404858582858e-01,-6.111676873153921719e-01,-4.695261860643915597e-01,6.448204843876995662e-01,-2.300429459573975488e-01,-8.676227104207681062e-01,-1.203444965349100143e-01,5.349379377284292358e-01,-4.009624372946637427e-01,-8.661081463001243375e-01,-1.706561648348832450e-01,4.116081094726266598e-01,-5.087602764361915941e-01,-5.691968155539839369e-01,-1.251550481120024261e-01,-1.350882473797258843e-01,1.658580088148504592e-02,4.653684592745845339e-01,1.790825945365070310e-02,-2.712377986517320316e-01,-3.048256637591766904e-01,-1.206768234709953702e-01,-1.069957535564891038e-01,-1.814006441366599887e-01,-3.496962796207928742e-02,-1.863202349356101739e-01,-1.624494039389633715e-01,4.202865187928047086e-01,2.666764470357805838e-01,-4.209162739631002181e-01,-3.389556651714228930e-01,1.116091335598490969e-01,9.939559691570724886e-02,-2.054662775963608523e-01,-1.263800175397173098e-01,4.880949087974006950e-01,1.920422671826171046e-01,1.980932704239544428e-01,3.208191103257520549e-01,5.415237543029433054e-01,8.569101387287747507e-02,4.480085606891668903e-01,6.178836388975195160e-01,-2.681030384158403779e-01,6.900034514361887972e-01,4.445247028716808324e-01,-5.353254365057770192e-01,1.108091192203358027e-01,8.409786623255630644e-01,1.702990378659469811e-02,-6.450480331038025428e-01,2.871605331154866159e-01,9.497976857394604400e-01,2.403805326876370940e-01,-6.000234216891406902e-01,4.074380984357461322e-01,8.866893200637629979e-01,-2.391845229437112308e-01,-3.836300672794566990e-01,8.080154086916974121e-01,5.660434252695402124e-01,-5.406657706966918608e-01,5.286074417577064921e-03,1.000000000000000000e+00,-4.080062652141308588e-02,-6.562399937019003371e-01,-6.676560615033898527e-01,3.676193311843892753e-01,2.832040885885563353e-01,-4.558374002592374130e-01,-8.705809950603375647e-02,-6.292951335162775273e-01,-5.993289981916066766e-01,-8.202368296351553179e-01,-5.805666667823395910e-01
2.619076208255994298e-01,-3.930740671098055528e-02,-9.714618232742054660e-02,-6.789866368306025635e-01,-8.189126091419605957e-02,5.655801654875444728e-02,-6.965451403764028049e-01,-5.512878564132747128e-01,1.994617650404293674e-01,-1.687971074949435879e-01,-8.019929341414693269e-01,-2.471225628514621131e-01,2.323156852481294832e-01,-6.204738912129595940e-01,-6.688823782475765700e-01,2.158247052366204510e-01,-3.310464477431074304e-01,-7.200948144966515807e-01,1.456029712437338364e-01,3.548302613594946919e-01,-6.139152028301220199e-01,-7.129083975188805766e-01,3.080572188744936657e-01,5.357573821061297759e-01,-4.791255351852217181e-01,-2.793273875586378963e-01,4.523164205863609566e-01,1.971837278476959721e-01,-7.659279183266688718e-02,-1.097930060661422846e-01,2.728315237653340941e-01,4.338458359162476047e-02,-2.403180257153210431e-01,-1.023959622546059406e-01,1.289201382818552788e-01,-2.169009460803649758e-01,-2.121554290094273265e-01,4.197249618330275295e-02,-4.790644454808416081e-02,2.121473356474115612e-01,2.228898859972428814e-01,-1.343005963817012205e-01,3.918845925307167660e-02,-6.273986442244610350e-03,-2.515881218961897939e-02,-3.028908899022263457e-01,-1.288405523626701132e-01,-2.731441639471734462e-01,-1.705519380003471253e-01,1.742381835678140090e-01,2.587811389406379781e-01,-1.286954960768536271e-01,2.852476295044049093e-01,2.472591319564015067e-01,3.351199658837213380e-01,2.706142585887968410e-01,-1.482210713116672018e-01,-2.821617234217493331e-01,6.960265456896072012e-01,5.213886126427493828e-01,-3.834770687487421559e-01,1.424492306834502023e-02,8.629313954812594112e-01,2.762533209135523138e-01,-6.140340048630410497e-01,-1.982219698626235538e-01,8.287975170655993429e-01,3.979952116628667769e-01,-5.055073126080094070e-01,1.942735072660426165e-01,9.039996205132826423e-01,-4.618221680918846439e-02,-4.568655859785819562e-01,6.453373049484683044e-01,7.041881965486002093e-01,-4.601523177115634522e-01,-4.080062652141308588e-02,1.000000000000000000e+00,1.490606956635527613e-01,3.636797043072512725e-01,3.515684683036171543e-01,4.652471349174184811e-01,9.808790201666796327e-02,7.444237195187990153e-02,4.162333505435829029e-01,-3.318455386791788198e-01,-4.745739367946714971e-02,-4.295805445104965425e-01
-4.219803638446617544e-01,-1.226716964235092383e-01,-4.706890902480075356e-01,-3.146178300421864638e-01,2.622266799179759356e-01,-8.032508260493026464e-01,-4.577238254914353655e-01,5.902018756870691663e-01,-1.866927485791989028e-01,-9.251697095703188545e-01,9.416093904021423378e-02,4.105999494154539686e-01,-7.053863056758210570e-01,-6.464311576842606266e-01,4.279035121359544003e-01,-2.004198231680331121e-01,-8.240251495692501038e-01,2.078107928642985436e-01,6.849622338084873086e-01,-4.844499539798315380e-01,-7.313944228285237381e-01,4.378574337668260097e-01,6.786299451900235091e-01,-3.221284174211581086e-01,-7.882248623793670639e-01,2.660383316479836835e-01,2.992081891979565533e-01,-6.679862418816723268e-02,-2.133645710833171893e-01,4.195036950370819029e-01,-3.384336063057767352e-01,-5.323825643623749659e-01,-3.556739293354096304e-02,-1.818005430212093695e-02,-9.418881039062730609e-02,-2.962127839279792840e-01,-7.314796688452814000e-02,-2.969930739720115856e-02,-3.020044938378144694e-01,-2.109963987430254206e-01,-5.678484306761100164e-02,-4.379441273249625177e-01,-1.826921274565729558e-01,-6.415222700421190083e-02,-4.849261735837231968e-01,1.989994068214312184e-01,4.298929062096987774e-01,-8.053609875363131054e-02,-1.825264918331997166e-01,2.805884682954534193e-01,9.135969363861799752e-02,2.433167326625375049e-01,-1.455621922627606812e-01,3.342908916808446373e-01,-5.299749573026204530e-01,-8.639452026060406853e-02,6.467228432964340357e-01,-2.609705731596783096e-01,-2.726029098136438233e-01,7.168100243126200866e-01,4.037039844172250480e-01,-5.814154460981557637e-01,3.272556902907780563e-02,8.936052909924443455e-01,1.687823419019488236e-01,-6.896625935134620411e-01,-2.331698520132938213e-01,9.037208578008136817e-01,1.641266830212470273e-01,-7.620394828712461210e-01,2.743453957658734121e-01,8.741956021569252666e-01,-3.509775100011043869e-01,-5.535996516356145314e-01,7.475142612974730039e-01,5.369163560945856561e-01,-6.562399937019003371e-01,1.490606956635527613e-01,1.000000000000000000e+00,7.397061171738258945e-02,-5.191309548666919182e-01,6.296176885470115836e-02,7.127672901082601209e-01,5.341977171892684506e-01,4.680796593048665577e-01,5.692570181636260468e-02,5.039202297554959964e-01,-3.481458435277277972e-03
-3.555573444561484497e-01,-6.757634767831594003e-01,-6.220280455632506422e-01,-9.201831797702293703e-02,7.231523568423262605e-01,3.898335465286499879e-01,-7.646021391752957364e-01,9.585444371218823645e-02,8.848006354909732085e-01,-2.512566172448399415e-01,-6.801288851045615980e-01,6.358173267196775003e-01,5.367044812401395859e-01,-6.728470032227094055e-01,5.505154162756310809e-02,8.428060091065832093e-01,-2.961435904608963332e-01,-2.551033903986505980e-01,5.865670433965951558e-01,7.161883124725334504e-01,-3.767471231612173344e-01,-2.284972160198991686e-01,6.439119877485766086e-01,7.427413019964679286e-01,-6.562011448780659395e-02,3.635251608569561865e-01,7.081444700630138422e-01,2.442204340647544381e-01,3.706387390751396116e-01,-3.794721856609108990e-01,-1.154750610213016448e-01,4.657748869317570040e-01,3.229476247895123886e-01,2.706695647668617699e-01,2.046568008593341870e-01,3.253495899210105402e-01,1.775305279996668706e-01,4.182689034880127284e-03,3.956079342007582933e-01,4.522920318021246278e-01,-3.375393068062000346e-01,-1.314125316333261961e-01,6.627654774982519870e-01,4.909950931293530219e-01,1.924417076461722720e-01,-4.616804341674346501e-01,-1.333494615664350680e-01,1.827046485626032321e-02,-5.812438530621545363e-01,-3.098191835880342304e-01,-1.222009546287218529e-01,-6.184426828923750286e-01,-4.483835386247689292e-01,-2.363101096341368723e-01,1.631152892494880033e-02,-5.414401904086587614e-01,-2.798783523796326000e-01,-7.477590337673311049e-01,3.392595644703968322e-02,3.093299225390881424e-01,-6.484519919842309799e-01,-5.210788226319116312e-01,3.824160899165778837e-01,1.847051801391566273e-01,-7.893604955520792110e-01,-6.829115729870564033e-01,3.142285793836601671e-01,1.914801027839174163e-01,-8.742026346573772422e-01,-3.525422071075159369e-01,5.150882370757502438e-01,-2.712747044001034280e-01,-9.117976064964057326e-01,9.353197991466190298e-02,3.832648340637579976e-01,-6.757903056150837973e-01,-6.676560615033898527e-01,3.636797043072512725e-01,7.397061171738258945e-02,1.000000000000000000e+00,1.018581729008081055e-01,-1.553782272250954499e-01,4.409639791597234904e-02,-2.797628477268458980e-01,6.084944719432950899e-01,5.490067531429838610e-01,5.908702918098470702e-01,5.147694449960098506e-01
1.971846329965589451e-01,4.401815823204417027e-02,4.049866017960177533e-01,-1.574848847704787835e-01,-3.095208355198522110e-01,5.505229767468330371e-01,-8.903904864553664755e-02,-6.955980907170671301e-01,2.404787388719256680e-01,5.062131552674199453e-01,-5.140702577344474777e-01,-3.907945897127124701e-01,5.915371497441386239e-01,5.857211544211184118e-02,-6.082621634849735281e-01,3.427239066939622991e-01,3.642545103736635759e-01,-6.120157955502567582e-01,-5.191259527400557960e-01,5.009476865726626427e-01,2.092329663918136851e-01,-6.809026518718276355e-01,-4.017767432015261764e-01,4.541198647113590670e-01,2.704966603152301197e-01,-4.127545918867034924e-01,-7.411738958071904804e-02,-7.716552717667708727e-02,-1.787898017849528232e-01,-5.060374950396461236e-01,1.842947286815923569e-01,2.087212842658894563e-01,-1.173368915046768129e-01,1.852963819886436214e-01,-3.559393268094809479e-03,-1.056123955717187535e-01,8.999382934858560223e-02,2.788546220183982793e-01,1.783477288814641348e-01,4.923990829209988207e-01,2.511067194013144044e-01,3.721413660492032816e-01,1.738105511455059204e-01,-1.505680392138226686e-01,4.604390221198065847e-01,-2.529936145171119422e-01,-6.094162485555191244e-01,-2.666983551057147683e-01,1.130312528298818148e-01,-6.795332569086851016e-02,1.901863675211244997e-01,-3.946491055933825653e-01,4.329584948591916338e-01,6.509046943295283827e-02,7.138748833506673996e-01,3.475302455594809214e-01,-4.688734524927071767e-01,2.198623632077290613e-01,4.633645499620744901e-01,-2.535112092717665688e-01,-3.502822943178702797e-01,4.348545465203366156e-01,3.496816710361991820e-01,-4.184176306355932851e-01,-3.197424666789810410e-01,3.750817540781385406e-01,6.323617940892543032e-01,-3.855723551040710628e-01,-3.956535841521967023e-01,6.503874912430789301e-01,3.210800545836574038e-01,-6.077643413550035678e-01,-4.313311608473082044e-03,7.129342281891141164e-01,-1.161535346439862004e-01,-5.789819812176218994e-01,3.676193311843892753e-01,3.515684683036171543e-01,-5.191309548666919182e-01,1.018581729008081055e-01,1.000000000000000000e+00,4.487519636558118807e-01,-6.444995955072102545e-01,-3.197550042371015699e-01,-2.425211489681027566e-01,-3.283768705325150750e-01,-4.867695378083174429e-01,-2.905787686277941373e-01
1.745159869238452621e-01,8.869092128324448931e-02,2.386637431901710016e-01,-6.676366833402480605e-01,-3.353827055211035524e-01,-1.146202170382562002e-01,-2.420433588585714502e-01,-4.987514006586121207e-01,-2.047796690905855366e-01,-3.540493050825858218e-02,-3.727899306970443027e-01,-4.724725874112779000e-01,-3.740291408443115195e-02,-2.008364900498270100e-01,-5.366869392991122645e-01,-8.506412110081820743e-02,-2.944329785959092227e-01,-6.079940751462350468e-01,-1.408461027869599980e-01,-2.767235727241427676e-02,-3.298254561672006591e-01,-4.892899284703708385e-01,-1.036442269672730315e-01,7.793715265999094644e-02,-3.270246987305299724e-01,-1.377653190500503777e-01,8.218405237585511836e-03,-4.954218012550304917e-01,-1.288166032535643934e-01,7.700761401232798266e-03,1.662915194760269944e-01,-7.641728022380579743e-02,5.920269785340439433e-02,-8.184055771365798815e-02,-4.920339656122684202e-01,-2.311046759803862538e-01,1.620805044359528435e-01,-5.980602124440859146e-02,-4.780509620053794984e-01,2.319450342322339209e-01,3.094002627686651685e-01,-1.997535438209273040e-01,-2.177091569931648984e-01,-1.480922787183081291e-01,-2.320870729401877663e-01,-2.780346650217809801e-01,-3.393335771863360134e-02,-5.418236302114585179e-01,-3.963129178058363844e-02,4.495731694886578311e-01,5.872755110657161826e-01,7.362695149596681921e-02,3.770595671909235391e-01,4.736602100701143847e-01,3.095773513525127973e-01,6.596195902797735711e-01,-6.211967949306919368e-02,4.578038573128193067e-01,5.143471471225667946e-01,-3.381908272078246874e-02,1.053780345371788107e-01,5.248357323374576167e-01,3.660823338059424059e-01,-2.669800913364133582e-02,-4.794571312850963440e-02,1.848759063295181970e-01,5.724972047612566506e-01,2.535868344539971564e-01,-2.793598790478497504e-02,3.502132029726123252e-01,5.188916253241416809e-01,7.415155602130979462e-02,6.846224450629645464e-02,4.932632812214607920e-01,3.563134171505262793e-01,-6.054019551218133011e-02,2.832040885885563353e-01,4.652471349174184811e-01,6.296176885470115836e-02,-1.553782272250954499e-01,4.487519636558118807e-01,1.000000000000000000e+00,1.375420562604189600e-01,4.807519471595008559e-02,-2.647306174987546501e-01,-5.803347066024043821e-01,-4.058419083130744287e-01,-6.938466493510435651e-01
-2.555258531845960301e-01,-2.139750715332974229e-01,-4.677585580283036282e-01,-3.342220735353149674e-01,3.270076809037546495e-01,-6.572179181394788294e-01,-3.507586353521280897e-01,4.759877274327550256e-01,-1.847940525894073149e-01,-7.519514632521404618e-01,1.008975591938391231e-01,3.022693217297029999e-01,-5.978215498617065471e-01,-4.711866120468057861e-01,3.248452891128414954e-01,-2.350352724680001837e-01,-7.635134039595283806e-01,2.183427969960089199e-01,6.563971708400245797e-01,-3.921470518147158746e-01,-6.043621001700968387e-01,3.603099418339975601e-01,5.938706953690314760e-01,-2.772243725074276521e-01,-6.397122797540751860e-01,3.666389160779038314e-01,2.547311102224733559e-01,-1.850139166701591509e-01,5.774745412912263981e-02,4.239603383579740314e-01,-1.625915848222564408e-01,-2.536245106781079284e-01,1.718414620397985260e-01,-1.141883260003690170e-01,-2.385763430386739492e-01,-5.423868722682033405e-02,5.904333199813432270e-02,-2.500491444295133148e-01,-3.972980395214412708e-01,-2.586658096539355967e-01,-1.264690547594096715e-01,-5.099632716241639940e-01,-1.334010945680306204e-01,1.784227730484024832e-01,-6.146032410884794128e-01,-2.558600743599726696e-02,6.046352363873501723e-01,-6.642672069063794427e-02,-2.819035178306923406e-01,2.777939209448823665e-01,1.624030251803229019e-01,3.284214286676507277e-01,-2.587961872333527924e-01,2.470097640824511220e-01,-5.363281521221674453e-01,-7.461989345263557449e-02,4.250109388010185341e-01,-1.881574151156732710e-01,-1.138138428379872891e-01,4.537145497713336861e-01,2.590476389255901846e-01,-3.202089930186837741e-01,5.278278890942124379e-02,5.914864273503450676e-01,8.411104634468519192e-02,-5.346043204473567290e-01,-2.132344052300976511e-01,7.403048303805093155e-01,1.748913072663695334e-01,-6.233274734539563378e-01,1.987919087853830258e-01,7.155540019445220112e-01,-2.421390898965699312e-01,-4.436670684565834355e-01,5.680702404875630496e-01,4.461006080979975086e-01,-4.558374002592374130e-01,9.808790201666796327e-02,7.127672901082601209e-01,4.409639791597234904e-02,-6.444995955072102545e-01,1.375420562604189600e-01,1.000000000000000000e+00,3.208449037985400265e-01,2.889839378141926818e-01,1.173416459308598836e-01,4.103351163129944634e-01,-5.916003708963098184e-02
-3.197600117248987350e-02,4.350876491138729318e-01,5.980238528376329715e-02,-2.426164278100967076e-01,-3.204104682072579369e-01,-6.533719341043557893e-01,-2.385682165407113781e-02,2.206381877081569354e-01,-4.757515920056048508e-01,-4.537720394531390977e-01,2.497267237648964633e-01,-7.352977487855466565e-02,-6.166645326023968421e-01,-1.800998965986131128e-01,1.332735760331840158e-01,-4.315022228231639723e-01,-2.880507208432118160e-01,7.257251948352275162e-02,7.710753396804011228e-02,-5.940291376692201641e-01,-3.366341739407900380e-01,2.667131702222808043e-01,1.128872841095538981e-01,-4.350388904753531016e-01,-4.831661269375031043e-01,-1.048829087799370147e-01,3.759377458888682466e-02,-1.776522596716969549e-01,-3.822723548191649945e-01,2.887042210574412016e-01,-1.156430545256846854e-01,-4.643130758844139505e-01,-2.759603108189284115e-01,-5.846075942457037988e-02,-1.520992521893450022e-01,-4.867267657968628036e-01,-9.609759383720506420e-02,1.176434253853771983e-01,-4.400911924568444156e-01,-2.419146886415090014e-01,3.187688997419766967e-01,-3.709720488763319501e-01,-4.856935141986912230e-01,-3.825065637388143092e-01,-5.102483438976627150e-01,2.619802404303805954e-01,3.498621218207503270e-01,-2.482343786110294825e-01,1.096174298121486423e-01,5.060061422414888765e-01,1.022645551097633998e-01,3.942313659490209732e-01,2.085609049521401359e-01,3.865001610333691495e-01,-2.456206576247641216e-01,2.430546042716249244e-01,7.050300499067779780e-01,1.393976737272782929e-01,-2.182153425440597483e-01,4.969929106542311237e-01,6.165224443904220308e-01,-2.579867859050074541e-01,-9.773956098880062782e-02,6.126056440562420713e-01,4.321642104135440809e-01,-1.170949896231491816e-01,-1.436118389814657892e-01,4.642215128798582446e-01,4.162214283949646765e-01,-2.348700621512268272e-01,5.204823975872074904e-02,6.158818354932515948e-01,1.480364543979091063e-01,-2.784468818722877215e-01,3.684549894489885791e-01,5.593785189557810567e-01,-8.705809950603375647e-02,7.444237195187990153e-02,5.341977171892684506e-01,-2.797628477268458980e-01,-3.197550042371015699e-01,4.807519471595008559e-02,3.208449037985400265e-01,1.000000000000000000e+00,9.791847180029784881e-02,-4.082146689142724938e-01,2.573050315724911830e-02,-2.864812902988888577e-01
-2.151027622142130113e-01,-3.892200708239133000e-01,-6.347332457132570660e-01,-2.054368240204591523e-01,4.679220752164177655e-01,-1.479885202162766200e-01,-6.564375901369714494e-01,2.396234743201928752e-01,3.725915685101836572e-01,-5.354050310144963243e-01,-3.868393940056850111e-01,4.530204701973763459e-01,-7.665453995163937391e-03,-6.805984641300978355e-01,8.542331481939959004e-02,2.677754136517360162e-01,-4.691242796811394555e-01,-2.260467588949512455e-02,6.504913445988758092e-01,2.131148222961064542e-01,-5.972986497110124304e-01,-8.377649629450456201e-03,6.849408843645998779e-01,2.887136149099535642e-01,-4.206203100081251089e-01,2.049991998976080920e-01,4.912611310874552828e-01,3.720752240530599275e-01,8.789588333987155555e-02,-1.302108112065627175e-02,-1.099875778346446620e-01,1.308601977886294371e-02,-1.827195799980388391e-02,8.042900021098892127e-02,3.023999608698058617e-01,9.591202928295530783e-03,-1.351614174879494368e-01,3.155903001272881286e-02,2.080587680702803699e-01,5.328349607100946184e-02,-9.130143573437049520e-02,-1.834463231040704134e-01,3.156205787229444670e-01,2.327698043393311156e-01,-4.214065083275523454e-02,-1.499206358019591345e-01,2.452168518206234923e-02,7.494488157600938394e-02,-3.469736117741495929e-01,-1.092841850565217099e-01,-1.339844812987418254e-01,-1.952324168959548301e-01,-2.741488718121350976e-01,-5.974311005955097731e-02,-2.082379358962999361e-01,-3.809440268239381311e-01,1.112081729706771854e-01,-7.670855521129159582e-01,5.796394840275767568e-02,7.284159086212307344e-01,-3.259431679889455702e-01,-6.707241435868056545e-01,4.709489856331313118e-01,5.984068532666736440e-01,-5.082131722049650913e-01,-6.811766061103722292e-01,1.298689608550462060e-01,5.100590005979166452e-01,-4.195850657187475408e-01,-4.935241237664508285e-01,4.678935021442300890e-01,2.277780706684010559e-01,-6.748160300257612931e-01,-1.082622977959323274e-01,6.062502084754803899e-01,-1.804653485115615685e-01,-6.292951335162775273e-01,4.162333505435829029e-01,4.680796593048665577e-01,6.084944719432950899e-01,-2.425211489681027566e-01,-2.647306174987546501e-01,2.889839378141926818e-01,9.791847180029784881e-02,1.000000000000000000e+00,4.168102340850313725e-01,6.086035653655985644e-01,2.887399487083433525e-01
-5.331936700590031997e-01,-6.296454835905882508e-01,-6.170027671640043732e-01,4.300098211540191451e-01,7.899359957769478413e-01,1.999716871927993689e-01,-1.946283294873028813e-01,5.550974938958342930e-01,5.739931724538585023e-01,-1.977463425546388265e-01,2.046266422697368137e-02,7.528807990898932490e-01,1.849455769046184639e-01,-1.863944769093384135e-01,5.602320151471372744e-01,4.466909207419048622e-01,-1.134944750387655438e-01,4.429412399596591721e-01,5.004017958162473301e-01,3.096115486962589536e-01,5.121616571799877948e-02,3.744880271019619955e-01,4.305793024020846960e-01,2.041171137079095255e-01,1.905588382965056338e-01,4.802910861740058990e-01,2.491481008267427966e-01,2.375338818878896530e-01,3.969512085790052325e-01,-9.335240522293718202e-02,-2.634095815797132811e-01,2.859428623463237673e-01,4.049713549131977453e-01,1.762602598523649033e-01,2.162798434528248603e-01,4.996149839507644241e-01,1.354726292825979284e-01,-1.345676230740701362e-01,4.242643623108579010e-01,2.325050834375281400e-02,-4.970195554774683444e-01,2.921949474520596848e-02,5.258873657734086660e-01,4.865727730512064420e-01,1.800161110415590959e-01,-7.460287736809197157e-02,5.474649103349640139e-02,3.615366681606488330e-01,-3.400203607874621170e-01,-4.504893538897087879e-01,-3.849669085683208314e-01,-3.269874395417194379e-01,-6.390852271688967079e-01,-4.357566721776491847e-01,-3.345988629043787910e-01,-7.232985489982581839e-01,-1.482632505365130693e-01,-5.843679423337468926e-01,-4.074160039901892905e-01,2.040495428687909285e-02,-3.555249662310975278e-01,-5.385967747949708118e-01,-1.847989025482983938e-01,6.097846646371402057e-02,-2.728065801821763503e-01,-5.269932823669176702e-01,-3.902401139375484829e-01,-1.211106781620472847e-02,-3.400584052186931272e-01,-5.468019107787455146e-01,-1.967186061013327658e-01,-8.634518730074300374e-02,-4.834327245305593546e-01,-4.463929265266561308e-01,-9.402412274341720444e-02,-1.833514189891313206e-01,-5.993289981916066766e-01,-3.318455386791788198e-01,5.692570181636260468e-02,5.490067531429838610e-01,-3.283768705325150750e-01,-5.803347066024043821e-01,1.173416459308598836e-01,-4.082146689142724938e-01,4.168102340850313725e-01,1.000000000000000000e+00,6.182930351938721314e-01,8.058654827820633804e-01
-5.854818643855046467e-01,-5.604766432358498918e-01,-6.974723524218753301e-01,6.040563014275035503e-02,7.591195067325582357e-01,-1.759265528128706735e-01,-4.752088499910651076e-01,6.523291656214145195e-01,4.314320976749161929e-01,-6.087436494418800859e-01,-5.745893636249313485e-02,7.876267302235914203e-01,-1.060226910288362828e-01,-5.372297365046504458e-01,5.540553889156221157e-01,3.362348074112143648e-01,-4.988052951147686209e-01,3.294898427789044737e-01,7.901517686332408807e-01,9.820892054740756882e-02,-3.937208244383814115e-01,4.135723494319569205e-01,7.438934887349225589e-01,1.172102933939323938e-01,-2.389969333102667515e-01,5.658727944843169322e-01,4.310072243337893516e-01,2.071304640877059955e-01,2.845417906339351433e-01,5.886196751294132251e-02,-3.640551637059541434e-01,4.328829455610803956e-02,3.125711667791482018e-01,1.768051043717745741e-01,1.530062301782586232e-01,2.585622594139367902e-01,1.157442571585108326e-01,-8.453607731023066174e-02,1.962275787159233897e-01,3.017682729395937055e-02,-3.973899409176196995e-01,-2.062236579528614888e-01,3.924963506611342523e-01,3.507247488218254161e-01,-9.869222834328292282e-02,-9.545930077580101758e-02,1.934175663844710236e-01,2.083273740389464668e-01,-4.203847243998771743e-01,-2.117558004516906234e-01,-2.188203000123763731e-01,-1.990231646993600167e-01,-5.967777568101498842e-01,-2.494099098322310748e-01,-5.175969919296075084e-01,-6.433215816816824084e-01,1.848277748826592515e-01,-6.942604013387991824e-01,-3.705742202063468937e-01,4.402659645000062683e-01,-1.787536826067400164e-01,-7.465187336298889642e-01,-1.072530478616274228e-02,4.980381636778610788e-01,-2.876033397555981530e-01,-8.072659731567277674e-01,-2.941353700466679544e-01,4.551309654883771705e-01,-3.136846127488364111e-01,-7.866888405609133716e-01,1.054584760445410052e-01,3.034927458442109871e-01,-6.593560662183957088e-01,-5.295935131500697501e-01,3.651953503086373676e-01,-3.612418457072236449e-03,-8.202368296351553179e-01,-4.745739367946714971e-02,5.039202297554959964e-01,5.908702918098470702e-01,-4.867695378083174429e-01,-4.058419083130744287e-01,4.103351163129944634e-01,2.573050315724911830e-02,6.086035653655985644e-01,6.182930351938721314e-01,1.000000000000000000e+00,6.789864494345750900e-01
-5.324991312976669056e-01,-5.304447978571076305e-01,-5.250733291639797518e-01,5.257765156755560554e-01,7.076688132747084303e-01,2.446295346477466714e-01,-9.256697700504915027e-02,5.829074576319273060e-01,5.687396067822356738e-01,-1.270578729768274961e-01,1.063192423543299209e-01,7.703715898733024536e-01,2.209247972719557140e-01,-8.448798158827378058e-02,6.273764183790949689e-01,4.810253430638508632e-01,3.673932337844441204e-02,4.665205874881618309e-01,4.056428367991750106e-01,2.818589205634146611e-01,1.600756067330396937e-01,4.340388746869895398e-01,3.451105052471672430e-01,1.756960528357368878e-01,2.995186345070140477e-01,4.683809088282340216e-01,2.171882901393774601e-01,2.555464443588475465e-01,3.316976540438448251e-01,-1.672996213549204358e-01,-3.421540086487172561e-01,2.627800793907488219e-01,3.567202741263514887e-01,2.734806399391143117e-01,2.589746977884377910e-01,4.462356697455182597e-01,1.739190647673926615e-01,-8.341907921291549094e-03,4.712410528880360827e-01,1.162082645926850594e-01,-4.765702131663641095e-01,1.016722080747149426e-01,5.357030528215648291e-01,3.958070919847495595e-01,2.568968181729570088e-01,-3.646397608907418070e-02,-2.533116120007965211e-02,3.884301452936073096e-01,-3.207226673525997440e-01,-5.003576698394232025e-01,-4.208774680233979826e-01,-3.825642880835417037e-01,-6.270181796088794002e-01,-4.967395056053761082e-01,-3.373791844410028995e-01,-7.711460035930962631e-01,-8.525768188980828444e-02,-5.453340521301357491e-01,-5.360282200552031195e-01,-2.675001212276463883e-02,-2.820110907609267303e-01,-5.767656427525107432e-01,-3.215293515098064936e-01,2.585351884202143416e-02,-1.923572316715848607e-01,-4.657652613408936326e-01,-4.545066569496631348e-01,-1.290480150307122820e-01,-3.135195277535868241e-01,-5.189703447636740963e-01,-3.109327588393621666e-01,-1.450794440320614109e-01,-4.273893195924776123e-01,-4.962623416846627111e-01,-2.142632349125955238e-01,-1.689434800793603308e-01,-5.805666667823395910e-01,-4.295805445104965425e-01,-3.481458435277277972e-03,5.147694449960098506e-01,-2.905787686277941373e-01,-6.938466493510435651e-01,-5.916003708963098184e-02,-2.864812902988888577e-01,2.887399487083433525e-01,8.058654827820633804e-01,6.789864494345750900e-01,1.000000000000000000e+00
