1.000000000000000000e+00,4.425725915393398657e-01,7.040639404064124030e-01,7.804319871816065568e-01,-1.538650739784979404e-01,4.232101781735683743e-01,-1.589534481938970900e-01,4.608922792274103841e-01,1.609666041389971047e-01,1.091639046698063137e-01,6.189153941170900675e-01,1.503550178223430067e-01,-1.785030772607142935e-01,-1.125453335989262844e-02,-1.363172364118930835e-01,-7.481732350826624245e-01,-2.074133781532748189e-01,-5.433011643264877844e-01,-1.087394639008915365e-01,-6.480345489559325989e-01,-1.401489913967357559e-01,-6.699544594266821917e-01,-1.479397076291279478e-01,-1.705445400407100409e-01,4.484112324064024047e-01,-1.111470979224282313e-01,-2.108367852078660010e-01,5.897361310717437188e-01,5.107473178432478944e-01,7.698967797257836310e-01,3.133145957847016660e-01,-1.138463810748710225e-01,5.347071513317531721e-01,6.267863334591018687e-02,6.631438297408185356e-01,2.367572781526270931e-01,4.600352750909378341e-01,6.242591433635631404e-01,1.943003442869984387e-01,3.170433758974616767e-01,-1.764112855673787700e-02,-5.533962305441154639e-01,2.484099846163029257e-02,-5.274771606357375742e-01,-3.449369089050884352e-01,-6.026638202978505943e-01,-1.811633071147445984e-01,-5.540473846243886280e-01,1.408414428551459374e-01,-5.542155552159208076e-01,3.972000164699787672e-01,7.516934434850581770e-01,2.512393758536655142e-01,-7.492431399486009225e-01,-1.412361119113414720e-01,-2.987263351794350874e-01,5.176229416685922402e-01,1.392062739146120720e-01,7.073307159006256839e-01,3.277571295409389962e-01,6.705390178847048244e-01,3.826801575932387567e-01,3.821679014823027298e-01,6.128604643252817397e-01,5.009581999081736958e-01,-3.827169901515050654e-01,1.159094471987895530e-01,-4.931453853547756450e-01,1.397239996385271077e-01,-1.508144183768438951e-01,-7.292243894578228636e-01,-5.142141624536868960e-01,-6.339537687641993990e-01,-6.894447884378556157e-01,-4.348935046719121233e-01,-6.718427494399976663e-01,-4.006489299580102692e-01,-6.601675196354302999e-01,-1.210963363833239964e-01,-4.527692975638857309e-01,-1.437856239751859888e-01,-6.451796939010403520e-01,-1.097611713951266582e-01,3.028928968429870500e-02,5.882356820531561281e-01,2.426465368913492127e-01,7.539193624830855534e-01,2.521602099908365480e-01,7.376616593943852163e-01,2.278259267906136976e-01,6.897009989664572016e-01,4.065555302057067832e-01,7.112039087886105060e-01,3.456223648806746596e-01,-5.122999916729464864e-01,-5.955930832927691654e-01,-6.076742034641984258e-01,-5.122665679168921793e-01,-7.406395882074320314e-01,-4.960350154397053513e-01,-7.721950240449158009e-01,6.459396246497460525e-02,4.795538550660521926e-01,7.696013219053586818e-01,4.586922160720056096e-01,7.485605498328041785e-01,5.363002402398262536e-01,6.313066275576600939e-01,6.113669520523572487e-01,2.615921144518003061e-01,6.370185844246735174e-01,-1.530132442353191596e-02,3.827037855223773544e-02,-2.194810065498455087e-01,-7.652511882212622574e-01,-1.112401895075863928e-01,3.350303805127553547e-01,-5.542441077107550518e-01,-4.547059700912257085e-01,-4.780718788885348070e-01,-3.855065523907319491e-01,-1.012834583780453934e-01,-5.648819282546794218e-01,-1.887781568564723608e-02,-2.399982112606158513e-01,-6.363624138337259373e-01,-4.670870640196023715e-01,-4.972984915170924336e-01,-2.599878035765669851e-02,-5.851960869759569306e-01,4.075618285714995848e-01,7.056014159131951402e-01,1.182401956445996299e-01,4.411893063512558610e-01,-1.208789349555041137e-01,3.914620931454431685e-01,-1.705524755882472931e-01
4.425725915393398657e-01,1.000000000000000000e+00,5.422771220271473958e-01,4.696117767508375396e-01,-8.614356247408638811e-01,-3.418771068374935607e-01,-8.846677505299376243e-01,-1.672677328407532749e-01,-5.748708737157262050e-01,-5.093687105480878552e-01,3.498409336893313487e-02,5.660575822837579096e-01,-2.618564370440870648e-01,-7.167887470620916135e-01,-3.606234015595059517e-01,-6.534203825575208846e-01,4.467362000137390932e-01,1.067221233771808303e-01,6.483935677306239542e-01,-5.709669120524614450e-02,6.728399189845238881e-01,-9.700654250733713180e-02,6.718132488848933548e-01,5.521877414432665443e-01,8.830213407386479085e-01,6.727256311987862558e-01,4.370805186545476673e-01,7.743131656364793391e-01,-1.952259642160567576e-01,5.990413653968846841e-01,-4.357288176167696814e-01,-8.060839159879468196e-01,-1.006019360198148332e-01,-6.981192769506229245e-01,2.070786756351440105e-01,-5.377611508698931786e-01,4.704929226852080926e-01,8.084471593732359129e-02,5.471722555108377017e-01,8.829888446158252746e-01,-2.459433777613095617e-01,-4.742444689406772329e-01,-6.630928657444580265e-01,-1.380567048861523483e-01,4.602387405306653245e-01,-3.008845445627851278e-01,6.286083950441716528e-01,-1.240294456044535865e-01,8.580952600667723917e-01,4.308458391497866496e-02,9.195108362717581141e-01,3.701682000478215273e-01,5.598006813907894230e-01,-3.855512552469956278e-01,-8.644015594093028554e-01,-8.249118371182155851e-01,-1.982896550798288471e-01,-5.030676370313936774e-01,4.652695382969959659e-01,-3.990058995729293123e-01,4.192523043274543615e-01,-3.033005906749863465e-02,6.497002213450534525e-01,1.017172229141513756e-01,6.949292017094386154e-01,3.992917335867536832e-01,1.198617961707787311e-01,-4.803700103744443783e-01,-4.197825628986023849e-01,-9.332744533918600760e-02,-2.870116829448288165e-01,-7.210088256420575936e-01,-1.116841683424885656e-01,-6.586464040264523589e-01,1.803511966066302652e-01,-8.670972685404411129e-01,8.823809772897153736e-02,-7.835693432838651828e-01,4.617690808997794161e-01,3.226425201663361553e-01,4.875411528813247131e-01,-5.271604964869309740e-01,-8.371858574874742054e-01,-6.776344198014351283e-01,-9.047871884095323725e-02,-5.650039858909038371e-01,3.387350494475869778e-01,-5.677062388562125195e-01,2.829187310514519327e-01,-5.885777473647870739e-01,2.201023118438215909e-01,-2.495399750587407040e-01,2.189065865610632378e-01,7.646588399480983567e-01,2.246607745727607908e-01,1.438191323646090952e-02,-3.971340935072129041e-01,2.312753333113161114e-01,-4.921030555545285456e-01,2.561167489753783943e-01,-6.044071044647909563e-01,-7.261029169803716599e-01,4.377537714936385327e-01,4.365244372250529081e-01,9.671399495304292548e-01,3.725631179710870433e-01,-1.188373037779372199e-01,6.397062092317750137e-01,-4.075912334872671544e-02,6.702933305384152496e-02,8.727726095873988843e-01,-2.984328956470994609e-01,-7.335709723933953041e-01,-2.965449198152496635e-01,-4.330615115681234473e-01,-2.711952037226398882e-01,9.111282228721746534e-01,3.718009364993116878e-02,-2.074423238306031259e-01,2.547902651462352064e-01,7.926604966936776075e-02,7.075678150516125919e-01,-1.810135873552294258e-02,7.702978709419909809e-01,4.058591320028418492e-01,-8.697937297245240951e-02,-9.344138764923165530e-01,-6.275714485896584094e-01,-7.936876105792404212e-01,-9.244636100366172560e-01,-3.837941622377760709e-01,2.072770547948420694e-01,-6.954478009672354633e-01,-3.033135894783438591e-01,-8.457799188427643777e-01,-3.461408575373557950e-01,-5.114580561491209876e-01
7.040639404064124030e-01,5.422771220271473958e-01,1.000000000000000000e+00,7.493896946034958040e-01,-3.653406096950009285e-01,2.947289414625436366e-01,-2.397401635747813675e-01,1.985549788030922802e-01,2.936645693837321436e-01,-2.489428487368257892e-01,7.039988445384703919e-01,5.749945167853389716e-01,2.321087279291196570e-01,1.134161348416697773e-01,2.532590828264070226e-01,-7.155599508722596536e-01,-4.325960619129151641e-01,-3.656612600138912095e-01,-2.073242144199858583e-01,-5.508047137975754515e-01,-1.330515657282830555e-01,-6.025124314513882195e-01,-8.412318995233268593e-02,1.192196128733888083e-01,7.382059385175689936e-01,-1.677411950032368648e-01,1.293568659738160431e-01,8.925294834469134075e-01,3.631157187976690737e-01,8.996122462962917732e-01,8.403975046379602576e-02,-3.848230071528174201e-01,3.239378971789601547e-01,-1.848976516783433777e-01,4.876048128468145615e-01,2.108920849091389452e-02,1.455422959277811179e-01,4.661831136810370424e-01,-1.181829432325030155e-01,5.688966888219162410e-01,3.901787933963022370e-01,-2.892232204026882192e-01,1.851215306842391717e-01,-2.246491202924819075e-01,-2.274889984349468264e-01,-3.456944804417740880e-01,-1.214527577732506247e-02,-2.751282422864343435e-01,3.498433986927863004e-01,-3.397583416419210356e-01,6.421226472655575668e-01,8.432626080325257290e-01,6.835475382462630201e-01,-7.223596987631203392e-01,-1.764560417057394193e-01,-6.223764770377887556e-01,3.870466349590537813e-01,-2.123048256461577687e-01,5.596277971290921638e-01,7.046712535300768410e-02,4.747608986361355199e-01,1.014687440472245364e-02,1.129265757928179931e-01,4.127406585529215244e-01,2.864353377023964309e-01,-3.010734091000976664e-01,5.813671965008263554e-01,-1.946384228484114576e-01,4.271197071680343793e-01,2.909478805669128976e-01,-6.780406599158260716e-01,-3.131679105663471296e-01,-4.559242231952528313e-01,-5.662862910000099337e-01,-1.555427012064098669e-01,-8.089575393206521747e-01,-7.180851816037587820e-01,-9.088226719020183753e-01,-3.918866253325321014e-01,-3.983414675300212537e-01,-3.840294964080490647e-01,-9.551165562525107955e-01,-9.020930368815431588e-02,-2.691517055882545750e-01,6.245613323979958276e-01,8.307677679665981252e-02,7.731198751460151009e-01,1.514676341094818579e-01,7.109573129570545547e-01,2.203465373287912532e-01,5.606491743515700232e-01,6.113497945012705825e-01,6.435671563471608847e-01,7.131837738228394841e-01,-4.335635482605411650e-01,-7.421508460429918630e-01,-3.560622291757453151e-01,-5.037188567006412043e-01,-6.444540461490202432e-01,-4.853061038651778070e-01,-8.014535444312474999e-01,6.951991207352761770e-02,8.857815924435133992e-01,8.257284725228464239e-01,5.775303067724574246e-01,6.996395926374093799e-01,3.486308222121792810e-01,4.492725578323107372e-01,5.226952818543375567e-01,-1.660142292135348974e-01,6.218434788129448831e-01,-4.785608650294076449e-01,-7.364244610352183029e-02,-6.656776327778320956e-01,-7.962425646224547959e-01,-5.850188584615475529e-01,3.057924703555552348e-01,-3.404400551595447855e-01,-8.425414153550094820e-01,-3.357782548172799642e-01,-2.427842197367557561e-02,-2.215877081095363535e-02,-3.307479376331796117e-01,1.515906057900814341e-01,1.005932622050546843e-01,-4.907286026240778587e-01,-6.961389319917997698e-01,-8.827875184583824364e-01,-2.248737410358712940e-01,-7.555515441846295532e-01,2.864775192577821428e-01,7.262993496227518886e-01,-6.889570880678996118e-03,5.157635039938708310e-01,-1.099459571329595292e-01,4.976283534627397587e-01,1.555969221596745500e-01
7.804319871816065568e-01,4.696117767508375396e-01,7.493896946034958040e-01,1.000000000000000000e+00,-7.065450782648030614e-02,6.191016014655045252e-01,-1.271587341900732582e-01,6.986027638071332646e-01,1.925743511672077246e-01,2.946799476166462317e-01,7.737710362064080805e-01,1.942127777437120326e-02,-3.633561189075990017e-01,-1.650055552044274454e-02,-2.936906655368972108e-01,-9.512826409398872363e-01,-2.169969957155083451e-01,-7.790270131451398905e-01,-1.474202626767310564e-01,-8.797487522376145064e-01,-2.223249610937781118e-01,-8.971775253615450474e-01,-2.525551426736655225e-01,-3.539376000290058721e-01,4.381281586913501891e-01,-1.609690692131384993e-01,-4.174465368797237730e-01,6.215833256949843122e-01,7.286788883541702733e-01,9.243941645493465309e-01,5.158182038451415430e-01,-8.341391368568991382e-03,7.736848388817894051e-01,2.045434706800152158e-01,9.126087903558244285e-01,4.187555775195376806e-01,6.846548817699156242e-01,8.726565005068676051e-01,3.307099392703101715e-01,2.744524548039123379e-01,-1.483516123112813001e-01,-7.921410147391773071e-01,1.069581433161781100e-02,-7.862655269724967422e-01,-5.151780251368486274e-01,-8.592978883292822223e-01,-3.299796526662474028e-01,-8.134779702444364657e-01,6.184804814812217000e-02,-8.003678933008600005e-01,3.829367928392779508e-01,9.295605421672004098e-01,1.425374983620173452e-01,-9.652106586720405890e-01,-1.257597293413361683e-01,-2.296188988471435655e-01,7.326527794710259167e-01,3.327036480693714160e-01,9.484928155024540120e-01,5.374250625199824549e-01,9.188576909216256139e-01,6.311123212035870678e-01,5.530974302778374208e-01,8.606451379849328065e-01,6.874980171594886613e-01,-5.527285509668522501e-01,-1.524363239276715562e-02,-7.199137031017354138e-01,1.087108066838585185e-01,-3.456133429051808648e-01,-9.503591158701252262e-01,-6.997965778291548311e-01,-8.818159900423570008e-01,-9.048816033208937348e-01,-6.758498169346437434e-01,-7.793045087563955642e-01,-4.163212590122486456e-01,-7.315278736706085638e-01,-8.766909307642259397e-02,-6.291321127043081329e-01,-1.328698754488106260e-01,-7.037502317179609168e-01,-1.045452210031855983e-01,1.803131506321497546e-01,7.622729823550383754e-01,4.045779050700858415e-01,9.585495491590458883e-01,3.993572847397417469e-01,9.561606564244067297e-01,3.340574228839652826e-01,9.326635841331410992e-01,4.722989916308165670e-01,9.397299834050781842e-01,2.766847440443730988e-01,-7.106039653186603244e-01,-7.227030946252687160e-01,-8.579606629360742032e-01,-6.863668651029649626e-01,-9.721755394676435680e-01,-6.658934429353489115e-01,-9.662513446430650577e-01,1.237927677895996059e-01,4.619734755460359055e-01,9.616186780340073570e-01,5.022104091724546304e-01,9.737041339561244291e-01,7.715788120629308855e-01,8.510600456970563998e-01,8.303237830285625787e-01,4.868491827835141339e-01,7.844240959020546411e-01,1.578895516589695902e-01,1.329273902175280575e-01,-1.171861744431119817e-01,-9.590547227836018207e-01,3.507420002999472874e-02,3.972675723197195419e-01,-7.983221352789301450e-01,-4.483096558068331294e-01,-6.836387367627602130e-01,-6.320608229176826187e-01,-2.069089573874142163e-01,-8.162540989684868853e-01,-1.268875656861236934e-01,-4.502438058142462785e-01,-8.818616775179003442e-01,-4.798216784057016127e-01,-4.809769233066758520e-01,7.059706191540715547e-02,-6.546811881671313893e-01,5.853606103613577805e-01,9.203074024292827726e-01,2.374069142235036844e-01,5.731738853791769062e-01,-1.082870395199527491e-01,4.959656837939022123e-01,-3.024323886831331576e-01
-1.538650739784979404e-01,-8.614356247408638811e-01,-3.653406096950009285e-01,-7.065450782648030614e-02,1.000000000000000000e+00,7.099883280426401155e-01,9.431871436016364685e-01,5.993468254699548803e-01,6.709391996358566868e-01,8.255028131070555331e-01,2.863459601430595192e-01,-7.669267501720355984e-01,-3.170733296865949069e-02,7.336762663507253590e-01,1.180968163980050945e-01,2.673856852405218087e-01,-5.072701799557592928e-01,-5.410243752497247982e-01,-7.436507174836439749e-01,-3.782762886996329788e-01,-8.427382294540550767e-01,-3.315310512402896981e-01,-8.783368707322779523e-01,-8.759468065714038909e-01,-8.725105448447507683e-01,-7.912583746340544621e-01,-7.953821390355970689e-01,-6.729664894775364559e-01,6.040109054286425527e-01,-2.799592873873095189e-01,7.994769462929027792e-01,9.793636558900821187e-01,5.421211991000287611e-01,9.497245332363464243e-01,2.564944490143818978e-01,8.622956635548701954e-01,-8.556935315949668053e-02,3.732799917978563142e-01,-3.378720782429258662e-01,-9.365771098504723779e-01,5.887581861355974805e-02,5.702995847218041842e-02,6.729801021910755132e-01,-3.211866196073251412e-01,-7.849696576774091161e-01,-1.593794413895665008e-01,-9.026285843764121353e-01,-3.398386352764875551e-01,-9.893605445211093308e-01,-4.934490593034530637e-01,-9.211844298833885558e-01,-1.176610597100509470e-02,-7.087716901933905911e-01,-3.132306711383456982e-02,9.037064523898828972e-01,9.183527979761989535e-01,6.022800673392008086e-01,8.333272440558842087e-01,-2.001570611345514575e-02,7.781765142109080546e-01,3.353236742683290278e-02,4.601593941224354500e-01,-3.606606548066225160e-01,3.577015699606199695e-01,-3.674223509449095482e-01,-7.235883549426050942e-01,-3.090162379096709766e-01,8.622022928722922197e-02,4.062594312681745423e-01,-2.187290533758428912e-01,-1.400534519163344760e-01,3.971400061087120292e-01,-3.472277286226698734e-01,2.616201516849240294e-01,-6.109347301030010335e-01,6.432243339409621230e-01,-1.724927637363534993e-01,6.137449325522995602e-01,-4.482853927655223170e-01,-6.636652098271200728e-01,-5.090423443663668612e-01,3.683016119350104867e-01,8.639773763024892750e-01,9.361631349127683688e-01,4.376011680140060589e-01,8.651841411614930033e-01,6.174566434200670639e-02,8.441475557151555398e-01,1.390257685016023925e-01,8.029034718782933622e-01,2.345092382440166767e-01,4.157929445371968957e-01,2.162821834700960344e-01,-8.464712062597725684e-01,-6.016298544827367589e-01,-2.946829604211754772e-01,-5.029505452013621064e-02,-5.730061424895939171e-01,5.785222424662471441e-02,-5.916896471762084220e-01,2.289589472656124725e-01,8.519814217321368677e-01,-4.154674780471185880e-01,-5.693920172061125301e-02,-8.739214350628703443e-01,5.800860393923091413e-02,5.521892646210248001e-01,-2.436726178200034065e-01,4.591269791570418701e-01,3.062357462492501514e-01,-5.924966065131920256e-01,5.680565958074629274e-01,9.064530562916051082e-01,4.366167992595004210e-01,4.585129265346025995e-02,4.868385559670250218e-01,-8.077524898615461302e-01,-4.853543233584068917e-01,1.629701192752236183e-01,-6.443788748434443603e-01,-5.091364763840242613e-01,-9.037765052277626499e-01,-4.407701640971645740e-01,-9.668830552512527321e-01,-7.748648444865517959e-01,-3.634198337470173623e-01,8.873081576568614404e-01,6.059989737347486471e-01,9.766276096215132929e-01,7.774262640515737788e-01,7.325705882358540810e-01,1.926512371295337755e-01,9.175910303352470265e-01,5.697177408853004721e-01,8.748370069042084030e-01,5.693672405263755509e-01,3.041430683610389929e-01
4.232101781735683743e-01,-3.418771068374935607e-01,2.947289414625436366e-01,6.191016014655045252e-01,7.099883280426401155e-01,1.000000000000000000e+00,6.719089892608938186e-01,9.125925920283528558e-01,7.312071643495043904e-01,7.869655396321412200e-01,8.083532155937602770e-01,-4.978800025396488138e-01,-1.618852519433126858e-01,6.333501809394540549e-01,5.220157198202809642e-03,-4.383505627084286482e-01,-6.401010032162098851e-01,-9.461323410836933734e-01,-7.500960526756251801e-01,-9.046840083485074846e-01,-8.539083707562349357e-01,-8.856264455596848384e-01,-8.880564574282943102e-01,-8.918370003721546313e-01,-3.311852090187723530e-01,-7.866924447912783114e-01,-8.547577942683827201e-01,-3.237890907508463728e-02,9.714674137059254866e-01,4.561152508946684780e-01,9.595101627554996071e-01,7.271211525785332697e-01,9.321221185919351671e-01,8.590719819185393957e-01,8.046670434148870399e-01,9.487022143667729335e-01,3.191126469538920207e-01,8.771263272599552074e-01,-1.374901053587564703e-01,-5.098818299008204269e-01,6.259157609989308979e-02,-4.328081576407947217e-01,6.137740364578412322e-01,-7.319908094747200611e-01,-9.801460728674830092e-01,-6.625374122550010680e-01,-9.322346282501599024e-01,-7.731091166400281267e-01,-7.166562694291783719e-01,-9.101703471993128902e-01,-4.238398700071027148e-01,6.711810287331057001e-01,-3.617951220201279794e-01,-6.977100523045149938e-01,6.518819494814193094e-01,5.065017780213713072e-01,9.777540220600067222e-01,8.231969045091646064e-01,6.080100106441155283e-01,9.488934333986736025e-01,6.178409972813022621e-01,7.174586571623698950e-01,1.182197127374200185e-02,8.454570163931995896e-01,1.168192839153495977e-01,-9.664001502057009141e-01,-1.309318721373737560e-01,-3.485208151058999948e-01,4.982549340405961202e-01,-2.957490107810853419e-01,-7.710275588341533037e-01,-1.045913726484956896e-01,-8.568049187306493453e-01,-3.844645104829434445e-01,-9.009954551683675428e-01,-5.526389499175540787e-02,-5.294901882305385055e-01,-7.838059110240522265e-02,-5.132241863351933997e-01,-9.777005286624237401e-01,-5.859848202308909348e-01,-2.804252949606850787e-01,6.494736681988938498e-01,8.166423590105730268e-01,9.098063642991355282e-01,9.559633535421381278e-01,7.316380465059025839e-01,9.520198807584260292e-01,7.807017514657127455e-01,8.997024986511898970e-01,8.136317939281226819e-01,7.379803345886324362e-01,8.213925765359105791e-01,-3.999268813192823346e-01,-9.766827563683148083e-01,-7.971317538895041910e-01,-5.722530474715943338e-01,-9.557615420371134984e-01,-6.084034856246464118e-01,-9.570145972812049706e-01,-4.985429570633265750e-01,7.961409928145600778e-01,9.865135477712352885e-02,6.460529501516569795e-01,-3.368963441177423301e-01,7.200129240237582717e-01,9.459611840360898638e-01,3.439089008888971399e-01,9.400056809186286833e-01,4.718453018345341032e-01,5.660493794832868047e-02,4.477280398806484651e-01,8.143894807811277170e-01,1.477033301497740481e-01,-6.476518953360510533e-01,2.904395467069833536e-01,-3.996273159916211570e-01,-9.019477695065395428e-01,-2.925292066183894923e-01,-9.765483356566255768e-01,-7.627650923313915587e-01,-8.756887401039750163e-01,-8.729477203209632385e-01,-8.390573130497387400e-01,-8.579307009746909296e-01,-8.787226978240504360e-01,3.319844908511380144e-01,5.005363781567857828e-02,8.048601715769270193e-01,1.358573304263557546e-01,9.845254740779642022e-01,8.106426983045686985e-01,8.919211739426582408e-01,8.979197685425409636e-01,6.526370242547006040e-01,8.525586864219265593e-01,1.344051271257559466e-01
-1.589534481938970900e-01,-8.846677505299376243e-01,-2.397401635747813675e-01,-1.271587341900732582e-01,9.431871436016364685e-01,6.719089892608938186e-01,1.000000000000000000e+00,4.616071633821488551e-01,8.153609258574652241e-01,6.600213843758750976e-01,3.423561234650503438e-01,-5.667995863177097693e-01,2.455111993727628339e-01,8.844544868659133252e-01,3.933373114396204184e-01,3.472816067495521075e-01,-6.957173234468068124e-01,-4.492294658147374387e-01,-8.738571001027847229e-01,-3.196160170848317827e-01,-9.110149405342805595e-01,-2.864703252658517552e-01,-9.112083750860239251e-01,-7.578058554454067952e-01,-7.829551225240405365e-01,-8.984498117430655961e-01,-6.351759175977260696e-01,-5.618637131359376369e-01,5.400983682675990494e-01,-2.538560436120695929e-01,7.078006039637442237e-01,8.957898330306938162e-01,4.301801806700839004e-01,8.716390829277372854e-01,1.348168172376896790e-01,7.905366103750001150e-01,-3.241107939881040512e-01,2.735457121904683597e-01,-5.823117951193123032e-01,-8.718771601820880512e-01,3.317423175339382357e-01,2.649456116050373233e-01,8.436507709706734248e-01,-1.268724027693411138e-01,-7.659423517100202305e-01,2.301064606968740781e-02,-8.676341516370581486e-01,-1.618885981222743520e-01,-9.500482951726549885e-01,-3.730345499428965317e-01,-8.634794370334188951e-01,1.411009224298534134e-02,-4.976828351320529142e-01,1.632667906501942406e-02,9.722841485094194658e-01,8.030862488309441494e-01,5.496812709485240367e-01,6.723907247031168932e-01,-1.517381839483989414e-01,6.663447198161713825e-01,-1.222298553334813659e-01,2.388701701169172187e-01,-5.893431481745228240e-01,2.322159729769552039e-01,-5.660579046084450727e-01,-7.195415882603981572e-01,-3.434814850306987938e-02,3.141127586997110588e-01,6.294518788037921642e-01,6.168177972700735617e-02,-8.908548345559004489e-02,5.896504002222209273e-01,-2.339590664619114746e-01,3.981759321099577753e-01,-4.634861233013267690e-01,6.418706376217084841e-01,-3.822663790470485767e-01,5.355871765137139029e-01,-6.654394011029297618e-01,-6.694330992336248176e-01,-7.091589741106307798e-01,2.252705519239026066e-01,9.630357967934399799e-01,8.240251627834580539e-01,4.755336328065660201e-01,8.291127037160022084e-01,4.698911101103731697e-02,8.442008153286095773e-01,1.019776766501869214e-01,8.633131987698419163e-01,1.403483281596217269e-01,5.734017459224418634e-01,1.602502386747610974e-01,-6.960239176757477830e-01,-5.829822868039800099e-01,-3.946642614892766354e-01,1.386599249839768622e-01,-5.976571727004880152e-01,1.595550083548285814e-01,-6.183846563832579024e-01,2.662047540375957477e-01,9.328397959235199544e-01,-2.073427538599688924e-01,-5.938741407321582871e-02,-8.970603050047230020e-01,-2.050347664858865986e-03,4.559854614527106831e-01,-4.152409007294798338e-01,4.165941232411258799e-01,3.938471503480058672e-02,-6.851011684345369446e-01,3.149493913847128401e-01,9.155367879108216034e-01,1.913066918912668390e-01,6.187129204860004200e-02,2.242403008899394867e-01,-9.186581021987079154e-01,-3.649582402313534812e-01,-5.601979146797437387e-02,-5.928910726511408269e-01,-3.008364196744185426e-01,-9.341949101670896649e-01,-3.016342284088978642e-01,-9.402051004941160972e-01,-6.104287379373448674e-01,-2.719335378420942861e-01,8.391825562344192857e-01,4.277638785123054621e-01,9.413586534240679926e-01,7.652591207067731549e-01,7.060204354258956538e-01,1.860374186263993035e-01,9.151531550769602674e-01,6.517855707497968165e-01,9.677921184889561879e-01,6.744524639494358098e-01,5.542479747977513416e-01
4.608922792274103841e-01,-1.672677328407532749e-01,1.985549788030922802e-01,6.986027638071332646e-01,5.993468254699548803e-01,9.125925920283528558e-01,4.616071633821488551e-01,1.000000000000000000e+00,4.359071264091020081e-01,8.637855696673897299e-01,6.804792721055441529e-01,-6.316857270395288548e-01,-5.099798411109638385e-01,3.196358157539223588e-01,-3.631082356074425421e-01,-5.775454587136837903e-01,-3.154041993484859030e-01,-9.688337344056792144e-01,-4.613939144977388662e-01,-9.103425362751048633e-01,-6.263338095937085459e-01,-8.813856843623041337e-01,-6.982171554128505653e-01,-8.948343559799228908e-01,-3.047119735623514680e-01,-5.180304772251422829e-01,-9.247181650055932289e-01,-6.811511438249309713e-02,9.477070998224137455e-01,4.617529889674863441e-01,9.406111318736590787e-01,6.718253102769689011e-01,9.786953676996874574e-01,7.988542621726726356e-01,9.093857010907436811e-01,8.976479285018559295e-01,6.330225014537956829e-01,9.367399776834323122e-01,2.284849306478728970e-01,-4.436353654204001074e-01,-2.946928801742493276e-01,-7.009943559115420220e-01,2.870805436309530334e-01,-9.207726107883760225e-01,-8.713313610283249799e-01,-8.614055676375055315e-01,-8.252768974568788218e-01,-9.371254365069671133e-01,-6.046492611957413610e-01,-9.757411403872880973e-01,-3.478044759884138526e-01,6.328902393228189593e-01,-5.141364033779370901e-01,-7.460486060503546124e-01,4.155442126052438234e-01,5.037669390399447389e-01,9.401169171546926995e-01,8.883293861551555537e-01,7.715006370830517213e-01,9.582386001651803653e-01,8.035260591342257008e-01,9.184918658460083929e-01,3.585627753508274229e-01,9.401460514347959041e-01,4.249826306261306197e-01,-8.483511740303011361e-01,-4.302329624800618757e-01,-6.475564851428394775e-01,1.472191704290417569e-01,-6.136194746545531320e-01,-8.061834820406978963e-01,-4.099309855741278263e-01,-9.367891357433287824e-01,-5.943245931827845219e-01,-9.830530338213364638e-01,-1.536778049061996720e-01,-2.306510072931886868e-01,-7.450232947002645434e-02,-1.617650693732249900e-01,-8.559748358608407770e-01,-2.464580557387853477e-01,-1.534130321837831323e-01,3.817770326727437102e-01,8.033609877310535774e-01,7.826767576709671159e-01,8.560082605902499253e-01,7.330844785634010874e-01,8.097534644380762758e-01,7.976465270339972990e-01,6.886478527406764139e-01,8.882918335963043699e-01,4.657259551610457016e-01,8.503257668773109845e-01,-4.549675355461146320e-01,-8.969485283442580892e-01,-6.152223080231202790e-01,-7.979387661092977035e-01,-8.247617452050080011e-01,-7.400493457530421537e-01,-8.209470861641043893e-01,-5.763956259961633410e-01,5.520506211354860859e-01,-1.013593550464390175e-01,6.514398097398155230e-01,-1.675402583812946045e-01,7.794778748557747994e-01,9.719473376447755886e-01,5.961194160157751165e-01,9.122961797752162649e-01,7.572339757335786459e-01,2.657534488426997465e-01,6.755201543967863653e-01,6.525895882190254627e-01,3.912683068892085503e-01,-6.677099388544375236e-01,5.469390123637603018e-01,-1.284469702018176396e-01,-9.698346046662584818e-01,-3.263267079075702487e-02,-9.393850625674639021e-01,-9.438493909678205007e-01,-6.904368687051215536e-01,-9.665295275841884193e-01,-7.094613300607269801e-01,-9.341522788086151774e-01,-9.291997899515348491e-01,2.503821687237883231e-01,1.813193901185934931e-01,6.859134901217730507e-01,2.847899330556380101e-02,8.926208490022304876e-01,7.795558739375918478e-01,7.429450060970933523e-01,6.959655725814977156e-01,3.912632095168495083e-01,6.202973517234741108e-01,-2.324676531719082340e-01
1.609666041389971047e-01,-5.748708737157262050e-01,2.936645693837321436e-01,1.925743511672077246e-01,6.709391996358566868e-01,7.312071643495043904e-01,8.153609258574652241e-01,4.359071264091020081e-01,1.000000000000000000e+00,3.964587869809872989e-01,6.781397588077012761e-01,-1.277729916080119765e-01,5.000525876295386363e-01,9.608070940646163960e-01,6.510088408271936800e-01,3.041782889237599000e-02,-9.606579317032523102e-01,-5.290850160393175683e-01,-9.807466906282136243e-01,-5.176205832046826272e-01,-9.420794399089034155e-01,-5.209174256534062630e-01,-8.989098423527379644e-01,-5.684019872478230928e-01,-3.161206969998409111e-01,-9.720141731419271736e-01,-4.242725790605586522e-01,-2.614302445274566122e-02,6.291146532296459926e-01,2.077895781400623809e-01,6.338400153137372373e-01,5.905605430783965604e-01,4.807345896092818371e-01,6.669086186133318384e-01,2.808890749581747781e-01,6.883644621510590644e-01,-3.751085516330872061e-01,4.087642000010665022e-01,-7.420702578622764278e-01,-4.904430006710258083e-01,6.574756304141835539e-01,2.342080198127581558e-01,9.663933058026674683e-01,-1.029868843232876197e-01,-7.991177419285627748e-01,-2.966269294189880293e-02,-7.824024261536322022e-01,-1.692352643758648634e-01,-6.835745002653407232e-01,-4.296223117876695197e-01,-4.559783149301881444e-01,4.267121283675456289e-01,-3.921175027685819617e-03,-2.965539849312584519e-01,8.542977302633750769e-01,3.730946400058101631e-01,6.553450068086121849e-01,4.186461274478341932e-01,4.341635330280933097e-02,5.776239681966539585e-01,1.609231908817410767e-02,8.804908982972455000e-02,-6.300794193173748781e-01,3.327311374693880941e-01,-5.082321302511463301e-01,-8.024786613190741935e-01,4.136836639457023290e-01,3.370527584646059727e-01,9.180948570315716761e-01,3.676434015224959162e-01,-3.717345963542787457e-01,5.128550238351390345e-01,-3.607722778938973196e-01,1.821254606916533070e-01,-4.083662010111988594e-01,2.078430129411223126e-01,-8.199221619068371991e-01,1.522484725375405391e-02,-9.314277882313690693e-01,-8.077079472204250488e-01,-9.568858490559652985e-01,-3.327046862131899929e-01,9.043569099218154994e-01,5.619169510808058599e-01,7.564148327423477758e-01,7.795895489256768895e-01,3.993560861382962068e-01,8.484527918935711455e-01,4.068660848935422569e-01,9.348687335082976890e-01,3.355212963584162100e-01,9.136800715669483042e-01,4.168192491552705214e-01,-2.095329672766298446e-01,-7.285385279074163556e-01,-7.773772956408507850e-01,7.614528549192332851e-02,-8.029027861842361613e-01,-9.510958548709144700e-02,-8.143209637233331799e-01,-1.107921674598065231e-01,9.404461799795372778e-01,3.561901428855895890e-01,3.338739235071978007e-01,-5.656577364811653519e-01,2.918400996237197620e-01,5.240003695527701844e-01,-2.752356969691029942e-01,6.039116505315613725e-01,-2.072583690210262897e-01,-3.933681259239905637e-01,-9.511860123520296528e-02,8.082775990269408517e-01,-2.837583169269862760e-01,-3.112172300853799922e-01,-2.315833057461606226e-01,-7.692373523474462793e-01,-4.215844833682874104e-01,-5.865628398158797552e-01,-6.739667587549773575e-01,-1.600127787142024138e-01,-8.791053317132613287e-01,-3.493169313445425583e-01,-7.778873216930879408e-01,-4.139275863509044306e-01,-4.248069232559864017e-01,4.133864148471986244e-01,-1.353653934609359843e-01,7.408080414882165510e-01,3.397490866444864976e-01,7.680188025066965185e-01,5.112348683521231729e-01,8.377047126406990118e-01,8.900324226231683955e-01,8.947902175989960183e-01,9.198976287948311681e-01,7.362689956398863478e-01
1.091639046698063137e-01,-5.093687105480878552e-01,-2.489428487368257892e-01,2.946799476166462317e-01,8.255028131070555331e-01,7.869655396321412200e-01,6.600213843758750976e-01,8.637855696673897299e-01,3.964587869809872989e-01,1.000000000000000000e+00,3.374904352946068165e-01,-8.924507921540520972e-01,-5.150882858007008736e-01,3.709048451436574023e-01,-3.675787137984131703e-01,-1.598597854730400281e-01,-2.034570771904932185e-01,-7.737650515438033727e-01,-4.538326274799875937e-01,-6.247928860654178296e-01,-6.378588720564235537e-01,-5.730751994607404809e-01,-7.229267973024772198e-01,-9.582905775320643693e-01,-6.983738657159120899e-01,-5.259546781783148717e-01,-9.701298642655423743e-01,-5.190157765638705456e-01,7.701558947364205432e-01,-5.303715734704868637e-03,9.059525515378962224e-01,8.930632170143099069e-01,7.982747383401506136e-01,9.187387843425421918e-01,6.224534641081472808e-01,9.053199144821971744e-01,4.493030963023959545e-01,6.762097458361612246e-01,1.613619459509421650e-01,-7.627136935043595800e-01,-3.717375179077548331e-01,-4.595112280539923599e-01,3.050998108463442993e-01,-7.407704321916813717e-01,-7.935681152652600545e-01,-6.153577617871356376e-01,-8.580803519921573752e-01,-7.401075450802285793e-01,-8.265764962740705935e-01,-7.796720958841802940e-01,-7.075596620352714305e-01,2.108575703591586414e-01,-8.172306204350817671e-01,-3.566577748963606354e-01,5.902247282792967287e-01,8.280324798214047100e-01,7.546981744300175210e-01,9.780142707680368197e-01,4.269290776259865861e-01,9.214493367235638832e-01,4.945822630509150719e-01,8.459059922296719991e-01,1.805280607542531779e-01,6.952041863497059326e-01,1.700081448731393385e-01,-7.342961588244858451e-01,-6.296848520330248222e-01,-4.442295329042362240e-01,4.698134289814091119e-02,-6.562858208233948165e-01,-4.438515326390319315e-01,-1.418482503070881695e-01,-6.752629216864927120e-01,-2.292501317186842191e-01,-8.764118324766710932e-01,2.996069026461387064e-01,3.761224287950361983e-02,3.954787556110995750e-01,-8.087745354022934929e-02,-6.939702180485369798e-01,-1.659763410375410253e-01,2.979065976817772410e-01,5.228305328847411282e-01,9.499826266753902404e-01,5.050379231898645127e-01,8.503474319534853887e-01,3.335458843826465403e-01,7.824680097759620923e-01,4.248058505425000297e-01,6.492755590344621019e-01,5.742930483931915076e-01,2.440560895490826443e-01,5.088328618994166774e-01,-8.069928596692872436e-01,-7.020555756452112606e-01,-2.951837531520313251e-01,-5.370322273417603709e-01,-6.114387786635614441e-01,-3.618290261848931544e-01,-6.183512555309216285e-01,-1.349780776785037828e-01,6.014360532542306625e-01,-4.912534192472198802e-01,2.228810242582813794e-01,-5.265121083221512288e-01,3.973144552603415369e-01,7.853156512868249006e-01,2.769058369691073662e-01,6.529695251006980561e-01,7.460606167495551500e-01,-1.292044387126091431e-01,8.437736189900826300e-01,7.445375165800108830e-01,6.574206392214719807e-01,-2.491156484475286204e-01,7.652654661919842116e-01,-3.848495923367032390e-01,-7.712803183867454893e-01,3.139430249088062119e-01,-7.791909517628478055e-01,-8.688388457041922308e-01,-7.420214313485699043e-01,-7.657589655867044209e-01,-8.365129409472662481e-01,-9.641540931844375661e-01,-6.597419906194990080e-01,6.411073565186315992e-01,5.968598866478982412e-01,8.440631178090278741e-01,4.571313764036442073e-01,7.806009515694941614e-01,4.156586130806420587e-01,8.017677433192613723e-01,4.977492884828891295e-01,5.397966039875571331e-01,4.422517840515726717e-01,-1.885362551756057381e-01
6.189153941170900675e-01,3.498409336893313487e-02,7.039988445384703919e-01,7.737710362064080805e-01,2.863459601430595192e-01,8.083532155937602770e-01,3.423561234650503438e-01,6.804792721055441529e-01,6.781397588077012761e-01,3.374904352946068165e-01,1.000000000000000000e+00,-1.358565736160952803e-02,7.198645728314015391e-02,5.262116876796457676e-01,2.070868494280014294e-01,-6.378863016002159769e-01,-7.057907985119539207e-01,-7.991683836661495066e-01,-6.494981811038924580e-01,-8.753548760898157699e-01,-6.640354403211159440e-01,-8.929019597227342286e-01,-6.528322421838888001e-01,-5.113112502567616069e-01,1.744474841570603230e-01,-6.473474041248892252e-01,-4.696438028048344204e-01,4.607040653526916496e-01,8.247227808502436419e-01,7.714594695725253137e-01,6.673339985966535437e-01,2.742759817140132395e-01,7.648109586825163619e-01,4.665866095330157282e-01,7.590190546269434124e-01,6.310901521278463600e-01,2.263402975838456899e-01,8.033065825371916713e-01,-2.170110178091499975e-01,-3.852316637300209207e-02,3.115230107192910602e-01,-3.837841614686945402e-01,5.550868893805388504e-01,-5.563197834061931468e-01,-7.732020084467466914e-01,-5.735185253157889518e-01,-6.278693660246396080e-01,-6.139107689732288264e-01,-2.973280458415081817e-01,-7.556060048144016550e-01,5.310628928713751612e-02,8.879378511129978335e-01,1.595997104608173900e-01,-8.242526767134819021e-01,3.711650500900771643e-01,-3.377508697302120978e-03,8.436842760434902777e-01,4.061708030874312536e-01,6.586679035440372587e-01,6.475910153138852987e-01,6.166803098287445550e-01,4.305270306147991333e-01,2.394019301372501008e-03,7.498801015878413523e-01,1.698640356396506623e-01,-8.067198994009330271e-01,2.813092003682118314e-01,-2.734540429052278454e-01,6.161153810221713378e-01,2.552753822551498755e-02,-8.543475837943985685e-01,-1.773189246860696622e-01,-7.800404099432037830e-01,-5.104548425299905157e-01,-6.483117438394306875e-01,-4.468216905502834235e-01,-7.799131984530291994e-01,-5.347225949325941086e-01,-6.059555770971161159e-01,-8.656920760555331107e-01,-6.462516184645912265e-01,-7.133706044378800293e-01,4.213680413775913736e-01,3.861818584526372500e-01,9.431341777924022729e-01,6.795005316010769292e-01,8.828030637776339562e-01,7.222097581257700405e-01,8.790021573630848462e-01,7.386692143478802430e-01,8.091680130403009485e-01,8.526209639275927898e-01,8.663465344044002370e-01,1.321885615085772736e-01,-8.756963327631011040e-01,-9.446289569955107490e-01,-5.153290267301801064e-01,-9.100004902948358732e-01,-7.106536044044554634e-01,-9.013427135550367009e-01,-7.329375395023389750e-01,5.971548665288790581e-01,5.721833106518162682e-01,8.549429452675736396e-01,5.801909292415896591e-02,8.263448221121804105e-01,7.904012813222863754e-01,4.132441347832593315e-01,8.895970257312472151e-01,1.616610475703236516e-01,3.279573423296294199e-01,-9.901936917614477529e-03,5.130663504501569161e-01,-3.016354174274167299e-01,-8.391695014659528162e-01,-1.701402054622580262e-01,-1.449041018223957422e-01,-7.514594693681359017e-01,-6.904265530735327339e-01,-8.170406092190007907e-01,-4.707565463401531258e-01,-6.092865106255559438e-01,-7.179393381070617863e-01,-4.842806661518431199e-01,-4.847933081608050143e-01,-8.184089668594672906e-01,-1.411000900465396168e-01,-4.641828825947884041e-01,4.235065624799359552e-01,-2.940312866242700274e-01,8.027785826300486427e-01,9.151210519734493953e-01,5.971206135477257204e-01,8.928073541635378474e-01,4.101798765354924270e-01,8.615742222006272932e-01,2.415983026971091907e-01
1.503550178223430067e-01,5.660575822837579096e-01,5.749945167853389716e-01,1.942127777437120326e-02,-7.669267501720355984e-01,-4.978800025396488138e-01,-5.667995863177097693e-01,-6.316857270395288548e-01,-1.277729916080119765e-01,-8.924507921540520972e-01,-1.358565736160952803e-02,1.000000000000000000e+00,5.883270381304700480e-01,-1.735365241980430795e-01,4.814159056626743927e-01,-1.086565855654763879e-01,-8.486639876616910994e-02,4.819239808866460639e-01,2.083648081732321355e-01,2.921818874434628510e-01,4.006175673506857104e-01,2.289210075993221016e-01,4.964141058626336811e-01,8.105523365608064967e-01,8.290381906552005686e-01,2.873513820518700523e-01,8.409865153921030068e-01,7.604970800531988262e-01,-4.712973534520854546e-01,3.423526972630596132e-01,-6.863403372074234898e-01,-8.439578799680667043e-01,-5.268851105226106668e-01,-7.880743413043876933e-01,-3.391279657647053303e-01,-7.014451145182326597e-01,-3.833954077698522034e-01,-3.785339634457621782e-01,-2.668733468546140020e-01,8.068294385270586844e-01,5.356238658238283712e-01,3.253358860664452568e-01,-8.940365773788595816e-02,5.544039074307557380e-01,5.200384515571775390e-01,4.114156682743432270e-01,6.521554965130199610e-01,5.287251722089236772e-01,7.628193595286869577e-01,5.108847385398141983e-01,7.874242474476658149e-01,1.599849864197939453e-01,9.493122807305877098e-01,2.379075176529769561e-02,-4.768401152434594281e-01,-8.943612829622775706e-01,-4.462444686986522524e-01,-8.774767385526890395e-01,-1.715831451756491544e-01,-7.113854485109091241e-01,-2.630432285443928819e-01,-7.230906009240187782e-01,-1.909565967361363525e-01,-4.234645337273770793e-01,-1.068973971269404633e-01,4.408789448238049080e-01,8.007523440225163824e-01,3.578723042052512349e-01,2.144927117402264105e-01,7.151175401521377983e-01,1.074318965277243076e-01,7.343876783737035563e-02,3.875836563390103184e-01,2.292376792893133230e-02,6.615369950132281573e-01,-5.185958629063956993e-01,-3.781773146838308675e-01,-6.596859403077242057e-01,-1.738876504883677121e-01,3.718931311626302860e-01,-9.989657954138710105e-02,-6.310612437312235201e-01,-3.824689559071537404e-01,-8.563200836974869112e-01,-1.344070552447576006e-01,-6.215374152997821255e-01,2.523325005400382792e-02,-5.304193345924218539e-01,-7.565396523353304370e-02,-3.802142653053285914e-01,-2.654879266535847271e-01,1.067179349030257657e-01,-1.691899939628083438e-01,9.260734773787936414e-01,3.750048024273703873e-01,-9.132728313724809699e-02,3.519941886324527425e-01,2.646315662586110617e-01,7.935548765422228978e-02,2.747546822856780646e-01,-1.749908882879685212e-01,-3.902349040965297222e-01,7.775183763540779447e-01,1.324608427929670762e-01,5.947944670611289286e-01,-6.846393340621123591e-02,-5.018765827917415212e-01,-1.160449422631770755e-01,-3.164099761295366964e-01,-7.310273463774631386e-01,2.837673857649546938e-01,-9.099354259292786740e-01,-5.724338744338514084e-01,-8.456049277466526348e-01,-9.667752999147587178e-02,-8.989513977158715141e-01,3.526584292002321042e-01,5.053401777041087728e-01,-6.398710096709391282e-01,4.839009999698472009e-01,7.298090246997935848e-01,5.373626873124401904e-01,5.111662403161246759e-01,6.926756246347117729e-01,8.277395093719600583e-01,3.544733923879770932e-01,-7.535972237085133418e-01,-8.447370273799092999e-01,-7.265867305765744133e-01,-6.220461554960202699e-01,-4.922731771518043531e-01,-4.897628376266789652e-02,-6.032461857831664664e-01,-1.506792125568608698e-01,-4.031981988530554117e-01,-1.051872316023308856e-01,3.036030123469278252e-01
-1.785030772607142935e-01,-2.618564370440870648e-01,2.321087279291196570e-01,-3.633561189075990017e-01,-3.170733296865949069e-02,-1.618852519433126858e-01,2.455111993727628339e-01,-5.099798411109638385e-01,5.000525876295386363e-01,-5.150882858007008736e-01,7.198645728314015391e-02,5.883270381304700480e-01,1.000000000000000000e+00,5.688345520083932794e-01,9.614534823177498524e-01,4.458705334410825727e-01,-6.274521368997884041e-01,3.771565505697419551e-01,-4.710769291486250343e-01,3.049743407576812615e-01,-2.680900484909681247e-01,2.674752665579631095e-01,-1.516987559851582235e-01,3.604830294531731760e-01,1.335175502547046589e-01,-4.017995696255967086e-01,5.176256656926545574e-01,1.936831829702511387e-01,-2.739113457927424555e-01,-9.713119654369789524e-02,-3.102103990375390530e-01,-1.761483288511748735e-01,-4.427164932316979828e-01,-1.945757834950375964e-01,-5.251866911933494864e-01,-2.310129916330695143e-01,-9.052625799688989172e-01,-4.401002879033927284e-01,-8.939891350341914178e-01,7.996079031799423198e-02,9.298179247030444738e-01,8.184497810644991711e-01,6.200003076286311199e-01,7.376393301665270519e-01,7.395597456028059347e-02,7.271182769681825420e-01,8.190600417524578070e-02,6.863080395681795398e-01,2.385837895216712592e-02,4.820891308584677182e-01,3.354588349550959719e-02,-7.421082125199411628e-02,5.980426694206427696e-01,3.164083384143136501e-01,3.347495709360787108e-01,-2.503427112410022692e-01,-2.387190376613568532e-01,-5.030192252671608077e-01,-5.931456412011739676e-01,-3.796048372508521451e-01,-6.620796650574877207e-01,-7.864996377524875459e-01,-8.768079325753401765e-01,-5.222481850579191454e-01,-8.012447849526023180e-01,3.495985062438868723e-02,8.731438937795612532e-01,8.772371027843478553e-01,7.476939065276131391e-01,9.536303383442032988e-01,3.156004183431186383e-01,7.878436164375894890e-01,4.851888980005704677e-01,6.255881433216775589e-01,5.372421837689370649e-01,1.903745533235597087e-01,-6.326067824195331646e-01,-7.172099162259358562e-02,-7.400222126331357231e-01,2.318595754990231475e-02,-6.812210646258043401e-01,-3.134605123990873987e-01,4.262379567689539850e-01,-3.056796377035754242e-01,3.895591424324057472e-02,-1.023480377311582062e-01,-2.052576697283843565e-01,1.437441842800154905e-02,-2.705666563878210140e-01,2.169036789371998897e-01,-4.414158487042816881e-01,4.753155998712593200e-01,-3.216384558449096320e-01,3.635749492644829717e-01,1.244694750029496644e-01,-2.344179403773772041e-01,7.569570125188369580e-01,-1.890722999432722928e-02,5.034004682771123784e-01,-3.155112802118609228e-02,3.071557810932872279e-01,3.256761341469049387e-01,5.625713875297029265e-01,-1.766340876438091678e-01,-2.444291170646857858e-01,-3.563445413784191995e-01,-3.926314893174001064e-01,-7.279522544912744308e-01,-2.348341189609219615e-01,-9.239721380905711046e-01,-4.920771963918785796e-01,-7.981952563979730630e-01,9.955055993947974080e-02,-7.482998447783075768e-01,2.227496038645224996e-01,-8.289428592224266090e-01,-5.063472704766741606e-01,4.808377232821601788e-01,-6.368155679884847098e-01,2.300388926536872103e-01,7.426306279410257449e-01,-1.340106282790085868e-01,5.480270386154033613e-01,6.035462232932508470e-03,5.323250016021658926e-01,4.159521567711266243e-01,1.120577558246387169e-02,-4.427464726806738526e-01,-2.853521267135034414e-02,1.453293076207847478e-01,-1.140213360878616633e-01,-1.581030156257338393e-01,4.061548413952971448e-02,2.241903857784367793e-01,4.067405056656059892e-01,3.177023393775936233e-01,8.988530586951900547e-01
-1.125453335989262844e-02,-7.167887470620916135e-01,1.134161348416697773e-01,-1.650055552044274454e-02,7.336762663507253590e-01,6.333501809394540549e-01,8.844544868659133252e-01,3.196358157539223588e-01,9.608070940646163960e-01,3.709048451436574023e-01,5.262116876796457676e-01,-1.735365241980430795e-01,5.688345520083932794e-01,1.000000000000000000e+00,7.066790220727675598e-01,2.414464396779522348e-01,-9.290049500807564531e-01,-3.907404763043369478e-01,-9.766463039528462398e-01,-3.486518622721324623e-01,-9.294815030408027923e-01,-3.451539986934573090e-01,-8.818241779265265645e-01,-5.377789519222609949e-01,-4.542130260670905195e-01,-9.676225917776901664e-01,-3.789422287107110376e-01,-1.958075894655568472e-01,5.031673862317805890e-01,-4.445031391517488897e-03,5.641643434759666675e-01,6.408472173652646209e-01,3.445866331844359975e-01,6.694892683051191229e-01,1.022034269021139391e-01,6.406718843590085699e-01,-5.142804100962188318e-01,2.430223118208748589e-01,-8.166554167611970172e-01,-5.955760206985463157e-01,6.790237153136877701e-01,3.971913285662476145e-01,9.867210874736342952e-01,4.165358901802856256e-02,-7.248894945637677223e-01,1.387719988162981755e-01,-7.539715266557923679e-01,-1.895195932890258658e-02,-7.436439283094579134e-01,-2.858856714693479018e-01,-5.826055891577945900e-01,2.251172639710733170e-01,-7.711844342689710974e-02,-9.323585638043450918e-02,9.178297501472011399e-01,4.700443227818869030e-01,5.281341697541481750e-01,3.928946771960408202e-01,-1.543861191241127084e-01,5.030024686095049269e-01,-1.720109772474291421e-01,-1.577096120794595907e-02,-7.535742869856075776e-01,1.694593526458338384e-01,-6.620284958246317464e-01,-7.172391123543471192e-01,3.893903055671258939e-01,4.847938035691253811e-01,9.017508496483218616e-01,4.176326596801991364e-01,-1.761698455486676584e-01,6.715886917110174270e-01,-1.929952608635330524e-01,3.817062772959134431e-01,-2.991093847489303958e-01,4.041280988964640053e-01,-7.276915178829636011e-01,2.041335371901626394e-01,-9.215780059510699784e-01,-7.021505189637937683e-01,-9.410107875479838402e-01,-1.575606181862941046e-01,9.605333928277872690e-01,5.710436593992420651e-01,6.103017964487499336e-01,7.332475951973472794e-01,1.971260582409842532e-01,8.005617944908411943e-01,2.099097431410229531e-01,8.961422345194368644e-01,1.510155980077070303e-01,8.239949336820154846e-01,2.280613554879856175e-01,-3.155598488195351936e-01,-6.046259457948085503e-01,-6.300863278001155310e-01,2.476279324824805506e-01,-6.800410281425215420e-01,1.107465023238331098e-01,-6.966224619278945651e-01,1.047290314989611087e-01,9.482373335350954280e-01,2.273002878771795687e-01,1.252151883370212493e-01,-7.116261287768683719e-01,8.858322701005710842e-02,3.885019375285243548e-01,-4.594216175270477431e-01,4.490609112433346928e-01,-2.837640839512087787e-01,-5.837626694037428843e-01,-8.785267502782379001e-02,8.251750350045987670e-01,-2.336250578931708399e-01,-1.031806063860293415e-01,-2.075015894326197041e-01,-8.841293579207821773e-01,-2.812468513966139283e-01,-4.722498509430256841e-01,-5.549048419913296115e-01,-5.681373779639474486e-02,-8.741032285415973879e-01,-2.002856568307992413e-01,-7.957832156482658181e-01,-3.610347015820267180e-01,-2.573015145223656597e-01,5.588948138123728260e-01,4.670221686872319880e-03,7.709862872145342161e-01,5.155687162726348971e-01,6.757158305545836186e-01,3.219302890035065645e-01,8.265933012784250078e-01,7.906919443207236498e-01,9.535815364245732173e-01,8.352129189325757652e-01,8.045512818453047776e-01
-1.363172364118930835e-01,-3.606234015595059517e-01,2.532590828264070226e-01,-2.936906655368972108e-01,1.180968163980050945e-01,5.220157198202809642e-03,3.933373114396204184e-01,-3.631082356074425421e-01,6.510088408271936800e-01,-3.675787137984131703e-01,2.070868494280014294e-01,4.814159056626743927e-01,9.614534823177498524e-01,7.066790220727675598e-01,1.000000000000000000e+00,4.158889836438036669e-01,-7.576623036099470188e-01,2.327038161062186250e-01,-6.211435972559550267e-01,1.706396490940145783e-01,-4.335875458590365272e-01,1.367512744197539598e-01,-3.220746368195376297e-01,1.992934207858377549e-01,4.167568630481201936e-02,-5.585134696222610051e-01,3.691821309970799159e-01,1.537789699125535758e-01,-1.165097536005982454e-01,-5.574755553078728637e-02,-1.441990243629518442e-01,-2.717704492678102782e-02,-2.968111605547292253e-01,-3.059156059870546743e-02,-4.148533054794325547e-01,-6.203813560520216736e-02,-8.826785102581818920e-01,-3.138576478454853103e-01,-9.481137545867430738e-01,-3.967691357820948839e-02,9.570961603815173468e-01,7.807337483016107971e-01,7.492570425415612245e-01,6.378697949314815485e-01,-9.834083251593639385e-02,6.451132085373203484e-01,-9.049218006319047214e-02,5.786069912943333504e-01,-1.269725295020205091e-01,3.427233457540176387e-01,-7.493041886677916097e-02,1.111695567483780671e-02,5.213294496256259958e-01,2.298775243481576691e-01,4.789955865107175526e-01,-1.353748319299887259e-01,-8.073342762912141812e-02,-3.562115080753549545e-01,-5.261218258537285752e-01,-2.172256120703705828e-01,-5.921082342224459616e-01,-6.806720263189104392e-01,-9.130222158186227510e-01,-3.991574205811138087e-01,-8.233208625174921469e-01,-1.322671811893736948e-01,8.535707553603423259e-01,8.524489921169702278e-01,8.514392524531384510e-01,9.208448997006842829e-01,2.115338480762929685e-01,8.120753802389747422e-01,3.624500435871077508e-01,6.017635059439945255e-01,3.946271688942871170e-01,2.245489970466136020e-01,-7.233730076376329032e-01,-4.729257722732389119e-02,-8.474003942657084565e-01,-1.430526431582324065e-01,-8.006462827781848368e-01,-3.346756132021058150e-01,5.696938571403638019e-01,-1.497491180155448576e-01,1.841784414862263630e-01,7.131170180643316148e-02,-1.095857728836427264e-01,1.886749377674968031e-01,-1.646071155250226070e-01,3.861284171802950027e-01,-3.316039762708206662e-01,6.058016955559398786e-01,-2.087913650664875165e-01,2.698124429022979998e-01,-3.471522999364885093e-02,-3.617525874433418220e-01,6.947843412980427846e-01,-1.789045893349857086e-01,4.364250286928663680e-01,-1.913466191136932726e-01,2.619014320040946031e-01,4.852360962883963125e-01,5.620889196377106822e-01,-9.907739358203274116e-02,-3.441516106112766371e-01,-2.655921139045820945e-01,-2.438457476267366641e-01,-7.115556087506492711e-01,-8.971909104599951057e-02,-8.635431875604878682e-01,-5.294306965161695855e-01,-7.251244470977062928e-01,2.513808853263879151e-01,-7.076016365205248793e-01,1.399082218197887084e-01,-7.714611576691058348e-01,-6.144023070091588767e-01,3.438882292686810116e-01,-6.712587982495084038e-01,6.757421785423020633e-02,6.245688411690322184e-01,-3.026949911288412398e-01,4.182926322551552278e-01,-1.602407345012135109e-01,3.842027195827957819e-01,2.875111955817695741e-01,1.066910109009292229e-01,-4.089684488204852197e-01,1.335363484320828409e-01,2.110279609997646466e-01,5.580835374120527576e-02,-4.429100619270633782e-02,2.106036153148500567e-01,3.777235818379777177e-01,5.512836232965659944e-01,4.686901240916209743e-01,9.533653146896485797e-01
-7.481732350826624245e-01,-6.534203825575208846e-01,-7.155599508722596536e-01,-9.512826409398872363e-01,2.673856852405218087e-01,-4.383505627084286482e-01,3.472816067495521075e-01,-5.775454587136837903e-01,3.041782889237599000e-02,-1.598597854730400281e-01,-6.378863016002159769e-01,-1.086565855654763879e-01,4.458705334410825727e-01,2.414464396779522348e-01,4.158889836438036669e-01,1.000000000000000000e+00,5.845581892151029135e-03,6.453310448549597345e-01,-8.337020979362132211e-02,7.621927918128447166e-01,-9.912473435015995218e-03,7.827533078903190500e-01,2.570219585567668982e-02,1.844204720709547995e-01,-5.688479157737907910e-01,-7.156015667640196198e-02,2.789099935244963024e-01,-6.869815769994734866e-01,-5.734013764067528163e-01,-9.169796121181692516e-01,-3.415540013910102757e-01,1.934596830025469560e-01,-6.475173341414006689e-01,-9.721983994129660550e-03,-8.469456004516295877e-01,-2.301148433049935715e-01,-7.601780588456714671e-01,-7.758263276301442524e-01,-4.877732664246205441e-01,-4.403801959523562792e-01,2.646416765921466019e-01,8.428783164569018105e-01,2.119256740677570860e-01,7.454561255823575205e-01,3.138611109492852602e-01,8.449756288866884235e-01,1.205502521689899020e-01,7.590617030386576092e-01,-2.636733208525126604e-01,6.881770731312977230e-01,-5.414416321573853885e-01,-8.620104108502677498e-01,-2.035107927291097407e-01,9.161071178776160062e-01,3.490152446260831876e-01,3.729199735407310867e-01,-5.727247509724124885e-01,-1.913273116720076994e-01,-9.472690533605760965e-01,-3.741870813713549238e-01,-9.173972031336355970e-01,-5.797820217854448011e-01,-6.940866772529556972e-01,-7.780291320198375882e-01,-8.092128359097456869e-01,3.569899537897349706e-01,5.943821597964223102e-02,7.887038778531900718e-01,8.216561045205086899e-02,3.916522008194200377e-01,8.788362478341046335e-01,8.236347526493649207e-01,7.941805078034818166e-01,9.631378229043605632e-01,5.566352578067976786e-01,8.734388564675004130e-01,2.639901889856217654e-01,7.900639537884481811e-01,-1.088477883078002861e-01,4.373773373979688572e-01,-7.302395611212079973e-02,6.818577144509104793e-01,3.326736609979321635e-01,-5.638992817176080932e-03,-5.991414938634299636e-01,-1.993510955470393642e-01,-8.891457897227653673e-01,-1.841390594338472297e-01,-8.783666631447230033e-01,-1.077817617176682202e-01,-8.604277918968293859e-01,-2.853762005147467695e-01,-8.553822524460491517e-01,-3.855725072420687072e-01,5.396756612765991612e-01,5.697312312599632778e-01,8.702349875197417095e-01,5.033098375022814208e-01,9.649180084019419734e-01,4.797008605444509910e-01,9.717658784526241877e-01,1.088963455707542966e-01,-4.397374591146162026e-01,-9.140776283799640911e-01,-6.756944824702570962e-01,-9.239630106771420381e-01,-6.373597932371480868e-01,-9.227033744201560417e-01,-6.921149693121347868e-01,-4.976230162671422819e-01,-9.060200220813174887e-01,-1.252382238789667424e-01,8.157184828730970616e-02,1.069152053025238802e-01,9.123161274274252941e-01,-3.266326098369229380e-02,-5.966194762876321223e-01,6.871724421996214804e-01,3.645888463328830209e-01,5.190759647915715869e-01,5.647838364097337305e-01,-1.785744050893341150e-02,7.213352077409853624e-01,-8.882373813531024842e-02,3.130581232740912712e-01,7.809389170355454102e-01,6.279845145509215243e-01,5.129659838733743316e-01,1.376063638718493243e-01,7.816885556624219022e-01,-3.928829767093595104e-01,-8.193830060950523242e-01,-1.615389983695989309e-02,-3.747007022315450575e-01,3.371696871121406813e-01,-2.914812607880523099e-01,4.549873469936829840e-01
-2.074133781532748189e-01,4.467362000137390932e-01,-4.325960619129151641e-01,-2.169969957155083451e-01,-5.072701799557592928e-01,-6.401010032162098851e-01,-6.957173234468068124e-01,-3.154041993484859030e-01,-9.606579317032523102e-01,-2.034570771904932185e-01,-7.057907985119539207e-01,-8.486639876616910994e-02,-6.274521368997884041e-01,-9.290049500807564531e-01,-7.576623036099470188e-01,5.845581892151029135e-03,1.000000000000000000e+00,4.401945859360587021e-01,9.421766551954163793e-01,4.729856358029861374e-01,8.634788784109426185e-01,4.902381822581716175e-01,7.987803861751610057e-01,4.017856375228778809e-01,1.288074604253520716e-01,9.166239406812594082e-01,2.520493822859887212e-01,-1.508639856728244688e-01,-5.438108947341866450e-01,-3.011549025658605827e-01,-4.979210862506129875e-01,-4.095491556105680941e-01,-3.832398674122249882e-01,-5.021150752912573179e-01,-2.260872033746799403e-01,-5.475770450666164191e-01,4.466079519426093269e-01,-3.449379030488928244e-01,7.967653270351975348e-01,3.125307557219955124e-01,-7.736179284403096323e-01,-2.911724574436326818e-01,-9.519860252941798606e-01,-1.660295031775979200e-03,6.998839771843157198e-01,-4.291155125079289950e-02,6.504796287048335568e-01,7.126488314803050561e-02,5.196775017814835307e-01,3.361291873866121271e-01,2.793710107943823684e-01,-4.814276804091021655e-01,-2.047845391485135502e-01,3.113928411649536376e-01,-7.510299504572149898e-01,-1.763418864200094749e-01,-5.758040558137548226e-01,-2.363675421233280560e-01,-2.526054443869302571e-02,-4.361287556107010244e-01,2.297405149305965788e-02,5.628905525892299172e-02,6.631886534324573645e-01,-2.586608030848581707e-01,5.198557162119303854e-01,7.217190590710029774e-01,-5.891503705464323781e-01,-4.025287647357593257e-01,-9.709907582994141695e-01,-5.175578874272442897e-01,3.686177227747949314e-01,-5.170798289026681260e-01,2.955273597932309704e-01,-1.700066838158447446e-01,2.802220321910532386e-01,-8.053382637874310912e-02,9.134485945041852517e-01,1.421197012732013376e-01,9.745031103790269267e-01,7.424872892424475568e-01,9.848311866863052044e-01,4.846350917685416926e-01,-8.227017906486697729e-01,-3.818998284586782588e-01,-7.449742482081062045e-01,-6.553603148270502610e-01,-4.251398665076608907e-01,-7.443797268953289414e-01,-4.108944104416647480e-01,-8.623741012406566098e-01,-2.988422477928358023e-01,-9.510771808941173022e-01,-4.003296111229396326e-01,4.681989325223580821e-03,6.646089725025379202e-01,8.145065474896280300e-01,-1.352199797864820641e-01,7.621788360195707046e-01,9.756766960733694038e-02,7.710005603225860149e-01,1.681956792640823262e-01,-8.621311355085513606e-01,-5.350326242991688686e-01,-3.829226912332986954e-01,4.289097074975905532e-01,-2.975383428255604645e-01,-4.325322223306898861e-01,2.839566627514694130e-01,-5.544377300724616653e-01,3.565100421141596532e-01,3.179302178188626593e-01,2.881404951714992002e-01,-6.929177460280923073e-01,4.771437942570071478e-01,3.521608085174054437e-01,4.291655518697481964e-01,6.851024766570269486e-01,3.306781065803580111e-01,7.367599295042510654e-01,5.826938595413770905e-01,1.435189332281899301e-02,7.716188445302553101e-01,2.548297971080171198e-01,6.333097251195872746e-01,2.447976512278720040e-01,3.672312730884445542e-01,-2.421362641902135848e-01,3.287320584532404943e-01,-5.874497351865674011e-01,-1.929032156550153643e-01,-6.742570108999830225e-01,-5.192452778286162918e-01,-7.127010278001035815e-01,-8.738628966154302624e-01,-8.099063022224983754e-01,-9.152170785080460114e-01,-8.031114298314134814e-01
-5.433011643264877844e-01,1.067221233771808303e-01,-3.656612600138912095e-01,-7.790270131451398905e-01,-5.410243752497247982e-01,-9.461323410836933734e-01,-4.492294658147374387e-01,-9.688337344056792144e-01,-5.290850160393175683e-01,-7.737650515438033727e-01,-7.991683836661495066e-01,4.819239808866460639e-01,3.771565505697419551e-01,-3.907404763043369478e-01,2.327038161062186250e-01,6.453310448549597345e-01,4.401945859360587021e-01,1.000000000000000000e+00,5.377478119458152239e-01,9.661026765178885034e-01,6.705752111251883640e-01,9.487986731313813316e-01,7.243754682399899947e-01,8.411972615851063262e-01,1.765506310682705415e-01,5.809453460133999769e-01,8.549533708928919173e-01,-8.959380866987204373e-02,-9.778264287054873050e-01,-5.924828339785445097e-01,-9.238668607922996268e-01,-5.943996199815142489e-01,-9.867122258681270131e-01,-7.509307294386026177e-01,-9.350224743166818397e-01,-8.786778724342370062e-01,-5.689043739710790692e-01,-9.684118024894667887e-01,-1.267343005397315869e-01,3.452991091100774401e-01,1.471311027012525974e-01,6.689778874569854983e-01,-3.733262085874364256e-01,8.858369917990773779e-01,8.987621051544807393e-01,8.471076166383212369e-01,8.186525610778921935e-01,9.150645427868226989e-01,5.470797460168876913e-01,9.828026308959927348e-01,2.441635836272552373e-01,-7.570413088863219286e-01,3.516677911696505787e-01,8.282877856334219802e-01,-4.190571531136201844e-01,-3.828867282441563713e-01,-9.772869658348295463e-01,-8.074207296947434331e-01,-8.026630708984332507e-01,-9.325831360443377349e-01,-8.151961004485785978e-01,-8.456807585597121424e-01,-2.934031644571242214e-01,-9.544359658142868019e-01,-3.943411634118956788e-01,8.909578286617185761e-01,2.568125803369621929e-01,5.953631475866678624e-01,-2.840019852493784747e-01,4.785853798742221166e-01,8.817002589679209246e-01,3.848670348399749752e-01,9.615449657425487739e-01,6.239883255638645210e-01,9.560486453664650552e-01,2.621226336555605996e-01,4.017117454506290986e-01,2.231445210069591401e-01,2.919215201156333261e-01,9.151116834937552680e-01,3.695533610327454976e-01,3.315878937214278288e-01,-4.066472146398825704e-01,-7.314916022144449803e-01,-8.830685077875625177e-01,-8.579992997034753266e-01,-8.335441487041453934e-01,-8.334459880665989751e-01,-8.822113095365088364e-01,-7.443741898337052909e-01,-9.354624029678043629e-01,-6.046839187624154510e-01,-9.204169412788526516e-01,3.097166839695140172e-01,9.527002485295911205e-01,7.524446214133293509e-01,7.829231619911566353e-01,9.047594205258204791e-01,7.927728709294926679e-01,8.986472614798898251e-01,6.722241447429281314e-01,-5.926462654703281707e-01,-8.962391828736206156e-02,-7.631601707921016331e-01,9.978021124687405652e-02,-8.549989221697769093e-01,-9.890539432485230265e-01,-5.977107848535213597e-01,-9.710760497905940314e-01,-6.445635659097186387e-01,-3.163156661599672570e-01,-5.255148964114754184e-01,-6.504844193904771865e-01,-2.137132498363057964e-01,7.697409710911077285e-01,-3.766251307875330689e-01,1.283288988521735507e-01,9.764342607159318677e-01,2.267772659951522163e-01,9.655257600125537465e-01,8.737770704830279955e-01,7.062865440975578668e-01,9.672215047696713919e-01,6.839558180046613201e-01,8.673108022435191966e-01,9.664478714220599009e-01,-1.421034764309103138e-01,-1.080336866552881418e-03,-6.479647198050515478e-01,7.606587841466079525e-02,-9.248211924762911318e-01,-8.773275780593514650e-01,-7.440758195716863366e-01,-7.969941930747770353e-01,-4.129838297112249923e-01,-7.288034392486174573e-01,1.247717090239047061e-01
-1.087394639008915365e-01,6.483935677306239542e-01,-2.073242144199858583e-01,-1.474202626767310564e-01,-7.436507174836439749e-01,-7.500960526756251801e-01,-8.738571001027847229e-01,-4.613939144977388662e-01,-9.807466906282136243e-01,-4.538326274799875937e-01,-6.494981811038924580e-01,2.083648081732321355e-01,-4.710769291486250343e-01,-9.766463039528462398e-01,-6.211435972559550267e-01,-8.337020979362132211e-02,9.421766551954163793e-01,5.377478119458152239e-01,1.000000000000000000e+00,5.040430942568606687e-01,9.667494041281328165e-01,4.999965652749503997e-01,9.291348714894763772e-01,6.238643860544190733e-01,4.088442579826863099e-01,9.890522477170577975e-01,4.806230457709308457e-01,1.216531617765735651e-01,-6.382321952514625751e-01,-1.361351600468262424e-01,-6.718477748943786354e-01,-6.654484995409922776e-01,-4.923667945802184254e-01,-7.269279090691279643e-01,-2.701994426251878578e-01,-7.329171095740393271e-01,3.709316296388461276e-01,-4.037133511603569480e-01,7.319717245282315599e-01,5.746941922975742356e-01,-6.151991664035448837e-01,-2.404074402829522450e-01,-9.737702329001166612e-01,1.177753664037420045e-01,8.220243410068910350e-01,2.822426557886064183e-02,8.253134394904355631e-01,1.804731196621198186e-01,7.538191064550349152e-01,4.390293068704178014e-01,5.426831700128693647e-01,-3.707008765964381891e-01,9.540823818386814925e-02,2.557611158521408412e-01,-9.006857079149518386e-01,-4.633016912132874587e-01,-6.622824654054234594e-01,-4.819349789740304812e-01,-1.692450885101475996e-02,-6.166872832033375440e-01,1.137800027315439199e-03,-1.245652306286078037e-01,6.366238071387985142e-01,-3.313708629723292054e-01,5.280305655989360192e-01,8.171189296492006315e-01,-3.423046511621775645e-01,-3.369583478561170575e-01,-8.932084717201732582e-01,-3.182469752642028693e-01,3.382937406241897094e-01,-5.365572281394344056e-01,3.560915899962608377e-01,-2.200886337533759785e-01,4.379143328052042539e-01,-2.884122697515361655e-01,7.666853467487958484e-01,-1.064233707376075616e-01,9.104673611006465217e-01,8.118977239040222615e-01,9.404207215410711473e-01,2.446215228582848400e-01,-9.414277942960243006e-01,-6.293535013671118783e-01,-7.331357706776920891e-01,-8.155476981783809087e-01,-3.542626846425134812e-01,-8.775782342138851444e-01,-3.709706358679046856e-01,-9.549090994947523336e-01,-3.178731005677263299e-01,-8.813486172783083772e-01,-3.898666707542269294e-01,3.054391969306515242e-01,7.300355053008761308e-01,7.349505974104797446e-01,-8.187273078817626504e-02,7.954385311220636412e-01,5.919249267698200451e-02,8.088505818313712625e-01,5.259301871927576921e-02,-9.691411621054246694e-01,-2.658994279303329433e-01,-2.791909576794593395e-01,6.406467767603023500e-01,-2.546326369049904947e-01,-5.345212771965701659e-01,3.016630555696093174e-01,-5.948884259399868091e-01,1.620260436352079225e-01,4.529393020134723225e-01,1.675951266426464401e-02,-8.591446903659764045e-01,2.112662183157464624e-01,2.588806804836670805e-01,1.556383915237785354e-01,8.152025479040406752e-01,4.320454432419012503e-01,5.113095206866651310e-01,6.831906200779290783e-01,1.967353193420863511e-01,9.192980887820855207e-01,3.574829042110818644e-01,8.331412888729277100e-01,4.672541169667697725e-01,4.172667928566267115e-01,-5.012280766064358684e-01,3.866941649671971210e-02,-8.011167065397515330e-01,-4.228687577622112781e-01,-7.831190118888485818e-01,-4.730799744058230005e-01,-8.788740595233188735e-01,-8.819857474172672074e-01,-9.386152784560957141e-01,-9.091529344899620391e-01,-7.247687944858649534e-01
-6.480345489559325989e-01,-5.709669120524614450e-02,-5.508047137975754515e-01,-8.797487522376145064e-01,-3.782762886996329788e-01,-9.046840083485074846e-01,-3.196160170848317827e-01,-9.103425362751048633e-01,-5.176205832046826272e-01,-6.247928860654178296e-01,-8.753548760898157699e-01,2.921818874434628510e-01,3.049743407576812615e-01,-3.486518622721324623e-01,1.706396490940145783e-01,7.621927918128447166e-01,4.729856358029861374e-01,9.661026765178885034e-01,5.040430942568606687e-01,1.000000000000000000e+00,6.071662719640418260e-01,9.896622592697861265e-01,6.452772735483919275e-01,7.125481630097683095e-01,-3.339019144394946015e-02,5.340263809623138069e-01,7.275270960224371475e-01,-3.022210159859543555e-01,-9.533351623483753423e-01,-7.512666499475474380e-01,-8.353856995698392129e-01,-4.228451570167937601e-01,-9.567308292951555160e-01,-6.113035601918805906e-01,-9.571058268117403900e-01,-7.768256594223523770e-01,-5.636674050127233881e-01,-9.774671593363738475e-01,-1.120980859294078702e-01,1.554031883026810168e-01,6.043117584958686977e-02,6.847582759553136889e-01,-3.500681607510836013e-01,8.535884992345086353e-01,8.420264957428016395e-01,8.509344010054670226e-01,7.173937640089741441e-01,8.904641647009418071e-01,3.856756704351008147e-01,9.588680083213764194e-01,4.718799195214275904e-02,-8.786282221359429379e-01,1.490964961496017149e-01,9.182039690988939018e-01,-3.067760975189789963e-01,-1.803678473230370116e-01,-9.580887579559953515e-01,-6.643396938748935554e-01,-8.629851058596798019e-01,-8.418509870205174161e-01,-8.545778969248670753e-01,-7.648437779733437969e-01,-3.148080515581325178e-01,-9.541676792767100901e-01,-4.447926634601997442e-01,8.531199927927991533e-01,1.026668435625854858e-01,5.985157627734026820e-01,-3.314017549009614094e-01,3.733193179458104694e-01,9.533472227166240875e-01,4.433043141566019307e-01,9.705782832514650016e-01,7.107817743382087716e-01,8.901193839789774964e-01,4.439646885055177350e-01,5.128904969974138472e-01,4.267706820100631293e-01,3.291261900281205466e-01,8.990491023462103826e-01,3.965202128455725394e-01,5.248079676602063204e-01,-3.149320138312844408e-01,-5.765145147548462745e-01,-9.271600729811141361e-01,-7.704021346406291215e-01,-9.319140731056126947e-01,-7.643525995282208774e-01,-9.626339245677804080e-01,-6.947075556951444186e-01,-9.711028129262362363e-01,-6.668234083598826301e-01,-9.766280785595841119e-01,9.625046585637458962e-02,9.433207788570947550e-01,8.375229156479594428e-01,7.980703078469454370e-01,9.159741113195730700e-01,8.743917341778635333e-01,9.060298081846208662e-01,8.027521472085149545e-01,-5.222440139177382257e-01,-2.873941309001076250e-01,-8.835619707827047087e-01,-7.151869713407765783e-02,-9.371399983179709015e-01,-9.629004255017562519e-01,-6.611764785135324507e-01,-9.870505351056739762e-01,-5.491365463374289213e-01,-4.534958538339641243e-01,-3.604586783298041053e-01,-5.420694579135060254e-01,-4.058491204926870793e-02,8.840276126594036610e-01,-2.049374888917228632e-01,1.456669582070160146e-02,9.537179240961022320e-01,3.920882453816141866e-01,9.329050680767132508e-01,7.910124134148838193e-01,6.152018281666027377e-01,9.453557418573326210e-01,5.549618244846552528e-01,7.462492309046816485e-01,9.817047879676427113e-01,5.748590957165537058e-02,2.132194162979944296e-01,-5.066041957515264871e-01,2.665891925521650108e-01,-8.812019974313898274e-01,-9.574417757822029085e-01,-6.436257020960854947e-01,-8.192431553414109002e-01,-3.147375687920644927e-01,-7.496776158421492031e-01,9.840555576060619480e-02
-1.401489913967357559e-01,6.728399189845238881e-01,-1.330515657282830555e-01,-2.223249610937781118e-01,-8.427382294540550767e-01,-8.539083707562349357e-01,-9.110149405342805595e-01,-6.263338095937085459e-01,-9.420794399089034155e-01,-6.378588720564235537e-01,-6.640354403211159440e-01,4.006175673506857104e-01,-2.680900484909681247e-01,-9.294815030408027923e-01,-4.335875458590365272e-01,-9.912473435015995218e-03,8.634788784109426185e-01,6.705752111251883640e-01,9.667494041281328165e-01,6.071662719640418260e-01,1.000000000000000000e+00,5.915049854859903977e-01,9.827418822078446414e-01,7.822561337141070714e-01,5.152390147673080456e-01,9.828554497373718224e-01,6.639244701155874173e-01,2.201699500248861241e-01,-7.559456228971427327e-01,-1.360759893886664684e-01,-8.140074246128247148e-01,-7.937469569033051009e-01,-6.391635231520869098e-01,-8.575426785285623632e-01,-4.075713804459641376e-01,-8.634076718709093878e-01,1.902951283455062148e-01,-5.344456427528150311e-01,5.797805039467469612e-01,6.772644735924754356e-01,-4.313079030091502841e-01,-7.355045124863617001e-02,-9.112475089807056117e-01,3.036993940381672585e-01,9.146718138840327361e-01,1.971912199604005100e-01,9.292466097342332310e-01,3.579153236169085872e-01,8.514560225940247529e-01,5.891938593162745486e-01,6.337152208935340481e-01,-3.911997749514926626e-01,2.829668161617455713e-01,3.300796268853153914e-01,-9.170296150400837343e-01,-5.991502521252227709e-01,-7.727809192043981756e-01,-6.650652297384263001e-01,-1.423714884941537084e-01,-7.711292375506972885e-01,-1.432272882073511167e-01,-3.323884826168243545e-01,4.878844624669909646e-01,-4.770629851311607994e-01,3.943342439715515901e-01,8.964445671939650362e-01,-1.354917912504549071e-01,-1.616885035291839579e-01,-7.793575348659602664e-01,-1.007006994310208486e-01,4.221361333692520423e-01,-4.088142681268664425e-01,4.937606546165678179e-01,-1.111731613829883003e-01,6.095583457533817473e-01,-3.046545282395301535e-01,6.571078719960051773e-01,-1.738097782688506898e-01,8.026320834885901645e-01,8.835037694083848203e-01,8.507646082526332254e-01,1.509505249365205581e-01,-9.356194558998476296e-01,-7.810422821227664958e-01,-7.717768639691731103e-01,-9.213908112725184285e-01,-4.085649675874784004e-01,-9.578847549751852153e-01,-4.451189977926326979e-01,-9.862546111037464591e-01,-4.365497605953200799e-01,-8.272612385263263812e-01,-4.821407358610729221e-01,4.568924793003962814e-01,8.168354623321969488e-01,7.199778207324882828e-01,8.317160585643265658e-02,8.494499273115895255e-01,1.629483932631995979e-01,8.629306578581872333e-01,1.006162046793225157e-01,-9.845690075801977192e-01,-1.146542081980375244e-01,-3.165629491608908941e-01,6.696656055604189861e-01,-3.394903326950159950e-01,-6.714160657554425482e-01,1.703172549402405256e-01,-6.917755104930445320e-01,-5.839552646109307660e-02,4.027182947934734858e-01,-2.002747072217634650e-01,-9.254727659501011949e-01,1.906501168854492570e-02,3.055768674159607956e-01,-5.828925720524794768e-02,7.860543220117257590e-01,5.818543461714790199e-01,3.697557338666360716e-01,7.949219843728028145e-01,3.996119765629843612e-01,9.779668657595340653e-01,5.159793216984355224e-01,9.264636933656165141e-01,6.522720816989143744e-01,5.425057176253683666e-01,-5.794011456638966662e-01,-1.054119988776057865e-01,-8.989218475513254258e-01,-4.623910994182127143e-01,-8.802000564339117483e-01,-5.303268523215119989e-01,-9.611791454100098164e-01,-8.921959385372604245e-01,-9.340272813002977736e-01,-8.998609900166624209e-01,-5.666924572262027615e-01
-6.699544594266821917e-01,-9.700654250733713180e-02,-6.025124314513882195e-01,-8.971775253615450474e-01,-3.315310512402896981e-01,-8.856264455596848384e-01,-2.864703252658517552e-01,-8.813856843623041337e-01,-5.209174256534062630e-01,-5.730751994607404809e-01,-8.929019597227342286e-01,2.289210075993221016e-01,2.674752665579631095e-01,-3.451539986934573090e-01,1.367512744197539598e-01,7.827533078903190500e-01,4.902381822581716175e-01,9.487986731313813316e-01,4.999965652749503997e-01,9.896622592697861265e-01,5.915049854859903977e-01,1.000000000000000000e+00,6.241951524512068250e-01,6.677295991027165645e-01,-9.285780901366046114e-02,5.254672501962334152e-01,6.806065812532906545e-01,-3.624482447724181600e-01,-9.376124187047618630e-01,-7.898881707866036717e-01,-8.023079603132068360e-01,-3.711455276351494637e-01,-9.375468589120998786e-01,-5.673828946820238528e-01,-9.501976573796319103e-01,-7.406086263605735631e-01,-5.441737354240215874e-01,-9.679834916389787880e-01,-9.284430878814005361e-02,1.013869290725005201e-01,2.151994409907631578e-02,6.719022810436574566e-01,-3.523596271027442661e-01,8.283355095339823837e-01,8.212898060006066370e-01,8.358368055362858096e-01,6.850465089786147432e-01,8.682302134396876481e-01,3.393559127353578120e-01,9.400962695745850306e-01,-7.532183534756798325e-03,-9.067412874494830133e-01,8.258317353186253595e-02,9.333988681565582590e-01,-2.803994451143094202e-01,-1.198627072310694958e-01,-9.443637437210565810e-01,-6.137242165452653220e-01,-8.653814799565597848e-01,-8.068117627698401240e-01,-8.503111455339402713e-01,-7.259351228486565777e-01,-3.043050506017457302e-01,-9.407683952700031105e-01,-4.430850949816518280e-01,8.378515844001582780e-01,4.570780003913370998e-02,5.818945722719267577e-01,-3.554754115809614090e-01,3.264798311076752002e-01,9.631468410246604162e-01,4.443241076295404435e-01,9.604018769797048050e-01,7.206679981281051139e-01,8.585829888271379051e-01,4.882930466877712372e-01,5.515764258739491721e-01,4.816950376147618451e-01,3.503508892268725750e-01,8.906476930932319958e-01,4.139573766046924508e-01,5.808349029422137377e-01,-2.953724564338513492e-01,-5.264579686518012780e-01,-9.372668728416595485e-01,-7.425834343947164129e-01,-9.529105644866697755e-01,-7.407213319742043112e-01,-9.724788017178795929e-01,-6.813356231232134963e-01,-9.692316979849867620e-01,-6.889012234344269459e-01,-9.823394078639802185e-01,3.138439705779449279e-02,9.344063772891590958e-01,8.609163412354071676e-01,7.859136607815757625e-01,9.143594356102865417e-01,8.831986659323111111e-01,9.043623597624000920e-01,8.299286339184158701e-01,-5.061163012456292298e-01,-3.495956499849107724e-01,-9.092871208427140139e-01,-1.137937654742606081e-01,-9.487473906360964770e-01,-9.445965244097008773e-01,-6.630389526723667881e-01,-9.828428049010152767e-01,-5.047983400995180725e-01,-4.804439153790435735e-01,-3.000030303465822668e-01,-5.115994061205428878e-01,1.979485725239755328e-02,9.070479053383384560e-01,-1.430707767369213401e-01,-8.391647375153238678e-03,9.345846611454631248e-01,4.464251017057372373e-01,9.153297406110101342e-01,7.519094240707492327e-01,5.887606169307804116e-01,9.267227332038301402e-01,5.170853178186719523e-01,7.015344957229251444e-01,9.744294725862093776e-01,1.116581027917768337e-01,2.780092052303592687e-01,-4.651007445159244247e-01,3.161266977139404188e-01,-8.659751553299306348e-01,-9.746969045669596765e-01,-6.124899031426042084e-01,-8.225530774086992070e-01,-2.935247109444634739e-01,-7.567392800907325467e-01,7.569995437602244914e-02
-1.479397076291279478e-01,6.718132488848933548e-01,-8.412318995233268593e-02,-2.525551426736655225e-01,-8.783368707322779523e-01,-8.880564574282943102e-01,-9.112083750860239251e-01,-6.982171554128505653e-01,-8.989098423527379644e-01,-7.229267973024772198e-01,-6.528322421838888001e-01,4.964141058626336811e-01,-1.516987559851582235e-01,-8.818241779265265645e-01,-3.220746368195376297e-01,2.570219585567668982e-02,7.987803861751610057e-01,7.243754682399899947e-01,9.291348714894763772e-01,6.452772735483919275e-01,9.827418822078446414e-01,6.241951524512068250e-01,1.000000000000000000e+00,8.484299001016396558e-01,5.630639562550712185e-01,9.555638165512799764e-01,7.469912442766645233e-01,2.723918327083789670e-01,-7.992169891593622344e-01,-1.279222111171323117e-01,-8.710258663703819293e-01,-8.464037145619666136e-01,-7.016842005775517643e-01,-9.093812200884345831e-01,-4.692194976262806794e-01,-9.128242481845240119e-01,9.062295926626076636e-02,-5.899265638086739205e-01,4.842379729444888925e-01,7.189238560958415292e-01,-3.206319863861658570e-01,1.596609766099191252e-02,-8.554200971963323852e-01,3.948100554581289723e-01,9.418720092513344078e-01,2.812842905227965207e-01,9.637207909073327583e-01,4.429841566737773850e-01,8.861561794531418457e-01,6.543506733458235303e-01,6.715901473860689253e-01,-3.887449339450940178e-01,3.807044062596080525e-01,3.582627971789050236e-01,-9.063646641496423406e-01,-6.617349703476649303e-01,-8.121571396620359540e-01,-7.490007668137956820e-01,-2.028754951658187367e-01,-8.354429286542400801e-01,-2.145765750730307120e-01,-4.357945397617417616e-01,3.981672316158935132e-01,-5.415061774607501377e-01,3.156230369638360900e-01,9.157017875392605699e-01,-1.876541646778663586e-02,-6.508952819195773509e-02,-6.983267748076258385e-01,1.899079952363754570e-02,4.538927034884105982e-01,-3.329574153795145097e-01,5.533862570461329788e-01,-5.375699009059341227e-02,6.860909228046914166e-01,-3.109411447255012728e-01,5.798138587179807457e-01,-2.109521528730493034e-01,7.251695136917997164e-01,8.999611564094458505e-01,7.816496285955664147e-01,9.249370284700067502e-02,-9.109713049530505646e-01,-8.463799178067563656e-01,-7.738646294027641259e-01,-9.577294767852854163e-01,-4.235817920309196127e-01,-9.748090050759175007e-01,-4.706471008896737085e-01,-9.796575020742451789e-01,-4.866221349201546587e-01,-7.758740869255610351e-01,-5.168213502897972544e-01,5.309047141957314864e-01,8.419415799829198521e-01,6.913057567298961370e-01,1.671898847540025379e-01,8.559301360294837568e-01,2.108568570333261838e-01,8.684265467528100579e-01,1.188969065092943117e-01,-9.681195998220832877e-01,-2.671830613281576949e-02,-3.243645195669966341e-01,6.723347035306835862e-01,-3.726840001417835446e-01,-7.270884160200600244e-01,9.900151716563236615e-02,-7.245197258446302024e-01,-1.754196004054137947e-01,3.701068841257822983e-01,-3.138033931373973573e-01,-9.397956365375271792e-01,-8.742853608346011496e-02,3.193702279107744624e-01,-1.742030138686001262e-01,7.539164698458038494e-01,6.456024142540304211e-01,2.815641471074807889e-01,8.337063164795475156e-01,4.982535707131540148e-01,9.861661337909780611e-01,5.884098969260370682e-01,9.561510607617813573e-01,7.373729166274302083e-01,5.944415396448010647e-01,-6.115322088663230904e-01,-1.843691464355321497e-01,-9.342610708615544102e-01,-4.788978141313294246e-01,-9.131587977871848949e-01,-5.443478104612182733e-01,-9.786750579698614283e-01,-8.728618268803903790e-01,-9.108858545096543136e-01,-8.714528918642486799e-01,-4.686114858703071540e-01
-1.705445400407100409e-01,5.521877414432665443e-01,1.192196128733888083e-01,-3.539376000290058721e-01,-8.759468065714038909e-01,-8.918370003721546313e-01,-7.578058554454067952e-01,-8.948343559799228908e-01,-5.684019872478230928e-01,-9.582905775320643693e-01,-5.113112502567616069e-01,8.105523365608064967e-01,3.604830294531731760e-01,-5.377789519222609949e-01,1.992934207858377549e-01,1.844204720709547995e-01,4.017856375228778809e-01,8.411972615851063262e-01,6.238643860544190733e-01,7.125481630097683095e-01,7.822561337141070714e-01,6.677295991027165645e-01,8.484299001016396558e-01,1.000000000000000000e+00,6.646256534687968731e-01,6.861500600438469322e-01,9.746552639959634723e-01,4.332636168845798719e-01,-8.586720315088208766e-01,-8.905698605950161661e-02,-9.690364314548002289e-01,-9.208170383260420033e-01,-8.535864297475451723e-01,-9.712574287525753691e-01,-6.610078786718915911e-01,-9.748996089202756066e-01,-3.520984019688900291e-01,-7.348734244996429910e-01,6.797883919569230448e-04,7.689142898037547580e-01,1.949467256847987051e-01,3.975281249231745195e-01,-4.821163586094070475e-01,7.207931015184712020e-01,9.052604429758361881e-01,5.974251256735509941e-01,9.491580079131025638e-01,7.362710805900190003e-01,8.792099315379722224e-01,8.274885858731875210e-01,7.071703429341954505e-01,-3.287216043438870861e-01,7.191251979136479289e-01,4.315441625942947890e-01,-7.030673199667871742e-01,-8.045877794149242090e-01,-8.511509941391957046e-01,-9.767261062600539612e-01,-4.380973323199735536e-01,-9.713839983671442857e-01,-4.905921284061904308e-01,-8.026918913325613580e-01,-5.218198705768106738e-02,-7.339971398225468846e-01,-7.732231824718377444e-02,8.551016336735032253e-01,4.697278101355534807e-01,3.585604725075999255e-01,-2.470436146264686772e-01,5.205010272852899078e-01,5.243658892448876951e-01,5.120150180936050566e-02,7.239797014107001161e-01,2.112937912415054631e-01,9.021655631102321049e-01,-2.698422922170081728e-01,1.671717642836478557e-01,-3.157427451815299491e-01,2.791712669965752402e-01,8.250561745801987534e-01,3.629105956374768516e-01,-1.544071405485418769e-01,-6.549486772492753017e-01,-9.761107789151813874e-01,-6.538649360742185834e-01,-9.463729367820596927e-01,-4.334948660859640479e-01,-8.987654717004692762e-01,-5.156624320932474692e-01,-7.964666534180500079e-01,-6.307436158663255465e-01,-4.404229961074370148e-01,-5.911345653409679768e-01,7.467049360746234044e-01,8.186635645505366821e-01,4.684584526733153176e-01,5.046666210326616886e-01,7.528970588249143114e-01,3.928619900950269250e-01,7.607142802802940862e-01,1.950555265464672672e-01,-7.445810150013728590e-01,3.341017006697961089e-01,-3.210664506510582661e-01,5.635521690403314521e-01,-4.671635229324300753e-01,-8.510911254371813506e-01,-2.304237601182592410e-01,-7.544966968775537186e-01,-6.423100390634598478e-01,1.587544152816846021e-01,-7.386009158726827284e-01,-8.471296962549499376e-01,-5.103046564456391598e-01,3.392950356274581636e-01,-6.269028267108349706e-01,4.857310706602203099e-01,8.191452840443920191e-01,-1.249934452411073788e-01,8.709573610868326377e-01,8.374218273517215483e-01,8.614359666877795529e-01,7.977923630978264180e-01,9.187099748483287254e-01,9.698053958179498890e-01,7.242389239288659075e-01,-6.334697054208520139e-01,-4.753184593103635946e-01,-9.161456813947658206e-01,-4.457711190585210148e-01,-8.889620194031804257e-01,-5.264239756802581160e-01,-9.038413895445015500e-01,-6.672093377780362600e-01,-6.672447280530127145e-01,-6.205164127234269467e-01,2.014297438376543709e-02
4.484112324064024047e-01,8.830213407386479085e-01,7.382059385175689936e-01,4.381281586913501891e-01,-8.725105448447507683e-01,-3.311852090187723530e-01,-7.829551225240405365e-01,-3.047119735623514680e-01,-3.161206969998409111e-01,-6.983738657159120899e-01,1.744474841570603230e-01,8.290381906552005686e-01,1.335175502547046589e-01,-4.542130260670905195e-01,4.167568630481201936e-02,-5.688479157737907910e-01,1.288074604253520716e-01,1.765506310682705415e-01,4.088442579826863099e-01,-3.339019144394946015e-02,5.152390147673080456e-01,-9.285780901366046114e-02,5.630639562550712185e-01,6.646256534687968731e-01,1.000000000000000000e+00,4.633432194546885929e-01,6.126788955253236191e-01,9.359705640510450619e-01,-2.226953285108452252e-01,6.704674178315933597e-01,-5.054569939218025443e-01,-8.806049182906938722e-01,-1.989832367007292324e-01,-7.531827047432185784e-01,8.664017847213190127e-02,-5.825121138057310910e-01,1.464629416241020610e-01,-6.404605653518445803e-03,1.827696562523437873e-01,9.488008043046343154e-01,1.538806308548464341e-01,-2.018666432990853521e-01,-3.751457985957892816e-01,9.507559303879106749e-02,4.222449916282252635e-01,-8.083729846598031177e-02,6.170904688789787818e-01,8.188276051752539642e-02,8.700601535617868976e-01,1.563545233370585708e-01,9.763575588879447320e-01,4.551348973984774005e-01,8.463088411177144277e-01,-3.644524184708560210e-01,-7.220046335415738481e-01,-9.619099526908292397e-01,-2.092544757229092833e-01,-6.836664756981174484e-01,3.164033406828285488e-01,-4.969912681389397902e-01,2.357816061774866134e-01,-3.044037231275540378e-01,3.184960373231967568e-01,-2.295785603613545445e-02,4.143690753950180494e-01,3.401580102912513670e-01,5.130607143925693947e-01,-1.723695704675549389e-01,-6.224523239978504985e-02,2.954837355263886245e-01,-2.663419289075100727e-01,-4.496085783294169747e-01,-6.255913202721194097e-03,-4.879984874680585727e-01,3.346798649969567885e-01,-8.750103302957459306e-01,-2.539589780088374327e-01,-9.050486942496874798e-01,1.106406070313779993e-01,2.483000407484755867e-01,1.570237913910420557e-01,-7.585589747020434759e-01,-6.521428196395248067e-01,-7.879141675857861404e-01,2.801064830340107420e-02,-5.532141400139184428e-01,3.695430458618723657e-01,-5.034892931255037229e-01,2.834945765425559983e-01,-4.409465900124452942e-01,1.393710529078716898e-01,3.075895717271806898e-02,1.944421506737001037e-01,9.595539133367101403e-01,1.857914181971770662e-01,-1.870869904256833027e-01,-1.619973439447620067e-01,1.299441750988785671e-01,-3.870238634232859298e-01,1.524588376796782718e-01,-5.866894591795301928e-01,-5.557957058550413443e-01,7.505598420919723512e-01,4.788521778876496104e-01,9.136543975893239855e-01,3.346992695278941388e-01,-1.938871762955444722e-01,4.145789458116912463e-01,-3.830706233308402847e-02,-2.895024444706464917e-01,7.448314394883666090e-01,-6.375752012018077730e-01,-6.665629196179180260e-01,-6.470144738026277764e-01,-4.559906799425266777e-01,-6.380004493969201329e-01,7.271331839581857137e-01,1.506681613033817313e-01,-5.514304858537547593e-01,2.661303874317317297e-01,3.309721583226681862e-01,6.135474316026779951e-01,1.234012678482010877e-01,7.492164757089051497e-01,5.839741614774635048e-01,-1.123001639818708118e-02,-9.840198277828406948e-01,-8.866252540134337279e-01,-7.924466426515355266e-01,-9.389614746293437619e-01,-3.544138135140375012e-01,2.538537679134683089e-01,-6.388316219877053781e-01,-1.232690682657013731e-01,-6.670100640011014104e-01,-1.332948264171485986e-01,-1.374781833440150147e-01
-1.111470979224282313e-01,6.727256311987862558e-01,-1.677411950032368648e-01,-1.609690692131384993e-01,-7.912583746340544621e-01,-7.866924447912783114e-01,-8.984498117430655961e-01,-5.180304772251422829e-01,-9.720141731419271736e-01,-5.259546781783148717e-01,-6.473474041248892252e-01,2.873513820518700523e-01,-4.017995696255967086e-01,-9.676225917776901664e-01,-5.585134696222610051e-01,-7.156015667640196198e-02,9.166239406812594082e-01,5.809453460133999769e-01,9.890522477170577975e-01,5.340263809623138069e-01,9.828554497373718224e-01,5.254672501962334152e-01,9.555638165512799764e-01,6.861500600438469322e-01,4.633432194546885929e-01,1.000000000000000000e+00,5.504669553483554356e-01,1.716505993341801983e-01,-6.799736248558239105e-01,-1.217657327788185251e-01,-7.253946822370018754e-01,-7.233028645832779713e-01,-5.416107991173769731e-01,-7.824529035113784170e-01,-3.106531878835462890e-01,-7.828881099863810311e-01,3.155835326088909376e-01,-4.433261420433778910e-01,6.855368846416124429e-01,6.250107098796460203e-01,-5.519990263072512837e-01,-1.910916030911891383e-01,-9.581443910790261587e-01,1.778961011336931131e-01,8.573663143668672770e-01,7.949263308067110179e-02,8.685794861806183098e-01,2.374346562156059159e-01,8.009431635261299309e-01,4.879722012638523787e-01,5.907825135297597452e-01,-3.657729387673605559e-01,1.726167259920233787e-01,2.701369692260890965e-01,-9.186211756861621947e-01,-5.253264210916033239e-01,-6.990593818213993726e-01,-5.526285362315280780e-01,-4.949111342532678398e-02,-6.740473687817588599e-01,-3.921012674404993070e-02,-1.961933367885540791e-01,5.942124390840793913e-01,-3.765419387763560000e-01,4.928882283364593442e-01,8.459929223259229358e-01,-2.646623630336077393e-01,-2.840586471547366654e-01,-8.548433705152337359e-01,-2.419911436980601849e-01,3.576950149051622563e-01,-5.042779396919591095e-01,3.980665016076487261e-01,-1.955796475080417429e-01,4.975079508135558659e-01,-3.116139690832692710e-01,7.237238851468934531e-01,-1.474620430377577840e-01,8.754872963682126530e-01,8.370357417744207496e-01,9.133601079648634435e-01,1.978896979624591990e-01,-9.528975703320519131e-01,-6.929450138263056891e-01,-7.419267043238775283e-01,-8.576479188043821811e-01,-3.616323357283371398e-01,-9.094314878147133907e-01,-3.863978696264747659e-01,-9.690945215385222689e-01,-3.508589271289324074e-01,-8.607373902043249370e-01,-4.131578925117383450e-01,3.722219234950888134e-01,7.584011634350095177e-01,7.237733776129599006e-01,-3.332355405551833821e-02,8.116689254037066092e-01,8.292542903904262519e-02,8.256158385551553014e-01,5.421925076844220232e-02,-9.820775394275095271e-01,-2.006334335915485323e-01,-2.790834346027217805e-01,6.672711262209289895e-01,-2.727203492536242058e-01,-5.794637942383302764e-01,2.684265215945216276e-01,-6.240314006711342731e-01,8.596410739586368699e-02,4.513548467305242284e-01,-6.463617517362199583e-02,-8.901207756613104261e-01,1.343323133066221808e-01,2.627782397585048946e-01,7.358782548277367774e-02,8.193383394556630339e-01,4.809268861164952003e-01,4.523789799670310807e-01,7.208568219895863383e-01,2.669372761650818382e-01,9.467615603766380561e-01,4.090383098604559731e-01,8.769317073562628018e-01,5.377719641522147320e-01,4.542106835996030378e-01,-5.465134512112523879e-01,-2.673541426196176379e-02,-8.476576159853418391e-01,-4.551891479723755851e-01,-8.194537516178639347e-01,-4.839744103712457779e-01,-9.140793485397844531e-01,-8.817394279395714962e-01,-9.452864086387307019e-01,-9.041979951959345785e-01,-6.738196855147003950e-01
-2.108367852078660010e-01,4.370805186545476673e-01,1.293568659738160431e-01,-4.174465368797237730e-01,-7.953821390355970689e-01,-8.547577942683827201e-01,-6.351759175977260696e-01,-9.247181650055932289e-01,-4.242725790605586522e-01,-9.701298642655423743e-01,-4.696438028048344204e-01,8.409865153921030068e-01,5.176256656926545574e-01,-3.789422287107110376e-01,3.691821309970799159e-01,2.789099935244963024e-01,2.520493822859887212e-01,8.549533708928919173e-01,4.806230457709308457e-01,7.275270960224371475e-01,6.639244701155874173e-01,6.806065812532906545e-01,7.469912442766645233e-01,9.746552639959634723e-01,6.126788955253236191e-01,5.504669553483554356e-01,1.000000000000000000e+00,4.097948414144451657e-01,-8.542858699446485016e-01,-1.267577209595392440e-01,-9.508438855305730852e-01,-8.652338500569406454e-01,-8.764558408087803620e-01,-9.200782942695762134e-01,-7.224336399488030525e-01,-9.370767842238311163e-01,-5.073393840135599353e-01,-7.729495673285959878e-01,-1.762575030074184645e-01,7.019921763477499077e-01,3.540370338195412137e-01,5.358968336751577244e-01,-3.205444914373435927e-01,8.128345717598357556e-01,8.466177183065568546e-01,7.014611217077072469e-01,8.832281471225801317e-01,8.183356911169039627e-01,7.977020552687426047e-01,8.615530313552840491e-01,6.337311625022984396e-01,-3.388197909421658549e-01,7.570972958383960227e-01,4.781131231384710412e-01,-5.682112944648273212e-01,-7.670394206220726430e-01,-8.358653524099260990e-01,-9.866937960150145015e-01,-5.355341530324769783e-01,-9.650771032338143485e-01,-5.945231727572255487e-01,-8.909659537522929273e-01,-2.275465060120277494e-01,-7.860522139336988401e-01,-2.396612765964961367e-01,7.958026781519375037e-01,5.874232047067801110e-01,5.088992078784169149e-01,-8.652918759930490478e-02,6.588346432411210651e-01,5.607648054710497876e-01,2.145744957086168914e-01,7.718665978783070258e-01,3.351510163346294591e-01,9.365424378592692722e-01,-1.850254025307238037e-01,4.544381566671939349e-02,-2.763567382852551435e-01,1.164354652880376928e-01,7.688490188928777114e-01,2.039554916415164398e-01,-1.798347115320725609e-01,-5.101494887858663008e-01,-9.436107862586456951e-01,-6.049414319545047825e-01,-8.853051578542971978e-01,-4.583307839878696388e-01,-8.220837049130296226e-01,-5.450590272938927727e-01,-6.893208770916954276e-01,-6.808970440093912169e-01,-3.233384881574089542e-01,-6.224997328481621794e-01,7.350385900665559191e-01,7.847006169666475017e-01,4.007588468600759568e-01,6.235666129487993370e-01,6.972328038180402032e-01,4.780415625414810576e-01,7.019135867936632245e-01,2.622280309586272895e-01,-6.165821585117228221e-01,3.938684940949951918e-01,-3.517789595736672270e-01,4.493220105623041416e-01,-5.179642491654860015e-01,-8.657549420934522733e-01,-3.701202423090171334e-01,-7.506891434290414722e-01,-7.682135808899281937e-01,2.782264042229235998e-02,-8.223169817862143738e-01,-7.530388745268785655e-01,-5.950552942814323343e-01,3.758990744029400144e-01,-7.216622007991372323e-01,3.322360202267895524e-01,8.547268067297907335e-01,-2.177824809632750436e-01,8.504469192728475457e-01,9.141185630223374048e-01,7.598507025352616573e-01,8.473914070768002738e-01,8.340925885134037321e-01,9.881475706904812029e-01,7.581273215159682888e-01,-5.567029784451246188e-01,-4.974908294859193281e-01,-8.323120363209081107e-01,-3.551418700112898286e-01,-8.419926652522273791e-01,-5.332801526150048321e-01,-8.166323044558777555e-01,-5.787849352989147267e-01,-5.241671754476104894e-01,-5.163286830995124088e-01,1.956191335976386614e-01
5.897361310717437188e-01,7.743131656364793391e-01,8.925294834469134075e-01,6.215833256949843122e-01,-6.729664894775364559e-01,-3.237890907508463728e-02,-5.618637131359376369e-01,-6.811511438249309713e-02,-2.614302445274566122e-02,-5.190157765638705456e-01,4.607040653526916496e-01,7.604970800531988262e-01,1.936831829702511387e-01,-1.958075894655568472e-01,1.537789699125535758e-01,-6.869815769994734866e-01,-1.508639856728244688e-01,-8.959380866987204373e-02,1.216531617765735651e-01,-3.022210159859543555e-01,2.201699500248861241e-01,-3.624482447724181600e-01,2.723918327083789670e-01,4.332636168845798719e-01,9.359705640510450619e-01,1.716505993341801983e-01,4.097948414144451657e-01,1.000000000000000000e+00,5.502164630732431228e-02,8.369776927155540003e-01,-2.407608415580988481e-01,-6.919475631089292422e-01,5.523640161568892093e-02,-5.174319557640266742e-01,2.996667044085073450e-01,-3.152411716669030750e-01,1.572223086159709737e-01,2.366779608904837628e-01,4.263901046226192815e-02,8.245612175224955598e-01,2.859048445916860248e-01,-2.623028425571892752e-01,-1.151374341421800701e-01,-6.249910051984593901e-02,1.194972797575851314e-01,-2.233008891109977689e-01,3.391590516151884449e-01,-9.579969258442726232e-02,6.679268233165924773e-01,-8.690223131753439800e-02,8.767684732590589336e-01,6.883861614288624420e-01,8.256253723261657296e-01,-5.757964956141570223e-01,-4.946570990567358272e-01,-8.587675997993454713e-01,8.175387870994452189e-02,-4.921752471795700634e-01,4.649969904848774149e-01,-2.420673356541117593e-01,3.766161892141922651e-01,-1.651429675778495199e-01,2.362406320030196460e-01,2.001405106647823062e-01,3.795438033747884909e-01,3.455076425521541594e-02,5.872329923353631909e-01,-1.969989112867459036e-01,1.856659306866620951e-01,3.155008747219558707e-01,-4.986794644091873674e-01,-4.130286805634767466e-01,-2.380813404888054430e-01,-5.653748735832961891e-01,1.071456890206396173e-01,-9.064184978868987663e-01,-5.117692434322657080e-01,-9.750525825710917305e-01,-1.400176758483383521e-01,-6.645744453584420675e-02,-1.099724713289320088e-01,-9.178546685964403817e-01,-4.103091659466421293e-01,-5.789703858374660728e-01,3.379572990907830921e-01,-2.673321002492861642e-01,6.049209230471425114e-01,-2.034051792330684727e-01,5.247376381397386158e-01,-1.332457111831014951e-01,3.666523884816907941e-01,3.320945731911617571e-01,4.400878314581780359e-01,9.046211006839671720e-01,-1.189011949266521317e-01,-4.875627445584887476e-01,-2.741285762592123865e-01,-1.864127922238309476e-01,-5.485553047025458762e-01,-1.648047052083388420e-01,-7.411919597739677901e-01,-2.748641504919295819e-01,8.760060502366698865e-01,6.933062074700301336e-01,8.089156129811577722e-01,5.482486460644589998e-01,7.033861753237009851e-02,4.636668222711236020e-01,2.478316634267807850e-01,-2.475104140638955952e-01,7.371635296013580030e-01,-6.031516858573827689e-01,-4.111951330871270738e-01,-7.049067669202486730e-01,-6.655522992399941495e-01,-6.584141597261099488e-01,5.647024431902110120e-01,-9.104005247398995471e-02,-7.424568874086094894e-01,-2.394899397572605379e-02,1.726260934880928244e-01,3.311557595843271917e-01,-1.011591678911102632e-01,4.977719794249563789e-01,3.788875858834128696e-01,-2.593434714111766959e-01,-9.101973272890863109e-01,-9.519535004867970551e-01,-5.563373337527895979e-01,-9.137233996953026960e-01,-5.217893485056638442e-02,5.166163105455867655e-01,-3.615725562968083451e-01,1.963831240451975324e-01,-4.294895940200368911e-01,1.817672807271017710e-01,3.342139807310256019e-03
5.107473178432478944e-01,-1.952259642160567576e-01,3.631157187976690737e-01,7.286788883541702733e-01,6.040109054286425527e-01,9.714674137059254866e-01,5.400983682675990494e-01,9.477070998224137455e-01,6.291146532296459926e-01,7.701558947364205432e-01,8.247227808502436419e-01,-4.712973534520854546e-01,-2.739113457927424555e-01,5.031673862317805890e-01,-1.165097536005982454e-01,-5.734013764067528163e-01,-5.438108947341866450e-01,-9.778264287054873050e-01,-6.382321952514625751e-01,-9.533351623483753423e-01,-7.559456228971427327e-01,-9.376124187047618630e-01,-7.992169891593622344e-01,-8.586720315088208766e-01,-2.226953285108452252e-01,-6.799736248558239105e-01,-8.542858699446485016e-01,5.502164630732431228e-02,1.000000000000000000e+00,5.587246421026441645e-01,9.403033913437998104e-01,6.408483486808083107e-01,9.701154381635315183e-01,7.921492724600950330e-01,8.887894684364021636e-01,9.071175582567833073e-01,4.589429676206457365e-01,9.388813209341059229e-01,3.302029844568358553e-03,-4.002252881711007571e-01,-3.946763903330482992e-02,-5.693552872142308985e-01,4.867300595837889543e-01,-8.208557218880971895e-01,-9.396840734397496897e-01,-7.721291882831908815e-01,-8.683295322768900260e-01,-8.576757820538968291e-01,-6.113817906712212258e-01,-9.585374351009330329e-01,-3.038054990347525686e-01,7.432638422544773915e-01,-3.329752233379564830e-01,-7.905555449360052167e-01,5.170607962500060051e-01,4.176883127970031362e-01,9.876577115687180664e-01,8.055877866584009173e-01,7.310519643434778558e-01,9.399344228882369201e-01,7.390048342010827609e-01,7.854277679125477585e-01,1.690022682817017563e-01,9.156120715042711522e-01,2.770045412049392808e-01,-9.318353265988105205e-01,-1.804345803430005002e-01,-4.882733779919677386e-01,3.934346993557111816e-01,-3.848589165575965199e-01,-8.511479876706176118e-01,-2.674163345371116662e-01,-9.267126793739078883e-01,-5.329325410524754503e-01,-9.341482904600137971e-01,-1.943101503131978158e-01,-4.815336684574622605e-01,-1.869985976669742422e-01,-4.036233539397114378e-01,-9.548206639750681513e-01,-4.789271901571739432e-01,-3.370583803074618245e-01,5.141049552957728253e-01,7.604405016690805041e-01,9.125307289327130311e-01,9.028714476444854586e-01,8.105395404280008043e-01,8.897513000604253541e-01,8.568824437409001682e-01,8.183434617934775002e-01,8.944450770221845648e-01,6.833544080613934701e-01,8.933797669184854184e-01,-3.258596581004162274e-01,-9.743159768923449482e-01,-7.946042793982173169e-01,-6.964303070346342661e-01,-9.412481446583726985e-01,-7.281823284435170462e-01,-9.385236270124553970e-01,-6.177416809172276979e-01,6.855683797777706312e-01,1.217972340687505373e-01,7.348487148812139491e-01,-1.882176703838014109e-01,8.139467355993318387e-01,9.780377252746853545e-01,4.960007081850937860e-01,9.712415673716894293e-01,5.589441827231975690e-01,2.183327831881443915e-01,4.733465239758967713e-01,7.196743908819774882e-01,1.629940836315688923e-01,-7.393894382922313602e-01,3.179920215777182757e-01,-2.408476808896486132e-01,-9.516991758777619825e-01,-2.829425249455643221e-01,-9.778731026686250383e-01,-8.212774312398625209e-01,-7.799229369492608477e-01,-9.314706892857861353e-01,-7.475478075279584633e-01,-8.580370141636295411e-01,-9.400688522450155737e-01,2.050423760481295266e-01,-4.863451709342471452e-03,7.100886838517562749e-01,-4.506405984906029782e-03,9.588069132856984478e-01,8.676694586422040167e-01,8.082617293562917027e-01,8.560156674905690100e-01,5.155502344808142734e-01,7.975201317425025804e-01,-1.456043452211908291e-03
7.698967797257836310e-01,5.990413653968846841e-01,8.996122462962917732e-01,9.243941645493465309e-01,-2.799592873873095189e-01,4.561152508946684780e-01,-2.538560436120695929e-01,4.617529889674863441e-01,2.077895781400623809e-01,-5.303715734704868637e-03,7.714594695725253137e-01,3.423526972630596132e-01,-9.713119654369789524e-02,-4.445031391517488897e-03,-5.574755553078728637e-02,-9.169796121181692516e-01,-3.011549025658605827e-01,-5.924828339785445097e-01,-1.361351600468262424e-01,-7.512666499475474380e-01,-1.360759893886664684e-01,-7.898881707866036717e-01,-1.279222111171323117e-01,-8.905698605950161661e-02,6.704674178315933597e-01,-1.217657327788185251e-01,-1.267577209595392440e-01,8.369776927155540003e-01,5.587246421026441645e-01,1.000000000000000000e+00,2.842699181927580421e-01,-2.588427644683811146e-01,5.679415274668339064e-01,-3.627170286272409644e-02,7.480695364193082897e-01,1.949303372795022360e-01,4.741947670965641071e-01,7.073787139598904927e-01,1.590046131331820378e-01,4.987002768040018075e-01,9.821150770719035139e-02,-6.045908295580896263e-01,4.967910722009082763e-02,-5.435428583033552474e-01,-3.552851683002402616e-01,-6.554371906340410447e-01,-1.359068837641997651e-01,-5.821229554625687586e-01,2.735812852556837038e-01,-5.945826753622095451e-01,5.973923323664488416e-01,9.475201646163395885e-01,4.614256576828782430e-01,-9.075375160536846009e-01,-2.206472975185782837e-01,-4.975065001128929909e-01,5.708886233491823337e-01,3.296337676590917198e-02,8.230391320437937530e-01,2.928889367385712483e-01,7.610196845643265595e-01,3.399061615346629095e-01,4.001259952685888299e-01,6.756372403903286861e-01,5.626346647084167207e-01,-4.179857041685358654e-01,2.942865521110753502e-01,-5.182953833143327804e-01,2.426764970790886711e-01,-4.452819291603352797e-02,-8.706124304475684195e-01,-5.847843800229653999e-01,-7.087861058027571382e-01,-8.185187028075001647e-01,-4.261851630512994427e-01,-8.881176362614259245e-01,-5.774215374420066382e-01,-9.067677694363185381e-01,-2.101135215141284318e-01,-5.135844091714832915e-01,-2.286814840000953863e-01,-8.962948059508997201e-01,-1.625863134795266784e-01,-8.863543113710811716e-02,7.158128460410483340e-01,2.161934270980772066e-01,9.267504912537594119e-01,2.482108544899796765e-01,8.895322873632796057e-01,2.463244118934098947e-01,7.967280399324142559e-01,5.423400926910689757e-01,8.420346408735903676e-01,5.635784157374679193e-01,-5.811094225636033173e-01,-7.596522812979016326e-01,-6.669610619498146376e-01,-6.030047711617018136e-01,-8.802366499761381524e-01,-5.818547236085782615e-01,-9.648023625058252950e-01,4.829058156995529039e-02,7.252425779012497964e-01,9.619843215795014224e-01,6.305896901384269171e-01,9.007118775802452904e-01,5.780571243849891294e-01,7.285030311699749461e-01,7.040427738507776256e-01,1.812921967633931153e-01,7.966718344346672698e-01,-1.781861946956088960e-01,-1.944042602676875064e-02,-4.207971013006112093e-01,-9.462006958935575973e-01,-2.961367296432180773e-01,4.338535007894527840e-01,-5.951743868105459079e-01,-6.788944478307453734e-01,-5.161278583703010625e-01,-3.443900869312419566e-01,-7.133060600962663755e-02,-6.029075497959945906e-01,6.642615564292730923e-02,-1.585562953312244783e-01,-7.251855675673997137e-01,-6.758487342831716038e-01,-7.497497713118479457e-01,-1.313068400910946398e-01,-7.978257891497320120e-01,4.269170843523973913e-01,8.726117710871126310e-01,7.183188825021932788e-02,5.434072294595986286e-01,-1.748175084425399595e-01,4.904692549396167389e-01,-1.198662543181581858e-01
3.133145957847016660e-01,-4.357288176167696814e-01,8.403975046379602576e-02,5.158182038451415430e-01,7.994769462929027792e-01,9.595101627554996071e-01,7.078006039637442237e-01,9.406111318736590787e-01,6.338400153137372373e-01,9.059525515378962224e-01,6.673339985966535437e-01,-6.863403372074234898e-01,-3.102103990375390530e-01,5.641643434759666675e-01,-1.441990243629518442e-01,-3.415540013910102757e-01,-4.979210862506129875e-01,-9.238668607922996268e-01,-6.718477748943786354e-01,-8.353856995698392129e-01,-8.140074246128247148e-01,-8.023079603132068360e-01,-8.710258663703819293e-01,-9.690364314548002289e-01,-5.054569939218025443e-01,-7.253946822370018754e-01,-9.508438855305730852e-01,-2.407608415580988481e-01,9.403033913437998104e-01,2.842699181927580421e-01,1.000000000000000000e+00,8.380262827641228318e-01,9.239677697507421295e-01,9.317534070787791833e-01,7.684703339418373913e-01,9.825266521349512727e-01,3.845770871722565820e-01,8.388746376865415799e-01,-2.633076608147035327e-02,-6.458075734597128470e-01,-1.100310323046024552e-01,-4.619837507045954639e-01,5.239476000798749533e-01,-7.715007068128267864e-01,-9.557243895111408039e-01,-6.742407485795666178e-01,-9.543882822595486370e-01,-7.987076190876154502e-01,-8.067403828281558553e-01,-9.053977042639990147e-01,-5.702743567512124079e-01,5.147169031084595225e-01,-5.722009530701829272e-01,-5.906190313390263791e-01,6.668652572765778608e-01,6.720017579216617243e-01,9.392531744734023968e-01,9.341508348567695297e-01,5.617681304196054937e-01,9.888221011110621683e-01,5.953834152634028820e-01,8.064844344710518920e-01,7.650281442614940974e-02,8.259011676546134106e-01,1.393938889355692823e-01,-9.237969021547416393e-01,-3.422341331767497774e-01,-4.015772123302710495e-01,3.417955817115820860e-01,-4.578010822651914502e-01,-6.737289181585550679e-01,-1.196623601567806394e-01,-8.258269260352948393e-01,-3.356949595835790334e-01,-9.389257666950716619e-01,9.374813786499901214e-02,-3.247942816888252371e-01,1.182393327885812168e-01,-3.657134637143308886e-01,-9.147164854162291858e-01,-4.486818322266825643e-01,-5.373430461497205601e-02,6.376613025946754609e-01,9.185460666814375674e-01,7.913626465970945434e-01,9.661062733586958107e-01,6.035513004972299367e-01,9.352720416282588323e-01,6.726327059817045484e-01,8.470817168855626633e-01,7.552232698570202629e-01,5.758023397434610668e-01,7.336847420329838387e-01,-5.927182801620557440e-01,-9.162541538939287245e-01,-6.317817123964912795e-01,-5.840734139156342763e-01,-8.651079903160608930e-01,-5.347955899388886492e-01,-8.692630892771858742e-01,-3.706639095908636494e-01,7.627401666686347559e-01,-1.410937964763059882e-01,5.025264496707277928e-01,-4.389769137818266831e-01,6.218077984099992239e-01,9.292795052283691071e-01,3.292079442989686577e-01,8.707335262691413558e-01,6.075996474890801302e-01,-2.302192592378163316e-02,6.358938408005082588e-01,8.346093394967715184e-01,3.643074211279408448e-01,-5.143298926801338489e-01,5.004006790145099082e-01,-4.200636432785658236e-01,-8.961238465862499947e-01,-5.904030855529054933e-02,-9.472837332987800174e-01,-8.448262423052034231e-01,-8.693579824328727668e-01,-8.714358823293184564e-01,-8.861812033373055453e-01,-9.481053081432982976e-01,-8.360839857599013936e-01,4.831300753692861494e-01,2.819754288489490501e-01,8.674011799578550397e-01,2.812415044815865794e-01,9.535698687452065503e-01,6.878997339227589380e-01,9.048252801648882793e-01,7.827490530699026117e-01,6.457576717195058214e-01,7.313654720549002120e-01,1.410742898710857715e-02
-1.138463810748710225e-01,-8.060839159879468196e-01,-3.848230071528174201e-01,-8.341391368568991382e-03,9.793636558900821187e-01,7.271211525785332697e-01,8.957898330306938162e-01,6.718253102769689011e-01,5.905605430783965604e-01,8.930632170143099069e-01,2.742759817140132395e-01,-8.439578799680667043e-01,-1.761483288511748735e-01,6.408472173652646209e-01,-2.717704492678102782e-02,1.934596830025469560e-01,-4.095491556105680941e-01,-5.943996199815142489e-01,-6.654484995409922776e-01,-4.228451570167937601e-01,-7.937469569033051009e-01,-3.711455276351494637e-01,-8.464037145619666136e-01,-9.208170383260420033e-01,-8.806049182906938722e-01,-7.233028645832779713e-01,-8.652338500569406454e-01,-6.919475631089292422e-01,6.408483486808083107e-01,-2.588427644683811146e-01,8.380262827641228318e-01,1.000000000000000000e+00,6.045767961332898510e-01,9.668725694198995191e-01,3.348552276859227406e-01,8.876691355459730426e-01,5.159774626799387698e-02,4.375916423132272248e-01,-1.997329515075347006e-01,-9.357574037101848985e-01,-8.005728416874234588e-02,-6.795208225015107739e-02,5.739703946152802105e-01,-4.299844888370085161e-01,-7.882112177117915897e-01,-2.687224472507600548e-01,-9.058513786120423461e-01,-4.413101203845722909e-01,-9.829353901619072298e-01,-5.636011617673327700e-01,-9.145058613687461202e-01,3.830792378007055743e-03,-7.891044677876549729e-01,-8.235971482671387844e-02,8.439207961696397753e-01,9.448183475842125700e-01,6.348689336853267084e-01,9.005425257155674768e-01,7.241987612145649178e-02,8.273164714052962943e-01,1.352088945300943534e-01,5.737412785810757088e-01,-2.240800136595803294e-01,4.344119397121182224e-01,-2.410412282942777928e-01,-7.230581636654107580e-01,-4.342583352649311834e-01,-4.771688604131169714e-02,2.912373232624641539e-01,-3.588561714143844172e-01,-1.891362971699446227e-01,2.727738517804301210e-01,-4.191462688073375742e-01,1.619446440826976530e-01,-6.867526642928356573e-01,6.035893872829530826e-01,-7.902201346847781416e-02,6.139379304957327532e-01,-3.338772026545627214e-01,-6.626579698150224518e-01,-4.034306483751196049e-01,4.079711663038944058e-01,7.906629465815165902e-01,9.712311611042833137e-01,4.298036099942178501e-01,8.721268177965055823e-01,9.577770002769313284e-02,8.334555706251433049e-01,1.816686159946809542e-01,7.624892310644028059e-01,3.016522916793423215e-01,3.429152858486044786e-01,2.658413329166741668e-01,-8.889037268793019697e-01,-6.167379708386794279e-01,-2.593782561988013380e-01,-1.659620320014339456e-01,-5.662035591662930578e-01,-2.179005834244723827e-02,-5.831721985682666309e-01,1.761928977381582162e-01,7.942075985252078363e-01,-4.916746127858657722e-01,-2.559558834250524537e-02,-8.249220756805252242e-01,1.144706225767461727e-01,6.073886012392906153e-01,-1.288709619647867288e-01,4.923657398104063776e-01,4.416322520158868503e-01,-5.089160755266387559e-01,6.808517441667021330e-01,8.829654944841479614e-01,5.395750091949059746e-01,8.116851398262599562e-03,6.029868887748879303e-01,-7.217920182252072214e-01,-5.549758056365731163e-01,2.521215346349727215e-01,-6.750589694700227517e-01,-6.150592942241579486e-01,-8.733906147690621014e-01,-5.193425547940215825e-01,-9.551484112319276187e-01,-8.463286823529349023e-01,-4.271713140548152321e-01,8.741543857703635290e-01,6.630344312270585183e-01,9.688542336268997079e-01,7.439562542941079437e-01,7.428009945169313788e-01,2.173334339683506145e-01,9.016776210368742106e-01,5.323959930855112210e-01,8.032705384776848145e-01,5.174387513761007362e-01,1.657822083312010530e-01
5.347071513317531721e-01,-1.006019360198148332e-01,3.239378971789601547e-01,7.736848388817894051e-01,5.421211991000287611e-01,9.321221185919351671e-01,4.301801806700839004e-01,9.786953676996874574e-01,4.807345896092818371e-01,7.982747383401506136e-01,7.648109586825163619e-01,-5.268851105226106668e-01,-4.427164932316979828e-01,3.445866331844359975e-01,-2.968111605547292253e-01,-6.475173341414006689e-01,-3.832398674122249882e-01,-9.867122258681270131e-01,-4.923667945802184254e-01,-9.567308292951555160e-01,-6.391635231520869098e-01,-9.375468589120998786e-01,-7.016842005775517643e-01,-8.535864297475451723e-01,-1.989832367007292324e-01,-5.416107991173769731e-01,-8.764558408087803620e-01,5.523640161568892093e-02,9.701154381635315183e-01,5.679415274668339064e-01,9.239677697507421295e-01,6.045767961332898510e-01,1.000000000000000000e+00,7.545726265774678199e-01,9.410734794183496232e-01,8.746943983477455387e-01,6.129615702031517843e-01,9.682107021687648141e-01,1.857496173275602069e-01,-3.571118000438707751e-01,-2.156130372338339318e-01,-7.014447802592880254e-01,3.219520964544290154e-01,-9.125569174201935141e-01,-8.833888357665229396e-01,-8.709607272575260462e-01,-8.100179079211946576e-01,-9.384032311719060493e-01,-5.469672042238193921e-01,-9.900899157979218268e-01,-2.565453551584069847e-01,7.304682381541163227e-01,-3.973516545322008375e-01,-8.203461343733478017e-01,3.954758108795190519e-01,4.060260256820664715e-01,9.673628278460159047e-01,8.306130749967312044e-01,8.143206660820674347e-01,9.407269404523734835e-01,8.335316430514144725e-01,8.812931654239644086e-01,3.419302415274335649e-01,9.610852588304445998e-01,4.325617017381067630e-01,-8.693441149097750342e-01,-3.224299656588235363e-01,-6.368728556931452234e-01,2.213661164228639677e-01,-5.371709542533051884e-01,-8.726658836638312433e-01,-4.228026254250892291e-01,-9.662614519913373945e-01,-6.402024308522210605e-01,-9.708817123897517387e-01,-2.513422330286577688e-01,-3.383387946406954394e-01,-1.943549933088876969e-01,-2.308631649635246308e-01,-8.920316514938056995e-01,-3.105534701682753917e-01,-2.838466707896984964e-01,3.742275438615393912e-01,7.454569528441238324e-01,8.523206020310042375e-01,8.488595809127320591e-01,8.156435995285514773e-01,8.146061449234996976e-01,8.687004579236011770e-01,7.102532659780698143e-01,9.322472825088750081e-01,5.495338391803743505e-01,9.098172705294989004e-01,-3.423920746550562222e-01,-9.326213500966222814e-01,-7.080768581978921228e-01,-8.086282870131663580e-01,-8.761816095878588451e-01,-7.972205779907963752e-01,-8.699806057686009231e-01,-6.623147980015715586e-01,5.596870046839811375e-01,3.156048307369609118e-02,7.427147948789775134e-01,-9.525765852390540023e-02,8.470573528683686959e-01,9.888141793174465288e-01,6.241335343407402592e-01,9.574410124664853861e-01,6.961027218926729709e-01,3.290608087667278303e-01,5.777289266768650400e-01,6.314297408670799250e-01,2.768740983763690044e-01,-7.537899566569205012e-01,4.364107398152503592e-01,-1.006671216230485555e-01,-9.828973235861148128e-01,-1.627547061969547570e-01,-9.529841862488144244e-01,-9.038124421140014686e-01,-6.831029219546461695e-01,-9.797041897432421376e-01,-6.777901187384566262e-01,-8.932265883352955571e-01,-9.639742359278710149e-01,1.551332123855300726e-01,4.993490591301875947e-02,6.447143594285394963e-01,-6.702097232486124712e-02,9.114990776612935663e-01,8.563829293013326405e-01,7.284210331604777933e-01,7.557473083833400329e-01,3.802133838741044713e-01,6.823051189833087005e-01,-1.824138697374676488e-01
6.267863334591018687e-02,-6.981192769506229245e-01,-1.848976516783433777e-01,2.045434706800152158e-01,9.497245332363464243e-01,8.590719819185393957e-01,8.716390829277372854e-01,7.988542621726726356e-01,6.669086186133318384e-01,9.187387843425421918e-01,4.665866095330157282e-01,-7.880743413043876933e-01,-1.945757834950375964e-01,6.694892683051191229e-01,-3.059156059870546743e-02,-9.721983994129660550e-03,-5.021150752912573179e-01,-7.509307294386026177e-01,-7.269279090691279643e-01,-6.113035601918805906e-01,-8.575426785285623632e-01,-5.673828946820238528e-01,-9.093812200884345831e-01,-9.712574287525753691e-01,-7.531827047432185784e-01,-7.824529035113784170e-01,-9.200782942695762134e-01,-5.174319557640266742e-01,7.921492724600950330e-01,-3.627170286272409644e-02,9.317534070787791833e-01,9.668725694198995191e-01,7.545726265774678199e-01,1.000000000000000000e+00,5.169151365659189201e-01,9.618768546414463438e-01,1.544204264407534333e-01,6.149534993114811332e-01,-1.799234112328513546e-01,-8.522933157228109735e-01,-4.945445917307098732e-02,-2.033874704719461912e-01,6.135777429062383437e-01,-5.652088334534156600e-01,-9.006574258947787071e-01,-4.244452841324367620e-01,-9.713537554334303881e-01,-5.861486048500418322e-01,-9.530840659256776259e-01,-7.173620204955845070e-01,-8.066700355012801360e-01,2.255991818955033756e-01,-7.018098805072645607e-01,-2.949343996460418449e-01,8.261714598314314761e-01,8.585174358936829009e-01,7.890949681972158070e-01,9.348346555105420119e-01,2.614552959044339486e-01,9.227281556276567542e-01,3.116252710544279436e-01,6.660054116363230969e-01,-1.484246543542436514e-01,6.031958374394411626e-01,-1.268618110338583238e-01,-8.469677197826049886e-01,-3.715825112353276505e-01,-1.614438309136801697e-01,3.674018903633728406e-01,-3.717456459525206314e-01,-3.974976455781109030e-01,1.543708347164004513e-01,-5.954502433822659313e-01,-1.711263212596419656e-02,-8.057897450693914942e-01,4.196934695656845404e-01,-2.246781585283188498e-01,4.226854870364832317e-01,-4.037184372850339820e-01,-8.064785595902546067e-01,-4.788394802422747398e-01,2.084673667337534064e-01,7.857048722419656128e-01,9.824231150759912268e-01,6.140231705368132120e-01,9.536769098683133272e-01,3.147464429175171885e-01,9.223330710669720434e-01,3.942340955642784639e-01,8.506035259344840727e-01,4.945262771028950954e-01,4.879513026110897100e-01,4.694728971832132780e-01,-7.850400210740230422e-01,-7.739832477577056613e-01,-4.498929125341438739e-01,-3.198887199187573915e-01,-7.288829313183250447e-01,-2.236066249084905089e-01,-7.416210028808292165e-01,-4.029257418114055855e-02,8.383911323767491153e-01,-3.332581486495380108e-01,1.972630507071974904e-01,-7.098916810232912544e-01,3.262026859359710151e-01,7.609442542727090641e-01,2.904934828160879098e-02,6.728925420813260949e-01,4.900320385947139479e-01,-3.460337092417053451e-01,6.544024601151247067e-01,9.106184768167722154e-01,4.533278642662468827e-01,-2.105132605507997190e-01,5.462526414203690006e-01,-6.520430475986971341e-01,-7.092593359119586660e-01,9.460538657414917230e-02,-8.175719620176365998e-01,-7.098155980436191559e-01,-9.232719882384117227e-01,-6.754110523156939827e-01,-9.756830665552721493e-01,-9.087120702293294272e-01,-6.054014895424626452e-01,7.466064460720542861e-01,5.058176406861278895e-01,9.733142471599462997e-01,5.855271002478770193e-01,8.695312992761442539e-01,4.287554417944289264e-01,9.519383153931977315e-01,6.815236902321245571e-01,7.960044166521633713e-01,6.552385463675858279e-01,1.538909500962080956e-01
6.631438297408185356e-01,2.070786756351440105e-01,4.876048128468145615e-01,9.126087903558244285e-01,2.564944490143818978e-01,8.046670434148870399e-01,1.348168172376896790e-01,9.093857010907436811e-01,2.808890749581747781e-01,6.224534641081472808e-01,7.590190546269434124e-01,-3.391279657647053303e-01,-5.251866911933494864e-01,1.022034269021139391e-01,-4.148533054794325547e-01,-8.469456004516295877e-01,-2.260872033746799403e-01,-9.350224743166818397e-01,-2.701994426251878578e-01,-9.571058268117403900e-01,-4.075713804459641376e-01,-9.501976573796319103e-01,-4.692194976262806794e-01,-6.610078786718915911e-01,8.664017847213190127e-02,-3.106531878835462890e-01,-7.224336399488030525e-01,2.996667044085073450e-01,8.887894684364021636e-01,7.480695364193082897e-01,7.684703339418373913e-01,3.348552276859227406e-01,9.410734794183496232e-01,5.169151365659189201e-01,1.000000000000000000e+00,6.856743675432187546e-01,7.591749402493556120e-01,9.760397790170066701e-01,3.653679520823938098e-01,-6.651877877342865508e-02,-2.983444910784303072e-01,-8.462573338013712476e-01,9.728955908469748282e-02,-9.440606353377503090e-01,-7.174364817295940666e-01,-9.567770992120201434e-01,-5.916203046903746321e-01,-9.630475792584167749e-01,-2.607295459738740995e-01,-9.583597584760731314e-01,4.276080497544249015e-02,8.330805450220969410e-01,-2.160904233465990865e-01,-9.265814229376652111e-01,1.058222443093562032e-01,1.354490330031663525e-01,8.847805428798491967e-01,6.561112335588841216e-01,9.511688636298701871e-01,7.951120316242525909e-01,9.559246742590746804e-01,8.602489317117441026e-01,5.513309699975311728e-01,9.786735734642064699e-01,6.533705900184374471e-01,-7.239131016794990714e-01,-2.851285455472668540e-01,-7.853186478731057907e-01,7.465283109866169275e-02,-5.648391664195205886e-01,-9.478358370469195382e-01,-6.515682211086595288e-01,-9.856374644308191213e-01,-8.434107013059090052e-01,-8.965454084065250795e-01,-5.255002574103787572e-01,-2.964505302189258673e-01,-4.399292016765717905e-01,-7.056632148043472108e-02,-7.692804836769194798e-01,-1.414476355633667859e-01,-4.436492900308453557e-01,9.423556513451712691e-02,5.149403206794289645e-01,8.035632700805980244e-01,6.498720424016496411e-01,9.081617821282668146e-01,6.154445189300451480e-01,9.429588287752047604e-01,5.044100362088601575e-01,9.865786786561523414e-01,4.536530273302851191e-01,9.631032282779263820e-01,-9.383998077233214608e-02,-8.423230611098689868e-01,-6.850670327545587135e-01,-9.254315971356611437e-01,-7.828386023702715857e-01,-9.419324352971775172e-01,-7.691346566749786007e-01,-8.445272240408627784e-01,3.123780961279906676e-01,1.660189267555841619e-01,8.680275406049970943e-01,2.184340216597337736e-01,9.508252109757667769e-01,9.336952846787046623e-01,8.217560926444807956e-01,9.255421343162850700e-01,7.111868050048889556e-01,6.060342791406975183e-01,4.780760419545005968e-01,3.839997193873626036e-01,1.807981686172371039e-01,-8.783870721760672629e-01,3.480399743094021447e-01,1.985484157749606293e-01,-9.542190564425928612e-01,-2.199558286597500800e-01,-8.535524638865686908e-01,-8.664395771956017178e-01,-4.408580639084519470e-01,-9.709826983513859533e-01,-4.158765168731982098e-01,-7.464439125981749967e-01,-9.745709424939059673e-01,-1.471118203596598895e-01,-1.471103281136271757e-01,3.758181624690977163e-01,-3.634659647736307453e-01,7.691404981720789680e-01,9.052100367725066654e-01,4.898341370146607199e-01,6.407439694074598124e-01,9.798380621322549944e-02,5.541329446497034183e-01,-3.506665008076093049e-01
2.367572781526270931e-01,-5.377611508698931786e-01,2.108920849091389452e-02,4.187555775195376806e-01,8.622956635548701954e-01,9.487022143667729335e-01,7.905366103750001150e-01,8.976479285018559295e-01,6.883644621510590644e-01,9.053199144821971744e-01,6.310901521278463600e-01,-7.014451145182326597e-01,-2.310129916330695143e-01,6.406718843590085699e-01,-6.203813560520216736e-02,-2.301148433049935715e-01,-5.475770450666164191e-01,-8.786778724342370062e-01,-7.329171095740393271e-01,-7.768256594223523770e-01,-8.634076718709093878e-01,-7.406086263605735631e-01,-9.128242481845240119e-01,-9.748996089202756066e-01,-5.825121138057310910e-01,-7.828881099863810311e-01,-9.370767842238311163e-01,-3.152411716669030750e-01,9.071175582567833073e-01,1.949303372795022360e-01,9.825266521349512727e-01,8.876691355459730426e-01,8.746943983477455387e-01,9.618768546414463438e-01,6.856743675432187546e-01,1.000000000000000000e+00,2.780503979704143647e-01,7.740193159115111854e-01,-1.201193153886172676e-01,-7.204940427994990237e-01,-4.423011445330143898e-02,-3.550568723784905956e-01,5.991284633863533937e-01,-6.924385386281169952e-01,-9.637213150175938381e-01,-5.803437517853206051e-01,-9.793464134457046111e-01,-7.197939265012249788e-01,-8.676974752931555512e-01,-8.469254042870321131e-01,-6.505848565189961130e-01,4.404122023303744249e-01,-5.912224105510419658e-01,-5.030400349828539897e-01,7.481168887798018696e-01,7.288389100327152814e-01,9.069121375696437282e-01,9.301806134512705659e-01,4.566104196294207274e-01,9.746794152323073890e-01,4.927974568258866594e-01,7.442645803682539363e-01,-3.498557769370747028e-02,7.548785375603156433e-01,2.156710529554634048e-02,-9.246943031767640431e-01,-3.116068203392484692e-01,-2.945264773805853498e-01,4.005973631127276446e-01,-3.924772272594258538e-01,-5.945220965171110761e-01,-3.460145727500819922e-05,-7.537571024165721223e-01,-2.177359736844623750e-01,-8.952655343394190224e-01,2.008375213843356377e-01,-3.396908407405633268e-01,2.048084921616984688e-01,-4.274417455292906509e-01,-9.055846632963988618e-01,-5.064006074240254840e-01,2.793812009665769605e-03,7.203889420983875524e-01,9.438545490359332435e-01,7.627409922762566907e-01,9.820832339171033931e-01,5.246879825553135701e-01,9.581310713724715544e-01,5.955061398068728362e-01,8.834553237015674299e-01,6.758204102470304342e-01,5.922987346519225094e-01,6.592710897029480099e-01,-6.444774630743795862e-01,-8.931817859211430566e-01,-6.088087556034579295e-01,-4.814393111553900151e-01,-8.501482362045986729e-01,-4.314188447931837644e-01,-8.578020718870293937e-01,-2.681889133930282498e-01,8.232229193582859539e-01,-1.691488525184127734e-01,4.181157245960505087e-01,-5.428925045535591964e-01,5.336105041678486094e-01,8.839755510795139770e-01,2.108120174145498293e-01,8.239156741348231394e-01,5.389368445913660377e-01,-1.443927537176877551e-01,6.144169846233792365e-01,8.850249581011780942e-01,3.582875683686574941e-01,-4.278372288320459460e-01,4.813215195171356986e-01,-5.254845051466902062e-01,-8.383500275002306878e-01,-5.034368929903330903e-02,-9.259493142175894143e-01,-7.898224120072968590e-01,-9.191902804792245751e-01,-8.065105627826603119e-01,-9.340341854541676092e-01,-9.308298330254664021e-01,-7.675281058228973219e-01,5.719982496686666362e-01,3.289351857582553662e-01,9.191469666401969052e-01,3.843911937660806633e-01,9.481882134654152638e-01,6.230104096887771892e-01,9.452682730186203752e-01,7.878946285035852704e-01,7.294767842629898968e-01,7.470066215531715459e-01,1.047407983428568778e-01
4.600352750909378341e-01,4.704929226852080926e-01,1.455422959277811179e-01,6.846548817699156242e-01,-8.556935315949668053e-02,3.191126469538920207e-01,-3.241107939881040512e-01,6.330225014537956829e-01,-3.751085516330872061e-01,4.493030963023959545e-01,2.263402975838456899e-01,-3.833954077698522034e-01,-9.052625799688989172e-01,-5.142804100962188318e-01,-8.826785102581818920e-01,-7.601780588456714671e-01,4.466079519426093269e-01,-5.689043739710790692e-01,3.709316296388461276e-01,-5.636674050127233881e-01,1.902951283455062148e-01,-5.441737354240215874e-01,9.062295926626076636e-02,-3.520984019688900291e-01,1.464629416241020610e-01,3.155835326088909376e-01,-5.073393840135599353e-01,1.572223086159709737e-01,4.589429676206457365e-01,4.741947670965641071e-01,3.845770871722565820e-01,5.159774626799387698e-02,6.129615702031517843e-01,1.544204264407534333e-01,7.591749402493556120e-01,2.780503979704143647e-01,1.000000000000000000e+00,6.668156682881326569e-01,8.619272013352620165e-01,1.278079539875742188e-01,-7.916889462740464012e-01,-9.707456185790657166e-01,-5.373144983476861869e-01,-8.699535119413598361e-01,-2.006780942808196744e-01,-9.039007301753848589e-01,-1.219135996159100288e-01,-8.380356718030085306e-01,8.992833919862509851e-02,-6.594306687056471494e-01,2.066975210793103590e-01,4.359975386565395072e-01,-3.511266057046150690e-01,-6.361773873117695377e-01,-3.888941363636972404e-01,2.530709245950335182e-02,4.332192955278065249e-01,4.578921742568780040e-01,8.504324188197349699e-01,4.488198148559577882e-01,8.879680826677406325e-01,8.328464271419296905e-01,9.421040227908923370e-01,7.290529493851062304e-01,9.389373437891097574e-01,-1.924897984153023101e-01,-6.643777894267487438e-01,-9.864758280477819996e-01,-5.757409690210023578e-01,-8.689296976315697973e-01,-6.200087340352141707e-01,-9.335228375393929134e-01,-7.077092063325443050e-01,-8.783365056463630083e-01,-6.428431118760136176e-01,-5.194887387758337915e-01,3.403689650142487366e-01,-2.922232254168021237e-01,5.812582864614317391e-01,-2.171588737116450230e-01,5.219183590968500264e-01,-7.093276124160008411e-02,-4.483215731660437631e-01,2.334841354611444930e-01,2.415471833053775830e-01,1.711037491435862812e-01,5.437839131200093989e-01,7.955613025553649742e-02,5.870473033511206529e-01,-1.018942762237767807e-01,7.055950023824770767e-01,-2.154525353227671192e-01,6.149602767877825338e-01,-1.018673172143037126e-01,-3.357610547638087417e-01,-8.426615762759891159e-02,-9.367778403252898789e-01,-2.146919018052430572e-01,-7.926893922534246073e-01,-1.959038794092443914e-01,-6.520264140448015500e-01,-2.761571866123829766e-01,-2.177314617294482113e-01,5.330853407418408851e-01,4.685777496862732483e-01,6.690321798713319001e-01,5.732572889296680962e-01,9.357589541702729941e-01,4.819617173767909990e-01,8.953875348758881803e-01,7.533831334257833356e-01,6.422599018389637537e-01,-9.502500232259210311e-02,4.952077577468665393e-01,-5.638264605509479832e-01,6.174355052361055751e-01,6.260328020688796791e-01,-6.593679099875231486e-01,3.007193618066862362e-01,-4.041177162305216730e-01,-7.957873553404003486e-01,9.579942770043191336e-02,-7.209237787476129311e-01,2.561400985770472677e-02,-5.324724475313817873e-01,-6.515947223119352705e-01,-2.776104218830326986e-01,1.001520710861533159e-01,-3.084621643503924343e-02,-4.444586382581354744e-01,2.636306083082219365e-01,4.803859805121653004e-01,-1.277674894345202754e-02,1.026532430530938990e-02,-4.353841205939690262e-01,-9.439465320141596227e-02,-8.515433150761221315e-01
6.242591433635631404e-01,8.084471593732359129e-02,4.661831136810370424e-01,8.726565005068676051e-01,3.732799917978563142e-01,8.771263272599552074e-01,2.735457121904683597e-01,9.367399776834323122e-01,4.087642000010665022e-01,6.762097458361612246e-01,8.033065825371916713e-01,-3.785339634457621782e-01,-4.401002879033927284e-01,2.430223118208748589e-01,-3.138576478454853103e-01,-7.758263276301442524e-01,-3.449379030488928244e-01,-9.684118024894667887e-01,-4.037133511603569480e-01,-9.774671593363738475e-01,-5.344456427528150311e-01,-9.679834916389787880e-01,-5.899265638086739205e-01,-7.348734244996429910e-01,-6.404605653518445803e-03,-4.433261420433778910e-01,-7.729495673285959878e-01,2.366779608904837628e-01,9.388813209341059229e-01,7.073787139598904927e-01,8.388746376865415799e-01,4.375916423132272248e-01,9.682107021687648141e-01,6.149534993114811332e-01,9.760397790170066701e-01,7.740193159115111854e-01,6.668156682881326569e-01,1.000000000000000000e+00,2.443585973068855000e-01,-1.796193647436087615e-01,-2.070613785373695559e-01,-7.725922706924506222e-01,2.357312587424350847e-01,-9.184992232327535699e-01,-8.068806359658109439e-01,-9.107612303353914696e-01,-6.941039964041277877e-01,-9.432899054150822860e-01,-3.784456132541336726e-01,-9.759955811708753703e-01,-6.471492361899285062e-02,8.266910212029627836e-01,-2.485519588247922795e-01,-9.035740822307835041e-01,2.450013504714984858e-01,2.239932001347640922e-01,9.377118624047968698e-01,7.126501042325693591e-01,8.961848304012631772e-01,8.563166006625304583e-01,9.012187154455887361e-01,8.458890903912406056e-01,4.288612696082786391e-01,9.763051179458809292e-01,5.362025839627279078e-01,-8.080349930620146504e-01,-2.430773367118645722e-01,-6.973929607627502580e-01,1.918913689400495171e-01,-5.060128925482498818e-01,-9.378022167298935008e-01,-5.328143139935106465e-01,-9.853171334290556915e-01,-7.559665045371645187e-01,-9.235044821517957025e-01,-4.315261420930090464e-01,-3.752719360189629705e-01,-3.731441757379959090e-01,-1.921079773377130373e-01,-8.488499037024508365e-01,-2.652708102612595931e-01,-4.287066067804046754e-01,2.374819813345762365e-01,6.011169823892646980e-01,8.614541578062057114e-01,7.464242838772959798e-01,8.984640367770700964e-01,7.201561516847255762e-01,9.366902722858274633e-01,6.225753527433973700e-01,9.771441798959852321e-01,5.480945051199995754e-01,9.622828440073124545e-01,-1.631076610452648346e-01,-9.059641935102668020e-01,-7.431418382364417541e-01,-8.650028637363780248e-01,-8.554019867293002344e-01,-8.907649192302630192e-01,-8.454927908009270965e-01,-7.907995074411650060e-01,4.460532687953581710e-01,1.672594343809454542e-01,8.471116416497819213e-01,9.058164770956256273e-02,9.279062688678013648e-01,9.668746673608246134e-01,7.271837183193203824e-01,9.617898426323333583e-01,6.657915986270410702e-01,4.906983595503673912e-01,4.754890118578677938e-01,5.042874764385368858e-01,1.653287574163123663e-01,-8.554622344649619459e-01,3.329441805328181569e-01,5.736153089664178945e-02,-9.740089588226150674e-01,-2.594116769283325019e-01,-9.142669677468989731e-01,-8.624301777028774429e-01,-5.644920619497491021e-01,-9.732828383054531463e-01,-5.318993940201958148e-01,-7.915836171047239134e-01,-9.838104621626123647e-01,-3.946990284588530740e-02,-1.146127101183911645e-01,4.916793524045000585e-01,-2.570541812858253561e-01,8.486095063678460448e-01,9.164812144280504169e-01,6.051695784616728524e-01,7.321089477611792962e-01,2.408815074676270429e-01,6.536494453191313836e-01,-2.324193195330147010e-01
1.943003442869984387e-01,5.471722555108377017e-01,-1.181829432325030155e-01,3.307099392703101715e-01,-3.378720782429258662e-01,-1.374901053587564703e-01,-5.823117951193123032e-01,2.284849306478728970e-01,-7.420702578622764278e-01,1.613619459509421650e-01,-2.170110178091499975e-01,-2.668733468546140020e-01,-8.939891350341914178e-01,-8.166554167611970172e-01,-9.481137545867430738e-01,-4.877732664246205441e-01,7.967653270351975348e-01,-1.267343005397315869e-01,7.319717245282315599e-01,-1.120980859294078702e-01,5.797805039467469612e-01,-9.284430878814005361e-02,4.842379729444888925e-01,6.797883919569230448e-04,1.827696562523437873e-01,6.855368846416124429e-01,-1.762575030074184645e-01,4.263901046226192815e-02,3.302029844568358553e-03,1.590046131331820378e-01,-2.633076608147035327e-02,-1.997329515075347006e-01,1.857496173275602069e-01,-1.799234112328513546e-01,3.653679520823938098e-01,-1.201193153886172676e-01,8.619272013352620165e-01,2.443585973068855000e-01,1.000000000000000000e+00,2.556460737367395875e-01,-9.278448328284377711e-01,-7.663187707048548791e-01,-8.415381512505857309e-01,-5.482381223295499373e-01,2.451680838536441920e-01,-5.954542606723409737e-01,2.735746003923688607e-01,-4.912387952227330046e-01,3.454774843304609933e-01,-2.395231237082876552e-01,2.980362996787110919e-01,3.704231476996061589e-02,-3.072198259170754731e-01,-2.505635012675457851e-01,-6.523840650925758489e-01,-9.660028073699045148e-02,-2.884001330743816982e-02,1.513868612047987172e-01,5.317265007229815543e-01,4.680659859086207242e-02,5.795051467998844075e-01,5.491763493398134077e-01,9.481868884383309881e-01,3.277375381460208015e-01,8.736689099538230696e-01,2.613836700438317284e-01,-7.164848902788587548e-01,-8.379877047041796034e-01,-8.673985231962562104e-01,-8.098787048106708131e-01,-2.086398309437283161e-01,-8.707456120224696949e-01,-2.947802166934301304e-01,-6.542703610049105389e-01,-2.538175087854273593e-01,-3.904474856391246251e-01,6.824132779925342618e-01,-1.324618481679120663e-01,8.750450572145522798e-01,2.528494224913105382e-01,8.436877438332534007e-01,1.886979425517461839e-01,-7.249279741535987753e-01,-6.856609388311112052e-02,-2.322945638727638429e-01,-2.439408693073770451e-01,1.324013887766142816e-01,-3.468442155390739634e-01,1.654067994150473786e-01,-5.215799820324845681e-01,2.947449488112722227e-01,-6.278618276426977118e-01,1.860640954849125672e-01,-4.073574094014713320e-02,1.360123692797659545e-01,3.645212972778620331e-01,-6.655039072453265980e-01,2.619404105869079236e-01,-4.602395330000806917e-01,2.787981207047325882e-01,-3.382199088574368573e-01,-6.332393671304706873e-01,-3.991665298021592756e-01,1.496426742336183779e-01,5.396047135664686634e-01,2.772106196350430096e-01,1.340932337441667899e-01,7.488277312500303262e-01,1.660181823405372167e-02,7.440228074426334937e-01,6.586357075137605488e-01,5.427394082721219704e-01,-4.356880670284986601e-01,5.428797732940801035e-01,-1.855655834636754098e-01,5.969613057119834698e-01,7.685958729521596977e-01,-2.406579935798689174e-01,5.574259817740585543e-01,5.403965254937453944e-02,-4.859986567151798886e-01,4.742093562195548451e-01,-3.221370401266190342e-01,3.626696701895210095e-01,-1.966657270492906950e-01,-2.217797062937431340e-01,-3.240458708538975219e-01,2.129636387780401707e-01,-3.427492127137759526e-01,-4.034109075141373846e-01,-1.908737496915196563e-01,4.117181202306453153e-02,-3.924238155021770313e-01,-4.487961567962366338e-01,-7.093147011479598030e-01,-5.346648633331433365e-01,-9.551240412186514650e-01
3.170433758974616767e-01,8.829888446158252746e-01,5.688966888219162410e-01,2.744524548039123379e-01,-9.365771098504723779e-01,-5.098818299008204269e-01,-8.718771601820880512e-01,-4.436353654204001074e-01,-4.904430006710258083e-01,-7.627136935043595800e-01,-3.852316637300209207e-02,8.068294385270586844e-01,7.996079031799423198e-02,-5.955760206985463157e-01,-3.967691357820948839e-02,-4.403801959523562792e-01,3.125307557219955124e-01,3.452991091100774401e-01,5.746941922975742356e-01,1.554031883026810168e-01,6.772644735924754356e-01,1.013869290725005201e-01,7.189238560958415292e-01,7.689142898037547580e-01,9.488008043046343154e-01,6.250107098796460203e-01,7.019921763477499077e-01,8.245612175224955598e-01,-4.002252881711007571e-01,4.987002768040018075e-01,-6.458075734597128470e-01,-9.357574037101848985e-01,-3.571118000438707751e-01,-8.522933157228109735e-01,-6.651877877342865508e-02,-7.204940427994990237e-01,1.278079539875742188e-01,-1.796193647436087615e-01,2.556460737367395875e-01,1.000000000000000000e+00,4.104582163217523894e-02,-1.558045204958490582e-01,-5.304310597724624099e-01,1.940435284956344153e-01,5.969398970580287456e-01,2.187201061712309644e-02,7.573862029303467525e-01,1.961998753558017172e-01,9.366709687347740676e-01,3.103340989010088258e-01,9.628950837057828060e-01,2.561987337563179090e-01,7.869251844640946514e-01,-1.875305816832410211e-01,-8.173495520059426145e-01,-9.527980761870672444e-01,-3.923380766685214405e-01,-7.577839064875562247e-01,1.890342447764685463e-01,-6.314247788454507848e-01,1.199979338051534034e-01,-3.735518762171308182e-01,3.506443025306302252e-01,-1.712862272194650981e-01,4.094189622430143838e-01,5.230978720785245395e-01,4.135000381927450563e-01,-1.454903001800074980e-01,-2.305871880074421842e-01,2.542557264691241992e-01,-8.388071707827007839e-02,-4.380372856452764418e-01,1.537333398560261077e-01,-3.952865776848784041e-01,4.628250491035340586e-01,-7.809170986362048428e-01,-5.375797301602282946e-02,-7.813524388964144807e-01,2.758138128199207895e-01,4.441693490764929142e-01,3.285407484047095927e-01,-5.840366610427065730e-01,-7.621283724060492482e-01,-8.635897921304793723e-01,-1.883385998129350480e-01,-7.050164809350435435e-01,1.751704715129212830e-01,-6.687253495841549711e-01,9.235021645081212260e-02,-6.176003451640629249e-01,-2.836351442295945158e-02,-1.811942605659631611e-01,9.217229821269096526e-03,9.171729542825322046e-01,3.807345457339899042e-01,3.643537349106634737e-02,-7.284192451874461904e-02,3.379028809502672148e-01,-2.434226451573660022e-01,3.602174948679439659e-01,-4.311403698295355191e-01,-7.055581811134150616e-01,6.013083572744760685e-01,2.904185026652106871e-01,9.100699178670454970e-01,1.588577214488600120e-01,-3.590231953014373922e-01,3.472729787218303277e-01,-2.328107130246135914e-01,-2.925175102037898545e-01,6.890052433929060305e-01,-6.073748633743532022e-01,-7.919275951690305515e-01,-5.516670365774802853e-01,-2.744248871172990656e-01,-5.689589701427706370e-01,7.773464630900350780e-01,3.067026300711115372e-01,-3.723668612788402221e-01,4.462037963774208582e-01,4.129414491990130442e-01,7.595542916293905877e-01,2.668296909446503107e-01,8.585132012515183098e-01,6.753202964608628900e-01,1.584802185200156199e-01,-9.513568265607887930e-01,-7.626972656200072809e-01,-8.870590893784395803e-01,-8.775271480982577144e-01,-5.341084531307506156e-01,5.061108607002793441e-02,-7.783331320762230110e-01,-3.351451024392008149e-01,-7.761236296705678051e-01,-3.411098030333863385e-01,-2.241663192973637475e-01
-1.764112855673787700e-02,-2.459433777613095617e-01,3.901787933963022370e-01,-1.483516123112813001e-01,5.887581861355974805e-02,6.259157609989308979e-02,3.317423175339382357e-01,-2.946928801742493276e-01,6.574756304141835539e-01,-3.717375179077548331e-01,3.115230107192910602e-01,5.356238658238283712e-01,9.298179247030444738e-01,6.790237153136877701e-01,9.570961603815173468e-01,2.646416765921466019e-01,-7.736179284403096323e-01,1.471311027012525974e-01,-6.151991664035448837e-01,6.043117584958686977e-02,-4.313079030091502841e-01,2.151994409907631578e-02,-3.206319863861658570e-01,1.949467256847987051e-01,1.538806308548464341e-01,-5.519990263072512837e-01,3.540370338195412137e-01,2.859048445916860248e-01,-3.946763903330482992e-02,9.821150770719035139e-02,-1.100310323046024552e-01,-8.005728416874234588e-02,-2.156130372338339318e-01,-4.945445917307098732e-02,-2.983444910784303072e-01,-4.423011445330143898e-02,-7.916889462740464012e-01,-2.070613785373695559e-01,-9.278448328284377711e-01,4.104582163217523894e-02,1.000000000000000000e+00,6.642431350982525018e-01,7.308293803800198774e-01,5.451614470042684957e-01,-1.375040403480433104e-01,5.341253714987584944e-01,-9.502872571824678982e-02,4.833957624628955063e-01,-6.805735169809214169e-02,2.535777474313022362e-01,2.969595023811164372e-02,1.527575510769575429e-01,5.862670121611176510e-01,9.081377932715287149e-02,4.221356046472807266e-01,-2.209792365416858306e-01,-2.364309128616521281e-03,-3.551197519931509339e-01,-3.908391900248128770e-01,-1.806689836399257287e-01,-4.657695003858404181e-01,-6.215963984915103824e-01,-8.292376170691567738e-01,-2.975037193460278173e-01,-7.184228450041774128e-01,-1.840844764567978742e-01,8.913007183640235809e-01,7.571312132640115600e-01,8.607820887591892678e-01,8.947928567388647725e-01,8.012234244509339187e-02,7.025635423809245550e-01,2.539192036436309086e-01,4.619285262228776112e-01,3.310313729780933745e-01,7.694245797823030808e-02,-7.903739036020317466e-01,-1.903882677442222116e-01,-8.527805754494872659e-01,-2.061380666694904995e-01,-8.083760348916783078e-01,-4.663403120575937422e-01,5.194407605907568337e-01,-1.737491163268714833e-01,2.797646339776763691e-01,8.876300830704596245e-02,2.979785265197474470e-02,2.084027696535685203e-01,-3.131515801423982726e-02,4.016583013477221242e-01,-2.081283259894353421e-01,6.670816109022033036e-01,-8.063090483442103551e-02,3.614202159113766299e-01,-1.127306627426144237e-01,-4.618610590743335576e-01,5.781208440786432812e-01,-2.551580924339833523e-01,2.951032212468978067e-01,-2.654210102558410833e-01,1.075834525407605297e-01,4.683946488178309386e-01,6.649672302217181086e-01,4.813409417526017670e-02,-2.289062317890058207e-01,-1.264296003733090534e-01,-1.604412574565478311e-01,-5.829394376657466292e-01,1.063225722989724273e-02,-8.204801049035529426e-01,-3.896330249830173842e-01,-7.450681269834132925e-01,2.338135102865464554e-01,-7.624203427238673836e-01,-4.365451680303557638e-03,-8.055127615412748243e-01,-5.266308942835992157e-01,2.541679691798877649e-01,-7.601649049329652907e-01,-2.725230404530815023e-03,5.662657329779453574e-01,-2.929033093815479605e-01,3.273806458445059353e-01,-1.325507362654980148e-01,3.648820727645783468e-01,1.772499040103707457e-01,-9.971570967921937825e-03,-5.207915541203591570e-01,9.658019913493817721e-02,7.648286039780596846e-02,1.068505089266691271e-01,8.320088763481708893e-02,2.030524718506118986e-01,4.414563544127026451e-01,4.974927936093605507e-01,5.206750063512650684e-01,9.058035911840529586e-01
-5.533962305441154639e-01,-4.742444689406772329e-01,-2.892232204026882192e-01,-7.921410147391773071e-01,5.702995847218041842e-02,-4.328081576407947217e-01,2.649456116050373233e-01,-7.009943559115420220e-01,2.342080198127581558e-01,-4.595112280539923599e-01,-3.837841614686945402e-01,3.253358860664452568e-01,8.184497810644991711e-01,3.971913285662476145e-01,7.807337483016107971e-01,8.428783164569018105e-01,-2.911724574436326818e-01,6.689778874569854983e-01,-2.404074402829522450e-01,6.847582759553136889e-01,-7.355045124863617001e-02,6.719022810436574566e-01,1.596609766099191252e-02,3.975281249231745195e-01,-2.018666432990853521e-01,-1.910916030911891383e-01,5.358968336751577244e-01,-2.623028425571892752e-01,-5.693552872142308985e-01,-6.045908295580896263e-01,-4.619837507045954639e-01,-6.795208225015107739e-02,-7.014447802592880254e-01,-2.033874704719461912e-01,-8.462573338013712476e-01,-3.550568723784905956e-01,-9.707456185790657166e-01,-7.725922706924506222e-01,-7.663187707048548791e-01,-1.558045204958490582e-01,6.642431350982525018e-01,1.000000000000000000e+00,4.108553532993265422e-01,9.073001086746451671e-01,3.130083825266928299e-01,9.479432307625446086e-01,2.067933830746448709e-01,8.882618811110740698e-01,-5.914671330258830517e-02,7.453861616341607155e-01,-2.355811636268989040e-01,-5.832621337109428206e-01,2.700488263236374142e-01,7.539108970371390939e-01,3.180020415056616367e-01,1.039571973117828750e-02,-5.497916144141615780e-01,-4.764193776129786451e-01,-9.214397961268667725e-01,-5.181612917162952137e-01,-9.456105860545929165e-01,-8.417485680323127939e-01,-8.863650767692057286e-01,-8.159027323757731542e-01,-9.186798797979598419e-01,3.148517955894537534e-01,5.477680957333905809e-01,9.742337886463133811e-01,4.258016066791139864e-01,7.939850432366195587e-01,7.409338482185349184e-01,9.141722665898007749e-01,8.001451742066212347e-01,9.255885273813124758e-01,7.044900805271905320e-01,5.948852386348942867e-01,-1.651825405498161814e-01,4.002438059253243252e-01,-4.334894096767178406e-01,3.511731900032378784e-01,-3.726897247968072313e-01,2.221819733260446128e-01,3.620649516942227586e-01,-2.605809113008587530e-01,-3.974538396771895576e-01,-2.641706168983133929e-01,-6.791602455543823691e-01,-1.883987767196742269e-01,-7.151607967631531393e-01,-2.463366001086377335e-02,-8.087011184693289056e-01,4.340786645869514071e-02,-7.364466713497704875e-01,3.724159854865728009e-02,4.659385838677905789e-01,2.562914352088802028e-01,9.717233393375481754e-01,3.605672557509456699e-01,8.792679554238594930e-01,3.420320121355562293e-01,7.611415303776936092e-01,1.669261180656578525e-01,7.084386913367918259e-02,-6.686038461199205196e-01,-4.775534781074368684e-01,-7.835496341425565170e-01,-6.708327292243450035e-01,-9.592710200377860819e-01,-6.087974442413004450e-01,-8.524381047831699476e-01,-7.856164158363936334e-01,-5.733219023428359762e-01,1.797573048285537600e-02,-3.819413091022779705e-01,6.928042976984741808e-01,-5.205627646688518739e-01,-5.794439823261292588e-01,7.446029183240704397e-01,-1.348483786599095902e-01,5.165772765691065693e-01,8.127796909748571386e-01,8.355512451360563343e-04,7.967691824890028585e-01,3.896016378473484559e-02,5.626837089907660294e-01,7.557725398209055312e-01,3.174020185259940896e-01,2.198976039238452820e-02,-2.168320640982852876e-02,4.985767782090771427e-01,-3.795029627402171646e-01,-6.221984846024406490e-01,-7.542410434168221600e-02,-1.681533833114862431e-01,3.525866238657360818e-01,-6.430004285573384659e-02,7.523383532938144880e-01
2.484099846163029257e-02,-6.630928657444580265e-01,1.851215306842391717e-01,1.069581433161781100e-02,6.729801021910755132e-01,6.137740364578412322e-01,8.436507709706734248e-01,2.870805436309530334e-01,9.663933058026674683e-01,3.050998108463442993e-01,5.550868893805388504e-01,-8.940365773788595816e-02,6.200003076286311199e-01,9.867210874736342952e-01,7.492570425415612245e-01,2.119256740677570860e-01,-9.519860252941798606e-01,-3.733262085874364256e-01,-9.737702329001166612e-01,-3.500681607510836013e-01,-9.112475089807056117e-01,-3.523596271027442661e-01,-8.554200971963323852e-01,-4.821163586094070475e-01,-3.751457985957892816e-01,-9.581443910790261587e-01,-3.205444914373435927e-01,-1.151374341421800701e-01,4.867300595837889543e-01,4.967910722009082763e-02,5.239476000798749533e-01,5.739703946152802105e-01,3.219520964544290154e-01,6.135777429062383437e-01,9.728955908469748282e-02,5.991284633863533937e-01,-5.373144983476861869e-01,2.357312587424350847e-01,-8.415381512505857309e-01,-5.304310597724624099e-01,7.308293803800198774e-01,4.108553532993265422e-01,1.000000000000000000e+00,6.945425193897845906e-02,-7.034528056924246320e-01,1.546083668036994374e-01,-7.149283731495684746e-01,6.082227686220393822e-03,-6.842202067759675099e-01,-2.651951105756039651e-01,-5.106278403947827060e-01,2.663347219474180849e-01,8.942437290790245311e-03,-1.174892400535828274e-01,8.834838420185214813e-01,3.915474323576796367e-01,5.144841854177821805e-01,3.291891161555060563e-01,-1.465174667614433379e-01,4.607498192946438698e-01,-1.733671394208497474e-01,-6.316202294833127284e-02,-7.660814827503215074e-01,1.564398340593649850e-01,-6.624793224054059682e-01,-7.024407297314315679e-01,4.652924988680570695e-01,5.046129410398171311e-01,9.349098395181658638e-01,4.770478495016271525e-01,-1.938336580859671698e-01,6.683621517543295587e-01,-1.845139076388923050e-01,3.645108127737204939e-01,-2.621804264973506271e-01,3.430958973400876078e-01,-7.805863263869483593e-01,1.296295056043448579e-01,-9.504828910370142214e-01,-6.941891793172120240e-01,-9.645065431447901183e-01,-2.332465412913793668e-01,9.357599156206205526e-01,5.072435937175215903e-01,6.256778368967805815e-01,6.980681799313169789e-01,2.265159626904613421e-01,7.737587298204008368e-01,2.303348176967307259e-01,8.822715491797861187e-01,1.538254987279229768e-01,8.550689453099541426e-01,2.397397925650747996e-01,-2.303470139362797375e-01,-5.973371860070815220e-01,-6.637762274117887662e-01,2.594793697176338010e-01,-6.821658368793188654e-01,9.409510305689848531e-02,-6.987108133494500661e-01,6.580734696491077895e-02,9.292773744404788649e-01,3.101559224687101546e-01,1.631896220900944938e-01,-6.551329597858940312e-01,1.087644761970286422e-01,3.686386639431664669e-01,-4.531930052217690297e-01,4.482272377725807777e-01,-3.387117690441248108e-01,-5.449829943808478516e-01,-1.635563116798554040e-01,7.904989557558206315e-01,-3.155498485131639219e-01,-1.378068326309971059e-01,-2.876406065690406133e-01,-8.534040983485647880e-01,-2.601830489734624496e-01,-5.469258256255967732e-01,-5.384551273464812660e-01,-1.047501580663974356e-02,-8.447827551591700068e-01,-1.783715529092791130e-01,-7.473541048206402415e-01,-3.039019137326509079e-01,-2.519258644652151991e-01,4.866794672149556411e-01,-8.220350277331642252e-02,7.179532991114588869e-01,4.502461801138748498e-01,6.560579505520470756e-01,3.453928895580204439e-01,7.902995306686292354e-01,8.016939030086474016e-01,9.263325842732080817e-01,8.484633777056722614e-01,8.319250184712303486e-01
-5.274771606357375742e-01,-1.380567048861523483e-01,-2.246491202924819075e-01,-7.862655269724967422e-01,-3.211866196073251412e-01,-7.319908094747200611e-01,-1.268724027693411138e-01,-9.207726107883760225e-01,-1.029868843232876197e-01,-7.407704321916813717e-01,-5.563197834061931468e-01,5.544039074307557380e-01,7.376393301665270519e-01,4.165358901802856256e-02,6.378697949314815485e-01,7.454561255823575205e-01,-1.660295031775979200e-03,8.858369917990773779e-01,1.177753664037420045e-01,8.535884992345086353e-01,3.036993940381672585e-01,8.283355095339823837e-01,3.948100554581289723e-01,7.207931015184712020e-01,9.507559303879106749e-02,1.778961011336931131e-01,8.128345717598357556e-01,-6.249910051984593901e-02,-8.208557218880971895e-01,-5.435428583033552474e-01,-7.715007068128267864e-01,-4.299844888370085161e-01,-9.125569174201935141e-01,-5.652088334534156600e-01,-9.440606353377503090e-01,-6.924385386281169952e-01,-8.699535119413598361e-01,-9.184992232327535699e-01,-5.482381223295499373e-01,1.940435284956344153e-01,5.451614470042684957e-01,9.073001086746451671e-01,6.945425193897845906e-02,1.000000000000000000e+00,6.456640242642218697e-01,9.783457915705346952e-01,5.723643046626792907e-01,9.917952939838570181e-01,3.219447822523946456e-01,9.330462972246073017e-01,9.647449699238656862e-02,-6.303628769470953630e-01,4.645440463489562410e-01,7.921537558014344338e-01,-6.792857130561748280e-02,-3.047513357017215263e-01,-8.049019271953766763e-01,-7.639962336887988759e-01,-9.039384364686109397e-01,-8.129959672530538972e-01,-9.395804162465043463e-01,-9.697255635907884308e-01,-6.749256990871714823e-01,-9.451393083291276254e-01,-7.206211328781693126e-01,6.296475323855960093e-01,5.634249494737016972e-01,8.791835072991107669e-01,1.678452434165081941e-01,7.862888845393435355e-01,8.206288918799818921e-01,7.103912450468267137e-01,9.355254102367152047e-01,8.070833974973447011e-01,9.234396512063963725e-01,3.702471994327988236e-01,5.891544463921790167e-03,2.162617112530640928e-01,-1.627337121414030585e-01,6.497605793774912097e-01,-8.222983530590192991e-02,1.615458145951461921e-01,-2.103276456760093394e-02,-6.023922528664401588e-01,-6.236680463895708515e-01,-6.173493538598167074e-01,-7.415011547573913120e-01,-5.470678773281897334e-01,-8.000459397157871910e-01,-3.876327216852042956e-01,-9.075631535812190842e-01,-2.082243928399677424e-01,-8.439949452925926687e-01,3.072614237727643860e-01,7.330833997662237200e-01,4.482164457369912092e-01,9.549082425961338272e-01,6.328243496002570190e-01,8.599383078764903932e-01,6.209663225911813411e-01,6.966483800851982489e-01,-2.147099758752716858e-01,1.368740659161585271e-01,-6.874358584422589624e-01,-1.382409479202990621e-01,-8.277498608277005232e-01,-8.899818375183463637e-01,-8.317449173167654752e-01,-8.153556820061287347e-01,-8.928337597414134352e-01,-5.458609512447784029e-01,-7.109327937703223688e-01,-3.587627082206716334e-01,-4.542114310078991801e-01,7.117655236824672604e-01,-6.132989064956126946e-01,-2.273553472384071683e-01,9.289217496987431932e-01,-9.123929378757662800e-02,7.847915776114130493e-01,9.633848060729557350e-01,3.849087136882301530e-01,9.573698186763270890e-01,4.245067925151091437e-01,8.320852564787949435e-01,9.054825754331591314e-01,-2.149289327837957601e-04,-1.305906099779969298e-01,-4.051554216409992693e-01,2.193942693102969577e-01,-6.910373117103940643e-01,-7.386184825890943495e-01,-4.557498105210162631e-01,-4.556536148959018928e-01,-3.259157366054963451e-02,-3.582505156074580754e-01,5.444161253892706442e-01
-3.449369089050884352e-01,4.602387405306653245e-01,-2.274889984349468264e-01,-5.151780251368486274e-01,-7.849696576774091161e-01,-9.801460728674830092e-01,-7.659423517100202305e-01,-8.713313610283249799e-01,-7.991177419285627748e-01,-7.935681152652600545e-01,-7.732020084467466914e-01,5.200384515571775390e-01,7.395597456028059347e-02,-7.248894945637677223e-01,-9.834083251593639385e-02,3.138611109492852602e-01,6.998839771843157198e-01,8.987621051544807393e-01,8.220243410068910350e-01,8.420264957428016395e-01,9.146718138840327361e-01,8.212898060006066370e-01,9.418720092513344078e-01,9.052604429758361881e-01,4.222449916282252635e-01,8.573663143668672770e-01,8.466177183065568546e-01,1.194972797575851314e-01,-9.396840734397496897e-01,-3.552851683002402616e-01,-9.557243895111408039e-01,-7.882112177117915897e-01,-8.833888357665229396e-01,-9.006574258947787071e-01,-7.174364817295940666e-01,-9.637213150175938381e-01,-2.006780942808196744e-01,-8.068806359658109439e-01,2.451680838536441920e-01,5.969398970580287456e-01,-1.375040403480433104e-01,3.130083825266928299e-01,-7.034528056924246320e-01,6.456640242642218697e-01,1.000000000000000000e+00,5.577208970205098648e-01,9.653856976166389492e-01,6.882876008951441804e-01,7.919338828613634584e-01,8.509128626443486221e-01,5.196284054910598194e-01,-5.905625781666420382e-01,3.859401248983260202e-01,6.030104576187421683e-01,-7.496304838456612218e-01,-5.754202937422233655e-01,-9.476642677064126552e-01,-8.249735185222745182e-01,-4.919596830295103196e-01,-9.397172062588952102e-01,-5.050985639454483866e-01,-6.516959979031475836e-01,1.145670015069144981e-01,-7.697044799738770315e-01,1.587189915536492066e-02,9.732124745316699244e-01,9.801170781544438215e-02,2.291784833505295937e-01,-5.671099122341336507e-01,2.238913552779510929e-01,6.864843706050552941e-01,-3.051986172947722398e-02,7.805043021672025683e-01,2.523332712664541622e-01,8.572549498187869155e-01,-6.686033874952020117e-02,5.486649004007365660e-01,-2.100529328722229583e-02,5.858824019447542719e-01,9.738839199113412670e-01,6.557397230130409538e-01,2.166963377203349195e-01,-7.483676716398504070e-01,-8.517450144043147153e-01,-8.833262935459869070e-01,-9.806872287987800085e-01,-6.461956879220657202e-01,-9.827610345695010352e-01,-6.970164405626044779e-01,-9.453715230088250987e-01,-7.276941251720926429e-01,-7.606322201341989553e-01,-7.414799242168227389e-01,4.611761714786392075e-01,9.555749354081194413e-01,7.757771610074315483e-01,4.590122518429508580e-01,9.439673604988683131e-01,4.942503544752004374e-01,9.491326481795809844e-01,3.846410381932671707e-01,-8.691958022404188133e-01,-6.643736640466582632e-02,-5.533322891091810858e-01,4.569943803013348238e-01,-6.236128409341413770e-01,-8.997873417649663308e-01,-2.117905981924209646e-01,-8.924631251850648761e-01,-3.970380065005605918e-01,8.086375173332548127e-02,-4.261816967975905479e-01,-8.750843277615377724e-01,-1.435789822868749899e-01,5.531921116445888131e-01,-2.705867148622376206e-01,5.227213917388975339e-01,8.434016665204377983e-01,2.857162284823313025e-01,9.555255527667737558e-01,7.027365392057089988e-01,9.309175455700988699e-01,8.033561626485056228e-01,9.003245123807513961e-01,8.472823230318067278e-01,8.078437255964369124e-01,-4.366693875784757317e-01,-1.059601057766250548e-01,-8.687452974008593731e-01,-2.542608926163317795e-01,-9.850567016280008525e-01,-7.405316297737616349e-01,-9.427434587192842219e-01,-9.066941957459088153e-01,-7.505813967428249800e-01,-8.742874289754203332e-01,-2.379389001267510073e-01
-6.026638202978505943e-01,-3.008845445627851278e-01,-3.456944804417740880e-01,-8.592978883292822223e-01,-1.593794413895665008e-01,-6.625374122550010680e-01,2.301064606968740781e-02,-8.614055676375055315e-01,-2.966269294189880293e-02,-6.153577617871356376e-01,-5.735185253157889518e-01,4.114156682743432270e-01,7.271182769681825420e-01,1.387719988162981755e-01,6.451132085373203484e-01,8.449756288866884235e-01,-4.291155125079289950e-02,8.471076166383212369e-01,2.822426557886064183e-02,8.509344010054670226e-01,1.971912199604005100e-01,8.358368055362858096e-01,2.812842905227965207e-01,5.974251256735509941e-01,-8.083729846598031177e-02,7.949263308067110179e-02,7.014611217077072469e-01,-2.233008891109977689e-01,-7.721291882831908815e-01,-6.554371906340410447e-01,-6.742407485795666178e-01,-2.687224472507600548e-01,-8.709607272575260462e-01,-4.244452841324367620e-01,-9.567770992120201434e-01,-5.803437517853206051e-01,-9.039007301753848589e-01,-9.107612303353914696e-01,-5.954542606723409737e-01,2.187201061712309644e-02,5.341253714987584944e-01,9.479432307625446086e-01,1.546083668036994374e-01,9.783457915705346952e-01,5.577208970205098648e-01,1.000000000000000000e+00,4.518439714232047599e-01,9.771192733284078669e-01,1.600223238251603231e-01,9.002678833099515554e-01,-7.939612216618026352e-02,-7.014070624357428008e-01,3.212738158791056398e-01,8.500112698814078493e-01,7.249384988632188997e-02,-1.333442481270063207e-01,-7.580268228189587232e-01,-6.408212581519429074e-01,-9.604480895384155392e-01,-7.183786255633826112e-01,-9.828239399472845639e-01,-9.174725752021607450e-01,-7.433749160219302876e-01,-9.362537475108010376e-01,-8.034893370527735890e-01,5.558397869052267293e-01,4.852360357989287665e-01,9.173769278203376398e-01,1.975984801707846572e-01,7.447439519030700783e-01,8.601797194211614483e-01,7.994214926580174296e-01,9.324623251087043041e-01,8.971818672037413789e-01,8.603829732188145174e-01,5.256177204313852158e-01,3.305497504748639015e-02,3.718876891347950298e-01,-2.007751785572766678e-01,5.928055691992852871e-01,-1.286193693948054217e-01,2.845546294611187021e-01,1.084707553161478599e-01,-4.580986728144671449e-01,-6.148132291685048934e-01,-5.084985214686282839e-01,-7.985847909119622168e-01,-4.452272507286829106e-01,-8.423828290629811200e-01,-2.942486914312458790e-01,-9.271831862697519355e-01,-1.956057950043721960e-01,-8.711553076860718559e-01,1.393750610995217465e-01,6.885874646583574066e-01,4.656884644164433484e-01,9.871800604992522210e-01,5.960217057008782016e-01,9.264111082410636522e-01,5.800507949538080688e-01,7.964234963301042303e-01,-1.011941295134256985e-01,1.605902459239524557e-02,-7.644049252592077792e-01,-3.062984444148691421e-01,-8.810381246855294446e-01,-8.492943109859653061e-01,-9.105347961771249610e-01,-7.985652814314392334e-01,-8.491659015594256177e-01,-6.820693599278010444e-01,-6.047709040560000915e-01,-2.289301592042779776e-01,-3.504293121264873689e-01,7.854597227232468226e-01,-5.105190203013856287e-01,-3.679201430886875901e-01,8.966280327381805915e-01,-8.957147934672848172e-03,7.271122115399314412e-01,9.053257805567656025e-01,2.629201512138131247e-01,9.326226682986383798e-01,2.819045591059551326e-01,7.258844547205079989e-01,9.013059445204790743e-01,1.762672299030981493e-01,1.739653675730612817e-02,-2.559136984508104118e-01,3.873358726991797951e-01,-6.164775867097584960e-01,-7.736068702940998021e-01,-3.305099409984704750e-01,-4.175861033192454497e-01,9.960511773522402745e-02,-3.177019171611947801e-01,5.841443322628889767e-01
-1.811633071147445984e-01,6.286083950441716528e-01,-1.214527577732506247e-02,-3.299796526662474028e-01,-9.026285843764121353e-01,-9.322346282501599024e-01,-8.676341516370581486e-01,-8.252768974568788218e-01,-7.824024261536322022e-01,-8.580803519921573752e-01,-6.278693660246396080e-01,6.521554965130199610e-01,8.190600417524578070e-02,-7.539715266557923679e-01,-9.049218006319047214e-02,1.205502521689899020e-01,6.504796287048335568e-01,8.186525610778921935e-01,8.253134394904355631e-01,7.173937640089741441e-01,9.292466097342332310e-01,6.850465089786147432e-01,9.637207909073327583e-01,9.491580079131025638e-01,6.170904688789787818e-01,8.685794861806183098e-01,8.832281471225801317e-01,3.391590516151884449e-01,-8.683295322768900260e-01,-1.359068837641997651e-01,-9.543882822595486370e-01,-9.058513786120423461e-01,-8.100179079211946576e-01,-9.713537554334303881e-01,-5.916203046903746321e-01,-9.793464134457046111e-01,-1.219135996159100288e-01,-6.941039964041277877e-01,2.735746003923688607e-01,7.573862029303467525e-01,-9.502872571824678982e-02,2.067933830746448709e-01,-7.149283731495684746e-01,5.723643046626792907e-01,9.653856976166389492e-01,4.518439714232047599e-01,1.000000000000000000e+00,6.076929136659160458e-01,9.093270757482655453e-01,7.709477069673080774e-01,6.996664230563944820e-01,-3.955487298479572478e-01,5.414069440414707168e-01,4.252431000949475903e-01,-8.399672660772671273e-01,-7.415473875600365750e-01,-8.724308787964534240e-01,-8.830422401968754942e-01,-3.375896656436321308e-01,-9.362525043394185342e-01,-3.672281576660553215e-01,-6.292811435500226258e-01,1.949378442734364947e-01,-6.650992547308607339e-01,1.325807264910362493e-01,9.303435102275169344e-01,2.003310767016432403e-01,1.402426996292636951e-01,-5.195956090251094839e-01,2.533138422166310577e-01,5.220381029648498705e-01,-1.540009723125145003e-01,6.689877423176405769e-01,8.516428571523365632e-02,8.214179249465847210e-01,-2.839940895781834507e-01,4.223249610560824152e-01,-2.474967084538371165e-01,5.489459542808332593e-01,9.087056259849153328e-01,6.201864310296621996e-01,2.606513814322212932e-04,-8.219189677298932573e-01,-9.345480549876827858e-01,-7.602356982899250992e-01,-9.904994741167686412e-01,-4.639401270988003367e-01,-9.812761994156855572e-01,-5.285050694425003082e-01,-9.361245920011285193e-01,-5.890840956979743748e-01,-6.605886869874753042e-01,-5.888937135847540638e-01,6.381161284245883136e-01,8.750107401766241688e-01,6.296170858849401419e-01,3.448858862287471627e-01,8.525832047320830442e-01,3.224299810343447259e-01,8.634622536041519636e-01,1.798108188874699143e-01,-9.014230445091702126e-01,1.237225377914318025e-01,-3.559193360089995539e-01,6.326251060995821129e-01,-4.498935281320947110e-01,-8.241542167938152863e-01,-6.651005963308737057e-02,-7.804607795021702987e-01,-4.027064284888311474e-01,2.677443480648483698e-01,-5.189175291290698544e-01,-9.313460659064242142e-01,-2.766412635439307044e-01,3.610263425345517363e-01,-3.840448060292399046e-01,6.468397710103450660e-01,7.632964871862358835e-01,1.182893427937850434e-01,8.932076915693074604e-01,6.814411761155050318e-01,9.661174299177333058e-01,7.199982451584635568e-01,9.714991485329920184e-01,8.747777228498762048e-01,6.921583079302950914e-01,-6.293331158806760861e-01,-3.095852727302815244e-01,-9.553420181849253678e-01,-4.620578317437523119e-01,-9.429427904532381444e-01,-5.755787186719313331e-01,-9.814104681027329136e-01,-8.221234332858963212e-01,-8.278486198287529074e-01,-7.978945237323369355e-01,-2.561468853388556566e-01
-5.540473846243886280e-01,-1.240294456044535865e-01,-2.751282422864343435e-01,-8.134779702444364657e-01,-3.398386352764875551e-01,-7.731091166400281267e-01,-1.618885981222743520e-01,-9.371254365069671133e-01,-1.692352643758648634e-01,-7.401075450802285793e-01,-6.139107689732288264e-01,5.287251722089236772e-01,6.863080395681795398e-01,-1.895195932890258658e-02,5.786069912943333504e-01,7.590617030386576092e-01,7.126488314803050561e-02,9.150645427868226989e-01,1.804731196621198186e-01,8.904641647009418071e-01,3.579153236169085872e-01,8.682302134396876481e-01,4.429841566737773850e-01,7.362710805900190003e-01,8.188276051752539642e-02,2.374346562156059159e-01,8.183356911169039627e-01,-9.579969258442726232e-02,-8.576757820538968291e-01,-5.821229554625687586e-01,-7.987076190876154502e-01,-4.413101203845722909e-01,-9.384032311719060493e-01,-5.861486048500418322e-01,-9.630475792584167749e-01,-7.197939265012249788e-01,-8.380356718030085306e-01,-9.432899054150822860e-01,-4.912387952227330046e-01,1.961998753558017172e-01,4.833957624628955063e-01,8.882618811110740698e-01,6.082227686220393822e-03,9.917952939838570181e-01,6.882876008951441804e-01,9.771192733284078669e-01,6.076929136659160458e-01,1.000000000000000000e+00,3.412040364087376432e-01,9.559112065131025737e-01,9.555985140735129280e-02,-6.787781935692480673e-01,4.295401337856942781e-01,8.252068934014789026e-01,-1.088670608334567219e-01,-2.963258225054864470e-01,-8.448756617664304747e-01,-7.675019001058729362e-01,-9.152278473669550607e-01,-8.349352427672803723e-01,-9.426457043421327953e-01,-9.566070186488625504e-01,-6.309184684353477124e-01,-9.634282268756788614e-01,-6.901596447498259401e-01,6.761041218293533106e-01,5.059159820283984921e-01,8.513596325459824588e-01,9.494693054312250413e-02,7.387661218203094293e-01,8.539222060251958624e-01,6.809794019887690508e-01,9.594002933779148812e-01,8.066045072565352081e-01,9.375807698769053067e-01,3.850003929545052772e-01,8.219509666203837772e-02,2.480761843271237499e-01,-9.027724555065815004e-02,7.012048152825020031e-01,-1.061784859981550547e-02,2.160692443976309496e-01,-6.888262641144422826e-02,-6.135851517977354286e-01,-6.815251607378398635e-01,-6.547698606437069024e-01,-7.832194230162916604e-01,-5.924140360842077291e-01,-8.381987795907267502e-01,-4.432997328493852862e-01,-9.336028716965908414e-01,-2.818255543060448898e-01,-8.789920596889763127e-01,2.849188421251829251e-01,7.794967277097507585e-01,5.148773369844592551e-01,9.483645769661880331e-01,6.880469843860477219e-01,8.765608471120714951e-01,6.768597129816473768e-01,7.233568052876890864e-01,-2.679623511914463463e-01,7.799351341601813703e-02,-7.282689411279098524e-01,-1.268202383324844584e-01,-8.583128414367898751e-01,-9.186513200139125868e-01,-8.196124696509805574e-01,-8.566404549676137625e-01,-8.577154605509162977e-01,-5.381460914489910596e-01,-6.731769753425965730e-01,-3.963394571288176849e-01,-4.027524199420314255e-01,7.491175903520003176e-01,-5.656462208793654467e-01,-1.917869806565181690e-01,9.509124038353052866e-01,-2.203599707450589265e-02,8.223631301765153001e-01,9.557986744064896900e-01,4.295359742005424031e-01,9.744704598477949009e-01,4.558339834095966325e-01,8.374569300640860581e-01,9.341150947984209196e-01,4.103285629815640531e-03,-8.497655873476506194e-02,-4.318642292075868805e-01,2.264865598339088348e-01,-7.343546065920930621e-01,-7.841515170531013768e-01,-4.954710362085595898e-01,-5.195791493984256437e-01,-7.906173050568496286e-02,-4.249459730005362146e-01,4.860418279860370117e-01
1.408414428551459374e-01,8.580952600667723917e-01,3.498433986927863004e-01,6.184804814812217000e-02,-9.893605445211093308e-01,-7.166562694291783719e-01,-9.500482951726549885e-01,-6.046492611957413610e-01,-6.835745002653407232e-01,-8.265764962740705935e-01,-2.973280458415081817e-01,7.628193595286869577e-01,2.385837895216712592e-02,-7.436439283094579134e-01,-1.269725295020205091e-01,-2.636733208525126604e-01,5.196775017814835307e-01,5.470797460168876913e-01,7.538191064550349152e-01,3.856756704351008147e-01,8.514560225940247529e-01,3.393559127353578120e-01,8.861561794531418457e-01,8.792099315379722224e-01,8.700601535617868976e-01,8.009431635261299309e-01,7.977020552687426047e-01,6.679268233165924773e-01,-6.113817906712212258e-01,2.735812852556837038e-01,-8.067403828281558553e-01,-9.829353901619072298e-01,-5.469672042238193921e-01,-9.530840659256776259e-01,-2.607295459738740995e-01,-8.676974752931555512e-01,8.992833919862509851e-02,-3.784456132541336726e-01,3.454774843304609933e-01,9.366709687347740676e-01,-6.805735169809214169e-02,-5.914671330258830517e-02,-6.842202067759675099e-01,3.219447822523946456e-01,7.919338828613634584e-01,1.600223238251603231e-01,9.093270757482655453e-01,3.412040364087376432e-01,1.000000000000000000e+00,4.979927999922173498e-01,9.220687122622664988e-01,2.629699560576895766e-03,7.040632032452397437e-01,3.833013777678091066e-02,-9.118557327052473349e-01,-9.190073849710734821e-01,-6.116200826206985575e-01,-8.370808336445588749e-01,1.737548474254068873e-02,-7.824806885416556446e-01,-3.535801984310551344e-02,-4.591683801775394147e-01,3.669326246300580463e-01,-3.620300651560032223e-01,3.710400328885456456e-01,7.326262408631013523e-01,2.993231220531693548e-01,-8.948505782512870821e-02,-4.184817880694700065e-01,2.117261407108964599e-01,1.471728731410558155e-01,-4.011253448687344680e-01,3.525047739752644738e-01,-2.612164192799753537e-01,6.152288525890966531e-01,-6.401570449961635489e-01,1.861838930829431971e-01,-6.079737252288787142e-01,4.604415418327006404e-01,6.735768726537402218e-01,5.207888325218918979e-01,-3.592272397506798276e-01,-8.715814701529223107e-01,-9.385071560608223562e-01,-4.475817694921754297e-01,-8.721185171135067415e-01,-6.989604025673956667e-02,-8.520665135037337468e-01,-1.466202214957792183e-01,-8.123164433317927591e-01,-2.402299150131919636e-01,-4.287617139224882967e-01,-2.236519012546251683e-01,8.427023114911529333e-01,6.108751068388940109e-01,3.061164134743011300e-01,5.058451506917961693e-02,5.828097836202177362e-01,-5.364636902331673673e-02,6.019683840730476465e-01,-2.231168254342339174e-01,-8.610607352138676118e-01,4.054987663341881876e-01,4.887841255412847530e-02,8.749313184794439424e-01,-6.441552878537382121e-02,-5.580467133238621313e-01,2.442218226276952620e-01,-4.672505460808602518e-01,-3.015326196055805874e-01,5.924275660483876438e-01,-5.630129781942339040e-01,-9.140175732123301255e-01,-4.270540928433446126e-01,-3.774184471755510917e-02,-4.792456429085220071e-01,8.133365575292970107e-01,4.907287181281854704e-01,-1.508097206573307258e-01,6.532759846878569698e-01,5.089283763079800460e-01,9.111846201010550539e-01,4.439658076918096552e-01,9.699077806939605528e-01,7.751706662255264391e-01,3.714877330954948209e-01,-8.863688644870226785e-01,-5.984154954575147123e-01,-9.801828677352554253e-01,-7.756581119500625121e-01,-7.397625795231135282e-01,-2.010627202552036641e-01,-9.241745191687166239e-01,-5.810013406520773138e-01,-8.818345896299164544e-01,-5.805489699408863391e-01,-3.127718409748682649e-01
-5.542155552159208076e-01,4.308458391497866496e-02,-3.397583416419210356e-01,-8.003678933008600005e-01,-4.934490593034530637e-01,-9.101703471993128902e-01,-3.730345499428965317e-01,-9.757411403872880973e-01,-4.296223117876695197e-01,-7.796720958841802940e-01,-7.556060048144016550e-01,5.108847385398141983e-01,4.820891308584677182e-01,-2.858856714693479018e-01,3.427233457540176387e-01,6.881770731312977230e-01,3.361291873866121271e-01,9.828026308959927348e-01,4.390293068704178014e-01,9.588680083213764194e-01,5.891938593162745486e-01,9.400962695745850306e-01,6.543506733458235303e-01,8.274885858731875210e-01,1.563545233370585708e-01,4.879722012638523787e-01,8.615530313552840491e-01,-8.690223131753439800e-02,-9.585374351009330329e-01,-5.945826753622095451e-01,-9.053977042639990147e-01,-5.636011617673327700e-01,-9.900899157979218268e-01,-7.173620204955845070e-01,-9.583597584760731314e-01,-8.469254042870321131e-01,-6.594306687056471494e-01,-9.759955811708753703e-01,-2.395231237082876552e-01,3.103340989010088258e-01,2.535777474313022362e-01,7.453861616341607155e-01,-2.651951105756039651e-01,9.330462972246073017e-01,8.509128626443486221e-01,9.002678833099515554e-01,7.709477069673080774e-01,9.559112065131025737e-01,4.979927999922173498e-01,1.000000000000000000e+00,2.092309244061119899e-01,-7.462439034341101785e-01,3.856071734294644338e-01,8.391067125608039357e-01,-3.367435879866912396e-01,-3.691040568839693004e-01,-9.560732067896188235e-01,-8.131891941411586444e-01,-8.484780293857329125e-01,-9.203586720958577549e-01,-8.662642608848872827e-01,-8.950635196712961594e-01,-3.997020919539253647e-01,-9.728272022096129401e-01,-4.891477980703611839e-01,8.415827893771359314e-01,3.400845542960839740e-01,6.824877701271317987e-01,-1.731334826768862745e-01,5.673725812604907270e-01,8.863129560842852861e-01,4.793787202732573971e-01,9.766944332981206678e-01,6.876439500836756258e-01,9.682226284090112989e-01,2.997825682238982048e-01,3.092522850051727668e-01,2.292281041074729353e-01,1.808120363920561469e-01,8.670068822830758748e-01,2.602685225431168314e-01,2.973751640847344668e-01,-3.133784320019178393e-01,-7.127017069630002810e-01,-8.364969794000491898e-01,-8.138437680194952062e-01,-8.301811572571049513e-01,-7.763844559394179612e-01,-8.819953887092086831e-01,-6.653937414861366140e-01,-9.476876944796901459e-01,-5.157981304190690786e-01,-9.213373524764935096e-01,3.114286325716782433e-01,9.157056002657272264e-01,6.909357742534708580e-01,8.447998516624135590e-01,8.537717267281951239e-01,8.295554325345493307e-01,8.464709140167618884e-01,6.957505431859812850e-01,-5.060729886958955648e-01,-3.569167385414902943e-02,-7.625702820332291854e-01,3.709243262756387050e-02,-8.681752911301915399e-01,-9.848232967083196954e-01,-6.728249308973485165e-01,-9.518997958986690211e-01,-7.213807582926441420e-01,-3.854857115534595091e-01,-5.821714873237558985e-01,-5.859816787161429286e-01,-2.805435595914099745e-01,7.747534696044431346e-01,-4.445832496693169489e-01,3.665352427790458806e-02,9.856941720198296730e-01,1.505903170655552570e-01,9.380513223836335346e-01,9.143276631649758235e-01,6.362121352157181775e-01,9.864275885301327929e-01,6.300998321516986245e-01,8.765963961924194692e-01,9.733210306321705696e-01,-1.055408273127520918e-01,-3.222025726984326793e-02,-5.975461418129899283e-01,1.178155917089605126e-01,-8.843999149588704922e-01,-8.619120422842849738e-01,-6.834262122159593389e-01,-7.253364303090920062e-01,-3.201275800150296669e-01,-6.470727704914164269e-01,2.351792716489283230e-01
3.972000164699787672e-01,9.195108362717581141e-01,6.421226472655575668e-01,3.829367928392779508e-01,-9.211844298833885558e-01,-4.238398700071027148e-01,-8.634794370334188951e-01,-3.478044759884138526e-01,-4.559783149301881444e-01,-7.075596620352714305e-01,5.310628928713751612e-02,7.874242474476658149e-01,3.354588349550959719e-02,-5.826055891577945900e-01,-7.493041886677916097e-02,-5.414416321573853885e-01,2.793710107943823684e-01,2.441635836272552373e-01,5.426831700128693647e-01,4.718799195214275904e-02,6.337152208935340481e-01,-7.532183534756798325e-03,6.715901473860689253e-01,7.071703429341954505e-01,9.763575588879447320e-01,5.907825135297597452e-01,6.337311625022984396e-01,8.767684732590589336e-01,-3.038054990347525686e-01,5.973923323664488416e-01,-5.702743567512124079e-01,-9.145058613687461202e-01,-2.565453551584069847e-01,-8.066700355012801360e-01,4.276080497544249015e-02,-6.505848565189961130e-01,2.066975210793103590e-01,-6.471492361899285062e-02,2.980362996787110919e-01,9.628950837057828060e-01,2.969595023811164372e-02,-2.355811636268989040e-01,-5.106278403947827060e-01,9.647449699238656862e-02,5.196284054910598194e-01,-7.939612216618026352e-02,6.996664230563944820e-01,9.555985140735129280e-02,9.220687122622664988e-01,2.092309244061119899e-01,1.000000000000000000e+00,3.570379928197928709e-01,7.883566149201368667e-01,-2.978705134279777678e-01,-8.232403944405290996e-01,-9.611044297212916199e-01,-2.984640095265602144e-01,-7.008831443401890571e-01,2.961220069114768316e-01,-5.512277712697630783e-01,2.256492302940134309e-01,-2.893848834150919425e-01,4.071655802858726303e-01,-6.827184163214435053e-02,4.757826517222655816e-01,4.450071934373110438e-01,4.044575575107248744e-01,-2.242292960396701507e-01,-2.117650001002794047e-01,2.079129519112586366e-01,-1.939921468663212689e-01,-5.111151809677374480e-01,4.530741660417101496e-02,-4.929076692998715647e-01,3.713134457196875515e-01,-8.537544655340990607e-01,-1.002691665392213688e-01,-8.476495907336162317e-01,2.592344606103980653e-01,3.594353477046655088e-01,3.053821142990916226e-01,-6.514738057747979649e-01,-7.552724734868715428e-01,-8.204528475819941047e-01,-9.358614674311487025e-02,-6.395287470713598710e-01,2.840844130608423668e-01,-6.045778787040245739e-01,2.033730228518588201e-01,-5.621919980012760609e-01,8.217910391252113145e-02,-1.211901081917856199e-01,1.195145488197069394e-01,9.252504614731300592e-01,2.873051517104093233e-01,-4.947819639370860251e-02,-1.719480226030287162e-01,2.485536384846415980e-01,-3.522118860944876695e-01,2.715497646811428911e-01,-5.337583005039115980e-01,-6.717915583710806215e-01,6.382120243711855156e-01,3.965053990948135820e-01,9.452993781042283716e-01,2.705071782926651847e-01,-2.592440558531919348e-01,4.394301582620704916e-01,-1.284810112079187161e-01,-2.273125658315945097e-01,7.636075552192749250e-01,-5.724007229056449209e-01,-7.529919028639306955e-01,-5.501626394114164098e-01,-3.793068389446184741e-01,-5.490989503517551551e-01,8.064945230842216484e-01,2.023560325646694413e-01,-4.150426179255137238e-01,3.525123187518408585e-01,3.260601616735405717e-01,7.140454006765012407e-01,1.641945711478345893e-01,8.227951084928774028e-01,6.045329858421830682e-01,5.149626332670067391e-02,-9.843117950557851437e-01,-7.995673027287392154e-01,-8.569424159368039806e-01,-9.330195380318694331e-01,-4.513565701886919634e-01,1.583418486371519218e-01,-7.298358563060775017e-01,-2.588649599017218694e-01,-7.692739371994009590e-01,-2.738147102998597648e-01,-2.551997694374128489e-01
7.516934434850581770e-01,3.701682000478215273e-01,8.432626080325257290e-01,9.295605421672004098e-01,-1.176610597100509470e-02,6.711810287331057001e-01,1.411009224298534134e-02,6.328902393228189593e-01,4.267121283675456289e-01,2.108575703591586414e-01,8.879378511129978335e-01,1.599849864197939453e-01,-7.421082125199411628e-02,2.251172639710733170e-01,1.111695567483780671e-02,-8.620104108502677498e-01,-4.814276804091021655e-01,-7.570413088863219286e-01,-3.707008765964381891e-01,-8.786282221359429379e-01,-3.911997749514926626e-01,-9.067412874494830133e-01,-3.887449339450940178e-01,-3.287216043438870861e-01,4.551348973984774005e-01,-3.657729387673605559e-01,-3.388197909421658549e-01,6.883861614288624420e-01,7.432638422544773915e-01,9.475201646163395885e-01,5.147169031084595225e-01,3.830792378007055743e-03,7.304682381541163227e-01,2.255991818955033756e-01,8.330805450220969410e-01,4.404122023303744249e-01,4.359975386565395072e-01,8.266910212029627836e-01,3.704231476996061589e-02,2.561987337563179090e-01,1.527575510769575429e-01,-5.832621337109428206e-01,2.663347219474180849e-01,-6.303628769470953630e-01,-5.905625781666420382e-01,-7.014070624357428008e-01,-3.955487298479572478e-01,-6.787781935692480673e-01,2.629699560576895766e-03,-7.462439034341101785e-01,3.570379928197928709e-01,1.000000000000000000e+00,3.003828125708357111e-01,-9.511338498409390718e-01,3.978712844400526111e-02,-2.679108400775326304e-01,7.599884724322139018e-01,2.540067264698658844e-01,8.297377067032775111e-01,5.119598637348673487e-01,7.780954396562101971e-01,4.560224900206022447e-01,2.813530358303673595e-01,7.863093162312200235e-01,4.519436848031272991e-01,-6.406937908353437239e-01,2.514720659230117450e-01,-4.829387411369185368e-01,3.971619722795832752e-01,-7.285498936320049246e-02,-9.355024791405577300e-01,-4.678393826276779355e-01,-8.188893801208736445e-01,-7.547608133640449912e-01,-5.977613837718199763e-01,-7.348907970969740244e-01,-6.745892171240701618e-01,-7.719219985820985341e-01,-3.740345708469143271e-01,-7.225660638423407889e-01,-4.077764497639674857e-01,-8.392673700032634576e-01,9.183057020767276812e-02,1.629468425991463520e-01,8.710909134567380585e-01,4.676638926178895983e-01,9.748679662415710157e-01,4.993915745359333025e-01,9.556557878283952201e-01,4.929785476074299844e-01,8.800860662313044758e-01,7.003955594410624652e-01,9.267125814629002534e-01,3.592814324552931482e-01,-7.719140061437419487e-01,-8.833041346740551081e-01,-6.806294490728698188e-01,-7.917372571575086448e-01,-8.816104457092768243e-01,-7.755076541936017920e-01,-9.280605458159815191e-01,3.046278311911937986e-01,6.574998911926214218e-01,9.791342636791131593e-01,3.988662479424850416e-01,9.413529032313577849e-01,7.450293864900906504e-01,6.622389726508991492e-01,8.549909729698387251e-01,2.416863538616436380e-01,6.427827780279635750e-01,-5.339130667966578148e-02,2.417688747668596816e-01,-3.416545284509807656e-01,-9.647426206534811532e-01,-2.003194493909025709e-01,2.031117928744737844e-01,-7.397720096640135745e-01,-6.841223471602181361e-01,-7.132349066599767973e-01,-4.762747405256450572e-01,-3.366276962623423463e-01,-7.335824324040840505e-01,-2.051070347552954309e-01,-3.658673379820468474e-01,-8.420344347860351242e-01,-4.504628184650937284e-01,-6.245968881549920360e-01,1.398953593534629503e-01,-6.039547433047317559e-01,6.486787009668272264e-01,9.575162160665044997e-01,3.370482023210750189e-01,7.362693278281157161e-01,8.175777137935877348e-02,6.844668852497312050e-01,-5.291550565210138141e-03
2.512393758536655142e-01,5.598006813907894230e-01,6.835475382462630201e-01,1.425374983620173452e-01,-7.087716901933905911e-01,-3.617951220201279794e-01,-4.976828351320529142e-01,-5.141364033779370901e-01,-3.921175027685819617e-03,-8.172306204350817671e-01,1.595997104608173900e-01,9.493122807305877098e-01,5.980426694206427696e-01,-7.711844342689710974e-02,5.213294496256259958e-01,-2.035107927291097407e-01,-2.047845391485135502e-01,3.516677911696505787e-01,9.540823818386814925e-02,1.490964961496017149e-01,2.829668161617455713e-01,8.258317353186253595e-02,3.807044062596080525e-01,7.191251979136479289e-01,8.463088411177144277e-01,1.726167259920233787e-01,7.570972958383960227e-01,8.256253723261657296e-01,-3.329752233379564830e-01,4.614256576828782430e-01,-5.722009530701829272e-01,-7.891044677876549729e-01,-3.973516545322008375e-01,-7.018098805072645607e-01,-2.160904233465990865e-01,-5.912224105510419658e-01,-3.511266057046150690e-01,-2.485519588247922795e-01,-3.072198259170754731e-01,7.869251844640946514e-01,5.862670121611176510e-01,2.700488263236374142e-01,8.942437290790245311e-03,4.645440463489562410e-01,3.859401248983260202e-01,3.212738158791056398e-01,5.414069440414707168e-01,4.295401337856942781e-01,7.040632032452397437e-01,3.856071734294644338e-01,7.883566149201368667e-01,3.003828125708357111e-01,1.000000000000000000e+00,-1.167102290738874643e-01,-4.153397812247650589e-01,-8.942179642876032508e-01,-3.066475932613770827e-01,-8.069266261432380682e-01,-7.007575229692641905e-02,-5.982264039281341983e-01,-1.660372420115283909e-01,-6.514693258454453684e-01,-1.984544013355244441e-01,-3.010003016913856966e-01,-8.930946666317401972e-02,3.041217142079544189e-01,8.438429529418157715e-01,3.193792709360174786e-01,3.217381180385459616e-01,7.228775547905210708e-01,-3.233100453733989826e-02,5.090811938919898721e-02,2.600667994103665892e-01,-5.178838710609623419e-02,5.525373355217153559e-01,-5.800433690095929684e-01,-5.071121635463907706e-01,-7.384976912018905715e-01,-2.785557889342714089e-01,2.260347371027741081e-01,-2.119276651712957427e-01,-7.410132467126971934e-01,-3.024746376869082987e-01,-7.841055297167186522e-01,2.212036034539924256e-02,-5.028570667672002115e-01,1.662280319773349335e-01,-4.042626754469221817e-01,6.559301512025389469e-02,-2.519432483214293916e-01,-1.353061994925712774e-01,2.483470650113899780e-01,-3.112708043615645612e-02,9.384474768725218352e-01,2.302540775625524505e-01,-2.475597797340949591e-01,2.724657421899955856e-01,1.119832684067329776e-01,-3.123126206313280376e-02,1.239343400425027969e-01,-2.876241355675864253e-01,-2.839534571796352713e-01,8.656156930056242427e-01,2.672817299777300315e-01,5.916619560092714059e-01,6.268086879307226134e-02,-3.709736858141242655e-01,-5.543425944104649061e-02,-1.696492972619584871e-01,-7.047707417558304321e-01,3.271739725464783421e-01,-9.121398438374177520e-01,-4.896468054860101393e-01,-8.784232095136915719e-01,-2.284287643775821941e-01,-9.185037241130326047e-01,3.161302522400473713e-01,3.806982501247036521e-01,-7.422293947190342633e-01,3.447093673974300221e-01,6.493518923005703325e-01,4.278020999756244058e-01,3.923567238271667978e-01,6.023065704732497583e-01,7.402705217158320750e-01,2.231320965786386945e-01,-7.648690305930356814e-01,-9.124904075392260561e-01,-6.471665946846180129e-01,-6.585569812745124540e-01,-3.537654489947358316e-01,9.953676146822863779e-02,-4.951727946203179909e-01,-3.226141404085123513e-03,-3.258423744283645562e-01,3.779757220322222527e-02,3.475020979711521685e-01
-7.492431399486009225e-01,-3.855512552469956278e-01,-7.223596987631203392e-01,-9.652106586720405890e-01,-3.132306711383456982e-02,-6.977100523045149938e-01,1.632667906501942406e-02,-7.460486060503546124e-01,-2.965539849312584519e-01,-3.566577748963606354e-01,-8.242526767134819021e-01,2.379075176529769561e-02,3.164083384143136501e-01,-9.323585638043450918e-02,2.298775243481576691e-01,9.161071178776160062e-01,3.113928411649536376e-01,8.282877856334219802e-01,2.557611158521408412e-01,9.182039690988939018e-01,3.300796268853153914e-01,9.333988681565582590e-01,3.582627971789050236e-01,4.315441625942947890e-01,-3.644524184708560210e-01,2.701369692260890965e-01,4.781131231384710412e-01,-5.757964956141570223e-01,-7.905555449360052167e-01,-9.075375160536846009e-01,-5.906190313390263791e-01,-8.235971482671387844e-02,-8.203461343733478017e-01,-2.949343996460418449e-01,-9.265814229376652111e-01,-5.030400349828539897e-01,-6.361773873117695377e-01,-9.035740822307835041e-01,-2.505635012675457851e-01,-1.875305816832410211e-01,9.081377932715287149e-02,7.539108970371390939e-01,-1.174892400535828274e-01,7.921537558014344338e-01,6.030104576187421683e-01,8.500112698814078493e-01,4.252431000949475903e-01,8.252068934014789026e-01,3.833013777678091066e-02,8.391067125608039357e-01,-2.978705134279777678e-01,-9.511338498409390718e-01,-1.167102290738874643e-01,1.000000000000000000e+00,7.507939899661735667e-03,1.508908981076549916e-01,-7.987730299396512690e-01,-3.961559134501539958e-01,-9.308728262091398031e-01,-6.064153562459663194e-01,-9.023395043064129650e-01,-6.450131156247393971e-01,-4.746175740577288082e-01,-8.846238269071731164e-01,-6.159532751103476977e-01,6.372849536836181494e-01,-4.849795181202525701e-03,6.739275584104853500e-01,-1.989055138128126843e-01,3.173692522804466565e-01,9.673432283685563515e-01,6.274921491281825192e-01,9.065898941101065978e-01,8.592806324175930044e-01,7.210723354896269033e-01,7.177719388790867461e-01,4.811505274403298227e-01,6.876037931320102548e-01,1.800422817055478408e-01,7.091985332960811794e-01,2.286219777285804777e-01,6.980495431247734084e-01,-8.500097891205846828e-03,-2.636745902752221093e-01,-8.258217224411504853e-01,-4.964895332327694533e-01,-9.726572939362088110e-01,-4.960900195307619831e-01,-9.736697321810381389e-01,-4.371694319559859543e-01,-9.492334570624932910e-01,-5.532478381153584923e-01,-9.616550343271130785e-01,-2.164156050858185576e-01,7.791590560067098714e-01,7.830793730066377689e-01,8.346993917753383618e-01,7.606106838795718694e-01,9.559806406950830393e-01,7.433492028279643504e-01,9.444135304330362191e-01,-2.342580502323926839e-01,-4.620184995464972078e-01,-9.651968256935973267e-01,-4.071417494048675811e-01,-9.789827067271246186e-01,-8.199415582852920270e-01,-8.003565257428727486e-01,-8.810885617644528267e-01,-4.731216200560600660e-01,-7.098293332354730367e-01,-1.730379955705134698e-01,-2.350310688674202564e-01,1.178054865595913325e-01,9.621305667068075218e-01,-3.683118040244055119e-02,-2.909935380395620719e-01,8.363808159095853512e-01,4.783968144224943209e-01,7.517802766487008403e-01,6.538287350410628695e-01,3.143501097915430420e-01,8.453834485979307978e-01,2.284907990162957647e-01,5.073054664833938077e-01,9.103380762714106123e-01,3.961753958502033379e-01,4.549766349049918501e-01,-1.730145828616030668e-01,5.787269648425863444e-01,-6.656097860115152143e-01,-9.484918546556623253e-01,-3.396511905133803300e-01,-6.567293742836610715e-01,-4.623264240485679306e-03,-5.839692611109963405e-01,2.216142993172782183e-01
-1.412361119113414720e-01,-8.644015594093028554e-01,-1.764560417057394193e-01,-1.257597293413361683e-01,9.037064523898828972e-01,6.518819494814193094e-01,9.722841485094194658e-01,4.155442126052438234e-01,8.542977302633750769e-01,5.902247282792967287e-01,3.711650500900771643e-01,-4.768401152434594281e-01,3.347495709360787108e-01,9.178297501472011399e-01,4.789955865107175526e-01,3.490152446260831876e-01,-7.510299504572149898e-01,-4.190571531136201844e-01,-9.006857079149518386e-01,-3.067760975189789963e-01,-9.170296150400837343e-01,-2.803994451143094202e-01,-9.063646641496423406e-01,-7.030673199667871742e-01,-7.220046335415738481e-01,-9.186211756861621947e-01,-5.682112944648273212e-01,-4.946570990567358272e-01,5.170607962500060051e-01,-2.206472975185782837e-01,6.668652572765778608e-01,8.439207961696397753e-01,3.954758108795190519e-01,8.261714598314314761e-01,1.058222443093562032e-01,7.481168887798018696e-01,-3.888941363636972404e-01,2.450013504714984858e-01,-6.523840650925758489e-01,-8.173495520059426145e-01,4.221356046472807266e-01,3.180020415056616367e-01,8.834838420185214813e-01,-6.792857130561748280e-02,-7.496304838456612218e-01,7.249384988632188997e-02,-8.399672660772671273e-01,-1.088670608334567219e-01,-9.118557327052473349e-01,-3.367435879866912396e-01,-8.232403944405290996e-01,3.978712844400526111e-02,-4.153397812247650589e-01,7.507939899661735667e-03,1.000000000000000000e+00,7.388319031661628733e-01,5.315346515449056453e-01,6.034170448779208051e-01,-1.783354675597819405e-01,6.195874926541204974e-01,-1.581495385264073683e-01,1.645823876672131703e-01,-6.471861321768480613e-01,1.981516293558499564e-01,-6.096451761022120275e-01,-7.119026351595928448e-01,6.639659969332024902e-02,3.751034925647894758e-01,6.966609018055255342e-01,1.550945127882425445e-01,-8.727300609455909686e-02,6.324438168484629585e-01,-2.031538356793036182e-01,4.211675346080744897e-01,-4.112355560550686184e-01,6.102618304311960840e-01,-4.581613057245778053e-01,4.794944170340884049e-01,-7.305399197530402233e-01,-6.675232998486837488e-01,-7.671986378881906488e-01,1.533615502554851184e-01,9.729498437493709906e-01,7.659902602218209289e-01,4.927429677388304174e-01,8.033663148933848364e-01,5.891623655703696200e-02,8.304093080334394861e-01,1.045282104377555227e-01,8.691168425030242339e-01,1.204909364801968336e-01,6.254189750611551801e-01,1.540968010969658575e-01,-6.165593509233033842e-01,-5.741472438744368301e-01,-4.366832400841494377e-01,1.872125812269708478e-01,-6.047856560040906215e-01,1.736818984107005026e-01,-6.249323165829809845e-01,2.539556655657763673e-01,9.406724969322673990e-01,-1.165787968475862912e-01,-4.001619460805363321e-02,-8.719002406001565841e-01,-5.069131748309807506e-03,4.238658152296861936e-01,-4.506910489624125771e-01,4.067766689366403843e-01,-4.968575158726946245e-02,-6.859384758230843149e-01,2.162976102295469938e-01,8.958385998603489719e-01,9.711756127061671462e-02,4.671438796311098290e-02,1.213129338767391929e-01,-9.285397105176614874e-01,-3.274522099486028570e-01,-1.469431832937465598e-01,-5.709199045533484007e-01,-2.288751108187181416e-01,-9.175591604103741084e-01,-2.602350627072992917e-01,-9.116586229382528384e-01,-5.461582339100434780e-01,-2.490250821646866342e-01,7.915886536431839815e-01,3.421135415775717337e-01,9.083388699930766697e-01,7.287399732195204427e-01,6.905238538059463860e-01,1.969907173787610599e-01,8.951825830792781158e-01,6.744538533561491578e-01,9.737380437488556417e-01,7.053064579414835000e-01,6.252903980115309679e-01
-2.987263351794350874e-01,-8.249118371182155851e-01,-6.223764770377887556e-01,-2.296188988471435655e-01,9.183527979761989535e-01,5.065017780213713072e-01,8.030862488309441494e-01,5.037669390399447389e-01,3.730946400058101631e-01,8.280324798214047100e-01,-3.377508697302120978e-03,-8.943612829622775706e-01,-2.503427112410022692e-01,4.700443227818869030e-01,-1.353748319299887259e-01,3.729199735407310867e-01,-1.763418864200094749e-01,-3.828867282441563713e-01,-4.633016912132874587e-01,-1.803678473230370116e-01,-5.991502521252227709e-01,-1.198627072310694958e-01,-6.617349703476649303e-01,-8.045877794149242090e-01,-9.619099526908292397e-01,-5.253264210916033239e-01,-7.670394206220726430e-01,-8.587675997993454713e-01,4.176883127970031362e-01,-4.975065001128929909e-01,6.720017579216617243e-01,9.448183475842125700e-01,4.060260256820664715e-01,8.585174358936829009e-01,1.354490330031663525e-01,7.288389100327152814e-01,2.530709245950335182e-02,2.239932001347640922e-01,-9.660028073699045148e-02,-9.527980761870672444e-01,-2.209792365416858306e-01,1.039571973117828750e-02,3.915474323576796367e-01,-3.047513357017215263e-01,-5.754202937422233655e-01,-1.333442481270063207e-01,-7.415473875600365750e-01,-2.963258225054864470e-01,-9.190073849710734821e-01,-3.691040568839693004e-01,-9.611044297212916199e-01,-2.679108400775326304e-01,-8.942179642876032508e-01,1.508908981076549916e-01,7.388319031661628733e-01,1.000000000000000000e+00,4.042702792742413620e-01,8.231403748793453268e-01,-1.002418990032821616e-01,6.678245599357792717e-01,-1.978710895402390271e-02,4.930064189635784966e-01,-1.905126072615491162e-01,2.409290670731076833e-01,-2.620041421171326324e-01,-4.973404677921399175e-01,-5.713959497630486384e-01,-5.999232255429978559e-03,7.653789994493734317e-02,-4.198301698000089233e-01,5.235167955907505527e-02,2.985960388190848080e-01,-2.134096711709924654e-01,2.940840121333692103e-01,-5.309603627288638217e-01,7.475662360242221194e-01,1.866006746539324579e-01,7.967216180391273328e-01,-1.237509055213227571e-01,-4.161975802845935823e-01,-1.846822562822391933e-01,6.501598136196159450e-01,6.621692054708241404e-01,8.921632130804927341e-01,1.505239618031667947e-01,6.915723118461563068e-01,-1.623514378927855550e-01,6.336942487582414296e-01,-6.961511343300555432e-02,5.472043791882625907e-01,8.245160786253964702e-02,6.980672557300382497e-02,2.249382193434355456e-02,-9.693864970574227469e-01,-3.711033761936045616e-01,3.329723989958167235e-02,-4.682360592047912773e-02,-3.021418300148587810e-01,1.718578209542268864e-01,-3.214996697350776533e-01,3.909480484704189185e-01,6.179303344402986564e-01,-7.053635074584265752e-01,-2.796354117113978299e-01,-8.528379139033163137e-01,-1.186324026980498381e-01,3.992320554587486248e-01,-2.253797318455945942e-01,2.438571279740911757e-01,4.456462650104122125e-01,-6.001081873333871108e-01,7.390545355455782062e-01,7.460025961462330990e-01,6.782977466461048710e-01,2.544411669569741075e-01,7.080682471980560555e-01,-6.726159501108038841e-01,-3.624539023760037226e-01,4.970323289167689618e-01,-4.533476596675871662e-01,-5.208521260927724272e-01,-7.042465647769983184e-01,-3.378729425453423918e-01,-8.314288355866599201e-01,-7.425012295581741029e-01,-2.064650756887342620e-01,9.383463189110127223e-01,8.414864609406027540e-01,8.655716204315917484e-01,8.464293999944316749e-01,5.210745512558028203e-01,-4.947461027853900656e-02,7.400398662421626694e-01,2.643015073684340521e-01,6.800319833915395851e-01,2.546940647363966082e-01,5.684113707190456555e-02
5.176229416685922402e-01,-1.982896550798288471e-01,3.870466349590537813e-01,7.326527794710259167e-01,6.022800673392008086e-01,9.777540220600067222e-01,5.496812709485240367e-01,9.401169171546926995e-01,6.553450068086121849e-01,7.546981744300175210e-01,8.436842760434902777e-01,-4.462444686986522524e-01,-2.387190376613568532e-01,5.281341697541481750e-01,-8.073342762912141812e-02,-5.727247509724124885e-01,-5.758040558137548226e-01,-9.772869658348295463e-01,-6.622824654054234594e-01,-9.580887579559953515e-01,-7.727809192043981756e-01,-9.443637437210565810e-01,-8.121571396620359540e-01,-8.511509941391957046e-01,-2.092544757229092833e-01,-6.990593818213993726e-01,-8.358653524099260990e-01,8.175387870994452189e-02,9.876577115687180664e-01,5.708886233491823337e-01,9.392531744734023968e-01,6.348689336853267084e-01,9.673628278460159047e-01,7.890949681972158070e-01,8.847805428798491967e-01,9.069121375696437282e-01,4.332192955278065249e-01,9.377118624047968698e-01,-2.884001330743816982e-02,-3.923380766685214405e-01,-2.364309128616521281e-03,-5.497916144141615780e-01,5.144841854177821805e-01,-8.049019271953766763e-01,-9.476642677064126552e-01,-7.580268228189587232e-01,-8.724308787964534240e-01,-8.448756617664304747e-01,-6.116200826206985575e-01,-9.560732067896188235e-01,-2.984640095265602144e-01,7.599884724322139018e-01,-3.066475932613770827e-01,-7.987730299396512690e-01,5.315346515449056453e-01,4.042702792742413620e-01,1.000000000000000000e+00,7.926934145326667291e-01,7.231433925243078153e-01,9.341920405673952432e-01,7.285502058650410451e-01,7.645580333517573157e-01,1.415106750740735830e-01,9.103650750407648040e-01,2.558412285864941627e-01,-9.423614657792935834e-01,-1.432238949512265602e-01,-4.647643249962056244e-01,4.287343504628539637e-01,-3.507852603094734345e-01,-8.564735674491389394e-01,-2.465292111803827346e-01,-9.230932971934149300e-01,-5.226375596587050643e-01,-9.255678422966153729e-01,-2.010697381912264770e-01,-5.180954958422672174e-01,-2.029268309481153110e-01,-4.382131464901112272e-01,-9.666071533279333439e-01,-5.108990666768217226e-01,-3.647387692458365360e-01,5.294061804974126151e-01,7.517895546525598105e-01,9.303028034836392512e-01,9.077236309295477756e-01,8.207839464872795920e-01,8.993435320475157146e-01,8.642830005635816493e-01,8.350393084149436707e-01,8.939764993547723027e-01,7.135306359622848316e-01,8.983198534362591969e-01,-3.056577171457399711e-01,-9.837404364883023389e-01,-8.187548534551265522e-01,-6.809073901130476836e-01,-9.560787548047589013e-01,-7.257755446351233930e-01,-9.539729113804809035e-01,-6.235750089639062743e-01,7.028791700091387984e-01,1.549045717775309194e-01,7.464414342668105329e-01,-1.896333041935718833e-01,8.181488821005473699e-01,9.770569743073237445e-01,4.808995682417593343e-01,9.777205933994986831e-01,5.290772702558940166e-01,2.119393841828852432e-01,4.428847021256070993e-01,7.277826390910961951e-01,1.288063057603878458e-01,-7.486789909976621082e-01,2.834837386298010853e-01,-2.558712836139503399e-01,-9.470855018831515482e-01,-3.188707804122672962e-01,-9.827104647152909989e-01,-8.024821572671950731e-01,-7.910197062114898703e-01,-9.249966291226400239e-01,-7.509446460501018050e-01,-8.452553219310724453e-01,-9.406308362866111494e-01,1.976700394794139726e-01,-3.234388180725427525e-02,7.116053153745245385e-01,-9.897352362205142501e-03,9.662679939121479045e-01,8.793980510828193209e-01,8.155954961150575500e-01,8.778090952501692579e-01,5.318184486803619881e-01,8.216132148871048146e-01,3.208862819370404684e-02
1.392062739146120720e-01,-5.030676370313936774e-01,-2.123048256461577687e-01,3.327036480693714160e-01,8.333272440558842087e-01,8.231969045091646064e-01,6.723907247031168932e-01,8.883293861551555537e-01,4.186461274478341932e-01,9.780142707680368197e-01,4.061708030874312536e-01,-8.774767385526890395e-01,-5.030192252671608077e-01,3.928946771960408202e-01,-3.562115080753549545e-01,-1.913273116720076994e-01,-2.363675421233280560e-01,-8.074207296947434331e-01,-4.819349789740304812e-01,-6.643396938748935554e-01,-6.650652297384263001e-01,-6.137242165452653220e-01,-7.490007668137956820e-01,-9.767261062600539612e-01,-6.836664756981174484e-01,-5.526285362315280780e-01,-9.866937960150145015e-01,-4.921752471795700634e-01,8.055877866584009173e-01,3.296337676590917198e-02,9.341508348567695297e-01,9.005425257155674768e-01,8.306130749967312044e-01,9.348346555105420119e-01,6.561112335588841216e-01,9.301806134512705659e-01,4.578921742568780040e-01,7.126501042325693591e-01,1.513868612047987172e-01,-7.577839064875562247e-01,-3.551197519931509339e-01,-4.764193776129786451e-01,3.291891161555060563e-01,-7.639962336887988759e-01,-8.249735185222745182e-01,-6.408212581519429074e-01,-8.830422401968754942e-01,-7.675019001058729362e-01,-8.370808336445588749e-01,-8.131891941411586444e-01,-7.008831443401890571e-01,2.540067264698658844e-01,-8.069266261432380682e-01,-3.961559134501539958e-01,6.034170448779208051e-01,8.231403748793453268e-01,7.926934145326667291e-01,1.000000000000000000e+00,4.573696729105209968e-01,9.457714459437345234e-01,5.229408879566529444e-01,8.619637674908924296e-01,1.813395746400968955e-01,7.274186718143987873e-01,1.800501063114158529e-01,-7.684491559233140867e-01,-6.117232009421402772e-01,-4.564601746247794467e-01,7.564220611714883580e-02,-6.519148290475199614e-01,-4.836071155542164823e-01,-1.513612312865304232e-01,-7.104284930546251875e-01,-2.542738133351220564e-01,-9.039841572237058420e-01,2.729385625592841147e-01,-1.246203152846469403e-03,3.654556508302008733e-01,-1.091062273502703545e-01,-7.321077415319371395e-01,-1.946661131276639090e-01,2.601809428428104032e-01,5.376860554885561916e-01,9.623360573875903157e-01,5.479905937590723308e-01,8.775530816527573608e-01,3.760855140681835795e-01,8.119017344318072427e-01,4.665855582987467054e-01,6.798307401411880502e-01,6.107365190004837574e-01,2.840441573536584552e-01,5.490027681980840235e-01,-7.935272538615767424e-01,-7.407601382085177155e-01,-3.386831451382674163e-01,-5.606619499586178446e-01,-6.519370646240598699e-01,-3.962917262716739719e-01,-6.589251660972534896e-01,-1.721225736020318142e-01,6.259839378669426191e-01,-4.594447231863602044e-01,2.651331812263894028e-01,-5.180623081297153210e-01,4.374236584762917768e-01,8.198416673039345959e-01,2.969395907680102975e-01,6.926506095035660504e-01,7.499664069080035356e-01,-1.098798428592292348e-01,8.405691399543867570e-01,7.674233223062165710e-01,6.333198429216081449e-01,-2.904725416276559558e-01,7.489259556536379536e-01,-3.852544991148542652e-01,-8.050308475125040886e-01,2.758156797913292047e-01,-8.122137920508776254e-01,-8.854937938625129235e-01,-7.667877115005677924e-01,-7.967426498342745633e-01,-8.532881688401484643e-01,-9.810837877459875900e-01,-6.978314693305281979e-01,6.284499985427387525e-01,5.693602200870665486e-01,8.581723623883307228e-01,4.377410539455167671e-01,8.135650052340958061e-01,4.578262209005045102e-01,8.227891715570564424e-01,5.402426434963070179e-01,5.541105936466516058e-01,4.829259289865465155e-01,-1.749055317147499844e-01
7.073307159006256839e-01,4.652695382969959659e-01,5.596277971290921638e-01,9.484928155024540120e-01,-2.001570611345514575e-02,6.080100106441155283e-01,-1.517381839483989414e-01,7.715006370830517213e-01,4.341635330280933097e-02,4.269290776259865861e-01,6.586679035440372587e-01,-1.715831451756491544e-01,-5.931456412011739676e-01,-1.543861191241127084e-01,-5.261218258537285752e-01,-9.472690533605760965e-01,-2.526054443869302571e-02,-8.026630708984332507e-01,-1.692450885101475996e-02,-8.629851058596798019e-01,-1.423714884941537084e-01,-8.653814799565597848e-01,-2.028754951658187367e-01,-4.380973323199735536e-01,3.164033406828285488e-01,-4.949111342532678398e-02,-5.355341530324769783e-01,4.649969904848774149e-01,7.310519643434778558e-01,8.230391320437937530e-01,5.617681304196054937e-01,7.241987612145649178e-02,8.143206660820674347e-01,2.614552959044339486e-01,9.511688636298701871e-01,4.566104196294207274e-01,8.504324188197349699e-01,8.961848304012631772e-01,5.317265007229815543e-01,1.890342447764685463e-01,-3.908391900248128770e-01,-9.214397961268667725e-01,-1.465174667614433379e-01,-9.039384364686109397e-01,-4.919596830295103196e-01,-9.604480895384155392e-01,-3.375896656436321308e-01,-9.152278473669550607e-01,1.737548474254068873e-02,-8.484780293857329125e-01,2.961220069114768316e-01,8.297377067032775111e-01,-7.007575229692641905e-02,-9.308728262091398031e-01,-1.783354675597819405e-01,-1.002418990032821616e-01,7.231433925243078153e-01,4.573696729105209968e-01,1.000000000000000000e+00,5.985642070260694947e-01,9.879116257874499540e-01,7.864116208208863368e-01,7.199830229518796587e-01,9.085479404644293266e-01,8.157615871851005007e-01,-5.131499930033157630e-01,-2.713448218727570471e-01,-8.734711267748859198e-01,-1.065984491369647846e-01,-5.798631288803571815e-01,-9.186981762712493893e-01,-8.206685243750175829e-01,-9.168380196582366359e-01,-9.607154708981151536e-01,-7.596519838601429875e-01,-7.136444333852898225e-01,-1.868965349697057632e-01,-5.966157724214997682e-01,1.215079064809340831e-01,-5.735477337007817145e-01,6.353488306587537493e-02,-5.109566621996546321e-01,-1.857453029285972002e-01,2.729494737021396222e-01,6.646341319303045170e-01,4.070475301914833755e-01,8.942155591747316112e-01,3.688264765128558276e-01,9.123065540983892330e-01,2.531873847862936566e-01,9.447860828492854468e-01,2.884286314384061911e-01,9.156356992808118989e-01,1.111930964296880542e-01,-6.721667980268669629e-01,-5.710003153839090517e-01,-9.638031017365079611e-01,-6.085529546081509533e-01,-9.871872489653807925e-01,-5.887629070640836293e-01,-9.216317569904310947e-01,4.086566963989255591e-02,2.292729063663311306e-01,8.853813297705743768e-01,4.799636873305631046e-01,9.509708677695699608e-01,7.988588240590228651e-01,9.411281128323486511e-01,8.034515489706832714e-01,6.960862237844164246e-01,8.047672473748713751e-01,3.831817368523178224e-01,1.168668847716599624e-01,1.211077262275321587e-01,-8.963645161363222869e-01,2.795819350144857496e-01,4.655880705924425045e-01,-8.463765568335552825e-01,-2.050232846868230152e-01,-6.801667070923748115e-01,-7.760888635933160806e-01,-1.705789043052294007e-01,-8.783502316211482253e-01,-1.404560291387804138e-01,-5.647562600691891088e-01,-8.954534913604318414e-01,-3.928894203255987039e-01,-2.739762602723120333e-01,1.001198608985717081e-01,-5.870255903724710400e-01,5.619672662970593979e-01,8.497193046840815223e-01,2.225519225106447341e-01,4.519225578835517343e-01,-1.832337941592920572e-01,3.585179507807717547e-01,-5.094937190075068401e-01
3.277571295409389962e-01,-3.990058995729293123e-01,7.046712535300768410e-02,5.374250625199824549e-01,7.781765142109080546e-01,9.488934333986736025e-01,6.663447198161713825e-01,9.582386001651803653e-01,5.776239681966539585e-01,9.214493367235638832e-01,6.475910153138852987e-01,-7.113854485109091241e-01,-3.796048372508521451e-01,5.030024686095049269e-01,-2.172256120703705828e-01,-3.741870813713549238e-01,-4.361287556107010244e-01,-9.325831360443377349e-01,-6.166872832033375440e-01,-8.418509870205174161e-01,-7.711292375506972885e-01,-8.068117627698401240e-01,-8.354429286542400801e-01,-9.713839983671442857e-01,-4.969912681389397902e-01,-6.740473687817588599e-01,-9.650771032338143485e-01,-2.420673356541117593e-01,9.399344228882369201e-01,2.928889367385712483e-01,9.888221011110621683e-01,8.273164714052962943e-01,9.407269404523734835e-01,9.227281556276567542e-01,7.951120316242525909e-01,9.746794152323073890e-01,4.488198148559577882e-01,8.563166006625304583e-01,4.680659859086207242e-02,-6.314247788454507848e-01,-1.806689836399257287e-01,-5.181612917162952137e-01,4.607498192946438698e-01,-8.129959672530538972e-01,-9.397172062588952102e-01,-7.183786255633826112e-01,-9.362525043394185342e-01,-8.349352427672803723e-01,-7.824806885416556446e-01,-9.203586720958577549e-01,-5.512277712697630783e-01,5.119598637348673487e-01,-5.982264039281341983e-01,-6.064153562459663194e-01,6.195874926541204974e-01,6.678245599357792717e-01,9.341920405673952432e-01,9.457714459437345234e-01,5.985642070260694947e-01,1.000000000000000000e+00,6.366261585718629989e-01,8.483875285180650927e-01,1.468203068573995795e-01,8.490923545208141077e-01,2.031452982323979917e-01,-9.033744466139668194e-01,-4.004031157840076682e-01,-4.637360306721053371e-01,2.746428185139829781e-01,-5.212538662534775824e-01,-6.867263883346592657e-01,-1.834504834972041920e-01,-8.484986183079773481e-01,-3.817892635203745111e-01,-9.586626576780136189e-01,7.065302617107845073e-02,-2.699327877599396186e-01,1.136239800249549264e-01,-2.985864828768358126e-01,-8.937906713968312156e-01,-3.823052304099541221e-01,-3.357501384515914483e-02,5.843483048884725584e-01,9.164361868767770813e-01,7.712866698388314290e-01,9.487017286327364962e-01,6.099621492056097605e-01,9.099260816618129910e-01,6.820515617768179162e-01,8.082344039265537683e-01,7.750291773850721544e-01,5.256529683773928374e-01,7.447088330346393059e-01,-6.007965072972856202e-01,-9.039353021820918377e-01,-6.020959452717404847e-01,-6.325094508753985600e-01,-8.440922471220835277e-01,-5.664441150617470777e-01,-8.470477854567896037e-01,-3.918979326052751677e-01,7.160385546784158173e-01,-1.767081864931294433e-01,5.097324779889409463e-01,-4.027742150550874256e-01,6.397908666074675343e-01,9.383017493991431257e-01,3.835528852990143789e-01,8.705562319796382731e-01,6.655536499264151917e-01,2.274399779506454389e-02,6.799541050904100992e-01,8.022621469333841571e-01,4.118318012180900434e-01,-5.242816091846462800e-01,5.495719998444692500e-01,-3.647290627774867899e-01,-9.139739644377035122e-01,-1.253523378179788317e-02,-9.421486861257974965e-01,-8.824969463564091843e-01,-8.345879960002807740e-01,-8.963749778165760462e-01,-8.626624148687231930e-01,-9.669828561972673153e-01,-8.480775024593331102e-01,4.637578769507699761e-01,3.035710123374710800e-01,8.451490262437670875e-01,2.558985912256938056e-01,9.398814856018986585e-01,6.876338516837015025e-01,8.772248836431307817e-01,7.465847302355129722e-01,5.939685261774814151e-01,6.893608389248357948e-01,-5.873801555909618360e-02
6.705390178847048244e-01,4.192523043274543615e-01,4.747608986361355199e-01,9.188576909216256139e-01,3.353236742683290278e-02,6.178409972813022621e-01,-1.222298553334813659e-01,8.035260591342257008e-01,1.609231908817410767e-02,4.945822630509150719e-01,6.166803098287445550e-01,-2.630432285443928819e-01,-6.620796650574877207e-01,-1.720109772474291421e-01,-5.921082342224459616e-01,-9.173972031336355970e-01,2.297405149305965788e-02,-8.151961004485785978e-01,1.137800027315439199e-03,-8.545778969248670753e-01,-1.432272882073511167e-01,-8.503111455339402713e-01,-2.145765750730307120e-01,-4.905921284061904308e-01,2.357816061774866134e-01,-3.921012674404993070e-02,-5.945231727572255487e-01,3.766161892141922651e-01,7.390048342010827609e-01,7.610196845643265595e-01,5.953834152634028820e-01,1.352088945300943534e-01,8.335316430514144725e-01,3.116252710544279436e-01,9.559246742590746804e-01,4.927974568258866594e-01,8.879680826677406325e-01,9.012187154455887361e-01,5.795051467998844075e-01,1.199979338051534034e-01,-4.657695003858404181e-01,-9.456105860545929165e-01,-1.733671394208497474e-01,-9.395804162465043463e-01,-5.050985639454483866e-01,-9.828239399472845639e-01,-3.672281576660553215e-01,-9.426457043421327953e-01,-3.535801984310551344e-02,-8.662642608848872827e-01,2.256492302940134309e-01,7.780954396562101971e-01,-1.660372420115283909e-01,-9.023395043064129650e-01,-1.581495385264073683e-01,-1.978710895402390271e-02,7.285502058650410451e-01,5.229408879566529444e-01,9.879116257874499540e-01,6.366261585718629989e-01,1.000000000000000000e+00,8.429446289847734031e-01,7.503204842664193963e-01,9.201039007961504534e-01,8.305655418544342083e-01,-5.161677968594312604e-01,-3.651784982210931063e-01,-9.066164036407234894e-01,-1.629482906645191576e-01,-6.568449550735357967e-01,-9.003994047989630767e-01,-8.341906343434286608e-01,-9.223537217438934066e-01,-9.472092436435646245e-01,-7.957142822894460732e-01,-6.516926861127090298e-01,-1.106033177433057152e-01,-5.164290468438279547e-01,1.744802710772778709e-01,-5.678592133600043335e-01,1.110087680306629937e-01,-4.208941707804613741e-01,-1.784828862794598237e-01,3.339687040331545398e-01,6.345901874334172188e-01,4.322253158377018512e-01,8.563182238208545405e-01,3.822326730246706217e-01,8.845945812955205989e-01,2.499744068030763655e-01,9.391090883728182570e-01,2.340264693684780961e-01,8.975793982561232065e-01,2.038311676231855177e-02,-6.680254478614147118e-01,-5.177764027158847648e-01,-9.836626111455126775e-01,-5.911443335917850872e-01,-9.707002008228899914e-01,-5.720176388396666090e-01,-8.791834385911194705e-01,4.293988460048200201e-02,1.281357703912310575e-01,8.389665864138665663e-01,4.302558702823069958e-01,9.258281569869122318e-01,8.147138026770472941e-01,9.443844987167970828e-01,7.953070566877825653e-01,7.668325143800088783e-01,7.743972644785270809e-01,4.739223792486770837e-01,1.423009203307770421e-01,2.173011353409395885e-01,-8.544883591595332506e-01,3.764944273251574769e-01,4.498252926460417633e-01,-8.637852123579830010e-01,-1.110308768238653238e-01,-6.891984028099978898e-01,-8.298127872000645722e-01,-1.876103425914869005e-01,-8.995652779060286930e-01,-1.784505409161209755e-01,-6.233048187245704419e-01,-8.959398925082718845e-01,-3.225163462040054885e-01,-1.747451279708272520e-01,1.442333662277414663e-01,-5.232155362412841404e-01,5.709033535544659754e-01,8.171042411833991936e-01,2.469833385524971281e-01,4.224792963520757616e-01,-1.732955958683693176e-01,3.249021571126739505e-01,-5.597712393013424270e-01
3.826801575932387567e-01,-3.033005906749863465e-02,1.014687440472245364e-02,6.311123212035870678e-01,4.601593941224354500e-01,7.174586571623698950e-01,2.388701701169172187e-01,9.184918658460083929e-01,8.804908982972455000e-02,8.459059922296719991e-01,4.305270306147991333e-01,-7.230906009240187782e-01,-7.864996377524875459e-01,-1.577096120794595907e-02,-6.806720263189104392e-01,-5.797820217854448011e-01,5.628905525892299172e-02,-8.456807585597121424e-01,-1.245652306286078037e-01,-7.648437779733437969e-01,-3.323884826168243545e-01,-7.259351228486565777e-01,-4.357945397617417616e-01,-8.026918913325613580e-01,-3.044037231275540378e-01,-1.961933367885540791e-01,-8.909659537522929273e-01,-1.651429675778495199e-01,7.854277679125477585e-01,3.399061615346629095e-01,8.064844344710518920e-01,5.737412785810757088e-01,8.812931654239644086e-01,6.660054116363230969e-01,8.602489317117441026e-01,7.442645803682539363e-01,8.328464271419296905e-01,8.458890903912406056e-01,5.491763493398134077e-01,-3.735518762171308182e-01,-6.215963984915103824e-01,-8.417485680323127939e-01,-6.316202294833127284e-02,-9.697255635907884308e-01,-6.516959979031475836e-01,-9.174725752021607450e-01,-6.292811435500226258e-01,-9.566070186488625504e-01,-4.591683801775394147e-01,-8.950635196712961594e-01,-2.893848834150919425e-01,4.560224900206022447e-01,-6.514693258454453684e-01,-6.450131156247393971e-01,1.645823876672131703e-01,4.930064189635784966e-01,7.645580333517573157e-01,8.619637674908924296e-01,7.864116208208863368e-01,8.483875285180650927e-01,8.429446289847734031e-01,1.000000000000000000e+00,6.270697614574194390e-01,8.836641305713717198e-01,6.372799809424324335e-01,-6.158724625156668520e-01,-7.037316374827522480e-01,-8.330925274049075790e-01,-2.284011234519903455e-01,-8.595650641347892806e-01,-6.906441821247858437e-01,-6.183820610700974107e-01,-8.636293216827937158e-01,-6.723633808721531935e-01,-9.307336749867265446e-01,-1.612907711660721000e-01,1.296750941788996081e-01,1.114266480779031732e-02,2.127714848084596155e-01,-6.115667598811376227e-01,1.265556128904276323e-01,5.883979085711270318e-02,9.726736088630190402e-02,7.190774547649589898e-01,5.241549140010902663e-01,6.572836225585559911e-01,5.862978650215258103e-01,5.714462903066023225e-01,6.627892922147170518e-01,3.955169391859302275e-01,8.072223664550221001e-01,1.104716421334516474e-01,7.254679548027613833e-01,-5.091740061481846435e-01,-6.833658965745696978e-01,-3.152320505653389282e-01,-8.841325839848154233e-01,-5.672674226071473536e-01,-7.229365625693916497e-01,-5.600027866012169397e-01,-5.160626971637962690e-01,2.567868474054832983e-01,-3.457347652076148137e-01,5.134487266237626191e-01,-3.856028264378181386e-02,6.870420769653328152e-01,8.549459616876883272e-01,7.222098694842987721e-01,7.375979275225158505e-01,9.457096994105619325e-01,3.782117399763397780e-01,8.451990825558554077e-01,4.327201090449904752e-01,6.198855435368492151e-01,-5.447797748925954364e-01,7.648290247475466597e-01,1.104959587986061448e-01,-8.903465365385316854e-01,2.745359445208849780e-01,-7.575417934417321142e-01,-9.906645410928531792e-01,-4.395859299688882893e-01,-9.180909350405317415e-01,-5.199627529592985020e-01,-9.035947598693594429e-01,-8.282282226511803458e-01,2.021161390444109196e-01,3.524813946218059990e-01,5.150381325329186355e-01,-1.279826646848213588e-02,6.808407815905874738e-01,6.015660440833076050e-01,5.179494321794028133e-01,3.873955744760709252e-01,1.131783903511537764e-01,2.937408417613426859e-01,-5.551307623691573712e-01
3.821679014823027298e-01,6.497002213450534525e-01,1.129265757928179931e-01,5.530974302778374208e-01,-3.606606548066225160e-01,1.182197127374200185e-02,-5.893431481745228240e-01,3.585627753508274229e-01,-6.300794193173748781e-01,1.805280607542531779e-01,2.394019301372501008e-03,-1.909565967361363525e-01,-8.768079325753401765e-01,-7.535742869856075776e-01,-9.130222158186227510e-01,-6.940866772529556972e-01,6.631886534324573645e-01,-2.934031644571242214e-01,6.366238071387985142e-01,-3.148080515581325178e-01,4.878844624669909646e-01,-3.043050506017457302e-01,3.981672316158935132e-01,-5.218198705768106738e-02,3.184960373231967568e-01,5.942124390840793913e-01,-2.275465060120277494e-01,2.362406320030196460e-01,1.690022682817017563e-01,4.001259952685888299e-01,7.650281442614940974e-02,-2.240800136595803294e-01,3.419302415274335649e-01,-1.484246543542436514e-01,5.513309699975311728e-01,-3.498557769370747028e-02,9.421040227908923370e-01,4.288612696082786391e-01,9.481868884383309881e-01,3.506443025306302252e-01,-8.292376170691567738e-01,-8.863650767692057286e-01,-7.660814827503215074e-01,-6.749256990871714823e-01,1.145670015069144981e-01,-7.433749160219302876e-01,1.949378442734364947e-01,-6.309184684353477124e-01,3.669326246300580463e-01,-3.997020919539253647e-01,4.071655802858726303e-01,2.813530358303673595e-01,-1.984544013355244441e-01,-4.746175740577288082e-01,-6.471861321768480613e-01,-1.905126072615491162e-01,1.415106750740735830e-01,1.813395746400968955e-01,7.199830229518796587e-01,1.468203068573995795e-01,7.503204842664193963e-01,6.270697614574194390e-01,1.000000000000000000e+00,4.997606917727497322e-01,9.681592408931776195e-01,1.144365203179714824e-01,-6.161255450746765394e-01,-9.317741135011816667e-01,-7.527640931919024059e-01,-7.936560387968025765e-01,-4.284669777892680664e-01,-9.664740651116670023e-01,-4.765343315127363311e-01,-8.276361730683307050e-01,-3.730930527180874035e-01,-5.807978164955041045e-01,4.942176282537983356e-01,-3.406200281268554897e-01,7.635374577924862738e-01,8.504292460123856479e-02,7.269689496426879893e-01,-4.085103497212470847e-02,-7.031893965921197642e-01,-5.641196750033281720e-02,-2.060376677299251627e-02,-1.468859720135181623e-01,3.690062316085844230e-01,-2.372391593638539797e-01,3.931878442707711918e-01,-4.053170283120339223e-01,4.963226077112048995e-01,-4.423237996475946066e-01,4.036934953678352755e-01,7.953995038247990701e-02,-4.227164822579714681e-02,1.392996570450404648e-01,-8.100337794342474806e-01,7.328659329451403526e-02,-6.650187283899900992e-01,9.416242806081658034e-02,-5.657656509405527556e-01,-5.622578976808488838e-01,-2.045313733520895128e-01,3.909845731624740917e-01,6.483249930011913964e-01,5.002801685955279298e-01,2.970319217671956169e-01,8.942109987377585556e-01,2.147598701201493543e-01,7.665941498475938864e-01,8.142028013043804968e-01,4.892652406894901773e-01,-3.875044742878984705e-01,4.219469825782634631e-01,-4.212830977774959518e-01,5.083337534432635918e-01,8.176318371226918291e-01,-4.025841400149784421e-01,3.602358831486421886e-01,-1.057109562348785420e-01,-5.702128059286842854e-01,4.025810532262527053e-01,-4.777137161459361070e-01,3.290760358630971383e-01,-2.544341480576410852e-01,-4.124347241175302381e-01,-4.539187403343227234e-01,2.864426893157549781e-02,-3.270189073151644199e-01,-5.645937382532398852e-01,-4.627592133520189166e-02,2.715592992575937559e-01,-3.237145436399100351e-01,-2.666826205506866998e-01,-6.915727681985593955e-01,-3.623331357182295598e-01,-9.315750344575721709e-01
6.128604643252817397e-01,1.017172229141513756e-01,4.127406585529215244e-01,8.606451379849328065e-01,3.577015699606199695e-01,8.454570163931995896e-01,2.322159729769552039e-01,9.401460514347959041e-01,3.327311374693880941e-01,6.952041863497059326e-01,7.498801015878413523e-01,-4.234645337273770793e-01,-5.222481850579191454e-01,1.694593526458338384e-01,-3.991574205811138087e-01,-7.780291320198375882e-01,-2.586608030848581707e-01,-9.544359658142868019e-01,-3.313708629723292054e-01,-9.541676792767100901e-01,-4.770629851311607994e-01,-9.407683952700031105e-01,-5.415061774607501377e-01,-7.339971398225468846e-01,-2.295785603613545445e-02,-3.765419387763560000e-01,-7.860522139336988401e-01,2.001405106647823062e-01,9.156120715042711522e-01,6.756372403903286861e-01,8.259011676546134106e-01,4.344119397121182224e-01,9.610852588304445998e-01,6.031958374394411626e-01,9.786735734642064699e-01,7.548785375603156433e-01,7.290529493851062304e-01,9.763051179458809292e-01,3.277375381460208015e-01,-1.712862272194650981e-01,-2.975037193460278173e-01,-8.159027323757731542e-01,1.564398340593649850e-01,-9.451393083291276254e-01,-7.697044799738770315e-01,-9.362537475108010376e-01,-6.650992547308607339e-01,-9.634282268756788614e-01,-3.620300651560032223e-01,-9.728272022096129401e-01,-6.827184163214435053e-02,7.863093162312200235e-01,-3.010003016913856966e-01,-8.846238269071731164e-01,1.981516293558499564e-01,2.409290670731076833e-01,9.103650750407648040e-01,7.274186718143987873e-01,9.085479404644293266e-01,8.490923545208141077e-01,9.201039007961504534e-01,8.836641305713717198e-01,4.997606917727497322e-01,1.000000000000000000e+00,5.990044831251484236e-01,-7.845618336399228232e-01,-3.310903773083778701e-01,-7.577489727781278051e-01,1.022545140493840848e-01,-5.820115154634895038e-01,-9.191423139313659174e-01,-5.863214587745190221e-01,-9.807079612517701772e-01,-7.795502147230058965e-01,-9.292676229495292484e-01,-4.250554315019801077e-01,-2.855887468082805025e-01,-3.419306489175862329e-01,-1.022468799912697457e-01,-8.036970327563945915e-01,-1.778409030083069609e-01,-3.689995661486443757e-01,1.804733530391582352e-01,6.018910357028033342e-01,8.082665038566395621e-01,7.164111674486252079e-01,8.686007834962101715e-01,6.786595114293627606e-01,9.119521424968439760e-01,5.653068471752672464e-01,9.688407234137528246e-01,4.659697002456057446e-01,9.411581709850325161e-01,-1.951879059920856585e-01,-8.674922784002622178e-01,-6.761997181762910980e-01,-8.962158177883936538e-01,-8.055186070185762492e-01,-8.934925933029340683e-01,-7.937925792347910736e-01,-7.769218318799520073e-01,3.865836418455213530e-01,9.583055913534833936e-02,8.162277613177898461e-01,1.098227862009884120e-01,9.123627920253066792e-01,9.542523120308562534e-01,7.636744061720752708e-01,9.321068213897351074e-01,7.277397265877995070e-01,5.139984554712703213e-01,5.372457259192643386e-01,4.639128489242358433e-01,2.411659627524844196e-01,-8.309577443398873386e-01,4.039829355465893723e-01,1.042164238290889389e-01,-9.689993192599016814e-01,-1.735423497039184637e-01,-8.877813652389194843e-01,-8.953564845529177196e-01,-5.193812628790926977e-01,-9.767719225060248478e-01,-5.050821689923494784e-01,-8.055317754164463828e-01,-9.727489288421334868e-01,-3.563094973284212930e-02,-5.836531352852106919e-02,4.691335097067532711e-01,-2.555116772052816176e-01,8.136539227342837188e-01,8.796945735663342925e-01,5.686922708944779359e-01,6.661319202184777799e-01,1.856165461953297457e-01,5.823494085493164940e-01,-3.155695369132370809e-01
5.009581999081736958e-01,6.949292017094386154e-01,2.864353377023964309e-01,6.874980171594886613e-01,-3.674223509449095482e-01,1.168192839153495977e-01,-5.660579046084450727e-01,4.249826306261306197e-01,-5.082321302511463301e-01,1.700081448731393385e-01,1.698640356396506623e-01,-1.068973971269404633e-01,-8.012447849526023180e-01,-6.620284958246317464e-01,-8.233208625174921469e-01,-8.092128359097456869e-01,5.198557162119303854e-01,-3.943411634118956788e-01,5.280305655989360192e-01,-4.447926634601997442e-01,3.943342439715515901e-01,-4.430850949816518280e-01,3.156230369638360900e-01,-7.732231824718377444e-02,4.143690753950180494e-01,4.928882283364593442e-01,-2.396612765964961367e-01,3.795438033747884909e-01,2.770045412049392808e-01,5.626346647084167207e-01,1.393938889355692823e-01,-2.410412282942777928e-01,4.325617017381067630e-01,-1.268618110338583238e-01,6.533705900184374471e-01,2.156710529554634048e-02,9.389373437891097574e-01,5.362025839627279078e-01,8.736689099538230696e-01,4.094189622430143838e-01,-7.184228450041774128e-01,-9.186798797979598419e-01,-6.624793224054059682e-01,-7.206211328781693126e-01,1.587189915536492066e-02,-8.034893370527735890e-01,1.325807264910362493e-01,-6.901596447498259401e-01,3.710400328885456456e-01,-4.891477980703611839e-01,4.757826517222655816e-01,4.519436848031272991e-01,-8.930946666317401972e-02,-6.159532751103476977e-01,-6.096451761022120275e-01,-2.620041421171326324e-01,2.558412285864941627e-01,1.800501063114158529e-01,8.157615871851005007e-01,2.031452982323979917e-01,8.305655418544342083e-01,6.372799809424324335e-01,9.681592408931776195e-01,5.990044831251484236e-01,1.000000000000000000e+00,-5.814820142042810731e-03,-5.012304821138776623e-01,-9.441416976653222992e-01,-6.135059378165410582e-01,-7.202588118686114038e-01,-5.683230258990115136e-01,-9.799740228349208548e-01,-5.790551676215810462e-01,-9.071159048333207187e-01,-4.305252266468443390e-01,-6.974520262123058423e-01,3.150456786362670902e-01,-4.875223634915136217e-01,6.292482647073337487e-01,-4.214887350010455835e-02,5.920816131189579057e-01,-2.217941440196523062e-01,-6.493240668097941537e-01,-5.626589587871036469e-02,1.394544537195103184e-01,-7.323603907852589689e-02,5.261278718295437917e-01,-1.472040944290108899e-01,5.407801083514793827e-01,-2.978912831447515508e-01,6.143407615593597937e-01,-2.731069263500191524e-01,5.408792686888460599e-01,1.791898076469239098e-01,-1.688546747714594620e-01,-4.125152933451287085e-02,-8.635148161152943480e-01,-7.053060783808429157e-02,-7.783787432957075536e-01,-4.753561621879814209e-02,-7.057931550757725603e-01,-4.792328942229174826e-01,-3.343305251311302906e-02,5.517291289083989803e-01,6.996775748468420097e-01,6.376994818263490572e-01,3.945299555921156776e-01,9.478757554617736059e-01,3.467371050884342498e-01,7.250848854046505476e-01,8.863894371976809294e-01,4.069789395015164790e-01,-3.367311679920388934e-01,2.921370807338631304e-01,-5.759361516508115786e-01,3.950613690844015924e-01,8.090827078580054010e-01,-4.914032970747315709e-01,1.785820747582247681e-01,-2.122016235630345971e-01,-5.877145342026746100e-01,3.314937486973649206e-01,-5.595916363272235294e-01,2.939336427630391824e-01,-2.705462473479998131e-01,-5.260845246941805442e-01,-5.357626409410164436e-01,-1.255429429534013486e-01,-3.057948842530200939e-01,-6.617484296997017124e-01,5.923796747000552310e-02,4.298427894732538834e-01,-2.609342395833981199e-01,-1.146732606918002967e-01,-6.413098689551615106e-01,-2.108646897685316490e-01,-8.504157932093789896e-01
-3.827169901515050654e-01,3.992917335867536832e-01,-3.010734091000976664e-01,-5.527285509668522501e-01,-7.235883549426050942e-01,-9.664001502057009141e-01,-7.195415882603981572e-01,-8.483511740303011361e-01,-8.024786613190741935e-01,-7.342961588244858451e-01,-8.067198994009330271e-01,4.408789448238049080e-01,3.495985062438868723e-02,-7.172391123543471192e-01,-1.322671811893736948e-01,3.569899537897349706e-01,7.217190590710029774e-01,8.909578286617185761e-01,8.171189296492006315e-01,8.531199927927991533e-01,8.964445671939650362e-01,8.378515844001582780e-01,9.157017875392605699e-01,8.551016336735032253e-01,3.401580102912513670e-01,8.459929223259229358e-01,7.958026781519375037e-01,3.455076425521541594e-02,-9.318353265988105205e-01,-4.179857041685358654e-01,-9.237969021547416393e-01,-7.230581636654107580e-01,-8.693441149097750342e-01,-8.469677197826049886e-01,-7.239131016794990714e-01,-9.246943031767640431e-01,-1.924897984153023101e-01,-8.080349930620146504e-01,2.613836700438317284e-01,5.230978720785245395e-01,-1.840844764567978742e-01,3.148517955894537534e-01,-7.024407297314315679e-01,6.296475323855960093e-01,9.732124745316699244e-01,5.558397869052267293e-01,9.303435102275169344e-01,6.761041218293533106e-01,7.326262408631013523e-01,8.415827893771359314e-01,4.450071934373110438e-01,-6.406937908353437239e-01,3.041217142079544189e-01,6.372849536836181494e-01,-7.119026351595928448e-01,-4.973404677921399175e-01,-9.423614657792935834e-01,-7.684491559233140867e-01,-5.131499930033157630e-01,-9.033744466139668194e-01,-5.161677968594312604e-01,-6.158724625156668520e-01,1.144365203179714824e-01,-7.845618336399228232e-01,-5.814820142042810731e-03,1.000000000000000000e+00,2.223755727352134601e-02,2.218705833267200778e-01,-5.993987261788776832e-01,1.758989953459264011e-01,7.147312013769150374e-01,-1.498360865800298786e-02,7.826929202209170766e-01,2.828301059906968562e-01,8.303773212942163751e-01,2.896401920887256044e-03,6.004921381713997919e-01,5.978926374144220846e-02,6.097061431090250450e-01,9.719549654986525677e-01,6.755266756106236281e-01,2.964524921892878750e-01,-7.193360761944842530e-01,-7.914228159140725971e-01,-9.046263245426237054e-01,-9.490697387848551214e-01,-6.855925954420800661e-01,-9.594280735932698700e-01,-7.280706047723469743e-01,-9.328117553407367923e-01,-7.425393133441500204e-01,-7.935596088359031519e-01,-7.642167385579760053e-01,3.758838758324229978e-01,9.555313781185786892e-01,8.151952616406602514e-01,4.610280869768013101e-01,9.528606091961029367e-01,5.237985385131519456e-01,9.560400516150063810e-01,4.350820306710696528e-01,-8.479138347616578253e-01,-1.502244705863852170e-01,-6.015663186536032159e-01,3.931268913834760625e-01,-6.556270184437901216e-01,-8.900658076141195751e-01,-2.319107518937056633e-01,-9.005373959224515223e-01,-3.528932989162159028e-01,3.182931444692798512e-02,-3.571440854525210762e-01,-8.388652973654748823e-01,-6.887176736636498042e-02,6.002203207439412713e-01,-1.968005323224055192e-01,4.860533883211788364e-01,8.353890049244235838e-01,3.582882225729174808e-01,9.460106837664873369e-01,6.671702522060990459e-01,9.003421722124235194e-01,7.918230599496349775e-01,8.523798920278269353e-01,7.963531105511439945e-01,8.148651970777278652e-01,-3.598402577566298666e-01,-1.761358710790489682e-02,-8.162296537427435883e-01,-1.816908300102305640e-01,-9.696086107293567791e-01,-7.727891124300140246e-01,-9.076413112470336220e-01,-9.213188845171641495e-01,-7.201274579036653911e-01,-8.899418401041150339e-01,-2.565818395911138583e-01
1.159094471987895530e-01,1.198617961707787311e-01,5.813671965008263554e-01,-1.524363239276715562e-02,-3.090162379096709766e-01,-1.309318721373737560e-01,-3.434814850306987938e-02,-4.302329624800618757e-01,4.136836639457023290e-01,-6.296848520330248222e-01,2.813092003682118314e-01,8.007523440225163824e-01,8.731438937795612532e-01,3.893903055671258939e-01,8.535707553603423259e-01,5.943821597964223102e-02,-5.891503705464323781e-01,2.568125803369621929e-01,-3.423046511621775645e-01,1.026668435625854858e-01,-1.354917912504549071e-01,4.570780003913370998e-02,-1.876541646778663586e-02,4.697278101355534807e-01,5.130607143925693947e-01,-2.646623630336077393e-01,5.874232047067801110e-01,5.872329923353631909e-01,-1.804345803430005002e-01,2.942865521110753502e-01,-3.422341331767497774e-01,-4.342583352649311834e-01,-3.224299656588235363e-01,-3.715825112353276505e-01,-2.851285455472668540e-01,-3.116068203392484692e-01,-6.643777894267487438e-01,-2.430773367118645722e-01,-7.164848902788587548e-01,4.135000381927450563e-01,8.913007183640235809e-01,5.477680957333905809e-01,4.652924988680570695e-01,5.634249494737016972e-01,9.801170781544438215e-02,4.852360357989287665e-01,2.003310767016432403e-01,5.059159820283984921e-01,2.993231220531693548e-01,3.400845542960839740e-01,4.044575575107248744e-01,2.514720659230117450e-01,8.438429529418157715e-01,-4.849795181202525701e-03,6.639659969332024902e-02,-5.713959497630486384e-01,-1.432238949512265602e-01,-6.117232009421402772e-01,-2.713448218727570471e-01,-4.004031157840076682e-01,-3.651784982210931063e-01,-7.037316374827522480e-01,-6.161255450746765394e-01,-3.310903773083778701e-01,-5.012304821138776623e-01,2.223755727352134601e-02,1.000000000000000000e+00,6.266641790927437450e-01,7.000297510950094226e-01,9.127570632775060533e-01,2.337284745611112324e-02,4.592315773483297558e-01,2.778322010188085667e-01,2.567661897975981877e-01,4.708045544781709335e-01,-2.413289787095285188e-01,-7.482936367845373082e-01,-4.857272128624009477e-01,-6.732630560366852368e-01,-2.581319168999908487e-02,-6.132451204287696633e-01,-6.604715876804103658e-01,1.785057897168916830e-01,-4.895073611116135814e-01,1.934843025821606499e-01,-1.852929880794287609e-01,1.080559662045487840e-01,-6.172220427439097101e-02,2.111498420511609408e-02,1.330112954798139679e-01,-1.886309945382337872e-01,5.450046789987692542e-01,-5.716723086702364676e-02,6.865926524251634300e-01,3.433115862974766425e-02,-4.173617161313473711e-01,4.895252063120268948e-01,-1.125577335663268952e-01,1.613212513879501153e-01,-1.124320126518652957e-01,-8.022868220883785928e-02,1.582851871552788114e-01,8.429448141384706661e-01,1.686549905397732307e-01,1.486954738917246888e-01,-3.991673411591311477e-02,-2.742563002599632260e-01,-3.864719220274423495e-01,-6.855095365476387981e-02,-8.557047461157875068e-01,-7.919771966620998971e-02,-9.105828530424053824e-01,-8.894704074145515227e-02,-9.115707396245115168e-01,-1.229387191145972780e-01,-9.543978066205199839e-01,-1.735076701810138178e-01,3.392067506758593143e-01,-8.449139492771687854e-01,1.607881006542415669e-01,6.676571476317634257e-01,2.191870245785964427e-02,3.891864891649604030e-01,2.099978618755306836e-01,5.866886276217916363e-01,2.117731748978508022e-01,-3.831359739129084341e-01,-7.767824656580237797e-01,-2.538688905597568657e-01,-2.784544709427186349e-01,-1.004134137639817459e-01,1.093081626909594428e-01,-1.113856014456457433e-01,2.818804461439572417e-01,1.538099354326979695e-01,3.512040810390610335e-01,7.370434505580361062e-01
-4.931453853547756450e-01,-4.803700103744443783e-01,-1.946384228484114576e-01,-7.199137031017354138e-01,8.622022928722922197e-02,-3.485208151058999948e-01,3.141127586997110588e-01,-6.475564851428394775e-01,3.370527584646059727e-01,-4.442295329042362240e-01,-2.734540429052278454e-01,3.578723042052512349e-01,8.772371027843478553e-01,4.847938035691253811e-01,8.524489921169702278e-01,7.887038778531900718e-01,-4.025287647357593257e-01,5.953631475866678624e-01,-3.369583478561170575e-01,5.985157627734026820e-01,-1.616885035291839579e-01,5.818945722719267577e-01,-6.508952819195773509e-02,3.585604725075999255e-01,-1.723695704675549389e-01,-2.840586471547366654e-01,5.088992078784169149e-01,-1.969989112867459036e-01,-4.882733779919677386e-01,-5.182953833143327804e-01,-4.015772123302710495e-01,-4.771688604131169714e-02,-6.368728556931452234e-01,-1.614438309136801697e-01,-7.853186478731057907e-01,-2.945264773805853498e-01,-9.864758280477819996e-01,-6.973929607627502580e-01,-8.379877047041796034e-01,-1.454903001800074980e-01,7.571312132640115600e-01,9.742337886463133811e-01,5.046129410398171311e-01,8.791835072991107669e-01,2.291784833505295937e-01,9.173769278203376398e-01,1.402426996292636951e-01,8.513596325459824588e-01,-8.948505782512870821e-02,6.824877701271317987e-01,-2.242292960396701507e-01,-4.829387411369185368e-01,3.193792709360174786e-01,6.739275584104853500e-01,3.751034925647894758e-01,-5.999232255429978559e-03,-4.647643249962056244e-01,-4.564601746247794467e-01,-8.734711267748859198e-01,-4.637360306721053371e-01,-9.066164036407234894e-01,-8.330925274049075790e-01,-9.317741135011816667e-01,-7.577489727781278051e-01,-9.441416976653222992e-01,2.218705833267200778e-01,6.266641790927437450e-01,1.000000000000000000e+00,5.339287975710261813e-01,8.442594682729926969e-01,6.570057145394734288e-01,9.322986638733435916e-01,7.337861601123464306e-01,8.961326704679563049e-01,6.568976650100381010e-01,5.497303393046600872e-01,-2.870395750342374930e-01,3.322874288880873772e-01,-5.393012434747505024e-01,2.533877138577863564e-01,-4.799900232253829779e-01,1.223376569444361850e-01,4.296194454084990566e-01,-2.334003151849327051e-01,-2.869687167837085551e-01,-1.925347832006342741e-01,-5.864264873012826618e-01,-1.058272229417746430e-01,-6.267435379660648564e-01,6.965875086668714411e-02,-7.361861969344272172e-01,1.654136892651413282e-01,-6.515477288879646389e-01,7.331040579734357521e-02,3.709531902230361888e-01,1.360547118519012666e-01,9.477130574229234439e-01,2.555919632659835461e-01,8.214078370082167346e-01,2.364297719245596896e-01,6.888356229226451077e-01,2.499262516209467822e-01,1.680791253782672467e-01,-5.766006592077856929e-01,-4.801582014259194731e-01,-7.055329830009714476e-01,-5.993492009668758280e-01,-9.460978560692487882e-01,-5.179043686679696279e-01,-8.796955359899706339e-01,-7.701751475669817992e-01,-6.176549716998718242e-01,8.040000244003731034e-02,-4.547571283332146330e-01,6.071494296716629657e-01,-5.815128568485067317e-01,-6.196561167447661722e-01,6.819052159381828737e-01,-2.453898627482808958e-01,4.318486029306920493e-01,7.947048927235124127e-01,-7.424903479389287353e-02,7.421683836138042167e-01,-1.433566367917564650e-02,5.354021866518305917e-01,6.815867837617322067e-01,2.988771758503998566e-01,-5.593059119237595717e-02,2.334455584222521959e-02,4.692940371846356373e-01,-2.937258867765268899e-01,-5.236747566817870903e-01,-6.305341440004426888e-03,-5.442807832737722035e-02,4.177884159688862176e-01,4.972176678621453155e-02,8.232048359566783713e-01
1.397239996385271077e-01,-4.197825628986023849e-01,4.271197071680343793e-01,1.087108066838585185e-01,4.062594312681745423e-01,4.982549340405961202e-01,6.294518788037921642e-01,1.472191704290417569e-01,9.180948570315716761e-01,4.698134289814091119e-02,6.161153810221713378e-01,2.144927117402264105e-01,7.476939065276131391e-01,9.017508496483218616e-01,8.514392524531384510e-01,8.216561045205086899e-02,-9.709907582994141695e-01,-2.840019852493784747e-01,-8.932084717201732582e-01,-3.314017549009614094e-01,-7.793575348659602664e-01,-3.554754115809614090e-01,-6.983267748076258385e-01,-2.470436146264686772e-01,-6.224523239978504985e-02,-8.548433705152337359e-01,-8.652918759930490478e-02,1.856659306866620951e-01,3.934346993557111816e-01,2.426764970790886711e-01,3.417955817115820860e-01,2.912373232624641539e-01,2.213661164228639677e-01,3.674018903633728406e-01,7.465283109866169275e-02,4.005973631127276446e-01,-5.757409690210023578e-01,1.918913689400495171e-01,-8.673985231962562104e-01,-2.305871880074421842e-01,8.607820887591892678e-01,4.258016066791139864e-01,9.349098395181658638e-01,1.678452434165081941e-01,-5.671099122341336507e-01,1.975984801707846572e-01,-5.195956090251094839e-01,9.494693054312250413e-02,-4.184817880694700065e-01,-1.731334826768862745e-01,-2.117650001002794047e-01,3.971619722795832752e-01,3.217381180385459616e-01,-1.989055138128126843e-01,6.966609018055255342e-01,7.653789994493734317e-02,4.287343504628539637e-01,7.564220611714883580e-02,-1.065984491369647846e-01,2.746428185139829781e-01,-1.629482906645191576e-01,-2.284011234519903455e-01,-7.527640931919024059e-01,1.022545140493840848e-01,-6.135059378165410582e-01,-5.993987261788776832e-01,7.000297510950094226e-01,5.339287975710261813e-01,1.000000000000000000e+00,6.568842466278844716e-01,-2.514872248684797418e-01,6.025702926927588576e-01,-1.403976851266121040e-01,2.752275948047629983e-01,-1.108232826365267015e-01,9.605386186898158540e-02,-9.163614015065205676e-01,-1.511768465374638548e-01,-9.852424594826316717e-01,-6.167105391602888398e-01,-9.800008235940813606e-01,-4.910334763320153839e-01,7.780969603266538748e-01,2.405778985062402842e-01,6.373738371699270155e-01,5.205245220937002593e-01,3.185300516427492790e-01,6.227665960779110721e-01,2.906945707331374251e-01,7.686227019796482152e-01,1.541878052464644988e-01,9.072861260755871182e-01,2.683743807487583566e-01,9.388617358316350692e-02,-5.285166738845574752e-01,-7.419046464521084072e-01,2.813206488526504567e-01,-6.450656344159082511e-01,2.397990089598371274e-02,-6.542175085897605769e-01,-8.260896261544731223e-02,7.901837386386448836e-01,5.893546062813902475e-01,2.910690976154275411e-01,-4.013219991261857689e-01,1.766181629174341516e-01,2.736569851100394413e-01,-3.956924645935842033e-01,4.139771630030893990e-01,-5.123731956238943841e-01,-3.655840011877269924e-01,-4.330684022692199986e-01,5.933352867344799941e-01,-5.761525419897232103e-01,-2.554748888924673889e-01,-5.556373663604066149e-01,-6.802410961339145912e-01,-1.681228559966276292e-01,-7.716468927025956770e-01,-4.352675451909272519e-01,1.585769357177994610e-01,-6.708730205345748709e-01,-9.052976281291906513e-02,-5.201130913162813618e-01,-7.802083068136930755e-02,-2.164252978875456368e-01,1.902296139402772923e-01,-3.910530243695977126e-01,4.759426204651558967e-01,1.796560072358713567e-01,5.378790517218303702e-01,4.075541288863552269e-01,5.996487873784629441e-01,7.844122590303487241e-01,7.620631219417262070e-01,8.366962282886059032e-01,8.736470403293320475e-01
-1.508144183768438951e-01,-9.332744533918600760e-02,2.909478805669128976e-01,-3.456133429051808648e-01,-2.187290533758428912e-01,-2.957490107810853419e-01,6.168177972700735617e-02,-6.136194746545531320e-01,3.676434015224959162e-01,-6.562858208233948165e-01,2.552753822551498755e-02,7.151175401521377983e-01,9.536303383442032988e-01,4.176326596801991364e-01,9.208448997006842829e-01,3.916522008194200377e-01,-5.175578874272442897e-01,4.785853798742221166e-01,-3.182469752642028693e-01,3.733193179458104694e-01,-1.007006994310208486e-01,3.264798311076752002e-01,1.899079952363754570e-02,5.205010272852899078e-01,2.954837355263886245e-01,-2.419911436980601849e-01,6.588346432411210651e-01,3.155008747219558707e-01,-3.848589165575965199e-01,-4.452819291603352797e-02,-4.578010822651914502e-01,-3.588561714143844172e-01,-5.371709542533051884e-01,-3.717456459525206314e-01,-5.648391664195205886e-01,-3.924772272594258538e-01,-8.689296976315697973e-01,-5.060128925482498818e-01,-8.098787048106708131e-01,2.542557264691241992e-01,8.947928567388647725e-01,7.939850432366195587e-01,4.770478495016271525e-01,7.862888845393435355e-01,2.238913552779510929e-01,7.447439519030700783e-01,2.533138422166310577e-01,7.387661218203094293e-01,2.117261407108964599e-01,5.673725812604907270e-01,2.079129519112586366e-01,-7.285498936320049246e-02,7.228775547905210708e-01,3.173692522804466565e-01,1.550945127882425445e-01,-4.198301698000089233e-01,-3.507852603094734345e-01,-6.519148290475199614e-01,-5.798631288803571815e-01,-5.212538662534775824e-01,-6.568449550735357967e-01,-8.595650641347892806e-01,-7.936560387968025765e-01,-5.820115154634895038e-01,-7.202588118686114038e-01,1.758989953459264011e-01,9.127570632775060533e-01,8.442594682729926969e-01,6.568842466278844716e-01,1.000000000000000000e+00,3.252779122055252103e-01,6.929671283612562904e-01,5.417827581504186529e-01,5.639710718883724772e-01,6.435993757257733039e-01,6.653234698737953146e-02,-5.852999165750202293e-01,-1.851884095739035063e-01,-6.388266352532638859e-01,1.506308925953385724e-01,-5.694336385147611423e-01,-3.746005096853389782e-01,2.527945001660308888e-01,-4.777330505564233443e-01,-4.701181733535979290e-02,-2.659417716551656374e-01,-2.152353363514906692e-01,-1.475917498406018880e-01,-2.935461969563137874e-01,5.853300897385204510e-02,-4.817599605459173540e-01,3.844984937658815771e-01,-3.598634968357651287e-01,5.172081898509059972e-01,2.400102420750183374e-01,-1.720860230239976418e-01,7.545833830411391441e-01,9.186332866672319852e-02,4.842613724796600017e-01,8.435722168205331273e-02,2.607693358998831035e-01,1.556307638145167926e-01,6.280755783492441013e-01,-1.651820116558818385e-01,-7.455570942155628766e-02,-3.628411227989064014e-01,-4.911437335145116823e-01,-6.692189675183457531e-01,-3.204502792339578021e-01,-9.663897234020079052e-01,-3.711985732358251688e-01,-8.922750712538368711e-01,-8.128316273447337703e-02,-8.059518674873595856e-01,2.080759547343836169e-01,-8.972350729299065630e-01,-3.424527010767576263e-01,5.655988258762687515e-01,-6.484800968830917167e-01,3.495964609745279561e-01,8.231982590921155252e-01,4.149598374555026059e-02,6.213997493325350563e-01,1.898066894469844501e-01,6.684042746977414406e-01,4.795557801948499566e-01,-1.566244792557888177e-01,-5.474165889693419773e-01,-2.136056925320393984e-01,-4.050138725413265917e-03,-2.515764799257705908e-01,-1.932746237159522484e-01,-1.361069299452674630e-01,1.072625236530453247e-01,2.312867702825838478e-01,1.995035816158960973e-01,8.232906633196056534e-01
-7.292243894578228636e-01,-2.870116829448288165e-01,-6.780406599158260716e-01,-9.503591158701252262e-01,-1.400534519163344760e-01,-7.710275588341533037e-01,-8.908548345559004489e-02,-8.061834820406978963e-01,-3.717345963542787457e-01,-4.438515326390319315e-01,-8.543475837943985685e-01,1.074318965277243076e-01,3.156004183431186383e-01,-1.761698455486676584e-01,2.115338480762929685e-01,8.788362478341046335e-01,3.686177227747949314e-01,8.817002589679209246e-01,3.382937406241897094e-01,9.533472227166240875e-01,4.221361333692520423e-01,9.631468410246604162e-01,4.538927034884105982e-01,5.243658892448876951e-01,-2.663419289075100727e-01,3.576950149051622563e-01,5.607648054710497876e-01,-4.986794644091873674e-01,-8.511479876706176118e-01,-8.706124304475684195e-01,-6.737289181585550679e-01,-1.891362971699446227e-01,-8.726658836638312433e-01,-3.974976455781109030e-01,-9.478358370469195382e-01,-5.945220965171110761e-01,-6.200087340352141707e-01,-9.378022167298935008e-01,-2.086398309437283161e-01,-8.388071707827007839e-02,8.012234244509339187e-02,7.409338482185349184e-01,-1.938336580859671698e-01,8.206288918799818921e-01,6.864843706050552941e-01,8.601797194211614483e-01,5.220381029648498705e-01,8.539222060251958624e-01,1.471728731410558155e-01,8.863129560842852861e-01,-1.939921468663212689e-01,-9.355024791405577300e-01,-3.233100453733989826e-02,9.673432283685563515e-01,-8.727300609455909686e-02,5.235167955907505527e-02,-8.564735674491389394e-01,-4.836071155542164823e-01,-9.186981762712493893e-01,-6.867263883346592657e-01,-9.003994047989630767e-01,-6.906441821247858437e-01,-4.284669777892680664e-01,-9.191423139313659174e-01,-5.683230258990115136e-01,7.147312013769150374e-01,2.337284745611112324e-02,6.570057145394734288e-01,-2.514872248684797418e-01,3.252779122055252103e-01,1.000000000000000000e+00,5.767275371967183206e-01,9.360885960619967916e-01,8.222724832884663604e-01,7.818052899197097672e-01,6.404942031905730415e-01,4.992612131807279696e-01,6.155398705953131211e-01,2.314673023592677681e-01,7.780995922033272505e-01,2.867432937482750077e-01,6.546157929423164212e-01,-1.059777945455008114e-01,-3.641757615468043108e-01,-8.691555628652845034e-01,-5.887151296516490717e-01,-9.722307811722802340e-01,-5.864232805585967157e-01,-9.820407700194940803e-01,-5.244970256346374038e-01,-9.680323539169396474e-01,-5.983712045665481316e-01,-9.786701211754259555e-01,-1.230626893028597402e-01,8.411950440570009624e-01,8.113605538258313876e-01,8.329002204799127451e-01,8.201430859298195486e-01,9.418673034064211080e-01,8.040101041575302698e-01,9.117195104121292859e-01,-3.281729313788672719e-01,-4.150780689133404255e-01,-9.518374560153699537e-01,-3.070560968275427571e-01,-9.784165337692248832e-01,-8.761107212633322261e-01,-7.655415391354635224e-01,-9.252751792804898567e-01,-5.006527351706749895e-01,-6.390142888606082927e-01,-2.311046098368840507e-01,-3.341620449687172090e-01,7.354405404312333583e-02,9.510114266116156401e-01,-8.721203830878251906e-02,-1.982797275185980979e-01,8.827898127723079469e-01,4.610347739360321495e-01,8.172605852001619819e-01,7.035686347902285753e-01,4.131035185019844014e-01,8.862987700723988782e-01,3.337397813076181663e-01,5.874076035770292581e-01,9.434701590250555991e-01,2.956141379202294472e-01,3.872257466428000172e-01,-2.795741020720576286e-01,4.881640328039474896e-01,-7.416900724967194769e-01,-9.640526485786578004e-01,-4.390633487063989038e-01,-7.166975610073109682e-01,-1.028304151480789186e-01,-6.445708691846330218e-01,1.835343554929426690e-01
-5.142141624536868960e-01,-7.210088256420575936e-01,-3.131679105663471296e-01,-6.997965778291548311e-01,3.971400061087120292e-01,-1.045913726484956896e-01,5.896504002222209273e-01,-4.099309855741278263e-01,5.128550238351390345e-01,-1.418482503070881695e-01,-1.773189246860696622e-01,7.343876783737035563e-02,7.878436164375894890e-01,6.715886917110174270e-01,8.120753802389747422e-01,8.236347526493649207e-01,-5.170798289026681260e-01,3.848670348399749752e-01,-5.365572281394344056e-01,4.433043141566019307e-01,-4.088142681268664425e-01,4.443241076295404435e-01,-3.329574153795145097e-01,5.120150180936050566e-02,-4.496085783294169747e-01,-5.042779396919591095e-01,2.145744957086168914e-01,-4.130286805634767466e-01,-2.674163345371116662e-01,-5.847843800229653999e-01,-1.196623601567806394e-01,2.727738517804301210e-01,-4.228026254250892291e-01,1.543708347164004513e-01,-6.515682211086595288e-01,-3.460145727500819922e-05,-9.335228375393929134e-01,-5.328143139935106465e-01,-8.707456120224696949e-01,-4.380372856452764418e-01,7.025635423809245550e-01,9.141722665898007749e-01,6.683621517543295587e-01,7.103912450468267137e-01,-3.051986172947722398e-02,7.994214926580174296e-01,-1.540009723125145003e-01,6.809794019887690508e-01,-4.011253448687344680e-01,4.793787202732573971e-01,-5.111151809677374480e-01,-4.678393826276779355e-01,5.090811938919898721e-02,6.274921491281825192e-01,6.324438168484629585e-01,2.985960388190848080e-01,-2.465292111803827346e-01,-1.513612312865304232e-01,-8.206685243750175829e-01,-1.834504834972041920e-01,-8.341906343434286608e-01,-6.183820610700974107e-01,-9.664740651116670023e-01,-5.863214587745190221e-01,-9.799740228349208548e-01,-1.498360865800298786e-02,4.592315773483297558e-01,9.322986638733435916e-01,6.025702926927588576e-01,6.929671283612562904e-01,5.767275371967183206e-01,1.000000000000000000e+00,5.739873242361577255e-01,9.169465358705303215e-01,4.139827838945954186e-01,7.244098740888883503e-01,-2.994366275585260140e-01,5.200174107790143108e-01,-6.254129396799146257e-01,3.409350124768725787e-02,-5.901097548187306252e-01,2.506344843138481604e-01,6.667181421850765233e-01,8.601345325451975610e-02,-1.415828794105304933e-01,9.276038918650023057e-02,-5.372391446111808300e-01,1.636995775771016570e-01,-5.482045483967358246e-01,3.101619920951664833e-01,-6.148273218256997685e-01,2.670816670683941463e-01,-5.450354821635742253e-01,-2.153691707263750699e-01,1.620685770787355096e-01,5.028810968176330998e-02,8.614596006405834672e-01,6.695919552918716544e-02,7.866849202397099283e-01,4.323548959124869778e-02,7.228739254015372762e-01,4.942326907264417146e-01,2.206827862726707529e-03,-5.665756383260798223e-01,-7.279427172731696150e-01,-6.452849086806375922e-01,-3.849967115402099238e-01,-9.547829908784252195e-01,-3.434854817759485091e-01,-7.060102096692177920e-01,-9.066251059172610871e-01,-3.751568119754837283e-01,3.580566077331419073e-01,-2.621596064324503428e-01,5.887404078605649183e-01,-3.660656196235789750e-01,-8.288830549085084431e-01,4.809481930655168935e-01,-1.525809055680153736e-01,2.009759285946372542e-01,5.688071191037067376e-01,-3.504666058355861424e-01,5.508181147690113244e-01,-3.197522900747308827e-01,2.460710537669497378e-01,5.219731760801462617e-01,5.691837650109233815e-01,1.607573697127140933e-01,3.329041332802716857e-01,6.924424438250724734e-01,-4.647745376132116080e-02,-4.377072065211370377e-01,2.819582895847665971e-01,1.159248959403218066e-01,6.592346384219087696e-01,2.116628161917867013e-01,8.455009476110952882e-01
-6.339537687641993990e-01,-1.116841683424885656e-01,-4.559242231952528313e-01,-8.818159900423570008e-01,-3.472277286226698734e-01,-8.568049187306493453e-01,-2.339590664619114746e-01,-9.367891357433287824e-01,-3.607722778938973196e-01,-6.752629216864927120e-01,-7.800404099432037830e-01,3.875836563390103184e-01,4.851888980005704677e-01,-1.929952608635330524e-01,3.624500435871077508e-01,7.941805078034818166e-01,2.955273597932309704e-01,9.615449657425487739e-01,3.560915899962608377e-01,9.705782832514650016e-01,4.937606546165678179e-01,9.604018769797048050e-01,5.533862570461329788e-01,7.239797014107001161e-01,-6.255913202721194097e-03,3.980665016076487261e-01,7.718665978783070258e-01,-2.380813404888054430e-01,-9.267126793739078883e-01,-7.087861058027571382e-01,-8.258269260352948393e-01,-4.191462688073375742e-01,-9.662614519913373945e-01,-5.954502433822659313e-01,-9.856374644308191213e-01,-7.537571024165721223e-01,-7.077092063325443050e-01,-9.853171334290556915e-01,-2.947802166934301304e-01,1.537333398560261077e-01,2.539192036436309086e-01,8.001451742066212347e-01,-1.845139076388923050e-01,9.355254102367152047e-01,7.805043021672025683e-01,9.324623251087043041e-01,6.689877423176405769e-01,9.594002933779148812e-01,3.525047739752644738e-01,9.766944332981206678e-01,4.530741660417101496e-02,-8.188893801208736445e-01,2.600667994103665892e-01,9.065898941101065978e-01,-2.031538356793036182e-01,-2.134096711709924654e-01,-9.230932971934149300e-01,-7.104284930546251875e-01,-9.168380196582366359e-01,-8.484986183079773481e-01,-9.223537217438934066e-01,-8.636293216827937158e-01,-4.765343315127363311e-01,-9.807079612517701772e-01,-5.790551676215810462e-01,7.826929202209170766e-01,2.778322010188085667e-01,7.337861601123464306e-01,-1.403976851266121040e-01,5.417827581504186529e-01,9.360885960619967916e-01,5.739873242361577255e-01,1.000000000000000000e+00,7.852966482615411081e-01,9.232015921136552672e-01,4.485613347932095318e-01,3.319758844904998618e-01,3.776031798191594735e-01,1.401066457733846082e-01,8.229982240402797800e-01,2.138859869053520435e-01,4.141772767427248092e-01,-1.923083924828943581e-01,-5.877670641323614609e-01,-8.371581291878911202e-01,-7.215305989512915685e-01,-8.955185436651239561e-01,-6.898451007045639516e-01,-9.345547211729737791e-01,-5.837837137691238576e-01,-9.809546636148184229e-01,-5.062298794999473550e-01,-9.602508337844228858e-01,1.606785570388675199e-01,8.855819950542315189e-01,7.140259917525074718e-01,8.910267751017402205e-01,8.292914161474107537e-01,9.062054796341387775e-01,8.180777616756578219e-01,8.005510954384397193e-01,-4.029320230033201500e-01,-1.446932264102367693e-01,-8.455086144361861900e-01,-1.221674021064170362e-01,-9.320719985196487256e-01,-9.610218163659978163e-01,-7.612088866744707305e-01,-9.501264354588270233e-01,-6.971358634041298075e-01,-5.231947776991585641e-01,-4.973132184152557755e-01,-4.701571516696421149e-01,-1.927874580759036394e-01,8.551090790263454755e-01,-3.603248387835600863e-01,-9.972725561093906399e-02,9.726014171327178603e-01,2.243661203964970319e-01,8.973689896405294686e-01,8.776174349355568838e-01,5.280221271856608833e-01,9.788496546876230830e-01,5.033044610493403459e-01,7.917111662529384697e-01,9.837455495705661468e-01,5.919943013764075723e-02,1.030653328594853535e-01,-4.640550481366451652e-01,2.786297953132964578e-01,-8.256910067296433509e-01,-9.062478314527913081e-01,-5.738864094212590139e-01,-6.962938358706990405e-01,-1.962683407021679760e-01,-6.140120536115436511e-01,2.836167071533771677e-01
-6.894447884378556157e-01,-6.586464040264523589e-01,-5.662862910000099337e-01,-9.048816033208937348e-01,2.616201516849240294e-01,-3.844645104829434445e-01,3.981759321099577753e-01,-5.943245931827845219e-01,1.821254606916533070e-01,-2.292501317186842191e-01,-5.104548425299905157e-01,2.292376792893133230e-02,6.255881433216775589e-01,3.817062772959134431e-01,6.017635059439945255e-01,9.631378229043605632e-01,-1.700066838158447446e-01,6.239883255638645210e-01,-2.200886337533759785e-01,7.107817743382087716e-01,-1.111731613829883003e-01,7.206679981281051139e-01,-5.375699009059341227e-02,2.112937912415054631e-01,-4.879984874680585727e-01,-1.955796475080417429e-01,3.351510163346294591e-01,-5.653748735832961891e-01,-5.329325410524754503e-01,-8.185187028075001647e-01,-3.356949595835790334e-01,1.619446440826976530e-01,-6.402024308522210605e-01,-1.711263212596419656e-02,-8.434107013059090052e-01,-2.177359736844623750e-01,-8.783365056463630083e-01,-7.559665045371645187e-01,-6.542703610049105389e-01,-3.952865776848784041e-01,4.619285262228776112e-01,9.255885273813124758e-01,3.645108127737204939e-01,8.070833974973447011e-01,2.523332712664541622e-01,8.971818672037413789e-01,8.516428571523365632e-02,8.066045072565352081e-01,-2.612164192799753537e-01,6.876439500836756258e-01,-4.929076692998715647e-01,-7.547608133640449912e-01,-5.178838710609623419e-02,8.592806324175930044e-01,4.211675346080744897e-01,2.940840121333692103e-01,-5.226375596587050643e-01,-2.542738133351220564e-01,-9.607154708981151536e-01,-3.817892635203745111e-01,-9.472092436435646245e-01,-6.723633808721531935e-01,-8.276361730683307050e-01,-7.795502147230058965e-01,-9.071159048333207187e-01,2.828301059906968562e-01,2.567661897975981877e-01,8.961326704679563049e-01,2.752275948047629983e-01,5.639710718883724772e-01,8.222724832884663604e-01,9.169465358705303215e-01,7.852966482615411081e-01,1.000000000000000000e+00,5.832057533984164044e-01,8.186949800914855579e-01,5.638123684669452823e-02,6.809096840346346990e-01,-2.987225107323697171e-01,3.502686589389952254e-01,-2.555593922413498253e-01,5.175482489377454254e-01,4.270408131723010259e-01,-4.241153498062624760e-02,-4.823762170440797359e-01,-1.589979349724284230e-01,-8.076082910802374615e-01,-1.179717791268477811e-01,-8.111975483586836289e-01,-3.393337818736607333e-03,-8.345619765298343262e-01,-1.049168309108020197e-01,-8.001211031320560885e-01,-2.735620852308374151e-01,4.650065010708668845e-01,4.135390180367925494e-01,9.307429725839451162e-01,4.002184249450106424e-01,9.520838885152786979e-01,3.764950714892060235e-01,9.153041789158116170e-01,2.104532323951800177e-01,-2.503709762087871216e-01,-8.263069284757844635e-01,-6.743119169233279253e-01,-8.758095390810590741e-01,-6.191111173989152228e-01,-9.807462075733098805e-01,-6.297347911863695469e-01,-6.437359105043723995e-01,-9.213541791003369008e-01,-2.849093598252281367e-01,1.323367223964112549e-01,-7.660348716241557887e-02,8.382278870004543636e-01,-2.146475355502981686e-01,-6.732868500962760905e-01,6.872082792722016276e-01,1.583773826234863846e-01,4.720167610785953594e-01,6.458253952261800990e-01,-8.726816468991821507e-02,7.344844281863243118e-01,-1.151969304105148056e-01,3.681556946461059798e-01,7.550599278279581661e-01,5.754989456214436583e-01,3.511128009047694842e-01,1.515165639853503221e-01,7.359644036740728978e-01,-3.323496808341696584e-01,-7.299019928903253129e-01,3.421627515587942481e-02,-2.393764418427065666e-01,4.257478625446945997e-01,-1.462052412715896810e-01,6.267713128984981896e-01
-4.348935046719121233e-01,1.803511966066302652e-01,-1.555427012064098669e-01,-6.758498169346437434e-01,-6.109347301030010335e-01,-9.009954551683675428e-01,-4.634861233013267690e-01,-9.830530338213364638e-01,-4.083662010111988594e-01,-8.764118324766710932e-01,-6.483117438394306875e-01,6.615369950132281573e-01,5.372421837689370649e-01,-2.991093847489303958e-01,3.946271688942871170e-01,5.566352578067976786e-01,2.802220321910532386e-01,9.560486453664650552e-01,4.379143328052042539e-01,8.901193839789774964e-01,6.095583457533817473e-01,8.585829888271379051e-01,6.860909228046914166e-01,9.021655631102321049e-01,3.346798649969567885e-01,4.975079508135558659e-01,9.365424378592692722e-01,1.071456890206396173e-01,-9.341482904600137971e-01,-4.261851630512994427e-01,-9.389257666950716619e-01,-6.867526642928356573e-01,-9.708817123897517387e-01,-8.057897450693914942e-01,-8.965454084065250795e-01,-8.952655343394190224e-01,-6.428431118760136176e-01,-9.235044821517957025e-01,-2.538175087854273593e-01,4.628250491035340586e-01,3.310313729780933745e-01,7.044900805271905320e-01,-2.621804264973506271e-01,9.234396512063963725e-01,8.572549498187869155e-01,8.603829732188145174e-01,8.214179249465847210e-01,9.375807698769053067e-01,6.152288525890966531e-01,9.682226284090112989e-01,3.713134457196875515e-01,-5.977613837718199763e-01,5.525373355217153559e-01,7.210723354896269033e-01,-4.112355560550686184e-01,-5.309603627288638217e-01,-9.255678422966153729e-01,-9.039841572237058420e-01,-7.596519838601429875e-01,-9.586626576780136189e-01,-7.957142822894460732e-01,-9.307336749867265446e-01,-3.730930527180874035e-01,-9.292676229495292484e-01,-4.305252266468443390e-01,8.303773212942163751e-01,4.708045544781709335e-01,6.568976650100381010e-01,-1.108232826365267015e-01,6.435993757257733039e-01,7.818052899197097672e-01,4.139827838945954186e-01,9.232015921136552672e-01,5.832057533984164044e-01,1.000000000000000000e+00,1.197685484683314039e-01,1.841047212397295685e-01,3.667563125129467277e-02,1.257314166887234519e-01,8.348662293284749847e-01,2.122270478303903141e-01,1.070436200396266829e-01,-3.716663661207211811e-01,-8.160006196065681117e-01,-7.517780595712547642e-01,-8.490133302042176533e-01,-7.036227153876495333e-01,-7.976795291814815503e-01,-7.713257366358245992e-01,-6.692003010604982149e-01,-8.710249902881896933e-01,-4.267113433739420092e-01,-8.273138367627342893e-01,4.878847308718436970e-01,8.765929117382241786e-01,5.760930049752446269e-01,7.977292945327780771e-01,7.987735301732389326e-01,7.229715118020090259e-01,7.960856783160271677e-01,5.494136342864813782e-01,-5.371486472505163645e-01,1.490035099730787349e-01,-6.196696110001561619e-01,1.818793498755024163e-01,-7.557131311827763875e-01,-9.618409483029889406e-01,-5.933539746536176107e-01,-8.914374179015581712e-01,-7.815797865186994153e-01,-2.526290532088245611e-01,-7.097834218145375740e-01,-6.492108544720560648e-01,-4.300090116887951286e-01,6.378529225472496789e-01,-5.850680037023529012e-01,1.276561812322597189e-01,9.623755785714875888e-01,-1.300421745275227338e-02,9.195781250576050558e-01,9.497386816521780073e-01,6.808975985364490446e-01,9.619216748887891022e-01,7.107628068820043277e-01,9.452681632245393262e-01,9.147458532613154114e-01,-2.752156011180022510e-01,-2.257407921133899042e-01,-6.904833394231872923e-01,-5.351436312792227923e-02,-8.776649518816658224e-01,-7.495392489751252496e-01,-7.358953811830326597e-01,-6.650782730504418705e-01,-3.821730796063121938e-01,-5.889217089038176756e-01,2.590461240153610345e-01
-6.718427494399976663e-01,-8.670972685404411129e-01,-8.089575393206521747e-01,-7.793045087563955642e-01,6.432243339409621230e-01,-5.526389499175540787e-02,6.418706376217084841e-01,-1.536778049061996720e-01,2.078430129411223126e-01,2.996069026461387064e-01,-4.468216905502834235e-01,-5.185958629063956993e-01,1.903745533235597087e-01,4.041280988964640053e-01,2.245489970466136020e-01,8.734388564675004130e-01,-8.053382637874310912e-02,2.621226336555605996e-01,-2.884122697515361655e-01,4.439646885055177350e-01,-3.046545282395301535e-01,4.882930466877712372e-01,-3.109411447255012728e-01,-2.698422922170081728e-01,-8.750103302957459306e-01,-3.116139690832692710e-01,-1.850254025307238037e-01,-9.064184978868987663e-01,-1.943101503131978158e-01,-8.881176362614259245e-01,9.374813786499901214e-02,6.035893872829530826e-01,-2.513422330286577688e-01,4.196934695656845404e-01,-5.255002574103787572e-01,2.008375213843356377e-01,-5.194887387758337915e-01,-4.315261420930090464e-01,-3.904474856391246251e-01,-7.809170986362048428e-01,7.694245797823030808e-02,5.948852386348942867e-01,3.430958973400876078e-01,3.702471994327988236e-01,-6.686033874952020117e-02,5.256177204313852158e-01,-2.839940895781834507e-01,3.850003929545052772e-01,-6.401570449961635489e-01,2.997825682238982048e-01,-8.537544655340990607e-01,-7.348907970969740244e-01,-5.800433690095929684e-01,7.177719388790867461e-01,6.102618304311960840e-01,7.475662360242221194e-01,-2.010697381912264770e-01,2.729385625592841147e-01,-7.136444333852898225e-01,7.065302617107845073e-02,-6.516926861127090298e-01,-1.612907711660721000e-01,-5.807978164955041045e-01,-4.250554315019801077e-01,-6.974520262123058423e-01,2.896401920887256044e-03,-2.413289787095285188e-01,5.497303393046600872e-01,9.605386186898158540e-02,6.653234698737953146e-02,6.404942031905730415e-01,7.244098740888883503e-01,4.485613347932095318e-01,8.186949800914855579e-01,1.197685484683314039e-01,1.000000000000000000e+00,2.740069721964101257e-01,9.462893090096468063e-01,-1.392948949844015072e-01,9.911144408173425124e-02,-1.439918586760829400e-01,7.988431935750684998e-01,5.620446243757111215e-01,4.384906635174111722e-01,-3.438578033549544166e-01,2.039986462479890239e-01,-7.031640136304756483e-01,1.859079370324969172e-01,-6.497222593808492652e-01,1.968986853048214636e-01,-5.605488396350221114e-01,-1.630233580687706629e-01,-5.865869791591911131e-01,-7.514296787189556071e-01,1.922135378832035557e-01,4.137983974927461062e-01,5.862425420216842431e-01,2.018069329548368707e-01,7.612411890254620062e-01,1.761096172042726227e-01,8.742961934583332040e-01,3.832532070242533617e-01,-6.570361385058732795e-01,-7.787803142461049433e-01,-8.958739640904584967e-01,-7.065872786900524449e-01,-2.482595526477212877e-01,-7.580826817305265086e-01,-3.628558396087682714e-01,-1.274589836785687269e-01,-9.318768120606333305e-01,2.772773681325704231e-01,4.280419425760568219e-01,4.105278445463674264e-01,7.670011228271790271e-01,3.278323486178356672e-01,-7.533582507594230870e-01,3.018902674684840193e-01,5.004599971674449366e-01,1.377651368762031481e-01,1.368196941619948814e-01,-3.623730256423209339e-01,3.374154716599767623e-01,-4.753448990109853112e-01,-1.494690580919845191e-01,4.448823425542699495e-01,9.050726957263504069e-01,7.755488991822162559e-01,5.259397678228249218e-01,9.673879795473389054e-01,-1.604936877496291811e-02,-5.976379892304986008e-01,3.559095284937001114e-01,-1.306675327468145853e-01,5.731627759624314811e-01,-7.736375455253602373e-02,3.472679002250433911e-01
-4.006489299580102692e-01,8.823809772897153736e-02,-7.180851816037587820e-01,-4.163212590122486456e-01,-1.724927637363534993e-01,-5.294901882305385055e-01,-3.822663790470485767e-01,-2.306510072931886868e-01,-8.199221619068371991e-01,3.761224287950361983e-02,-7.799131984530291994e-01,-3.781773146838308675e-01,-6.326067824195331646e-01,-7.276915178829636011e-01,-7.233730076376329032e-01,2.639901889856217654e-01,9.134485945041852517e-01,4.017117454506290986e-01,7.666853467487958484e-01,5.128904969974138472e-01,6.571078719960051773e-01,5.515764258739491721e-01,5.798138587179807457e-01,1.671717642836478557e-01,-2.539589780088374327e-01,7.237238851468934531e-01,4.544381566671939349e-02,-5.117692434322657080e-01,-4.815336684574622605e-01,-5.774215374420066382e-01,-3.247942816888252371e-01,-7.902201346847781416e-02,-3.383387946406954394e-01,-2.246781585283188498e-01,-2.964505302189258673e-01,-3.396908407405633268e-01,3.403689650142487366e-01,-3.752719360189629705e-01,6.824132779925342618e-01,-5.375797301602282946e-02,-7.903739036020317466e-01,-1.651825405498161814e-01,-7.805863263869483593e-01,5.891544463921790167e-03,5.486649004007365660e-01,3.305497504748639015e-02,4.223249610560824152e-01,8.219509666203837772e-02,1.861838930829431971e-01,3.092522850051727668e-01,-1.002691665392213688e-01,-6.745892171240701618e-01,-5.071121635463907706e-01,4.811505274403298227e-01,-4.581613057245778053e-01,1.866006746539324579e-01,-5.180954958422672174e-01,-1.246203152846469403e-03,-1.868965349697057632e-01,-2.699327877599396186e-01,-1.106033177433057152e-01,1.296750941788996081e-01,4.942176282537983356e-01,-2.855887468082805025e-01,3.150456786362670902e-01,6.004921381713997919e-01,-7.482936367845373082e-01,-2.870395750342374930e-01,-9.163614015065205676e-01,-5.852999165750202293e-01,4.992612131807279696e-01,-2.994366275585260140e-01,3.319758844904998618e-01,5.638123684669452823e-02,1.841047212397295685e-01,2.740069721964101257e-01,1.000000000000000000e+00,4.992642031827004834e-01,9.010947460251810259e-01,6.577314016872454205e-01,8.963952244678915493e-01,7.722104149892246028e-01,-5.523460940858847534e-01,-9.554848956994682618e-02,-7.661318868267112947e-01,-4.534949847161620085e-01,-5.905311637826233806e-01,-5.563637331232913485e-01,-5.460185672289090686e-01,-6.883571425484111828e-01,-3.849582471366546077e-01,-9.477822686382162409e-01,-5.028674047804463365e-01,-3.536540604566847379e-01,6.084957394917913653e-01,8.866172009254535968e-01,-2.719352618531092197e-02,7.213638037250643675e-01,2.828872772031874039e-01,7.213841062630934609e-01,4.219874750168083333e-01,-6.361560508508656842e-01,-8.064407339876898950e-01,-5.895965632240157683e-01,5.939341733772557363e-02,-4.563344820718339134e-01,-3.865558401268985311e-01,8.030292377164165163e-02,-5.622270702474154724e-01,4.204260064444236278e-01,-2.397774217727641124e-03,4.964762550513561190e-01,-4.343929634040925025e-01,6.942414426841856390e-01,5.511055768576648140e-01,6.380266660454715355e-01,3.794769246098995685e-01,3.055773083414453084e-01,9.283536120900366395e-01,4.998931505703936296e-01,-7.121594244506825044e-02,5.333061952343517431e-01,2.439251042883616716e-01,3.480129707571841258e-01,5.081227703104421872e-02,4.032952415401825919e-01,1.436750043953006761e-01,6.569670548645556440e-01,-2.859347259288813059e-01,1.840383476912952343e-01,-5.527987031260330753e-01,-6.386244701159692339e-01,-4.692458419341471454e-01,-8.248966453682339273e-01,-5.328538286360625653e-01,-8.533799905785497408e-01,-7.040059029138161506e-01
-6.601675196354302999e-01,-7.835693432838651828e-01,-9.088226719020183753e-01,-7.315278736706085638e-01,6.137449325522995602e-01,-7.838059110240522265e-02,5.355871765137139029e-01,-7.450232947002645434e-02,1.522484725375405391e-02,3.954787556110995750e-01,-5.347225949325941086e-01,-6.596859403077242057e-01,-7.172099162259358562e-02,2.041335371901626394e-01,-4.729257722732389119e-02,7.900639537884481811e-01,1.421197012732013376e-01,2.231445210069591401e-01,-1.064233707376075616e-01,4.267706820100631293e-01,-1.738097782688506898e-01,4.816950376147618451e-01,-2.109521528730493034e-01,-3.157427451815299491e-01,-9.050486942496874798e-01,-1.474620430377577840e-01,-2.763567382852551435e-01,-9.750525825710917305e-01,-1.869985976669742422e-01,-9.067677694363185381e-01,1.182393327885812168e-01,6.139379304957327532e-01,-1.943549933088876969e-01,4.226854870364832317e-01,-4.399292016765717905e-01,2.048084921616984688e-01,-2.922232254168021237e-01,-3.731441757379959090e-01,-1.324618481679120663e-01,-7.813524388964144807e-01,-1.903882677442222116e-01,4.002438059253243252e-01,1.296295056043448579e-01,2.162617112530640928e-01,-2.100529328722229583e-02,3.718876891347950298e-01,-2.474967084538371165e-01,2.480761843271237499e-01,-6.079737252288787142e-01,2.292281041074729353e-01,-8.476495907336162317e-01,-7.719219985820985341e-01,-7.384976912018905715e-01,6.876037931320102548e-01,4.794944170340884049e-01,7.967216180391273328e-01,-2.029268309481153110e-01,3.654556508302008733e-01,-5.966157724214997682e-01,1.136239800249549264e-01,-5.164290468438279547e-01,1.114266480779031732e-02,-3.406200281268554897e-01,-3.419306489175862329e-01,-4.875223634915136217e-01,5.978926374144220846e-02,-4.857272128624009477e-01,3.322874288880873772e-01,-1.511768465374638548e-01,-1.851884095739035063e-01,6.155398705953131211e-01,5.200174107790143108e-01,3.776031798191594735e-01,6.809096840346346990e-01,3.667563125129467277e-02,9.462893090096468063e-01,4.992642031827004834e-01,1.000000000000000000e+00,1.027832521132464455e-01,1.614295057413292489e-01,8.881782752694064587e-02,9.201250898438328996e-01,4.042595738533977801e-01,4.768281277025027132e-01,-4.240596961290583611e-01,1.702300674385797408e-01,-7.067249786195719530e-01,1.185851241266185213e-01,-6.372726519376794574e-01,7.553339931534494567e-02,-4.994089264122700822e-01,-3.527677637290123069e-01,-5.610978888390352193e-01,-8.398742135333153724e-01,2.270640558963303302e-01,5.433529371802189312e-01,4.183322070064177667e-01,2.770742935748184976e-01,6.716928940433889439e-01,2.544891914096657493e-01,8.350375278990075367e-01,2.411760324878816919e-01,-8.359326619383669055e-01,-7.855304250208485772e-01,-8.171585167324137977e-01,-6.650539437353174543e-01,-2.052487544796084695e-01,-5.866178242959422251e-01,-3.669480140116275768e-01,1.020039938041400474e-01,-8.105991747601367647e-01,4.798461233921144653e-01,3.512330784321895383e-01,6.193843770450918607e-01,7.621267063894967553e-01,5.482912106115330753e-01,-5.937968051818609538e-01,2.318799400108843556e-01,7.103945833995654047e-01,1.421302620655879312e-01,-1.975192417011439536e-02,-2.694070754191162376e-01,2.469389083389221529e-01,-4.266664661427538308e-01,-2.440863475383640013e-01,3.934372723482048029e-01,8.941931390452566575e-01,9.121413492746619500e-01,4.871025409161102160e-01,9.326166013317421788e-01,-5.235808424801484395e-02,-6.190957925857768496e-01,2.882251299432149194e-01,-2.587124595075918632e-01,4.209939951992250906e-01,-2.288315709542411980e-01,8.571092759971804531e-02
-1.210963363833239964e-01,4.617690808997794161e-01,-3.918866253325321014e-01,-8.766909307642259397e-02,-4.482853927655223170e-01,-5.132241863351933997e-01,-6.654394011029297618e-01,-1.617650693732249900e-01,-9.314277882313690693e-01,-8.087745354022934929e-02,-6.059555770971161159e-01,-1.738876504883677121e-01,-7.400222126331357231e-01,-9.215780059510699784e-01,-8.474003942657084565e-01,-1.088477883078002861e-01,9.745031103790269267e-01,2.919215201156333261e-01,9.104673611006465217e-01,3.291261900281205466e-01,8.026320834885901645e-01,3.503508892268725750e-01,7.251695136917997164e-01,2.791712669965752402e-01,1.106406070313779993e-01,8.754872963682126530e-01,1.164354652880376928e-01,-1.400176758483383521e-01,-4.036233539397114378e-01,-2.101135215141284318e-01,-3.657134637143308886e-01,-3.338772026545627214e-01,-2.308631649635246308e-01,-4.037184372850339820e-01,-7.056632148043472108e-02,-4.274417455292906509e-01,5.812582864614317391e-01,-1.921079773377130373e-01,8.750450572145522798e-01,2.758138128199207895e-01,-8.527805754494872659e-01,-4.334894096767178406e-01,-9.504828910370142214e-01,-1.627337121414030585e-01,5.858824019447542719e-01,-2.007751785572766678e-01,5.489459542808332593e-01,-9.027724555065815004e-02,4.604415418327006404e-01,1.808120363920561469e-01,2.592344606103980653e-01,-3.740345708469143271e-01,-2.785557889342714089e-01,1.800422817055478408e-01,-7.305399197530402233e-01,-1.237509055213227571e-01,-4.382131464901112272e-01,-1.091062273502703545e-01,1.215079064809340831e-01,-2.985864828768358126e-01,1.744802710772778709e-01,2.127714848084596155e-01,7.635374577924862738e-01,-1.022468799912697457e-01,6.292482647073337487e-01,6.097061431090250450e-01,-6.732630560366852368e-01,-5.393012434747505024e-01,-9.852424594826316717e-01,-6.388266352532638859e-01,2.314673023592677681e-01,-6.254129396799146257e-01,1.401066457733846082e-01,-2.987225107323697171e-01,1.257314166887234519e-01,-1.392948949844015072e-01,9.010947460251810259e-01,1.027832521132464455e-01,1.000000000000000000e+00,6.268226135387559017e-01,9.829717297596664016e-01,4.519716400816088941e-01,-8.071986208253016937e-01,-2.787261203808710786e-01,-6.353908155212536490e-01,-5.471647209574114212e-01,-2.995278594516198045e-01,-6.457691681922128613e-01,-2.762507638573829527e-01,-7.881374508535148316e-01,-1.471674315356575613e-01,-9.036060445179280309e-01,-2.583005633683823077e-01,-4.751583299927060466e-02,5.361403361487813157e-01,7.313659365426339320e-01,-2.883426392545888617e-01,6.495144435260800098e-01,-4.295895206828689861e-02,6.601322730572813935e-01,5.367531268636584890e-02,-8.158059931656457264e-01,-5.507581264024418166e-01,-2.669773622027212245e-01,4.440860926091735328e-01,-1.596015261683328690e-01,-2.822546750325157783e-01,4.152874892528067852e-01,-4.150791542589975514e-01,4.970665794869552623e-01,4.009652234779813584e-01,4.009021264664163753e-01,-6.243470191867666053e-01,5.430449978287648083e-01,2.326028760254856831e-01,5.235137944402170618e-01,7.140983772268738594e-01,1.756547769273575921e-01,7.428018772504522138e-01,4.470989704287781641e-01,-1.420916437032673785e-01,6.986566171313229878e-01,9.682154539713919150e-02,5.561109889997642997e-01,1.069799935324307061e-01,2.156963281996200632e-01,-2.377452429599382633e-01,3.470128594393535604e-01,-5.141310121842714853e-01,-2.254470237802249366e-01,-5.547029500881143216e-01,-3.942956476600358862e-01,-6.294901208004377580e-01,-7.879644411984790819e-01,-7.919382567071797663e-01,-8.412558523624925622e-01,-8.780667569836965169e-01
-4.527692975638857309e-01,3.226425201663361553e-01,-3.983414675300212537e-01,-6.291321127043081329e-01,-6.636652098271200728e-01,-9.777005286624237401e-01,-6.694330992336248176e-01,-8.559748358608407770e-01,-8.077079472204250488e-01,-6.939702180485369798e-01,-8.656920760555331107e-01,3.718931311626302860e-01,2.318595754990231475e-02,-7.021505189637937683e-01,-1.430526431582324065e-01,4.373773373979688572e-01,7.424872892424475568e-01,9.151116834937552680e-01,8.118977239040222615e-01,8.990491023462103826e-01,8.835037694083848203e-01,8.906476930932319958e-01,8.999611564094458505e-01,8.250561745801987534e-01,2.483000407484755867e-01,8.370357417744207496e-01,7.688490188928777114e-01,-6.645744453584420675e-02,-9.548206639750681513e-01,-5.135844091714832915e-01,-9.147164854162291858e-01,-6.626579698150224518e-01,-8.920316514938056995e-01,-8.064785595902546067e-01,-7.692804836769194798e-01,-9.055846632963988618e-01,-2.171588737116450230e-01,-8.488499037024508365e-01,2.528494224913105382e-01,4.441693490764929142e-01,-2.061380666694904995e-01,3.511731900032378784e-01,-6.941891793172120240e-01,6.497605793774912097e-01,9.738839199113412670e-01,5.928055691992852871e-01,9.087056259849153328e-01,7.012048152825020031e-01,6.735768726537402218e-01,8.670068822830758748e-01,3.594353477046655088e-01,-7.225660638423407889e-01,2.260347371027741081e-01,7.091985332960811794e-01,-6.675232998486837488e-01,-4.161975802845935823e-01,-9.666071533279333439e-01,-7.321077415319371395e-01,-5.735477337007817145e-01,-8.937906713968312156e-01,-5.678592133600043335e-01,-6.115667598811376227e-01,8.504292460123856479e-02,-8.036970327563945915e-01,-4.214887350010455835e-02,9.719549654986525677e-01,-2.581319168999908487e-02,2.533877138577863564e-01,-6.167105391602888398e-01,1.506308925953385724e-01,7.780995922033272505e-01,3.409350124768725787e-02,8.229982240402797800e-01,3.502686589389952254e-01,8.348662293284749847e-01,9.911144408173425124e-02,6.577314016872454205e-01,1.614295057413292489e-01,6.268226135387559017e-01,1.000000000000000000e+00,6.915806483602254806e-01,3.929180155086099968e-01,-6.830378428918107980e-01,-7.454714921001667216e-01,-9.539457349152710153e-01,-9.363373804544891099e-01,-7.604793401424014831e-01,-9.508978054581268546e-01,-7.954339701685492203e-01,-9.298312125380320259e-01,-7.941846791312610065e-01,-8.353969286734717059e-01,-8.235813647673028148e-01,2.890654792765949832e-01,9.822961269145994434e-01,8.757189293087109805e-01,5.013542221295118617e-01,9.851379365098805740e-01,5.921649286056893668e-01,9.860696158579437265e-01,5.212252109196900962e-01,-8.283122856053448668e-01,-2.398651951596226517e-01,-6.839133980332402496e-01,3.119303722971557002e-01,-7.239631409972446807e-01,-9.128147800361340325e-01,-2.883778207881488864e-01,-9.407030264985229984e-01,-3.382163756867809790e-01,-4.848865333040344727e-02,-3.032149141346475174e-01,-8.059424017722185418e-01,-9.274129421044891106e-04,6.784869831976432231e-01,-1.369527528805888072e-01,4.287929311470963789e-01,8.589065982348802475e-01,4.364844005362161772e-01,9.621925431596862754e-01,6.627892730166481394e-01,8.767343568185604896e-01,8.190520591547832963e-01,8.125474756363681994e-01,7.729676412236440308e-01,8.567368308653688924e-01,-2.696247623395893189e-01,7.813932772112271163e-02,-7.702947040326362238e-01,-8.762429087437238751e-02,-9.796002985724295842e-01,-8.395413474109119090e-01,-8.815995333037703885e-01,-9.529117247666207824e-01,-6.815778988476995925e-01,-9.187992096754326043e-01,-2.543431601038365075e-01
-1.437856239751859888e-01,4.875411528813247131e-01,-3.840294964080490647e-01,-1.328698754488106260e-01,-5.090423443663668612e-01,-5.859848202308909348e-01,-7.091589741106307798e-01,-2.464580557387853477e-01,-9.568858490559652985e-01,-1.659763410375410253e-01,-6.462516184645912265e-01,-9.989657954138710105e-02,-6.812210646258043401e-01,-9.410107875479838402e-01,-8.006462827781848368e-01,-7.302395611212079973e-02,9.848311866863052044e-01,3.695533610327454976e-01,9.404207215410711473e-01,3.965202128455725394e-01,8.507646082526332254e-01,4.139573766046924508e-01,7.816496285955664147e-01,3.629105956374768516e-01,1.570237913910420557e-01,9.133601079648634435e-01,2.039554916415164398e-01,-1.099724713289320088e-01,-4.789271901571739432e-01,-2.286814840000953863e-01,-4.486818322266825643e-01,-4.034306483751196049e-01,-3.105534701682753917e-01,-4.788394802422747398e-01,-1.414476355633667859e-01,-5.064006074240254840e-01,5.219183590968500264e-01,-2.652708102612595931e-01,8.436877438332534007e-01,3.285407484047095927e-01,-8.083760348916783078e-01,-3.726897247968072313e-01,-9.645065431447901183e-01,-8.222983530590192991e-02,6.557397230130409538e-01,-1.286193693948054217e-01,6.201864310296621996e-01,-1.061784859981550547e-02,5.207888325218918979e-01,2.602685225431168314e-01,3.053821142990916226e-01,-4.077764497639674857e-01,-2.119276651712957427e-01,2.286219777285804777e-01,-7.671986378881906488e-01,-1.846822562822391933e-01,-5.108990666768217226e-01,-1.946661131276639090e-01,6.353488306587537493e-02,-3.823052304099541221e-01,1.110087680306629937e-01,1.265556128904276323e-01,7.269689496426879893e-01,-1.778409030083069609e-01,5.920816131189579057e-01,6.755266756106236281e-01,-6.132451204287696633e-01,-4.799900232253829779e-01,-9.800008235940813606e-01,-5.694336385147611423e-01,2.867432937482750077e-01,-5.901097548187306252e-01,2.138859869053520435e-01,-2.555593922413498253e-01,2.122270478303903141e-01,-1.439918586760829400e-01,8.963952244678915493e-01,8.881782752694064587e-02,9.829717297596664016e-01,6.915806483602254806e-01,1.000000000000000000e+00,4.401427897720521787e-01,-8.432835985627793463e-01,-3.575983464521758637e-01,-6.866327084125546376e-01,-6.194880220568762530e-01,-3.462420797288253693e-01,-7.112877754247588502e-01,-3.294498259193918699e-01,-8.395276298366814993e-01,-2.136326894228720852e-01,-9.239267479877327771e-01,-3.183348546440328830e-01,1.337549020536076168e-02,6.039026762893422440e-01,7.629749217479147028e-01,-2.214711435723125121e-01,7.075334979277845271e-01,9.458517807779712530e-03,7.185302019380236382e-01,8.663501694799283226e-02,-8.585161211817202709e-01,-5.154277868871627311e-01,-3.040782285062308410e-01,4.713990803883840730e-01,-2.126451495179515205e-01,-3.608034307654465200e-01,3.681171299950921627e-01,-4.824838573220436855e-01,4.189081774364412647e-01,3.888993574080016891e-01,3.228990847297474320e-01,-6.815356240226559947e-01,4.860109104128160218e-01,2.721610846596966837e-01,4.540827165484653816e-01,7.279001421899542468e-01,2.551333796214065308e-01,7.186219016946721050e-01,5.214777569037021276e-01,-5.478053166003082897e-02,7.564663270156661845e-01,1.766709234437546516e-01,6.211032827314609817e-01,1.951075365559478136e-01,2.877915068421557088e-01,-2.770960491378128832e-01,3.043795115160838338e-01,-5.784254005878155525e-01,-2.450978971391958028e-01,-6.253340239741674855e-01,-4.450284499768322188e-01,-6.933213567062359584e-01,-8.330903910281571845e-01,-8.248128334888661373e-01,-8.790511481714687880e-01,-8.458123874287908350e-01
-6.451796939010403520e-01,-5.271604964869309740e-01,-9.551165562525107955e-01,-7.037502317179609168e-01,3.683016119350104867e-01,-2.804252949606850787e-01,2.252705519239026066e-01,-1.534130321837831323e-01,-3.327046862131899929e-01,2.979065976817772410e-01,-7.133706044378800293e-01,-6.310612437312235201e-01,-3.134605123990873987e-01,-1.575606181862941046e-01,-3.346756132021058150e-01,6.818577144509104793e-01,4.846350917685416926e-01,3.315878937214278288e-01,2.446215228582848400e-01,5.248079676602063204e-01,1.509505249365205581e-01,5.808349029422137377e-01,9.249370284700067502e-02,-1.544071405485418769e-01,-7.585589747020434759e-01,1.978896979624591990e-01,-1.798347115320725609e-01,-9.178546685964403817e-01,-3.370583803074618245e-01,-8.962948059508997201e-01,-5.373430461497205601e-02,4.079711663038944058e-01,-2.838466707896984964e-01,2.084673667337534064e-01,-4.436492900308453557e-01,2.793812009665769605e-03,-7.093276124160008411e-02,-4.287066067804046754e-01,1.886979425517461839e-01,-5.840366610427065730e-01,-4.663403120575937422e-01,2.221819733260446128e-01,-2.332465412913793668e-01,1.615458145951461921e-01,2.166963377203349195e-01,2.845546294611187021e-01,2.606513814322212932e-04,2.160692443976309496e-01,-3.592272397506798276e-01,2.973751640847344668e-01,-6.514738057747979649e-01,-8.392673700032634576e-01,-7.410132467126971934e-01,6.980495431247734084e-01,1.533615502554851184e-01,6.501598136196159450e-01,-3.647387692458365360e-01,2.601809428428104032e-01,-5.109566621996546321e-01,-3.357501384515914483e-02,-4.208941707804613741e-01,5.883979085711270318e-02,-4.085103497212470847e-02,-3.689995661486443757e-01,-2.217941440196523062e-01,2.964524921892878750e-01,-6.604715876804103658e-01,1.223376569444361850e-01,-4.910334763320153839e-01,-3.746005096853389782e-01,6.546157929423164212e-01,2.506344843138481604e-01,4.141772767427248092e-01,5.175482489377454254e-01,1.070436200396266829e-01,7.988431935750684998e-01,7.722104149892246028e-01,9.201250898438328996e-01,4.519716400816088941e-01,3.929180155086099968e-01,4.401427897720521787e-01,1.000000000000000000e+00,5.832809583055972857e-02,2.986304523943476008e-01,-6.279299731607691504e-01,-6.942479934174605738e-02,-7.603194362275358387e-01,-1.491280294998004463e-01,-6.899647681154272849e-01,-2.350739282458703672e-01,-5.236248776526362114e-01,-6.515639962697007403e-01,-6.172213204115848395e-01,-7.517308871353118871e-01,4.207506119741956097e-01,7.636801941171047492e-01,2.931836304618360423e-01,5.035950664996727832e-01,6.050498806584132527e-01,4.872532618606074672e-01,7.810738648131525519e-01,-9.337440868751578638e-02,-9.397799471274794758e-01,-8.145927236094505641e-01,-5.649675875393288527e-01,-6.728019529551864109e-01,-3.122152560800331433e-01,-3.907970368551521578e-01,-5.021031797694669452e-01,2.462928957976932287e-01,-5.861499574680455460e-01,5.508992797476974790e-01,7.029645355558666875e-02,7.338288316002589129e-01,7.817967731413373311e-01,6.596381934058533902e-01,-2.694511595508565227e-01,2.980089139689391931e-01,8.991955807855522842e-01,3.145267440004455017e-01,-4.053384104700376300e-02,3.047964483486343898e-02,2.828107358911102764e-01,-1.598949360350146176e-01,-1.515088496708494881e-01,4.554462360351902994e-01,7.043125641820241478e-01,9.314144184433315043e-01,2.294121249286476538e-01,7.488957515870497961e-01,-2.716883322974013026e-01,-7.155038371824085086e-01,9.411118989913029587e-03,-5.330616195360077247e-01,8.003420294807409019e-02,-5.232936832260076665e-01,-2.309242706006983670e-01
-1.097611713951266582e-01,-8.371858574874742054e-01,-9.020930368815431588e-02,-1.045452210031855983e-01,8.639773763024892750e-01,6.494736681988938498e-01,9.630357967934399799e-01,3.817770326727437102e-01,9.043569099218154994e-01,5.228305328847411282e-01,4.213680413775913736e-01,-3.824689559071537404e-01,4.262379567689539850e-01,9.605333928277872690e-01,5.696938571403638019e-01,3.326736609979321635e-01,-8.227017906486697729e-01,-4.066472146398825704e-01,-9.414277942960243006e-01,-3.149320138312844408e-01,-9.356194558998476296e-01,-2.953724564338513492e-01,-9.109713049530505646e-01,-6.549486772492753017e-01,-6.521428196395248067e-01,-9.528975703320519131e-01,-5.101494887858663008e-01,-4.103091659466421293e-01,5.141049552957728253e-01,-1.625863134795266784e-01,6.376613025946754609e-01,7.906629465815165902e-01,3.742275438615393912e-01,7.857048722419656128e-01,9.423556513451712691e-02,7.203889420983875524e-01,-4.483215731660437631e-01,2.374819813345762365e-01,-7.249279741535987753e-01,-7.621283724060492482e-01,5.194407605907568337e-01,3.620649516942227586e-01,9.357599156206205526e-01,-2.103276456760093394e-02,-7.483676716398504070e-01,1.084707553161478599e-01,-8.219189677298932573e-01,-6.888262641144422826e-02,-8.715814701529223107e-01,-3.133784320019178393e-01,-7.552724734868715428e-01,9.183057020767276812e-02,-3.024746376869082987e-01,-8.500097891205846828e-03,9.729498437493709906e-01,6.621692054708241404e-01,5.294061804974126151e-01,5.376860554885561916e-01,-1.857453029285972002e-01,5.843483048884725584e-01,-1.784828862794598237e-01,9.726736088630190402e-02,-7.031893965921197642e-01,1.804733530391582352e-01,-6.493240668097941537e-01,-7.193360761944842530e-01,1.785057897168916830e-01,4.296194454084990566e-01,7.780969603266538748e-01,2.527945001660308888e-01,-1.059777945455008114e-01,6.667181421850765233e-01,-1.923083924828943581e-01,4.270408131723010259e-01,-3.716663661207211811e-01,5.620446243757111215e-01,-5.523460940858847534e-01,4.042595738533977801e-01,-8.071986208253016937e-01,-6.830378428918107980e-01,-8.432835985627793463e-01,5.832809583055972857e-02,1.000000000000000000e+00,7.094899265238684416e-01,5.299705908637958318e-01,7.880084602500004864e-01,9.421853467504377744e-02,8.308615459811059534e-01,1.290841730158867051e-01,8.902534597139849515e-01,1.203012617632970710e-01,6.986180836723083765e-01,1.690713548095451602e-01,-5.297795801890754497e-01,-5.858396001313118662e-01,-5.005969578125660790e-01,2.234976019298861027e-01,-6.324763987072763438e-01,1.691759491575436924e-01,-6.529324114994680128e-01,2.217282101450830378e-01,9.608438801481424818e-01,-8.275060673602467956e-03,2.063916393568856165e-03,-8.419631495796324749e-01,1.322179568911549703e-02,4.093437533782102178e-01,-4.738250375866582820e-01,4.175560084200816702e-01,-1.372018013119662982e-01,-6.748445380353335077e-01,1.148667864575066977e-01,8.878260864834587318e-01,-1.323811782914223814e-02,9.624463600094857255e-03,1.146718435560931983e-02,-9.361154018712657399e-01,-3.068752311434068680e-01,-2.547582953959007246e-01,-5.673403046713438869e-01,-1.661806235609106785e-01,-9.182328772934443828e-01,-2.329781945900648021e-01,-8.879350502256888600e-01,-4.874701925344069875e-01,-2.439353188897224745e-01,7.344262630523981095e-01,2.406880787100762198e-01,8.775123670724391811e-01,6.788823202866616224e-01,6.903812383935191699e-01,2.306341913661158760e-01,8.858410397135529912e-01,7.190490497706287787e-01,9.869749212064871102e-01,7.563905137317535887e-01,7.023302709004580757e-01
3.028928968429870500e-02,-6.776344198014351283e-01,-2.691517055882545750e-01,1.803131506321497546e-01,9.361631349127683688e-01,8.166423590105730268e-01,8.240251627834580539e-01,8.033609877310535774e-01,5.619169510808058599e-01,9.499826266753902404e-01,3.861818584526372500e-01,-8.563200836974869112e-01,-3.056796377035754242e-01,5.710436593992420651e-01,-1.497491180155448576e-01,-5.638992817176080932e-03,-3.818998284586782588e-01,-7.314916022144449803e-01,-6.293535013671118783e-01,-5.765145147548462745e-01,-7.810422821227664958e-01,-5.264579686518012780e-01,-8.463799178067563656e-01,-9.761107789151813874e-01,-7.879141675857861404e-01,-6.929450138263056891e-01,-9.436107862586456951e-01,-5.789703858374660728e-01,7.604405016690805041e-01,-8.863543113710811716e-02,9.185460666814375674e-01,9.712311611042833137e-01,7.454569528441238324e-01,9.824231150759912268e-01,5.149403206794289645e-01,9.438545490359332435e-01,2.334841354611444930e-01,6.011169823892646980e-01,-6.856609388311112052e-02,-8.635897921304793723e-01,-1.737491163268714833e-01,-2.605809113008587530e-01,5.072435937175215903e-01,-6.023922528664401588e-01,-8.517450144043147153e-01,-4.580986728144671449e-01,-9.345480549876827858e-01,-6.135851517977354286e-01,-9.385071560608223562e-01,-7.127017069630002810e-01,-8.204528475819941047e-01,1.629468425991463520e-01,-7.841055297167186522e-01,-2.636745902752221093e-01,7.659902602218209289e-01,8.921632130804927341e-01,7.517895546525598105e-01,9.623360573875903157e-01,2.729494737021396222e-01,9.164361868767770813e-01,3.339687040331545398e-01,7.190774547649589898e-01,-5.641196750033281720e-02,6.018910357028033342e-01,-5.626589587871036469e-02,-7.914228159140725971e-01,-4.895073611116135814e-01,-2.334003151849327051e-01,2.405778985062402842e-01,-4.777330505564233443e-01,-3.641757615468043108e-01,8.601345325451975610e-02,-5.877670641323614609e-01,-4.241153498062624760e-02,-8.160006196065681117e-01,4.384906635174111722e-01,-9.554848956994682618e-02,4.768281277025027132e-01,-2.787261203808710786e-01,-7.454714921001667216e-01,-3.575983464521758637e-01,2.986304523943476008e-01,7.094899265238684416e-01,1.000000000000000000e+00,5.374457335939357705e-01,9.150550386031401917e-01,2.667632654001931281e-01,8.680364790750920712e-01,3.539962874246544433e-01,7.736053723736634469e-01,4.793885470525752202e-01,3.718834176482510578e-01,4.366529782280329508e-01,-8.401899562723255110e-01,-7.219535899451264838e-01,-3.513811389678445640e-01,-3.605412011116170823e-01,-6.578446055599741493e-01,-2.207929300121332372e-01,-6.697985449512683376e-01,-1.402686977326077569e-02,7.601789052543244107e-01,-4.412583536554432473e-01,1.480808688875973889e-01,-6.934606150005769853e-01,2.990433281346923655e-01,7.435419104477993812e-01,7.287805189410569151e-02,6.303829695833721436e-01,5.783960406901479390e-01,-3.230957661424705418e-01,7.449330912980419717e-01,8.662600357198356749e-01,5.590046971079405402e-01,-1.675940800739092462e-01,6.515008368889169121e-01,-5.911324188848409156e-01,-7.044907351721704236e-01,2.185162618364973608e-01,-7.819684194755409656e-01,-7.556682833576749969e-01,-8.666256881433110904e-01,-6.784719027861249030e-01,-9.426046101165315161e-01,-9.315177945694675943e-01,-5.881492337022060646e-01,7.622746599891320196e-01,5.944047923290725066e-01,9.493131667529745021e-01,5.985705825644941358e-01,8.216193133185325514e-01,3.733893692393751018e-01,9.052782634779205084e-01,5.905106046748147541e-01,7.251092174370178389e-01,5.565734699313150680e-01,4.030747641446704582e-02
5.882356820531561281e-01,-9.047871884095323725e-02,6.245613323979958276e-01,7.622729823550383754e-01,4.376011680140060589e-01,9.098063642991355282e-01,4.755336328065660201e-01,7.826767576709671159e-01,7.564148327423477758e-01,5.050379231898645127e-01,9.431341777924022729e-01,-1.344070552447576006e-01,3.895591424324057472e-02,6.103017964487499336e-01,1.841784414862263630e-01,-5.991414938634299636e-01,-7.449742482081062045e-01,-8.830685077875625177e-01,-7.331357706776920891e-01,-9.271600729811141361e-01,-7.717768639691731103e-01,-9.372668728416595485e-01,-7.738646294027641259e-01,-6.538649360742185834e-01,2.801064830340107420e-02,-7.419267043238775283e-01,-6.049414319545047825e-01,3.379572990907830921e-01,9.125307289327130311e-01,7.158128460410483340e-01,7.913626465970945434e-01,4.298036099942178501e-01,8.523206020310042375e-01,6.140231705368132120e-01,8.035632700805980244e-01,7.627409922762566907e-01,2.415471833053775830e-01,8.614541578062057114e-01,-2.322945638727638429e-01,-1.883385998129350480e-01,2.797646339776763691e-01,-3.974538396771895576e-01,6.256778368967805815e-01,-6.236680463895708515e-01,-8.833262935459869070e-01,-6.148132291685048934e-01,-7.602356982899250992e-01,-6.815251607378398635e-01,-4.475817694921754297e-01,-8.364969794000491898e-01,-9.358614674311487025e-02,8.710909134567380585e-01,2.212036034539924256e-02,-8.258217224411504853e-01,4.927429677388304174e-01,1.505239618031667947e-01,9.303028034836392512e-01,5.479905937590723308e-01,6.646341319303045170e-01,7.712866698388314290e-01,6.345901874334172188e-01,5.241549140010902663e-01,-2.060376677299251627e-02,8.082665038566395621e-01,1.394544537195103184e-01,-9.046263245426237054e-01,1.934843025821606499e-01,-2.869687167837085551e-01,6.373738371699270155e-01,-4.701181733535979290e-02,-8.691555628652845034e-01,-1.415828794105304933e-01,-8.371581291878911202e-01,-4.823762170440797359e-01,-7.517780595712547642e-01,-3.438578033549544166e-01,-7.661318868267112947e-01,-4.240596961290583611e-01,-6.353908155212536490e-01,-9.539457349152710153e-01,-6.866327084125546376e-01,-6.279299731607691504e-01,5.299705908637958318e-01,5.374457335939357705e-01,1.000000000000000000e+00,8.050980509606598945e-01,8.796776683634830452e-01,8.371422620264412640e-01,8.915806580945468962e-01,8.391381493374380218e-01,8.459940593307155865e-01,8.818389730145738126e-01,8.950059755384767168e-01,-1.809293539902724277e-02,-9.566058089844442502e-01,-9.612436419880603378e-01,-5.426553638097569854e-01,-9.786741578641552364e-01,-7.056199223112838981e-01,-9.726091181064685509e-01,-6.922480403106127111e-01,7.041725185784010188e-01,4.714636322200329022e-01,8.341224843263542743e-01,-7.085470956093593842e-02,8.311375486773190380e-01,8.757595784305967079e-01,3.949877656937383352e-01,9.524665307756192689e-01,2.428909330588818194e-01,2.470032359075029493e-01,1.119319503130993820e-01,6.447752280643127554e-01,-2.004277811687813216e-01,-8.217287535247146391e-01,-6.016083682895587842e-02,-2.500541199779401924e-01,-8.299513321151101852e-01,-6.217727774030825660e-01,-9.098662422193617427e-01,-5.701931062394516303e-01,-7.341062997555957148e-01,-7.950772334939860686e-01,-6.265840786646341698e-01,-6.188707629871952332e-01,-8.747575601753665442e-01,1.106019424437178515e-03,-3.416140877406997900e-01,5.702113831880942785e-01,-1.704566749811332049e-01,9.071862435937945168e-01,9.331526372647649392e-01,7.294161683832769416e-01,9.523361982663700598e-01,5.246963476090569234e-01,9.170862377756069383e-01,2.467911812889065915e-01
2.426465368913492127e-01,-5.650039858909038371e-01,8.307677679665981252e-02,4.045779050700858415e-01,8.651841411614930033e-01,9.559633535421381278e-01,8.291127037160022084e-01,8.560082605902499253e-01,7.795895489256768895e-01,8.503474319534853887e-01,6.795005316010769292e-01,-6.215374152997821255e-01,-1.023480377311582062e-01,7.332475951973472794e-01,7.131170180643316148e-02,-1.993510955470393642e-01,-6.553603148270502610e-01,-8.579992997034753266e-01,-8.155476981783809087e-01,-7.704021346406291215e-01,-9.213908112725184285e-01,-7.425834343947164129e-01,-9.577294767852854163e-01,-9.463729367820596927e-01,-5.532141400139184428e-01,-8.576479188043821811e-01,-8.853051578542971978e-01,-2.673321002492861642e-01,9.028714476444854586e-01,2.161934270980772066e-01,9.661062733586958107e-01,8.721268177965055823e-01,8.488595809127320591e-01,9.536769098683133272e-01,6.498720424016496411e-01,9.820832339171033931e-01,1.711037491435862812e-01,7.464242838772959798e-01,-2.439408693073770451e-01,-7.050164809350435435e-01,8.876300830704596245e-02,-2.641706168983133929e-01,6.980681799313169789e-01,-6.173493538598167074e-01,-9.806872287987800085e-01,-5.084985214686282839e-01,-9.904994741167686412e-01,-6.547698606437069024e-01,-8.721185171135067415e-01,-8.138437680194952062e-01,-6.395287470713598710e-01,4.676638926178895983e-01,-5.028570667672002115e-01,-4.964895332327694533e-01,8.033663148933848364e-01,6.915723118461563068e-01,9.077236309295477756e-01,8.775530816527573608e-01,4.070475301914833755e-01,9.487017286327364962e-01,4.322253158377018512e-01,6.572836225585559911e-01,-1.468859720135181623e-01,7.164111674486252079e-01,-7.323603907852589689e-02,-9.490697387848551214e-01,-1.852929880794287609e-01,-1.925347832006342741e-01,5.205245220937002593e-01,-2.659417716551656374e-01,-5.887151296516490717e-01,9.276038918650023057e-02,-7.215305989512915685e-01,-1.589979349724284230e-01,-8.490133302042176533e-01,2.039986462479890239e-01,-4.534949847161620085e-01,1.702300674385797408e-01,-5.471647209574114212e-01,-9.363373804544891099e-01,-6.194880220568762530e-01,-6.942479934174605738e-02,7.880084602500004864e-01,9.150550386031401917e-01,8.050980509606598945e-01,1.000000000000000000e+00,5.339183314071800357e-01,9.835472045477537950e-01,5.952345281492167350e-01,9.370284395774499675e-01,6.500845094354380516e-01,6.869355445753144718e-01,6.520533367273747549e-01,-5.865790274441331498e-01,-9.092677719870496666e-01,-6.776606012711985372e-01,-4.037669977057390391e-01,-8.868130711885037210e-01,-3.954473513252871331e-01,-8.946682352102047764e-01,-2.592048163966220731e-01,8.848329777017599485e-01,-7.108454126279643848e-02,4.302100330544192386e-01,-5.671284947001107302e-01,5.206180999764191686e-01,8.626074329798011364e-01,1.345659427012949327e-01,8.278450991977088780e-01,4.233426857153976819e-01,-1.917352075470238060e-01,5.063020318141597809e-01,9.128186281041839045e-01,2.477249258902053941e-01,-4.349357618937773062e-01,3.647718627266454128e-01,-5.938524159453959506e-01,-8.050255448919640955e-01,-1.629202717484578289e-01,-9.231661186250825768e-01,-7.083476584091568107e-01,-9.537518716223284398e-01,-7.645005714066464009e-01,-9.500262007734744385e-01,-8.807406029873368070e-01,-7.454634437453295792e-01,5.631612994091740321e-01,2.494162135881970999e-01,9.289410802867456018e-01,3.875988708150303053e-01,9.645612899130349138e-01,6.398521411916150425e-01,9.703596805624078447e-01,8.494386238045286142e-01,7.937775589646435259e-01,8.200194455039006014e-01,2.299661193475377452e-01
7.539193624830855534e-01,3.387350494475869778e-01,7.731198751460151009e-01,9.585495491590458883e-01,6.174566434200670639e-02,7.316380465059025839e-01,4.698911101103731697e-02,7.330844785634010874e-01,3.993560861382962068e-01,3.335458843826465403e-01,8.828030637776339562e-01,2.523325005400382792e-02,-2.052576697283843565e-01,1.971260582409842532e-01,-1.095857728836427264e-01,-8.891457897227653673e-01,-4.251398665076608907e-01,-8.335441487041453934e-01,-3.542626846425134812e-01,-9.319140731056126947e-01,-4.085649675874784004e-01,-9.529105644866697755e-01,-4.235817920309196127e-01,-4.334948660859640479e-01,3.695430458618723657e-01,-3.616323357283371398e-01,-4.583307839878696388e-01,6.049209230471425114e-01,8.105395404280008043e-01,9.267504912537594119e-01,6.035513004972299367e-01,9.577770002769313284e-02,8.156435995285514773e-01,3.147464429175171885e-01,9.081617821282668146e-01,5.246879825553135701e-01,5.437839131200093989e-01,8.984640367770700964e-01,1.324013887766142816e-01,1.751704715129212830e-01,2.979785265197474470e-02,-6.791602455543823691e-01,2.265159626904613421e-01,-7.415011547573913120e-01,-6.461956879220657202e-01,-7.985847909119622168e-01,-4.639401270988003367e-01,-7.832194230162916604e-01,-6.989604025673956667e-02,-8.301811572571049513e-01,2.840844130608423668e-01,9.748679662415710157e-01,1.662280319773349335e-01,-9.726572939362088110e-01,5.891623655703696200e-02,-1.623514378927855550e-01,8.207839464872795920e-01,3.760855140681835795e-01,8.942155591747316112e-01,6.099621492056097605e-01,8.563182238208545405e-01,5.862978650215258103e-01,3.690062316085844230e-01,8.686007834962101715e-01,5.261278718295437917e-01,-6.855925954420800661e-01,1.080559662045487840e-01,-5.864264873012826618e-01,3.185300516427492790e-01,-2.152353363514906692e-01,-9.722307811722802340e-01,-5.372391446111808300e-01,-8.955185436651239561e-01,-8.076082910802374615e-01,-7.036227153876495333e-01,-7.031640136304756483e-01,-5.905311637826233806e-01,-7.067249786195719530e-01,-2.995278594516198045e-01,-7.604793401424014831e-01,-3.462420797288253693e-01,-7.603194362275358387e-01,9.421853467504377744e-02,2.667632654001931281e-01,8.796776683634830452e-01,5.339183314071800357e-01,1.000000000000000000e+00,5.486756282701362730e-01,9.850988982836462737e-01,5.122907250619594954e-01,9.411515857337918733e-01,6.547537929149701563e-01,9.696703163835900252e-01,2.451893123029982025e-01,-8.183974070791090183e-01,-8.581231790663987891e-01,-7.745690345185005654e-01,-8.165374926871442618e-01,-9.312881334287915758e-01,-8.031582416381201073e-01,-9.423427746374699598e-01,3.176946591384393614e-01,5.452964808855900181e-01,9.847286275359222740e-01,3.640694238429387219e-01,9.784865094203155644e-01,8.239466243561588410e-01,7.319875061497347346e-01,9.050229720244353793e-01,3.832926095274054590e-01,6.566659891630409751e-01,9.450386789828087164e-02,2.887725039969008534e-01,-2.059532264747946650e-01,-9.749628253726003724e-01,-5.252178716659181706e-02,2.106034641019511877e-01,-8.269340091464051357e-01,-5.769407300690601037e-01,-7.775426837443586425e-01,-6.034017875825168353e-01,-3.765833132243694981e-01,-8.260867690636122251e-01,-2.701449280320470381e-01,-4.855353261201117987e-01,-9.101640579150068744e-01,-3.829015282705230949e-01,-5.127516540241318088e-01,2.098243458985908916e-01,-5.594221073314096238e-01,7.050716995996353376e-01,9.773161965691643527e-01,3.910414052368859639e-01,7.347444517577039758e-01,8.778519376956213371e-02,6.708207106902279726e-01,-1.036846269987375668e-01
2.521602099908365480e-01,-5.677062388562125195e-01,1.514676341094818579e-01,3.993572847397417469e-01,8.441475557151555398e-01,9.520198807584260292e-01,8.442008153286095773e-01,8.097534644380762758e-01,8.484527918935711455e-01,7.824680097759620923e-01,7.222097581257700405e-01,-5.304193345924218539e-01,1.437441842800154905e-02,8.005617944908411943e-01,1.886749377674968031e-01,-1.841390594338472297e-01,-7.443797268953289414e-01,-8.334459880665989751e-01,-8.775782342138851444e-01,-7.643525995282208774e-01,-9.578847549751852153e-01,-7.407213319742043112e-01,-9.748090050759175007e-01,-8.987654717004692762e-01,-5.034892931255037229e-01,-9.094314878147133907e-01,-8.220837049130296226e-01,-2.034051792330684727e-01,8.897513000604253541e-01,2.482108544899796765e-01,9.352720416282588323e-01,8.334555706251433049e-01,8.146061449234996976e-01,9.223330710669720434e-01,6.154445189300451480e-01,9.581310713724715544e-01,7.955613025553649742e-02,7.201561516847255762e-01,-3.468442155390739634e-01,-6.687253495841549711e-01,2.084027696535685203e-01,-1.883987767196742269e-01,7.737587298204008368e-01,-5.470678773281897334e-01,-9.827610345695010352e-01,-4.452272507286829106e-01,-9.812761994156855572e-01,-5.924140360842077291e-01,-8.520665135037337468e-01,-7.763844559394179612e-01,-6.045778787040245739e-01,4.993915745359333025e-01,-4.042626754469221817e-01,-4.960900195307619831e-01,8.304093080334394861e-01,6.336942487582414296e-01,8.993435320475157146e-01,8.119017344318072427e-01,3.688264765128558276e-01,9.099260816618129910e-01,3.822326730246706217e-01,5.714462903066023225e-01,-2.372391593638539797e-01,6.786595114293627606e-01,-1.472040944290108899e-01,-9.594280735932698700e-01,-6.172220427439097101e-02,-1.058272229417746430e-01,6.227665960779110721e-01,-1.475917498406018880e-01,-5.864232805585967157e-01,1.636995775771016570e-01,-6.898451007045639516e-01,-1.179717791268477811e-01,-7.976795291814815503e-01,1.859079370324969172e-01,-5.563637331232913485e-01,1.185851241266185213e-01,-6.457691681922128613e-01,-9.508978054581268546e-01,-7.112877754247588502e-01,-1.491280294998004463e-01,8.308615459811059534e-01,8.680364790750920712e-01,8.371422620264412640e-01,9.835472045477537950e-01,5.486756282701362730e-01,1.000000000000000000e+00,5.994406989124843044e-01,9.704660786486005719e-01,6.276470513089061898e-01,7.673316578282503020e-01,6.470407292514970266e-01,-5.124557914328390362e-01,-9.155699608694034541e-01,-7.382785398895312934e-01,-3.376389576532055625e-01,-9.133199463456193046e-01,-3.714326146227518999e-01,-9.239593671676149533e-01,-2.645202025394531309e-01,9.261628898645007935e-01,3.360254265736423857e-02,4.510044122854656168e-01,-5.669007469573283942e-01,5.156812635815984924e-01,8.360526083634198802e-01,7.653553132995988273e-02,8.265414114467857232e-01,3.142272712441109284e-01,-2.158214428363212645e-01,3.957433225701401103e-01,9.177406207919861503e-01,1.363871613857093879e-01,-4.488186557985330283e-01,2.471001887968043154e-01,-6.342245381006780258e-01,-7.683857456851277412e-01,-2.717986363448197107e-01,-9.145538522185731045e-01,-6.284979471795405503e-01,-9.691112057410989911e-01,-7.197496717464463289e-01,-9.410400290247940003e-01,-8.162778107616032175e-01,-7.228026370496352104e-01,5.307730430346776496e-01,1.582768021146153392e-01,9.140967233766315037e-01,3.664067429495033168e-01,9.638149528509464270e-01,6.566313466263898890e-01,9.745752213388428897e-01,8.988863453975212137e-01,8.331101064377189891e-01,8.785172278013114733e-01,3.355721211476778154e-01
7.376616593943852163e-01,2.829187310514519327e-01,7.109573129570545547e-01,9.561606564244067297e-01,1.390257685016023925e-01,7.807017514657127455e-01,1.019776766501869214e-01,7.976465270339972990e-01,4.068660848935422569e-01,4.248058505425000297e-01,8.790021573630848462e-01,-7.565396523353304370e-02,-2.705666563878210140e-01,2.099097431410229531e-01,-1.646071155250226070e-01,-8.783666631447230033e-01,-4.108944104416647480e-01,-8.822113095365088364e-01,-3.709706358679046856e-01,-9.626339245677804080e-01,-4.451189977926326979e-01,-9.724788017178795929e-01,-4.706471008896737085e-01,-5.156624320932474692e-01,2.834945765425559983e-01,-3.863978696264747659e-01,-5.450590272938927727e-01,5.247376381397386158e-01,8.568824437409001682e-01,8.895322873632796057e-01,6.726327059817045484e-01,1.816686159946809542e-01,8.687004579236011770e-01,3.942340955642784639e-01,9.429588287752047604e-01,5.955061398068728362e-01,5.870473033511206529e-01,9.366902722858274633e-01,1.654067994150473786e-01,9.235021645081212260e-02,-3.131515801423982726e-02,-7.151607967631531393e-01,2.303348176967307259e-01,-8.000459397157871910e-01,-6.970164405626044779e-01,-8.423828290629811200e-01,-5.285050694425003082e-01,-8.381987795907267502e-01,-1.466202214957792183e-01,-8.819953887092086831e-01,2.033730228518588201e-01,9.556557878283952201e-01,6.559301512025389469e-02,-9.736697321810381389e-01,1.045282104377555227e-01,-6.961511343300555432e-02,8.642830005635816493e-01,4.665855582987467054e-01,9.123065540983892330e-01,6.820515617768179162e-01,8.845945812955205989e-01,6.627892922147170518e-01,3.931878442707711918e-01,9.119521424968439760e-01,5.407801083514793827e-01,-7.280706047723469743e-01,2.111498420511609408e-02,-6.267435379660648564e-01,2.906945707331374251e-01,-2.935461969563137874e-01,-9.820407700194940803e-01,-5.482045483967358246e-01,-9.345547211729737791e-01,-8.111975483586836289e-01,-7.713257366358245992e-01,-6.497222593808492652e-01,-5.460185672289090686e-01,-6.372726519376794574e-01,-2.762507638573829527e-01,-7.954339701685492203e-01,-3.294498259193918699e-01,-6.899647681154272849e-01,1.290841730158867051e-01,3.539962874246544433e-01,8.915806580945468962e-01,5.952345281492167350e-01,9.850988982836462737e-01,5.994406989124843044e-01,1.000000000000000000e+00,5.474319213120847349e-01,9.667923004574808798e-01,6.378668322091636256e-01,9.855133996898263193e-01,1.482816831443688477e-01,-8.539880147616377704e-01,-8.438891763713416427e-01,-8.121111709934613065e-01,-8.421315672537602603e-01,-9.411475906387140045e-01,-8.252241149591453828e-01,-9.199479911013602740e-01,3.518021361798296387e-01,4.589453984275857490e-01,9.682308462122988235e-01,3.047555701128832339e-01,9.846231873858728445e-01,8.749723016800914355e-01,7.463266921668144649e-01,9.354187272503576844e-01,4.623908915082189375e-01,6.293347199246590584e-01,1.917991838036102736e-01,3.449792904361357881e-01,-1.146821887273092588e-01,-9.632401596875800331e-01,4.358731875232002562e-02,1.780418030913581418e-01,-8.784977742422173108e-01,-5.063609240746262952e-01,-8.255318831527924672e-01,-6.801763929732955738e-01,-4.282647143947198032e-01,-8.784699858814500883e-01,-3.390777457892362179e-01,-5.708072415366877150e-01,-9.456400118490182471e-01,-3.056665009266158473e-01,-4.229844101545242596e-01,2.823410213141168135e-01,-4.957627419451628992e-01,7.525958813589870289e-01,9.794054096805020482e-01,4.503267616739553558e-01,7.463805987131766351e-01,1.253553649865689901e-01,6.773997560711729760e-01,-1.403975176909824651e-01
2.278259267906136976e-01,-5.885777473647870739e-01,2.203465373287912532e-01,3.340574228839652826e-01,8.029034718782933622e-01,8.997024986511898970e-01,8.633131987698419163e-01,6.886478527406764139e-01,9.348687335082976890e-01,6.492755590344621019e-01,7.386692143478802430e-01,-3.802142653053285914e-01,2.169036789371998897e-01,8.961422345194368644e-01,3.861284171802950027e-01,-1.077817617176682202e-01,-8.623741012406566098e-01,-7.443741898337052909e-01,-9.549090994947523336e-01,-6.947075556951444186e-01,-9.862546111037464591e-01,-6.813356231232134963e-01,-9.796575020742451789e-01,-7.964666534180500079e-01,-4.409465900124452942e-01,-9.690945215385222689e-01,-6.893208770916954276e-01,-1.332457111831014951e-01,8.183434617934775002e-01,2.463244118934098947e-01,8.470817168855626633e-01,7.624892310644028059e-01,7.102532659780698143e-01,8.506035259344840727e-01,5.044100362088601575e-01,8.834553237015674299e-01,-1.018942762237767807e-01,6.225753527433973700e-01,-5.215799820324845681e-01,-6.176003451640629249e-01,4.016583013477221242e-01,-2.463366001086377335e-02,8.822715491797861187e-01,-3.876327216852042956e-01,-9.453715230088250987e-01,-2.942486914312458790e-01,-9.361245920011285193e-01,-4.432997328493852862e-01,-8.123164433317927591e-01,-6.653937414861366140e-01,-5.621919980012760609e-01,4.929785476074299844e-01,-2.519432483214293916e-01,-4.371694319559859543e-01,8.691168425030242339e-01,5.472043791882625907e-01,8.350393084149436707e-01,6.798307401411880502e-01,2.531873847862936566e-01,8.082344039265537683e-01,2.499744068030763655e-01,3.955169391859302275e-01,-4.053170283120339223e-01,5.653068471752672464e-01,-2.978912831447515508e-01,-9.328117553407367923e-01,1.330112954798139679e-01,6.965875086668714411e-02,7.686227019796482152e-01,5.853300897385204510e-02,-5.244970256346374038e-01,3.101619920951664833e-01,-5.837837137691238576e-01,-3.393337818736607333e-03,-6.692003010604982149e-01,1.968986853048214636e-01,-6.883571425484111828e-01,7.553339931534494567e-02,-7.881374508535148316e-01,-9.298312125380320259e-01,-8.395276298366814993e-01,-2.350739282458703672e-01,8.902534597139849515e-01,7.736053723736634469e-01,8.391381493374380218e-01,9.370284395774499675e-01,5.122907250619594954e-01,9.704660786486005719e-01,5.474319213120847349e-01,1.000000000000000000e+00,5.351225851906902253e-01,8.579664933069115484e-01,5.807058057135000562e-01,-4.042791385255591896e-01,-8.758097727045266456e-01,-7.857125098325795642e-01,-1.839097859080913722e-01,-9.063609839688044900e-01,-2.762617355457749890e-01,-9.148452062450302957e-01,-2.163304129173932999e-01,9.649555856162673750e-01,1.719575032051663399e-01,4.245672064646116017e-01,-5.830009894872023590e-01,4.474041780387258971e-01,7.421567824179374773e-01,-6.108706274895712995e-02,7.695830063040828284e-01,1.128052207944942043e-01,-2.923495412467178034e-01,2.085333799400293509e-01,9.089984910635441340e-01,-3.735609714189826180e-02,-4.137555283550745644e-01,5.649123067190316844e-02,-7.101868862783495828e-01,-6.578172896977776407e-01,-4.160189910291167692e-01,-8.505505224251936891e-01,-4.607988940526482891e-01,-9.689895723085740764e-01,-5.967656572978617957e-01,-9.080439608027924825e-01,-6.815404465044658799e-01,-6.306769457397238821e-01,4.980707063000406887e-01,3.898658854093792897e-02,8.755119573980241210e-01,3.641398229253899888e-01,9.203436502656717755e-01,6.252301095157689614e-01,9.534383371174648403e-01,9.324418058522061514e-01,8.892347359364044523e-01,9.315268056662703300e-01,5.125991955129532984e-01
6.897009989664572016e-01,2.201023118438215909e-01,5.606491743515700232e-01,9.326635841331410992e-01,2.345092382440166767e-01,8.136317939281226819e-01,1.403483281596217269e-01,8.882918335963043699e-01,3.355212963584162100e-01,5.742930483931915076e-01,8.091680130403009485e-01,-2.654879266535847271e-01,-4.414158487042816881e-01,1.510155980077070303e-01,-3.316039762708206662e-01,-8.604277918968293859e-01,-2.988422477928358023e-01,-9.354624029678043629e-01,-3.178731005677263299e-01,-9.711028129262362363e-01,-4.365497605953200799e-01,-9.692316979849867620e-01,-4.866221349201546587e-01,-6.307436158663255465e-01,1.393710529078716898e-01,-3.508589271289324074e-01,-6.808970440093912169e-01,3.666523884816907941e-01,8.944450770221845648e-01,7.967280399324142559e-01,7.552232698570202629e-01,3.016522916793423215e-01,9.322472825088750081e-01,4.945262771028950954e-01,9.865786786561523414e-01,6.758204102470304342e-01,7.055950023824770767e-01,9.771441798959852321e-01,2.947449488112722227e-01,-2.836351442295945158e-02,-2.081283259894353421e-01,-8.087011184693289056e-01,1.538254987279229768e-01,-9.075631535812190842e-01,-7.276941251720926429e-01,-9.271831862697519355e-01,-5.890840956979743748e-01,-9.336028716965908414e-01,-2.402299150131919636e-01,-9.476876944796901459e-01,8.217910391252113145e-02,8.800860662313044758e-01,-1.353061994925712774e-01,-9.492334570624932910e-01,1.204909364801968336e-01,8.245160786253964702e-02,8.939764993547723027e-01,6.107365190004837574e-01,9.447860828492854468e-01,7.750291773850721544e-01,9.391090883728182570e-01,8.072223664550221001e-01,4.963226077112048995e-01,9.688407234137528246e-01,6.143407615593597937e-01,-7.425393133441500204e-01,-1.886309945382337872e-01,-7.361861969344272172e-01,1.541878052464644988e-01,-4.817599605459173540e-01,-9.680323539169396474e-01,-6.148273218256997685e-01,-9.809546636148184229e-01,-8.345619765298343262e-01,-8.710249902881896933e-01,-5.605488396350221114e-01,-3.849582471366546077e-01,-4.994089264122700822e-01,-1.471674315356575613e-01,-7.941846791312610065e-01,-2.136326894228720852e-01,-5.236248776526362114e-01,1.203012617632970710e-01,4.793885470525752202e-01,8.459940593307155865e-01,6.500845094354380516e-01,9.411515857337918733e-01,6.276470513089061898e-01,9.667923004574808798e-01,5.351225851906902253e-01,1.000000000000000000e+00,5.249888288879854814e-01,9.812070364766282138e-01,-2.765533002255049153e-02,-8.638340498059730033e-01,-7.489830538731785392e-01,-8.980066718498750378e-01,-8.164923798859357040e-01,-9.464569732333539820e-01,-8.023013740943808481e-01,-8.716994389705298163e-01,3.412964871969199621e-01,2.582935240309028324e-01,9.065168322388014177e-01,2.349504825012462550e-01,9.700892132669950430e-01,9.298447389403716734e-01,7.992871314018156204e-01,9.434982018738392595e-01,6.384444422494630622e-01,6.082458202273136605e-01,3.945916550257301258e-01,3.896508507574532043e-01,8.685146953167034722e-02,-9.120203147142028621e-01,2.563378661889921251e-01,1.797983134152981166e-01,-9.438291656215086478e-01,-3.149657938921098244e-01,-8.612982714449863852e-01,-8.188770817910571154e-01,-4.549813001102926413e-01,-9.516172181995543600e-01,-4.080423071534186041e-01,-7.041953231906328270e-01,-9.788042817030806475e-01,-1.873380702309645207e-01,-2.311579595708764812e-01,3.624508356172992940e-01,-3.981155073046112602e-01,7.801446026767440145e-01,9.394152857661173250e-01,4.945516467250299364e-01,6.899730630756437666e-01,1.221250071892078515e-01,6.099107818641952283e-01,-2.784372970257552593e-01
4.065555302057067832e-01,-2.495399750587407040e-01,6.113497945012705825e-01,4.722989916308165670e-01,4.157929445371968957e-01,7.379803345886324362e-01,5.734017459224418634e-01,4.657259551610457016e-01,9.136800715669483042e-01,2.440560895490826443e-01,8.526209639275927898e-01,1.067179349030257657e-01,4.753155998712593200e-01,8.239949336820154846e-01,6.058016955559398786e-01,-2.853762005147467695e-01,-9.510771808941173022e-01,-6.046839187624154510e-01,-8.813486172783083772e-01,-6.668234083598826301e-01,-8.272612385263263812e-01,-6.889012234344269459e-01,-7.758740869255610351e-01,-4.404229961074370148e-01,3.075895717271806898e-02,-8.607373902043249370e-01,-3.233384881574089542e-01,3.320945731911617571e-01,6.833544080613934701e-01,5.423400926910689757e-01,5.758023397434610668e-01,3.429152858486044786e-01,5.495338391803743505e-01,4.879513026110897100e-01,4.536530273302851191e-01,5.922987346519225094e-01,-2.154525353227671192e-01,5.480945051199995754e-01,-6.278618276426977118e-01,-1.811942605659631611e-01,6.670816109022033036e-01,4.340786645869514071e-02,8.550689453099541426e-01,-2.082243928399677424e-01,-7.606322201341989553e-01,-1.956057950043721960e-01,-6.605886869874753042e-01,-2.818255543060448898e-01,-4.287617139224882967e-01,-5.157981304190690786e-01,-1.211901081917856199e-01,7.003955594410624652e-01,2.483470650113899780e-01,-5.532478381153584923e-01,6.254189750611551801e-01,6.980672557300382497e-02,7.135306359622848316e-01,2.840441573536584552e-01,2.884286314384061911e-01,5.256529683773928374e-01,2.340264693684780961e-01,1.104716421334516474e-01,-4.423237996475946066e-01,4.659697002456057446e-01,-2.731069263500191524e-01,-7.935596088359031519e-01,5.450046789987692542e-01,1.654136892651413282e-01,9.072861260755871182e-01,3.844984937658815771e-01,-5.983712045665481316e-01,2.670816670683941463e-01,-5.062298794999473550e-01,-1.049168309108020197e-01,-4.267113433739420092e-01,-1.630233580687706629e-01,-9.477822686382162409e-01,-3.527677637290123069e-01,-9.036060445179280309e-01,-8.353969286734717059e-01,-9.239267479877327771e-01,-6.515639962697007403e-01,6.986180836723083765e-01,3.718834176482510578e-01,8.818389730145738126e-01,6.869355445753144718e-01,6.547537929149701563e-01,7.673316578282503020e-01,6.378668322091636256e-01,8.579664933069115484e-01,5.249888288879854814e-01,1.000000000000000000e+00,6.215379370551002980e-01,9.678614811014950303e-02,-7.909586785887818827e-01,-9.405959952622576781e-01,-1.139275605467911373e-01,-8.715002141512752099e-01,-3.618662767100908617e-01,-8.741354511765402346e-01,-4.307094452330899603e-01,7.984219364296248900e-01,6.319441415394868589e-01,6.208525329407665883e-01,-2.265105028930994302e-01,5.425762469330089877e-01,5.939546314826644746e-01,-1.547833955742399306e-02,7.259693233227586528e-01,-2.005807780647100858e-01,-5.403496255764343725e-02,-2.369423244736769962e-01,6.459834400592719961e-01,-4.847175458674271575e-01,-5.908827411241891481e-01,-3.988574116339496101e-01,-4.940281425135092386e-01,-5.106716367520612865e-01,-8.049771624827734007e-01,-7.048282276294638438e-01,-1.739935740742587222e-01,-7.378594120889603314e-01,-4.467956373288086147e-01,-5.860498739282534730e-01,-3.254510275832941946e-01,-5.709160897972460624e-01,6.117026046849086823e-02,-4.539660404208021305e-01,5.284944754236581277e-01,-2.933698565669981204e-02,7.586633570021431572e-01,7.266254613289006015e-01,6.912666684939977602e-01,9.427845693988092801e-01,6.842369932246209485e-01,9.560198409734308456e-01,6.405314089549952739e-01
7.112039087886105060e-01,2.189065865610632378e-01,6.435671563471608847e-01,9.397299834050781842e-01,2.162821834700960344e-01,8.213925765359105791e-01,1.602502386747610974e-01,8.503257668773109845e-01,4.168192491552705214e-01,5.088328618994166774e-01,8.663465344044002370e-01,-1.691899939628083438e-01,-3.216384558449096320e-01,2.280613554879856175e-01,-2.087913650664875165e-01,-8.553822524460491517e-01,-4.003296111229396326e-01,-9.204169412788526516e-01,-3.898666707542269294e-01,-9.766280785595841119e-01,-4.821407358610729221e-01,-9.823394078639802185e-01,-5.168213502897972544e-01,-5.911345653409679768e-01,1.944421506737001037e-01,-4.131578925117383450e-01,-6.224997328481621794e-01,4.400878314581780359e-01,8.933797669184854184e-01,8.420346408735903676e-01,7.336847420329838387e-01,2.658413329166741668e-01,9.098172705294989004e-01,4.694728971832132780e-01,9.631032282779263820e-01,6.592710897029480099e-01,6.149602767877825338e-01,9.622828440073124545e-01,1.860640954849125672e-01,9.217229821269096526e-03,-8.063090483442103551e-02,-7.364466713497704875e-01,2.397397925650747996e-01,-8.439949452925926687e-01,-7.414799242168227389e-01,-8.711553076860718559e-01,-5.888937135847540638e-01,-8.789920596889763127e-01,-2.236519012546251683e-01,-9.213373524764935096e-01,1.195145488197069394e-01,9.267125814629002534e-01,-3.112708043615645612e-02,-9.616550343271130785e-01,1.540968010969658575e-01,2.249382193434355456e-02,8.983198534362591969e-01,5.490027681980840235e-01,9.156356992808118989e-01,7.447088330346393059e-01,8.975793982561232065e-01,7.254679548027613833e-01,4.036934953678352755e-01,9.411581709850325161e-01,5.408792686888460599e-01,-7.642167385579760053e-01,-5.716723086702364676e-02,-6.515477288879646389e-01,2.683743807487583566e-01,-3.598634968357651287e-01,-9.786701211754259555e-01,-5.450354821635742253e-01,-9.602508337844228858e-01,-8.001211031320560885e-01,-8.273138367627342893e-01,-5.865869791591911131e-01,-5.028674047804463365e-01,-5.610978888390352193e-01,-2.583005633683823077e-01,-8.235813647673028148e-01,-3.183348546440328830e-01,-6.172213204115848395e-01,1.690713548095451602e-01,4.366529782280329508e-01,8.950059755384767168e-01,6.520533367273747549e-01,9.696703163835900252e-01,6.470407292514970266e-01,9.855133996898263193e-01,5.807058057135000562e-01,9.812070364766282138e-01,6.215379370551002980e-01,1.000000000000000000e+00,4.958019042122767395e-02,-8.870054474470168149e-01,-8.263845841129636716e-01,-8.363272355952988679e-01,-8.566901892393166129e-01,-9.326034967492408123e-01,-8.426780295903470996e-01,-8.880816994062578074e-01,3.893779521997375315e-01,3.742749447299559828e-01,9.404973521340358467e-01,2.376438101890244181e-01,9.767501917183324389e-01,9.141213814690755113e-01,7.458686649290392490e-01,9.563702873807863325e-01,5.291124052719863302e-01,5.889045951676037394e-01,2.798535335299110471e-01,4.031234897671061024e-01,-3.497682360453475969e-02,-9.400575928946618420e-01,1.317193402665980950e-01,1.370343483545121699e-01,-9.163940546551052613e-01,-4.379764119552219670e-01,-8.635605712630561870e-01,-7.432212325388216634e-01,-4.791099745674596844e-01,-9.170812424872348823e-01,-4.059770162398508853e-01,-6.459884126655197623e-01,-9.682179783661462036e-01,-2.236451527272376172e-01,-3.323592247816793965e-01,3.538113322906981661e-01,-4.244152585732406391e-01,7.929386929177990595e-01,9.711931875651713675e-01,5.062956120558682604e-01,7.536107286571304131e-01,1.673679149584088865e-01,6.814610255489629287e-01,-1.657371523529483359e-01
3.456223648806746596e-01,7.646588399480983567e-01,7.131837738228394841e-01,2.766847440443730988e-01,-8.464712062597725684e-01,-3.999268813192823346e-01,-6.960239176757477830e-01,-4.549675355461146320e-01,-2.095329672766298446e-01,-8.069928596692872436e-01,1.321885615085772736e-01,9.260734773787936414e-01,3.635749492644829717e-01,-3.155598488195351936e-01,2.698124429022979998e-01,-3.855725072420687072e-01,4.681989325223580821e-03,3.097166839695140172e-01,3.054391969306515242e-01,9.625046585637458962e-02,4.568924793003962814e-01,3.138439705779449279e-02,5.309047141957314864e-01,7.467049360746234044e-01,9.595539133367101403e-01,3.722219234950888134e-01,7.350385900665559191e-01,9.046211006839671720e-01,-3.258596581004162274e-01,5.635784157374679193e-01,-5.927182801620557440e-01,-8.889037268793019697e-01,-3.423920746550562222e-01,-7.850400210740230422e-01,-9.383998077233214608e-02,-6.444774630743795862e-01,-1.018673172143037126e-01,-1.631076610452648346e-01,-4.073574094014713320e-02,9.171729542825322046e-01,3.614202159113766299e-01,3.724159854865728009e-02,-2.303470139362797375e-01,3.072614237727643860e-01,4.611761714786392075e-01,1.393750610995217465e-01,6.381161284245883136e-01,2.849188421251829251e-01,8.427023114911529333e-01,3.114286325716782433e-01,9.252504614731300592e-01,3.592814324552931482e-01,9.384474768725218352e-01,-2.164156050858185576e-01,-6.165593509233033842e-01,-9.693864970574227469e-01,-3.056577171457399711e-01,-7.935272538615767424e-01,1.111930964296880542e-01,-6.007965072972856202e-01,2.038311676231855177e-02,-5.091740061481846435e-01,7.953995038247990701e-02,-1.951879059920856585e-01,1.791898076469239098e-01,3.758838758324229978e-01,6.865926524251634300e-01,7.331040579734357521e-02,9.388617358316350692e-02,5.172081898509059972e-01,-1.230626893028597402e-01,-2.153691707263750699e-01,1.606785570388675199e-01,-2.735620852308374151e-01,4.878847308718436970e-01,-7.514296787189556071e-01,-3.536540604566847379e-01,-8.398742135333153724e-01,-4.751583299927060466e-02,2.890654792765949832e-01,1.337549020536076168e-02,-7.517308871353118871e-01,-5.297795801890754497e-01,-8.401899562723255110e-01,-1.809293539902724277e-02,-5.865790274441331498e-01,2.451893123029982025e-01,-5.124557914328390362e-01,1.482816831443688477e-01,-4.042791385255591896e-01,-2.765533002255049153e-02,9.678614811014950303e-02,4.958019042122767395e-02,1.000000000000000000e+00,2.555438351187081514e-01,-1.829320776486600963e-01,6.708699905808888919e-02,1.700408403184185957e-01,-1.970513793007219738e-01,1.878818347069187156e-01,-4.328445442231529938e-01,-4.764200815480963414e-01,8.159209566167032746e-01,3.573912694909330834e-01,7.962171815618362958e-01,1.782032748397059108e-01,-3.262521478650949325e-01,1.836725667537332796e-01,-1.455407025939460253e-01,-5.165241579336258271e-01,5.588577187003990199e-01,-8.023512552069325121e-01,-6.372372436603731538e-01,-7.738937248474317965e-01,-3.286371102775529351e-01,-7.976937615208101739e-01,5.652608577981791393e-01,3.054057939688116230e-01,-6.389758528796029013e-01,3.562444328736694144e-01,5.255338497884858295e-01,5.801838251676817437e-01,2.951322606147430694e-01,7.345396519596153473e-01,7.115421317237908827e-01,1.398846664579569410e-01,-9.153641808271987257e-01,-9.180471031320148745e-01,-7.768620655796556473e-01,-8.308635497595486807e-01,-4.087760150049984387e-01,1.461409499777714949e-01,-6.270617102869057158e-01,-1.126690567830095635e-01,-5.511161535941874190e-01,-9.682509183253039386e-02,8.238676559809278432e-02
-5.122999916729464864e-01,2.246607745727607908e-01,-4.335635482605411650e-01,-7.106039653186603244e-01,-6.016298544827367589e-01,-9.766827563683148083e-01,-5.829822868039800099e-01,-8.969485283442580892e-01,-7.285385279074163556e-01,-7.020555756452112606e-01,-8.756963327631011040e-01,3.750048024273703873e-01,1.244694750029496644e-01,-6.046259457948085503e-01,-3.471522999364885093e-02,5.396756612765991612e-01,6.646089725025379202e-01,9.527002485295911205e-01,7.300355053008761308e-01,9.433207788570947550e-01,8.168354623321969488e-01,9.344063772891590958e-01,8.419415799829198521e-01,8.186635645505366821e-01,1.857914181971770662e-01,7.584011634350095177e-01,7.847006169666475017e-01,-1.189011949266521317e-01,-9.743159768923449482e-01,-5.811094225636033173e-01,-9.162541538939287245e-01,-6.167379708386794279e-01,-9.326213500966222814e-01,-7.739832477577056613e-01,-8.423230611098689868e-01,-8.931817859211430566e-01,-3.357610547638087417e-01,-9.059641935102668020e-01,1.360123692797659545e-01,3.807345457339899042e-01,-1.127306627426144237e-01,4.659385838677905789e-01,-5.973371860070815220e-01,7.330833997662237200e-01,9.555749354081194413e-01,6.885874646583574066e-01,8.750107401766241688e-01,7.794967277097507585e-01,6.108751068388940109e-01,9.157056002657272264e-01,2.873051517104093233e-01,-7.719140061437419487e-01,2.302540775625524505e-01,7.791590560067098714e-01,-5.741472438744368301e-01,-3.711033761936045616e-01,-9.837404364883023389e-01,-7.407601382085177155e-01,-6.721667980268669629e-01,-9.039353021820918377e-01,-6.680254478614147118e-01,-6.833658965745696978e-01,-4.227164822579714681e-02,-8.674922784002622178e-01,-1.688546747714594620e-01,9.555313781185786892e-01,3.433115862974766425e-02,3.709531902230361888e-01,-5.285166738845574752e-01,2.400102420750183374e-01,8.411950440570009624e-01,1.620685770787355096e-01,8.855819950542315189e-01,4.650065010708668845e-01,8.765929117382241786e-01,1.922135378832035557e-01,6.084957394917913653e-01,2.270640558963303302e-01,5.361403361487813157e-01,9.822961269145994434e-01,6.039026762893422440e-01,4.207506119741956097e-01,-5.858396001313118662e-01,-7.219535899451264838e-01,-9.566058089844442502e-01,-9.092677719870496666e-01,-8.183974070791090183e-01,-9.155699608694034541e-01,-8.539880147616377704e-01,-8.758097727045266456e-01,-8.638340498059730033e-01,-7.909586785887818827e-01,-8.870054474470168149e-01,2.555438351187081514e-01,1.000000000000000000e+00,8.688687258204250696e-01,6.067739113521436467e-01,9.784447312950659281e-01,6.853529221636417423e-01,9.770388156950604586e-01,6.070877228234947687e-01,-7.517448480518841292e-01,-2.351787473701472120e-01,-7.473806125124448085e-01,2.132944510463989640e-01,-7.973513446448768915e-01,-9.495420914855366989e-01,-4.086818576367797773e-01,-9.728079229266631822e-01,-4.267090464123662885e-01,-1.656081425223161763e-01,-3.482518648653213367e-01,-7.509131285211343432e-01,-2.961783995441912357e-02,7.443619714137412746e-01,-1.822665700454576543e-01,3.142787679909385679e-01,9.080483484312618092e-01,4.096855411085324472e-01,9.748266297333024744e-01,7.273809305617973120e-01,8.186654869094459608e-01,8.776658597222450897e-01,7.582006953285145290e-01,7.922927163766128045e-01,9.116444423316909518e-01,-1.915738632780148443e-01,9.759632012176826243e-02,-7.144993047593450886e-01,4.268419973454191246e-03,-9.699802789043326934e-01,-8.836256958625841040e-01,-8.312633160060816095e-01,-9.242981416065938483e-01,-5.858002557353330086e-01,-8.779873633965276092e-01,-1.401640069533168775e-01
-5.955930832927691654e-01,1.438191323646090952e-02,-7.421508460429918630e-01,-7.227030946252687160e-01,-2.946829604211754772e-01,-7.971317538895041910e-01,-3.946642614892766354e-01,-6.152223080231202790e-01,-7.773772956408507850e-01,-2.951837531520313251e-01,-9.446289569955107490e-01,-9.132728313724809699e-02,-2.344179403773772041e-01,-6.300863278001155310e-01,-3.617525874433418220e-01,5.697312312599632778e-01,8.145065474896280300e-01,7.524446214133293509e-01,7.349505974104797446e-01,8.375229156479594428e-01,7.199778207324882828e-01,8.609163412354071676e-01,6.913057567298961370e-01,4.684584526733153176e-01,-1.870869904256833027e-01,7.237733776129599006e-01,4.007588468600759568e-01,-4.875627445584887476e-01,-7.946042793982173169e-01,-7.596522812979016326e-01,-6.317817123964912795e-01,-2.593782561988013380e-01,-7.080768581978921228e-01,-4.498929125341438739e-01,-6.850670327545587135e-01,-6.088087556034579295e-01,-8.426615762759891159e-02,-7.431418382364417541e-01,3.645212972778620331e-01,3.643537349106634737e-02,-4.618610590743335576e-01,2.562914352088802028e-01,-6.637762274117887662e-01,4.482164457369912092e-01,7.757771610074315483e-01,4.656884644164433484e-01,6.296170858849401419e-01,5.148773369844592551e-01,3.061164134743011300e-01,6.909357742534708580e-01,-4.947819639370860251e-02,-8.833041346740551081e-01,-2.475597797340949591e-01,7.830793730066377689e-01,-4.366832400841494377e-01,3.329723989958167235e-02,-8.187548534551265522e-01,-3.386831451382674163e-01,-5.710003153839090517e-01,-6.020959452717404847e-01,-5.177764027158847648e-01,-3.152320505653389282e-01,1.392996570450404648e-01,-6.761997181762910980e-01,-4.125152933451287085e-02,8.151952616406602514e-01,-4.173617161313473711e-01,1.360547118519012666e-01,-7.419046464521084072e-01,-1.720860230239976418e-01,8.113605538258313876e-01,5.028810968176330998e-02,7.140259917525074718e-01,4.135390180367925494e-01,5.760930049752446269e-01,4.137983974927461062e-01,8.866172009254535968e-01,5.433529371802189312e-01,7.313659365426339320e-01,8.757189293087109805e-01,7.629749217479147028e-01,7.636801941171047492e-01,-5.005969578125660790e-01,-3.513811389678445640e-01,-9.612436419880603378e-01,-6.776606012711985372e-01,-8.581231790663987891e-01,-7.382785398895312934e-01,-8.438891763713416427e-01,-7.857125098325795642e-01,-7.489830538731785392e-01,-9.405959952622576781e-01,-8.263845841129636716e-01,-1.829320776486600963e-01,8.688687258204250696e-01,1.000000000000000000e+00,4.008332507063346872e-01,9.237513813632421966e-01,6.361504860067003220e-01,9.189653423912691466e-01,6.882274513559604179e-01,-6.612018029359527649e-01,-6.605089984240445355e-01,-8.332769159410247095e-01,-1.123628182368438186e-02,-7.769583457989746034e-01,-7.397484686434434575e-01,-3.009410048589774012e-01,-8.665704583895708080e-01,-2.160622233235695230e-02,-2.470963221579676461e-01,1.289513886640251128e-01,-5.423124471129743274e-01,4.143875557029449985e-01,8.105519234065118317e-01,2.966595154669148249e-01,2.361300496832238194e-01,6.874353030886833915e-01,7.885473737269924621e-01,7.942585620360794740e-01,3.646474932155479576e-01,6.447298583090019797e-01,6.440438016450215075e-01,4.977167229360676681e-01,4.146062023721275303e-01,7.630999774779672062e-01,1.308647984478916171e-01,5.305490581744535250e-01,-4.336244275056433950e-01,2.647515258297433172e-01,-8.000418875462365076e-01,-8.989371731073499960e-01,-6.199418223931595362e-01,-9.376492858836646960e-01,-4.876083756559675964e-01,-9.206549911268023800e-01,-3.847880212276966749e-01
-6.076742034641984258e-01,-3.971340935072129041e-01,-3.560622291757453151e-01,-8.579606629360742032e-01,-5.029505452013621064e-02,-5.722530474715943338e-01,1.386599249839768622e-01,-7.979387661092977035e-01,7.614528549192332851e-02,-5.370322273417603709e-01,-5.153290267301801064e-01,3.519941886324527425e-01,7.569570125188369580e-01,2.476279324824805506e-01,6.947843412980427846e-01,8.702349875197417095e-01,-1.352199797864820641e-01,7.829231619911566353e-01,-8.187273078817626504e-02,7.980703078469454370e-01,8.317160585643265658e-02,7.859136607815757625e-01,1.671898847540025379e-01,5.046666210326616886e-01,-1.619973439447620067e-01,-3.332355405551833821e-02,6.235666129487993370e-01,-2.741285762592123865e-01,-6.964303070346342661e-01,-6.669610619498146376e-01,-5.840734139156342763e-01,-1.659620320014339456e-01,-8.086282870131663580e-01,-3.198887199187573915e-01,-9.254315971356611437e-01,-4.814393111553900151e-01,-9.367778403252898789e-01,-8.650028637363780248e-01,-6.655039072453265980e-01,-7.284192451874461904e-02,5.781208440786432812e-01,9.717233393375481754e-01,2.594793697176338010e-01,9.549082425961338272e-01,4.590122518429508580e-01,9.871800604992522210e-01,3.448858862287471627e-01,9.483645769661880331e-01,5.058451506917961693e-02,8.447998516624135590e-01,-1.719480226030287162e-01,-6.806294490728698188e-01,2.724657421899955856e-01,8.346993917753383618e-01,1.872125812269708478e-01,-4.682360592047912773e-02,-6.809073901130476836e-01,-5.606619499586178446e-01,-9.638031017365079611e-01,-6.325094508753985600e-01,-9.836626111455126775e-01,-8.841325839848154233e-01,-8.100337794342474806e-01,-8.962158177883936538e-01,-8.635148161152943480e-01,4.610280869768013101e-01,4.895252063120268948e-01,9.477130574229234439e-01,2.813206488526504567e-01,7.545833830411391441e-01,8.329002204799127451e-01,8.614596006405834672e-01,8.910267751017402205e-01,9.307429725839451162e-01,7.977292945327780771e-01,5.862425420216842431e-01,-2.719352618531092197e-02,4.183322070064177667e-01,-2.883426392545888617e-01,5.013542221295118617e-01,-2.214711435723125121e-01,2.931836304618360423e-01,2.234976019298861027e-01,-3.605412011116170823e-01,-5.426553638097569854e-01,-4.037669977057390391e-01,-7.745690345185005654e-01,-3.376389576532055625e-01,-8.121111709934613065e-01,-1.839097859080913722e-01,-8.980066718498750378e-01,-1.139275605467911373e-01,-8.363272355952988679e-01,6.708699905808888919e-02,6.067739113521436467e-01,4.008332507063346872e-01,1.000000000000000000e+00,5.101767664855182405e-01,9.282720597506081139e-01,4.928616527101244982e-01,8.099693268415923963e-01,1.419336952275118344e-02,7.780418759173229372e-03,-7.526216155217826387e-01,-4.035585726949176277e-01,-8.646366561635475678e-01,-7.848831272041998375e-01,-9.497706576839377579e-01,-7.350466473952718127e-01,-8.439386551766069333e-01,-7.498168327526585353e-01,-5.731061819713028083e-01,-1.185073250355807434e-01,-3.370552690721617117e-01,7.741794796390877309e-01,-4.925948270077235569e-01,-4.717698522242856352e-01,8.429040512656359452e-01,-3.227917305465873715e-02,6.459773098448593487e-01,8.645869795513360101e-01,1.485195716787776898e-01,8.844103324585099735e-01,1.689274628834901149e-01,6.500520171815770132e-01,8.559381620278337932e-01,2.647183595521011013e-01,5.294823392228682063e-02,-1.441151291471394480e-01,4.647264841054629114e-01,-5.223685293152092735e-01,-7.341229052076957418e-01,-2.181206901577438517e-01,-3.271473827633681331e-01,2.144980025551225522e-01,-2.252321032793753730e-01,6.524644889606311393e-01
-5.122665679168921793e-01,2.312753333113161114e-01,-5.037188567006412043e-01,-6.863668651029649626e-01,-5.730061424895939171e-01,-9.557615420371134984e-01,-5.976571727004880152e-01,-8.247617452050080011e-01,-8.029027861842361613e-01,-6.114387786635614441e-01,-9.100004902948358732e-01,2.646315662586110617e-01,-1.890722999432722928e-02,-6.800410281425215420e-01,-1.789045893349857086e-01,5.033098375022814208e-01,7.621788360195707046e-01,9.047594205258204791e-01,7.954385311220636412e-01,9.159741113195730700e-01,8.494499273115895255e-01,9.143594356102865417e-01,8.559301360294837568e-01,7.528970588249143114e-01,1.299441750988785671e-01,8.116689254037066092e-01,6.972328038180402032e-01,-1.864127922238309476e-01,-9.412481446583726985e-01,-6.030047711617018136e-01,-8.651079903160608930e-01,-5.662035591662930578e-01,-8.761816095878588451e-01,-7.288829313183250447e-01,-7.828386023702715857e-01,-8.501482362045986729e-01,-2.146919018052430572e-01,-8.554019867293002344e-01,2.619404105869079236e-01,3.379028809502672148e-01,-2.551580924339833523e-01,3.605672557509456699e-01,-6.821658368793188654e-01,6.328243496002570190e-01,9.439673604988683131e-01,5.960217057008782016e-01,8.525832047320830442e-01,6.880469843860477219e-01,5.828097836202177362e-01,8.537717267281951239e-01,2.485536384846415980e-01,-7.917372571575086448e-01,1.119832684067329776e-01,7.606106838795718694e-01,-6.047856560040906215e-01,-3.021418300148587810e-01,-9.560787548047589013e-01,-6.519370646240598699e-01,-6.085529546081509533e-01,-8.440922471220835277e-01,-5.911443335917850872e-01,-5.672674226071473536e-01,7.328659329451403526e-02,-8.055186070185762492e-01,-7.053060783808429157e-02,9.528606091961029367e-01,-1.125577335663268952e-01,2.555919632659835461e-01,-6.450656344159082511e-01,9.186332866672319852e-02,8.201430859298195486e-01,6.695919552918716544e-02,8.292914161474107537e-01,4.002184249450106424e-01,7.987735301732389326e-01,2.018069329548368707e-01,7.213638037250643675e-01,2.770742935748184976e-01,6.495144435260800098e-01,9.851379365098805740e-01,7.075334979277845271e-01,5.035950664996727832e-01,-6.324763987072763438e-01,-6.578446055599741493e-01,-9.786741578641552364e-01,-8.868130711885037210e-01,-8.165374926871442618e-01,-9.133199463456193046e-01,-8.421315672537602603e-01,-9.063609839688044900e-01,-8.164923798859357040e-01,-8.715002141512752099e-01,-8.566901892393166129e-01,1.700408403184185957e-01,9.784447312950659281e-01,9.237513813632421966e-01,5.101767664855182405e-01,1.000000000000000000e+00,6.386343797316962334e-01,9.907627516468278106e-01,5.949644207635298443e-01,-7.900619764852198079e-01,-3.516075236126535164e-01,-7.524804958930203513e-01,2.160753639617855604e-01,-7.720668797905891889e-01,-9.017246716397127049e-01,-3.243839120944441157e-01,-9.511438740141301418e-01,-2.851627999869707497e-01,-1.252357129749794018e-01,-2.104812946406814655e-01,-7.452385764713177485e-01,9.610869405668795440e-02,7.432687292273120194e-01,-4.001956206303313585e-02,3.654690138648684639e-01,8.469697030926437442e-01,5.306803664928960718e-01,9.461535049333041902e-01,6.176464782270570941e-01,8.266912211048589310e-01,8.076955029738918102e-01,7.409278446022619091e-01,7.052880291705702076e-01,8.655937270075751977e-01,-1.575414141780433763e-01,1.992156115690141560e-01,-6.912536445911283689e-01,1.994964676076505655e-02,-9.557390757628347888e-01,-8.848268357296903419e-01,-8.262960940594747949e-01,-9.670242187184336924e-01,-6.289184360534856300e-01,-9.336063110405583565e-01,-2.689055921305903984e-01
-7.406395882074320314e-01,-4.921030555545285456e-01,-6.444540461490202432e-01,-9.721755394676435680e-01,5.785222424662471441e-02,-6.084034856246464118e-01,1.595550083548285814e-01,-7.400493457530421537e-01,-9.510958548709144700e-02,-3.618290261848931544e-01,-7.106536044044554634e-01,7.935548765422228978e-02,5.034004682771123784e-01,1.107465023238331098e-01,4.364250286928663680e-01,9.649180084019419734e-01,9.756766960733694038e-02,7.927728709294926679e-01,5.919249267698200451e-02,8.743917341778635333e-01,1.629483932631995979e-01,8.831986659323111111e-01,2.108568570333261838e-01,3.928619900950269250e-01,-3.870238634232859298e-01,8.292542903904262519e-02,4.780415625414810576e-01,-5.485553047025458762e-01,-7.281823284435170462e-01,-8.802366499761381524e-01,-5.347955899388886492e-01,-2.179005834244723827e-02,-7.972205779907963752e-01,-2.236066249084905089e-01,-9.419324352971775172e-01,-4.314188447931837644e-01,-7.926893922534246073e-01,-8.907649192302630192e-01,-4.602395330000806917e-01,-2.434226451573660022e-01,2.951032212468978067e-01,8.792679554238594930e-01,9.409510305689848531e-02,8.599383078764903932e-01,4.942503544752004374e-01,9.264111082410636522e-01,3.224299810343447259e-01,8.765608471120714951e-01,-5.364636902331673673e-02,8.295554325345493307e-01,-3.522118860944876695e-01,-8.816104457092768243e-01,-3.123126206313280376e-02,9.559806406950830393e-01,1.736818984107005026e-01,1.718578209542268864e-01,-7.257755446351233930e-01,-3.962917262716739719e-01,-9.871872489653807925e-01,-5.664441150617470777e-01,-9.707002008228899914e-01,-7.229365625693916497e-01,-6.650187283899900992e-01,-8.934925933029340683e-01,-7.783787432957075536e-01,5.237985385131519456e-01,1.613212513879501153e-01,8.214078370082167346e-01,2.397990089598371274e-02,4.842613724796600017e-01,9.418673034064211080e-01,7.866849202397099283e-01,9.062054796341387775e-01,9.520838885152786979e-01,7.229715118020090259e-01,7.612411890254620062e-01,2.828872772031874039e-01,6.716928940433889439e-01,-4.295895206828689861e-02,5.921649286056893668e-01,9.458517807779712530e-03,6.050498806584132527e-01,1.691759491575436924e-01,-2.207929300121332372e-01,-7.056199223112838981e-01,-3.954473513252871331e-01,-9.312881334287915758e-01,-3.714326146227518999e-01,-9.411475906387140045e-01,-2.762617355457749890e-01,-9.464569732333539820e-01,-3.618662767100908617e-01,-9.326034967492408123e-01,-1.970513793007219738e-01,6.853529221636417423e-01,6.361504860067003220e-01,9.282720597506081139e-01,6.386343797316962334e-01,1.000000000000000000e+00,6.172534719102353851e-01,9.556940075442326155e-01,-6.085969128318231836e-02,-3.370874427079412206e-01,-9.306860367334465201e-01,-5.118076215998772494e-01,-9.726716720112262848e-01,-7.869652240205207150e-01,-9.185345485279947653e-01,-8.160871122273922751e-01,-6.109428836482778680e-01,-8.160586962766220864e-01,-2.831163491143078859e-01,-1.091555463929461262e-01,-1.465317090442496036e-02,9.347630273443512383e-01,-1.712458116650347750e-01,-4.563937619792184930e-01,8.276728792800642776e-01,3.125569495517212526e-01,6.790822167338670390e-01,7.161495909936621551e-01,1.726487891098979210e-01,8.546144272697651090e-01,1.189588640379531104e-01,5.091493022915247746e-01,8.934963626149626803e-01,4.497875443918871174e-01,3.754141332701430578e-01,-7.223508765964631317e-02,6.361407676508398223e-01,-5.652273166217697264e-01,-8.860714383723744536e-01,-2.154716243707881507e-01,-4.984991931555965983e-01,1.689954564833346384e-01,-4.108529932703456344e-01,4.334038233076476510e-01
-4.960350154397053513e-01,2.561167489753783943e-01,-4.853061038651778070e-01,-6.658934429353489115e-01,-5.916896471762084220e-01,-9.570145972812049706e-01,-6.183846563832579024e-01,-8.209470861641043893e-01,-8.143209637233331799e-01,-6.183512555309216285e-01,-9.013427135550367009e-01,2.747546822856780646e-01,-3.155112802118609228e-02,-6.966224619278945651e-01,-1.913466191136932726e-01,4.797008605444509910e-01,7.710005603225860149e-01,8.986472614798898251e-01,8.088505818313712625e-01,9.060298081846208662e-01,8.629306578581872333e-01,9.043623597624000920e-01,8.684265467528100579e-01,7.607142802802940862e-01,1.524588376796782718e-01,8.256158385551553014e-01,7.019135867936632245e-01,-1.648047052083388420e-01,-9.385236270124553970e-01,-5.818547236085782615e-01,-8.692630892771858742e-01,-5.831721985682666309e-01,-8.699806057686009231e-01,-7.416210028808292165e-01,-7.691346566749786007e-01,-8.578020718870293937e-01,-1.959038794092443914e-01,-8.454927908009270965e-01,2.787981207047325882e-01,3.602174948679439659e-01,-2.654210102558410833e-01,3.420320121355562293e-01,-6.987108133494500661e-01,6.209663225911813411e-01,9.491326481795809844e-01,5.800507949538080688e-01,8.634622536041519636e-01,6.768597129816473768e-01,6.019683840730476465e-01,8.464709140167618884e-01,2.715497646811428911e-01,-7.755076541936017920e-01,1.239343400425027969e-01,7.433492028279643504e-01,-6.249323165829809845e-01,-3.214996697350776533e-01,-9.539729113804809035e-01,-6.589251660972534896e-01,-5.887629070640836293e-01,-8.470477854567896037e-01,-5.720176388396666090e-01,-5.600027866012169397e-01,9.416242806081658034e-02,-7.937925792347910736e-01,-4.753561621879814209e-02,9.560400516150063810e-01,-1.124320126518652957e-01,2.364297719245596896e-01,-6.542175085897605769e-01,8.435722168205331273e-02,8.040101041575302698e-01,4.323548959124869778e-02,8.180777616756578219e-01,3.764950714892060235e-01,7.960856783160271677e-01,1.761096172042726227e-01,7.213841062630934609e-01,2.544891914096657493e-01,6.601322730572813935e-01,9.860696158579437265e-01,7.185302019380236382e-01,4.872532618606074672e-01,-6.529324114994680128e-01,-6.697985449512683376e-01,-9.726091181064685509e-01,-8.946682352102047764e-01,-8.031582416381201073e-01,-9.239593671676149533e-01,-8.252241149591453828e-01,-9.148452062450302957e-01,-8.023013740943808481e-01,-8.741354511765402346e-01,-8.426780295903470996e-01,1.878818347069187156e-01,9.770388156950604586e-01,9.189653423912691466e-01,4.928616527101244982e-01,9.907627516468278106e-01,6.172534719102353851e-01,1.000000000000000000e+00,5.751666085990075894e-01,-8.095170616732937363e-01,-3.413745122095884210e-01,-7.365531650789772788e-01,2.430983576114057743e-01,-7.544928412544785745e-01,-8.942928667537231036e-01,-3.014626194493004174e-01,-9.439327854461616596e-01,-2.770847824686973326e-01,-9.854248277792432287e-02,-2.140502403186131108e-01,-7.619038955789293466e-01,9.257790390276848802e-02,7.242534212682480987e-01,-4.338615184194190982e-02,3.897372292833199414e-01,8.398815550668466967e-01,5.240091069358144837e-01,9.452191090377782823e-01,6.117498077710264992e-01,8.406580046221522329e-01,7.986249356154254686e-01,7.559673938310285113e-01,7.084469832343106566e-01,8.548671363195119444e-01,-1.818014834544394165e-01,1.825563151234140813e-01,-7.077044595125453474e-01,-6.314213000153969663e-03,-9.588306294672825913e-01,-8.718149914140448375e-01,-8.393666393108986101e-01,-9.685419692555840010e-01,-6.486312961927573895e-01,-9.369883680098620715e-01,-2.852557307277235887e-01
-7.721950240449158009e-01,-6.044071044647909563e-01,-8.014535444312474999e-01,-9.662513446430650577e-01,2.289589472656124725e-01,-4.985429570633265750e-01,2.662047540375957477e-01,-5.763956259961633410e-01,-1.107921674598065231e-01,-1.349780776785037828e-01,-7.329375395023389750e-01,-1.749908882879685212e-01,3.071557810932872279e-01,1.047290314989611087e-01,2.619014320040946031e-01,9.717658784526241877e-01,1.681956792640823262e-01,6.722241447429281314e-01,5.259301871927576921e-02,8.027521472085149545e-01,1.006162046793225157e-01,8.299286339184158701e-01,1.188969065092943117e-01,1.950555265464672672e-01,-5.866894591795301928e-01,5.421925076844220232e-02,2.622280309586272895e-01,-7.411919597739677901e-01,-6.177416809172276979e-01,-9.648023625058252950e-01,-3.706639095908636494e-01,1.761928977381582162e-01,-6.623147980015715586e-01,-4.029257418114055855e-02,-8.445272240408627784e-01,-2.681889133930282498e-01,-6.520264140448015500e-01,-7.907995074411650060e-01,-3.382199088574368573e-01,-4.311403698295355191e-01,1.075834525407605297e-01,7.611415303776936092e-01,6.580734696491077895e-02,6.966483800851982489e-01,3.846410381932671707e-01,7.964234963301042303e-01,1.798108188874699143e-01,7.233568052876890864e-01,-2.231168254342339174e-01,6.957505431859812850e-01,-5.337583005039115980e-01,-9.280605458159815191e-01,-2.876241355675864253e-01,9.444135304330362191e-01,2.539556655657763673e-01,3.909480484704189185e-01,-6.235750089639062743e-01,-1.721225736020318142e-01,-9.216317569904310947e-01,-3.918979326052751677e-01,-8.791834385911194705e-01,-5.160626971637962690e-01,-5.657656509405527556e-01,-7.769218318799520073e-01,-7.057931550757725603e-01,4.350820306710696528e-01,-8.022868220883785928e-02,6.888356229226451077e-01,-8.260896261544731223e-02,2.607693358998831035e-01,9.117195104121292859e-01,7.228739254015372762e-01,8.005510954384397193e-01,9.153041789158116170e-01,5.494136342864813782e-01,8.742961934583332040e-01,4.219874750168083333e-01,8.350375278990075367e-01,5.367531268636584890e-02,5.212252109196900962e-01,8.663501694799283226e-02,7.810738648131525519e-01,2.217282101450830378e-01,-1.402686977326077569e-02,-6.922480403106127111e-01,-2.592048163966220731e-01,-9.423427746374699598e-01,-2.645202025394531309e-01,-9.199479911013602740e-01,-2.163304129173932999e-01,-8.716994389705298163e-01,-4.307094452330899603e-01,-8.880816994062578074e-01,-4.328445442231529938e-01,6.070877228234947687e-01,6.882274513559604179e-01,8.099693268415923963e-01,5.949644207635298443e-01,9.556940075442326155e-01,5.751666085990075894e-01,1.000000000000000000e+00,-3.956096552609395835e-03,-5.669266244128354781e-01,-9.663915389462287564e-01,-6.323548157834275596e-01,-9.472692813023534386e-01,-6.608796521980389027e-01,-8.528214795915034507e-01,-7.443801655160434683e-01,-3.889325091868901518e-01,-8.545972835896297193e-01,-2.438770139194641404e-02,8.372821993270282773e-03,2.269533085560827279e-01,9.563138907921384657e-01,8.685122459125671490e-02,-5.008755323529509029e-01,6.952630634137729748e-01,5.081507216024883089e-01,5.690237764013125199e-01,5.116022392617501913e-01,6.970100957516450757e-02,7.159573035917382589e-01,-3.029689767918037485e-02,2.956621118950513161e-01,8.005564246973083664e-01,6.223687249916586284e-01,6.027492693385562150e-01,8.713893523059995649e-02,7.730547741752394897e-01,-4.601442007668833378e-01,-8.803406105888695876e-01,-9.131593309325426733e-02,-4.930963047658811216e-01,2.278578606885098279e-01,-4.209427571541173863e-01,3.036646745083042553e-01
6.459396246497460525e-02,-7.261029169803716599e-01,6.951991207352761770e-02,1.237927677895996059e-01,8.519814217321368677e-01,7.961409928145600778e-01,9.328397959235199544e-01,5.520506211354860859e-01,9.404461799795372778e-01,6.014360532542306625e-01,5.971548665288790581e-01,-3.902349040965297222e-01,3.256761341469049387e-01,9.482373335350954280e-01,4.852360962883963125e-01,1.088963455707542966e-01,-8.621311355085513606e-01,-5.926462654703281707e-01,-9.691411621054246694e-01,-5.222440139177382257e-01,-9.845690075801977192e-01,-5.061163012456292298e-01,-9.681195998220832877e-01,-7.445810150013728590e-01,-5.557957058550413443e-01,-9.820775394275095271e-01,-6.165821585117228221e-01,-2.748641504919295819e-01,6.855683797777706312e-01,4.829058156995529039e-02,7.627401666686347559e-01,7.942075985252078363e-01,5.596870046839811375e-01,8.383911323767491153e-01,3.123780961279906676e-01,8.232229193582859539e-01,-2.761571866123829766e-01,4.460532687953581710e-01,-6.332393671304706873e-01,-7.055581811134150616e-01,4.683946488178309386e-01,1.669261180656578525e-01,9.292773744404788649e-01,-2.147099758752716858e-01,-8.691958022404188133e-01,-1.011941295134256985e-01,-9.014230445091702126e-01,-2.679623511914463463e-01,-8.610607352138676118e-01,-5.060729886958955648e-01,-6.717915583710806215e-01,3.046278311911937986e-01,-2.839534571796352713e-01,-2.342580502323926839e-01,9.406724969322673990e-01,6.179303344402986564e-01,7.028791700091387984e-01,6.259839378669426191e-01,4.086566963989255591e-02,7.160385546784158173e-01,4.293988460048200201e-02,2.567868474054832983e-01,-5.622578976808488838e-01,3.865836418455213530e-01,-4.792328942229174826e-01,-8.479138347616578253e-01,1.582851871552788114e-01,2.499262516209467822e-01,7.901837386386448836e-01,1.556307638145167926e-01,-3.281729313788672719e-01,4.942326907264417146e-01,-4.029320230033201500e-01,2.104532323951800177e-01,-5.371486472505163645e-01,3.832532070242533617e-01,-6.361560508508656842e-01,2.411760324878816919e-01,-8.158059931656457264e-01,-8.283122856053448668e-01,-8.585161211817202709e-01,-9.337440868751578638e-02,9.608438801481424818e-01,7.601789052543244107e-01,7.041725185784010188e-01,8.848329777017599485e-01,3.176946591384393614e-01,9.261628898645007935e-01,3.518021361798296387e-01,9.649555856162673750e-01,3.412964871969199621e-01,7.984219364296248900e-01,3.893779521997375315e-01,-4.764200815480963414e-01,-7.517448480518841292e-01,-6.612018029359527649e-01,1.419336952275118344e-02,-7.900619764852198079e-01,-6.085969128318231836e-02,-8.095170616732937363e-01,-3.956096552609395835e-03,1.000000000000000000e+00,7.939672114862264540e-02,2.226041821237900176e-01,-7.280628268129224478e-01,2.418478031732585465e-01,5.932297626290027326e-01,-2.676304428307657024e-01,6.120009806808094366e-01,-8.390083028442425067e-03,-4.891384610389092336e-01,1.677651062308772867e-01,9.207526355787128969e-01,-2.656290579581372172e-02,-2.124745172302934526e-01,3.602132513767757060e-02,-8.381053637583372184e-01,-4.987167490359140087e-01,-3.447539739115447754e-01,-7.293521520866514951e-01,-3.253190701002818264e-01,-9.659767849005922447e-01,-4.304022532941075840e-01,-9.186578261610368612e-01,-6.010137918863620587e-01,-4.532659105710220016e-01,6.270374399417451006e-01,1.404979079066689673e-01,8.967685268448304381e-01,5.292206398803002143e-01,8.275552691924120685e-01,4.437954567288247554e-01,9.422443748717049816e-01,8.476012004896520402e-01,9.577757397619030000e-01,8.656770693226452096e-01,6.186751372926966308e-01
4.795538550660521926e-01,4.377537714936385327e-01,8.857815924435133992e-01,4.619734755460359055e-01,-4.154674780471185880e-01,9.865135477712352885e-02,-2.073427538599688924e-01,-1.013593550464390175e-01,3.561901428855895890e-01,-4.912534192472198802e-01,5.721833106518162682e-01,7.775183763540779447e-01,5.625713875297029265e-01,2.273002878771795687e-01,5.620889196377106822e-01,-4.397374591146162026e-01,-5.350326242991688686e-01,-8.962391828736206156e-02,-2.658994279303329433e-01,-2.873941309001076250e-01,-1.146542081980375244e-01,-3.495956499849107724e-01,-2.671830613281576949e-02,3.341017006697961089e-01,7.505598420919723512e-01,-2.006334335915485323e-01,3.938684940949951918e-01,8.760060502366698865e-01,1.217972340687505373e-01,7.252425779012497964e-01,-1.410937964763059882e-01,-4.916746127858657722e-01,3.156048307369609118e-02,-3.332581486495380108e-01,1.660189267555841619e-01,-1.691488525184127734e-01,-2.177314617294482113e-01,1.672594343809454542e-01,-3.991665298021592756e-01,6.013083572744760685e-01,6.649672302217181086e-01,7.084386913367918259e-02,3.101559224687101546e-01,1.368740659161585271e-01,-6.643736640466582632e-02,1.605902459239524557e-02,1.237225377914318025e-01,7.799351341601813703e-02,4.054987663341881876e-01,-3.569167385414902943e-02,6.382120243711855156e-01,6.574998911926214218e-01,8.656156930056242427e-01,-4.620184995464972078e-01,-1.165787968475862912e-01,-7.053635074584265752e-01,1.549045717775309194e-01,-4.594447231863602044e-01,2.292729063663311306e-01,-1.767081864931294433e-01,1.281357703912310575e-01,-3.457347652076148137e-01,-2.045313733520895128e-01,9.583055913534833936e-02,-3.343305251311302906e-02,-1.502244705863852170e-01,8.429448141384706661e-01,1.680791253782672467e-01,5.893546062813902475e-01,6.280755783492441013e-01,-4.150780689133404255e-01,2.206827862726707529e-03,-1.446932264102367693e-01,-2.503709762087871216e-01,1.490035099730787349e-01,-6.570361385058732795e-01,-8.064407339876898950e-01,-8.359326619383669055e-01,-5.507581264024418166e-01,-2.398651951596226517e-01,-5.154277868871627311e-01,-9.397799471274794758e-01,-8.275060673602467956e-03,-4.412583536554432473e-01,4.714636322200329022e-01,-7.108454126279643848e-02,5.452964808855900181e-01,3.360254265736423857e-02,4.589453984275857490e-01,1.719575032051663399e-01,2.582935240309028324e-01,6.319441415394868589e-01,3.742749447299559828e-01,8.159209566167032746e-01,-2.351787473701472120e-01,-6.605089984240445355e-01,7.780418759173229372e-03,-3.516075236126535164e-01,-3.370874427079412206e-01,-3.413745122095884210e-01,-5.669266244128354781e-01,7.939672114862264540e-02,1.000000000000000000e+00,6.103075276262538429e-01,4.738343472839247617e-01,4.245931065389181303e-01,6.824001471812581043e-02,1.132073842862671570e-01,2.823468573202672083e-01,-5.246711708686885300e-01,3.834210867766195685e-01,-7.608289207685647870e-01,-1.275705642311883159e-01,-8.728183101484385809e-01,-5.689013538363355549e-01,-8.458241350564206229e-01,1.456894801262922645e-01,-3.672740772406800358e-02,-9.448108354561719491e-01,-1.121900694653919089e-01,3.215780330367028483e-01,3.148347185829627332e-02,-8.695970170000408631e-03,2.361557803918301612e-01,3.748199409680774696e-01,-1.982461708027887237e-01,-6.625301678832327124e-01,-9.588779391736910185e-01,-3.009214955959028104e-01,-6.453089374891143315e-01,1.042588921860744255e-01,5.078569017422513987e-01,-9.502424840947447382e-02,4.396377814829205422e-01,-3.169233066543118010e-02,4.611697722670916599e-01,4.371321825956900331e-01
7.696013219053586818e-01,4.365244372250529081e-01,8.257284725228464239e-01,9.616186780340073570e-01,-5.693920172061125301e-02,6.460529501516569795e-01,-5.938741407321582871e-02,6.514398097398155230e-01,3.338739235071978007e-01,2.228810242582813794e-01,8.549429452675736396e-01,1.324608427929670762e-01,-1.766340876438091678e-01,1.252151883370212493e-01,-9.907739358203274116e-02,-9.140776283799640911e-01,-3.829226912332986954e-01,-7.631601707921016331e-01,-2.791909576794593395e-01,-8.835619707827047087e-01,-3.165629491608908941e-01,-9.092871208427140139e-01,-3.243645195669966341e-01,-3.210664506510582661e-01,4.788521778876496104e-01,-2.790834346027217805e-01,-3.517789595736672270e-01,6.933062074700301336e-01,7.348487148812139491e-01,9.619843215795014224e-01,5.025264496707277928e-01,-2.559558834250524537e-02,7.427147948789775134e-01,1.972630507071974904e-01,8.680275406049970943e-01,4.181157245960505087e-01,5.330853407418408851e-01,8.471116416497819213e-01,1.496426742336183779e-01,2.904185026652106871e-01,4.813409417526017670e-02,-6.686038461199205196e-01,1.631896220900944938e-01,-6.874358584422589624e-01,-5.533322891091810858e-01,-7.644049252592077792e-01,-3.559193360089995539e-01,-7.282689411279098524e-01,4.887841255412847530e-02,-7.625702820332291854e-01,3.965053990948135820e-01,9.791342636791131593e-01,2.672817299777300315e-01,-9.651968256935973267e-01,-4.001619460805363321e-02,-2.796354117113978299e-01,7.464414342668105329e-01,2.651331812263894028e-01,8.853813297705743768e-01,5.097324779889409463e-01,8.389665864138665663e-01,5.134487266237626191e-01,3.909845731624740917e-01,8.162277613177898461e-01,5.517291289083989803e-01,-6.015663186536032159e-01,1.686549905397732307e-01,-5.766006592077856929e-01,2.910690976154275411e-01,-1.651820116558818385e-01,-9.518374560153699537e-01,-5.665756383260798223e-01,-8.455086144361861900e-01,-8.263069284757844635e-01,-6.196696110001561619e-01,-7.787803142461049433e-01,-5.895965632240157683e-01,-7.855304250208485772e-01,-2.669773622027212245e-01,-6.839133980332402496e-01,-3.040782285062308410e-01,-8.145927236094505641e-01,2.063916393568856165e-03,1.480808688875973889e-01,8.341224843263542743e-01,4.302100330544192386e-01,9.847286275359222740e-01,4.510044122854656168e-01,9.682308462122988235e-01,4.245672064646116017e-01,9.065168322388014177e-01,6.208525329407665883e-01,9.404973521340358467e-01,3.573912694909330834e-01,-7.473806125124448085e-01,-8.332769159410247095e-01,-7.526216155217826387e-01,-7.524804958930203513e-01,-9.306860367334465201e-01,-7.365531650789772788e-01,-9.663915389462287564e-01,2.226041821237900176e-01,6.103075276262538429e-01,1.000000000000000000e+00,4.631652399672198661e-01,9.669321758140787537e-01,7.512674308924205402e-01,7.453394231013303894e-01,8.482212211258236545e-01,3.242904367968724166e-01,7.178145309288814779e-01,6.006782373175143137e-03,1.840067419305762564e-01,-2.787026082349742806e-01,-9.794226527626409551e-01,-1.326421704125172740e-01,2.949842207376585645e-01,-7.604666601466903986e-01,-6.158180067529744894e-01,-6.982510509766279849e-01,-5.260505046171742860e-01,-2.737049416259572654e-01,-7.628233249072617905e-01,-1.557264434265645259e-01,-3.809035295593060089e-01,-8.600131615648558547e-01,-4.905615471775411907e-01,-5.994196557226185718e-01,9.332568424088180659e-02,-6.511994040328366040e-01,6.175342544347205420e-01,9.542818832743915625e-01,2.841498651343229431e-01,6.759659071403139041e-01,-5.919162884722051210e-03,6.142512477941256543e-01,-1.175966424739048194e-01
4.586922160720056096e-01,9.671399495304292548e-01,5.775303067724574246e-01,5.022104091724546304e-01,-8.739214350628703443e-01,-3.368963441177423301e-01,-8.970603050047230020e-01,-1.675402583812946045e-01,-5.656577364811653519e-01,-5.265121083221512288e-01,5.801909292415896591e-02,5.947944670611289286e-01,-2.444291170646857858e-01,-7.116261287768683719e-01,-3.441516106112766371e-01,-6.756944824702570962e-01,4.289097074975905532e-01,9.978021124687405652e-02,6.406467767603023500e-01,-7.151869713407765783e-02,6.696656055604189861e-01,-1.137937654742606081e-01,6.723347035306835862e-01,5.635521690403314521e-01,9.136543975893239855e-01,6.672711262209289895e-01,4.493220105623041416e-01,8.089156129811577722e-01,-1.882176703838014109e-01,6.305896901384269171e-01,-4.389769137818266831e-01,-8.249220756805252242e-01,-9.525765852390540023e-02,-7.098916810232912544e-01,2.184340216597337736e-01,-5.428925045535591964e-01,4.685777496862732483e-01,9.058164770956256273e-02,5.396047135664686634e-01,9.100699178670454970e-01,-2.289062317890058207e-01,-4.775534781074368684e-01,-6.551329597858940312e-01,-1.382409479202990621e-01,4.569943803013348238e-01,-3.062984444148691421e-01,6.326251060995821129e-01,-1.268202383324844584e-01,8.749313184794439424e-01,3.709243262756387050e-02,9.452993781042283716e-01,3.988662479424850416e-01,5.916619560092714059e-01,-4.071417494048675811e-01,-8.719002406001565841e-01,-8.528379139033163137e-01,-1.896333041935718833e-01,-5.180623081297153210e-01,4.799636873305631046e-01,-4.027742150550874256e-01,4.302558702823069958e-01,-3.856028264378181386e-02,6.483249930011913964e-01,1.098227862009884120e-01,6.996775748468420097e-01,3.931268913834760625e-01,1.486954738917246888e-01,-4.801582014259194731e-01,-4.013219991261857689e-01,-7.455570942155628766e-02,-3.070560968275427571e-01,-7.279427172731696150e-01,-1.221674021064170362e-01,-6.743119169233279253e-01,1.818793498755024163e-01,-8.958739640904584967e-01,5.939341733772557363e-02,-8.171585167324137977e-01,4.440860926091735328e-01,3.119303722971557002e-01,4.713990803883840730e-01,-5.649675875393288527e-01,-8.419631495796324749e-01,-6.934606150005769853e-01,-7.085470956093593842e-02,-5.671284947001107302e-01,3.640694238429387219e-01,-5.669007469573283942e-01,3.047555701128832339e-01,-5.830009894872023590e-01,2.349504825012462550e-01,-2.265105028930994302e-01,2.376438101890244181e-01,7.962171815618362958e-01,2.132944510463989640e-01,-1.123628182368438186e-02,-4.035585726949176277e-01,2.160753639617855604e-01,-5.118076215998772494e-01,2.430983576114057743e-01,-6.323548157834275596e-01,-7.280628268129224478e-01,4.738343472839247617e-01,4.631652399672198661e-01,1.000000000000000000e+00,3.911428219827737807e-01,-1.122596480729185359e-01,6.493183501989482354e-01,-2.705828134591715950e-02,5.252930581244873859e-02,8.932775527790091097e-01,-3.230804673893953871e-01,-7.393299087876056275e-01,-3.289965816569401236e-01,-4.589078910680279844e-01,-3.005451691001344572e-01,9.224981449786824328e-01,3.155595604808576760e-02,-2.422484900242428962e-01,2.481906434499982217e-01,8.630027377047283510e-02,7.108518734075364165e-01,-2.317455244814797116e-02,7.791501463940917471e-01,4.160561193491663090e-01,-9.861795940355662371e-02,-9.615430332763520438e-01,-6.621870035643936392e-01,-8.074417895277878898e-01,-9.549463221766485432e-01,-3.780368723260369990e-01,2.290964205997243763e-01,-6.992098320260390354e-01,-2.859346439108220728e-01,-8.495452026947694080e-01,-3.288080679771316350e-01,-4.999579735617324938e-01
7.485605498328041785e-01,3.725631179710870433e-01,6.996395926374093799e-01,9.737041339561244291e-01,5.800860393923091413e-02,7.200129240237582717e-01,-2.050347664858865986e-03,7.794778748557747994e-01,2.918400996237197620e-01,3.973144552603415369e-01,8.263448221121804105e-01,-6.846393340621123591e-02,-3.563445413784191995e-01,8.858322701005710842e-02,-2.655921139045820945e-01,-9.239630106771420381e-01,-2.975383428255604645e-01,-8.549989221697769093e-01,-2.546326369049904947e-01,-9.371399983179709015e-01,-3.394903326950159950e-01,-9.487473906360964770e-01,-3.726840001417835446e-01,-4.671635229324300753e-01,3.346992695278941388e-01,-2.727203492536242058e-01,-5.179642491654860015e-01,5.482486460644589998e-01,8.139467355993318387e-01,9.007118775802452904e-01,6.218077984099992239e-01,1.144706225767461727e-01,8.470573528683686959e-01,3.262026859359710151e-01,9.508252109757667769e-01,5.336105041678486094e-01,6.690321798713319001e-01,9.279062688678013648e-01,2.772106196350430096e-01,1.588577214488600120e-01,-1.264296003733090534e-01,-7.835496341425565170e-01,1.087644761970286422e-01,-8.277498608277005232e-01,-6.236128409341413770e-01,-8.810381246855294446e-01,-4.498935281320947110e-01,-8.583128414367898751e-01,-6.441552878537382121e-02,-8.681752911301915399e-01,2.705071782926651847e-01,9.413529032313577849e-01,6.268086879307226134e-02,-9.789827067271246186e-01,-5.069131748309807506e-03,-1.186324026980498381e-01,8.181488821005473699e-01,4.374236584762917768e-01,9.509708677695699608e-01,6.397908666074675343e-01,9.258281569869122318e-01,6.870420769653328152e-01,5.002801685955279298e-01,9.123627920253066792e-01,6.376994818263490572e-01,-6.556270184437901216e-01,-3.991673411591311477e-02,-7.055329830009714476e-01,1.766181629174341516e-01,-3.628411227989064014e-01,-9.784165337692248832e-01,-6.452849086806375922e-01,-9.320719985196487256e-01,-8.758095390810590741e-01,-7.557131311827763875e-01,-7.065872786900524449e-01,-4.563344820718339134e-01,-6.650539437353174543e-01,-1.596015261683328690e-01,-7.239631409972446807e-01,-2.126451495179515205e-01,-6.728019529551864109e-01,1.322179568911549703e-02,2.990433281346923655e-01,8.311375486773190380e-01,5.206180999764191686e-01,9.784865094203155644e-01,5.156812635815984924e-01,9.846231873858728445e-01,4.474041780387258971e-01,9.700892132669950430e-01,5.425762469330089877e-01,9.767501917183324389e-01,1.782032748397059108e-01,-7.973513446448768915e-01,-7.769583457989746034e-01,-8.646366561635475678e-01,-7.720668797905891889e-01,-9.726716720112262848e-01,-7.544928412544785745e-01,-9.472692813023534386e-01,2.418478031732585465e-01,4.245931065389181303e-01,9.669321758140787537e-01,3.911428219827737807e-01,1.000000000000000000e+00,8.457443636267359954e-01,8.195462072326176184e-01,8.986525567156083971e-01,5.175221381966108591e-01,7.114495508643156052e-01,2.202961114311438318e-01,2.543786649410526568e-01,-7.699380827260729476e-02,-9.661171860214051721e-01,8.381165287772231187e-02,2.898723398624272196e-01,-8.652778247234662601e-01,-4.455695232154978647e-01,-7.752594551858404959e-01,-6.951409734714391053e-01,-3.311592267932682576e-01,-8.751616990839293786e-01,-2.522705152338329815e-01,-5.459967251880156747e-01,-9.341909144712006174e-01,-3.720436928929679032e-01,-4.188131732075791591e-01,1.985740137370784753e-01,-5.620163895539390664e-01,6.856904073597474003e-01,9.559498612047355737e-01,3.604553844631618320e-01,6.597731412399827633e-01,1.065407858801131584e-02,5.835215777854689811e-01,-2.510074477755996347e-01
5.363002402398262536e-01,-1.188373037779372199e-01,3.486308222121792810e-01,7.715788120629308855e-01,5.521892646210248001e-01,9.459611840360898638e-01,4.559854614527106831e-01,9.719473376447755886e-01,5.240003695527701844e-01,7.853156512868249006e-01,7.904012813222863754e-01,-5.018765827917415212e-01,-3.926314893174001064e-01,3.885019375285243548e-01,-2.438457476267366641e-01,-6.373597932371480868e-01,-4.325322223306898861e-01,-9.890539432485230265e-01,-5.345212771965701659e-01,-9.629004255017562519e-01,-6.714160657554425482e-01,-9.445965244097008773e-01,-7.270884160200600244e-01,-8.510911254371813506e-01,-1.938871762955444722e-01,-5.794637942383302764e-01,-8.657549420934522733e-01,7.033861753237009851e-02,9.780377252746853545e-01,5.780571243849891294e-01,9.292795052283691071e-01,6.073886012392906153e-01,9.888141793174465288e-01,7.609442542727090641e-01,9.336952846787046623e-01,8.839755510795139770e-01,5.732572889296680962e-01,9.668746673608246134e-01,1.340932337441667899e-01,-3.590231953014373922e-01,-1.604412574565478311e-01,-6.708327292243450035e-01,3.686386639431664669e-01,-8.899818375183463637e-01,-8.997873417649663308e-01,-8.492943109859653061e-01,-8.241542167938152863e-01,-9.186513200139125868e-01,-5.580467133238621313e-01,-9.848232967083196954e-01,-2.592440558531919348e-01,7.450293864900906504e-01,-3.709736858141242655e-01,-8.199415582852920270e-01,4.238658152296861936e-01,3.992320554587486248e-01,9.770569743073237445e-01,8.198416673039345959e-01,7.988588240590228651e-01,9.383017493991431257e-01,8.147138026770472941e-01,8.549459616876883272e-01,2.970319217671956169e-01,9.542523120308562534e-01,3.945299555921156776e-01,-8.900658076141195751e-01,-2.742563002599632260e-01,-5.993492009668758280e-01,2.736569851100394413e-01,-4.911437335145116823e-01,-8.761107212633322261e-01,-3.849967115402099238e-01,-9.610218163659978163e-01,-6.191111173989152228e-01,-9.618409483029889406e-01,-2.482595526477212877e-01,-3.865558401268985311e-01,-2.052487544796084695e-01,-2.822546750325157783e-01,-9.128147800361340325e-01,-3.608034307654465200e-01,-3.122152560800331433e-01,4.093437533782102178e-01,7.435419104477993812e-01,8.757595784305967079e-01,8.626074329798011364e-01,8.239466243561588410e-01,8.360526083634198802e-01,8.749723016800914355e-01,7.421567824179374773e-01,9.298447389403716734e-01,5.939546314826644746e-01,9.141213814690755113e-01,-3.262521478650949325e-01,-9.495420914855366989e-01,-7.397484686434434575e-01,-7.848831272041998375e-01,-9.017246716397127049e-01,-7.869652240205207150e-01,-8.942928667537231036e-01,-6.608796521980389027e-01,5.932297626290027326e-01,6.824001471812581043e-02,7.512674308924205402e-01,-1.122596480729185359e-01,8.457443636267359954e-01,1.000000000000000000e+00,5.941146704650492882e-01,9.665289627389980209e-01,6.552394492395401393e-01,3.072585952204012205e-01,5.424173925843298605e-01,6.549173602888372914e-01,2.327850846854409295e-01,-7.616890668118088126e-01,3.950445610119883710e-01,-1.331741271865912180e-01,-9.780438969615725675e-01,-2.073169597649843765e-01,-9.643873208512051542e-01,-8.813828107345120788e-01,-7.092127586968156594e-01,-9.693663017446475516e-01,-6.921145337039799061e-01,-8.780155963731186564e-01,-9.644186957828180251e-01,1.576876336007508317e-01,2.203062619669369365e-02,6.571186946818800001e-01,-6.161960171162832872e-02,9.258539762200286294e-01,8.688566322058018931e-01,7.483866538130615753e-01,7.901303179958549805e-01,4.147928019651438980e-01,7.201809124223926828e-01,-1.316594333414692619e-01
6.313066275576600939e-01,6.397062092317750137e-01,4.492725578323107372e-01,8.510600456970563998e-01,-2.436726178200034065e-01,3.439089008888971399e-01,-4.152409007294798338e-01,5.961194160157751165e-01,-2.752356969691029942e-01,2.769058369691073662e-01,4.132441347832593315e-01,-1.160449422631770755e-01,-7.279522544912744308e-01,-4.594216175270477431e-01,-7.115556087506492711e-01,-9.227033744201560417e-01,2.839566627514694130e-01,-5.977107848535213597e-01,3.016630555696093174e-01,-6.611764785135324507e-01,1.703172549402405256e-01,-6.630389526723667881e-01,9.900151716563236615e-02,-2.304237601182592410e-01,4.145789458116912463e-01,2.684265215945216276e-01,-3.701202423090171334e-01,4.636668222711236020e-01,4.960007081850937860e-01,7.285030311699749461e-01,3.292079442989686577e-01,-1.288709619647867288e-01,6.241335343407402592e-01,2.904934828160879098e-02,8.217560926444807956e-01,2.108120174145498293e-01,9.357589541702729941e-01,7.271837183193203824e-01,7.488277312500303262e-01,3.472729787218303277e-01,-5.829394376657466292e-01,-9.592710200377860819e-01,-4.531930052217690297e-01,-8.317449173167654752e-01,-2.117905981924209646e-01,-9.105347961771249610e-01,-6.651005963308737057e-02,-8.196124696509805574e-01,2.442218226276952620e-01,-6.728249308973485165e-01,4.394301582620704916e-01,6.622389726508991492e-01,-5.543425944104649061e-02,-8.003565257428727486e-01,-4.506910489624125771e-01,-2.253797318455945942e-01,4.808995682417593343e-01,2.969395907680102975e-01,9.411281128323486511e-01,3.835528852990143789e-01,9.443844987167970828e-01,7.222098694842987721e-01,8.942109987377585556e-01,7.636744061720752708e-01,9.478757554617736059e-01,-2.319107518937056633e-01,-3.864719220274423495e-01,-9.460978560692487882e-01,-3.956924645935842033e-01,-6.692189675183457531e-01,-7.655415391354635224e-01,-9.547829908784252195e-01,-7.612088866744707305e-01,-9.807462075733098805e-01,-5.933539746536176107e-01,-7.580826817305265086e-01,8.030292377164165163e-02,-5.866178242959422251e-01,4.152874892528067852e-01,-2.883778207881488864e-01,3.681171299950921627e-01,-3.907970368551521578e-01,-4.738250375866582820e-01,7.287805189410569151e-02,3.949877656937383352e-01,1.345659427012949327e-01,7.319875061497347346e-01,7.653553132995988273e-02,7.463266921668144649e-01,-6.108706274895712995e-02,7.992871314018156204e-01,-1.547833955742399306e-02,7.458686649290392490e-01,1.836725667537332796e-01,-4.086818576367797773e-01,-3.009410048589774012e-01,-9.497706576839377579e-01,-3.243839120944441157e-01,-9.185345485279947653e-01,-3.014626194493004174e-01,-8.528214795915034507e-01,-2.676304428307657024e-01,1.132073842862671570e-01,7.453394231013303894e-01,6.493183501989482354e-01,8.195462072326176184e-01,5.941146704650492882e-01,1.000000000000000000e+00,5.753569473236020970e-01,7.291148947650335499e-01,9.037040129557226686e-01,3.897721190711129213e-01,-1.548310682231579805e-01,2.014353321238073202e-01,-7.634216500108043091e-01,3.354048255125814393e-01,6.981155602132965710e-01,-6.741827424874411445e-01,-1.393168697264934169e-02,-4.341574870769346339e-01,-6.887190364430667566e-01,1.247601152927009516e-01,-7.277135677740403930e-01,1.223890764474367537e-01,-4.023755966132270268e-01,-7.213813837944215157e-01,-5.189123132247056569e-01,-2.286579438232441142e-01,-1.496402905233804592e-01,-6.805318039562382459e-01,2.889979107743337328e-01,6.532041408765462132e-01,-6.085340802686355771e-02,1.464003168519341369e-01,-4.684145344395607702e-01,4.771719506567382446e-02,-7.249319799464428726e-01
6.113669520523572487e-01,-4.075912334872671544e-02,5.226952818543375567e-01,8.303237830285625787e-01,4.591269791570418701e-01,9.400056809186286833e-01,4.165941232411258799e-01,9.122961797752162649e-01,6.039116505315613725e-01,6.529695251006980561e-01,8.895970257312472151e-01,-3.164099761295366964e-01,-2.348341189609219615e-01,4.490609112433346928e-01,-8.971909104599951057e-02,-6.921149693121347868e-01,-5.544377300724616653e-01,-9.710760497905940314e-01,-5.948884259399868091e-01,-9.870505351056739762e-01,-6.917755104930445320e-01,-9.828428049010152767e-01,-7.245197258446302024e-01,-7.544966968775537186e-01,-3.830706233308402847e-02,-6.240314006711342731e-01,-7.506891434290414722e-01,2.478316634267807850e-01,9.712415673716894293e-01,7.040427738507776256e-01,8.707335262691413558e-01,4.923657398104063776e-01,9.574410124664853861e-01,6.728925420813260949e-01,9.255421343162850700e-01,8.239156741348231394e-01,4.819617173767909990e-01,9.617898426323333583e-01,1.660181823405372167e-02,-2.328107130246135914e-01,1.063225722989724273e-02,-6.087974442413004450e-01,4.482272377725807777e-01,-8.153556820061287347e-01,-8.924631251850648761e-01,-7.985652814314392334e-01,-7.804607795021702987e-01,-8.566404549676137625e-01,-4.672505460808602518e-01,-9.518997958986690211e-01,-1.284810112079187161e-01,8.549909729698387251e-01,-1.696492972619584871e-01,-8.810885617644528267e-01,4.067766689366403843e-01,2.438571279740911757e-01,9.777205933994986831e-01,6.926506095035660504e-01,8.034515489706832714e-01,8.705562319796382731e-01,7.953070566877825653e-01,7.375979275225158505e-01,2.147598701201493543e-01,9.321068213897351074e-01,3.467371050884342498e-01,-9.005373959224515223e-01,-6.855095365476387981e-02,-5.179043686679696279e-01,4.139771630030893990e-01,-3.204502792339578021e-01,-9.252751792804898567e-01,-3.434854817759485091e-01,-9.501264354588270233e-01,-6.297347911863695469e-01,-8.914374179015581712e-01,-3.628558396087682714e-01,-5.622270702474154724e-01,-3.669480140116275768e-01,-4.150791542589975514e-01,-9.407030264985229984e-01,-4.824838573220436855e-01,-5.021031797694669452e-01,4.175560084200816702e-01,6.303829695833721436e-01,9.524665307756192689e-01,8.278450991977088780e-01,9.050229720244353793e-01,8.265414114467857232e-01,9.354187272503576844e-01,7.695830063040828284e-01,9.434982018738392595e-01,7.259693233227586528e-01,9.563702873807863325e-01,-1.455407025939460253e-01,-9.728079229266631822e-01,-8.665704583895708080e-01,-7.350466473952718127e-01,-9.511438740141301418e-01,-8.160871122273922751e-01,-9.439327854461616596e-01,-7.443801655160434683e-01,6.120009806808094366e-01,2.823468573202672083e-01,8.482212211258236545e-01,-2.705828134591715950e-02,8.986525567156083971e-01,9.665289627389980209e-01,5.753569473236020970e-01,1.000000000000000000e+00,5.019052757132926867e-01,3.555506959462612637e-01,3.502286960389124348e-01,6.205916456253527391e-01,2.779183452683527816e-02,-8.487200889975178297e-01,1.885566346882349420e-01,-1.236248906358143468e-01,-9.473033165677430256e-01,-4.133772735765838813e-01,-9.576018887292101489e-01,-7.706562918119179706e-01,-6.947265531615500755e-01,-9.291473802494053524e-01,-6.322976466920996463e-01,-7.659034523621929269e-01,-9.667563567112475997e-01,2.608694697748172725e-02,-1.838877786107283030e-01,5.846116395099633101e-01,-1.798542908272597052e-01,9.233206651827614575e-01,9.438593065992607611e-01,7.170486310813793951e-01,8.691407318413174599e-01,4.170106442049415496e-01,8.089175098825893695e-01,-6.461760607824356371e-03
2.615921144518003061e-01,6.702933305384152496e-02,-1.660142292135348974e-01,4.868491827835141339e-01,3.062357462492501514e-01,4.718453018345341032e-01,3.938471503480058672e-02,7.572339757335786459e-01,-2.072583690210262897e-01,7.460606167495551500e-01,1.616610475703236516e-01,-7.310273463774631386e-01,-9.239721380905711046e-01,-2.837640839512087787e-01,-8.635431875604878682e-01,-4.976230162671422819e-01,3.565100421141596532e-01,-6.445635659097186387e-01,1.620260436352079225e-01,-5.491365463374289213e-01,-5.839552646109307660e-02,-5.047983400995180725e-01,-1.754196004054137947e-01,-6.423100390634598478e-01,-2.895024444706464917e-01,8.596410739586368699e-02,-7.682135808899281937e-01,-2.475104140638955952e-01,5.589441827231975690e-01,1.812921967633931153e-01,6.075996474890801302e-01,4.416322520158868503e-01,6.961027218926729709e-01,4.900320385947139479e-01,7.111868050048889556e-01,5.389368445913660377e-01,8.953875348758881803e-01,6.657915986270410702e-01,7.440228074426334937e-01,-2.925175102037898545e-01,-8.204801049035529426e-01,-8.524381047831699476e-01,-3.387117690441248108e-01,-8.928337597414134352e-01,-3.970380065005605918e-01,-8.491659015594256177e-01,-4.027064284888311474e-01,-8.577154605509162977e-01,-3.015326196055805874e-01,-7.213807582926441420e-01,-2.273125658315945097e-01,2.416863538616436380e-01,-7.047707417558304321e-01,-4.731216200560600660e-01,-4.968575158726946245e-02,4.456462650104122125e-01,5.290772702558940166e-01,7.499664069080035356e-01,6.960862237844164246e-01,6.655536499264151917e-01,7.668325143800088783e-01,9.457096994105619325e-01,7.665941498475938864e-01,7.277397265877995070e-01,7.250848854046505476e-01,-3.528932989162159028e-01,-8.557047461157875068e-01,-8.796955359899706339e-01,-5.123731956238943841e-01,-9.663897234020079052e-01,-5.006527351706749895e-01,-7.060102096692177920e-01,-6.971358634041298075e-01,-6.437359105043723995e-01,-7.815797865186994153e-01,-1.274589836785687269e-01,4.204260064444236278e-01,1.020039938041400474e-01,4.970665794869552623e-01,-3.382163756867809790e-01,4.189081774364412647e-01,2.462928957976932287e-01,-1.372018013119662982e-01,5.783960406901479390e-01,2.428909330588818194e-01,4.233426857153976819e-01,3.832926095274054590e-01,3.142272712441109284e-01,4.623908915082189375e-01,1.128052207944942043e-01,6.384444422494630622e-01,-2.005807780647100858e-01,5.291124052719863302e-01,-5.165241579336258271e-01,-4.267090464123662885e-01,-2.160622233235695230e-02,-8.439386551766069333e-01,-2.851627999869707497e-01,-6.109428836482778680e-01,-2.770847824686973326e-01,-3.889325091868901518e-01,-8.390083028442425067e-03,-5.246711708686885300e-01,3.242904367968724166e-01,5.252930581244873859e-02,5.175221381966108591e-01,6.552394492395401393e-01,7.291148947650335499e-01,5.019052757132926867e-01,1.000000000000000000e+00,4.070844193359859364e-01,8.981961215666299791e-01,2.129369285582898563e-01,7.484697228411504311e-01,-3.634101361807924868e-01,8.687692678983726102e-01,2.802066203980408399e-01,-7.192121833896141236e-01,5.128274591242114600e-01,-5.239291088090359816e-01,-9.194525553673924545e-01,-1.905884652699016690e-01,-7.661558751039926340e-01,-3.145761769123731066e-01,-7.801411552752688383e-01,-6.416730274870436901e-01,1.595864815287791061e-01,4.723865907073410142e-01,3.267841970772829008e-01,-2.411530717756626280e-02,4.282381727384385051e-01,3.731552616324658733e-01,2.821840196255051558e-01,8.548262195707340139e-02,-1.168476593042687278e-01,-1.149934312406859262e-02,-7.540137235369741564e-01
6.370185844246735174e-01,8.727726095873988843e-01,6.218434788129448831e-01,7.844240959020546411e-01,-5.924966065131920256e-01,5.660493794832868047e-02,-6.851011684345369446e-01,2.657534488426997465e-01,-3.933681259239905637e-01,-1.292044387126091431e-01,3.279573423296294199e-01,2.837673857649546938e-01,-4.920771963918785796e-01,-5.837626694037428843e-01,-5.294306965161695855e-01,-9.060200220813174887e-01,3.179302178188626593e-01,-3.163156661599672570e-01,4.529393020134723225e-01,-4.534958538339641243e-01,4.027182947934734858e-01,-4.804439153790435735e-01,3.701068841257822983e-01,1.587544152816846021e-01,7.448314394883666090e-01,4.513548467305242284e-01,2.782264042229235998e-02,7.371635296013580030e-01,2.183327831881443915e-01,7.966718344346672698e-01,-2.302192592378163316e-02,-5.089160755266387559e-01,3.290608087667278303e-01,-3.460337092417053451e-01,6.060342791406975183e-01,-1.443927537176877551e-01,7.533831334257833356e-01,4.906983595503673912e-01,6.586357075137605488e-01,6.890052433929060305e-01,-3.896330249830173842e-01,-7.856164158363936334e-01,-5.449829943808478516e-01,-5.458609512447784029e-01,8.086375173332548127e-02,-6.820693599278010444e-01,2.677443480648483698e-01,-5.381460914489910596e-01,5.924275660483876438e-01,-3.854857115534595091e-01,7.636075552192749250e-01,6.427827780279635750e-01,3.271739725464783421e-01,-7.098293332354730367e-01,-6.859384758230843149e-01,-6.001081873333871108e-01,2.119393841828852432e-01,-1.098798428592292348e-01,8.047672473748713751e-01,2.274399779506454389e-02,7.743972644785270809e-01,3.782117399763397780e-01,8.142028013043804968e-01,5.139984554712703213e-01,8.863894371976809294e-01,3.182931444692798512e-02,-7.919771966620998971e-02,-7.701751475669817992e-01,-3.655840011877269924e-01,-3.711985732358251688e-01,-6.390142888606082927e-01,-9.066251059172610871e-01,-5.231947776991585641e-01,-9.213541791003369008e-01,-2.526290532088245611e-01,-9.318768120606333305e-01,-2.397774217727641124e-03,-8.105991747601367647e-01,4.009652234779813584e-01,-4.848865333040344727e-02,3.888993574080016891e-01,-5.861499574680455460e-01,-6.748445380353335077e-01,-3.230957661424705418e-01,2.470032359075029493e-01,-1.917352075470238060e-01,6.566659891630409751e-01,-2.158214428363212645e-01,6.293347199246590584e-01,-2.923495412467178034e-01,6.082458202273136605e-01,-5.403496255764343725e-02,5.889045951676037394e-01,5.588577187003990199e-01,-1.656081425223161763e-01,-2.470963221579676461e-01,-7.498168327526585353e-01,-1.252357129749794018e-01,-8.160586962766220864e-01,-9.854248277792432287e-02,-8.545972835896297193e-01,-4.891384610389092336e-01,3.834210867766195685e-01,7.178145309288814779e-01,8.932775527790091097e-01,7.114495508643156052e-01,3.072585952204012205e-01,9.037040129557226686e-01,3.555506959462612637e-01,4.070844193359859364e-01,1.000000000000000000e+00,7.667774269430412473e-03,-4.512746256145471757e-01,-1.190726529179443327e-01,-7.243831826240310079e-01,-2.318463016313598857e-02,8.598665778915863811e-01,-3.892326809702792989e-01,-2.126820263912221620e-01,-1.527477341986876735e-01,-3.375810833714531500e-01,4.088152225836735321e-01,-4.439268512058629490e-01,4.590837651278659171e-01,-8.703694336449196295e-03,-4.931087136980203400e-01,-8.205663423733327022e-01,-5.374077935993492039e-01,-4.948553127374507588e-01,-9.121878817055359967e-01,5.306552222669175603e-03,5.436971421073579780e-01,-3.719485309274009333e-01,-4.258833992443939592e-03,-6.780746343002661547e-01,-8.127524112299069903e-02,-6.213817096579147270e-01
-1.530132442353191596e-02,-2.984328956470994609e-01,-4.785608650294076449e-01,1.578895516589695902e-01,5.680565958074629274e-01,4.477280398806484651e-01,3.149493913847128401e-01,6.755201543967863653e-01,-9.511860123520296528e-02,8.437736189900826300e-01,-9.901936917614477529e-03,-9.099354259292786740e-01,-7.981952563979730630e-01,-8.785267502782379001e-02,-7.251244470977062928e-01,-1.252382238789667424e-01,2.881404951714992002e-01,-5.255148964114754184e-01,1.675951266426464401e-02,-3.604586783298041053e-01,-2.002747072217634650e-01,-3.000030303465822668e-01,-3.138033931373973573e-01,-7.386009158726827284e-01,-6.375752012018077730e-01,-6.463617517362199583e-02,-8.223169817862143738e-01,-6.031516858573827689e-01,4.733465239758967713e-01,-1.781861946956088960e-01,6.358938408005082588e-01,6.808517441667021330e-01,5.777289266768650400e-01,6.544024601151247067e-01,4.780760419545005968e-01,6.144169846233792365e-01,6.422599018389637537e-01,4.754890118578677938e-01,5.427394082721219704e-01,-6.073748633743532022e-01,-7.450681269834132925e-01,-5.733219023428359762e-01,-1.635563116798554040e-01,-7.109327937703223688e-01,-4.261816967975905479e-01,-6.047709040560000915e-01,-5.189175291290698544e-01,-6.731769753425965730e-01,-5.630129781942339040e-01,-5.821714873237558985e-01,-5.724007229056449209e-01,-5.339130667966578148e-02,-9.121398438374177520e-01,-1.730379955705134698e-01,2.162976102295469938e-01,7.390545355455782062e-01,4.428847021256070993e-01,8.405691399543867570e-01,3.831817368523178224e-01,6.799541050904100992e-01,4.739223792486770837e-01,8.451990825558554077e-01,4.892652406894901773e-01,5.372457259192643386e-01,4.069789395015164790e-01,-3.571440854525210762e-01,-9.105828530424053824e-01,-6.176549716998718242e-01,-4.330684022692199986e-01,-8.922750712538368711e-01,-2.311046098368840507e-01,-3.751568119754837283e-01,-4.973132184152557755e-01,-2.849093598252281367e-01,-7.097834218145375740e-01,2.772773681325704231e-01,4.964762550513561190e-01,4.798461233921144653e-01,4.009021264664163753e-01,-3.032149141346475174e-01,3.228990847297474320e-01,5.508992797476974790e-01,1.148667864575066977e-01,7.449330912980419717e-01,1.119319503130993820e-01,5.063020318141597809e-01,9.450386789828087164e-02,3.957433225701401103e-01,1.917991838036102736e-01,2.085333799400293509e-01,3.945916550257301258e-01,-2.369423244736769962e-01,2.798535335299110471e-01,-8.023512552069325121e-01,-3.482518648653213367e-01,1.289513886640251128e-01,-5.731061819713028083e-01,-2.104812946406814655e-01,-2.831163491143078859e-01,-2.140502403186131108e-01,-2.438770139194641404e-02,1.677651062308772867e-01,-7.608289207685647870e-01,6.006782373175143137e-03,-3.230804673893953871e-01,2.202961114311438318e-01,5.424173925843298605e-01,3.897721190711129213e-01,3.502286960389124348e-01,8.981961215666299791e-01,7.667774269430412473e-03,1.000000000000000000e+00,4.036553070602860727e-01,8.576988640994335222e-01,-5.352455821061014724e-02,9.564020987206909297e-01,-4.891218658718943929e-02,-5.812570488550895531e-01,6.791274476651961711e-01,-4.631660163920819917e-01,-8.321918628636542081e-01,-3.493524625492610558e-01,-6.076875100122839379e-01,-5.106459802961884620e-01,-8.184499102577889040e-01,-4.476459905616606560e-01,5.270518589595325487e-01,7.632864412974773582e-01,5.416830737631445070e-01,3.733656642981461049e-01,4.220129297320967532e-01,1.294743086873368365e-01,4.337695590084267860e-01,5.013264822701325035e-02,1.394850835290389335e-01,-2.127890825700122154e-02,-5.665332242856784273e-01
3.827037855223773544e-02,-7.335709723933953041e-01,-7.364244610352183029e-02,1.329273902175280575e-01,9.064530562916051082e-01,8.143894807811277170e-01,9.155367879108216034e-01,6.525895882190254627e-01,8.082775990269408517e-01,7.445375165800108830e-01,5.130663504501569161e-01,-5.724338744338514084e-01,9.955055993947974080e-02,8.251750350045987670e-01,2.513808853263879151e-01,8.157184828730970616e-02,-6.929177460280923073e-01,-6.504844193904771865e-01,-8.591446903659764045e-01,-5.420694579135060254e-01,-9.254727659501011949e-01,-5.115994061205428878e-01,-9.397956365375271792e-01,-8.471296962549499376e-01,-6.665629196179180260e-01,-8.901207756613104261e-01,-7.530388745268785655e-01,-4.111951330871270738e-01,7.196743908819774882e-01,-1.944042602676875064e-02,8.346093394967715184e-01,8.829654944841479614e-01,6.314297408670799250e-01,9.106184768167722154e-01,3.839997193873626036e-01,8.850249581011780942e-01,-9.502500232259210311e-02,5.042874764385368858e-01,-4.356880670284986601e-01,-7.919275951690305515e-01,2.338135102865464554e-01,1.797573048285537600e-02,7.904989557558206315e-01,-3.587627082206716334e-01,-8.750843277615377724e-01,-2.289301592042779776e-01,-9.313460659064242142e-01,-3.963394571288176849e-01,-9.140175732123301255e-01,-5.859816787161429286e-01,-7.529919028639306955e-01,2.417688747668596816e-01,-4.896468054860101393e-01,-2.350310688674202564e-01,8.958385998603489719e-01,7.460025961462330990e-01,7.277826390910961951e-01,7.674233223062165710e-01,1.168668847716599624e-01,8.022621469333841571e-01,1.423009203307770421e-01,4.327201090449904752e-01,-3.875044742878984705e-01,4.639128489242358433e-01,-3.367311679920388934e-01,-8.388652973654748823e-01,-8.894704074145515227e-02,8.040000244003731034e-02,5.933352867344799941e-01,-8.128316273447337703e-02,-3.341620449687172090e-01,3.580566077331419073e-01,-4.701571516696421149e-01,1.323367223964112549e-01,-6.492108544720560648e-01,4.280419425760568219e-01,-4.343929634040925025e-01,3.512330784321895383e-01,-6.243470191867666053e-01,-8.059424017722185418e-01,-6.815356240226559947e-01,7.029645355558666875e-02,8.878260864834587318e-01,8.662600357198356749e-01,6.447752280643127554e-01,9.128186281041839045e-01,2.887725039969008534e-01,9.177406207919861503e-01,3.449792904361357881e-01,9.089984910635441340e-01,3.896508507574532043e-01,6.459834400592719961e-01,4.031234897671061024e-01,-6.372372436603731538e-01,-7.509131285211343432e-01,-5.423124471129743274e-01,-1.185073250355807434e-01,-7.452385764713177485e-01,-1.091555463929461262e-01,-7.619038955789293466e-01,8.372821993270282773e-03,9.207526355787128969e-01,-1.275705642311883159e-01,1.840067419305762564e-01,-7.393299087876056275e-01,2.543786649410526568e-01,6.549173602888372914e-01,-1.548310682231579805e-01,6.205916456253527391e-01,2.129369285582898563e-01,-4.512746256145471757e-01,4.036553070602860727e-01,1.000000000000000000e+00,1.364098598636462045e-01,-1.911550285085321099e-01,2.646461279238147002e-01,-7.652113184128825907e-01,-5.795668482610989436e-01,-1.295324216494825598e-01,-7.557828278056881732e-01,-4.909741153562790505e-01,-9.502615863894934289e-01,-5.227410350129519934e-01,-9.477350519940388462e-01,-7.353722055382386769e-01,-5.033929339720097929e-01,7.030423100725353702e-01,3.288871621225629704e-01,9.369411255423886198e-01,5.794462626127795390e-01,8.353913439894739001e-01,4.124951624250502991e-01,9.466288506986952900e-01,7.606109589064933285e-01,8.928265843320647432e-01,7.598634172828653277e-01,4.141996517100564601e-01
-2.194810065498455087e-01,-2.965449198152496635e-01,-6.656776327778320956e-01,-1.171861744431119817e-01,4.366167992595004210e-01,1.477033301497740481e-01,1.913066918912668390e-01,3.912683068892085503e-01,-2.837583169269862760e-01,6.574206392214719807e-01,-3.016354174274167299e-01,-8.456049277466526348e-01,-7.482998447783075768e-01,-2.336250578931708399e-01,-7.076016365205248793e-01,1.069152053025238802e-01,4.771437942570071478e-01,-2.137132498363057964e-01,2.112662183157464624e-01,-4.058491204926870793e-02,1.906501168854492570e-02,1.979485725239755328e-02,-8.742853608346011496e-02,-5.103046564456391598e-01,-6.470144738026277764e-01,1.343323133066221808e-01,-5.950552942814323343e-01,-7.049067669202486730e-01,1.629940836315688923e-01,-4.207971013006112093e-01,3.643074211279408448e-01,5.395750091949059746e-01,2.768740983763690044e-01,4.533278642662468827e-01,1.807981686172371039e-01,3.582875683686574941e-01,4.952077577468665393e-01,1.653287574163123663e-01,5.428797732940801035e-01,-5.516670365774802853e-01,-7.624203427238673836e-01,-3.819413091022779705e-01,-3.155498485131639219e-01,-4.542114310078991801e-01,-1.435789822868749899e-01,-3.504293121264873689e-01,-2.766412635439307044e-01,-4.027524199420314255e-01,-4.270540928433446126e-01,-2.805435595914099745e-01,-5.501626394114164098e-01,-3.416545284509807656e-01,-8.784232095136915719e-01,1.178054865595913325e-01,9.711756127061671462e-02,6.782977466461048710e-01,1.288063057603878458e-01,6.333198429216081449e-01,1.211077262275321587e-01,4.118318012180900434e-01,2.173011353409395885e-01,6.198855435368492151e-01,4.219469825782634631e-01,2.411659627524844196e-01,2.921370807338631304e-01,-6.887176736636498042e-02,-9.115707396245115168e-01,-4.547571283332146330e-01,-5.761525419897232103e-01,-8.059518674873595856e-01,7.354405404312333583e-02,-2.621596064324503428e-01,-1.927874580759036394e-01,-7.660348716241557887e-02,-4.300090116887951286e-01,4.105278445463674264e-01,6.942414426841856390e-01,6.193843770450918607e-01,5.430449978287648083e-01,-9.274129421044891106e-04,4.860109104128160218e-01,7.338288316002589129e-01,-1.323811782914223814e-02,5.590046971079405402e-01,-2.004277811687813216e-01,2.477249258902053941e-01,-2.059532264747946650e-01,1.363871613857093879e-01,-1.146821887273092588e-01,-3.735609714189826180e-02,8.685146953167034722e-02,-4.847175458674271575e-01,-3.497682360453475969e-02,-7.738937248474317965e-01,-2.961783995441912357e-02,4.143875557029449985e-01,-3.370552690721617117e-01,9.610869405668795440e-02,-1.465317090442496036e-02,9.257790390276848802e-02,2.269533085560827279e-01,-2.656290579581372172e-02,-8.728183101484385809e-01,-2.787026082349742806e-01,-3.289965816569401236e-01,-7.699380827260729476e-02,2.327850846854409295e-01,2.014353321238073202e-01,2.779183452683527816e-02,7.484697228411504311e-01,-1.190726529179443327e-01,8.576988640994335222e-01,1.364098598636462045e-01,1.000000000000000000e+00,2.310171152492875579e-01,9.314829567278467559e-01,-2.658683651532540992e-02,-2.817127817723958372e-01,8.393119747199995206e-01,-1.613461985621210681e-01,-5.982964468239440059e-01,-1.309284755731336125e-01,-3.150590241110849954e-01,-3.209889908408779524e-01,-5.886224771838859393e-01,-1.351249618251846862e-01,5.382273149694140058e-01,8.465352032279122030e-01,3.692753548425581900e-01,4.506395250934417951e-01,1.300757410345370901e-01,-1.827882826385479054e-01,2.126524296842679795e-01,-2.379911047617959963e-01,9.179059336107617262e-03,-2.910361262387946013e-01,-5.780183618954098934e-01
-7.652511882212622574e-01,-4.330615115681234473e-01,-7.962425646224547959e-01,-9.590547227836018207e-01,4.585129265346025995e-02,-6.476518953360510533e-01,6.187129204860004200e-02,-6.677099388544375236e-01,-3.112172300853799922e-01,-2.491156484475286204e-01,-8.391695014659528162e-01,-9.667752999147587178e-02,2.227496038645224996e-01,-1.031806063860293415e-01,1.399082218197887084e-01,9.123161274274252941e-01,3.521608085174054437e-01,7.697409710911077285e-01,2.588806804836670805e-01,8.840276126594036610e-01,3.055768674159607956e-01,9.070479053383384560e-01,3.193702279107744624e-01,3.392950356274581636e-01,-4.559906799425266777e-01,2.627782397585048946e-01,3.758990744029400144e-01,-6.655522992399941495e-01,-7.393894382922313602e-01,-9.462006958935575973e-01,-5.143298926801338489e-01,8.116851398262599562e-03,-7.537899566569205012e-01,-2.105132605507997190e-01,-8.783870721760672629e-01,-4.278372288320459460e-01,-5.638264605509479832e-01,-8.554622344649619459e-01,-1.855655834636754098e-01,-2.744248871172990656e-01,-4.365451680303557638e-03,6.928042976984741808e-01,-1.378068326309971059e-01,7.117655236824672604e-01,5.531921116445888131e-01,7.854597227232468226e-01,3.610263425345517363e-01,7.491175903520003176e-01,-3.774184471755510917e-02,7.747534696044431346e-01,-3.793068389446184741e-01,-9.647426206534811532e-01,-2.284287643775821941e-01,9.621305667068075218e-01,4.671438796311098290e-02,2.544411669569741075e-01,-7.486789909976621082e-01,-2.904725416276559558e-01,-8.963645161363222869e-01,-5.242816091846462800e-01,-8.544883591595332506e-01,-5.447797748925954364e-01,-4.212830977774959518e-01,-8.309577443398873386e-01,-5.759361516508115786e-01,6.002203207439412713e-01,-1.229387191145972780e-01,6.071494296716629657e-01,-2.554748888924673889e-01,2.080759547343836169e-01,9.510114266116156401e-01,5.887404078605649183e-01,8.551090790263454755e-01,8.382278870004543636e-01,6.378529225472496789e-01,7.670011228271790271e-01,5.511055768576648140e-01,7.621267063894967553e-01,2.326028760254856831e-01,6.784869831976432231e-01,2.721610846596966837e-01,7.817967731413373311e-01,9.624463600094857255e-03,-1.675940800739092462e-01,-8.217287535247146391e-01,-4.349357618937773062e-01,-9.749628253726003724e-01,-4.488186557985330283e-01,-9.632401596875800331e-01,-4.137555283550745644e-01,-9.120203147142028621e-01,-5.908827411241891481e-01,-9.400575928946618420e-01,-3.286371102775529351e-01,7.443619714137412746e-01,8.105519234065118317e-01,7.741794796390877309e-01,7.432687292273120194e-01,9.347630273443512383e-01,7.242534212682480987e-01,9.563138907921384657e-01,-2.124745172302934526e-01,-5.689013538363355549e-01,-9.794226527626409551e-01,-4.589078910680279844e-01,-9.661171860214051721e-01,-7.616890668118088126e-01,-7.634216500108043091e-01,-8.487200889975178297e-01,-3.634101361807924868e-01,-7.243831826240310079e-01,-5.352455821061014724e-02,-1.911550285085321099e-01,2.310171152492875579e-01,1.000000000000000000e+00,9.027969332211446818e-02,-3.114929414806383856e-01,7.738026064368400680e-01,5.746827622343489983e-01,6.996401309405563262e-01,5.544421901878868741e-01,2.704299606386006416e-01,7.773584895239067372e-01,1.614053250682303542e-01,4.044749192468220511e-01,8.666362995993671658e-01,4.740076026418118538e-01,5.631544842678875007e-01,-1.019322848602894765e-01,6.389139153572405139e-01,-6.176986040753877916e-01,-9.451420293889146729e-01,-2.847546997043645112e-01,-6.578021870692689621e-01,1.707998249766783799e-02,-5.935306298887546017e-01,1.533720292970510157e-01
-1.112401895075863928e-01,-2.711952037226398882e-01,-5.850188584615475529e-01,3.507420002999472874e-02,4.868385559670250218e-01,2.904395467069833536e-01,2.242403008899394867e-01,5.469390123637603018e-01,-2.315833057461606226e-01,7.652654661919842116e-01,-1.701402054622580262e-01,-8.989513977158715141e-01,-8.289428592224266090e-01,-2.075015894326197041e-01,-7.714611576691058348e-01,-3.266326098369229380e-02,4.291655518697481964e-01,-3.766251307875330689e-01,1.556383915237785354e-01,-2.049374888917228632e-01,-5.828925720524794768e-02,-1.430707767369213401e-01,-1.742030138686001262e-01,-6.269028267108349706e-01,-6.380004493969201329e-01,7.358782548277367774e-02,-7.216622007991372323e-01,-6.584141597261099488e-01,3.179920215777182757e-01,-2.961367296432180773e-01,5.004006790145099082e-01,6.029868887748879303e-01,4.364107398152503592e-01,5.462526414203690006e-01,3.480399743094021447e-01,4.813215195171356986e-01,6.174355052361055751e-01,3.329441805328181569e-01,5.969613057119834698e-01,-5.689589701427706370e-01,-8.055127615412748243e-01,-5.205627646688518739e-01,-2.876406065690406133e-01,-6.132989064956126946e-01,-2.705867148622376206e-01,-5.105190203013856287e-01,-3.840448060292399046e-01,-5.656462208793654467e-01,-4.792456429085220071e-01,-4.445832496693169489e-01,-5.490989503517551551e-01,-2.003194493909025709e-01,-9.185037241130326047e-01,-3.683118040244055119e-02,1.213129338767391929e-01,7.080682471980560555e-01,2.834837386298010853e-01,7.489259556536379536e-01,2.795819350144857496e-01,5.495719998444692500e-01,3.764944273251574769e-01,7.648290247475466597e-01,5.083337534432635918e-01,4.039829355465893723e-01,3.950613690844015924e-01,-1.968005323224055192e-01,-9.543978066205199839e-01,-5.815128568485067317e-01,-5.556373663604066149e-01,-8.972350729299065630e-01,-8.721203830878251906e-02,-3.660656196235789750e-01,-3.603248387835600863e-01,-2.146475355502981686e-01,-5.850680037023529012e-01,3.278323486178356672e-01,6.380266660454715355e-01,5.482912106115330753e-01,5.235137944402170618e-01,-1.369527528805888072e-01,4.540827165484653816e-01,6.596381934058533902e-01,1.146718435560931983e-02,6.515008368889169121e-01,-6.016083682895587842e-02,3.647718627266454128e-01,-5.252178716659181706e-02,2.471001887968043154e-01,4.358731875232002562e-02,5.649123067190316844e-02,2.563378661889921251e-01,-3.988574116339496101e-01,1.317193402665980950e-01,-7.976937615208101739e-01,-1.822665700454576543e-01,2.966595154669148249e-01,-4.925948270077235569e-01,-4.001956206303313585e-02,-1.712458116650347750e-01,-4.338615184194190982e-02,8.685122459125671490e-02,3.602132513767757060e-02,-8.458241350564206229e-01,-1.326421704125172740e-01,-3.005451691001344572e-01,8.381165287772231187e-02,3.950445610119883710e-01,3.354048255125814393e-01,1.885566346882349420e-01,8.687692678983726102e-01,-2.318463016313598857e-02,9.564020987206909297e-01,2.646461279238147002e-01,9.314829567278467559e-01,9.027969332211446818e-02,1.000000000000000000e+00,6.033576880558870091e-05,-4.458737573056604786e-01,7.976977425825972912e-01,-3.090424546214087242e-01,-7.435517048536347540e-01,-2.154717659082202863e-01,-4.786978060175455796e-01,-3.974273728511434345e-01,-7.163823740670396401e-01,-3.024794650376754213e-01,5.197562581134250737e-01,8.236910417571301490e-01,4.388907655039768207e-01,3.949451745684063875e-01,2.650539038097963207e-01,-2.760089927428401729e-02,3.021540538727007230e-01,-1.207172840395657892e-01,3.611615495243946511e-02,-1.876958186610963863e-01,-6.280721941372081618e-01
3.350303805127553547e-01,9.111282228721746534e-01,3.057924703555552348e-01,3.972675723197195419e-01,-8.077524898615461302e-01,-3.996273159916211570e-01,-9.186581021987079154e-01,-1.284469702018176396e-01,-7.692373523474462793e-01,-3.848495923367032390e-01,-1.449041018223957422e-01,3.526584292002321042e-01,-5.063472704766741606e-01,-8.841293579207821773e-01,-6.144023070091588767e-01,-5.966194762876321223e-01,6.851024766570269486e-01,1.283288988521735507e-01,8.152025479040406752e-01,1.456669582070160146e-02,7.860543220117257590e-01,-8.391647375153238678e-03,7.539164698458038494e-01,4.857310706602203099e-01,7.271331839581857137e-01,8.193383394556630339e-01,3.322360202267895524e-01,5.647024431902110120e-01,-2.408476808896486132e-01,4.338535007894527840e-01,-4.200636432785658236e-01,-7.217920182252072214e-01,-1.006671216230485555e-01,-6.520430475986971341e-01,1.985484157749606293e-01,-5.254845051466902062e-01,6.260328020688796791e-01,5.736153089664178945e-02,7.685958729521596977e-01,7.773464630900350780e-01,-5.266308942835992157e-01,-5.794439823261292588e-01,-8.534040983485647880e-01,-2.273553472384071683e-01,5.227213917388975339e-01,-3.679201430886875901e-01,6.468397710103450660e-01,-1.917869806565181690e-01,8.133365575292970107e-01,3.665352427790458806e-02,8.064945230842216484e-01,2.031117928744737844e-01,3.161302522400473713e-01,-2.909935380395620719e-01,-9.285397105176614874e-01,-6.726159501108038841e-01,-2.558712836139503399e-01,-3.852544991148542652e-01,4.655880705924425045e-01,-3.647290627774867899e-01,4.498252926460417633e-01,1.104959587986061448e-01,8.176318371226918291e-01,1.042164238290889389e-01,8.090827078580054010e-01,4.860533883211788364e-01,-1.735076701810138178e-01,-6.196561167447661722e-01,-6.802410961339145912e-01,-3.424527010767576263e-01,-1.982797275185980979e-01,-8.288830549085084431e-01,-9.972725561093906399e-02,-6.732868500962760905e-01,1.276561812322597189e-01,-7.533582507594230870e-01,3.794769246098995685e-01,-5.937968051818609538e-01,7.140983772268738594e-01,4.287929311470963789e-01,7.279001421899542468e-01,-2.694511595508565227e-01,-9.361154018712657399e-01,-5.911324188848409156e-01,-2.500541199779401924e-01,-5.938524159453959506e-01,2.106034641019511877e-01,-6.342245381006780258e-01,1.780418030913581418e-01,-7.101868862783495828e-01,1.797983134152981166e-01,-4.940281425135092386e-01,1.370343483545121699e-01,5.652608577981791393e-01,3.142787679909385679e-01,2.361300496832238194e-01,-4.717698522242856352e-01,3.654690138648684639e-01,-4.563937619792184930e-01,3.897372292833199414e-01,-5.008755323529509029e-01,-8.381053637583372184e-01,1.456894801262922645e-01,2.949842207376585645e-01,9.224981449786824328e-01,2.898723398624272196e-01,-1.331741271865912180e-01,6.981155602132965710e-01,-1.236248906358143468e-01,2.802066203980408399e-01,8.598665778915863811e-01,-4.891218658718943929e-02,-7.652113184128825907e-01,-2.658683651532540992e-02,-3.114929414806383856e-01,6.033576880558870091e-05,1.000000000000000000e+00,2.655104317300576236e-02,9.585645882193837009e-02,3.032535733926006172e-01,-4.819589809907377093e-02,7.726665177704025167e-01,-4.173257183030303075e-02,7.703060155164992429e-01,3.024268496895871627e-01,-5.094163971458488122e-02,-8.165283545981691926e-01,-3.650864563164602505e-01,-7.771961973045130589e-01,-8.212586686058398477e-01,-4.487349115388193366e-01,7.373874739473244844e-02,-7.351488322355337335e-01,-4.796438849568478435e-01,-9.348341742133251531e-01,-5.377162172167803122e-01,-7.369315224555816890e-01
-5.542441077107550518e-01,3.718009364993116878e-02,-3.404400551595447855e-01,-7.983221352789301450e-01,-4.853543233584068917e-01,-9.019477695065395428e-01,-3.649582402313534812e-01,-9.698346046662584818e-01,-4.215844833682874104e-01,-7.712803183867454893e-01,-7.514594693681359017e-01,5.053401777041087728e-01,4.808377232821601788e-01,-2.812468513966139283e-01,3.438882292686810116e-01,6.871724421996214804e-01,3.306781065803580111e-01,9.764342607159318677e-01,4.320454432419012503e-01,9.537179240961022320e-01,5.818543461714790199e-01,9.345846611454631248e-01,6.456024142540304211e-01,8.191452840443920191e-01,1.506681613033817313e-01,4.809268861164952003e-01,8.547268067297907335e-01,-9.104005247398995471e-02,-9.516991758777619825e-01,-5.951743868105459079e-01,-8.961238465862499947e-01,-5.549758056365731163e-01,-9.828973235861148128e-01,-7.092593359119586660e-01,-9.542190564425928612e-01,-8.383500275002306878e-01,-6.593679099875231486e-01,-9.740089588226150674e-01,-2.406579935798689174e-01,3.067026300711115372e-01,2.541679691798877649e-01,7.446029183240704397e-01,-2.601830489734624496e-01,9.289217496987431932e-01,8.434016665204377983e-01,8.966280327381805915e-01,7.632964871862358835e-01,9.509124038353052866e-01,4.907287181281854704e-01,9.856941720198296730e-01,2.023560325646694413e-01,-7.397720096640135745e-01,3.806982501247036521e-01,8.363808159095853512e-01,-3.274522099486028570e-01,-3.624539023760037226e-01,-9.470855018831515482e-01,-8.050308475125040886e-01,-8.463765568335552825e-01,-9.139739644377035122e-01,-8.637852123579830010e-01,-8.903465365385316854e-01,-4.025841400149784421e-01,-9.689993192599016814e-01,-4.914032970747315709e-01,8.353890049244235838e-01,3.392067506758593143e-01,6.819052159381828737e-01,-1.681228559966276292e-01,5.655988258762687515e-01,8.827898127723079469e-01,4.809481930655168935e-01,9.726014171327178603e-01,6.872082792722016276e-01,9.623755785714875888e-01,3.018902674684840193e-01,3.055773083414453084e-01,2.318799400108843556e-01,1.756547769273575921e-01,8.589065982348802475e-01,2.551333796214065308e-01,2.980089139689391931e-01,-3.068752311434068680e-01,-7.044907351721704236e-01,-8.299513321151101852e-01,-8.050255448919640955e-01,-8.269340091464051357e-01,-7.683857456851277412e-01,-8.784977742422173108e-01,-6.578172896977776407e-01,-9.438291656215086478e-01,-5.106716367520612865e-01,-9.163940546551052613e-01,3.054057939688116230e-01,9.080483484312618092e-01,6.874353030886833915e-01,8.429040512656359452e-01,8.469697030926437442e-01,8.276728792800642776e-01,8.398815550668466967e-01,6.952630634137729748e-01,-4.987167490359140087e-01,-3.672740772406800358e-02,-7.604666601466903986e-01,3.155595604808576760e-02,-8.652778247234662601e-01,-9.780438969615725675e-01,-6.741827424874411445e-01,-9.473033165677430256e-01,-7.192121833896141236e-01,-3.892326809702792989e-01,-5.812570488550895531e-01,-5.795668482610989436e-01,-2.817127817723958372e-01,7.738026064368400680e-01,-4.458737573056604786e-01,2.655104317300576236e-02,1.000000000000000000e+00,1.496945664542959076e-01,9.304564734615138333e-01,9.086750789933077943e-01,6.281766199227613034e-01,9.800686319684674963e-01,6.217632432824582445e-01,8.692221670194190120e-01,9.673935656281934525e-01,-9.989958877047075414e-02,-2.901926530538250643e-02,-5.888117537990056327e-01,1.223640051128942752e-01,-8.762633015562010241e-01,-8.577235353922243455e-01,-6.761475841869436509e-01,-7.187974450021439310e-01,-3.131028070621519888e-01,-6.405628400187248772e-01,2.385770298765979014e-01
-4.547059700912257085e-01,-2.074423238306031259e-01,-8.425414153550094820e-01,-4.483096558068331294e-01,1.629701192752236183e-01,-2.925292066183894923e-01,-5.601979146797437387e-02,-3.263267079075702487e-02,-5.865628398158797552e-01,3.139430249088062119e-01,-6.904265530735327339e-01,-6.398710096709391282e-01,-6.368155679884847098e-01,-4.722498509430256841e-01,-6.712587982495084038e-01,3.645888463328830209e-01,7.367599295042510654e-01,2.267772659951522163e-01,5.113095206866651310e-01,3.920882453816141866e-01,3.697557338666360716e-01,4.464251017057372373e-01,2.815641471074807889e-01,-1.249934452411073788e-01,-5.514304858537547593e-01,4.523789799670310807e-01,-2.177824809632750436e-01,-7.424568874086094894e-01,-2.829425249455643221e-01,-6.788944478307453734e-01,-5.904030855529054933e-02,2.521215346349727215e-01,-1.627547061969547570e-01,9.460538657414917230e-02,-2.199558286597500800e-01,-5.034368929903330903e-02,3.007193618066862362e-01,-2.594116769283325019e-01,5.574259817740585543e-01,-3.723668612788402221e-01,-7.601649049329652907e-01,-1.348483786599095902e-01,-5.469258256255967732e-01,-9.123929378757662800e-02,2.857162284823313025e-01,-8.957147934672848172e-03,1.182893427937850434e-01,-2.203599707450589265e-02,-1.508097206573307258e-01,1.505903170655552570e-01,-4.150426179255137238e-01,-6.841223471602181361e-01,-7.422293947190342633e-01,4.783968144224943209e-01,-1.469431832937465598e-01,4.970323289167689618e-01,-3.188707804122672962e-01,2.758156797913292047e-01,-2.050232846868230152e-01,-1.253523378179788317e-02,-1.110308768238653238e-01,2.745359445208849780e-01,3.602358831486421886e-01,-1.735423497039184637e-01,1.785820747582247681e-01,3.582882225729174808e-01,-8.449139492771687854e-01,-2.453898627482808958e-01,-7.716468927025956770e-01,-6.484800968830917167e-01,4.610347739360321495e-01,-1.525809055680153736e-01,2.243661203964970319e-01,1.583773826234863846e-01,-1.300421745275227338e-02,5.004599971674449366e-01,9.283536120900366395e-01,7.103945833995654047e-01,7.428018772504522138e-01,4.364844005362161772e-01,7.186219016946721050e-01,8.991955807855522842e-01,-2.547582953959007246e-01,2.185162618364973608e-01,-6.217727774030825660e-01,-1.629202717484578289e-01,-5.769407300690601037e-01,-2.717986363448197107e-01,-5.063609240746262952e-01,-4.160189910291167692e-01,-3.149657938921098244e-01,-8.049771624827734007e-01,-4.379764119552219670e-01,-6.389758528796029013e-01,4.096855411085324472e-01,7.885473737269924621e-01,-3.227917305465873715e-02,5.306803664928960718e-01,3.125569495517212526e-01,5.240091069358144837e-01,5.081507216024883089e-01,-3.447539739115447754e-01,-9.448108354561719491e-01,-6.158180067529744894e-01,-2.422484900242428962e-01,-4.455695232154978647e-01,-2.073169597649843765e-01,-1.393168697264934169e-02,-4.133772735765838813e-01,5.128274591242114600e-01,-2.126820263912221620e-01,6.791274476651961711e-01,-1.295324216494825598e-01,8.393119747199995206e-01,5.746827622343489983e-01,7.976977425825972912e-01,9.585645882193837009e-02,1.496945664542959076e-01,1.000000000000000000e+00,2.754960007847449543e-01,-2.379614465130192313e-01,2.245439706059049467e-01,1.046809285161071773e-01,2.095108649796576655e-02,-2.046307193048776674e-01,2.880986685512604839e-01,4.477582506313333433e-01,8.613820467006783055e-01,4.534593252308293659e-02,4.534499909552051067e-01,-3.077404987834619354e-01,-5.804161566552754614e-01,-1.585900127237350188e-01,-6.330920908599139141e-01,-2.317890888338254851e-01,-6.610509537835624894e-01,-5.911607239726722751e-01
-4.780718788885348070e-01,2.547902651462352064e-01,-3.357782548172799642e-01,-6.836387367627602130e-01,-6.443788748434443603e-01,-9.765483356566255768e-01,-5.928910726511408269e-01,-9.393850625674639021e-01,-6.739667587549773575e-01,-7.791909517628478055e-01,-8.170406092190007907e-01,4.839009999698472009e-01,2.300388926536872103e-01,-5.549048419913296115e-01,6.757421785423020633e-02,5.190759647915715869e-01,5.826938595413770905e-01,9.655257600125537465e-01,6.831906200779290783e-01,9.329050680767132508e-01,7.949219843728028145e-01,9.153297406110101342e-01,8.337063164795475156e-01,8.709573610868326377e-01,2.661303874317317297e-01,7.208568219895863383e-01,8.504469192728475457e-01,-2.394899397572605379e-02,-9.778731026686250383e-01,-5.161278583703010625e-01,-9.472837332987800174e-01,-6.750589694700227517e-01,-9.529841862488144244e-01,-8.175719620176365998e-01,-8.535524638865686908e-01,-9.259493142175894143e-01,-4.041177162305216730e-01,-9.142669677468989731e-01,5.403965254937453944e-02,4.462037963774208582e-01,-2.725230404530815023e-03,5.165772765691065693e-01,-5.384551273464812660e-01,7.847915776114130493e-01,9.555255527667737558e-01,7.271122115399314412e-01,8.932076915693074604e-01,8.223631301765153001e-01,6.532759846878569698e-01,9.380513223836335346e-01,3.525123187518408585e-01,-7.132349066599767973e-01,3.447093673974300221e-01,7.517802766487008403e-01,-5.709199045533484007e-01,-4.533476596675871662e-01,-9.827104647152909989e-01,-8.122137920508776254e-01,-6.801667070923748115e-01,-9.421486861257974965e-01,-6.891984028099978898e-01,-7.575417934417321142e-01,-1.057109562348785420e-01,-8.877813652389194843e-01,-2.122016235630345971e-01,9.460106837664873369e-01,1.607881006542415669e-01,4.318486029306920493e-01,-4.352675451909272519e-01,3.495964609745279561e-01,8.172605852001619819e-01,2.009759285946372542e-01,8.973689896405294686e-01,4.720167610785953594e-01,9.195781250576050558e-01,1.377651368762031481e-01,4.998931505703936296e-01,1.421302620655879312e-01,4.470989704287781641e-01,9.621925431596862754e-01,5.214777569037021276e-01,3.145267440004455017e-01,-5.673403046713438869e-01,-7.819684194755409656e-01,-9.098662422193617427e-01,-9.231661186250825768e-01,-7.775426837443586425e-01,-9.145538522185731045e-01,-8.255318831527924672e-01,-8.505505224251936891e-01,-8.612982714449863852e-01,-7.048282276294638438e-01,-8.635605712630561870e-01,3.562444328736694144e-01,9.748266297333024744e-01,7.942585620360794740e-01,6.459773098448593487e-01,9.461535049333041902e-01,6.790822167338670390e-01,9.452191090377782823e-01,5.690237764013125199e-01,-7.293521520866514951e-01,-1.121900694653919089e-01,-6.982510509766279849e-01,2.481906434499982217e-01,-7.752594551858404959e-01,-9.643873208512051542e-01,-4.341574870769346339e-01,-9.576018887292101489e-01,-5.239291088090359816e-01,-1.527477341986876735e-01,-4.631660163920819917e-01,-7.557828278056881732e-01,-1.613461985621210681e-01,6.996401309405563262e-01,-3.090424546214087242e-01,3.032535733926006172e-01,9.304564734615138333e-01,2.754960007847449543e-01,1.000000000000000000e+00,8.007951311994701005e-01,8.162053043907875338e-01,9.036023178207779338e-01,7.828267865612964505e-01,8.565649100094637758e-01,9.146441476153709393e-01,-2.564132811266351397e-01,-1.773448461830413533e-02,-7.471667111772590797e-01,-5.238217460849808882e-02,-9.683052284590417669e-01,-8.428101955023067360e-01,-8.421512361601618535e-01,-8.723966081170999587e-01,-5.706273802667658490e-01,-8.189355256453170195e-01,-5.280397556730877934e-02
-3.855065523907319491e-01,7.926604966936776075e-02,-2.427842197367557561e-02,-6.320608229176826187e-01,-5.091364763840242613e-01,-7.627650923313915587e-01,-3.008364196744185426e-01,-9.438493909678205007e-01,-1.600127787142024138e-01,-8.688388457041922308e-01,-4.707565463401531258e-01,7.298090246997935848e-01,7.426306279410257449e-01,-5.681373779639474486e-02,6.245688411690322184e-01,5.647838364097337305e-01,1.435189332281899301e-02,8.737770704830279955e-01,1.967353193420863511e-01,7.910124134148838193e-01,3.996119765629843612e-01,7.519094240707492327e-01,4.982535707131540148e-01,8.374218273517215483e-01,3.309721583226681862e-01,2.669372761650818382e-01,9.141185630223374048e-01,1.726260934880928244e-01,-8.212774312398625209e-01,-3.443900869312419566e-01,-8.448262423052034231e-01,-6.150592942241579486e-01,-9.038124421140014686e-01,-7.098155980436191559e-01,-8.664395771956017178e-01,-7.898224120072968590e-01,-7.957873553404003486e-01,-8.624301777028774429e-01,-4.859986567151798886e-01,4.129414491990130442e-01,5.662657329779453574e-01,8.127796909748571386e-01,-1.047501580663974356e-02,9.633848060729557350e-01,7.027365392057089988e-01,9.053257805567656025e-01,6.814411761155050318e-01,9.557986744064896900e-01,5.089283763079800460e-01,9.143276631649758235e-01,3.260601616735405717e-01,-4.762747405256450572e-01,6.493518923005703325e-01,6.538287350410628695e-01,-2.288751108187181416e-01,-5.208521260927724272e-01,-8.024821572671950731e-01,-8.854937938625129235e-01,-7.760888635933160806e-01,-8.824969463564091843e-01,-8.298127872000645722e-01,-9.906645410928531792e-01,-5.702128059286842854e-01,-8.953564845529177196e-01,-5.877145342026746100e-01,6.671702522060990459e-01,6.676571476317634257e-01,7.947048927235124127e-01,1.585769357177994610e-01,8.231982590921155252e-01,7.035686347902285753e-01,5.688071191037067376e-01,8.776174349355568838e-01,6.458253952261800990e-01,9.497386816521780073e-01,1.368196941619948814e-01,-7.121594244506825044e-02,-1.975192417011439536e-02,-1.420916437032673785e-01,6.627892730166481394e-01,-5.478053166003082897e-02,-4.053384104700376300e-02,-1.661806235609106785e-01,-7.556682833576749969e-01,-5.701931062394516303e-01,-7.083476584091568107e-01,-6.034017875825168353e-01,-6.284979471795405503e-01,-6.801763929732955738e-01,-4.607988940526482891e-01,-8.188770817910571154e-01,-1.739935740742587222e-01,-7.432212325388216634e-01,5.255338497884858295e-01,7.273809305617973120e-01,3.646474932155479576e-01,8.645869795513360101e-01,6.176464782270570941e-01,7.161495909936621551e-01,6.117498077710264992e-01,5.116022392617501913e-01,-3.253190701002818264e-01,3.215780330367028483e-01,-5.260505046171742860e-01,8.630027377047283510e-02,-6.951409734714391053e-01,-8.813828107345120788e-01,-6.887190364430667566e-01,-7.706562918119179706e-01,-9.194525553673924545e-01,-3.375810833714531500e-01,-8.321918628636542081e-01,-4.909741153562790505e-01,-5.982964468239440059e-01,5.544421901878868741e-01,-7.435517048536347540e-01,-4.819589809907377093e-02,9.086750789933077943e-01,-2.379614465130192313e-01,8.007951311994701005e-01,1.000000000000000000e+00,5.013230937097146178e-01,9.292168875365260927e-01,5.739643272693413234e-01,9.245084290881606659e-01,8.467288781370372330e-01,-2.371076740063183252e-01,-3.451776616366647454e-01,-5.673796451688740694e-01,-1.972740125394931501e-02,-7.291054557474262454e-01,-6.272072854362458205e-01,-5.761411678315733198e-01,-4.470586214237701750e-01,-1.815681569399610062e-01,-3.566107861700244519e-01,4.935803962607338002e-01
-1.012834583780453934e-01,7.075678150516125919e-01,-2.215877081095363535e-02,-2.069089573874142163e-01,-9.037765052277626499e-01,-8.756887401039750163e-01,-9.341949101670896649e-01,-6.904368687051215536e-01,-8.791053317132613287e-01,-7.420214313485699043e-01,-6.092865106255559438e-01,5.373626873124401904e-01,-1.340106282790085868e-01,-8.741032285415973879e-01,-3.026949911288412398e-01,-1.785744050893341150e-02,7.716188445302553101e-01,7.062865440975578668e-01,9.192980887820855207e-01,6.152018281666027377e-01,9.779668657595340653e-01,5.887606169307804116e-01,9.861661337909780611e-01,8.614359666877795529e-01,6.135474316026779951e-01,9.467615603766380561e-01,7.598507025352616573e-01,3.311557595843271917e-01,-7.799229369492608477e-01,-7.133060600962663755e-02,-8.693579824328727668e-01,-8.733906147690621014e-01,-6.831029219546461695e-01,-9.232719882384117227e-01,-4.408580639084519470e-01,-9.191902804792245751e-01,9.579942770043191336e-02,-5.644920619497491021e-01,4.742093562195548451e-01,7.595542916293905877e-01,-2.929033093815479605e-01,8.355512451360563343e-04,-8.447827551591700068e-01,3.849087136882301530e-01,9.309175455700988699e-01,2.629201512138131247e-01,9.661174299177333058e-01,4.295359742005424031e-01,9.111846201010550539e-01,6.362121352157181775e-01,7.140454006765012407e-01,-3.366276962623423463e-01,4.278020999756244058e-01,3.143501097915430420e-01,-9.175591604103741084e-01,-7.042465647769983184e-01,-7.910197062114898703e-01,-7.667877115005677924e-01,-1.705789043052294007e-01,-8.345879960002807740e-01,-1.876103425914869005e-01,-4.395859299688882893e-01,4.025810532262527053e-01,-5.193812628790926977e-01,3.314937486973649206e-01,9.003421722124235194e-01,2.191870245785964427e-02,-7.424903479389287353e-02,-6.708730205345748709e-01,4.149598374555026059e-02,4.131035185019844014e-01,-3.504666058355861424e-01,5.280221271856608833e-01,-8.726816468991821507e-02,6.808975985364490446e-01,-3.623730256423209339e-01,5.333061952343517431e-01,-2.694070754191162376e-01,6.986566171313229878e-01,8.767343568185604896e-01,7.564663270156661845e-01,3.047964483486343898e-02,-9.182328772934443828e-01,-8.666256881433110904e-01,-7.341062997555957148e-01,-9.537518716223284398e-01,-3.765833132243694981e-01,-9.691112057410989911e-01,-4.282647143947198032e-01,-9.689895723085740764e-01,-4.549813001102926413e-01,-7.378594120889603314e-01,-4.791099745674596844e-01,5.801838251676817437e-01,8.186654869094459608e-01,6.447298583090019797e-01,1.485195716787776898e-01,8.266912211048589310e-01,1.726487891098979210e-01,8.406580046221522329e-01,6.970100957516450757e-02,-9.659767849005922447e-01,3.148347185829627332e-02,-2.737049416259572654e-01,7.108518734075364165e-01,-3.311592267932682576e-01,-7.092127586968156594e-01,1.247601152927009516e-01,-6.947265531615500755e-01,-1.905884652699016690e-01,4.088152225836735321e-01,-3.493524625492610558e-01,-9.502615863894934289e-01,-1.309284755731336125e-01,2.704299606386006416e-01,-2.154717659082202863e-01,7.726665177704025167e-01,6.281766199227613034e-01,2.245439706059049467e-01,8.162053043907875338e-01,5.013230937097146178e-01,1.000000000000000000e+00,5.668611511641981071e-01,9.669816861162771060e-01,7.448658405247201575e-01,5.661600561900793638e-01,-6.574137054532667168e-01,-2.432416819399868813e-01,-9.494976638837917537e-01,-5.260368442276008860e-01,-8.948080544378932411e-01,-5.007927656314762332e-01,-9.831526649466900691e-01,-8.444186341467916357e-01,-9.208834221369990303e-01,-8.423422784614524872e-01,-4.566519073826001418e-01
-5.648819282546794218e-01,-1.810135873552294258e-02,-3.307479376331796117e-01,-8.162540989684868853e-01,-4.407701640971645740e-01,-8.729477203209632385e-01,-3.016342284088978642e-01,-9.665295275841884193e-01,-3.493169313445425583e-01,-7.657589655867044209e-01,-7.179393381070617863e-01,5.111662403161246759e-01,5.480270386154033613e-01,-2.002856568307992413e-01,4.182926322551552278e-01,7.213352077409853624e-01,2.548297971080171198e-01,9.672215047696713919e-01,3.574829042110818644e-01,9.453557418573326210e-01,5.159793216984355224e-01,9.267227332038301402e-01,5.884098969260370682e-01,7.977923630978264180e-01,1.234012678482010877e-01,4.090383098604559731e-01,8.473914070768002738e-01,-1.011591678911102632e-01,-9.314706892857861353e-01,-6.029075497959945906e-01,-8.714358823293184564e-01,-5.193425547940215825e-01,-9.797041897432421376e-01,-6.754110523156939827e-01,-9.709826983513859533e-01,-8.065105627826603119e-01,-7.209237787476129311e-01,-9.732828383054531463e-01,-3.221370401266190342e-01,2.668296909446503107e-01,3.273806458445059353e-01,7.967691824890028585e-01,-1.783715529092791130e-01,9.573698186763270890e-01,8.033561626485056228e-01,9.326226682986383798e-01,7.199982451584635568e-01,9.744704598477949009e-01,4.439658076918096552e-01,9.864275885301327929e-01,1.641945711478345893e-01,-7.335824324040840505e-01,3.923567238271667978e-01,8.453834485979307978e-01,-2.602350627072992917e-01,-3.378729425453423918e-01,-9.249966291226400239e-01,-7.967426498342745633e-01,-8.783502316211482253e-01,-8.963749778165760462e-01,-8.995652779060286930e-01,-9.180909350405317415e-01,-4.777137161459361070e-01,-9.767719225060248478e-01,-5.595916363272235294e-01,7.918230599496349775e-01,3.891864891649604030e-01,7.421683836138042167e-01,-9.052976281291906513e-02,6.213997493325350563e-01,8.862987700723988782e-01,5.508181147690113244e-01,9.788496546876230830e-01,7.344844281863243118e-01,9.619216748887891022e-01,3.374154716599767623e-01,2.439251042883616716e-01,2.469389083389221529e-01,9.682154539713919150e-02,8.190520591547832963e-01,1.766709234437546516e-01,2.828107358911102764e-01,-2.329781945900648021e-01,-6.784719027861249030e-01,-7.950772334939860686e-01,-7.645005714066464009e-01,-8.260867690636122251e-01,-7.197496717464463289e-01,-8.784699858814500883e-01,-5.967656572978617957e-01,-9.516172181995543600e-01,-4.467956373288086147e-01,-9.170812424872348823e-01,2.951322606147430694e-01,8.776658597222450897e-01,6.440438016450215075e-01,8.844103324585099735e-01,8.076955029738918102e-01,8.546144272697651090e-01,7.986249356154254686e-01,7.159573035917382589e-01,-4.304022532941075840e-01,-8.695970170000408631e-03,-7.628233249072617905e-01,-2.317455244814797116e-02,-8.751616990839293786e-01,-9.693663017446475516e-01,-7.277135677740403930e-01,-9.291473802494053524e-01,-7.661558751039926340e-01,-4.439268512058629490e-01,-6.076875100122839379e-01,-5.227410350129519934e-01,-3.150590241110849954e-01,7.773584895239067372e-01,-4.786978060175455796e-01,-4.173257183030303075e-02,9.800686319684674963e-01,1.046809285161071773e-01,9.036023178207779338e-01,9.292168875365260927e-01,5.668611511641981071e-01,1.000000000000000000e+00,5.722602343763310007e-01,8.641838434595250362e-01,9.661339814533486114e-01,-6.154994514991590088e-02,-3.889557388106198998e-02,-5.423567669407496350e-01,1.624862921382632108e-01,-8.417388169363066996e-01,-8.482290982539103519e-01,-6.232891291222363295e-01,-6.650109977482037138e-01,-2.402827012184422795e-01,-5.814082220969044590e-01,3.168465424505864658e-01
-1.887781568564723608e-02,7.702978709419909809e-01,1.515906057900814341e-01,-1.268875656861236934e-01,-9.668830552512527321e-01,-8.390573130497387400e-01,-9.402051004941160972e-01,-7.094613300607269801e-01,-7.778873216930879408e-01,-8.365129409472662481e-01,-4.842806661518431199e-01,6.926756246347117729e-01,6.035462232932508470e-03,-7.957832156482658181e-01,-1.602407345012135109e-01,-8.882373813531024842e-02,6.333097251195872746e-01,6.839558180046613201e-01,8.331412888729277100e-01,5.549618244846552528e-01,9.264636933656165141e-01,5.170853178186719523e-01,9.561510607617813573e-01,9.187099748483287254e-01,7.492164757089051497e-01,8.769317073562628018e-01,8.340925885134037321e-01,4.977719794249563789e-01,-7.475478075279584633e-01,6.642615564292730923e-02,-8.861812033373055453e-01,-9.551484112319276187e-01,-6.777901187384566262e-01,-9.756830665552721493e-01,-4.158765168731982098e-01,-9.340341854541676092e-01,2.561400985770472677e-02,-5.318993940201958148e-01,3.626696701895210095e-01,8.585132012515183098e-01,-1.325507362654980148e-01,3.896016378473484559e-02,-7.473541048206402415e-01,4.245067925151091437e-01,9.003245123807513961e-01,2.819045591059551326e-01,9.714991485329920184e-01,4.558339834095966325e-01,9.699077806939605528e-01,6.300998321516986245e-01,8.227951084928774028e-01,-2.051070347552954309e-01,6.023065704732497583e-01,2.284907990162957647e-01,-9.116586229382528384e-01,-8.314288355866599201e-01,-7.509446460501018050e-01,-8.532881688401484643e-01,-1.404560291387804138e-01,-8.626624148687231930e-01,-1.784505409161209755e-01,-5.199627529592985020e-01,3.290760358630971383e-01,-5.050821689923494784e-01,2.939336427630391824e-01,8.523798920278269353e-01,2.099978618755306836e-01,-1.433566367917564650e-02,-5.201130913162813618e-01,1.898066894469844501e-01,3.337397813076181663e-01,-3.197522900747308827e-01,5.033044610493403459e-01,-1.151969304105148056e-01,7.107628068820043277e-01,-4.753448990109853112e-01,3.480129707571841258e-01,-4.266664661427538308e-01,5.561109889997642997e-01,8.125474756363681994e-01,6.211032827314609817e-01,-1.598949360350146176e-01,-8.879350502256888600e-01,-9.426046101165315161e-01,-6.265840786646341698e-01,-9.500262007734744385e-01,-2.701449280320470381e-01,-9.410400290247940003e-01,-3.390777457892362179e-01,-9.080439608027924825e-01,-4.080423071534186041e-01,-5.860498739282534730e-01,-4.059770162398508853e-01,7.345396519596153473e-01,7.582006953285145290e-01,4.977167229360676681e-01,1.689274628834901149e-01,7.409278446022619091e-01,1.189588640379531104e-01,7.559673938310285113e-01,-3.029689767918037485e-02,-9.186578261610368612e-01,2.361557803918301612e-01,-1.557264434265645259e-01,7.791501463940917471e-01,-2.522705152338329815e-01,-6.921145337039799061e-01,1.223890764474367537e-01,-6.322976466920996463e-01,-3.145761769123731066e-01,4.590837651278659171e-01,-5.106459802961884620e-01,-9.477350519940388462e-01,-3.209889908408779524e-01,1.614053250682303542e-01,-3.974273728511434345e-01,7.703060155164992429e-01,6.217632432824582445e-01,2.095108649796576655e-02,7.828267865612964505e-01,5.739643272693413234e-01,9.669816861162771060e-01,5.722602343763310007e-01,1.000000000000000000e+00,8.194192570787922625e-01,5.261891081723140129e-01,-7.714136912653997147e-01,-4.365695936407209543e-01,-9.892838194716084832e-01,-6.343923728565523668e-01,-8.597646750505801849e-01,-3.965497693301450188e-01,-9.781303639493160729e-01,-7.334736998713139444e-01,-8.943552751388618161e-01,-7.257561058227604001e-01,-3.363827960838555176e-01
-2.399982112606158513e-01,4.058591320028418492e-01,1.005932622050546843e-01,-4.502438058142462785e-01,-7.748648444865517959e-01,-8.579307009746909296e-01,-6.104287379373448674e-01,-9.341522788086151774e-01,-4.139275863509044306e-01,-9.641540931844375661e-01,-4.847933081608050143e-01,8.277395093719600583e-01,5.323250016021658926e-01,-3.610347015820267180e-01,3.842027195827957819e-01,3.130581232740912712e-01,2.447976512278720040e-01,8.673108022435191966e-01,4.672541169667697725e-01,7.462492309046816485e-01,6.522720816989143744e-01,7.015344957229251444e-01,7.373729166274302083e-01,9.698053958179498890e-01,5.839741614774635048e-01,5.377719641522147320e-01,9.881475706904812029e-01,3.788875858834128696e-01,-8.580370141636295411e-01,-1.585562953312244783e-01,-9.481053081432982976e-01,-8.463286823529349023e-01,-8.932265883352955571e-01,-9.087120702293294272e-01,-7.464439125981749967e-01,-9.308298330254664021e-01,-5.324724475313817873e-01,-7.915836171047239134e-01,-1.966657270492906950e-01,6.753202964608628900e-01,3.648820727645783468e-01,5.626837089907660294e-01,-3.039019137326509079e-01,8.320852564787949435e-01,8.472823230318067278e-01,7.258844547205079989e-01,8.747777228498762048e-01,8.374569300640860581e-01,7.751706662255264391e-01,8.765963961924194692e-01,6.045329858421830682e-01,-3.658673379820468474e-01,7.402705217158320750e-01,5.073054664833938077e-01,-5.461582339100434780e-01,-7.425012295581741029e-01,-8.452553219310724453e-01,-9.810837877459875900e-01,-5.647562600691891088e-01,-9.669828561972673153e-01,-6.233048187245704419e-01,-9.035947598693594429e-01,-2.544341480576410852e-01,-8.055317754164463828e-01,-2.705462473479998131e-01,7.963531105511439945e-01,5.866886276217916363e-01,5.354021866518305917e-01,-7.802083068136930755e-02,6.684042746977414406e-01,5.874076035770292581e-01,2.460710537669497378e-01,7.917111662529384697e-01,3.681556946461059798e-01,9.452681632245393262e-01,-1.494690580919845191e-01,5.081227703104421872e-02,-2.440863475383640013e-01,1.069799935324307061e-01,7.729676412236440308e-01,1.951075365559478136e-01,-1.515088496708494881e-01,-4.874701925344069875e-01,-9.315177945694675943e-01,-6.188707629871952332e-01,-8.807406029873368070e-01,-4.855353261201117987e-01,-8.162778107616032175e-01,-5.708072415366877150e-01,-6.815404465044658799e-01,-7.041953231906328270e-01,-3.254510275832941946e-01,-6.459884126655197623e-01,7.115421317237908827e-01,7.922927163766128045e-01,4.146062023721275303e-01,6.500520171815770132e-01,7.052880291705702076e-01,5.091493022915247746e-01,7.084469832343106566e-01,2.956621118950513161e-01,-6.010137918863620587e-01,3.748199409680774696e-01,-3.809035295593060089e-01,4.160561193491663090e-01,-5.459967251880156747e-01,-8.780155963731186564e-01,-4.023755966132270268e-01,-7.659034523621929269e-01,-7.801411552752688383e-01,-8.703694336449196295e-03,-8.184499102577889040e-01,-7.353722055382386769e-01,-5.886224771838859393e-01,4.044749192468220511e-01,-7.163823740670396401e-01,3.024268496895871627e-01,8.692221670194190120e-01,-2.046307193048776674e-01,8.565649100094637758e-01,9.245084290881606659e-01,7.448658405247201575e-01,8.641838434595250362e-01,8.194192570787922625e-01,1.000000000000000000e+00,7.725803666171286999e-01,-5.254870957320910696e-01,-4.737828745312321899e-01,-8.168519618431570040e-01,-3.203337045556339246e-01,-8.463446137098471489e-01,-5.571489834115098683e-01,-8.048621680765798425e-01,-5.819265446845616196e-01,-5.012312057213266225e-01,-5.171985340886194882e-01,2.144466088686100280e-01
-6.363624138337259373e-01,-8.697937297245240951e-02,-4.907286026240778587e-01,-8.818616775179003442e-01,-3.634198337470173623e-01,-8.787226978240504360e-01,-2.719335378420942861e-01,-9.291997899515348491e-01,-4.248069232559864017e-01,-6.597419906194990080e-01,-8.184089668594672906e-01,3.544733923879770932e-01,4.159521567711266243e-01,-2.573015145223656597e-01,2.875111955817695741e-01,7.809389170355454102e-01,3.672312730884445542e-01,9.664478714220599009e-01,4.172667928566267115e-01,9.817047879676427113e-01,5.425057176253683666e-01,9.744294725862093776e-01,5.944415396448010647e-01,7.242389239288659075e-01,-1.123001639818708118e-02,4.542106835996030378e-01,7.581273215159682888e-01,-2.593434714111766959e-01,-9.400688522450155737e-01,-7.251855675673997137e-01,-8.360839857599013936e-01,-4.271713140548152321e-01,-9.639742359278710149e-01,-6.054014895424626452e-01,-9.745709424939059673e-01,-7.675281058228973219e-01,-6.515947223119352705e-01,-9.838104621626123647e-01,-2.217797062937431340e-01,1.584802185200156199e-01,1.772499040103707457e-01,7.557725398209055312e-01,-2.519258644652151991e-01,9.054825754331591314e-01,8.078437255964369124e-01,9.013059445204790743e-01,6.921583079302950914e-01,9.341150947984209196e-01,3.714877330954948209e-01,9.733210306321705696e-01,5.149626332670067391e-02,-8.420344347860351242e-01,2.231320965786386945e-01,9.103380762714106123e-01,-2.490250821646866342e-01,-2.064650756887342620e-01,-9.406308362866111494e-01,-6.978314693305281979e-01,-8.954534913604318414e-01,-8.480775024593331102e-01,-8.959398925082718845e-01,-8.282282226511803458e-01,-4.124347241175302381e-01,-9.727489288421334868e-01,-5.260845246941805442e-01,8.148651970777278652e-01,2.117731748978508022e-01,6.815867837617322067e-01,-2.164252978875456368e-01,4.795557801948499566e-01,9.434701590250555991e-01,5.219731760801462617e-01,9.837455495705661468e-01,7.550599278279581661e-01,9.147458532613154114e-01,4.448823425542699495e-01,4.032952415401825919e-01,3.934372723482048029e-01,2.156963281996200632e-01,8.567368308653688924e-01,2.877915068421557088e-01,4.554462360351902994e-01,-2.439353188897224745e-01,-5.881492337022060646e-01,-8.747575601753665442e-01,-7.454634437453295792e-01,-9.101640579150068744e-01,-7.228026370496352104e-01,-9.456400118490182471e-01,-6.306769457397238821e-01,-9.788042817030806475e-01,-5.709160897972460624e-01,-9.682179783661462036e-01,1.398846664579569410e-01,9.116444423316909518e-01,7.630999774779672062e-01,8.559381620278337932e-01,8.655937270075751977e-01,8.934963626149626803e-01,8.548671363195119444e-01,8.005564246973083664e-01,-4.532659105710220016e-01,-1.982461708027887237e-01,-8.600131615648558547e-01,-9.861795940355662371e-02,-9.341909144712006174e-01,-9.644186957828180251e-01,-7.213813837944215157e-01,-9.667563567112475997e-01,-6.416730274870436901e-01,-4.931087136980203400e-01,-4.476459905616606560e-01,-5.033929339720097929e-01,-1.351249618251846862e-01,8.666362995993671658e-01,-3.024794650376754213e-01,-5.094163971458488122e-02,9.673935656281934525e-01,2.880986685512604839e-01,9.146441476153709393e-01,8.467288781370372330e-01,5.661600561900793638e-01,9.661339814533486114e-01,5.261891081723140129e-01,7.725803666171286999e-01,1.000000000000000000e+00,5.340235270211223656e-02,1.404199036974925208e-01,-4.857811287347019169e-01,2.694938830205402258e-01,-8.512047129579700666e-01,-9.272418835150433303e-01,-6.052094147270289382e-01,-7.468206432220669821e-01,-2.467736450732413156e-01,-6.696081345545326080e-01,2.101476201548540812e-01
-4.670870640196023715e-01,-9.344138764923165530e-01,-6.961389319917997698e-01,-4.798216784057016127e-01,8.873081576568614404e-01,3.319844908511380144e-01,8.391825562344192857e-01,2.503821687237883231e-01,4.133864148471986244e-01,6.411073565186315992e-01,-1.411000900465396168e-01,-7.535972237085133418e-01,1.120577558246387169e-02,5.588948138123728260e-01,1.066910109009292229e-01,6.279845145509215243e-01,-2.421362641902135848e-01,-1.421034764309103138e-01,-5.012280766064358684e-01,5.748590957165537058e-02,-5.794011456638966662e-01,1.116581027917768337e-01,-6.115322088663230904e-01,-6.334697054208520139e-01,-9.840198277828406948e-01,-5.465134512112523879e-01,-5.567029784451246188e-01,-9.101973272890863109e-01,2.050423760481295266e-01,-6.758487342831716038e-01,4.831300753692861494e-01,8.741543857703635290e-01,1.551332123855300726e-01,7.466064460720542861e-01,-1.471118203596598895e-01,5.719982496686666362e-01,-2.776104218830326986e-01,-3.946990284588530740e-02,-3.240458708538975219e-01,-9.513568265607887930e-01,-9.971570967921937825e-03,3.174020185259940896e-01,4.866794672149556411e-01,-2.149289327837957601e-04,-4.366693875784757317e-01,1.762672299030981493e-01,-6.293331158806760861e-01,4.103285629815640531e-03,-8.863688644870226785e-01,-1.055408273127520918e-01,-9.843117950557851437e-01,-4.504628184650937284e-01,-7.648690305930356814e-01,3.961753958502033379e-01,7.915886536431839815e-01,9.383463189110127223e-01,1.976700394794139726e-01,6.284499985427387525e-01,-3.928894203255987039e-01,4.637578769507699761e-01,-3.225163462040054885e-01,2.021161390444109196e-01,-4.539187403343227234e-01,-3.563094973284212930e-02,-5.357626409410164436e-01,-3.598402577566298666e-01,-3.831359739129084341e-01,2.988771758503998566e-01,1.902296139402772923e-01,-1.566244792557888177e-01,2.956141379202294472e-01,5.691837650109233815e-01,5.919943013764075723e-02,5.754989456214436583e-01,-2.752156011180022510e-01,9.050726957263504069e-01,1.436750043953006761e-01,8.941931390452566575e-01,-2.377452429599382633e-01,-2.696247623395893189e-01,-2.770960491378128832e-01,7.043125641820241478e-01,7.344262630523981095e-01,7.622746599891320196e-01,1.106019424437178515e-03,5.631612994091740321e-01,-3.829015282705230949e-01,5.307730430346776496e-01,-3.056665009266158473e-01,4.980707063000406887e-01,-1.873380702309645207e-01,6.117026046849086823e-02,-2.236451527272376172e-01,-9.153641808271987257e-01,-1.915738632780148443e-01,1.308647984478916171e-01,2.647183595521011013e-01,-1.575414141780433763e-01,4.497875443918871174e-01,-1.818014834544394165e-01,6.223687249916586284e-01,6.270374399417451006e-01,-6.625301678832327124e-01,-4.905615471775411907e-01,-9.615430332763520438e-01,-3.720436928929679032e-01,1.576876336007508317e-01,-5.189123132247056569e-01,2.608694697748172725e-02,1.595864815287791061e-01,-8.205663423733327022e-01,5.270518589595325487e-01,7.030423100725353702e-01,5.382273149694140058e-01,4.740076026418118538e-01,5.197562581134250737e-01,-8.165283545981691926e-01,-9.989958877047075414e-02,4.477582506313333433e-01,-2.564132811266351397e-01,-2.371076740063183252e-01,-6.574137054532667168e-01,-6.154994514991590088e-02,-7.714136912653997147e-01,-5.254870957320910696e-01,5.340235270211223656e-02,1.000000000000000000e+00,8.193035530847018189e-01,8.083381576433352755e-01,9.660410843936013681e-01,3.630107303394582985e-01,-2.582912238163961871e-01,6.694067328137598416e-01,1.806054576734028305e-01,7.474374799412114578e-01,2.040412684428125900e-01,2.796291034179198554e-01
-4.972984915170924336e-01,-6.275714485896584094e-01,-8.827875184583824364e-01,-4.809769233066758520e-01,6.059989737347486471e-01,5.005363781567857828e-02,4.277638785123054621e-01,1.813193901185934931e-01,-1.353653934609359843e-01,5.968598866478982412e-01,-4.641828825947884041e-01,-8.447370273799092999e-01,-4.427464726806738526e-01,4.670221686872319880e-03,-4.089684488204852197e-01,5.129659838733743316e-01,3.287320584532404943e-01,-1.080336866552881418e-03,3.866941649671971210e-02,2.132194162979944296e-01,-1.054119988776057865e-01,2.780092052303592687e-01,-1.843691464355321497e-01,-4.753184593103635946e-01,-8.866252540134337279e-01,-2.673541426196176379e-02,-4.974908294859193281e-01,-9.519535004867970551e-01,-4.863451709342471452e-03,-7.497497713118479457e-01,2.819754288489490501e-01,6.630344312270585183e-01,4.993490591301875947e-02,5.058176406861278895e-01,-1.471103281136271757e-01,3.289351857582553662e-01,1.001520710861533159e-01,-1.146127101183911645e-01,2.129636387780401707e-01,-7.626972656200072809e-01,-5.207915541203591570e-01,2.198976039238452820e-02,-8.220350277331642252e-02,-1.305906099779969298e-01,-1.059601057766250548e-01,1.739653675730612817e-02,-3.095852727302815244e-01,-8.497655873476506194e-02,-5.984154954575147123e-01,-3.222025726984326793e-02,-7.995673027287392154e-01,-6.245968881549920360e-01,-9.124904075392260561e-01,4.549766349049918501e-01,3.421135415775717337e-01,8.414864609406027540e-01,-3.234388180725427525e-02,5.693602200870665486e-01,-2.739762602723120333e-01,3.035710123374710800e-01,-1.747451279708272520e-01,3.524813946218059990e-01,2.864426893157549781e-02,-5.836531352852106919e-02,-1.255429429534013486e-01,-1.761358710790489682e-02,-7.767824656580237797e-01,-5.593059119237595717e-02,-3.910530243695977126e-01,-5.474165889693419773e-01,3.872257466428000172e-01,1.607573697127140933e-01,1.030653328594853535e-01,3.511128009047694842e-01,-2.257407921133899042e-01,7.755488991822162559e-01,6.569670548645556440e-01,9.121413492746619500e-01,3.470128594393535604e-01,7.813932772112271163e-02,3.043795115160838338e-01,9.314144184433315043e-01,2.406880787100762198e-01,5.944047923290725066e-01,-3.416140877406997900e-01,2.494162135881970999e-01,-5.127516540241318088e-01,1.582768021146153392e-01,-4.229844101545242596e-01,3.898658854093792897e-02,-2.311579595708764812e-01,-4.539660404208021305e-01,-3.323592247816793965e-01,-9.180471031320148745e-01,9.759632012176826243e-02,5.305490581744535250e-01,5.294823392228682063e-02,1.992156115690141560e-01,3.754141332701430578e-01,1.825563151234140813e-01,6.027492693385562150e-01,1.404979079066689673e-01,-9.588779391736910185e-01,-5.994196557226185718e-01,-6.621870035643936392e-01,-4.188131732075791591e-01,2.203062619669369365e-02,-2.286579438232441142e-01,-1.838877786107283030e-01,4.723865907073410142e-01,-5.374077935993492039e-01,7.632864412974773582e-01,3.288871621225629704e-01,8.465352032279122030e-01,5.631544842678875007e-01,8.236910417571301490e-01,-3.650864563164602505e-01,-2.901926530538250643e-02,8.613820467006783055e-01,-1.773448461830413533e-02,-3.451776616366647454e-01,-2.432416819399868813e-01,-3.889557388106198998e-02,-4.365695936407209543e-01,-4.737828745312321899e-01,1.404199036974925208e-01,8.193035530847018189e-01,1.000000000000000000e+00,4.941606310156841375e-01,7.891487873053093516e-01,5.485860676429221705e-02,-4.477694352716289905e-01,2.971973219363326368e-01,-2.634921949251082807e-01,2.629873729374714308e-01,-2.753544243516696244e-01,-2.570986816806279940e-01
-2.599878035765669851e-02,-7.936876105792404212e-01,-2.248737410358712940e-01,7.059706191540715547e-02,9.766276096215132929e-01,8.048601715769270193e-01,9.413586534240679926e-01,6.859134901217730507e-01,7.408080414882165510e-01,8.440631178090278741e-01,4.235065624799359552e-01,-7.265867305765744133e-01,-2.853521267135034414e-02,7.709862872145342161e-01,1.335363484320828409e-01,1.376063638718493243e-01,-5.874497351865674011e-01,-6.479647198050515478e-01,-8.011167065397515330e-01,-5.066041957515264871e-01,-8.989218475513254258e-01,-4.651007445159244247e-01,-9.342610708615544102e-01,-9.161456813947658206e-01,-7.924466426515355266e-01,-8.476576159853418391e-01,-8.323120363209081107e-01,-5.563373337527895979e-01,7.100886838517562749e-01,-1.313068400910946398e-01,8.674011799578550397e-01,9.688542336268997079e-01,6.447143594285394963e-01,9.733142471599462997e-01,3.758181624690977163e-01,9.191469666401969052e-01,-3.084621643503924343e-02,4.916793524045000585e-01,-3.427492127137759526e-01,-8.870590893784395803e-01,9.658019913493817721e-02,-2.168320640982852876e-02,7.179532991114588869e-01,-4.051554216409992693e-01,-8.687452974008593731e-01,-2.559136984508104118e-01,-9.553420181849253678e-01,-4.318642292075868805e-01,-9.801828677352554253e-01,-5.975461418129899283e-01,-8.569424159368039806e-01,1.398953593534629503e-01,-6.471665946846180129e-01,-1.730145828616030668e-01,9.083388699930766697e-01,8.655716204315917484e-01,7.116053153745245385e-01,8.581723623883307228e-01,1.001198608985717081e-01,8.451490262437670875e-01,1.442333662277414663e-01,5.150381325329186355e-01,-3.270189073151644199e-01,4.691335097067532711e-01,-3.057948842530200939e-01,-8.162296537427435883e-01,-2.538688905597568657e-01,2.334455584222521959e-02,4.759426204651558967e-01,-2.136056925320393984e-01,-2.795741020720576286e-01,3.329041332802716857e-01,-4.640550481366451652e-01,1.515165639853503221e-01,-6.904833394231872923e-01,5.259397678228249218e-01,-2.859347259288813059e-01,4.871025409161102160e-01,-5.141310121842714853e-01,-7.702947040326362238e-01,-5.784254005878155525e-01,2.294121249286476538e-01,8.775123670724391811e-01,9.493131667529745021e-01,5.702113831880942785e-01,9.289410802867456018e-01,2.098243458985908916e-01,9.140967233766315037e-01,2.823410213141168135e-01,8.755119573980241210e-01,3.624508356172992940e-01,5.284944754236581277e-01,3.538113322906981661e-01,-7.768620655796556473e-01,-7.144993047593450886e-01,-4.336244275056433950e-01,-1.441151291471394480e-01,-6.912536445911283689e-01,-7.223508765964631317e-02,-7.077044595125453474e-01,8.713893523059995649e-02,8.967685268448304381e-01,-3.009214955959028104e-01,9.332568424088180659e-02,-8.074417895277878898e-01,1.985740137370784753e-01,6.571186946818800001e-01,-1.496402905233804592e-01,5.846116395099633101e-01,3.267841970772829008e-01,-4.948553127374507588e-01,5.416830737631445070e-01,9.369411255423886198e-01,3.692753548425581900e-01,-1.019322848602894765e-01,4.388907655039768207e-01,-7.771961973045130589e-01,-5.888117537990056327e-01,4.534593252308293659e-02,-7.471667111772590797e-01,-5.673796451688740694e-01,-9.494976638837917537e-01,-5.423567669407496350e-01,-9.892838194716084832e-01,-8.168519618431570040e-01,-4.857811287347019169e-01,8.083381576433352755e-01,4.941606310156841375e-01,1.000000000000000000e+00,6.795115541802453363e-01,8.243174405928047621e-01,3.355164832643496298e-01,9.605213897374044185e-01,6.811009135637348111e-01,8.846801367436096797e-01,6.752354039184778056e-01,3.138562653934995339e-01
-5.851960869759569306e-01,-9.244636100366172560e-01,-7.555515441846295532e-01,-6.546811881671313893e-01,7.774262640515737788e-01,1.358573304263557546e-01,7.652591207067731549e-01,2.847899330556380101e-02,3.397490866444864976e-01,4.571313764036442073e-01,-2.940312866242700274e-01,-6.220461554960202699e-01,1.453293076207847478e-01,5.155687162726348971e-01,2.110279609997646466e-01,7.816885556624219022e-01,-1.929032156550153643e-01,7.606587841466079525e-02,-4.228687577622112781e-01,2.665891925521650108e-01,-4.623910994182127143e-01,3.161266977139404188e-01,-4.788978141313294246e-01,-4.457711190585210148e-01,-9.389614746293437619e-01,-4.551891479723755851e-01,-3.551418700112898286e-01,-9.137233996953026960e-01,-4.506405984906029782e-03,-7.978257891497320120e-01,2.812415044815865794e-01,7.439562542941079437e-01,-6.702097232486124712e-02,5.855271002478770193e-01,-3.634659647736307453e-01,3.843911937660806633e-01,-4.444586382581354744e-01,-2.570541812858253561e-01,-4.034109075141373846e-01,-8.775271480982577144e-01,7.648286039780596846e-02,4.985767782090771427e-01,4.502461801138748498e-01,2.193942693102969577e-01,-2.542608926163317795e-01,3.873358726991797951e-01,-4.620578317437523119e-01,2.264865598339088348e-01,-7.756581119500625121e-01,1.178155917089605126e-01,-9.330195380318694331e-01,-6.039547433047317559e-01,-6.585569812745124540e-01,5.787269648425863444e-01,7.287399732195204427e-01,8.464293999944316749e-01,-9.897352362205142501e-03,4.377410539455167671e-01,-5.870255903724710400e-01,2.558985912256938056e-01,-5.232155362412841404e-01,-1.279826646848213588e-02,-5.645937382532398852e-01,-2.555116772052816176e-01,-6.617484296997017124e-01,-1.816908300102305640e-01,-2.784544709427186349e-01,4.692940371846356373e-01,1.796560072358713567e-01,-4.050138725413265917e-03,4.881640328039474896e-01,6.924424438250724734e-01,2.786297953132964578e-01,7.359644036740728978e-01,-5.351436312792227923e-02,9.673879795473389054e-01,1.840383476912952343e-01,9.326166013317421788e-01,-2.254470237802249366e-01,-8.762429087437238751e-02,-2.450978971391958028e-01,7.488957515870497961e-01,6.788823202866616224e-01,5.985705825644941358e-01,-1.704566749811332049e-01,3.875988708150303053e-01,-5.594221073314096238e-01,3.664067429495033168e-01,-4.957627419451628992e-01,3.641398229253899888e-01,-3.981155073046112602e-01,-2.933698565669981204e-02,-4.244152585732406391e-01,-8.308635497595486807e-01,4.268419973454191246e-03,2.647515258297433172e-01,4.647264841054629114e-01,1.994964676076505655e-02,6.361407676508398223e-01,-6.314213000153969663e-03,7.730547741752394897e-01,5.292206398803002143e-01,-6.453089374891143315e-01,-6.511994040328366040e-01,-9.549463221766485432e-01,-5.620163895539390664e-01,-6.161960171162832872e-02,-6.805318039562382459e-01,-1.798542908272597052e-01,-2.411530717756626280e-02,-9.121878817055359967e-01,3.733656642981461049e-01,5.794462626127795390e-01,4.506395250934417951e-01,6.389139153572405139e-01,3.949451745684063875e-01,-8.212586686058398477e-01,1.223640051128942752e-01,4.534499909552051067e-01,-5.238217460849808882e-02,-1.972740125394931501e-02,-5.260368442276008860e-01,1.624862921382632108e-01,-6.343923728565523668e-01,-3.203337045556339246e-01,2.694938830205402258e-01,9.660410843936013681e-01,7.891487873053093516e-01,6.795115541802453363e-01,1.000000000000000000e+00,1.711817326481256119e-01,-4.434389452854926028e-01,5.235402411201750539e-01,3.622674864120845745e-02,6.889169991617415389e-01,7.932700820486533744e-02,3.575890709045799198e-01
4.075618285714995848e-01,-3.837941622377760709e-01,2.864775192577821428e-01,5.853606103613577805e-01,7.325705882358540810e-01,9.845254740779642022e-01,7.060204354258956538e-01,8.926208490022304876e-01,7.680188025066965185e-01,7.806009515694941614e-01,8.027785826300486427e-01,-4.922731771518043531e-01,-1.140213360878616633e-01,6.757158305545836186e-01,5.580835374120527576e-02,-3.928829767093595104e-01,-6.742570108999830225e-01,-9.248211924762911318e-01,-7.831190118888485818e-01,-8.812019974313898274e-01,-8.802000564339117483e-01,-8.659751553299306348e-01,-9.131587977871848949e-01,-8.889620194031804257e-01,-3.544138135140375012e-01,-8.194537516178639347e-01,-8.419926652522273791e-01,-5.217893485056638442e-02,9.588069132856984478e-01,4.269170843523973913e-01,9.535698687452065503e-01,7.428009945169313788e-01,9.114990776612935663e-01,8.695312992761442539e-01,7.691404981720789680e-01,9.481882134654152638e-01,2.636306083082219365e-01,8.486095063678460448e-01,-1.908737496915196563e-01,-5.341084531307506156e-01,1.068505089266691271e-01,-3.795029627402171646e-01,6.560579505520470756e-01,-6.910373117103940643e-01,-9.850567016280008525e-01,-6.164775867097584960e-01,-9.429427904532381444e-01,-7.343546065920930621e-01,-7.397625795231135282e-01,-8.843999149588704922e-01,-4.513565701886919634e-01,6.486787009668272264e-01,-3.537654489947358316e-01,-6.656097860115152143e-01,6.905238538059463860e-01,5.210745512558028203e-01,9.662679939121479045e-01,8.135650052340958061e-01,5.619672662970593979e-01,9.398814856018986585e-01,5.709033535544659754e-01,6.808407815905874738e-01,-4.627592133520189166e-02,8.136539227342837188e-01,5.923796747000552310e-02,-9.696086107293567791e-01,-1.004134137639817459e-01,-2.937258867765268899e-01,5.378790517218303702e-01,-2.515764799257705908e-01,-7.416900724967194769e-01,-4.647745376132116080e-02,-8.256910067296433509e-01,-3.323496808341696584e-01,-8.776649518816658224e-01,-1.604936877496291811e-02,-5.527987031260330753e-01,-5.235808424801484395e-02,-5.547029500881143216e-01,-9.796002985724295842e-01,-6.253340239741674855e-01,-2.716883322974013026e-01,6.903812383935191699e-01,8.216193133185325514e-01,9.071862435937945168e-01,9.645612899130349138e-01,7.050716995996353376e-01,9.638149528509464270e-01,7.525958813589870289e-01,9.203436502656717755e-01,7.801446026767440145e-01,7.586633570021431572e-01,7.929386929177990595e-01,-4.087760150049984387e-01,-9.699802789043326934e-01,-8.000418875462365076e-01,-5.223685293152092735e-01,-9.557390757628347888e-01,-5.652273166217697264e-01,-9.588306294672825913e-01,-4.601442007668833378e-01,8.275552691924120685e-01,1.042588921860744255e-01,6.175342544347205420e-01,-3.780368723260369990e-01,6.856904073597474003e-01,9.258539762200286294e-01,2.889979107743337328e-01,9.233206651827614575e-01,4.282381727384385051e-01,5.306552222669175603e-03,4.220129297320967532e-01,8.353913439894739001e-01,1.300757410345370901e-01,-6.176986040753877916e-01,2.650539038097963207e-01,-4.487349115388193366e-01,-8.762633015562010241e-01,-3.077404987834619354e-01,-9.683052284590417669e-01,-7.291054557474262454e-01,-8.948080544378932411e-01,-8.417388169363066996e-01,-8.597646750505801849e-01,-8.463446137098471489e-01,-8.512047129579700666e-01,3.630107303394582985e-01,5.485860676429221705e-02,8.243174405928047621e-01,1.711817326481256119e-01,1.000000000000000000e+00,7.872484101325080141e-01,9.079629658769230449e-01,9.049004458098922621e-01,6.908504561323671744e-01,8.681119606060512250e-01,1.865360485079536612e-01
7.056014159131951402e-01,2.072770547948420694e-01,7.262993496227518886e-01,9.203074024292827726e-01,1.926512371295337755e-01,8.106426983045686985e-01,1.860374186263993035e-01,7.795558739375918478e-01,5.112348683521231729e-01,4.156586130806420587e-01,9.151210519734493953e-01,-4.897628376266789652e-02,-1.581030156257338393e-01,3.219302890035065645e-01,-4.429100619270633782e-02,-8.193830060950523242e-01,-5.192452778286162918e-01,-8.773275780593514650e-01,-4.730799744058230005e-01,-9.574417757822029085e-01,-5.303268523215119989e-01,-9.746969045669596765e-01,-5.443478104612182733e-01,-5.264239756802581160e-01,2.538537679134683089e-01,-4.839744103712457779e-01,-5.332801526150048321e-01,5.166163105455867655e-01,8.676694586422040167e-01,8.726117710871126310e-01,6.878997339227589380e-01,2.173334339683506145e-01,8.563829293013326405e-01,4.287554417944289264e-01,9.052100367725066654e-01,6.230104096887771892e-01,4.803859805121653004e-01,9.164812144280504169e-01,4.117181202306453153e-02,5.061108607002793441e-02,8.320088763481708893e-02,-6.221984846024406490e-01,3.453928895580204439e-01,-7.386184825890943495e-01,-7.405316297737616349e-01,-7.736068702940998021e-01,-5.755787186719313331e-01,-7.841515170531013768e-01,-2.010627202552036641e-01,-8.619120422842849738e-01,1.583418486371519218e-01,9.575162160665044997e-01,9.953676146822863779e-02,-9.484918546556623253e-01,1.969907173787610599e-01,-4.947461027853900656e-02,8.793980510828193209e-01,4.578262209005045102e-01,8.497193046840815223e-01,6.876338516837015025e-01,8.171042411833991936e-01,6.015660440833076050e-01,2.715592992575937559e-01,8.796945735663342925e-01,4.298427894732538834e-01,-7.727891124300140246e-01,1.093081626909594428e-01,-5.236747566817870903e-01,4.075541288863552269e-01,-1.932746237159522484e-01,-9.640526485786578004e-01,-4.377072065211370377e-01,-9.062478314527913081e-01,-7.299019928903253129e-01,-7.495392489751252496e-01,-5.976379892304986008e-01,-6.386244701159692339e-01,-6.190957925857768496e-01,-3.942956476600358862e-01,-8.395413474109119090e-01,-4.450284499768322188e-01,-7.155038371824085086e-01,2.306341913661158760e-01,3.733893692393751018e-01,9.331526372647649392e-01,6.398521411916150425e-01,9.773161965691643527e-01,6.566313466263898890e-01,9.794054096805020482e-01,6.252301095157689614e-01,9.394152857661173250e-01,7.266254613289006015e-01,9.711931875651713675e-01,1.461409499777714949e-01,-8.836256958625841040e-01,-8.989371731073499960e-01,-7.341229052076957418e-01,-8.848268357296903419e-01,-8.860714383723744536e-01,-8.718149914140448375e-01,-8.803406105888695876e-01,4.437954567288247554e-01,5.078569017422513987e-01,9.542818832743915625e-01,2.290964205997243763e-01,9.559498612047355737e-01,8.688566322058018931e-01,6.532041408765462132e-01,9.438593065992607611e-01,3.731552616324658733e-01,5.436971421073579780e-01,1.294743086873368365e-01,4.124951624250502991e-01,-1.827882826385479054e-01,-9.451420293889146729e-01,-2.760089927428401729e-02,7.373874739473244844e-02,-8.577235353922243455e-01,-5.804161566552754614e-01,-8.428101955023067360e-01,-6.272072854362458205e-01,-5.007927656314762332e-01,-8.482290982539103519e-01,-3.965497693301450188e-01,-5.571489834115098683e-01,-9.272418835150433303e-01,-2.582912238163961871e-01,-4.477694352716289905e-01,3.355164832643496298e-01,-4.434389452854926028e-01,7.872484101325080141e-01,1.000000000000000000e+00,5.108739303147634692e-01,8.110703428785047686e-01,2.245168777058986209e-01,7.546811115519544977e-01,-1.672400426855998046e-02
1.182401956445996299e-01,-6.954478009672354633e-01,-6.889570880678996118e-03,2.374069142235036844e-01,9.175910303352470265e-01,8.919211739426582408e-01,9.151531550769602674e-01,7.429450060970933523e-01,8.377047126406990118e-01,8.017677433192613723e-01,5.971206135477257204e-01,-6.032461857831664664e-01,4.061548413952971448e-02,8.265933012784250078e-01,2.106036153148500567e-01,-1.615389983695989309e-02,-7.127010278001035815e-01,-7.440758195716863366e-01,-8.788740595233188735e-01,-6.436257020960854947e-01,-9.611791454100098164e-01,-6.124899031426042084e-01,-9.786750579698614283e-01,-9.038413895445015500e-01,-6.388316219877053781e-01,-9.140793485397844531e-01,-8.166323044558777555e-01,-3.615725562968083451e-01,8.082617293562917027e-01,7.183188825021932788e-02,9.048252801648882793e-01,9.016776210368742106e-01,7.284210331604777933e-01,9.519383153931977315e-01,4.898341370146607199e-01,9.452682730186203752e-01,-1.277674894345202754e-02,6.051695784616728524e-01,-3.924238155021770313e-01,-7.783331320762230110e-01,2.030524718506118986e-01,-7.542410434168221600e-02,7.902995306686292354e-01,-4.557498105210162631e-01,-9.427434587192842219e-01,-3.305099409984704750e-01,-9.814104681027329136e-01,-4.954710362085595898e-01,-9.241745191687166239e-01,-6.834262122159593389e-01,-7.298358563060775017e-01,3.370482023210750189e-01,-4.951727946203179909e-01,-3.396511905133803300e-01,8.951825830792781158e-01,7.400398662421626694e-01,8.155954961150575500e-01,8.227891715570564424e-01,2.225519225106447341e-01,8.772248836431307817e-01,2.469833385524971281e-01,5.179494321794028133e-01,-3.237145436399100351e-01,5.686922708944779359e-01,-2.609342395833981199e-01,-9.076413112470336220e-01,-1.113856014456457433e-01,-6.305341440004426888e-03,5.996487873784629441e-01,-1.361069299452674630e-01,-4.390633487063989038e-01,2.819582895847665971e-01,-5.738864094212590139e-01,3.421627515587942481e-02,-7.358953811830326597e-01,3.559095284937001114e-01,-4.692458419341471454e-01,2.882251299432149194e-01,-6.294901208004377580e-01,-8.815995333037703885e-01,-6.933213567062359584e-01,9.411118989913029587e-03,8.858410397135529912e-01,9.052782634779205084e-01,7.294161683832769416e-01,9.703596805624078447e-01,3.910414052368859639e-01,9.745752213388428897e-01,4.503267616739553558e-01,9.534383371174648403e-01,4.945516467250299364e-01,6.912666684939977602e-01,5.062956120558682604e-01,-6.270617102869057158e-01,-8.312633160060816095e-01,-6.199418223931595362e-01,-2.181206901577438517e-01,-8.262960940594747949e-01,-2.154716243707881507e-01,-8.393666393108986101e-01,-9.131593309325426733e-02,9.422443748717049816e-01,-9.502424840947447382e-02,2.841498651343229431e-01,-6.992098320260390354e-01,3.604553844631618320e-01,7.483866538130615753e-01,-6.085340802686355771e-02,7.170486310813793951e-01,2.821840196255051558e-01,-3.719485309274009333e-01,4.337695590084267860e-01,9.466288506986952900e-01,2.126524296842679795e-01,-2.847546997043645112e-01,3.021540538727007230e-01,-7.351488322355337335e-01,-6.761475841869436509e-01,-1.585900127237350188e-01,-8.421512361601618535e-01,-5.761411678315733198e-01,-9.831526649466900691e-01,-6.232891291222363295e-01,-9.781303639493160729e-01,-8.048621680765798425e-01,-6.052094147270289382e-01,6.694067328137598416e-01,2.971973219363326368e-01,9.605213897374044185e-01,5.235402411201750539e-01,9.079629658769230449e-01,5.108739303147634692e-01,1.000000000000000000e+00,8.216212069150518049e-01,8.891472762666854379e-01,8.117649945639627829e-01,3.716276465786264582e-01
4.411893063512558610e-01,-3.033135894783438591e-01,5.157635039938708310e-01,5.731738853791769062e-01,5.697177408853004721e-01,8.979197685425409636e-01,6.517855707497968165e-01,6.959655725814977156e-01,8.900324226231683955e-01,4.977492884828891295e-01,8.928073541635378474e-01,-1.506792125568608698e-01,2.241903857784367793e-01,7.906919443207236498e-01,3.777235818379777177e-01,-3.747007022315450575e-01,-8.738628966154302624e-01,-7.969941930747770353e-01,-8.819857474172672074e-01,-8.192431553414109002e-01,-8.921959385372604245e-01,-8.225530774086992070e-01,-8.728618268803903790e-01,-6.672093377780362600e-01,-1.232690682657013731e-01,-8.817394279395714962e-01,-5.787849352989147267e-01,1.963831240451975324e-01,8.560156674905690100e-01,5.434072294595986286e-01,7.827490530699026117e-01,5.323959930855112210e-01,7.557473083833400329e-01,6.815236902321245571e-01,6.407439694074598124e-01,7.878946285035852704e-01,1.026532430530938990e-02,7.321089477611792962e-01,-4.487961567962366338e-01,-3.351451024392008149e-01,4.414563544127026451e-01,-1.681533833114862431e-01,8.016939030086474016e-01,-4.556536148959018928e-01,-9.066941957459088153e-01,-4.175861033192454497e-01,-8.221234332858963212e-01,-5.195791493984256437e-01,-5.810013406520773138e-01,-7.253364303090920062e-01,-2.588649599017218694e-01,7.362693278281157161e-01,-3.226141404085123513e-03,-6.567293742836610715e-01,6.744538533561491578e-01,2.643015073684340521e-01,8.778090952501692579e-01,5.402426434963070179e-01,4.519225578835517343e-01,7.465847302355129722e-01,4.224792963520757616e-01,3.873955744760709252e-01,-2.666826205506866998e-01,6.661319202184777799e-01,-1.146732606918002967e-01,-9.213188845171641495e-01,2.818804461439572417e-01,-5.442807832737722035e-02,7.844122590303487241e-01,1.072625236530453247e-01,-7.166975610073109682e-01,1.159248959403218066e-01,-6.962938358706990405e-01,-2.393764418427065666e-01,-6.650782730504418705e-01,-1.306675327468145853e-01,-8.248966453682339273e-01,-2.587124595075918632e-01,-7.879644411984790819e-01,-9.529117247666207824e-01,-8.330903910281571845e-01,-5.330616195360077247e-01,7.190490497706287787e-01,5.905106046748147541e-01,9.523361982663700598e-01,8.494386238045286142e-01,7.347444517577039758e-01,8.988863453975212137e-01,7.463805987131766351e-01,9.324418058522061514e-01,6.899730630756437666e-01,9.427845693988092801e-01,7.536107286571304131e-01,-1.126690567830095635e-01,-9.242981416065938483e-01,-9.376492858836646960e-01,-3.271473827633681331e-01,-9.670242187184336924e-01,-4.984991931555965983e-01,-9.685419692555840010e-01,-4.930963047658811216e-01,8.476012004896520402e-01,4.396377814829205422e-01,6.759659071403139041e-01,-2.859346439108220728e-01,6.597731412399827633e-01,7.901303179958549805e-01,1.464003168519341369e-01,8.691407318413174599e-01,8.548262195707340139e-02,-4.258833992443939592e-03,5.013264822701325035e-02,7.606109589064933285e-01,-2.379911047617959963e-01,-6.578021870692689621e-01,-1.207172840395657892e-01,-4.796438849568478435e-01,-7.187974450021439310e-01,-6.330920908599139141e-01,-8.723966081170999587e-01,-4.470586214237701750e-01,-8.444186341467916357e-01,-6.650109977482037138e-01,-7.334736998713139444e-01,-5.819265446845616196e-01,-7.468206432220669821e-01,1.806054576734028305e-01,-2.634921949251082807e-01,6.811009135637348111e-01,3.622674864120845745e-02,9.049004458098922621e-01,8.110703428785047686e-01,8.216212069150518049e-01,1.000000000000000000e+00,7.126671930587473724e-01,9.724293077706648303e-01,4.560878639838604753e-01
-1.208789349555041137e-01,-8.457799188427643777e-01,-1.099459571329595292e-01,-1.082870395199527491e-01,8.748370069042084030e-01,6.526370242547006040e-01,9.677921184889561879e-01,3.912632095168495083e-01,8.947902175989960183e-01,5.397966039875571331e-01,4.101798765354924270e-01,-4.031981988530554117e-01,4.067405056656059892e-01,9.535815364245732173e-01,5.512836232965659944e-01,3.371696871121406813e-01,-8.099063022224983754e-01,-4.129838297112249923e-01,-9.386152784560957141e-01,-3.147375687920644927e-01,-9.340272813002977736e-01,-2.935247109444634739e-01,-9.108858545096543136e-01,-6.672447280530127145e-01,-6.670100640011014104e-01,-9.452864086387307019e-01,-5.241671754476104894e-01,-4.294895940200368911e-01,5.155502344808142734e-01,-1.748175084425399595e-01,6.457576717195058214e-01,8.032705384776848145e-01,3.802133838741044713e-01,7.960044166521633713e-01,9.798380621322549944e-02,7.294767842629898968e-01,-4.353841205939690262e-01,2.408815074676270429e-01,-7.093147011479598030e-01,-7.761236296705678051e-01,4.974927936093605507e-01,3.525866238657360818e-01,9.263325842732080817e-01,-3.259157366054963451e-02,-7.505813967428249800e-01,9.960511773522402745e-02,-8.278486198287529074e-01,-7.906173050568496286e-02,-8.818345896299164544e-01,-3.201275800150296669e-01,-7.692739371994009590e-01,8.175777137935877348e-02,-3.258423744283645562e-01,-4.623264240485679306e-03,9.737380437488556417e-01,6.800319833915395851e-01,5.318184486803619881e-01,5.541105936466516058e-01,-1.832337941592920572e-01,5.939685261774814151e-01,-1.732955958683693176e-01,1.131783903511537764e-01,-6.915727681985593955e-01,1.856165461953297457e-01,-6.413098689551615106e-01,-7.201274579036653911e-01,1.538099354326979695e-01,4.177884159688862176e-01,7.620631219417262070e-01,2.312867702825838478e-01,-1.028304151480789186e-01,6.592346384219087696e-01,-1.962683407021679760e-01,4.257478625446945997e-01,-3.821730796063121938e-01,5.731627759624314811e-01,-5.328538286360625653e-01,4.209939951992250906e-01,-7.919382567071797663e-01,-6.815778988476995925e-01,-8.248128334888661373e-01,8.003420294807409019e-02,9.869749212064871102e-01,7.251092174370178389e-01,5.246963476090569234e-01,7.937775589646435259e-01,8.778519376956213371e-02,8.331101064377189891e-01,1.253553649865689901e-01,8.892347359364044523e-01,1.221250071892078515e-01,6.842369932246209485e-01,1.673679149584088865e-01,-5.511161535941874190e-01,-5.858002557353330086e-01,-4.876083756559675964e-01,2.144980025551225522e-01,-6.289184360534856300e-01,1.689954564833346384e-01,-6.486312961927573895e-01,2.278578606885098279e-01,9.577757397619030000e-01,-3.169233066543118010e-02,-5.919162884722051210e-03,-8.495452026947694080e-01,1.065407858801131584e-02,4.147928019651438980e-01,-4.684145344395607702e-01,4.170106442049415496e-01,-1.168476593042687278e-01,-6.780746343002661547e-01,1.394850835290389335e-01,8.928265843320647432e-01,9.179059336107617262e-03,1.707998249766783799e-02,3.611615495243946511e-02,-9.348341742133251531e-01,-3.131028070621519888e-01,-2.317890888338254851e-01,-5.706273802667658490e-01,-1.815681569399610062e-01,-9.208834221369990303e-01,-2.402827012184422795e-01,-8.943552751388618161e-01,-5.012312057213266225e-01,-2.467736450732413156e-01,7.474374799412114578e-01,2.629873729374714308e-01,8.846801367436096797e-01,6.889169991617415389e-01,6.908504561323671744e-01,2.245168777058986209e-01,8.891472762666854379e-01,7.126671930587473724e-01,1.000000000000000000e+00,7.501887161704179352e-01,6.884232850001650306e-01
3.914620931454431685e-01,-3.461408575373557950e-01,4.976283534627397587e-01,4.959656837939022123e-01,5.693672405263755509e-01,8.525586864219265593e-01,6.744524639494358098e-01,6.202973517234741108e-01,9.198976287948311681e-01,4.422517840515726717e-01,8.615742222006272932e-01,-1.051872316023308856e-01,3.177023393775936233e-01,8.352129189325757652e-01,4.686901240916209743e-01,-2.914812607880523099e-01,-9.152170785080460114e-01,-7.288034392486174573e-01,-9.091529344899620391e-01,-7.496776158421492031e-01,-8.998609900166624209e-01,-7.567392800907325467e-01,-8.714528918642486799e-01,-6.205164127234269467e-01,-1.332948264171485986e-01,-9.041979951959345785e-01,-5.163286830995124088e-01,1.817672807271017710e-01,7.975201317425025804e-01,4.904692549396167389e-01,7.313654720549002120e-01,5.174387513761007362e-01,6.823051189833087005e-01,6.552385463675858279e-01,5.541329446497034183e-01,7.470066215531715459e-01,-9.439465320141596227e-02,6.536494453191313836e-01,-5.346648633331433365e-01,-3.411098030333863385e-01,5.206750063512650684e-01,-6.430004285573384659e-02,8.484633777056722614e-01,-3.582505156074580754e-01,-8.742874289754203332e-01,-3.177019171611947801e-01,-7.978945237323369355e-01,-4.249459730005362146e-01,-5.805489699408863391e-01,-6.470727704914164269e-01,-2.738147102998597648e-01,6.844668852497312050e-01,3.779757220322222527e-02,-5.839692611109963405e-01,7.053064579414835000e-01,2.546940647363966082e-01,8.216132148871048146e-01,4.829259289865465155e-01,3.585179507807717547e-01,6.893608389248357948e-01,3.249021571126739505e-01,2.937408417613426859e-01,-3.623331357182295598e-01,5.823494085493164940e-01,-2.108646897685316490e-01,-8.899418401041150339e-01,3.512040810390610335e-01,4.972176678621453155e-02,8.366962282886059032e-01,1.995035816158960973e-01,-6.445708691846330218e-01,2.116628161917867013e-01,-6.140120536115436511e-01,-1.462052412715896810e-01,-5.889217089038176756e-01,-7.736375455253602373e-02,-8.533799905785497408e-01,-2.288315709542411980e-01,-8.412558523624925622e-01,-9.187992096754326043e-01,-8.790511481714687880e-01,-5.232936832260076665e-01,7.563905137317535887e-01,5.565734699313150680e-01,9.170862377756069383e-01,8.200194455039006014e-01,6.708207106902279726e-01,8.785172278013114733e-01,6.773997560711729760e-01,9.315268056662703300e-01,6.099107818641952283e-01,9.560198409734308456e-01,6.814610255489629287e-01,-9.682509183253039386e-02,-8.779873633965276092e-01,-9.206549911268023800e-01,-2.252321032793753730e-01,-9.336063110405583565e-01,-4.108529932703456344e-01,-9.369883680098620715e-01,-4.209427571541173863e-01,8.656770693226452096e-01,4.611697722670916599e-01,6.142512477941256543e-01,-3.288080679771316350e-01,5.835215777854689811e-01,7.201809124223926828e-01,4.771719506567382446e-02,8.089175098825893695e-01,-1.149934312406859262e-02,-8.127524112299069903e-02,-2.127890825700122154e-02,7.598634172828653277e-01,-2.910361262387946013e-01,-5.935306298887546017e-01,-1.876958186610963863e-01,-5.377162172167803122e-01,-6.405628400187248772e-01,-6.610509537835624894e-01,-8.189355256453170195e-01,-3.566107861700244519e-01,-8.423422784614524872e-01,-5.814082220969044590e-01,-7.257561058227604001e-01,-5.171985340886194882e-01,-6.696081345545326080e-01,2.040412684428125900e-01,-2.753544243516696244e-01,6.752354039184778056e-01,7.932700820486533744e-02,8.681119606060512250e-01,7.546811115519544977e-01,8.117649945639627829e-01,9.724293077706648303e-01,7.501887161704179352e-01,1.000000000000000000e+00,5.497143509701446495e-01
-1.705524755882472931e-01,-5.114580561491209876e-01,1.555969221596745500e-01,-3.024323886831331576e-01,3.041430683610389929e-01,1.344051271257559466e-01,5.542479747977513416e-01,-2.324676531719082340e-01,7.362689956398863478e-01,-1.885362551756057381e-01,2.415983026971091907e-01,3.036030123469278252e-01,8.988530586951900547e-01,8.045512818453047776e-01,9.533653146896485797e-01,4.549873469936829840e-01,-8.031114298314134814e-01,1.247717090239047061e-01,-7.247687944858649534e-01,9.840555576060619480e-02,-5.666924572262027615e-01,7.569995437602244914e-02,-4.686114858703071540e-01,2.014297438376543709e-02,-1.374781833440150147e-01,-6.738196855147003950e-01,1.956191335976386614e-01,3.342139807310256019e-03,-1.456043452211908291e-03,-1.198662543181581858e-01,1.410742898710857715e-02,1.657822083312010530e-01,-1.824138697374676488e-01,1.538909500962080956e-01,-3.506665008076093049e-01,1.047407983428568778e-01,-8.515433150761221315e-01,-2.324193195330147010e-01,-9.551240412186514650e-01,-2.241663192973637475e-01,9.058035911840529586e-01,7.523383532938144880e-01,8.319250184712303486e-01,5.444161253892706442e-01,-2.379389001267510073e-01,5.841443322628889767e-01,-2.561468853388556566e-01,4.860418279860370117e-01,-3.127718409748682649e-01,2.351792716489283230e-01,-2.551997694374128489e-01,-5.291550565210138141e-03,3.475020979711521685e-01,2.216142993172782183e-01,6.252903980115309679e-01,5.684113707190456555e-02,3.208862819370404684e-02,-1.749055317147499844e-01,-5.094937190075068401e-01,-5.873801555909618360e-02,-5.597712393013424270e-01,-5.551307623691573712e-01,-9.315750344575721709e-01,-3.155695369132370809e-01,-8.504157932093789896e-01,-2.565818395911138583e-01,7.370434505580361062e-01,8.232048359566783713e-01,8.736470403293320475e-01,8.232906633196056534e-01,1.835343554929426690e-01,8.455009476110952882e-01,2.836167071533771677e-01,6.267713128984981896e-01,2.590461240153610345e-01,3.472679002250433911e-01,-7.040059029138161506e-01,8.571092759971804531e-02,-8.780667569836965169e-01,-2.543431601038365075e-01,-8.458123874287908350e-01,-2.309242706006983670e-01,7.023302709004580757e-01,4.030747641446704582e-02,2.467911812889065915e-01,2.299661193475377452e-01,-1.036846269987375668e-01,3.355721211476778154e-01,-1.403975176909824651e-01,5.125991955129532984e-01,-2.784372970257552593e-01,6.405314089549952739e-01,-1.657371523529483359e-01,8.238676559809278432e-02,-1.401640069533168775e-01,-3.847880212276966749e-01,6.524644889606311393e-01,-2.689055921305903984e-01,4.334038233076476510e-01,-2.852557307277235887e-01,3.036646745083042553e-01,6.186751372926966308e-01,4.371321825956900331e-01,-1.175966424739048194e-01,-4.999579735617324938e-01,-2.510074477755996347e-01,-1.316594333414692619e-01,-7.249319799464428726e-01,-6.461760607824356371e-03,-7.540137235369741564e-01,-6.213817096579147270e-01,-5.665332242856784273e-01,4.141996517100564601e-01,-5.780183618954098934e-01,1.533720292970510157e-01,-6.280721941372081618e-01,-7.369315224555816890e-01,2.385770298765979014e-01,-5.911607239726722751e-01,-5.280397556730877934e-02,4.935803962607338002e-01,-4.566519073826001418e-01,3.168465424505864658e-01,-3.363827960838555176e-01,2.144466088686100280e-01,2.101476201548540812e-01,2.796291034179198554e-01,-2.570986816806279940e-01,3.138562653934995339e-01,3.575890709045799198e-01,1.865360485079536612e-01,-1.672400426855998046e-02,3.716276465786264582e-01,4.560878639838604753e-01,6.884232850001650306e-01,5.497143509701446495e-01,1.000000000000000000e+00
