1.000000000000000000e+00,6.447944203005531172e-01,3.464811313940406867e-01,-5.652884281359613627e-01,-7.054947631665736685e-01,-1.617146366986230155e-01,2.150320877185689927e-01,-5.288970588544530393e-01,-5.477301434176544692e-01,2.459206469525103966e-01,2.973269476584828111e-02,-7.160976969122619940e-01,-1.357587957596184391e-01,1.993989815781238850e-01,-5.342955803796864966e-01,-5.232603328095525308e-01,2.814434691515059206e-01,-1.321265187619969327e-02,-6.924731515569313434e-01,-2.063224294505015266e-01,3.199799187853512583e-01,-1.013799860996035529e-01,-5.574416128818845406e-01,-7.235409883461769998e-02,3.866726027636023799e-01,-4.913367092384557933e-01,-9.167828270159374127e-02,5.680727358316771669e-01,1.329632836029002139e-02,-2.158104677357369425e-02,3.192242691738085836e-01,9.118490161146636241e-02,5.743483548388880061e-03,-1.250212390014894814e-01,9.638557428644617397e-02,8.708462393657265266e-02,-1.335991037199083242e-01,-3.965364193958745287e-02,1.283038998724517765e-01,-2.486834479018171506e-01,-9.561306290382778905e-02,2.385989386727882522e-02,7.913391306830355049e-03,8.395296804644328259e-02,1.112649132676956087e-01,3.999644023980630791e-01,1.955030436262529536e-01,-6.932875997203714891e-02,3.696230094171742420e-01,-7.377552313877336343e-02,-2.662067419548216907e-01,1.596916553580841613e-01,-1.410267727735403653e-02,-3.926437852159646580e-01,4.596141985747187464e-02,-8.898061891503591947e-03,-4.320912724178476716e-01,-1.122716111110705003e-02,3.530434524867769874e-01,-4.140068090097515779e-02,1.944310693457838579e-01,3.242965949552533145e-01,-5.189577673839013139e-02,-5.215232625106869940e-02,2.166731191119149746e-01,5.840483788751289485e-01,3.657819643040983171e-01,-2.118672051585829275e-01,2.029579961652134001e-01,6.287630708756739573e-01,5.598857889921286107e-02,-1.497546494671367356e-01,5.315252159585099889e-01,4.337847606916914733e-01,-1.780966020235717762e-01,7.380069480834919315e-02,6.518073900149783384e-01,2.288322541158775980e-01,1.023518671045734602e-01,1.624646692421534075e-02,5.295142401801949950e-01,3.953383460079784584e-01,-2.788215546832447100e-01,-2.520252500499284634e-02,-2.108673793417392139e-01,1.747170868636194752e-01,-2.218055769301912061e-01,-1.529187601388513028e-02
6.447944203005531172e-01,1.000000000000000000e+00,6.622414408582286693e-01,5.547569755033189207e-03,-7.212219914763712270e-01,-5.899169158217471010e-01,1.785911862654732951e-01,-2.346169429231374504e-01,-8.269608201513281021e-01,-1.326997223469248421e-01,2.909506314439129770e-01,-6.164666534854587043e-01,-6.277666803788618521e-01,1.197192276995142912e-01,-2.044909302217805536e-01,-7.318430550818001423e-01,-1.635406655522907704e-01,1.485841169754204549e-01,-4.853645853834158697e-01,-6.833659143055809126e-01,1.015874831852602439e-01,3.002622143711520808e-01,-5.373275557325171148e-01,-6.129873884946098750e-01,6.500972664042005411e-02,-7.424298094436297957e-01,-2.273473145874696233e-01,4.042139945755280350e-01,-3.935500651380874348e-01,2.517170847654059407e-01,5.436773522213460552e-01,-3.321619937460357219e-01,-2.495273498110875954e-01,-4.646177914599511904e-01,-7.105624837901888986e-03,-2.184619446924619124e-01,-4.663721427259033270e-01,-9.301345044293299336e-02,-9.692267416716089656e-02,-4.013427804010250011e-01,-5.718386148244284511e-02,-1.940215514586168463e-02,-1.174013491226386374e-01,1.462361602159795715e-01,-1.316932742090772823e-01,2.411082696477659659e-01,3.359751240008969075e-01,2.179783621585380249e-01,4.403373281370862591e-01,-1.031875430448877112e-01,-8.342784368108165094e-02,4.192452263272123392e-01,5.633718389763095469e-02,-4.197678187937097238e-01,-1.562087605920308431e-01,4.146236187884742019e-01,-2.043117953466173919e-01,3.443223125964181563e-01,4.617430290365127088e-01,4.216007351329719710e-01,4.264278732662984961e-01,4.523161533847838145e-01,1.063522687938869699e-01,2.138334063205800661e-01,1.883198803351515405e-01,5.990562843920252956e-01,6.448737662421794026e-02,8.338617741011125628e-02,6.464729317303959943e-01,4.045598237292108990e-01,-1.084422644071025427e-01,3.162179579520364991e-01,7.090969098858741493e-01,9.710164087272923905e-02,-3.195634857887226510e-02,5.571038010330142676e-01,5.899798955523762878e-01,1.856339063622904073e-01,4.017354181026409621e-01,5.965639835948426811e-02,3.626612442889066146e-01,7.512673831771882194e-02,-4.502781094944979801e-01,-2.626734467037292187e-01,-2.327310734382289914e-01,1.686340524114189610e-01,-5.467497174705624602e-02,-3.047083176935164867e-02
3.464811313940406867e-01,6.622414408582286693e-01,1.000000000000000000e+00,3.689955909375174925e-01,-4.781431042588574210e-01,-4.049299506204738774e-01,4.354037401120939843e-01,-4.215236150744260807e-02,-7.342979718784599097e-01,6.179404328316484563e-02,5.263393622436622898e-01,-4.690549305737835017e-01,-5.183312655468599317e-01,4.533332626227011275e-01,1.159390255217665824e-02,-6.875357070729876119e-01,-1.749645529925628398e-02,4.725606111690147104e-01,-3.309473646126361857e-01,-3.071971391677875141e-01,2.949929650980036011e-01,3.966269936296009102e-01,-3.734403701658366992e-01,-5.433359552371758161e-01,2.588497368267267396e-01,-5.511464116647829536e-01,-5.586064467255348331e-01,2.494763603454882295e-01,-1.090083572363975684e-01,3.591011444090178029e-01,2.912388428763688641e-01,-3.342457183068897608e-01,-8.696243067763263779e-02,-3.285065911924798243e-01,-1.322706479635959442e-01,-1.144568513903544554e-01,-1.248579017338847935e-01,9.263600876413190591e-03,7.722834718854140745e-02,7.935056310768566490e-02,-4.738868900996119626e-02,1.938447604327206072e-02,2.997482736853946395e-01,3.269905320336451982e-01,1.762108213831443948e-01,-1.809569434715608272e-01,-1.641040704072874723e-01,-1.485499102363067037e-01,2.418262123036526989e-02,-2.651120647184718182e-01,-1.315557871320436611e-01,7.589403566234308174e-02,-3.225547552251902816e-01,-1.484937905147068193e-01,-2.092204531592294359e-01,1.114664251711552090e-01,-3.044985044720817657e-01,3.292981921135587631e-01,2.889197324093454311e-01,1.345522669883031097e-01,4.121196603846649653e-01,3.062318185447840402e-01,5.680374539965569840e-03,2.600965376004191199e-01,4.162432501430565757e-01,5.905818874861934464e-01,-2.465369628908410382e-01,-2.203836751522454396e-01,6.414088024798326737e-01,2.989578615477817003e-01,-4.518311853542969492e-01,1.288733701838186974e-01,6.921328442211022169e-01,-1.316888819095369256e-01,-3.552245686654534329e-01,5.113172915306660737e-01,4.786646580247399529e-01,-9.915231288336166793e-02,4.365460164178359970e-02,-2.242037863649175289e-01,2.794097279373322640e-01,1.555359206424476448e-01,-7.903421086808701257e-02,-9.377434219664196324e-02,-2.512712389415427960e-01,-6.766165697981064986e-02,-8.806494737703322861e-02,-2.392294338274992271e-01
-5.652884281359613627e-01,5.547569755033189207e-03,3.689955909375174925e-01,1.000000000000000000e+00,3.975480090305114067e-01,-4.764828271040125740e-01,1.980564281116337366e-01,7.465046761873423975e-01,-1.970528692910706869e-01,-4.024951966725004993e-01,6.023595435771954554e-01,4.582709558121478288e-01,-5.190078710448970956e-01,1.517126700410049156e-01,7.479889336692062685e-01,-1.223463108662190546e-01,-5.053925988460479246e-01,5.088290024846267023e-01,5.551883306216318648e-01,-1.945291034614935466e-01,-1.885656898085604216e-01,6.279630961495497044e-01,3.547533516985135749e-01,-4.815650820966588808e-01,-3.173212212361262163e-01,8.575998637092117904e-02,-3.902605638326963611e-01,-4.994208033477590125e-01,-1.823068156989856858e-01,4.539745341965845671e-01,-8.848717175004823521e-02,-4.998833111876576085e-01,-1.970294310776978322e-02,-2.046277191681813157e-01,-3.350739047384520553e-01,-2.101212100570480357e-01,-9.564978281602042054e-04,-1.002282077170538743e-01,-1.267471903809034017e-01,2.769394182042547170e-01,-3.742540969458592326e-02,-1.798853012821950148e-01,1.755896931068995082e-01,2.965990595387372752e-01,-1.189772788816144955e-01,-5.404746451262141260e-01,-1.109799717434634958e-01,3.456603538821915837e-03,-3.263585858430360642e-01,-2.582898827344818904e-01,2.311548578132789911e-01,8.569523534652777330e-02,-2.517448786052994825e-01,2.150806978036678418e-01,-3.482575541041492140e-01,1.812446774802044802e-01,2.395203058900363946e-01,3.284949148945589537e-01,-1.978733156122298165e-01,3.369855018782263456e-01,2.385697425366944402e-01,-2.636755845720588631e-01,7.861828708903337293e-02,5.089385203271171720e-01,1.413345721164054325e-01,-1.594313635589730271e-01,-7.355045190604451166e-01,1.531842437822350800e-01,4.773412338650859787e-01,-5.329427062480153188e-01,-5.270945957008043026e-01,4.574143610697077311e-01,8.050429303267307712e-02,-7.465451849565412079e-01,-6.881261931085497219e-02,5.524040492457883422e-01,-3.468268214035516994e-01,-4.499859992475936377e-01,9.264424215418390340e-02,-2.657782073542562240e-01,-4.477725279983059692e-01,-3.338340402357263814e-01,6.546920842077808000e-02,-8.879821304188881270e-02,-1.678964560723882338e-01,-2.570401061034015000e-01,1.005020996965399899e-01,-1.878728985180736777e-01
-7.054947631665736685e-01,-7.212219914763712270e-01,-4.781431042588574210e-01,3.975480090305114067e-01,1.000000000000000000e+00,5.030687528286593123e-03,-3.434963196273468911e-01,7.269207383577314108e-01,6.247425545876181818e-01,-4.435788300180159571e-01,-3.288797721656549350e-02,9.279189180867952746e-01,1.055248538470191511e-01,-3.177385149488285432e-01,6.399127054322980568e-01,5.750271068568100219e-01,-4.006941863644679636e-01,-9.454412256427379910e-03,8.238361317772157077e-01,4.733163433625366956e-01,-4.880240713357132387e-01,5.781258469480492213e-02,8.474738649631118337e-01,3.100181395614232671e-01,-4.604182536127928160e-01,5.821939647984680777e-01,1.957185064538448094e-01,-6.427742029406082747e-01,6.681445053358185671e-02,-4.251575510174022878e-04,-6.094663190570113187e-01,-1.048972765728805184e-01,1.462494163875098507e-01,4.161368447202294929e-01,-2.415859032721828226e-01,-1.468118085644722348e-01,5.068360291124479611e-01,1.231366240676262658e-01,-2.100032343545663593e-01,4.488085792848506839e-01,2.368306436847850971e-01,-1.361659954237580961e-01,-4.951903634058178044e-02,-1.279219000006081020e-01,-1.028567955480667179e-01,-4.054083821311770253e-01,-2.299447744593239029e-01,-2.302092895960611285e-01,-4.731368908982048205e-01,1.256682868392786090e-01,3.512833753681698368e-01,-3.156905152491518707e-01,3.499204459396818706e-02,4.936642918924098455e-01,5.852784496612328108e-02,-1.008336024510075590e-01,3.247902303499836107e-01,-2.263333614525860349e-01,-4.534996561389830205e-01,5.932669417735648987e-02,-4.318470834687309634e-01,-6.536510339286901727e-01,2.642135955808125325e-01,2.108066717238764598e-01,-3.276617099931668498e-01,-7.794590522982719483e-01,-4.358030427948764163e-01,3.007446657998687489e-01,-2.816089875248380947e-01,-7.934239758583299107e-01,-2.323541029069883107e-02,2.317554299755866243e-01,-6.486096973438616464e-01,-5.451261708949957097e-01,2.790077029388020602e-01,-4.290226074528760702e-02,-8.207637529312733493e-01,-2.278706017214868762e-01,4.063022575947676518e-02,7.404994216755835315e-03,-6.763434556120699881e-01,-4.483724344420134678e-01,2.233508272273723727e-01,-8.094712427684357114e-02,3.406022997907758032e-02,-1.930656557815097762e-01,1.503882266137988311e-01,7.097709189755137607e-03
-1.617146366986230155e-01,-5.899169158217471010e-01,-4.049299506204738774e-01,-4.764828271040125740e-01,5.030687528286593123e-03,1.000000000000000000e+00,4.505466560467697064e-03,-5.481911218807842268e-01,6.387026793988139772e-01,7.052664921944901133e-01,-5.338986115292608803e-01,-1.259339480440765657e-01,9.025534357518411044e-01,9.914636729559533901e-02,-5.002502952652126966e-01,5.121354105414731572e-01,7.291195506623584510e-01,-3.159587024495542074e-01,-2.260741512438672052e-01,5.802693170332865469e-01,3.723928443969498070e-01,-6.202797509004154275e-01,-1.452805848329530858e-01,6.211298512535254890e-01,4.323762925980398353e-01,3.666981285268393065e-01,2.032070378332652139e-01,2.047339009553270639e-01,4.891799035058243539e-01,-4.779531203610549728e-01,-1.293042506684684012e-01,6.489851942476659863e-01,1.189280142770156867e-01,2.946903680040146578e-01,3.716027095683269166e-01,4.037461434263162618e-01,1.694014825187209472e-01,1.662225664198016262e-01,3.506018593657502236e-01,1.039450311972273944e-01,-2.633922477754165048e-02,3.142628137604029370e-01,2.064804715580746408e-01,-2.296741192152112754e-01,3.794294580172076770e-01,9.596395921816540386e-02,-3.945801536924496977e-01,-9.250300438895699140e-02,-1.175234150840843983e-01,1.512102531490812363e-01,-2.901542593032693240e-01,-4.216835960643565695e-01,-6.157575726078273748e-02,1.153682272113114582e-01,3.025239534544444386e-01,-5.029352279891186051e-01,-1.390841540116793396e-01,-3.409894409585411124e-01,-7.574011199531920091e-02,-7.031129565731791820e-01,-2.828292053785873561e-01,1.571049471991010915e-01,-3.428148807819153543e-01,-6.641711226159949799e-01,-2.429699471973482960e-02,-3.191290263407841471e-02,4.562669146374363494e-01,-4.505931023585538764e-01,-7.206353740122370954e-01,3.164922499191255567e-01,2.826870069005121833e-01,-7.670081559575278041e-01,-3.807911751069572026e-01,5.555514004497885683e-01,-2.067160290663542233e-01,-8.644302278871308642e-01,4.958333897691240971e-02,1.286512827098748868e-01,-6.571385118173704853e-01,2.733918594552457726e-02,2.485140785350817560e-01,2.949460950476058829e-01,4.083094290401316218e-01,4.058885279610784935e-01,4.121738350421702002e-01,-2.041245005678541877e-02,-4.281933596702889276e-03,3.474728746962387621e-02
2.150320877185689927e-01,1.785911862654732951e-01,4.354037401120939843e-01,1.980564281116337366e-01,-3.434963196273468911e-01,4.505466560467697064e-03,1.000000000000000000e+00,3.419282763299509587e-02,-5.221122935782946950e-01,5.964157394828781822e-01,7.461435165571029815e-01,-3.768410071731579936e-01,-7.576430230052101644e-02,8.940437637587380637e-01,4.306966933500590983e-02,-5.272425093256621897e-01,4.400758501384877119e-01,7.251854364134432407e-01,-3.319588914148152714e-01,-3.629612178975880066e-02,7.070615442803066530e-01,3.654719240752541398e-01,-3.764849712038172980e-01,-2.345711702840873325e-01,5.595887344272428843e-01,5.798515044263774509e-02,-7.322522187631831381e-01,9.192926232329902414e-02,4.062583136234185766e-01,3.518212931743806005e-01,1.629308165437347578e-01,-1.137047490622420352e-02,3.374306187092260267e-01,-2.847761418116773746e-01,-1.670070189917164383e-01,4.307041813885579828e-01,-7.461047972381508464e-02,-3.383790451786580222e-01,4.933008891372877569e-01,1.504782238566114982e-01,-5.775562324163475703e-01,-1.328887617953282141e-01,5.943223733566290745e-01,6.219818871693157947e-01,2.890568976023314418e-01,-1.476199067709480783e-01,-4.713123437141494149e-02,-8.529745632180379955e-02,-8.343427607900055776e-02,-6.601186648773937904e-01,-4.011297545730131975e-01,1.933545746927632647e-01,-6.784197071681681290e-01,-3.387380127876600255e-01,-4.676716294119930839e-01,-3.557906885104558103e-01,-2.602352469731268880e-01,2.793262230570011107e-01,-4.361459883587531089e-02,-3.541889882804580281e-01,6.394775262409666539e-01,-9.163317650849038543e-02,-6.167645047012663140e-01,2.748923201565499075e-01,7.961151245564052070e-01,6.168260763420871928e-01,-3.167128376257102307e-01,-7.233082870263234376e-01,3.604574897469765005e-01,3.860534011865417447e-01,-7.189995214191365891e-01,-4.062272931416204269e-01,5.672913142385405116e-01,-1.102193496085733943e-01,-8.501545040177216350e-01,1.071326831506348026e-01,4.513485910716891758e-01,-5.899839894037909316e-01,-5.258805854372353705e-01,-6.103770710159657220e-01,2.873549134377644809e-01,5.679290308317105351e-01,2.111300640844551157e-01,4.853309625049883058e-01,-3.413583358040037097e-01,-2.238391988619354844e-01,-3.394946043124127955e-01,-3.613956140304213083e-01
-5.288970588544530393e-01,-2.346169429231374504e-01,-4.215236150744260807e-02,7.465046761873423975e-01,7.269207383577314108e-01,-5.481911218807842268e-01,3.419282763299509587e-02,1.000000000000000000e+00,1.372698056209094991e-02,-6.131046817791945269e-01,5.441012837981821226e-01,7.905146607827919780e-01,-4.724932679184440931e-01,-3.846011022388094031e-02,9.211424264806209461e-01,5.058513344720227956e-02,-6.570872007782769808e-01,4.455611304547523188e-01,7.904382796972453384e-01,9.529566434413359183e-03,-4.226960260590179597e-01,5.567133400481438787e-01,7.008215750286600487e-01,-2.112099583152736715e-01,-5.140964809823796999e-01,3.308666399987211237e-01,-2.009930140979998836e-01,-7.017868434780002440e-01,-1.261370869613787637e-01,4.051604999403846663e-01,-3.872500375643462278e-01,-4.976051318707637172e-01,1.284103516238121745e-01,6.504755132414462293e-02,-4.638870752790562046e-01,-2.218854786802801904e-01,2.484174631401059319e-01,-1.121704928737991963e-01,-2.024075995897519353e-01,3.424222324962011843e-01,-2.075241048765943258e-02,-3.225549171287305783e-01,4.843417236954380978e-02,2.435080120498555045e-01,-2.193084278915535812e-01,-4.600544307633855912e-01,3.237588569131982091e-02,-1.081497439944607286e-01,-3.768691640491823036e-01,-2.204766322164859182e-01,3.276599446964932327e-01,6.612705434589423448e-02,-1.591787884656971908e-01,2.263452430493511358e-01,-3.075961731312981118e-01,1.251054868266524567e-01,3.358339209838492323e-01,1.618967961921258525e-01,-3.756232315155002555e-01,3.544949379380444854e-01,1.395086348828482314e-02,-6.694720567460934468e-01,2.199091872963402361e-01,6.566494439091733470e-01,-1.928228212636184588e-02,-4.800001956907585798e-01,-7.802027476097129766e-01,3.120435718079677678e-01,3.091984556824380337e-01,-7.920575354471293128e-01,-4.366228056483801856e-01,5.472826982630041304e-01,-1.761517699310194418e-01,-8.784937278627330537e-01,9.017580577785111462e-02,5.202812355596164728e-01,-6.364244195964959827e-01,-5.215249750130248607e-01,2.246993422632840853e-01,-2.289829091529657912e-01,-6.659184942944340602e-01,-3.842722929698361711e-01,4.893579346231689831e-02,-1.291109142147980615e-01,-2.806004713777844328e-01,-2.261525425871684924e-01,5.351321653870998868e-02,-1.343712036855674308e-01
-5.477301434176544692e-01,-8.269608201513281021e-01,-7.342979718784599097e-01,-1.970528692910706869e-01,6.247425545876181818e-01,6.387026793988139772e-01,-5.221122935782946950e-01,1.372698056209094991e-02,1.000000000000000000e+00,1.720313734242921028e-02,-6.705738140235353306e-01,5.838631832763346852e-01,7.205071052399749654e-01,-4.563534099296780999e-01,-7.552580152840117009e-03,8.849391577520069330e-01,1.204115841727815411e-01,-5.080759359370299322e-01,4.264766141684249168e-01,6.355486677384218908e-01,-2.825094168520699833e-01,-5.476711198566819316e-01,4.934328851897618051e-01,6.914504084852149957e-01,-1.873425191740297757e-01,5.783264553116762574e-01,5.591915408679974941e-01,-2.636173525373181059e-01,2.042135249328251023e-01,-5.070465029041517635e-01,-4.489507122486200985e-01,4.337524555162924900e-01,2.818353779941266957e-02,5.217772997517048372e-01,2.360763140488165712e-01,6.147805788128940518e-02,3.529398740391357370e-01,2.783486533077147440e-01,-3.132327620236879939e-02,1.769945021254348549e-01,2.628762843604181554e-01,1.987802060512199043e-01,-1.348530428978329809e-01,-4.737031869994002831e-01,7.147336741060178467e-02,-2.642531374043838310e-02,-2.972356575671453172e-01,-7.149256516170923725e-02,-2.500450340406308869e-01,4.160861491731863704e-01,1.064665974515041497e-01,-4.878712611164722768e-01,2.530530307185090422e-01,4.381159234972477057e-01,4.240407568960582463e-01,-2.534321113909818735e-01,1.827878618690693124e-01,-4.807807786013029716e-01,-3.126431403136513687e-01,-3.074311253501042507e-01,-6.723328928408938143e-01,-2.154395204620870585e-01,1.212253542593203920e-01,-4.593946647564058905e-01,-5.142323614965089718e-01,-6.933740061436109992e-01,2.154291262730302081e-01,1.403360830248732150e-01,-8.090158406816746473e-01,-3.689808762113558904e-01,4.723804084972795803e-01,-2.492207655214740691e-01,-8.579415719515784966e-01,1.298083863864829546e-01,3.436313090373934176e-01,-6.783977094966553434e-01,-5.964753792516125364e-01,1.646043411640369936e-01,-2.347022899384029748e-01,2.443674216417375533e-01,-2.967961868789116830e-01,-2.400331280348269869e-01,3.058476073072845525e-01,6.412543088169912753e-02,4.227371959747861507e-01,-6.002891127874741828e-02,2.012254565679935381e-01,1.642238847773459520e-01
2.459206469525103966e-01,-1.326997223469248421e-01,6.179404328316484563e-02,-4.024951966725004993e-01,-4.435788300180159571e-01,7.052664921944901133e-01,5.964157394828781822e-01,-6.131046817791945269e-01,1.720313734242921028e-02,1.000000000000000000e+00,6.975502918902079172e-03,-5.735528527810831445e-01,6.359327011021195242e-01,6.582091644989019885e-01,-5.695924849198185091e-01,-6.793667904576632111e-02,9.262316859941199798e-01,1.352695631809531229e-01,-6.096086387570359699e-01,3.357474307144429071e-01,8.239431365405585073e-01,-2.867182931528508005e-01,-5.407015415770990430e-01,2.879137326554993548e-01,8.011014567822809518e-01,1.666675559598759515e-01,-3.000225893256193155e-01,4.075014586155731866e-01,6.304580768228627008e-01,-1.589337968022839220e-01,1.403928724884042634e-01,5.321927117564924092e-01,2.994629231755397414e-01,-2.654888348926316699e-02,2.111409898334805357e-01,6.142915922246038329e-01,7.622017682198127878e-03,-1.318650533956475523e-01,5.650878718356386887e-01,6.840983569421335564e-02,-3.734173698894722726e-01,1.385056785074302577e-01,4.673435222600497707e-01,2.093812982108954057e-01,4.380791039206997639e-01,9.565380882844910782e-02,-2.396636143993470525e-01,-9.498557531083701155e-02,1.465195073555369300e-02,-2.814288811673813506e-01,-5.082982379713620880e-01,-1.110857883266815754e-01,-4.336985035583338921e-01,-2.117072655629268774e-01,-5.212163370521871036e-02,-5.905203877534017654e-01,-3.325667491692042010e-01,-9.233014546423411184e-02,-7.973356929998313622e-03,-7.442280791630605519e-01,2.508989414324633294e-01,1.949391575794681974e-01,-6.775055832064077466e-01,-3.905295990785508375e-01,5.172285716079063622e-01,5.357854736634689585e-01,2.968336601551472276e-01,-8.492997281003994425e-01,-2.845304052659103355e-01,6.893353894952802818e-01,-1.775386704634764889e-01,-8.957495462980409329e-01,2.086399958752336581e-01,5.279851442780703064e-01,-7.074631953953086638e-01,-5.965198904816259029e-01,5.315768614064106945e-01,-1.233557610457275411e-01,-7.594524827619731910e-01,-2.677208983663791897e-01,5.710307015004432163e-01,6.447387640949630017e-01,3.176860389514193361e-01,5.407378449308709589e-01,7.745015860841161781e-02,-7.151334960824853870e-02,-2.501301720823207453e-01,-1.466668696377292358e-01
2.973269476584828111e-02,2.909506314439129770e-01,5.263393622436622898e-01,6.023595435771954554e-01,-3.288797721656549350e-02,-5.338986115292608803e-01,7.461435165571029815e-01,5.441012837981821226e-01,-6.705738140235353306e-01,6.975502918902079172e-03,1.000000000000000000e+00,-7.946824936696047018e-03,-5.790944004625244723e-01,6.936341186559410454e-01,5.449423609992569695e-01,-6.231382615209953846e-01,-1.484078218730424115e-01,8.767733942871992481e-01,8.309341444745768634e-02,-2.351438714503733818e-01,3.075775458111134619e-01,7.594835402082902309e-01,-1.071187400447295122e-02,-5.198820444846320443e-01,1.444413563862802230e-01,5.907868858687507531e-03,-7.822360330591088262e-01,-2.269079661862336006e-01,1.361304777732879612e-01,6.585952453225678571e-01,3.338972041314672984e-02,-4.607424904546326694e-01,3.021139250174005864e-01,-3.230193594817271086e-01,-4.953125913743345321e-01,1.383638935585009000e-01,1.461085297040732060e-03,-4.033135153641296267e-01,1.741280268389920338e-01,2.583662136879552595e-01,-4.381651463587197814e-01,-3.828204229545384973e-01,4.270681616422106752e-01,7.020310542179080127e-01,-1.938415513791341260e-03,-3.650436064458482677e-01,1.017507339744875422e-01,-1.253206080682470469e-01,-1.731513480492434254e-01,-6.875212580874477952e-01,-7.482416735649681516e-02,3.402894941736110956e-01,-6.117786714900312894e-01,-2.202072957873856818e-01,-6.405785330854217863e-01,-7.355482484219845463e-02,2.725143519541188900e-03,4.478444930877633623e-01,-1.559264777794575896e-01,9.523585273935525342e-02,6.442525663074575304e-01,-3.674470130557410674e-01,-2.974590594363955010e-01,7.128570042715162147e-01,6.703161072982698476e-01,3.640529763479898318e-01,-7.315650327672591491e-01,-3.251824372276540531e-01,7.045925633957750289e-01,-7.646953442573192761e-02,-8.716607717443236591e-01,1.554148735110419677e-01,5.730066945307373816e-01,-6.130005749847144969e-01,-5.945052436667066509e-01,6.186173728655494086e-01,1.406990963650204818e-01,-6.811517641153841396e-01,-7.602538325301941291e-02,-5.395635654500278156e-01,-7.133803027054151646e-02,1.908745825531217299e-01,1.914754229008816533e-02,1.440199652559195909e-01,-5.221428692587650744e-01,-2.176014421872160820e-01,-2.376230043326205688e-01,-3.376522181512625620e-01
-7.160976969122619940e-01,-6.164666534854587043e-01,-4.690549305737835017e-01,4.582709558121478288e-01,9.279189180867952746e-01,-1.259339480440765657e-01,-3.768410071731579936e-01,7.905146607827919780e-01,5.838631832763346852e-01,-5.735528527810831445e-01,-7.946824936696047018e-03,1.000000000000000000e+00,-9.526943976618641383e-03,-3.976301131951423540e-01,7.426524023523788376e-01,5.728836871618754323e-01,-5.389306801293817228e-01,-1.964184070840631000e-03,9.107279502104228541e-01,3.327431543328354113e-01,-5.913054611182712028e-01,1.143600844949139578e-01,8.726007776559104867e-01,2.258743997485773980e-01,-5.972667492541187118e-01,5.553047719179844410e-01,2.294079183743381878e-01,-7.272957878184687086e-01,-5.832076422997963666e-02,1.049493192642828900e-02,-5.761464642673720382e-01,-1.795550989503048311e-01,7.744763752393067635e-02,3.733822611262920810e-01,-2.331117192980679820e-01,-1.991701473228364994e-01,3.872458873512686361e-01,8.236785986743569432e-02,-2.451288847986448638e-01,3.273604574548459323e-01,1.754647036235862101e-01,-1.514012678429317860e-01,-1.201393007539662550e-01,-1.233767621502994266e-01,-1.852105443804563656e-01,-3.318278788217015607e-01,-8.703206871333186989e-02,-1.062851519295003044e-01,-3.951874851791143950e-01,1.173091833412278212e-01,3.579390397364586307e-01,-2.009818190590010600e-01,1.036652206001729831e-01,4.369237899013549420e-01,2.757002691431404903e-02,2.586633148059893500e-02,4.154351550461919951e-01,-1.563170999246067117e-01,-4.743680482546415167e-01,1.818498679126145101e-01,-4.298279341510269358e-01,-6.457064925609050654e-01,3.313095377796151930e-01,2.643944215697986988e-01,-3.937839062825049252e-01,-8.336174261756649218e-01,-4.771657222496740181e-01,4.333828433181077799e-01,-2.106782536559494989e-01,-8.879219066759619361e-01,-9.868019534317915009e-03,3.828216434919601840e-01,-6.609422484346147986e-01,-6.329479035144102150e-01,3.733946080676394108e-01,6.333499221118475686e-02,-8.842200350178965884e-01,-2.622026037948205768e-01,1.373778507699193185e-01,1.024074008204179168e-02,-7.285260101868146210e-01,-4.940160096629687136e-01,1.734066038082544281e-01,-1.330256653629061370e-01,3.602230672213403706e-02,-1.869466065855529546e-01,1.938992223087923905e-01,9.537539297175972458e-03
-1.357587957596184391e-01,-6.277666803788618521e-01,-5.183312655468599317e-01,-5.190078710448970956e-01,1.055248538470191511e-01,9.025534357518411044e-01,-7.576430230052101644e-02,-4.724932679184440931e-01,7.205071052399749654e-01,6.359327011021195242e-01,-5.790944004625244723e-01,-9.526943976618641383e-03,1.000000000000000000e+00,1.658268634905591191e-02,-4.989787700195464915e-01,6.267128528751881866e-01,7.312919034142391084e-01,-4.010412148869019200e-01,-1.628467429449853288e-01,6.791136658327946440e-01,3.104019406606274289e-01,-6.835654009942071507e-01,-3.791406707576645135e-02,7.415465063917597854e-01,3.861780878026035424e-01,4.945994658707530411e-01,3.117371728220323379e-01,1.377446768502497421e-01,5.363438611791245814e-01,-5.568069862018550920e-01,-2.097032900043363790e-01,7.198762278441508400e-01,1.838236598412582301e-01,3.937141850266904775e-01,3.714367292793728792e-01,4.327049175700362071e-01,2.416950286729029895e-01,1.487231327668207537e-01,3.242452502269321801e-01,9.519675416783901500e-02,-8.736196191311211556e-03,2.674319823042496935e-01,1.331373611445455518e-01,-2.850916115320423216e-01,3.217340132383695317e-01,1.346085372735441044e-01,-3.365540436433501204e-01,-8.332607946551782996e-02,-9.134734439900803193e-02,1.962151180397505024e-01,-2.593161033048659303e-01,-4.259911208117304060e-01,-7.353846461108985016e-03,1.639335243173535850e-01,3.767530776167391515e-01,-5.476348384722239393e-01,-1.241978391510080437e-01,-5.156536582499730015e-01,-1.917868285139335827e-01,-7.021486047756719806e-01,-3.828115659999655196e-01,3.059974406789244677e-02,-3.068496813970972847e-01,-6.553129932413910286e-01,-1.065183896134801605e-01,-1.559144812152589710e-01,4.704934528633550328e-01,-4.121240280681243151e-01,-8.323498939080735681e-01,2.365903448840037948e-01,3.426532989662723350e-01,-7.764139608499158740e-01,-5.037827287891089023e-01,5.386825793759530967e-01,-1.436244659428519699e-01,-9.237477435024287198e-01,-4.020938575315297775e-02,1.456065450034373099e-01,-6.168816524632387832e-01,8.641470522202154836e-02,2.337845102716778201e-01,2.456361814071832683e-01,3.793439401348355777e-01,3.514415002788356945e-01,3.728698469419695627e-01,-6.733926352210639621e-02,-3.281589405549983907e-02,6.045270036346961362e-02
1.993989815781238850e-01,1.197192276995142912e-01,4.533332626227011275e-01,1.517126700410049156e-01,-3.177385149488285432e-01,9.914636729559533901e-02,8.940437637587380637e-01,-3.846011022388094031e-02,-4.563534099296780999e-01,6.582091644989019885e-01,6.936341186559410454e-01,-3.976301131951423540e-01,1.658268634905591191e-02,1.000000000000000000e+00,1.423209129502196919e-02,-5.377133570160961273e-01,5.468758104367220652e-01,7.806146184459861193e-01,-3.783485120112446420e-01,9.349750963723556241e-02,8.125066315268146822e-01,3.638458191723620838e-01,-3.814599695218564013e-01,-1.802760341037103198e-01,6.822070647061457827e-01,1.278914146710089794e-01,-8.106118329958813540e-01,1.222280595351700333e-01,5.724332438459990291e-01,3.917572300881671521e-01,1.041827977241487624e-01,2.847238562239091247e-02,4.364292002029475648e-01,-2.345585737608701926e-01,-2.268798231447006486e-01,5.505855879990504409e-01,3.687356549860822119e-02,-3.632493968768506498e-01,5.581977238946417286e-01,2.920383020171240518e-01,-5.809905850888358314e-01,-1.680972063385382798e-01,6.913104561564505923e-01,6.798590428667551366e-01,3.497997867122371041e-01,-2.419880749045639212e-01,-1.529013233486842538e-01,-2.092049779772946760e-01,-1.847288964330549843e-01,-7.207600091189004798e-01,-4.160195871459357875e-01,1.153477391418835651e-01,-7.940864857225983231e-01,-2.946084088678136981e-01,-4.759123317238767581e-01,-5.093971674599424571e-01,-2.670454044414992123e-01,2.694768196739826815e-01,-1.329972099120231843e-01,-4.695598338964132035e-01,6.130703525485514671e-01,-1.285730755365972477e-01,-6.540269752633798284e-01,2.491573513426081632e-01,8.534696925693004976e-01,6.441043030301194516e-01,-3.525032842824056822e-01,-8.389697490782160871e-01,3.457320664153800682e-01,4.210695413679229060e-01,-7.868692974784915473e-01,-4.979407406919636458e-01,5.991813792320662690e-01,-1.005348514726405879e-01,-9.419017018198104774e-01,7.035698031564940891e-02,4.842834891177579815e-01,-5.988859882115682431e-01,-5.857386244959451593e-01,-5.632183309156231221e-01,3.471584262785150088e-01,5.746983556936328119e-01,2.429554539594770135e-01,4.698354221641685147e-01,-3.193285887300081338e-01,-1.932636926956322887e-01,-3.485804449243200542e-01,-3.476848798525059014e-01
-5.342955803796864966e-01,-2.044909302217805536e-01,1.159390255217665824e-02,7.479889336692062685e-01,6.399127054322980568e-01,-5.002502952652126966e-01,4.306966933500590983e-02,9.211424264806209461e-01,-7.552580152840117009e-03,-5.695924849198185091e-01,5.449423609992569695e-01,7.426524023523788376e-01,-4.989787700195464915e-01,1.423209129502196919e-02,1.000000000000000000e+00,3.857600707642043492e-02,-6.642463137365431924e-01,5.383627687464503930e-01,8.266669762152312195e-01,-2.342167862144106313e-02,-3.893719846755967495e-01,6.035334098716103046e-01,6.825101742725576681e-01,-2.413500459126486641e-01,-5.004099819056675447e-01,3.209581914958397064e-01,-2.757052434458577284e-01,-7.202878833643840961e-01,-1.134211407338919786e-01,4.665645114973621110e-01,-4.036779335023204518e-01,-5.444370909298393846e-01,1.413545303028162781e-01,3.726328017350810651e-02,-4.969635144498653068e-01,-1.558352719694046373e-01,2.111813639587011571e-01,-1.815445790090767231e-01,-1.473017491909807408e-01,3.566172644858464080e-01,-1.215324902674286972e-01,-3.417183187059416039e-01,1.071621510828351664e-01,3.128628483612915234e-01,-1.949124437828717860e-01,-4.214731850957104120e-01,6.446551047472816320e-02,-1.312151795667172438e-01,-3.821306628120381133e-01,-3.101019539231694155e-01,2.564968005521934824e-01,1.038254377625040525e-01,-2.204103148336662155e-01,1.737361037539848774e-01,-3.842033657034618077e-01,1.049289031440560904e-01,4.219946410429961658e-01,2.855984626471959609e-01,-4.458109840796753431e-01,3.373170360371722243e-01,2.959036170406007318e-02,-6.469193232263789062e-01,2.159907840470964013e-01,6.735198434175052595e-01,1.264386813816518844e-02,-4.637222871117072653e-01,-8.445621275367222180e-01,3.064126111524816953e-01,3.709840014312317802e-01,-8.224841017893190775e-01,-4.968030502465436427e-01,5.887902316740218911e-01,-1.489237916528031724e-01,-9.423823539001048299e-01,6.554880007422538013e-02,5.670628903552232813e-01,-6.566465364321093512e-01,-6.134463629957270792e-01,2.233930651224057817e-01,-2.364163857046254757e-01,-6.268576346815784017e-01,-3.348039119043253464e-01,4.606073248191067809e-02,-1.394695634218073022e-01,-2.834130198380024335e-01,-2.076029415145533297e-01,7.787800256472035554e-02,-1.606383149873399085e-01
-5.232603328095525308e-01,-7.318430550818001423e-01,-6.875357070729876119e-01,-1.223463108662190546e-01,5.750271068568100219e-01,5.121354105414731572e-01,-5.272425093256621897e-01,5.058513344720227956e-02,8.849391577520069330e-01,-6.793667904576632111e-02,-6.231382615209953846e-01,5.728836871618754323e-01,6.267128528751881866e-01,-5.377133570160961273e-01,3.857600707642043492e-02,1.000000000000000000e+00,1.068213483764514533e-02,-5.981001564219372568e-01,5.384719259910223377e-01,5.515960206297345625e-01,-3.881759580764015949e-01,-4.967291753319184600e-01,5.410849713219237911e-01,6.801691870102901660e-01,-2.887869370253625112e-01,5.599198921299562981e-01,6.167013970368458997e-01,-3.438241146760739331e-01,1.048028499244269274e-01,-4.709804411240450239e-01,-4.955614952596666400e-01,3.662381719998785146e-01,6.279682070694726781e-02,5.163150105287555025e-01,1.436751455009951384e-01,-6.151481956429138455e-03,3.559386442253421601e-01,1.790928399845343189e-01,-1.979705482375172521e-01,1.543940435805065681e-01,3.251074648171034531e-01,7.118034661326873291e-02,-2.627616764405115712e-01,-4.574700389476992202e-01,-7.130952328921587313e-02,-1.630661781851668740e-02,-1.715654628987657859e-01,-7.686593370006218617e-02,-1.722002708021063699e-01,4.503508030978923826e-01,2.272656495600147430e-01,-3.575597221177674312e-01,3.604351987026023219e-01,5.200565454693723000e-01,3.854194395412789964e-01,-1.272368032963015205e-01,3.336339393121218744e-01,-5.294538575826455151e-01,-3.912381730338574948e-01,-1.763419510147820612e-01,-6.566988005349937430e-01,-2.285755362889621278e-01,1.493766155997997003e-01,-4.118862011556727598e-01,-5.877803817039031209e-01,-7.623826013307445360e-01,1.866912650482782376e-01,2.520619319806262637e-01,-7.885952120288890477e-01,-4.511542034690009251e-01,5.090907288080240845e-01,-1.338866141868862436e-01,-9.017953411418004883e-01,7.234644589884599297e-02,4.509766721952816471e-01,-6.199442899922060768e-01,-6.701127867198480859e-01,1.846347379207856354e-01,-1.148044665121307067e-01,2.256764319980412992e-01,-3.137693095459436754e-01,-2.604916752936051738e-01,2.300495409027880356e-01,-2.421109551120077374e-03,3.547843746224000894e-01,-1.303225736137563484e-01,1.954052490625594607e-01,1.581763487605880036e-01
2.814434691515059206e-01,-1.635406655522907704e-01,-1.749645529925628398e-02,-5.053925988460479246e-01,-4.006941863644679636e-01,7.291195506623584510e-01,4.400758501384877119e-01,-6.570872007782769808e-01,1.204115841727815411e-01,9.262316859941199798e-01,-1.484078218730424115e-01,-5.389306801293817228e-01,7.312919034142391084e-01,5.468758104367220652e-01,-6.642463137365431924e-01,1.068213483764514533e-02,1.000000000000000000e+00,1.877107807007234383e-02,-6.514204148625607482e-01,4.109774999071280632e-01,8.067162643446611492e-01,-4.117979030577598176e-01,-5.361783188787306864e-01,3.889078714130340675e-01,8.190693115261995505e-01,2.017884700912680462e-01,-1.624931620180570802e-01,4.675652990568585632e-01,6.661099418824864005e-01,-2.615638855250743133e-01,1.327219776201868651e-01,6.373421025022613096e-01,2.999660982871160675e-01,3.831766009654856420e-02,2.790903271299736144e-01,6.393909872724943266e-01,4.101413556433591845e-02,-7.996165922205066001e-02,5.744793943524709734e-01,7.018949369006048655e-02,-3.157105746079192921e-01,1.881557383253389670e-01,4.269986954580439198e-01,1.033225613816998595e-01,4.525442912339626145e-01,1.401086516279839156e-01,-2.713875820261422156e-01,-1.142668865760897573e-01,1.349755606920379413e-03,-1.928469918387998028e-01,-5.052470602084577767e-01,-2.075715060794368350e-01,-3.722361936884868161e-01,-1.545069268827751197e-01,9.259805758999349601e-02,-6.346605794398777478e-01,-4.018096261866829222e-01,-2.420251314583837243e-01,4.550235689409268952e-03,-8.006119906983867329e-01,1.201114885196706700e-01,2.344067592219407914e-01,-6.250649308162260498e-01,-5.063844663466126050e-01,4.165415997356187172e-01,4.750874487290764892e-01,4.077601806693641473e-01,-8.151293198294450315e-01,-4.038690731588783778e-01,7.004157489221037869e-01,-4.928538175738000904e-02,-9.298858520273600714e-01,1.247353124219333503e-01,6.143501264888103774e-01,-6.249981182068689023e-01,-6.799189223277757321e-01,5.159454723171612578e-01,-1.839178799142160425e-02,-7.306930682285935896e-01,-1.398743445583852663e-01,6.135967605412094850e-01,5.776706232424452248e-01,2.772171838080916273e-01,4.885359236327778687e-01,1.110929204583644830e-01,-8.111821205733543705e-02,-2.649853036041638910e-01,-1.271271609154989990e-01
-1.321265187619969327e-02,1.485841169754204549e-01,4.725606111690147104e-01,5.088290024846267023e-01,-9.454412256427379910e-03,-3.159587024495542074e-01,7.251854364134432407e-01,4.455611304547523188e-01,-5.080759359370299322e-01,1.352695631809531229e-01,8.767733942871992481e-01,-1.964184070840631000e-03,-4.010412148869019200e-01,7.806146184459861193e-01,5.383627687464503930e-01,-5.981001564219372568e-01,1.877107807007234383e-02,1.000000000000000000e+00,4.619554796029598509e-02,-8.602553625544959170e-02,4.434008737766044761e-01,6.640781836765764501e-01,-3.690695527539734205e-02,-4.230613149972282105e-01,2.619217369564191267e-01,1.079768462095415243e-01,-8.437270298929859802e-01,-1.992705041724983639e-01,2.898819468991438719e-01,6.092213082854351924e-01,-7.693441978833068066e-03,-3.622590062140204625e-01,3.053781658926816855e-01,-2.678391724134345231e-01,-4.030044282053665272e-01,2.995177852285139664e-01,1.624089595797480190e-02,-3.468856976815638538e-01,4.154675170113049654e-01,3.322435985952890691e-01,-5.838316453554978080e-01,-2.438254081185563804e-01,6.369173731975095176e-01,7.257791273535498799e-01,2.130750468458302016e-01,-3.402282232235849802e-01,-4.909148675426461966e-02,-1.849366566195414785e-01,-2.983568484648538299e-01,-7.848988167908235170e-01,-2.771427529211425989e-01,1.817622795294742410e-01,-7.634683804856597922e-01,-2.851312061672877096e-01,-5.911051678605355741e-01,-2.674891333967450158e-01,-7.432865697752291667e-02,4.948145652867436683e-01,-2.019485439658289527e-01,-1.195819057324467721e-01,5.551914467749915483e-01,-3.428461545400505739e-01,-3.226087058244692662e-01,6.132620689232710642e-01,7.211001395842415729e-01,3.734602351139909571e-01,-7.246188128416717333e-01,-4.475588715980774457e-01,6.260255134980892144e-01,-5.242654199596942510e-02,-9.054539910993842922e-01,2.834511772530215121e-02,5.403768134712302329e-01,-5.900175820468198662e-01,-6.940008675054848419e-01,5.108417166660348396e-01,1.344710592031750362e-01,-7.945506721050873411e-01,-2.459770938075801494e-01,-5.277644991624348414e-01,-1.021486999674160040e-02,2.734673756826012103e-01,1.246121983237294811e-01,2.370842823032455193e-01,-4.376137822872308569e-01,-2.016765796729075855e-01,-2.345667338476361274e-01,-3.783233586378835223e-01
-6.924731515569313434e-01,-4.853645853834158697e-01,-3.309473646126361857e-01,5.551883306216318648e-01,8.238361317772157077e-01,-2.260741512438672052e-01,-3.319588914148152714e-01,7.904382796972453384e-01,4.264766141684249168e-01,-6.096086387570359699e-01,8.309341444745768634e-02,9.107279502104228541e-01,-1.628467429449853288e-01,-3.783485120112446420e-01,8.266669762152312195e-01,5.384719259910223377e-01,-6.514204148625607482e-01,4.619554796029598509e-02,1.000000000000000000e+00,1.988176463918311376e-01,-6.366044558881247539e-01,2.513605215196030862e-01,8.726993366960691390e-01,1.020053252104163727e-01,-6.527563385150199071e-01,4.635824430683666564e-01,1.624791006323370313e-01,-7.590316742708992370e-01,-1.560421777133174370e-01,1.374624276140930523e-01,-5.582868057307720511e-01,-3.158097829653647715e-01,7.750548278295435467e-02,2.743443459196593937e-01,-3.313947162368582333e-01,-2.433679711933750267e-01,3.308489448941156486e-01,-2.198748909664753962e-02,-3.357452516736901815e-01,3.260277884735530707e-01,1.648360022041025219e-01,-2.473284856058012571e-01,-1.572753114013781539e-01,-4.864648836682459315e-02,-2.762846637409879236e-01,-3.472282956228954776e-01,4.790752444989147645e-03,-1.159151157062012494e-01,-3.554157850817951103e-01,6.643351638252147084e-02,4.167341909381320209e-01,-7.419018143695646494e-02,1.088490930963207093e-01,4.436482735017422407e-01,-9.542369028623964855e-02,1.321466374004314770e-01,5.569122815875655608e-01,-4.363548561357039057e-02,-5.213710492080978476e-01,3.100047292744643190e-01,-3.388006850444615914e-01,-6.190464807444180373e-01,3.488925483137924055e-01,3.574058716958188331e-01,-3.772129766893869696e-01,-8.023049066741539948e-01,-5.734278672011469125e-01,4.962116770658580589e-01,-6.664316278616633227e-02,-9.363209362194333529e-01,-7.385205159047469881e-02,5.193759092817014089e-01,-5.864550426519884452e-01,-7.292776550507149569e-01,4.058154111881371873e-01,2.053696971261647075e-01,-8.920050074238007332e-01,-3.044893026850876705e-01,2.526607610179569807e-01,2.112110609391465617e-03,-7.123416001396162267e-01,-4.982193393446312513e-01,8.175118627824362605e-02,-2.130109952922049632e-01,-4.570829291772315894e-02,-1.893930868334932072e-01,2.013297785257700256e-01,-6.445202603930969172e-03
-2.063224294505015266e-01,-6.833659143055809126e-01,-3.071971391677875141e-01,-1.945291034614935466e-01,4.733163433625366956e-01,5.802693170332865469e-01,-3.629612178975880066e-02,9.529566434413359183e-03,6.355486677384218908e-01,3.357474307144429071e-01,-2.351438714503733818e-01,3.327431543328354113e-01,6.791136658327946440e-01,9.349750963723556241e-02,-2.342167862144106313e-02,5.515960206297345625e-01,4.109774999071280632e-01,-8.602553625544959170e-02,1.988176463918311376e-01,1.000000000000000000e+00,1.208190366908854368e-01,-4.633088017181393736e-01,4.244876934021628023e-01,8.024620454596673724e-01,2.260828282656801025e-01,6.103549105690316834e-01,7.929150529703836436e-02,-2.115875983495700829e-01,5.961601847312506530e-01,-3.479684031262161303e-01,-6.215171834688346664e-01,4.340934578533590660e-01,3.375786217572486203e-01,6.702676704093709636e-01,3.404508392952193541e-02,2.889439552538412004e-01,7.065686269713058465e-01,2.538461433243755505e-01,2.583791250951653629e-01,5.184701277398804375e-01,1.011704655084981891e-01,1.092250040818105450e-01,3.250663007102906343e-01,-8.434880911727082875e-02,4.297493201439414046e-01,-1.859197471125849377e-01,-5.646030106542936355e-01,-5.207372404913929165e-01,-4.154060948838947387e-01,4.986357260500059313e-02,-1.452458634795370240e-01,-6.032438330563115736e-01,-2.054267511958219605e-01,3.302224062766348500e-01,2.778302795116230350e-01,-6.226287781749111350e-01,-1.354665442750402626e-01,-5.245791996068541740e-01,-4.027624007143064677e-01,-6.201942488871722281e-01,-5.136655480863829837e-01,-4.302679304879853950e-01,-5.988144920140033717e-02,-2.404154910317051475e-01,-5.227898549107402176e-02,-3.776827110031081847e-01,7.427294320516170979e-03,-3.455953722793612126e-01,-6.491543855270994756e-01,-1.385033395117085953e-01,3.801224152208741713e-02,-5.256179544806945936e-01,-5.192615594247295130e-01,6.006872383373270535e-02,-1.662810157722251492e-01,-6.072488622249551105e-01,-3.301815321455188745e-01,-1.056703379563419670e-01,-5.130807502638338180e-01,-1.520362736309474883e-01,-1.028211023108884375e-01,1.802482323678166465e-01,5.218525992131332059e-01,2.670652027219309610e-01,1.704286332485786537e-01,-1.854233293163211060e-01,-1.239546860329098985e-02,-9.626127529742252442e-02
3.199799187853512583e-01,1.015874831852602439e-01,2.949929650980036011e-01,-1.885656898085604216e-01,-4.880240713357132387e-01,3.723928443969498070e-01,7.070615442803066530e-01,-4.226960260590179597e-01,-2.825094168520699833e-01,8.239431365405585073e-01,3.075775458111134619e-01,-5.913054611182712028e-01,3.104019406606274289e-01,8.125066315268146822e-01,-3.893719846755967495e-01,-3.881759580764015949e-01,8.067162643446611492e-01,4.434008737766044761e-01,-6.366044558881247539e-01,1.208190366908854368e-01,1.000000000000000000e+00,6.517585247271703852e-02,-6.540387387879460501e-01,-2.461406415714862891e-02,9.230863442746773950e-01,8.146336829897569964e-02,-5.920979664303980261e-01,4.556290024889713131e-01,6.733821214735207228e-01,1.588750034300689395e-01,2.724176805757907438e-01,3.368917791360966363e-01,4.108175960698132734e-01,-2.728592895901364446e-01,1.540119646656549698e-02,7.178648563351056611e-01,-7.557143902817620162e-02,-3.806977805653070090e-01,6.220325504228675362e-01,1.608464346985768456e-01,-5.648142272811267350e-01,-5.706309190467506037e-02,5.987298579919035912e-01,4.878255609171355256e-01,3.757856331959570362e-01,-1.932115573748352869e-02,-1.345819127683595129e-01,-1.380365444003275321e-01,-2.523850842338400818e-02,-5.665383745124349391e-01,-5.178619447568276746e-01,6.925179156098203170e-02,-6.723638155656072035e-01,-3.050673821374365047e-01,-3.093420620003934363e-01,-6.046134606740807271e-01,-3.228533119211253188e-01,8.570024286077330966e-02,-5.009583774827612579e-02,-6.475455858501417694e-01,5.196515053711399101e-01,1.397599589794246977e-01,-7.753197542484548954e-01,-1.312781590708417268e-01,7.716474890256161956e-01,7.237868338487126740e-01,3.241195205172827526e-02,-9.033172184632843882e-01,7.283968368461207765e-02,6.765618221652502928e-01,-4.794985556885660305e-01,-7.344481097326605035e-01,4.998008215185545944e-01,2.975581860503888620e-01,-8.408326421583123267e-01,-2.512067309204902843e-01,6.385766206172508452e-01,-2.888604652609148560e-01,-6.196967347501427525e-01,-2.855987820862436743e-01,6.119582751587833158e-01,5.705572592159546819e-01,1.502071147878371038e-01,4.402883208191410436e-01,-1.383783240530395697e-01,-1.210421865392195123e-01,-3.150821783960277012e-01,-2.137230816215283935e-01
-1.013799860996035529e-01,3.002622143711520808e-01,3.966269936296009102e-01,6.279630961495497044e-01,5.781258469480492213e-02,-6.202797509004154275e-01,3.654719240752541398e-01,5.567133400481438787e-01,-5.476711198566819316e-01,-2.867182931528508005e-01,7.594835402082902309e-01,1.143600844949139578e-01,-6.835654009942071507e-01,3.638458191723620838e-01,6.035334098716103046e-01,-4.967291753319184600e-01,-4.117979030577598176e-01,6.640781836765764501e-01,2.513605215196030862e-01,-4.633088017181393736e-01,6.517585247271703852e-02,1.000000000000000000e+00,1.180818884062515978e-01,-7.465510820788419100e-01,-4.208241004541347918e-02,-1.218495751384799236e-01,-6.219697128121720597e-01,-1.655726756496863905e-01,-6.424684239541993136e-02,8.313214214747700614e-01,1.142071320821231722e-01,-6.564612477543814162e-01,2.632216304565559994e-01,-4.920876880255332653e-01,-6.527280984065678693e-01,-8.916000801495500491e-03,-4.723886969302870664e-02,-5.467368501180666085e-01,-1.572385464669637523e-01,2.864029294301166373e-01,-2.343388031029992047e-01,-6.040199036297324575e-01,1.077995823826147920e-01,5.803106679622048736e-01,-3.859074028770264064e-01,-4.470554402369105729e-01,2.939926635768967400e-01,-7.171010913800569819e-02,-1.254925208136437043e-01,-5.365518040322196924e-01,2.658661145080951083e-01,4.687658891876937961e-01,-4.312243047290771902e-01,-1.876735821459237993e-02,-6.932847529802869113e-01,1.259996446632668521e-01,2.418939763074722527e-01,4.983941961803053378e-01,-1.639703375058874923e-01,4.063988819988436640e-01,6.587020809228347762e-01,-3.132526023083014866e-01,-1.855254390583980506e-01,7.552291219391766841e-01,4.631853991130950310e-01,2.154374963743568849e-01,-7.694254640100820497e-01,-1.927496378785148110e-02,7.758334904307581104e-01,-2.605213669714245839e-01,-7.198523750943951471e-01,4.483969848711637507e-01,4.791589489141893088e-01,-6.711337727528873254e-01,-2.669126506599896476e-01,7.273530718670900841e-01,-6.088809738459695017e-03,-4.337590295799371165e-01,2.833870460368013711e-01,-1.700735052479431242e-01,-1.784392946894352294e-01,-2.022902496025152375e-01,-2.976108505346033994e-01,-1.734463795646566109e-01,-4.981561206500725869e-01,-5.498252996677963078e-02,-7.108195321862881277e-02,-1.415687726694389026e-01
-5.574416128818845406e-01,-5.373275557325171148e-01,-3.734403701658366992e-01,3.547533516985135749e-01,8.474738649631118337e-01,-1.452805848329530858e-01,-3.764849712038172980e-01,7.008215750286600487e-01,4.934328851897618051e-01,-5.407015415770990430e-01,-1.071187400447295122e-02,8.726007776559104867e-01,-3.791406707576645135e-02,-3.814599695218564013e-01,6.825101742725576681e-01,5.410849713219237911e-01,-5.361783188787306864e-01,-3.690695527539734205e-02,8.726993366960691390e-01,4.244876934021628023e-01,-6.540387387879460501e-01,1.180818884062515978e-01,1.000000000000000000e+00,2.541305232429093008e-01,-6.113199140280863864e-01,4.640608952955113664e-01,2.101966336389172463e-01,-6.891138030985067831e-01,-7.858505463693744864e-02,4.537747894457396652e-02,-6.577590656970579985e-01,-2.801436842552481044e-01,9.030439053144985462e-02,4.696008939050334008e-01,-3.358748991014588459e-01,-2.945872073707395677e-01,5.592841954064761145e-01,1.348454532385545968e-01,-3.445237361249239294e-01,3.993703382791879419e-01,3.082165338027696988e-01,-2.300769746587945919e-01,-1.725878754243668489e-01,-1.307864872150859836e-01,-2.125938883208331465e-01,-3.313689321259370990e-01,-9.669270947056617105e-02,-2.602008430962250984e-01,-3.446595512448593079e-01,1.525676675869036270e-01,4.134675234746534311e-01,-2.139823407124377408e-01,1.317367366060077372e-01,4.574231765457792975e-01,5.101688300298833079e-02,4.361890266049979481e-02,3.634224692376384347e-01,-2.057072021904142178e-01,-4.466338408762008938e-01,2.190259100549003524e-01,-4.494734828062058041e-01,-6.824527202359967903e-01,4.095558704785833282e-01,3.360744521835163368e-01,-3.975803409914872022e-01,-8.218026969648341007e-01,-4.604026076073496898e-01,4.434728048270091816e-01,-1.927261691154057432e-01,-8.581275868469374624e-01,9.247101843763521484e-03,4.057957111007330364e-01,-6.243564432362606054e-01,-5.989458472898329111e-01,3.963257013566306441e-01,8.060509167836313327e-02,-8.519734594860433052e-01,-1.758103016598532575e-01,2.062262119764316226e-01,4.159941511718415370e-03,-6.780621314749915030e-01,-4.141234247567510685e-01,1.557905252171179478e-01,-1.784938161321528161e-01,-6.261532535716035110e-03,-9.359986577293773202e-02,1.927312226797977812e-01,9.002151356018719616e-03
-7.235409883461769998e-02,-6.129873884946098750e-01,-5.433359552371758161e-01,-4.815650820966588808e-01,3.100181395614232671e-01,6.211298512535254890e-01,-2.345711702840873325e-01,-2.112099583152736715e-01,6.914504084852149957e-01,2.879137326554993548e-01,-5.198820444846320443e-01,2.258743997485773980e-01,7.415465063917597854e-01,-1.802760341037103198e-01,-2.413500459126486641e-01,6.801691870102901660e-01,3.889078714130340675e-01,-4.230613149972282105e-01,1.020053252104163727e-01,8.024620454596673724e-01,-2.461406415714862891e-02,-7.465510820788419100e-01,2.541305232429093008e-01,1.000000000000000000e+00,1.015531848022516032e-01,5.453846619248781113e-01,4.373574623906223979e-01,-1.461599735789258225e-01,4.216689725800564781e-01,-6.058762837643811849e-01,-5.702162129368532062e-01,6.214113855513765383e-01,2.526038529696381651e-01,7.235860154181811277e-01,2.121256938213079146e-01,2.276913910368796867e-01,5.133252915766539637e-01,2.560465012685434472e-01,1.228468123211202134e-01,1.750303946643962938e-01,1.651168521098448916e-01,1.776779807761108831e-01,1.543001833658486782e-02,-3.032159894860435578e-01,2.785149989557955119e-01,1.368468945267784787e-01,-2.966746726960415304e-01,-2.935956573818820914e-01,-1.546095636692625952e-01,2.815618334236596465e-01,-9.764893444473973783e-02,-4.656611805657351333e-01,1.618111683008441326e-01,2.566563734673912300e-01,4.349561123071558622e-01,-4.341310717558645171e-01,-3.188568071255488273e-02,-6.386540248439186440e-01,-3.124156359023962382e-01,-5.325094883199580353e-01,-6.690506706535281900e-01,-2.605267800143596379e-01,3.437812604304460451e-02,-4.755367712450844220e-01,-3.296132877799726191e-01,-4.387408136377414780e-01,3.616229578716641524e-01,-1.405080643181100541e-01,-8.251774958798476778e-01,-4.280547635368645715e-02,4.027954069979416407e-01,-4.984738885929509422e-01,-6.394687175880258145e-01,3.158503062583884469e-01,9.277042900407125869e-02,-7.331191653922580764e-01,-3.071210498238407527e-01,1.002114710688805366e-01,-3.875336146707075158e-01,-4.919344406273742920e-02,-4.561503818140138361e-02,2.016095236632034493e-01,4.036062593038158286e-01,2.515407228676644902e-01,2.755351369188132060e-01,-1.322418482988970134e-01,-3.607471647531384357e-02,2.270046479047346799e-02
3.866726027636023799e-01,6.500972664042005411e-02,2.588497368267267396e-01,-3.173212212361262163e-01,-4.604182536127928160e-01,4.323762925980398353e-01,5.595887344272428843e-01,-5.140964809823796999e-01,-1.873425191740297757e-01,8.011014567822809518e-01,1.444413563862802230e-01,-5.972667492541187118e-01,3.861780878026035424e-01,6.822070647061457827e-01,-5.004099819056675447e-01,-2.887869370253625112e-01,8.190693115261995505e-01,2.619217369564191267e-01,-6.527563385150199071e-01,2.260828282656801025e-01,9.230863442746773950e-01,-4.208241004541347918e-02,-6.113199140280863864e-01,1.015531848022516032e-01,1.000000000000000000e+00,3.502491570440280366e-02,-4.567165997901596608e-01,5.811819548057475249e-01,7.066170616062750209e-01,6.903490248677990326e-02,2.363706131754189088e-01,4.436801171431530855e-01,4.425827341736535692e-01,-1.859774838859049317e-01,4.387016737397349958e-02,7.057029294838124134e-01,6.673557238006884440e-02,-3.360504791329414487e-01,5.168191271831946709e-01,2.637719158011456733e-01,-3.840818314988432292e-01,-8.361806887668533916e-02,4.900931007544979678e-01,3.459596296285363803e-01,3.236413961151869967e-01,-3.029393800883044621e-02,-1.922013959020870411e-01,-2.818061368767026398e-01,-4.946089139079892782e-02,-4.060413098100204010e-01,-4.034872602642803341e-01,-6.261227294149934730e-02,-5.886883929896837842e-01,-1.414346737127721854e-01,-1.922834853726006210e-01,-6.442227173372796489e-01,-3.461072421602320315e-01,-8.522925678590284604e-02,-5.029945769257206795e-02,-6.777152574626789105e-01,3.916622722533566470e-01,1.620876991696892089e-01,-7.260084121427503590e-01,-2.607708139344103726e-01,6.675877784305416229e-01,6.651702573465743118e-01,1.341966525792227527e-01,-8.579299031247622498e-01,-4.798280157278468627e-02,6.874916994649097335e-01,-3.323821755313444148e-01,-7.561861421031897956e-01,4.065197642048549720e-01,4.002695973973338650e-01,-7.290673746691688217e-01,-3.474446013400678268e-01,6.141717951777408979e-01,-9.025941249566082902e-02,-5.288045710397867305e-01,-1.339066058245466928e-01,6.444225993910205341e-01,4.822302491008546577e-01,9.492838768910302760e-02,3.072068211884108613e-01,-1.316325531544065841e-01,-9.843140826408874888e-02,-2.886545038048103362e-01,-1.332015181695226647e-01
-4.913367092384557933e-01,-7.424298094436297957e-01,-5.511464116647829536e-01,8.575998637092117904e-02,5.821939647984680777e-01,3.666981285268393065e-01,5.798515044263774509e-02,3.308666399987211237e-01,5.783264553116762574e-01,1.666675559598759515e-01,5.907868858687507531e-03,5.553047719179844410e-01,4.945994658707530411e-01,1.278914146710089794e-01,3.209581914958397064e-01,5.599198921299562981e-01,2.017884700912680462e-01,1.079768462095415243e-01,4.635824430683666564e-01,6.103549105690316834e-01,8.146336829897569964e-02,-1.218495751384799236e-01,4.640608952955113664e-01,5.453846619248781113e-01,3.502491570440280366e-02,1.000000000000000000e+00,8.663078654931538961e-03,-5.707653746349308221e-01,5.693168775676820115e-01,-1.065534832001017035e-01,-4.956198533800812989e-01,3.440966993128007356e-01,4.514755482296094469e-01,3.601682176050081674e-01,-9.680306881295022703e-02,4.655518602326112476e-01,3.899227820121413113e-01,-1.890168428152098068e-01,2.529667005829873139e-01,3.745049454672119138e-01,-2.429270620365942823e-01,-1.657022372922957454e-01,2.547110479363660640e-01,1.394397588666947130e-01,1.024570476617711473e-01,-2.290672219953686917e-01,-1.508777642643951422e-01,-1.465684568344602923e-01,-4.369802466936599239e-01,-2.013119931407623964e-01,-2.747826696101265953e-02,-2.136930921680147422e-01,-2.679882891268635103e-01,2.787122154201434610e-01,-5.997157714443972221e-02,-5.480670193814857205e-01,2.240066263370953659e-01,-3.076601489258775080e-01,-6.644033222067056155e-01,-4.645569308772444783e-01,-2.339858931767650196e-01,-6.226634418373978574e-01,-3.098348385974834529e-01,-2.464799836451345150e-02,6.060635764096700823e-02,-4.843621152785060335e-01,-2.487161603513617369e-01,-2.300607694106073520e-01,-4.645876519668928895e-01,-3.768385611487248821e-01,-1.519282310723932272e-01,-3.219175486676111309e-01,-5.237659101938691997e-01,-2.454220085644885918e-01,-1.743481098710026322e-01,-4.010763443775740011e-01,-4.892104050768123491e-01,-4.451253884251903381e-01,-4.414381982966610329e-01,-2.593754483109655395e-01,-3.169090695366027499e-01,6.915322676677121416e-02,4.183595658921156479e-01,3.998117414322789887e-01,4.526205083953623032e-02,-3.015714630518704364e-01,-8.794065092030978192e-02,-7.335193702691010509e-02
-9.167828270159374127e-02,-2.273473145874696233e-01,-5.586064467255348331e-01,-3.902605638326963611e-01,1.957185064538448094e-01,2.032070378332652139e-01,-7.322522187631831381e-01,-2.009930140979998836e-01,5.591915408679974941e-01,-3.000225893256193155e-01,-7.822360330591088262e-01,2.294079183743381878e-01,3.117371728220323379e-01,-8.106118329958813540e-01,-2.757052434458577284e-01,6.167013970368458997e-01,-1.624931620180570802e-01,-8.437270298929859802e-01,1.624791006323370313e-01,7.929150529703836436e-02,-5.920979664303980261e-01,-6.219697128121720597e-01,2.101966336389172463e-01,4.373574623906223979e-01,-4.567165997901596608e-01,8.663078654931538961e-03,1.000000000000000000e+00,3.580820040153806505e-02,-3.814538978754158371e-01,-6.317699164879339024e-01,-1.051876282121455841e-01,3.244592913037113724e-01,-3.231522116036366077e-01,3.463517903378184326e-01,3.866422572789305900e-01,-3.571807625659946805e-01,-2.264487254681172776e-02,3.690394492299162721e-01,-3.975296477525047667e-01,-3.366813617066342079e-01,5.227843019224792664e-01,2.709568183922989593e-01,-6.403419764182952667e-01,-7.646876577071914927e-01,-2.403988393891664521e-01,3.519228614445909509e-01,9.270138520867993170e-02,2.538290408902468820e-01,2.304708878771825620e-01,7.499152196833506201e-01,2.633540407562533492e-01,-2.079450609812125428e-01,7.828818813756969197e-01,2.803815971617695246e-01,6.169691037805293821e-01,3.098248016658246007e-01,1.088100201093744474e-01,-4.708266116936337675e-01,1.332926269334577252e-01,1.566529713130776214e-01,-6.760410988493206208e-01,2.054905225122636847e-01,4.511470313583685332e-01,-5.528252614495012818e-01,-8.332517935691065025e-01,-5.450600650157058080e-01,5.713309111478783731e-01,5.693885050302140982e-01,-6.033548488164590662e-01,-1.846862602252493102e-01,8.560207089942916125e-01,1.185726357212121274e-01,-6.491094369167497158e-01,3.702605457322151739e-01,7.470657830650231368e-01,-4.019608041125680153e-01,-3.358386817417456371e-01,6.064354235655194936e-01,3.107357469214112600e-01,5.422109603619675866e-01,-1.260572713352182683e-01,-4.119838398720165884e-01,-1.721123558355650285e-01,-2.893575244286180626e-01,3.694998791268609417e-01,1.605883757336015738e-01,2.031344248266410135e-01,3.483962663872457455e-01
5.680727358316771669e-01,4.042139945755280350e-01,2.494763603454882295e-01,-4.994208033477590125e-01,-6.427742029406082747e-01,2.047339009553270639e-01,9.192926232329902414e-02,-7.017868434780002440e-01,-2.636173525373181059e-01,4.075014586155731866e-01,-2.269079661862336006e-01,-7.272957878184687086e-01,1.377446768502497421e-01,1.222280595351700333e-01,-7.202878833643840961e-01,-3.438241146760739331e-01,4.675652990568585632e-01,-1.992705041724983639e-01,-7.590316742708992370e-01,-2.115875983495700829e-01,4.556290024889713131e-01,-1.655726756496863905e-01,-6.891138030985067831e-01,-1.461599735789258225e-01,5.811819548057475249e-01,-5.707653746349308221e-01,3.580820040153806505e-02,1.000000000000000000e+00,1.000611566963735960e-01,-1.449557642924783618e-01,5.742854054105062112e-01,3.092945427144264681e-01,-1.223304654719120782e-01,-3.068684462027822524e-01,3.291554381074977553e-01,1.759726902433106366e-01,-2.641241183581989338e-01,-6.283327301695211357e-03,1.667379631179444210e-01,-1.765567048112778592e-01,5.185604533578805179e-03,1.674853825574349475e-01,-2.935794569575594232e-02,-1.926681343441112026e-01,3.197874897037328995e-02,2.835851665882158645e-01,1.004155903667440161e-02,-1.264383860529828991e-02,3.459933912984209936e-01,9.359205626036559700e-02,-2.147902521986100599e-01,-2.206527814416221409e-02,-1.752141720737082631e-02,-2.051547348717241148e-01,1.408111592367262965e-01,-9.473409048467108795e-02,-4.298945928032860686e-01,-4.389559905997108408e-02,4.741885947559804082e-01,-2.427296481983620413e-01,2.247486185531155367e-01,6.463181833362091622e-01,-2.752797272671037021e-01,-4.536635033439619935e-01,1.919981103294033375e-01,6.295337705110182203e-01,5.008130055822371807e-01,-3.089444296511510979e-01,2.490854300714382893e-03,7.128059643916234700e-01,1.850919512746604101e-01,-3.595395925465674769e-01,3.974533767750138558e-01,6.334654178568009941e-01,-1.762719475635103616e-01,-1.940086789529067157e-01,6.729929669985473817e-01,4.516043939407589636e-01,3.011363383182850007e-03,3.766689045767828703e-01,6.613806844136763674e-01,1.496961846931749163e-01,-3.315308037462997293e-01,-1.714683883895792016e-01,6.390007426367202981e-02,3.366834449949887009e-01,-2.803824973325143993e-02,1.709322362524201833e-01
1.329632836029002139e-02,-3.935500651380874348e-01,-1.090083572363975684e-01,-1.823068156989856858e-01,6.681445053358185671e-02,4.891799035058243539e-01,4.062583136234185766e-01,-1.261370869613787637e-01,2.042135249328251023e-01,6.304580768228627008e-01,1.361304777732879612e-01,-5.832076422997963666e-02,5.363438611791245814e-01,5.724332438459990291e-01,-1.134211407338919786e-01,1.048028499244269274e-01,6.661099418824864005e-01,2.898819468991438719e-01,-1.560421777133174370e-01,5.961601847312506530e-01,6.733821214735207228e-01,-6.424684239541993136e-02,-7.858505463693744864e-02,4.216689725800564781e-01,7.066170616062750209e-01,5.693168775676820115e-01,-3.814538978754158371e-01,1.000611566963735960e-01,1.000000000000000000e+00,7.571432870638536428e-02,-2.163755159628572289e-01,5.008864703966591225e-01,6.887366764513768169e-01,1.265638800649273310e-01,-1.275802926726284925e-01,8.317452169685337626e-01,3.997076767656638774e-01,-3.544563783272697277e-01,5.349932728676267679e-01,5.578448338714956378e-01,-4.005970928353107530e-01,-2.070400885785585177e-01,5.385375776461505115e-01,3.442876415739250517e-01,2.981306516331550527e-01,-2.115942417999142622e-01,-2.756936218574868591e-01,-4.825610335848680155e-01,-4.287535773689296614e-01,-4.058328854482450843e-01,-2.629660937780032293e-01,-2.777385287343794862e-01,-6.442745470038495625e-01,1.317162481228161541e-01,-2.127779040577067737e-01,-8.957531307585319125e-01,-1.308190346238035651e-01,-2.371600435080717384e-01,-4.754188335171862234e-01,-7.870552437707906135e-01,1.367334542536088604e-01,-3.429828777890711056e-01,-6.716940760267601229e-01,-1.243061437483373999e-01,5.330562675835703867e-01,1.661754374906957155e-01,-9.963518500922861898e-02,-7.469382367007910695e-01,-2.671663144120119404e-01,2.297443298258632083e-01,-3.861117925096951287e-01,-6.954522642870241134e-01,3.928548725465889208e-03,6.719790150676666074e-02,-6.495744846117544880e-01,-4.286903505324625718e-01,1.160381567765051830e-01,-3.452532912568710977e-01,-5.913135606436926706e-01,-2.256022749762818524e-01,2.437258454550974562e-01,3.767332864923430558e-01,3.362633396953120246e-01,3.456709164329101469e-01,-1.151182735329783630e-01,-1.861321990012543837e-01,-2.577988374098549307e-01,-1.405626517244590590e-01
-2.158104677357369425e-02,2.517170847654059407e-01,3.591011444090178029e-01,4.539745341965845671e-01,-4.251575510174022878e-04,-4.779531203610549728e-01,3.518212931743806005e-01,4.051604999403846663e-01,-5.070465029041517635e-01,-1.589337968022839220e-01,6.585952453225678571e-01,1.049493192642828900e-02,-5.568069862018550920e-01,3.917572300881671521e-01,4.665645114973621110e-01,-4.709804411240450239e-01,-2.615638855250743133e-01,6.092213082854351924e-01,1.374624276140930523e-01,-3.479684031262161303e-01,1.588750034300689395e-01,8.313214214747700614e-01,4.537747894457396652e-02,-6.058762837643811849e-01,6.903490248677990326e-02,-1.065534832001017035e-01,-6.317699164879339024e-01,-1.449557642924783618e-01,7.571432870638536428e-02,1.000000000000000000e+00,6.965760261690159827e-02,-6.904039429226455082e-01,4.189861867032318443e-01,-5.664598309333807036e-01,-7.705843667740301939e-01,1.061047581579975391e-01,-3.524218413720822327e-03,-6.051833336589982348e-01,-1.364279419991117626e-01,3.631602165241692992e-01,-2.464204174976303285e-01,-6.298786948296097865e-01,1.489923815143914532e-01,6.493414025104997656e-01,-2.751030105313742036e-01,-3.650616669394349256e-01,2.688712112472470550e-01,-2.048705905218572154e-01,-2.517475368956561543e-01,-5.324118399589828909e-01,2.251074629654764847e-01,4.128707014032947376e-01,-4.486693022738688641e-01,-2.965717561168196639e-02,-7.258999305611990582e-01,3.295929424051473322e-02,2.986597297322759470e-01,5.442923641828405490e-01,-1.732493934935957491e-01,3.029950060608420093e-01,6.679338059622547119e-01,-3.177229379277313748e-01,-2.417044314093963198e-01,7.193408674155886695e-01,5.125906021658477307e-01,2.698637225090476099e-01,-6.441979994304936064e-01,-1.207631795130671704e-01,7.154386863127343288e-01,-1.275880962467356716e-01,-7.036291183813896399e-01,3.172774480275452613e-01,5.011831447829537822e-01,-5.666447985295467449e-01,-3.372937090647824543e-01,6.350374647462795341e-01,6.772481209008775205e-02,-4.210063005858422636e-01,2.423117201557767886e-01,-1.406367929774202385e-01,-7.362366423031083129e-02,-6.907876278326255393e-02,-2.759955869821609231e-01,-1.171247722647081463e-01,-5.922159666534543287e-01,-1.440678629317919679e-01,-2.154022448646815135e-01,-1.882279765728701593e-01
3.192242691738085836e-01,5.436773522213460552e-01,2.912388428763688641e-01,-8.848717175004823521e-02,-6.094663190570113187e-01,-1.293042506684684012e-01,1.629308165437347578e-01,-3.872500375643462278e-01,-4.489507122486200985e-01,1.403928724884042634e-01,3.338972041314672984e-02,-5.761464642673720382e-01,-2.097032900043363790e-01,1.041827977241487624e-01,-4.036779335023204518e-01,-4.955614952596666400e-01,1.327219776201868651e-01,-7.693441978833068066e-03,-5.582868057307720511e-01,-6.215171834688346664e-01,2.724176805757907438e-01,1.142071320821231722e-01,-6.577590656970579985e-01,-5.702162129368532062e-01,2.363706131754189088e-01,-4.956198533800812989e-01,-1.051876282121455841e-01,5.742854054105062112e-01,-2.163755159628572289e-01,6.965760261690159827e-02,1.000000000000000000e+00,2.293479528655435404e-02,-4.260582207789671005e-01,-7.901236795541231039e-01,4.275197668079314117e-01,8.596257266294869692e-02,-7.755721081386233173e-01,-1.104192417015778804e-01,1.988828236468022093e-01,-4.840624630441655030e-01,-2.538774812442071149e-01,2.146754393016972462e-01,-1.910865331130687933e-02,-1.651087464658751100e-02,-6.786893654442202606e-02,2.450982220001487744e-01,2.374512632781356214e-01,4.680709322149561036e-01,3.013786560689573069e-01,-5.905829089304036328e-02,-1.886875795066553230e-01,2.585508644395289601e-01,-2.867422934991370031e-03,-3.597143812135868979e-01,-8.103521428582456665e-02,2.041676869339251466e-01,-2.168246394991368842e-01,3.234988029163788914e-01,4.740643175228285155e-01,8.151487569931054056e-02,4.693173974505550627e-01,6.600018682782358148e-01,-2.542856597819449505e-01,-1.861473875752332752e-01,2.599439388332437928e-01,6.143873072835956961e-01,2.691079851777061771e-01,-9.011775037931818444e-02,3.577339907777030703e-01,5.281171788519323229e-01,1.069843176279435329e-02,-1.263884423869402265e-02,5.410798777099004031e-01,3.275512688675625839e-01,-1.325749740043398461e-01,1.815329559021232608e-01,6.142657352085912903e-01,2.085093208211445670e-01,1.088892122044941013e-01,2.375425399992847630e-01,4.412757554501602897e-01,6.502041034305439116e-02,-3.346091482244863413e-01,-7.196198471944023622e-02,1.387650052613912874e-02,2.021833361236455295e-01,-2.124736648424790583e-02,7.742984228806390479e-02
9.118490161146636241e-02,-3.321619937460357219e-01,-3.342457183068897608e-01,-4.998833111876576085e-01,-1.048972765728805184e-01,6.489851942476659863e-01,-1.137047490622420352e-02,-4.976051318707637172e-01,4.337524555162924900e-01,5.321927117564924092e-01,-4.607424904546326694e-01,-1.795550989503048311e-01,7.198762278441508400e-01,2.847238562239091247e-02,-5.444370909298393846e-01,3.662381719998785146e-01,6.373421025022613096e-01,-3.622590062140204625e-01,-3.158097829653647715e-01,4.340934578533590660e-01,3.368917791360966363e-01,-6.564612477543814162e-01,-2.801436842552481044e-01,6.214113855513765383e-01,4.436801171431530855e-01,3.440966993128007356e-01,3.244592913037113724e-01,3.092945427144264681e-01,5.008864703966591225e-01,-6.904039429226455082e-01,2.293479528655435404e-02,1.000000000000000000e+00,1.303271294055549923e-01,2.708090160587051654e-01,5.861222214194033997e-01,5.327416970753416914e-01,3.215197665204194699e-02,8.980376957964722462e-02,4.188656411601816565e-01,-1.195555920432488095e-02,-1.076990479704084958e-01,3.199874265897156289e-01,1.484486437125868141e-01,-2.851969896655301984e-01,2.839112415185204297e-01,1.724100056464441255e-01,-2.608871434971214431e-01,-3.513915171880832578e-02,-6.571101371905796462e-02,1.789094037182991925e-01,-2.646179140889913795e-01,-4.054733787221211361e-01,-1.184646991018279555e-02,1.534661101580657161e-01,3.689408744415424990e-01,-5.378705087820567776e-01,-2.774738277266910469e-01,-5.066811131912960509e-01,-1.017284165296496734e-01,-6.798214255482590840e-01,-3.125894091361364757e-01,1.950060946874581091e-01,-3.399729254165605452e-01,-7.425230311347036372e-01,-5.614269558547742289e-02,1.685548058295436788e-02,5.465096650250914623e-01,-3.663655782466093691e-01,-6.687450069044453826e-01,3.673545604019470279e-01,3.573340524867952284e-01,-6.778206639079289442e-01,-2.950284568942477814e-01,5.781347023760038395e-01,-1.282994233712673460e-01,-7.379827724107232978e-01,1.474451959463915218e-01,1.874033003690416810e-01,-4.835643910064826856e-01,6.438880885010767052e-02,3.076163103805961696e-01,2.304921284019978145e-01,2.809667396026216957e-01,2.606069325962032113e-01,3.442452149788306492e-01,1.527716162052757294e-02,-4.386040217366960620e-02,1.153348272264250463e-01
5.743483548388880061e-03,-2.495273498110875954e-01,-8.696243067763263779e-02,-1.970294310776978322e-02,1.462494163875098507e-01,1.189280142770156867e-01,3.374306187092260267e-01,1.284103516238121745e-01,2.818353779941266957e-02,2.994629231755397414e-01,3.021139250174005864e-01,7.744763752393067635e-02,1.838236598412582301e-01,4.364292002029475648e-01,1.413545303028162781e-01,6.279682070694726781e-02,2.999660982871160675e-01,3.053781658926816855e-01,7.750548278295435467e-02,3.375786217572486203e-01,4.108175960698132734e-01,2.632216304565559994e-01,9.030439053144985462e-02,2.526038529696381651e-01,4.425827341736535692e-01,4.514755482296094469e-01,-3.231522116036366077e-01,-1.223304654719120782e-01,6.887366764513768169e-01,4.189861867032318443e-01,-4.260582207789671005e-01,1.303271294055549923e-01,1.000000000000000000e+00,7.264419559035023566e-02,-6.688228951156059976e-01,5.923587001452516043e-01,5.047232397126050207e-01,-6.467101980038477693e-01,4.104454929952750658e-02,6.219282276369536566e-01,-2.026943909368703334e-01,-6.656219986516966891e-01,2.115432830551962906e-01,5.048142103455752761e-01,-1.197459000251064887e-01,-3.371363116626065470e-01,6.790306895160579115e-02,-5.160767428171876281e-01,-3.569807411337589387e-01,-4.062345104112128902e-01,1.554911401654452408e-01,8.877488640490542593e-02,-4.873484362002137860e-01,2.499617012935790861e-01,-4.847992621043551997e-01,-5.586877055988477281e-01,2.183738014101065661e-01,-1.419420785343440961e-01,-5.477481225203882920e-01,-3.266178704286199497e-01,2.475875421249838504e-01,-5.631754242520968790e-01,-5.168592304404407978e-01,2.350862552296685559e-01,4.112488997359450837e-01,5.470571642530403650e-02,-3.153318199265521815e-01,-4.853984015085103798e-01,-3.417549014291017262e-02,-4.590795025483986069e-04,-4.500339753623111561e-01,-3.352886710613472987e-01,2.840108563088948254e-02,-1.876788642769859905e-01,-4.551555941647161263e-01,-1.150317494178871025e-01,-4.030546709705259967e-02,-3.399097480141676786e-01,-2.307890013938502793e-01,-2.462114776647493231e-01,4.624971796291955928e-02,1.581052174258092968e-01,5.907345237057531895e-02,1.687796979173317169e-01,-4.238415812966980778e-01,-2.730290605216780242e-01,-3.212391678846852616e-01,-1.628640948383851816e-01
-1.250212390014894814e-01,-4.646177914599511904e-01,-3.285065911924798243e-01,-2.046277191681813157e-01,4.161368447202294929e-01,2.946903680040146578e-01,-2.847761418116773746e-01,6.504755132414462293e-02,5.217772997517048372e-01,-2.654888348926316699e-02,-3.230193594817271086e-01,3.733822611262920810e-01,3.937141850266904775e-01,-2.345585737608701926e-01,3.726328017350810651e-02,5.163150105287555025e-01,3.831766009654856420e-02,-2.678391724134345231e-01,2.743443459196593937e-01,6.702676704093709636e-01,-2.728592895901364446e-01,-4.920876880255332653e-01,4.696008939050334008e-01,7.235860154181811277e-01,-1.859774838859049317e-01,3.601682176050081674e-01,3.463517903378184326e-01,-3.068684462027822524e-01,1.265638800649273310e-01,-5.664598309333807036e-01,-7.901236795541231039e-01,2.708090160587051654e-01,7.264419559035023566e-02,1.000000000000000000e+00,4.092909039289756301e-02,-1.767637137002964764e-01,6.856092643783570084e-01,4.749581833851238000e-01,-6.141042636016322970e-02,2.046267891081523516e-01,3.524853731733655349e-01,1.592355760214747562e-01,-1.743992438249164501e-02,-2.823368869640623946e-01,2.358514132858842427e-01,-1.967772947011353982e-02,-3.590149272969947458e-01,-3.230528398194291162e-01,-7.480932476689076960e-02,2.832060582809777238e-01,8.403349461521858119e-03,-4.229746885760617414e-01,2.004340671311362343e-01,2.205782653195339504e-01,4.637348907067630477e-01,-1.723325083419741388e-01,-1.289688174758730210e-01,-5.462750360985544340e-01,-1.891241192107872005e-01,-2.168678836365869611e-01,-6.972300129699107174e-01,-3.419196010809827380e-01,3.636907169781758986e-01,-1.796376997903210149e-01,-4.258839850621927714e-01,-5.466220723513900426e-01,1.140955291488935514e-01,1.092484433928036514e-01,-5.873364360705006781e-01,-2.870257200738702275e-01,3.290168783517968820e-01,-1.494336540939139035e-01,-5.896781162092512574e-01,6.245863323453983151e-02,2.388908606450327321e-01,-4.233635354767886216e-01,-4.327627484940185232e-01,9.566958629712203621e-02,-2.101744701888585976e-01,-1.581133912827293597e-01,-2.909966570535110764e-01,2.136518389013521146e-02,3.956682609841603027e-01,1.153125910997780390e-01,3.094132081044489446e-01,-1.207124817821184429e-02,1.649804903616571283e-01,3.661847407573597113e-02
9.638557428644617397e-02,-7.105624837901888986e-03,-1.322706479635959442e-01,-3.350739047384520553e-01,-2.415859032721828226e-01,3.716027095683269166e-01,-1.670070189917164383e-01,-4.638870752790562046e-01,2.360763140488165712e-01,2.111409898334805357e-01,-4.953125913743345321e-01,-2.331117192980679820e-01,3.714367292793728792e-01,-2.268798231447006486e-01,-4.969635144498653068e-01,1.436751455009951384e-01,2.790903271299736144e-01,-4.030044282053665272e-01,-3.313947162368582333e-01,3.404508392952193541e-02,1.540119646656549698e-02,-6.527280984065678693e-01,-3.358748991014588459e-01,2.121256938213079146e-01,4.387016737397349958e-02,-9.680306881295022703e-02,3.866422572789305900e-01,3.291554381074977553e-01,-1.275802926726284925e-01,-7.705843667740301939e-01,4.275197668079314117e-01,5.861222214194033997e-01,-6.688228951156059976e-01,4.092909039289756301e-02,1.000000000000000000e+00,1.062835058910818753e-02,-4.577267186158900381e-01,5.423882630254396320e-01,4.031642825815087705e-01,-5.209216303434620610e-01,-5.788304757705856757e-02,8.016318811521429000e-01,4.454869421486513936e-02,-5.430169412005845242e-01,3.851594285148641772e-01,4.341152184932240421e-01,-2.421843641340594433e-01,4.120881889903387774e-01,2.076253282362587604e-01,3.587902713714494207e-01,-4.409765105549497410e-01,-3.642768796517721896e-01,2.715435998502055970e-01,-1.832993083480655150e-01,5.933846745969589831e-01,-1.658315901285703498e-02,-4.019995142612023953e-01,-1.912028120423803212e-01,3.484109832983572352e-01,-2.882940307215440257e-01,-3.452444352884349588e-01,5.972743551945314255e-01,9.083794569348978276e-02,-6.943152702204089533e-01,-2.554729013921783753e-01,5.729562452201139577e-02,6.044323060731257025e-01,3.445826611464977707e-02,-3.896761342959728092e-01,3.145120884913378823e-01,5.156955477512450425e-01,-2.606060295168901586e-01,-1.475772635432268387e-01,5.412832242376324210e-01,1.605756535591552070e-01,-4.110229170674070676e-01,2.033064212142697835e-01,3.036720944170848702e-01,-2.246716753606734229e-01,2.026470301370468241e-01,2.326147809551697698e-01,1.239813526224377710e-01,1.750690335204828918e-01,1.115662789920547487e-01,5.151236749938862269e-01,1.623082927006653242e-01,1.410360247113028043e-01,1.471602681260820722e-01
8.708462393657265266e-02,-2.184619446924619124e-01,-1.144568513903544554e-01,-2.101212100570480357e-01,-1.468118085644722348e-01,4.037461434263162618e-01,4.307041813885579828e-01,-2.218854786802801904e-01,6.147805788128940518e-02,6.142915922246038329e-01,1.383638935585009000e-01,-1.991701473228364994e-01,4.327049175700362071e-01,5.505855879990504409e-01,-1.558352719694046373e-01,-6.151481956429138455e-03,6.393909872724943266e-01,2.995177852285139664e-01,-2.433679711933750267e-01,2.889439552538412004e-01,7.178648563351056611e-01,-8.916000801495500491e-03,-2.945872073707395677e-01,2.276913910368796867e-01,7.057029294838124134e-01,4.655518602326112476e-01,-3.571807625659946805e-01,1.759726902433106366e-01,8.317452169685337626e-01,1.061047581579975391e-01,8.596257266294869692e-02,5.327416970753416914e-01,5.923587001452516043e-01,-1.767637137002964764e-01,1.062835058910818753e-02,1.000000000000000000e+00,1.518887801559258739e-02,-5.553890962684848720e-01,6.506464386301690217e-01,3.275921363679469844e-01,-6.645066479444610152e-01,-1.869922469139791155e-01,5.216692237102642515e-01,4.018170599946322974e-01,2.376499545783140044e-01,-2.119338905203064019e-02,-3.962599063369594971e-02,-2.330360475490076966e-01,-3.049329048189873825e-01,-5.095496439412668943e-01,-3.808710541605129785e-01,-6.913001469002461041e-02,-6.214503027953752756e-01,-5.340295724997005250e-02,-3.077285190431680029e-01,-7.940675194143410609e-01,-9.350818487568822446e-03,-5.938967865214921787e-02,-4.689774117230933737e-01,-6.817657555361034127e-01,2.813294017851638018e-01,-1.610754745447035841e-01,-7.376070057652310830e-01,-1.552779343060479711e-01,5.688368536356407379e-01,2.934979365077097224e-01,-3.745712998232254842e-02,-6.884131529985675346e-01,-1.359807886709807900e-01,3.075257837300480190e-01,-3.679413444789564891e-01,-6.061108205296579232e-01,1.293323879230441342e-01,9.309797584531756542e-02,-6.223299858888826641e-01,-3.206513764826307011e-01,2.305065868069461621e-01,-3.985703074036210936e-01,-4.979173940140812493e-01,-1.279597367334909530e-01,3.950285419452695401e-01,3.803738084235795402e-01,1.840109329655881254e-01,3.196276546476322644e-01,-1.401682811025814490e-01,-1.606724096711004968e-01,-2.660854204602192685e-01,-9.610981211825798953e-02
-1.335991037199083242e-01,-4.663721427259033270e-01,-1.248579017338847935e-01,-9.564978281602042054e-04,5.068360291124479611e-01,1.694014825187209472e-01,-7.461047972381508464e-02,2.484174631401059319e-01,3.529398740391357370e-01,7.622017682198127878e-03,1.461085297040732060e-03,3.872458873512686361e-01,2.416950286729029895e-01,3.687356549860822119e-02,2.111813639587011571e-01,3.559386442253421601e-01,4.101413556433591845e-02,1.624089595797480190e-02,3.308489448941156486e-01,7.065686269713058465e-01,-7.557143902817620162e-02,-4.723886969302870664e-02,5.592841954064761145e-01,5.133252915766539637e-01,6.673557238006884440e-02,3.899227820121413113e-01,-2.264487254681172776e-02,-2.641241183581989338e-01,3.997076767656638774e-01,-3.524218413720822327e-03,-7.755721081386233173e-01,3.215197665204194699e-02,5.047232397126050207e-01,6.856092643783570084e-01,-4.577267186158900381e-01,1.518887801559258739e-02,1.000000000000000000e+00,8.507190057569875841e-02,-1.846587617838265916e-01,7.411706528161995378e-01,3.788703660514726734e-01,-3.354100673214951978e-01,9.232487280046046407e-02,4.586310880922272321e-02,6.169963162508532162e-02,-4.125524040828615346e-01,-3.902255828397292459e-01,-7.367425460584897667e-01,-3.777530756843898718e-01,3.185555375481833457e-02,2.579022348454330649e-01,-3.963158269321757077e-01,-1.836639608403619894e-01,4.704047627546808497e-01,5.982766929148349705e-02,-3.722623055061454189e-01,-1.516122301256744550e-03,-4.401708294436414426e-01,-3.645814960097296109e-01,-2.303365433541913754e-01,-3.243176032478001791e-01,-5.857077104426718916e-01,6.536325656798497308e-02,1.404471430904380702e-01,-4.310573596256474932e-02,-3.895797754935805823e-01,-2.337987241169940944e-01,-1.229134323610712037e-01,-3.156469767579346275e-01,-3.025144618714914468e-01,-9.440654907730118561e-02,-1.552370042972626429e-01,-3.641695152171870453e-01,-1.899329170971091885e-01,-4.622920944499473578e-02,-2.238473091762175071e-01,-3.899543057790886835e-01,-5.511767938084036894e-02,-1.598065266890162650e-01,-1.885737270007653288e-01,-2.721067166571228824e-01,-8.791967164083796388e-03,3.148856454734135779e-01,6.066497848220325784e-02,-6.450241528861529183e-02,-1.572743668917234161e-01,5.712491555050927192e-03,-4.975370066281500220e-02
-3.965364193958745287e-02,-9.301345044293299336e-02,9.263600876413190591e-03,-1.002282077170538743e-01,1.231366240676262658e-01,1.662225664198016262e-01,-3.383790451786580222e-01,-1.121704928737991963e-01,2.783486533077147440e-01,-1.318650533956475523e-01,-4.033135153641296267e-01,8.236785986743569432e-02,1.487231327668207537e-01,-3.632493968768506498e-01,-1.815445790090767231e-01,1.790928399845343189e-01,-7.996165922205066001e-02,-3.468856976815638538e-01,-2.198748909664753962e-02,2.538461433243755505e-01,-3.806977805653070090e-01,-5.467368501180666085e-01,1.348454532385545968e-01,2.560465012685434472e-01,-3.360504791329414487e-01,-1.890168428152098068e-01,3.690394492299162721e-01,-6.283327301695211357e-03,-3.544563783272697277e-01,-6.051833336589982348e-01,-1.104192417015778804e-01,8.980376957964722462e-02,-6.467101980038477693e-01,4.749581833851238000e-01,5.423882630254396320e-01,-5.553890962684848720e-01,8.507190057569875841e-02,1.000000000000000000e+00,5.370122881484748478e-02,-2.144195993335870354e-01,4.582300830643712408e-01,7.935240186295171583e-01,1.034380737519098072e-02,-5.731110320205151654e-01,4.705806390514504223e-01,1.005930368205453507e-01,-5.699305809238716103e-01,6.299373649433720468e-02,-1.315765856658272955e-02,5.206765180421676353e-01,-1.635461838320247385e-01,-5.994486364018783986e-01,3.522253859868365033e-01,2.494722038230289159e-03,7.086867294722448696e-01,1.912513778676770138e-01,-4.639996946803331968e-01,-2.084149830921218360e-01,4.601258855180989094e-01,-7.684978501693697298e-03,-5.723926011316488038e-01,3.063401853239311468e-01,5.671779669825420811e-01,-3.432375563742933733e-01,-4.725757879382145865e-01,-2.374462541226711743e-01,3.402061579271659641e-01,2.887216540529867204e-01,-3.008694942819578055e-01,-2.522203570441000631e-02,4.747171796417035128e-01,4.199572461166617421e-02,-2.549178011592849735e-01,2.540167927966563988e-01,3.408589419146216271e-01,-1.916040260323240985e-01,-8.762170412403136321e-02,3.453982113289202349e-01,-6.015670434182032039e-02,6.113023985258312504e-02,-2.060865711213582530e-01,-4.517453293360103317e-02,2.534825288963933332e-01,8.956337553065189111e-03,4.445357498119171247e-01,1.483784585899983466e-01,2.556366739597446536e-01,9.016624386510030398e-02
1.283038998724517765e-01,-9.692267416716089656e-02,7.722834718854140745e-02,-1.267471903809034017e-01,-2.100032343545663593e-01,3.506018593657502236e-01,4.933008891372877569e-01,-2.024075995897519353e-01,-3.132327620236879939e-02,5.650878718356386887e-01,1.741280268389920338e-01,-2.451288847986448638e-01,3.242452502269321801e-01,5.581977238946417286e-01,-1.473017491909807408e-01,-1.979705482375172521e-01,5.744793943524709734e-01,4.154675170113049654e-01,-3.357452516736901815e-01,2.583791250951653629e-01,6.220325504228675362e-01,-1.572385464669637523e-01,-3.445237361249239294e-01,1.228468123211202134e-01,5.168191271831946709e-01,2.529667005829873139e-01,-3.975296477525047667e-01,1.667379631179444210e-01,5.349932728676267679e-01,-1.364279419991117626e-01,1.988828236468022093e-01,4.188656411601816565e-01,4.104454929952750658e-02,-6.141042636016322970e-02,4.031642825815087705e-01,6.506464386301690217e-01,-1.846587617838265916e-01,5.370122881484748478e-02,1.000000000000000000e+00,4.277638658481894285e-02,-7.662348936549591150e-01,4.320069013404237990e-01,8.221587261921153855e-01,2.937719989732807124e-01,7.248082669398528965e-01,1.103314939876857970e-01,-3.547111414295300857e-01,-2.582861360498175940e-02,-2.495479997577416120e-01,-5.284170099868782389e-01,-8.039131797492299336e-01,-2.864895373456544658e-01,-6.327424941069169639e-01,-4.171108022983974761e-01,-1.388523059322755923e-02,-6.270948150628140594e-01,-4.480379739274260587e-01,1.224476958046388092e-01,-4.292397060705004097e-02,-6.658544011539394569e-01,1.707891041058396397e-01,8.210744565273900286e-02,-4.491989467580521089e-01,-1.787325950948302489e-01,5.035861684995784904e-01,3.660627880945675483e-01,2.017537850441924151e-03,-6.056904660221882342e-01,-4.536483698216445259e-02,3.475741511081916202e-01,-3.223147687585539156e-01,-5.181401307560772329e-01,2.318488237920132700e-01,1.199389779703427111e-01,-6.018371460300884213e-01,-2.212260700161524651e-01,3.125533046273826776e-01,-4.390921891327282389e-01,-6.028440656195429570e-01,-2.547045048295423775e-01,3.042418916213348035e-01,4.750730452090015099e-01,3.263082583719962293e-01,4.361263757432496391e-01,7.975462956919915358e-02,-2.853675451278838912e-02,-1.195104265911314384e-01,-1.576659857541837240e-01
-2.486834479018171506e-01,-4.013427804010250011e-01,7.935056310768566490e-02,2.769394182042547170e-01,4.488085792848506839e-01,1.039450311972273944e-01,1.504782238566114982e-01,3.424222324962011843e-01,1.769945021254348549e-01,6.840983569421335564e-02,2.583662136879552595e-01,3.273604574548459323e-01,9.519675416783901500e-02,2.920383020171240518e-01,3.566172644858464080e-01,1.543940435805065681e-01,7.018949369006048655e-02,3.322435985952890691e-01,3.260277884735530707e-01,5.184701277398804375e-01,1.608464346985768456e-01,2.864029294301166373e-01,3.993703382791879419e-01,1.750303946643962938e-01,2.637719158011456733e-01,3.745049454672119138e-01,-3.366813617066342079e-01,-1.765567048112778592e-01,5.578448338714956378e-01,3.631602165241692992e-01,-4.840624630441655030e-01,-1.195555920432488095e-02,6.219282276369536566e-01,2.046267891081523516e-01,-5.209216303434620610e-01,3.275921363679469844e-01,7.411706528161995378e-01,-2.144195993335870354e-01,4.277638658481894285e-02,1.000000000000000000e+00,6.694461820008539010e-02,-4.196203221109258696e-01,4.012812676078003071e-01,3.233692175960362070e-01,1.075064145039002356e-01,-6.530660895703952473e-01,-4.761417216824802012e-01,-8.105752553679157479e-01,-7.186201720326956810e-01,-2.669262612755967101e-01,2.135956953142209291e-01,-4.147392718446799020e-01,-5.567229293387039313e-01,5.437014332386812532e-01,-2.392633315053645793e-01,-5.248706391597868226e-01,7.472453272551725367e-02,-1.065018226637669402e-01,-4.600557475814885389e-01,-2.909076428782416124e-01,6.049299821277529660e-02,-5.168765840924144372e-01,-2.521450676557077664e-01,2.345481378502116410e-01,2.997153710996618425e-01,-1.621082275248661719e-01,-4.861233396069135071e-01,-3.033044317279504631e-01,-1.203851637126390761e-02,-2.674319332291103524e-01,-4.440374450583915444e-01,-1.326523153245449393e-01,-9.513322917729245820e-02,-3.937688819824465836e-01,-3.128837408638596163e-01,-5.853996702104217846e-03,-2.716589242697036721e-01,-3.032594986139057203e-01,-1.822728185607245810e-01,-1.471523940402493236e-01,-1.738708365244331644e-01,-6.337472626146664623e-02,2.305410753689126069e-01,1.809484175971234204e-02,-2.614895356020298101e-01,-2.665778104323315856e-01,-1.003440650875467716e-01,-1.240353896582433307e-01
-9.561306290382778905e-02,-5.718386148244284511e-02,-4.738868900996119626e-02,-3.742540969458592326e-02,2.368306436847850971e-01,-2.633922477754165048e-02,-5.775562324163475703e-01,-2.075241048765943258e-02,2.628762843604181554e-01,-3.734173698894722726e-01,-4.381651463587197814e-01,1.754647036235862101e-01,-8.736196191311211556e-03,-5.809905850888358314e-01,-1.215324902674286972e-01,3.251074648171034531e-01,-3.157105746079192921e-01,-5.838316453554978080e-01,1.648360022041025219e-01,1.011704655084981891e-01,-5.648142272811267350e-01,-2.343388031029992047e-01,3.082165338027696988e-01,1.651168521098448916e-01,-3.840818314988432292e-01,-2.429270620365942823e-01,5.227843019224792664e-01,5.185604533578805179e-03,-4.005970928353107530e-01,-2.464204174976303285e-01,-2.538774812442071149e-01,-1.076990479704084958e-01,-2.026943909368703334e-01,3.524853731733655349e-01,-5.788304757705856757e-02,-6.645066479444610152e-01,3.788703660514726734e-01,4.582300830643712408e-01,-7.662348936549591150e-01,6.694461820008539010e-02,1.000000000000000000e+00,2.320518148793894800e-02,-6.228035316868183457e-01,-5.872739545960260488e-01,-3.092787657229776332e-01,-1.640304127577948690e-01,-1.861114888526644306e-01,-1.522375801391476491e-01,6.986074827561658540e-02,7.623269660803980718e-01,6.254311779218051370e-01,-2.636524883900242533e-01,6.111620825270969171e-01,5.348221814504111604e-01,4.224293128247295082e-01,4.003622196888627083e-01,3.812492640995569088e-02,-3.753116115479454007e-01,2.376637145114281757e-01,3.431146039138032733e-01,-4.696214639521325007e-01,1.148582010567373302e-01,5.272122642224804645e-01,-1.868264816442460341e-01,-5.975789255198757921e-01,-3.791640217178845473e-01,2.520226474380342641e-01,4.795437513738255997e-01,-2.530334267542246329e-01,-1.799136945119044484e-01,5.265882180100788235e-01,2.413227725260465861e-01,-3.468747068250587207e-01,1.630595555675730113e-01,5.698223275925953235e-01,-8.908017919388830363e-02,-2.279998291441520941e-01,6.307444803234734110e-01,3.431611962576456842e-01,2.814230392542430570e-01,-2.578955746008446681e-01,-3.871683661575864299e-01,-8.584683855549574139e-02,-3.264963652308730535e-01,1.818304638130342765e-01,7.595549648699190248e-02,1.885385210307888582e-01,1.937938746822559510e-01
2.385989386727882522e-02,-1.940215514586168463e-02,1.938447604327206072e-02,-1.798853012821950148e-01,-1.361659954237580961e-01,3.142628137604029370e-01,-1.328887617953282141e-01,-3.225549171287305783e-01,1.987802060512199043e-01,1.385056785074302577e-01,-3.828204229545384973e-01,-1.514012678429317860e-01,2.674319823042496935e-01,-1.680972063385382798e-01,-3.417183187059416039e-01,7.118034661326873291e-02,1.881557383253389670e-01,-2.438254081185563804e-01,-2.473284856058012571e-01,1.092250040818105450e-01,-5.706309190467506037e-02,-6.040199036297324575e-01,-2.300769746587945919e-01,1.776779807761108831e-01,-8.361806887668533916e-02,-1.657022372922957454e-01,2.709568183922989593e-01,1.674853825574349475e-01,-2.070400885785585177e-01,-6.298786948296097865e-01,2.146754393016972462e-01,3.199874265897156289e-01,-6.656219986516966891e-01,1.592355760214747562e-01,8.016318811521429000e-01,-1.869922469139791155e-01,-3.354100673214951978e-01,7.935240186295171583e-01,4.320069013404237990e-01,-4.196203221109258696e-01,2.320518148793894800e-02,1.000000000000000000e+00,2.173971088490439518e-01,-4.916839360962963479e-01,6.418962184395433646e-01,3.135542470528143721e-01,-5.019081209484861361e-01,2.978372399200093223e-01,2.390306231908462600e-02,3.329239335859313087e-01,-5.123077666731555846e-01,-5.204196612424187851e-01,1.860627673249497793e-01,-2.315528356196250026e-01,6.119348362984914358e-01,3.132671196091211391e-02,-4.824575068384720500e-01,-4.729859175031965457e-02,4.509303275735077055e-01,-2.263560788048061823e-01,-3.760114517577828885e-01,5.319388400607988343e-01,2.659254184806419397e-01,-5.218479015101249452e-01,-2.570316760875467343e-01,2.727055291551195443e-02,4.494665999102219756e-01,5.745547847516441209e-02,-2.726142201873610338e-01,2.207981616626629173e-01,3.990909343988424673e-01,-1.655520912140052425e-01,-9.675741413597767349e-02,3.921421984696253360e-01,1.201882104498945003e-01,-2.730642680360519936e-01,1.457404989361927861e-01,1.983035455113051071e-01,-2.376314990855592502e-01,9.045295132896970236e-02,8.721614362088001005e-02,1.202097146887361884e-01,2.262043142148010832e-01,1.304828578056143884e-01,4.260625060825230515e-01,8.098632970902133743e-02,1.180262473938546858e-01,3.143874341691790114e-02
7.913391306830355049e-03,-1.174013491226386374e-01,2.997482736853946395e-01,1.755896931068995082e-01,-4.951903634058178044e-02,2.064804715580746408e-01,5.943223733566290745e-01,4.843417236954380978e-02,-1.348530428978329809e-01,4.673435222600497707e-01,4.270681616422106752e-01,-1.201393007539662550e-01,1.331373611445455518e-01,6.913104561564505923e-01,1.071621510828351664e-01,-2.627616764405115712e-01,4.269986954580439198e-01,6.369173731975095176e-01,-1.572753114013781539e-01,3.250663007102906343e-01,5.987298579919035912e-01,1.077995823826147920e-01,-1.725878754243668489e-01,1.543001833658486782e-02,4.900931007544979678e-01,2.547110479363660640e-01,-6.403419764182952667e-01,-2.935794569575594232e-02,5.385375776461505115e-01,1.489923815143914532e-01,-1.910865331130687933e-02,1.484486437125868141e-01,2.115432830551962906e-01,-1.743992438249164501e-02,4.454869421486513936e-02,5.216692237102642515e-01,9.232487280046046407e-02,1.034380737519098072e-02,8.221587261921153855e-01,4.012812676078003071e-01,-6.228035316868183457e-01,2.173971088490439518e-01,1.000000000000000000e+00,5.825669111395022082e-01,7.583009166999786776e-01,-3.043094269915972427e-01,-5.607309421904217439e-01,-3.122332213736051520e-01,-4.937965484830669771e-01,-6.895987503638086880e-01,-6.152153056312701374e-01,-2.903315297113865379e-01,-8.308895699749407893e-01,-2.235933788297359559e-01,-2.248243872945832889e-01,-5.897723937156114093e-01,-3.657688377835397464e-01,2.507818246277761509e-01,-1.340989397430917829e-01,-5.472249468945526996e-01,2.826258223559999228e-01,-1.219698061273287032e-01,-4.200304752911112605e-01,1.070634337591486324e-01,6.235187382880693630e-01,3.461085615543705307e-01,-3.124153304681931420e-01,-6.443009942486523922e-01,1.448182248034409481e-01,1.986796145037924288e-01,-5.846660881359646567e-01,-4.066422073255622216e-01,3.081387519647944551e-01,-1.456068907153080516e-01,-6.981804938315543385e-01,-2.256567062058690426e-02,2.137076540672262492e-01,-5.666926847302800052e-01,-5.925756550998764194e-01,-4.498534665565625534e-01,1.238959953965688560e-01,4.433385846167350874e-01,3.867284547791504656e-01,4.459497513557704740e-01,-8.653516461349064492e-02,-1.754284364842497168e-01,-1.494282424263856934e-01,-2.888802232416101679e-01
8.395296804644328259e-02,1.462361602159795715e-01,3.269905320336451982e-01,2.965990595387372752e-01,-1.279219000006081020e-01,-2.296741192152112754e-01,6.219818871693157947e-01,2.435080120498555045e-01,-4.737031869994002831e-01,2.093812982108954057e-01,7.020310542179080127e-01,-1.233767621502994266e-01,-2.850916115320423216e-01,6.798590428667551366e-01,3.128628483612915234e-01,-4.574700389476992202e-01,1.033225613816998595e-01,7.257791273535498799e-01,-4.864648836682459315e-02,-8.434880911727082875e-02,4.878255609171355256e-01,5.803106679622048736e-01,-1.307864872150859836e-01,-3.032159894860435578e-01,3.459596296285363803e-01,1.394397588666947130e-01,-7.646876577071914927e-01,-1.926681343441112026e-01,3.442876415739250517e-01,6.493414025104997656e-01,-1.651087464658751100e-02,-2.851969896655301984e-01,5.048142103455752761e-01,-2.823368869640623946e-01,-5.430169412005845242e-01,4.018170599946322974e-01,4.586310880922272321e-02,-5.731110320205151654e-01,2.937719989732807124e-01,3.233692175960362070e-01,-5.872739545960260488e-01,-4.916839360962963479e-01,5.825669111395022082e-01,1.000000000000000000e+00,1.270241949118781632e-01,-3.989496986764366482e-01,1.038879117838249627e-01,-2.103827624123792983e-01,-2.544007218069729293e-01,-8.576613975473290630e-01,-1.382801820416246219e-01,4.275324085672900232e-01,-7.018548882568120817e-01,-2.439209499775591428e-01,-7.264154005192416941e-01,-2.419322329626454327e-01,8.154770355340155985e-02,4.513176204006019709e-01,-2.822775595229528589e-01,-7.374070498253615380e-02,6.139902168336333066e-01,-3.670909684421185259e-01,-4.472271381147928104e-01,5.623839463734813249e-01,6.969564066458239227e-01,3.885039112944937978e-01,-5.417256531629851546e-01,-4.696129498825928339e-01,5.051271036130235981e-01,8.543213569164237464e-02,-7.639393136320148381e-01,-7.943673234664733185e-02,4.973163829269627301e-01,-3.793994106249718445e-01,-6.198773547374962778e-01,3.510031733928118958e-01,2.048072364131517664e-01,-5.913645158831853932e-01,-2.202595102370825397e-01,-5.232277314366023946e-01,2.675482850991985073e-02,3.281243418036142168e-01,4.776316715438746335e-02,2.995253141060281177e-01,-4.218269562839633835e-01,-1.785822815050540080e-01,-2.258333899484578355e-01,-3.015453258351949994e-01
1.112649132676956087e-01,-1.316932742090772823e-01,1.762108213831443948e-01,-1.189772788816144955e-01,-1.028567955480667179e-01,3.794294580172076770e-01,2.890568976023314418e-01,-2.193084278915535812e-01,7.147336741060178467e-02,4.380791039206997639e-01,-1.938415513791341260e-03,-1.852105443804563656e-01,3.217340132383695317e-01,3.497997867122371041e-01,-1.949124437828717860e-01,-7.130952328921587313e-02,4.525442912339626145e-01,2.130750468458302016e-01,-2.762846637409879236e-01,4.297493201439414046e-01,3.757856331959570362e-01,-3.859074028770264064e-01,-2.125938883208331465e-01,2.785149989557955119e-01,3.236413961151869967e-01,1.024570476617711473e-01,-2.403988393891664521e-01,3.197874897037328995e-02,2.981306516331550527e-01,-2.751030105313742036e-01,-6.786893654442202606e-02,2.839112415185204297e-01,-1.197459000251064887e-01,2.358514132858842427e-01,3.851594285148641772e-01,2.376499545783140044e-01,6.169963162508532162e-02,4.705806390514504223e-01,7.248082669398528965e-01,1.075064145039002356e-01,-3.092787657229776332e-01,6.418962184395433646e-01,7.583009166999786776e-01,1.270241949118781632e-01,1.000000000000000000e+00,4.302237944009445342e-02,-7.138085969871152958e-01,-1.824086168928441554e-01,-3.223175041381232120e-01,-2.284048337621617519e-01,-7.202891310938787095e-01,-5.327922668555189478e-01,-4.215623236064232615e-01,-2.636489048573655847e-01,2.379664253715182420e-01,-4.140483401756844262e-01,-5.076243524429782106e-01,4.568371134825274793e-02,1.179987999491998452e-01,-5.286587833196693120e-01,-1.074117101063300911e-01,1.329383843067746540e-01,-9.941232806682973044e-02,-2.206090259441573220e-01,2.514973362523133527e-01,2.041210046002478462e-01,1.247288641785965629e-01,-4.248059943902506852e-01,-1.586807158462324452e-01,2.927121371860158527e-01,-1.081939249033050249e-01,-4.398824644359275449e-01,9.057246320628936642e-02,1.898205594480203151e-01,-3.865705491620711198e-01,-2.623750073225911694e-01,2.089361784447406056e-01,-2.208901667870653007e-01,-5.617867229747038893e-01,-3.047150706067586201e-01,1.474566327330184834e-01,4.645627363338409310e-01,4.626645465801262347e-01,4.383829782724849577e-01,1.370730982493602590e-01,-1.573657415325717956e-01,-1.031167102313828299e-01,-2.138370000431454587e-01
3.999644023980630791e-01,2.411082696477659659e-01,-1.809569434715608272e-01,-5.404746451262141260e-01,-4.054083821311770253e-01,9.596395921816540386e-02,-1.476199067709480783e-01,-4.600544307633855912e-01,-2.642531374043838310e-02,9.565380882844910782e-02,-3.650436064458482677e-01,-3.318278788217015607e-01,1.346085372735441044e-01,-2.419880749045639212e-01,-4.214731850957104120e-01,-1.630661781851668740e-02,1.401086516279839156e-01,-3.402282232235849802e-01,-3.472282956228954776e-01,-1.859197471125849377e-01,-1.932115573748352869e-02,-4.470554402369105729e-01,-3.313689321259370990e-01,1.368468945267784787e-01,-3.029393800883044621e-02,-2.290672219953686917e-01,3.519228614445909509e-01,2.835851665882158645e-01,-2.115942417999142622e-01,-3.650616669394349256e-01,2.450982220001487744e-01,1.724100056464441255e-01,-3.371363116626065470e-01,-1.967772947011353982e-02,4.341152184932240421e-01,-2.119338905203064019e-02,-4.125524040828615346e-01,1.005930368205453507e-01,1.103314939876857970e-01,-6.530660895703952473e-01,-1.640304127577948690e-01,3.135542470528143721e-01,-3.043094269915972427e-01,-3.989496986764366482e-01,4.302237944009445342e-02,1.000000000000000000e+00,3.878544891475833589e-01,3.250938798512745254e-01,5.719097623353588400e-01,2.689987025757997752e-01,-4.599513348464503992e-01,1.058276001549085521e-01,4.244012061724696805e-01,-4.995536177027501412e-01,3.686241828369058449e-01,1.788131030966874369e-01,-1.156287733243989840e-01,-9.769401167584770840e-02,2.756859621970206842e-01,-1.133910977740095784e-02,-1.780283616003472957e-01,3.751720648905360611e-01,1.453923626242167588e-01,-3.036489476326608705e-01,-2.181961287635940661e-01,1.020345944240214631e-01,5.347585738147799805e-01,1.492083117529278413e-01,-1.951487989173307236e-01,2.830144743862284540e-01,4.535206130914312128e-01,-5.164423226003704570e-02,-4.247147990822889435e-02,4.191747899039948155e-01,2.376438412147736656e-01,-1.872868896819225859e-01,1.775184739809208545e-01,2.314162354697513191e-01,1.069606214811632400e-01,2.160394025640243187e-01,3.526851872726293191e-01,2.092953489516641286e-01,-9.933115740941719785e-02,-3.455316223003273429e-02,1.599291516678875980e-01,1.291241442283824481e-01,-2.625301186216432575e-02,8.572327725094308626e-02
1.955030436262529536e-01,3.359751240008969075e-01,-1.641040704072874723e-01,-1.109799717434634958e-01,-2.299447744593239029e-01,-3.945801536924496977e-01,-4.713123437141494149e-02,3.237588569131982091e-02,-2.972356575671453172e-01,-2.396636143993470525e-01,1.017507339744875422e-01,-8.703206871333186989e-02,-3.365540436433501204e-01,-1.529013233486842538e-01,6.446551047472816320e-02,-1.715654628987657859e-01,-2.713875820261422156e-01,-4.909148675426461966e-02,4.790752444989147645e-03,-5.646030106542936355e-01,-1.345819127683595129e-01,2.939926635768967400e-01,-9.669270947056617105e-02,-2.966746726960415304e-01,-1.922013959020870411e-01,-1.508777642643951422e-01,9.270138520867993170e-02,1.004155903667440161e-02,-2.756936218574868591e-01,2.688712112472470550e-01,2.374512632781356214e-01,-2.608871434971214431e-01,6.790306895160579115e-02,-3.590149272969947458e-01,-2.421843641340594433e-01,-3.962599063369594971e-02,-3.902255828397292459e-01,-5.699305809238716103e-01,-3.547111414295300857e-01,-4.761417216824802012e-01,-1.861114888526644306e-01,-5.019081209484861361e-01,-5.607309421904217439e-01,1.038879117838249627e-01,-7.138085969871152958e-01,3.878544891475833589e-01,1.000000000000000000e+00,3.909033189947443421e-01,5.348857020984515431e-01,-7.414496781129921443e-02,2.345013776788319182e-01,7.745049220029582848e-01,3.206860724737002899e-01,-2.771810717844824801e-01,-3.188314048241038812e-01,3.826116719062518379e-01,4.022295307375628459e-01,1.444549165370445643e-01,-6.235526289697298358e-02,4.312856975692193062e-01,2.502114915633592007e-01,-5.616991161902935847e-02,-2.311229433415412215e-03,2.696477378845993367e-01,-5.290804817587153874e-02,6.229162624012093974e-02,-8.775625591593037150e-03,2.667596398784117806e-01,2.609746347875511741e-01,-4.438895697690747877e-02,2.922304759619939393e-02,3.295860952493510632e-01,1.347919486732069849e-01,-8.002294677985928584e-02,2.035300100447165750e-01,2.864047306035651386e-01,3.097450134157978333e-02,1.618757720694296784e-02,4.518506849227042488e-01,1.393710326073988037e-01,6.732570907612764333e-02,-1.046426554336621212e-01,-4.785965905192967051e-01,-2.255016332445030358e-01,-2.330269246194065502e-01,1.436078592495283468e-01,-5.790628683340438149e-02,9.423351923321292289e-02
-6.932875997203714891e-02,2.179783621585380249e-01,-1.485499102363067037e-01,3.456603538821915837e-03,-2.302092895960611285e-01,-9.250300438895699140e-02,-8.529745632180379955e-02,-1.081497439944607286e-01,-7.149256516170923725e-02,-9.498557531083701155e-02,-1.253206080682470469e-01,-1.062851519295003044e-01,-8.332607946551782996e-02,-2.092049779772946760e-01,-1.312151795667172438e-01,-7.686593370006218617e-02,-1.142668865760897573e-01,-1.849366566195414785e-01,-1.159151157062012494e-01,-5.207372404913929165e-01,-1.380365444003275321e-01,-7.171010913800569819e-02,-2.602008430962250984e-01,-2.935956573818820914e-01,-2.818061368767026398e-01,-1.465684568344602923e-01,2.538290408902468820e-01,-1.264383860529828991e-02,-4.825610335848680155e-01,-2.048705905218572154e-01,4.680709322149561036e-01,-3.513915171880832578e-02,-5.160767428171876281e-01,-3.230528398194291162e-01,4.120881889903387774e-01,-2.330360475490076966e-01,-7.367425460584897667e-01,6.299373649433720468e-02,-2.582861360498175940e-02,-8.105752553679157479e-01,-1.522375801391476491e-01,2.978372399200093223e-01,-3.122332213736051520e-01,-2.103827624123792983e-01,-1.824086168928441554e-01,3.250938798512745254e-01,3.909033189947443421e-01,1.000000000000000000e+00,5.034331755160259547e-01,1.062245513686163462e-01,-1.189253364325608547e-01,4.330287597662047516e-01,3.692258458701223600e-01,-3.876584259886849404e-01,4.863931709142135101e-02,4.506108533249573167e-01,7.715969351289808653e-02,2.027749855732480511e-01,2.786361689164254529e-01,2.984039586681952461e-01,8.124667629186971274e-02,3.612590397560637712e-01,8.472787563099423713e-02,-1.423570624344073499e-01,-2.163584669189461407e-01,6.201275036517888556e-02,2.457824800623135963e-01,2.629921893216560780e-01,6.857596561619527797e-02,8.246118275296351885e-02,2.493332829796455485e-01,1.572192056010180972e-01,3.857044113014995723e-02,1.738083534704991662e-01,2.210714725977087625e-01,4.839157472741979771e-02,1.387515996984025612e-01,1.217621528330970621e-01,1.086992989416915717e-01,1.481491886053347973e-01,3.405232265181670770e-02,-1.152943693362041278e-01,-2.015005399463018210e-01,4.484643844846086108e-02,2.046851207455722965e-01,1.435991179149250507e-01,5.745825317905711022e-02,1.147645883187090737e-01
3.696230094171742420e-01,4.403373281370862591e-01,2.418262123036526989e-02,-3.263585858430360642e-01,-4.731368908982048205e-01,-1.175234150840843983e-01,-8.343427607900055776e-02,-3.768691640491823036e-01,-2.500450340406308869e-01,1.465195073555369300e-02,-1.731513480492434254e-01,-3.951874851791143950e-01,-9.134734439900803193e-02,-1.847288964330549843e-01,-3.821306628120381133e-01,-1.722002708021063699e-01,1.349755606920379413e-03,-2.983568484648538299e-01,-3.554157850817951103e-01,-4.154060948838947387e-01,-2.523850842338400818e-02,-1.254925208136437043e-01,-3.446595512448593079e-01,-1.546095636692625952e-01,-4.946089139079892782e-02,-4.369802466936599239e-01,2.304708878771825620e-01,3.459933912984209936e-01,-4.287535773689296614e-01,-2.517475368956561543e-01,3.013786560689573069e-01,-6.571101371905796462e-02,-3.569807411337589387e-01,-7.480932476689076960e-02,2.076253282362587604e-01,-3.049329048189873825e-01,-3.777530756843898718e-01,-1.315765856658272955e-02,-2.495479997577416120e-01,-7.186201720326956810e-01,6.986074827561658540e-02,2.390306231908462600e-02,-4.937965484830669771e-01,-2.544007218069729293e-01,-3.223175041381232120e-01,5.719097623353588400e-01,5.348857020984515431e-01,5.034331755160259547e-01,1.000000000000000000e+00,1.740174785523883050e-01,-1.390080098821167842e-01,5.450790925805126808e-01,4.483165243782376019e-01,-4.553635345763075160e-01,1.138954546675120388e-01,4.555451950904201852e-01,-1.931321433445056662e-02,-3.620036976315678390e-02,3.480317673219658903e-01,2.851206118336200857e-01,3.513597485931033160e-02,3.829088637350089863e-01,1.515417811429054240e-01,-1.009557962294416467e-01,-1.907325578667348753e-01,2.319313821071870008e-01,3.744289422341933737e-01,1.591816933592445915e-01,7.137272805125968560e-03,3.002901700212057268e-01,3.443986794025612475e-01,4.873863966123138936e-02,1.189984664389355656e-01,3.944692100773503629e-01,2.353126610835342969e-01,-3.214096071559333773e-02,2.888101829379070562e-01,3.768026300998416067e-01,2.232085440386241959e-01,1.801735186831989743e-01,3.416071647807791267e-01,7.608413924021707742e-02,-2.879520506628407972e-01,-1.203692337369399734e-01,1.871633973036267995e-01,3.217542091991675846e-01,1.216818086744326094e-01,1.389301439825224860e-01
-7.377552313877336343e-02,-1.031875430448877112e-01,-2.651120647184718182e-01,-2.582898827344818904e-01,1.256682868392786090e-01,1.512102531490812363e-01,-6.601186648773937904e-01,-2.204766322164859182e-01,4.160861491731863704e-01,-2.814288811673813506e-01,-6.875212580874477952e-01,1.173091833412278212e-01,1.962151180397505024e-01,-7.207600091189004798e-01,-3.101019539231694155e-01,4.503508030978923826e-01,-1.928469918387998028e-01,-7.848988167908235170e-01,6.643351638252147084e-02,4.986357260500059313e-02,-5.665383745124349391e-01,-5.365518040322196924e-01,1.525676675869036270e-01,2.815618334236596465e-01,-4.060413098100204010e-01,-2.013119931407623964e-01,7.499152196833506201e-01,9.359205626036559700e-02,-4.058328854482450843e-01,-5.324118399589828909e-01,-5.905829089304036328e-02,1.789094037182991925e-01,-4.062345104112128902e-01,2.832060582809777238e-01,3.587902713714494207e-01,-5.095496439412668943e-01,3.185555375481833457e-02,5.206765180421676353e-01,-5.284170099868782389e-01,-2.669262612755967101e-01,7.623269660803980718e-01,3.329239335859313087e-01,-6.895987503638086880e-01,-8.576613975473290630e-01,-2.284048337621617519e-01,2.689987025757997752e-01,-7.414496781129921443e-02,1.062245513686163462e-01,1.740174785523883050e-01,1.000000000000000000e+00,3.810082089952037121e-01,-3.623064662629283950e-01,7.861157059652800205e-01,3.768207728208621266e-01,6.478189870937030026e-01,3.467798111672245054e-01,1.169986070429673147e-02,-4.398759875342915793e-01,2.712492580651332252e-01,2.027682980543215885e-01,-5.943859687178384421e-01,3.301653927125308141e-01,4.993963886869514091e-01,-4.883489678992299354e-01,-7.210658892469760106e-01,-4.036271111681256629e-01,5.424044240847670784e-01,5.320656944112799325e-01,-4.535724287574400271e-01,-8.858564720840124418e-02,7.766912714937925788e-01,1.437850990969227749e-01,-4.692326442493054972e-01,3.717980491440072699e-01,6.693177505864249532e-01,-2.916247528540168443e-01,-2.005553315288922667e-01,6.809796678060784370e-01,2.834918688287645927e-01,4.212179670535045606e-01,-1.267137151738516321e-01,-3.363223713841138052e-01,-2.944997409485539119e-02,-3.112550323535840935e-01,3.614531570701906005e-01,1.212746112183412661e-01,2.181651930620392144e-01,2.674403082351422545e-01
-2.662067419548216907e-01,-8.342784368108165094e-02,-1.315557871320436611e-01,2.311548578132789911e-01,3.512833753681698368e-01,-2.901542593032693240e-01,-4.011297545730131975e-01,3.276599446964932327e-01,1.064665974515041497e-01,-5.082982379713620880e-01,-7.482416735649681516e-02,3.579390397364586307e-01,-2.593161033048659303e-01,-4.160195871459357875e-01,2.564968005521934824e-01,2.272656495600147430e-01,-5.052470602084577767e-01,-2.771427529211425989e-01,4.167341909381320209e-01,-1.452458634795370240e-01,-5.178619447568276746e-01,2.658661145080951083e-01,4.134675234746534311e-01,-9.764893444473973783e-02,-4.034872602642803341e-01,-2.747826696101265953e-02,2.633540407562533492e-01,-2.147902521986100599e-01,-2.629660937780032293e-01,2.251074629654764847e-01,-1.886875795066553230e-01,-2.646179140889913795e-01,1.554911401654452408e-01,8.403349461521858119e-03,-4.409765105549497410e-01,-3.808710541605129785e-01,2.579022348454330649e-01,-1.635461838320247385e-01,-8.039131797492299336e-01,2.135956953142209291e-01,6.254311779218051370e-01,-5.123077666731555846e-01,-6.152153056312701374e-01,-1.382801820416246219e-01,-7.202891310938787095e-01,-4.599513348464503992e-01,2.345013776788319182e-01,-1.189253364325608547e-01,-1.390080098821167842e-01,3.810082089952037121e-01,1.000000000000000000e+00,1.677916671959071571e-01,3.984167125089379535e-01,6.054814090585666220e-01,-1.169052208188578607e-01,3.505993365683766072e-01,4.290354115230345378e-01,-1.327692897557867235e-01,-1.271592270914742029e-01,4.741117959254614322e-01,-1.047395936511139464e-01,-2.272537592365297121e-01,2.439444121219249140e-01,1.685556452575853459e-01,-3.541399014259893896e-01,-3.892762733970449029e-01,-1.383022333780709878e-01,4.607888532883015476e-01,4.441827134129681248e-02,-4.061149662674760075e-01,1.461830027679837662e-01,4.230691044212758767e-01,-2.241777271891528811e-01,-2.307231587063761635e-01,4.293043554547012475e-01,2.018471437304869553e-01,-3.414580420502537628e-01,2.805949650962740183e-01,4.657952882994244037e-01,1.821019231618631051e-01,-4.042188038911532777e-01,-5.116168644028044055e-01,-2.685442259792693576e-01,-3.722987458375838221e-01,-1.078415253755112824e-01,3.281771700540152270e-02,1.308544682359380484e-01,1.686742525617941912e-01
1.596916553580841613e-01,4.192452263272123392e-01,7.589403566234308174e-02,8.569523534652777330e-02,-3.156905152491518707e-01,-4.216835960643565695e-01,1.933545746927632647e-01,6.612705434589423448e-02,-4.878712611164722768e-01,-1.110857883266815754e-01,3.402894941736110956e-01,-2.009818190590010600e-01,-4.259911208117304060e-01,1.153477391418835651e-01,1.038254377625040525e-01,-3.575597221177674312e-01,-2.075715060794368350e-01,1.817622795294742410e-01,-7.419018143695646494e-02,-6.032438330563115736e-01,6.925179156098203170e-02,4.687658891876937961e-01,-2.139823407124377408e-01,-4.656611805657351333e-01,-6.261227294149934730e-02,-2.136930921680147422e-01,-2.079450609812125428e-01,-2.206527814416221409e-02,-2.777385287343794862e-01,4.128707014032947376e-01,2.585508644395289601e-01,-4.054733787221211361e-01,8.877488640490542593e-02,-4.229746885760617414e-01,-3.642768796517721896e-01,-6.913001469002461041e-02,-3.963158269321757077e-01,-5.994486364018783986e-01,-2.864895373456544658e-01,-4.147392718446799020e-01,-2.636524883900242533e-01,-5.204196612424187851e-01,-2.903315297113865379e-01,4.275324085672900232e-01,-5.327922668555189478e-01,1.058276001549085521e-01,7.745049220029582848e-01,4.330287597662047516e-01,5.450790925805126808e-01,-3.623064662629283950e-01,1.677916671959071571e-01,1.000000000000000000e+00,7.889638487128959599e-02,-4.023075422062682427e-01,-5.622363932440458401e-01,4.115449880388139525e-01,3.737836339628877735e-01,3.612220205325777922e-01,-1.044587014791364434e-02,4.429776825985348720e-01,4.798350231939896293e-01,-5.403191842788000743e-02,-1.235741689552536798e-01,4.186962958600308204e-01,1.675757501561459806e-01,2.641597726591125572e-01,-1.638799783786193676e-01,6.490696334054518735e-02,4.307182396632759924e-01,6.055708720293866837e-02,-2.141222582081996617e-01,2.476878681168738772e-01,3.367767366537933738e-01,-1.239517804860827133e-01,-2.691104528336540208e-02,3.719282446295629208e-01,1.797189687619107634e-01,-9.780290278276050631e-02,2.842173437831894689e-01,-8.969651900231428998e-02,9.634192316874330697e-02,2.337564197817895012e-02,-4.133808575780637540e-01,-5.756618416039037400e-02,-2.450036458117202942e-01,1.404556936970720316e-01,-5.588421421208035478e-02,-3.763935551527531481e-02
-1.410267727735403653e-02,5.633718389763095469e-02,-3.225547552251902816e-01,-2.517448786052994825e-01,3.499204459396818706e-02,-6.157575726078273748e-02,-6.784197071681681290e-01,-1.591787884656971908e-01,2.530530307185090422e-01,-4.336985035583338921e-01,-6.117786714900312894e-01,1.036652206001729831e-01,-7.353846461108985016e-03,-7.940864857225983231e-01,-2.204103148336662155e-01,3.604351987026023219e-01,-3.722361936884868161e-01,-7.634683804856597922e-01,1.088490930963207093e-01,-2.054267511958219605e-01,-6.723638155656072035e-01,-4.312243047290771902e-01,1.317367366060077372e-01,1.618111683008441326e-01,-5.886883929896837842e-01,-2.679882891268635103e-01,7.828818813756969197e-01,-1.752141720737082631e-02,-6.442745470038495625e-01,-4.486693022738688641e-01,-2.867422934991370031e-03,-1.184646991018279555e-02,-4.873484362002137860e-01,2.004340671311362343e-01,2.715435998502055970e-01,-6.214503027953752756e-01,-1.836639608403619894e-01,3.522253859868365033e-01,-6.327424941069169639e-01,-5.567229293387039313e-01,6.111620825270969171e-01,1.860627673249497793e-01,-8.308895699749407893e-01,-7.018548882568120817e-01,-4.215623236064232615e-01,4.244012061724696805e-01,3.206860724737002899e-01,3.692258458701223600e-01,4.483165243782376019e-01,7.861157059652800205e-01,3.984167125089379535e-01,7.889638487128959599e-02,1.000000000000000000e+00,1.442401333986505496e-01,5.146790950029414002e-01,6.218752504398752379e-01,1.765290880584512168e-01,-3.009712587947838691e-01,2.802975908223160895e-01,4.563594698219661239e-01,-5.426556102467973153e-01,2.843941830562127238e-01,6.146128097206399188e-01,-3.267772234687892907e-01,-8.042048626352191754e-01,-4.186390394654792568e-01,5.100753919026678185e-01,7.014821684644176880e-01,-3.176261929209487911e-01,-1.544904887593162301e-01,7.889098939901736385e-01,3.440936259750086434e-01,-4.172523718848875074e-01,2.983768825947760717e-01,7.932012873708755851e-01,-1.194112087648650372e-01,-2.183546010018604655e-01,6.233552380996041364e-01,4.546777309841213421e-01,3.930625049291442408e-01,-1.590918764228874960e-01,-3.649948887111024720e-01,-2.199556279085252697e-01,-3.320104585195711722e-01,3.445933057022531054e-01,1.924275761142638652e-01,2.440384851345898942e-01,2.804584451409433687e-01
-3.926437852159646580e-01,-4.197678187937097238e-01,-1.484937905147068193e-01,2.150806978036678418e-01,4.936642918924098455e-01,1.153682272113114582e-01,-3.387380127876600255e-01,2.263452430493511358e-01,4.381159234972477057e-01,-2.117072655629268774e-01,-2.202072957873856818e-01,4.369237899013549420e-01,1.639335243173535850e-01,-2.946084088678136981e-01,1.737361037539848774e-01,5.200565454693723000e-01,-1.545069268827751197e-01,-2.851312061672877096e-01,4.436482735017422407e-01,3.302224062766348500e-01,-3.050673821374365047e-01,-1.876735821459237993e-02,4.574231765457792975e-01,2.566563734673912300e-01,-1.414346737127721854e-01,2.787122154201434610e-01,2.803815971617695246e-01,-2.051547348717241148e-01,1.317162481228161541e-01,-2.965717561168196639e-02,-3.597143812135868979e-01,1.534661101580657161e-01,2.499617012935790861e-01,2.205782653195339504e-01,-1.832993083480655150e-01,-5.340295724997005250e-02,4.704047627546808497e-01,2.494722038230289159e-03,-4.171108022983974761e-01,5.437014332386812532e-01,5.348221814504111604e-01,-2.315528356196250026e-01,-2.235933788297359559e-01,-2.439209499775591428e-01,-2.636489048573655847e-01,-4.995536177027501412e-01,-2.771810717844824801e-01,-3.876584259886849404e-01,-4.553635345763075160e-01,3.768207728208621266e-01,6.054814090585666220e-01,-4.023075422062682427e-01,1.442401333986505496e-01,1.000000000000000000e+00,1.197196309314525753e-01,-1.451059306970513829e-01,2.153377092731562359e-01,-4.013284954180121877e-01,-3.591081398054778995e-01,-7.590241720582611984e-03,-3.203441260362501208e-01,-2.300207517166536764e-01,7.216197522943817999e-02,-1.484813009178701515e-01,-2.910490403466222120e-01,-4.791607845717434921e-01,-8.570611592022246705e-02,1.759584625244346168e-01,-3.018136016844530922e-01,-3.717284408614746627e-01,1.531598084622203537e-01,5.916205995767070958e-02,-4.442790952021744011e-01,-1.477134723831648733e-01,2.502554013729160753e-01,-1.685549087126923806e-01,-4.366658323232784911e-01,1.645071734073974556e-01,6.047826605536563149e-02,1.394376457144018977e-01,-2.813573811004208558e-01,-3.905421152776686333e-01,9.972900322142348728e-02,-1.747909032776230609e-01,6.011450179461923227e-02,-1.840291807141428149e-01,6.078216780559884264e-02,6.652090280659242461e-02
4.596141985747187464e-02,-1.562087605920308431e-01,-2.092204531592294359e-01,-3.482575541041492140e-01,5.852784496612328108e-02,3.025239534544444386e-01,-4.676716294119930839e-01,-3.075961731312981118e-01,4.240407568960582463e-01,-5.212163370521871036e-02,-6.405785330854217863e-01,2.757002691431404903e-02,3.767530776167391515e-01,-4.759123317238767581e-01,-3.842033657034618077e-01,3.854194395412789964e-01,9.259805758999349601e-02,-5.911051678605355741e-01,-9.542369028623964855e-02,2.778302795116230350e-01,-3.093420620003934363e-01,-6.932847529802869113e-01,5.101688300298833079e-02,4.349561123071558622e-01,-1.922834853726006210e-01,-5.997157714443972221e-02,6.169691037805293821e-01,1.408111592367262965e-01,-2.127779040577067737e-01,-7.258999305611990582e-01,-8.103521428582456665e-02,3.689408744415424990e-01,-4.847992621043551997e-01,4.637348907067630477e-01,5.933846745969589831e-01,-3.077285190431680029e-01,5.982766929148349705e-02,7.086867294722448696e-01,-1.388523059322755923e-02,-2.392633315053645793e-01,4.224293128247295082e-01,6.119348362984914358e-01,-2.248243872945832889e-01,-7.264154005192416941e-01,2.379664253715182420e-01,3.686241828369058449e-01,-3.188314048241038812e-01,4.863931709142135101e-02,1.138954546675120388e-01,6.478189870937030026e-01,-1.169052208188578607e-01,-5.622363932440458401e-01,5.146790950029414002e-01,1.197196309314525753e-01,1.000000000000000000e+00,7.685935261376472538e-02,-4.097210572268341622e-01,-5.668626410137258542e-01,2.789026876308503544e-01,-1.211493925653770315e-01,-6.368536219922698027e-01,3.513856276324772154e-01,4.157550567332409797e-01,-5.724466188696594182e-01,-5.512661129011153793e-01,-3.013462733377981206e-01,5.542001672070183682e-01,2.806569178482334337e-01,-5.482243148656729126e-01,3.349383536833298175e-02,6.820336744915049820e-01,-1.008630274923983383e-01,-4.309755173297618591e-01,4.435160409840362417e-01,4.422391897730488797e-01,-4.365383411470526998e-01,-1.072637663911688855e-01,4.891420455526975797e-01,-1.486379714861357608e-02,2.872290363125889479e-01,2.478957715695848801e-02,-1.164118201785658002e-01,1.310091117512171277e-01,-8.904423013365386774e-02,4.519177716911439990e-01,4.560403699129342986e-02,1.689187021728041083e-01,1.821796444269853654e-01
-8.898061891503591947e-03,4.146236187884742019e-01,1.114664251711552090e-01,1.812446774802044802e-01,-1.008336024510075590e-01,-5.029352279891186051e-01,-3.557906885104558103e-01,1.251054868266524567e-01,-2.534321113909818735e-01,-5.905203877534017654e-01,-7.355482484219845463e-02,2.586633148059893500e-02,-5.476348384722239393e-01,-5.093971674599424571e-01,1.049289031440560904e-01,-1.272368032963015205e-01,-6.346605794398777478e-01,-2.674891333967450158e-01,1.321466374004314770e-01,-6.226287781749111350e-01,-6.046134606740807271e-01,1.259996446632668521e-01,4.361890266049979481e-02,-4.341310717558645171e-01,-6.442227173372796489e-01,-5.480670193814857205e-01,3.098248016658246007e-01,-9.473409048467108795e-02,-8.957531307585319125e-01,3.295929424051473322e-02,2.041676869339251466e-01,-5.378705087820567776e-01,-5.586877055988477281e-01,-1.723325083419741388e-01,-1.658315901285703498e-02,-7.940675194143410609e-01,-3.722623055061454189e-01,1.912513778676770138e-01,-6.270948150628140594e-01,-5.248706391597868226e-01,4.003622196888627083e-01,3.132671196091211391e-02,-5.897723937156114093e-01,-2.419322329626454327e-01,-4.140483401756844262e-01,1.788131030966874369e-01,3.826116719062518379e-01,4.506108533249573167e-01,4.555451950904201852e-01,3.467798111672245054e-01,3.505993365683766072e-01,4.115449880388139525e-01,6.218752504398752379e-01,-1.451059306970513829e-01,7.685935261376472538e-02,1.000000000000000000e+00,2.114703538930279569e-01,2.397413822086829627e-01,4.499503755864499577e-01,7.727034557010030724e-01,-3.673698067251406074e-02,2.876202809958983697e-01,5.576869867897247257e-01,1.605785378021827581e-01,-4.596834597881844786e-01,-1.232680726345057043e-01,8.055127922887654612e-02,6.893435704730311864e-01,2.889477067464184534e-01,-1.959485033735853532e-01,3.264677312174149582e-01,6.553521385160042678e-01,2.876769529003748646e-02,-7.185910477963509957e-02,5.902424876810099530e-01,4.327260006762368993e-01,-9.085415483942527182e-02,3.414620294016075808e-01,5.876754384692632893e-01,1.885308655302005698e-01,-2.191879305494794927e-01,-3.474059984447352423e-01,-3.495096383439418863e-01,-3.593435735641756779e-01,5.312649299118842039e-02,1.576712209914456209e-01,2.025506680658500369e-01,9.218148003161902304e-02
-4.320912724178476716e-01,-2.043117953466173919e-01,-3.044985044720817657e-01,2.395203058900363946e-01,3.247902303499836107e-01,-1.390841540116793396e-01,-2.602352469731268880e-01,3.358339209838492323e-01,1.827878618690693124e-01,-3.325667491692042010e-01,2.725143519541188900e-03,4.154351550461919951e-01,-1.241978391510080437e-01,-2.670454044414992123e-01,4.219946410429961658e-01,3.336339393121218744e-01,-4.018096261866829222e-01,-7.432865697752291667e-02,5.569122815875655608e-01,-1.354665442750402626e-01,-3.228533119211253188e-01,2.418939763074722527e-01,3.634224692376384347e-01,-3.188568071255488273e-02,-3.461072421602320315e-01,2.240066263370953659e-01,1.088100201093744474e-01,-4.298945928032860686e-01,-1.308190346238035651e-01,2.986597297322759470e-01,-2.168246394991368842e-01,-2.774738277266910469e-01,2.183738014101065661e-01,-1.289688174758730210e-01,-4.019995142612023953e-01,-9.350818487568822446e-03,-1.516122301256744550e-03,-4.639996946803331968e-01,-4.480379739274260587e-01,7.472453272551725367e-02,3.812492640995569088e-02,-4.824575068384720500e-01,-3.657688377835397464e-01,8.154770355340155985e-02,-5.076243524429782106e-01,-1.156287733243989840e-01,4.022295307375628459e-01,7.715969351289808653e-02,-1.931321433445056662e-02,1.169986070429673147e-02,4.290354115230345378e-01,3.737836339628877735e-01,1.765290880584512168e-01,2.153377092731562359e-01,-4.097210572268341622e-01,2.114703538930279569e-01,1.000000000000000000e+00,1.382752574694943171e-01,-5.571313778093353042e-01,3.491177081323514897e-01,-1.080461609336732555e-02,-3.641382564250301712e-01,5.711369246112171089e-02,2.595535548968940232e-01,-2.013669876381575519e-01,-3.957077523683466547e-01,-2.875087285379294699e-01,3.153645267354907578e-01,3.802561469565440833e-02,-4.861896898972032921e-01,-4.096110100725300351e-02,3.464529142408385720e-01,-2.828785971245370012e-01,-3.961917355009371144e-01,2.774604018247795456e-01,1.692403803371462512e-01,-4.643619817085252177e-01,-1.444215947070891515e-01,3.239365767180431011e-01,1.434699138319238121e-01,-2.467202515977073574e-01,-2.813907429795727277e-01,-1.365571633561136200e-01,-2.144004164061258377e-01,-1.643935790499439220e-01,-1.200848300723930534e-01,3.049490725794020210e-02,1.072242517731253203e-01
-1.122716111110705003e-02,3.443223125964181563e-01,3.292981921135587631e-01,3.284949148945589537e-01,-2.263333614525860349e-01,-3.409894409585411124e-01,2.793262230570011107e-01,1.618967961921258525e-01,-4.807807786013029716e-01,-9.233014546423411184e-02,4.478444930877633623e-01,-1.563170999246067117e-01,-5.156536582499730015e-01,2.694768196739826815e-01,2.855984626471959609e-01,-5.294538575826455151e-01,-2.420251314583837243e-01,4.948145652867436683e-01,-4.363548561357039057e-02,-5.245791996068541740e-01,8.570024286077330966e-02,4.983941961803053378e-01,-2.057072021904142178e-01,-6.386540248439186440e-01,-8.522925678590284604e-02,-3.076601489258775080e-01,-4.708266116936337675e-01,-4.389559905997108408e-02,-2.371600435080717384e-01,5.442923641828405490e-01,3.234988029163788914e-01,-5.066811131912960509e-01,-1.419420785343440961e-01,-5.462750360985544340e-01,-1.912028120423803212e-01,-5.938967865214921787e-02,-4.401708294436414426e-01,-2.084149830921218360e-01,1.224476958046388092e-01,-1.065018226637669402e-01,-3.753116115479454007e-01,-4.729859175031965457e-02,2.507818246277761509e-01,4.513176204006019709e-01,4.568371134825274793e-02,-9.769401167584770840e-02,1.444549165370445643e-01,2.027749855732480511e-01,-3.620036976315678390e-02,-4.398759875342915793e-01,-1.327692897557867235e-01,3.612220205325777922e-01,-3.009712587947838691e-01,-4.013284954180121877e-01,-5.668626410137258542e-01,2.397413822086829627e-01,1.382752574694943171e-01,1.000000000000000000e+00,1.863033494803842949e-01,2.693275397015649775e-01,5.103930157882037300e-01,9.019780675482542975e-02,-7.587177874905476349e-02,4.008569870837547788e-01,3.348237921884559265e-01,3.296707589542494654e-01,-3.255270765608735406e-01,8.097276908028524156e-04,6.267544167871768046e-01,2.754724204329919018e-02,-4.224535560662868727e-01,3.079000135941963312e-01,4.918255261176651683e-01,-3.097803406780385571e-01,-2.056173609081561049e-01,5.418987365879941454e-01,1.900233798135272378e-01,-3.446813651654127564e-01,1.386887989653644293e-01,-1.146817803791962131e-01,-3.529337989950365618e-03,6.821775106777132336e-02,-1.579723347129399769e-01,-3.963247712589294466e-03,-2.159588824501731119e-01,1.161440793052358617e-01,-1.197668280060093157e-04,-1.022630452513279969e-01
3.530434524867769874e-01,4.617430290365127088e-01,2.889197324093454311e-01,-1.978733156122298165e-01,-4.534996561389830205e-01,-7.574011199531920091e-02,-4.361459883587531089e-02,-3.756232315155002555e-01,-3.126431403136513687e-01,-7.973356929998313622e-03,-1.559264777794575896e-01,-4.743680482546415167e-01,-1.917868285139335827e-01,-1.329972099120231843e-01,-4.458109840796753431e-01,-3.912381730338574948e-01,4.550235689409268952e-03,-2.019485439658289527e-01,-5.213710492080978476e-01,-4.027624007143064677e-01,-5.009583774827612579e-02,-1.639703375058874923e-01,-4.466338408762008938e-01,-3.124156359023962382e-01,-5.029945769257206795e-02,-6.644033222067056155e-01,1.332926269334577252e-01,4.741885947559804082e-01,-4.754188335171862234e-01,-1.732493934935957491e-01,4.740643175228285155e-01,-1.017284165296496734e-01,-5.477481225203882920e-01,-1.891241192107872005e-01,3.484109832983572352e-01,-4.689774117230933737e-01,-3.645814960097296109e-01,4.601258855180989094e-01,-4.292397060705004097e-02,-4.600557475814885389e-01,2.376637145114281757e-01,4.509303275735077055e-01,-1.340989397430917829e-01,-2.822775595229528589e-01,1.179987999491998452e-01,2.756859621970206842e-01,-6.235526289697298358e-02,2.786361689164254529e-01,3.480317673219658903e-01,2.712492580651332252e-01,-1.271592270914742029e-01,-1.044587014791364434e-02,2.802975908223160895e-01,-3.591081398054778995e-01,2.789026876308503544e-01,4.499503755864499577e-01,-5.571313778093353042e-01,1.863033494803842949e-01,1.000000000000000000e+00,1.575116137276253714e-01,6.266304490690663420e-02,6.605110157663628412e-01,2.231726157326147653e-01,-2.271454490393153836e-01,-1.122489505697328721e-01,3.810058817851958435e-01,4.313848268810867581e-01,1.442192147102712430e-01,1.580350306497717572e-01,4.427853962832899448e-01,3.123374726454582473e-01,6.691048228201644521e-02,3.313300688022324803e-01,4.410629846523226316e-01,1.300131599662864568e-01,9.813028801225373576e-02,4.807235848645540766e-01,4.547419146468338336e-01,1.159475763701404150e-01,1.137190020224053966e-01,1.577007468587212913e-01,4.271219627331166585e-02,-1.769857433793434742e-01,-3.178798805853490228e-02,1.980665113790733289e-01,2.974855786651446343e-01,9.115376931315721798e-02,3.416929178173974679e-02
-4.140068090097515779e-02,4.216007351329719710e-01,1.345522669883031097e-01,3.369855018782263456e-01,5.932669417735648987e-02,-7.031129565731791820e-01,-3.541889882804580281e-01,3.544949379380444854e-01,-3.074311253501042507e-01,-7.442280791630605519e-01,9.523585273935525342e-02,1.818498679126145101e-01,-7.021486047756719806e-01,-4.695598338964132035e-01,3.373170360371722243e-01,-1.763419510147820612e-01,-8.006119906983867329e-01,-1.195819057324467721e-01,3.100047292744643190e-01,-6.201942488871722281e-01,-6.475455858501417694e-01,4.063988819988436640e-01,2.190259100549003524e-01,-5.325094883199580353e-01,-6.777152574626789105e-01,-4.645569308772444783e-01,1.566529713130776214e-01,-2.427296481983620413e-01,-7.870552437707906135e-01,3.029950060608420093e-01,8.151487569931054056e-02,-6.798214255482590840e-01,-3.266178704286199497e-01,-2.168678836365869611e-01,-2.882940307215440257e-01,-6.817657555361034127e-01,-2.303365433541913754e-01,-7.684978501693697298e-03,-6.658544011539394569e-01,-2.909076428782416124e-01,3.431146039138032733e-01,-2.263560788048061823e-01,-5.472249468945526996e-01,-7.374070498253615380e-02,-5.286587833196693120e-01,-1.133910977740095784e-02,4.312856975692193062e-01,2.984039586681952461e-01,2.851206118336200857e-01,2.027682980543215885e-01,4.741117959254614322e-01,4.429776825985348720e-01,4.563594698219661239e-01,-7.590241720582611984e-03,-1.211493925653770315e-01,7.727034557010030724e-01,3.491177081323514897e-01,2.693275397015649775e-01,1.575116137276253714e-01,1.000000000000000000e+00,7.323343709599555718e-02,-6.539850251545904596e-03,5.805059528349869602e-01,4.785461119104512662e-01,-3.890514935358950210e-01,-1.867480834825909763e-01,-2.027105722543226241e-01,7.143997187611741406e-01,4.682248590425837631e-01,-3.726571384398819076e-01,1.176884178712032936e-01,8.155516191789011771e-01,8.439135563168424781e-02,-3.350989062992872358e-01,5.669936483993733844e-01,6.303323973382393142e-01,-1.989506702233766744e-01,2.149578571699605478e-01,7.528220674134489254e-01,2.122629612825508716e-01,-3.166617558965990620e-01,-4.793403867251783690e-01,-4.547255737921256924e-01,-4.659589745295670271e-01,-1.279684387781107324e-01,1.345677252182105876e-01,2.141605482404069227e-01,1.543502351452018251e-01
1.944310693457838579e-01,4.264278732662984961e-01,4.121196603846649653e-01,2.385697425366944402e-01,-4.318470834687309634e-01,-2.828292053785873561e-01,6.394775262409666539e-01,1.395086348828482314e-02,-6.723328928408938143e-01,2.508989414324633294e-01,6.442525663074575304e-01,-4.298279341510269358e-01,-3.828115659999655196e-01,6.130703525485514671e-01,2.959036170406007318e-02,-6.566988005349937430e-01,1.201114885196706700e-01,5.551914467749915483e-01,-3.388006850444615914e-01,-5.136655480863829837e-01,5.196515053711399101e-01,6.587020809228347762e-01,-4.494734828062058041e-01,-6.690506706535281900e-01,3.916622722533566470e-01,-2.339858931767650196e-01,-6.760410988493206208e-01,2.247486185531155367e-01,1.367334542536088604e-01,6.679338059622547119e-01,4.693173974505550627e-01,-3.125894091361364757e-01,2.475875421249838504e-01,-6.972300129699107174e-01,-3.452444352884349588e-01,2.813294017851638018e-01,-3.243176032478001791e-01,-5.723926011316488038e-01,1.707891041058396397e-01,6.049299821277529660e-02,-4.696214639521325007e-01,-3.760114517577828885e-01,2.826258223559999228e-01,6.139902168336333066e-01,-1.074117101063300911e-01,-1.780283616003472957e-01,2.502114915633592007e-01,8.124667629186971274e-02,3.513597485931033160e-02,-5.943859687178384421e-01,-1.047395936511139464e-01,4.798350231939896293e-01,-5.426556102467973153e-01,-3.203441260362501208e-01,-6.368536219922698027e-01,-3.673698067251406074e-02,-1.080461609336732555e-02,5.103930157882037300e-01,6.266304490690663420e-02,7.323343709599555718e-02,1.000000000000000000e+00,4.239447847801210145e-02,-6.442950556456300548e-01,4.536037840356607620e-01,7.727786119244997032e-01,6.769707212816967745e-01,-3.183526152784418306e-01,-4.216641040918297501e-01,6.574052541023388541e-01,3.624425475901762450e-01,-6.406436729757291060e-01,-4.245131837138443887e-02,7.265658390035694136e-01,-1.429607552975130091e-01,-5.757942369467818899e-01,4.104088796904407643e-01,5.089875779670596234e-01,-3.098047081468681130e-01,-2.640296815457740878e-02,-2.137071092267858741e-01,2.820595267045580834e-01,2.294161450605201602e-01,-2.022995351808362097e-01,1.283373828011614148e-01,-4.392501622217091506e-01,-3.501173451159961952e-02,-2.490112838153081265e-01,-1.487267549378004372e-01
3.242965949552533145e-01,4.523161533847838145e-01,3.062318185447840402e-01,-2.636755845720588631e-01,-6.536510339286901727e-01,1.571049471991010915e-01,-9.163317650849038543e-02,-6.694720567460934468e-01,-2.154395204620870585e-01,1.949391575794681974e-01,-3.674470130557410674e-01,-6.457064925609050654e-01,3.059974406789244677e-02,-1.285730755365972477e-01,-6.469193232263789062e-01,-2.285755362889621278e-01,2.344067592219407914e-01,-3.428461545400505739e-01,-6.190464807444180373e-01,-4.302679304879853950e-01,1.397599589794246977e-01,-3.132526023083014866e-01,-6.824527202359967903e-01,-2.605267800143596379e-01,1.620876991696892089e-01,-6.226634418373978574e-01,2.054905225122636847e-01,6.463181833362091622e-01,-3.429828777890711056e-01,-3.177229379277313748e-01,6.600018682782358148e-01,1.950060946874581091e-01,-5.631754242520968790e-01,-3.419196010809827380e-01,5.972743551945314255e-01,-1.610754745447035841e-01,-5.857077104426718916e-01,3.063401853239311468e-01,8.210744565273900286e-02,-5.168765840924144372e-01,1.148582010567373302e-01,5.319388400607988343e-01,-1.219698061273287032e-01,-3.670909684421185259e-01,1.329383843067746540e-01,3.751720648905360611e-01,-5.616991161902935847e-02,3.612590397560637712e-01,3.829088637350089863e-01,3.301653927125308141e-01,-2.272537592365297121e-01,-5.403191842788000743e-02,2.843941830562127238e-01,-2.300207517166536764e-01,3.513856276324772154e-01,2.876202809958983697e-01,-3.641382564250301712e-01,9.019780675482542975e-02,6.605110157663628412e-01,-6.539850251545904596e-03,4.239447847801210145e-02,1.000000000000000000e+00,4.145790528977292416e-02,-5.948551647681928900e-01,-1.053358415296469230e-01,4.602779461985370135e-01,6.111256459028121535e-01,4.036271386004433581e-02,2.044618753285820656e-02,5.771592348335694567e-01,4.110571055453113853e-01,-1.059549718418226760e-01,2.825483061307875743e-01,6.208453486096696672e-01,1.085863290448460389e-01,-1.192076535318198488e-01,5.585755918526424946e-01,5.104708171639686931e-01,2.086800183574667386e-02,3.108041014932457768e-01,4.568495025113201713e-01,5.306626603278705862e-02,-1.755583496239166152e-01,-1.064220216979627071e-01,3.013801429384326824e-01,2.081428562620172007e-01,7.745979982594494717e-02,1.595061701793325237e-01
-5.189577673839013139e-02,1.063522687938869699e-01,5.680374539965569840e-03,7.861828708903337293e-02,2.642135955808125325e-01,-3.428148807819153543e-01,-6.167645047012663140e-01,2.199091872963402361e-01,1.212253542593203920e-01,-6.775055832064077466e-01,-2.974590594363955010e-01,3.313095377796151930e-01,-3.068496813970972847e-01,-6.540269752633798284e-01,2.159907840470964013e-01,1.493766155997997003e-01,-6.250649308162260498e-01,-3.226087058244692662e-01,3.488925483137924055e-01,-5.988144920140033717e-02,-7.753197542484548954e-01,-1.855254390583980506e-01,4.095558704785833282e-01,3.437812604304460451e-02,-7.260084121427503590e-01,-3.098348385974834529e-01,4.511470313583685332e-01,-2.752797272671037021e-01,-6.716940760267601229e-01,-2.417044314093963198e-01,-2.542856597819449505e-01,-3.399729254165605452e-01,-5.168592304404407978e-01,3.636907169781758986e-01,9.083794569348978276e-02,-7.376070057652310830e-01,6.536325656798497308e-02,5.671779669825420811e-01,-4.491989467580521089e-01,-2.521450676557077664e-01,5.272122642224804645e-01,2.659254184806419397e-01,-4.200304752911112605e-01,-4.472271381147928104e-01,-9.941232806682973044e-02,1.453923626242167588e-01,-2.311229433415412215e-03,8.472787563099423713e-02,1.515417811429054240e-01,4.993963886869514091e-01,2.439444121219249140e-01,-1.235741689552536798e-01,6.146128097206399188e-01,7.216197522943817999e-02,4.157550567332409797e-01,5.576869867897247257e-01,5.711369246112171089e-02,-7.587177874905476349e-02,2.231726157326147653e-01,5.805059528349869602e-01,-6.442950556456300548e-01,4.145790528977292416e-02,1.000000000000000000e+00,8.033501740544975178e-02,-7.572303273845997218e-01,-4.834864841276597658e-01,5.623044012363154209e-02,7.567734396736036651e-01,-8.074274125320092185e-03,-4.458156771946467090e-01,4.498210785459076377e-01,6.241710082364473333e-01,-2.936225470124008696e-01,-1.554093145832797507e-01,7.057280868437352250e-01,2.655299824378902218e-01,-3.878977875416096954e-01,3.070625198815480350e-01,5.082000927090614129e-01,2.276739480755406442e-01,-3.773125771339578827e-01,-3.886230736468858638e-01,-1.192446455226206792e-01,-4.136393996407275453e-01,1.913719548255441438e-01,1.435903502369242080e-01,2.969767522646794000e-01,1.205441012083356828e-01
-5.215232625106869940e-02,2.138334063205800661e-01,2.600965376004191199e-01,5.089385203271171720e-01,2.108066717238764598e-01,-6.641711226159949799e-01,2.748923201565499075e-01,6.566494439091733470e-01,-4.593946647564058905e-01,-3.905295990785508375e-01,7.128570042715162147e-01,2.643944215697986988e-01,-6.553129932413910286e-01,2.491573513426081632e-01,6.735198434175052595e-01,-4.118862011556727598e-01,-5.063844663466126050e-01,6.132620689232710642e-01,3.574058716958188331e-01,-2.404154910317051475e-01,-1.312781590708417268e-01,7.552291219391766841e-01,3.360744521835163368e-01,-4.755367712450844220e-01,-2.607708139344103726e-01,-2.464799836451345150e-02,-5.528252614495012818e-01,-4.536635033439619935e-01,-1.243061437483373999e-01,7.193408674155886695e-01,-1.861473875752332752e-01,-7.425230311347036372e-01,2.350862552296685559e-01,-1.796376997903210149e-01,-6.943152702204089533e-01,-1.552779343060479711e-01,1.404471430904380702e-01,-3.432375563742933733e-01,-1.787325950948302489e-01,2.345481378502116410e-01,-1.868264816442460341e-01,-5.218479015101249452e-01,1.070634337591486324e-01,5.623839463734813249e-01,-2.206090259441573220e-01,-3.036489476326608705e-01,2.696477378845993367e-01,-1.423570624344073499e-01,-1.009557962294416467e-01,-4.883489678992299354e-01,1.685556452575853459e-01,4.186962958600308204e-01,-3.267772234687892907e-01,-1.484813009178701515e-01,-5.724466188696594182e-01,1.605785378021827581e-01,2.595535548968940232e-01,4.008569870837547788e-01,-2.271454490393153836e-01,4.785461119104512662e-01,4.536037840356607620e-01,-5.948551647681928900e-01,8.033501740544975178e-02,1.000000000000000000e+00,3.363087254391058378e-01,1.184981273386896510e-02,-7.386214490887520467e-01,9.337274151337635053e-02,6.629673621420408836e-01,-3.786489765914441419e-01,-6.322777209966442546e-01,5.047416458595440636e-01,3.359133143429884338e-01,-7.277800394669345918e-01,-1.566569773372502028e-01,7.202774363669905977e-01,-1.717135588480460939e-01,-4.959039727444976009e-01,2.998809404417224767e-01,-3.274948795511831712e-01,-3.184600801516315194e-01,-3.081860717953741752e-02,-1.387811823379186404e-01,-6.211727414855177515e-02,-5.313849402698698210e-01,-1.023371077444900357e-01,-9.679117117542290760e-02,-2.466280237945055465e-01
2.166731191119149746e-01,1.883198803351515405e-01,4.162432501430565757e-01,1.413345721164054325e-01,-3.276617099931668498e-01,-2.429699471973482960e-02,7.961151245564052070e-01,-1.928228212636184588e-02,-5.142323614965089718e-01,5.172285716079063622e-01,6.703161072982698476e-01,-3.937839062825049252e-01,-1.065183896134801605e-01,8.534696925693004976e-01,1.264386813816518844e-02,-5.877803817039031209e-01,4.165415997356187172e-01,7.211001395842415729e-01,-3.772129766893869696e-01,-5.227898549107402176e-02,7.716474890256161956e-01,4.631853991130950310e-01,-3.975803409914872022e-01,-3.296132877799726191e-01,6.675877784305416229e-01,6.060635764096700823e-02,-8.332517935691065025e-01,1.919981103294033375e-01,5.330562675835703867e-01,5.125906021658477307e-01,2.599439388332437928e-01,-5.614269558547742289e-02,4.112488997359450837e-01,-4.258839850621927714e-01,-2.554729013921783753e-01,5.688368536356407379e-01,-4.310573596256474932e-02,-4.725757879382145865e-01,5.035861684995784904e-01,2.997153710996618425e-01,-5.975789255198757921e-01,-2.570316760875467343e-01,6.235187382880693630e-01,6.969564066458239227e-01,2.514973362523133527e-01,-2.181961287635940661e-01,-5.290804817587153874e-02,-2.163584669189461407e-01,-1.907325578667348753e-01,-7.210658892469760106e-01,-3.541399014259893896e-01,1.675757501561459806e-01,-8.042048626352191754e-01,-2.910490403466222120e-01,-5.512661129011153793e-01,-4.596834597881844786e-01,-2.013669876381575519e-01,3.348237921884559265e-01,-1.122489505697328721e-01,-3.890514935358950210e-01,7.727786119244997032e-01,-1.053358415296469230e-01,-7.572303273845997218e-01,3.363087254391058378e-01,1.000000000000000000e+00,6.751362528795193940e-01,-3.560615041604653919e-01,-7.462141311176894165e-01,4.557377789521994127e-01,4.174885489857115828e-01,-7.712792172656867118e-01,-3.723511302598073169e-01,6.567638614840320965e-01,-1.214058498471763392e-01,-8.460604587024864731e-01,1.806759051054445675e-01,5.016398387097779077e-01,-5.167717480129617735e-01,-4.080220121822044077e-01,-4.524186571989469163e-01,3.246907164994494721e-01,5.054748770841958061e-01,1.327473045174021871e-01,3.783511945394843479e-01,-3.897232106926300510e-01,-1.707120212159021766e-01,-3.262260446252223667e-01,-2.921360621460392104e-01
5.840483788751289485e-01,5.990562843920252956e-01,5.905818874861934464e-01,-1.594313635589730271e-01,-7.794590522982719483e-01,-3.191290263407841471e-02,6.168260763420871928e-01,-4.800001956907585798e-01,-6.933740061436109992e-01,5.357854736634689585e-01,3.640529763479898318e-01,-8.336174261756649218e-01,-1.559144812152589710e-01,6.441043030301194516e-01,-4.637222871117072653e-01,-7.623826013307445360e-01,4.750874487290764892e-01,3.734602351139909571e-01,-8.023049066741539948e-01,-3.776827110031081847e-01,7.237868338487126740e-01,2.154374963743568849e-01,-8.218026969648341007e-01,-4.387408136377414780e-01,6.651702573465743118e-01,-4.843621152785060335e-01,-5.450600650157058080e-01,6.295337705110182203e-01,1.661754374906957155e-01,2.698637225090476099e-01,6.143873072835956961e-01,1.685548058295436788e-02,5.470571642530403650e-02,-5.466220723513900426e-01,5.729562452201139577e-02,2.934979365077097224e-01,-3.895797754935805823e-01,-2.374462541226711743e-01,3.660627880945675483e-01,-1.621082275248661719e-01,-3.791640217178845473e-01,2.727055291551195443e-02,3.461085615543705307e-01,3.885039112944937978e-01,2.041210046002478462e-01,1.020345944240214631e-01,6.229162624012093974e-02,6.201275036517888556e-02,2.319313821071870008e-01,-4.036271111681256629e-01,-3.892762733970449029e-01,2.641597726591125572e-01,-4.186390394654792568e-01,-4.791607845717434921e-01,-3.013462733377981206e-01,-1.232680726345057043e-01,-3.957077523683466547e-01,3.296707589542494654e-01,3.810058817851958435e-01,-1.867480834825909763e-01,6.769707212816967745e-01,4.602779461985370135e-01,-4.834864841276597658e-01,1.184981273386896510e-02,6.751362528795193940e-01,1.000000000000000000e+00,1.011344930616538962e-01,-6.265564555927686241e-01,4.833070663750130280e-01,8.154800781849712576e-01,-3.974232287064514701e-01,-3.576912342312568716e-01,8.503630216572684031e-01,3.421013520569454180e-01,-6.380196107707507558e-01,1.480867323941109648e-01,8.856670875258728648e-01,-3.712784381122657268e-02,-2.104438767006893418e-01,-1.671243502634915945e-01,6.194093352637695116e-01,4.680646012120926458e-01,-1.580646519186695298e-01,1.822235316489088375e-01,-2.216184789146835310e-01,9.612320723349948581e-02,-2.716800186760275904e-01,-1.490951824312777840e-01
3.657819643040983171e-01,6.448737662421794026e-02,-2.465369628908410382e-01,-7.355045190604451166e-01,-4.358030427948764163e-01,4.562669146374363494e-01,-3.167128376257102307e-01,-7.802027476097129766e-01,2.154291262730302081e-01,2.968336601551472276e-01,-7.315650327672591491e-01,-4.771657222496740181e-01,4.704934528633550328e-01,-3.525032842824056822e-01,-8.445621275367222180e-01,1.866912650482782376e-01,4.077601806693641473e-01,-7.246188128416717333e-01,-5.734278672011469125e-01,7.427294320516170979e-03,3.241195205172827526e-02,-7.694254640100820497e-01,-4.604026076073496898e-01,3.616229578716641524e-01,1.341966525792227527e-01,-2.487161603513617369e-01,5.713309111478783731e-01,5.008130055822371807e-01,-9.963518500922861898e-02,-6.441979994304936064e-01,2.691079851777061771e-01,5.465096650250914623e-01,-3.153318199265521815e-01,1.140955291488935514e-01,6.044323060731257025e-01,-3.745712998232254842e-02,-2.337987241169940944e-01,3.402061579271659641e-01,2.017537850441924151e-03,-4.861233396069135071e-01,2.520226474380342641e-01,4.494665999102219756e-01,-3.124153304681931420e-01,-5.417256531629851546e-01,1.247288641785965629e-01,5.347585738147799805e-01,-8.775625591593037150e-03,2.457824800623135963e-01,3.744289422341933737e-01,5.424044240847670784e-01,-1.383022333780709878e-01,-1.638799783786193676e-01,5.100753919026678185e-01,-8.570611592022246705e-02,5.542001672070183682e-01,8.055127922887654612e-02,-2.875087285379294699e-01,-3.255270765608735406e-01,4.313848268810867581e-01,-2.027105722543226241e-01,-3.183526152784418306e-01,6.111256459028121535e-01,5.623044012363154209e-02,-7.386214490887520467e-01,-3.560615041604653919e-01,1.011344930616538962e-01,1.000000000000000000e+00,3.998091843774219389e-02,-5.548185316831745206e-01,5.652621163942471716e-01,7.624979570272754081e-01,-3.914075830192263461e-01,-1.559563722652199946e-01,8.737322249883355818e-01,2.627334412108902617e-01,-5.827354694655364487e-01,3.570421414352710210e-01,6.457898392302783286e-01,-8.947298666534858613e-02,3.024662286437763692e-01,3.978646212699746831e-01,2.061594304651292731e-01,-1.666184755297225178e-03,7.166001579415817724e-02,4.060533151652943040e-01,2.307091930846607297e-01,3.299588485234410118e-02,2.442250265974236501e-01
-2.118672051585829275e-01,8.338617741011125628e-02,-2.203836751522454396e-01,1.531842437822350800e-01,3.007446657998687489e-01,-4.505931023585538764e-01,-7.233082870263234376e-01,3.120435718079677678e-01,1.403360830248732150e-01,-8.492997281003994425e-01,-3.251824372276540531e-01,4.333828433181077799e-01,-4.121240280681243151e-01,-8.389697490782160871e-01,3.064126111524816953e-01,2.520619319806262637e-01,-8.151293198294450315e-01,-4.475588715980774457e-01,4.962116770658580589e-01,-3.455953722793612126e-01,-9.033172184632843882e-01,-1.927496378785148110e-02,4.434728048270091816e-01,-1.405080643181100541e-01,-8.579299031247622498e-01,-2.300607694106073520e-01,5.693885050302140982e-01,-3.089444296511510979e-01,-7.469382367007910695e-01,-1.207631795130671704e-01,-9.011775037931818444e-02,-3.663655782466093691e-01,-4.853984015085103798e-01,1.092484433928036514e-01,3.445826611464977707e-02,-6.884131529985675346e-01,-1.229134323610712037e-01,2.887216540529867204e-01,-6.056904660221882342e-01,-3.033044317279504631e-01,4.795437513738255997e-01,5.745547847516441209e-02,-6.443009942486523922e-01,-4.696129498825928339e-01,-4.248059943902506852e-01,1.492083117529278413e-01,2.667596398784117806e-01,2.629921893216560780e-01,1.591816933592445915e-01,5.320656944112799325e-01,4.607888532883015476e-01,6.490696334054518735e-02,7.014821684644176880e-01,1.759584625244346168e-01,2.806569178482334337e-01,6.893435704730311864e-01,3.153645267354907578e-01,8.097276908028524156e-04,1.442192147102712430e-01,7.143997187611741406e-01,-4.216641040918297501e-01,4.036271386004433581e-02,7.567734396736036651e-01,9.337274151337635053e-02,-7.462141311176894165e-01,-6.265564555927686241e-01,3.998091843774219389e-02,1.000000000000000000e+00,3.157157912111332315e-02,-6.052455672006419318e-01,5.317857093760941511e-01,8.175949821542003448e-01,-3.897714389489012055e-01,-2.425976147560413299e-01,8.866984627389150608e-01,3.443477720665761854e-01,-5.217602504795738616e-01,3.441714743113639119e-01,7.132920656921641900e-01,3.783486813735056908e-01,-4.790300832681852472e-01,-5.921183597130631471e-01,-2.745378621642779460e-01,-5.076938925484461018e-01,1.415739457651678523e-01,1.441373424543939130e-01,3.252232123209161108e-01,2.688698190950278288e-01
2.029579961652134001e-01,6.464729317303959943e-01,6.414088024798326737e-01,4.773412338650859787e-01,-2.816089875248380947e-01,-7.206353740122370954e-01,3.604574897469765005e-01,3.091984556824380337e-01,-8.090158406816746473e-01,-2.845304052659103355e-01,7.045925633957750289e-01,-2.106782536559494989e-01,-8.323498939080735681e-01,3.457320664153800682e-01,3.709840014312317802e-01,-7.885952120288890477e-01,-4.038690731588783778e-01,6.260255134980892144e-01,-6.664316278616633227e-02,-6.491543855270994756e-01,7.283968368461207765e-02,7.758334904307581104e-01,-1.927261691154057432e-01,-8.251774958798476778e-01,-4.798280157278468627e-02,-4.645876519668928895e-01,-6.033548488164590662e-01,2.490854300714382893e-03,-2.671663144120119404e-01,7.154386863127343288e-01,3.577339907777030703e-01,-6.687450069044453826e-01,-3.417549014291017262e-02,-5.873364360705006781e-01,-3.896761342959728092e-01,-1.359807886709807900e-01,-3.156469767579346275e-01,-3.008694942819578055e-01,-4.536483698216445259e-02,-1.203851637126390761e-02,-2.530334267542246329e-01,-2.726142201873610338e-01,1.448182248034409481e-01,5.051271036130235981e-01,-1.586807158462324452e-01,-1.951487989173307236e-01,2.609746347875511741e-01,6.857596561619527797e-02,7.137272805125968560e-03,-4.535724287574400271e-01,4.441827134129681248e-02,4.307182396632759924e-01,-3.176261929209487911e-01,-3.018136016844530922e-01,-5.482243148656729126e-01,2.889477067464184534e-01,3.802561469565440833e-02,6.267544167871768046e-01,1.580350306497717572e-01,4.682248590425837631e-01,6.574052541023388541e-01,2.044618753285820656e-02,-8.074274125320092185e-03,6.629673621420408836e-01,4.557377789521994127e-01,4.833070663750130280e-01,-5.548185316831745206e-01,3.157157912111332315e-02,1.000000000000000000e+00,1.233074887269665874e-02,-6.458952702618397934e-01,5.225027395391753648e-01,7.779416880583658322e-01,-4.889653634594448572e-01,-2.575552315351312682e-01,8.797111078120456451e-01,3.129136465843059822e-01,-3.244444537074906987e-01,3.532188566966286691e-01,-1.649676106637654738e-01,1.285524504738476187e-03,-4.076312284679879661e-02,-3.099693574612267244e-01,-1.797906532973814475e-01,-4.753133885440160022e-01,-7.153609749466335356e-03,-1.322680580650427151e-01,-1.691372154914582704e-01
6.287630708756739573e-01,4.045598237292108990e-01,2.989578615477817003e-01,-5.329427062480153188e-01,-7.934239758583299107e-01,3.164922499191255567e-01,3.860534011865417447e-01,-7.920575354471293128e-01,-3.689808762113558904e-01,6.893353894952802818e-01,-7.646953442573192761e-02,-8.879219066759619361e-01,2.365903448840037948e-01,4.210695413679229060e-01,-8.224841017893190775e-01,-4.511542034690009251e-01,7.004157489221037869e-01,-5.242654199596942510e-02,-9.363209362194333529e-01,-1.385033395117085953e-01,6.765618221652502928e-01,-2.605213669714245839e-01,-8.581275868469374624e-01,-4.280547635368645715e-02,6.874916994649097335e-01,-3.768385611487248821e-01,-1.846862602252493102e-01,7.128059643916234700e-01,2.297443298258632083e-01,-1.275880962467356716e-01,5.281171788519323229e-01,3.673545604019470279e-01,-4.590795025483986069e-04,-2.870257200738702275e-01,3.145120884913378823e-01,3.075257837300480190e-01,-3.025144618714914468e-01,-2.522203570441000631e-02,3.475741511081916202e-01,-2.674319332291103524e-01,-1.799136945119044484e-01,2.207981616626629173e-01,1.986796145037924288e-01,8.543213569164237464e-02,2.927121371860158527e-01,2.830144743862284540e-01,-4.438895697690747877e-02,8.246118275296351885e-02,3.002901700212057268e-01,-8.858564720840124418e-02,-4.061149662674760075e-01,6.055708720293866837e-02,-1.544904887593162301e-01,-3.717284408614746627e-01,3.349383536833298175e-02,-1.959485033735853532e-01,-4.861896898972032921e-01,2.754724204329919018e-02,4.427853962832899448e-01,-3.726571384398819076e-01,3.624425475901762450e-01,5.771592348335694567e-01,-4.458156771946467090e-01,-3.786489765914441419e-01,4.174885489857115828e-01,8.154800781849712576e-01,5.652621163942471716e-01,-6.052455672006419318e-01,1.233074887269665874e-02,1.000000000000000000e+00,2.593802432232320335e-02,-6.282799596894454996e-01,5.733332588687994891e-01,7.498688615251483114e-01,-4.821143180829197128e-01,-2.868840074462162826e-01,8.965288719953897756e-01,2.602456954394595234e-01,-3.519959856321502323e-01,-6.205468835258095422e-02,6.956661734229180327e-01,5.572815127933767876e-01,-1.168569125451689346e-02,3.081180711504140635e-01,5.310678734372821508e-02,1.429824605555768124e-01,-2.330972421424894747e-01,-2.840121132603658227e-02
5.598857889921286107e-02,-1.084422644071025427e-01,-4.518311853542969492e-01,-5.270945957008043026e-01,-2.323541029069883107e-02,2.826870069005121833e-01,-7.189995214191365891e-01,-4.366228056483801856e-01,4.723804084972795803e-01,-1.775386704634764889e-01,-8.716607717443236591e-01,-9.868019534317915009e-03,3.426532989662723350e-01,-7.868692974784915473e-01,-4.968030502465436427e-01,5.090907288080240845e-01,-4.928538175738000904e-02,-9.054539910993842922e-01,-7.385205159047469881e-02,3.801224152208741713e-02,-4.794985556885660305e-01,-7.198523750943951471e-01,9.247101843763521484e-03,4.027954069979416407e-01,-3.323821755313444148e-01,-1.519282310723932272e-01,8.560207089942916125e-01,1.850919512746604101e-01,-3.861117925096951287e-01,-7.036291183813896399e-01,1.069843176279435329e-02,3.573340524867952284e-01,-4.500339753623111561e-01,3.290168783517968820e-01,5.156955477512450425e-01,-3.679413444789564891e-01,-9.440654907730118561e-02,4.747171796417035128e-01,-3.223147687585539156e-01,-4.440374450583915444e-01,5.265882180100788235e-01,3.990909343988424673e-01,-5.846660881359646567e-01,-7.639393136320148381e-01,-1.081939249033050249e-01,4.535206130914312128e-01,2.922304759619939393e-02,2.493332829796455485e-01,3.443986794025612475e-01,7.766912714937925788e-01,1.461830027679837662e-01,-2.141222582081996617e-01,7.889098939901736385e-01,1.531598084622203537e-01,6.820336744915049820e-01,3.264677312174149582e-01,-4.096110100725300351e-02,-4.224535560662868727e-01,3.123374726454582473e-01,1.176884178712032936e-01,-6.406436729757291060e-01,4.110571055453113853e-01,4.498210785459076377e-01,-6.322777209966442546e-01,-7.712792172656867118e-01,-3.974232287064514701e-01,7.624979570272754081e-01,5.317857093760941511e-01,-6.458952702618397934e-01,2.593802432232320335e-02,1.000000000000000000e+00,2.506728994423125870e-02,-5.655909595714605498e-01,5.971273200349689336e-01,7.439436932643479494e-01,-4.764939662097568696e-01,-1.497638589886735316e-01,7.549217917164600111e-01,2.302043869236319595e-01,4.822044443302314631e-01,6.058338036331806405e-03,-2.246725547034727211e-01,-9.397336282174388600e-02,-2.022262911675427044e-01,5.111414065282015029e-01,2.547340719446595791e-01,2.762329194725873238e-01,3.538896448356266267e-01
-1.497546494671367356e-01,3.162179579520364991e-01,1.288733701838186974e-01,4.574143610697077311e-01,2.317554299755866243e-01,-7.670081559575278041e-01,-4.062272931416204269e-01,5.472826982630041304e-01,-2.492207655214740691e-01,-8.957495462980409329e-01,1.554148735110419677e-01,3.828216434919601840e-01,-7.764139608499158740e-01,-4.979407406919636458e-01,5.887902316740218911e-01,-1.338866141868862436e-01,-9.298858520273600714e-01,2.834511772530215121e-02,5.193759092817014089e-01,-5.256179544806945936e-01,-7.344481097326605035e-01,4.483969848711637507e-01,4.057957111007330364e-01,-4.984738885929509422e-01,-7.561861421031897956e-01,-3.219175486676111309e-01,1.185726357212121274e-01,-3.595395925465674769e-01,-6.954522642870241134e-01,3.172774480275452613e-01,-1.263884423869402265e-02,-6.778206639079289442e-01,-3.352886710613472987e-01,-1.494336540939139035e-01,-2.606060295168901586e-01,-6.061108205296579232e-01,-1.552370042972626429e-01,4.199572461166617421e-02,-5.181401307560772329e-01,-1.326523153245449393e-01,2.413227725260465861e-01,-1.655520912140052425e-01,-4.066422073255622216e-01,-7.943673234664733185e-02,-4.398824644359275449e-01,-5.164423226003704570e-02,3.295860952493510632e-01,1.572192056010180972e-01,4.873863966123138936e-02,1.437850990969227749e-01,4.230691044212758767e-01,2.476878681168738772e-01,3.440936259750086434e-01,5.916205995767070958e-02,-1.008630274923983383e-01,6.553521385160042678e-01,3.464529142408385720e-01,3.079000135941963312e-01,6.691048228201644521e-02,8.155516191789011771e-01,-4.245131837138443887e-02,-1.059549718418226760e-01,6.241710082364473333e-01,5.047416458595440636e-01,-3.723511302598073169e-01,-3.576912342312568716e-01,-3.914075830192263461e-01,8.175949821542003448e-01,5.225027395391753648e-01,-6.282799596894454996e-01,2.506728994423125870e-02,1.000000000000000000e+00,7.189709088698663722e-03,-6.066488053987133533e-01,5.961553121226893515e-01,7.725655148689267726e-01,-4.087315398300395697e-01,7.004329645331788985e-03,7.792069645100596631e-01,1.900433353392730063e-01,-4.772249241062864189e-01,-5.443821481510908722e-01,-3.674064041117624524e-01,-5.228015445155459462e-01,-1.822939990415022582e-01,7.469528859454110936e-02,2.018592482689690604e-01,9.553177030472184694e-02
5.315252159585099889e-01,7.090969098858741493e-01,6.921328442211022169e-01,8.050429303267307712e-02,-6.486096973438616464e-01,-3.807911751069572026e-01,5.672913142385405116e-01,-1.761517699310194418e-01,-8.579415719515784966e-01,2.086399958752336581e-01,5.730066945307373816e-01,-6.609422484346147986e-01,-5.037827287891089023e-01,5.991813792320662690e-01,-1.489237916528031724e-01,-9.017953411418004883e-01,1.247353124219333503e-01,5.403768134712302329e-01,-5.864550426519884452e-01,-5.192615594247295130e-01,4.998008215185545944e-01,4.791589489141893088e-01,-6.243564432362606054e-01,-6.394687175880258145e-01,4.065197642048549720e-01,-5.237659101938691997e-01,-6.491094369167497158e-01,3.974533767750138558e-01,3.928548725465889208e-03,5.011831447829537822e-01,5.410798777099004031e-01,-2.950284568942477814e-01,2.840108563088948254e-02,-5.896781162092512574e-01,-1.475772635432268387e-01,1.293323879230441342e-01,-3.641695152171870453e-01,-2.549178011592849735e-01,2.318488237920132700e-01,-9.513322917729245820e-02,-3.468747068250587207e-01,-9.675741413597767349e-02,3.081387519647944551e-01,4.973163829269627301e-01,9.057246320628936642e-02,-4.247147990822889435e-02,1.347919486732069849e-01,3.857044113014995723e-02,1.189984664389355656e-01,-4.692326442493054972e-01,-2.241777271891528811e-01,3.367767366537933738e-01,-4.172523718848875074e-01,-4.442790952021744011e-01,-4.309755173297618591e-01,2.876769529003748646e-02,-2.828785971245370012e-01,4.918255261176651683e-01,3.313300688022324803e-01,8.439135563168424781e-02,7.265658390035694136e-01,2.825483061307875743e-01,-2.936225470124008696e-01,3.359133143429884338e-01,6.567638614840320965e-01,8.503630216572684031e-01,-1.559563722652199946e-01,-3.897714389489012055e-01,7.779416880583658322e-01,5.733332588687994891e-01,-5.655909595714605498e-01,7.189709088698663722e-03,1.000000000000000000e+00,7.115355825596091782e-03,-5.791719101358971944e-01,5.467219151672407795e-01,7.881561725854850931e-01,-1.986805028577215415e-01,6.286668891803386811e-03,-2.278746952623342537e-01,4.058542681453509715e-01,3.409277713102353835e-01,-2.049174812287601899e-01,8.501620266040210705e-02,-3.835080637570151274e-01,5.407393975086807053e-02,-2.781401391143916713e-01,-1.953755553959600211e-01
4.337847606916914733e-01,9.710164087272923905e-02,-1.316888819095369256e-01,-7.465451849565412079e-01,-5.451261708949957097e-01,5.555514004497885683e-01,-1.102193496085733943e-01,-8.784937278627330537e-01,1.298083863864829546e-01,5.279851442780703064e-01,-6.130005749847144969e-01,-6.329479035144102150e-01,5.386825793759530967e-01,-1.005348514726405879e-01,-9.423823539001048299e-01,7.234644589884599297e-02,6.143501264888103774e-01,-5.900175820468198662e-01,-7.292776550507149569e-01,6.006872383373270535e-02,2.975581860503888620e-01,-6.711337727528873254e-01,-5.989458472898329111e-01,3.158503062583884469e-01,4.002695973973338650e-01,-2.454220085644885918e-01,3.702605457322151739e-01,6.334654178568009941e-01,6.719790150676666074e-02,-5.666447985295467449e-01,3.275512688675625839e-01,5.781347023760038395e-01,-1.876788642769859905e-01,6.245863323453983151e-02,5.412832242376324210e-01,9.309797584531756542e-02,-1.899329170971091885e-01,2.540167927966563988e-01,1.199389779703427111e-01,-3.937688819824465836e-01,1.630595555675730113e-01,3.921421984696253360e-01,-1.456068907153080516e-01,-3.793994106249718445e-01,1.898205594480203151e-01,4.191747899039948155e-01,-8.002294677985928584e-02,1.738083534704991662e-01,3.944692100773503629e-01,3.717980491440072699e-01,-2.307231587063761635e-01,-1.239517804860827133e-01,2.983768825947760717e-01,-1.477134723831648733e-01,4.435160409840362417e-01,-7.185910477963509957e-02,-3.961917355009371144e-01,-3.097803406780385571e-01,4.410629846523226316e-01,-3.350989062992872358e-01,-1.429607552975130091e-01,6.208453486096696672e-01,-1.554093145832797507e-01,-7.277800394669345918e-01,-1.214058498471763392e-01,3.421013520569454180e-01,8.737322249883355818e-01,-2.425976147560413299e-01,-4.889653634594448572e-01,7.498688615251483114e-01,5.971273200349689336e-01,-6.066488053987133533e-01,7.115355825596091782e-03,1.000000000000000000e+00,2.432237290596194618e-02,-6.703131551054148929e-01,5.707233228409337444e-01,6.579676197714868779e-01,-2.598033947637593544e-01,2.330255185498105452e-01,5.401217461323938318e-01,2.934339689209292668e-01,8.033475417964407866e-03,1.687374822220633896e-01,4.107451810877572607e-01,2.409195787487978802e-01,9.053476203220271745e-03,1.962586435401547091e-01
-1.780966020235717762e-01,-3.195634857887226510e-02,-3.552245686654534329e-01,-6.881261931085497219e-02,2.790077029388020602e-01,-2.067160290663542233e-01,-8.501545040177216350e-01,9.017580577785111462e-02,3.436313090373934176e-01,-7.074631953953086638e-01,-5.945052436667066509e-01,3.733946080676394108e-01,-1.436244659428519699e-01,-9.419017018198104774e-01,6.554880007422538013e-02,4.509766721952816471e-01,-6.249981182068689023e-01,-6.940008675054848419e-01,4.058154111881371873e-01,-1.662810157722251492e-01,-8.408326421583123267e-01,-2.669126506599896476e-01,3.963257013566306441e-01,9.277042900407125869e-02,-7.290673746691688217e-01,-1.743481098710026322e-01,7.470657830650231368e-01,-1.762719475635103616e-01,-6.495744846117544880e-01,-3.372937090647824543e-01,-1.325749740043398461e-01,-1.282994233712673460e-01,-4.551555941647161263e-01,2.388908606450327321e-01,1.605756535591552070e-01,-6.223299858888826641e-01,-4.622920944499473578e-02,3.408589419146216271e-01,-6.018371460300884213e-01,-3.128837408638596163e-01,5.698223275925953235e-01,1.201882104498945003e-01,-6.981804938315543385e-01,-6.198773547374962778e-01,-3.865705491620711198e-01,2.376438412147736656e-01,2.035300100447165750e-01,2.210714725977087625e-01,2.353126610835342969e-01,6.693177505864249532e-01,4.293043554547012475e-01,-2.691104528336540208e-02,7.932012873708755851e-01,2.502554013729160753e-01,4.422391897730488797e-01,5.902424876810099530e-01,2.774604018247795456e-01,-2.056173609081561049e-01,1.300131599662864568e-01,5.669936483993733844e-01,-5.757942369467818899e-01,1.085863290448460389e-01,7.057280868437352250e-01,-1.566569773372502028e-01,-8.460604587024864731e-01,-6.380196107707507558e-01,2.627334412108902617e-01,8.866984627389150608e-01,-2.575552315351312682e-01,-4.821143180829197128e-01,7.439436932643479494e-01,5.961553121226893515e-01,-5.791719101358971944e-01,2.432237290596194618e-02,1.000000000000000000e+00,2.145419652928512097e-02,-5.186450475640072000e-01,5.793750155852652739e-01,6.513602645928348034e-01,5.039952460511590848e-01,-3.780351479181391361e-01,-5.929291307088693230e-01,-2.686863007271599879e-01,-5.075224040890352617e-01,3.134821672467947296e-01,2.145081798261876116e-01,3.901178786720043146e-01,3.571733091791339798e-01
7.380069480834919315e-02,5.571038010330142676e-01,5.113172915306660737e-01,5.524040492457883422e-01,-4.290226074528760702e-02,-8.644302278871308642e-01,1.071326831506348026e-01,5.202812355596164728e-01,-6.783977094966553434e-01,-5.965198904816259029e-01,6.186173728655494086e-01,6.333499221118475686e-02,-9.237477435024287198e-01,7.035698031564940891e-02,5.670628903552232813e-01,-6.199442899922060768e-01,-6.799189223277757321e-01,5.108417166660348396e-01,2.053696971261647075e-01,-6.072488622249551105e-01,-2.512067309204902843e-01,7.273530718670900841e-01,8.060509167836313327e-02,-7.331191653922580764e-01,-3.474446013400678268e-01,-4.010763443775740011e-01,-4.019608041125680153e-01,-1.940086789529067157e-01,-4.286903505324625718e-01,6.350374647462795341e-01,1.815329559021232608e-01,-7.379827724107232978e-01,-1.150317494178871025e-01,-4.233635354767886216e-01,-4.110229170674070676e-01,-3.206513764826307011e-01,-2.238473091762175071e-01,-1.916040260323240985e-01,-2.212260700161524651e-01,-5.853996702104217846e-03,-8.908017919388830363e-02,-2.730642680360519936e-01,-2.256567062058690426e-02,3.510031733928118958e-01,-2.623750073225911694e-01,-1.872868896819225859e-01,2.864047306035651386e-01,4.839157472741979771e-02,-3.214096071559333773e-02,-2.916247528540168443e-01,2.018471437304869553e-01,3.719282446295629208e-01,-1.194112087648650372e-01,-1.685549087126923806e-01,-4.365383411470526998e-01,4.327260006762368993e-01,1.692403803371462512e-01,5.418987365879941454e-01,9.813028801225373576e-02,6.303323973382393142e-01,4.104088796904407643e-01,-1.192076535318198488e-01,2.655299824378902218e-01,7.202774363669905977e-01,1.806759051054445675e-01,1.480867323941109648e-01,-5.827354694655364487e-01,3.443477720665761854e-01,8.797111078120456451e-01,-2.868840074462162826e-01,-4.764939662097568696e-01,7.725655148689267726e-01,5.467219151672407795e-01,-6.703131551054148929e-01,2.145419652928512097e-02,1.000000000000000000e+00,1.291162638060563451e-02,-3.135957980955969560e-01,5.552598685618593821e-01,-1.019406055419326967e-01,-2.275035227274731231e-01,-2.112935236976540565e-01,-3.330036129164711811e-01,-3.133225862676157769e-01,-4.604389339180714469e-01,-4.655960240900151176e-03,-4.710710616609569551e-02,-1.276645342211813472e-01
6.518073900149783384e-01,5.899798955523762878e-01,4.786646580247399529e-01,-3.468268214035516994e-01,-8.207637529312733493e-01,4.958333897691240971e-02,4.513485910716891758e-01,-6.364244195964959827e-01,-5.964753792516125364e-01,5.315768614064106945e-01,1.406990963650204818e-01,-8.842200350178965884e-01,-4.020938575315297775e-02,4.842834891177579815e-01,-6.566465364321093512e-01,-6.701127867198480859e-01,5.159454723171612578e-01,1.344710592031750362e-01,-8.920050074238007332e-01,-3.301815321455188745e-01,6.385766206172508452e-01,-6.088809738459695017e-03,-8.519734594860433052e-01,-3.071210498238407527e-01,6.141717951777408979e-01,-4.892104050768123491e-01,-3.358386817417456371e-01,6.729929669985473817e-01,1.160381567765051830e-01,6.772481209008775205e-02,6.142657352085912903e-01,1.474451959463915218e-01,-4.030546709705259967e-02,-4.327627484940185232e-01,2.033064212142697835e-01,2.305065868069461621e-01,-3.899543057790886835e-01,-8.762170412403136321e-02,3.125533046273826776e-01,-2.716589242697036721e-01,-2.279998291441520941e-01,1.457404989361927861e-01,2.137076540672262492e-01,2.048072364131517664e-01,2.089361784447406056e-01,1.775184739809208545e-01,3.097450134157978333e-02,1.387515996984025612e-01,2.888101829379070562e-01,-2.005553315288922667e-01,-3.414580420502537628e-01,1.797189687619107634e-01,-2.183546010018604655e-01,-4.366658323232784911e-01,-1.072637663911688855e-01,-9.085415483942527182e-02,-4.643619817085252177e-01,1.900233798135272378e-01,4.807235848645540766e-01,-1.989506702233766744e-01,5.089875779670596234e-01,5.585755918526424946e-01,-3.878977875416096954e-01,-1.717135588480460939e-01,5.016398387097779077e-01,8.856670875258728648e-01,3.570421414352710210e-01,-5.217602504795738616e-01,3.129136465843059822e-01,8.965288719953897756e-01,-1.497638589886735316e-01,-4.087315398300395697e-01,7.881561725854850931e-01,5.707233228409337444e-01,-5.186450475640072000e-01,1.291162638060563451e-02,1.000000000000000000e+00,1.756654136969891811e-01,-2.215631791745619750e-01,-7.816553733439302043e-02,6.493493226257383011e-01,4.565110672011657433e-01,-1.239062677034540455e-01,2.110848042991614881e-01,-7.462593478203402575e-02,1.421819779381287008e-01,-2.470251439275123473e-01,-6.421173540672690805e-02
2.288322541158775980e-01,1.856339063622904073e-01,-9.915231288336166793e-02,-4.499859992475936377e-01,-2.278706017214868762e-01,1.286512827098748868e-01,-5.899839894037909316e-01,-5.215249750130248607e-01,1.646043411640369936e-01,-1.233557610457275411e-01,-6.811517641153841396e-01,-2.622026037948205768e-01,1.456065450034373099e-01,-5.988859882115682431e-01,-6.134463629957270792e-01,1.846347379207856354e-01,-1.839178799142160425e-02,-7.945506721050873411e-01,-3.044893026850876705e-01,-1.056703379563419670e-01,-2.888604652609148560e-01,-4.337590295799371165e-01,-1.758103016598532575e-01,1.002114710688805366e-01,-9.025941249566082902e-02,-4.451253884251903381e-01,6.064354235655194936e-01,4.516043939407589636e-01,-3.452532912568710977e-01,-4.210063005858422636e-01,2.085093208211445670e-01,1.874033003690416810e-01,-3.399097480141676786e-01,9.566958629712203621e-02,3.036720944170848702e-01,-3.985703074036210936e-01,-5.511767938084036894e-02,3.453982113289202349e-01,-4.390921891327282389e-01,-3.032594986139057203e-01,6.307444803234734110e-01,1.983035455113051071e-01,-5.666926847302800052e-01,-5.913645158831853932e-01,-2.208901667870653007e-01,2.314162354697513191e-01,1.618757720694296784e-02,1.217621528330970621e-01,3.768026300998416067e-01,6.809796678060784370e-01,2.805949650962740183e-01,-9.780290278276050631e-02,6.233552380996041364e-01,1.645071734073974556e-01,4.891420455526975797e-01,3.414620294016075808e-01,-1.444215947070891515e-01,-3.446813651654127564e-01,4.547419146468338336e-01,2.149578571699605478e-01,-3.098047081468681130e-01,5.104708171639686931e-01,3.070625198815480350e-01,-4.959039727444976009e-01,-5.167717480129617735e-01,-3.712784381122657268e-02,6.457898392302783286e-01,3.441714743113639119e-01,-3.244444537074906987e-01,2.602456954394595234e-01,7.549217917164600111e-01,7.004329645331788985e-03,-1.986805028577215415e-01,6.579676197714868779e-01,5.793750155852652739e-01,-3.135957980955969560e-01,1.756654136969891811e-01,1.000000000000000000e+00,3.503732225776986509e-01,5.548130866401667083e-01,1.463530928041991697e-01,-3.121418029983660247e-01,-2.858711874459041735e-01,-3.754155330409508218e-01,3.776229910167192005e-01,3.182471183299372952e-01,2.576756538619712211e-01,3.628750026989061017e-01
1.023518671045734602e-01,4.017354181026409621e-01,4.365460164178359970e-02,9.264424215418390340e-02,4.063022575947676518e-02,-6.571385118173704853e-01,-5.258805854372353705e-01,2.246993422632840853e-01,-2.347022899384029748e-01,-7.594524827619731910e-01,-7.602538325301941291e-02,1.373778507699193185e-01,-6.168816524632387832e-01,-5.857386244959451593e-01,2.233930651224057817e-01,-1.148044665121307067e-01,-7.306930682285935896e-01,-2.459770938075801494e-01,2.526607610179569807e-01,-5.130807502638338180e-01,-6.196967347501427525e-01,2.833870460368013711e-01,2.062262119764316226e-01,-3.875336146707075158e-01,-5.288045710397867305e-01,-4.414381982966610329e-01,3.107357469214112600e-01,3.011363383182850007e-03,-5.913135606436926706e-01,2.423117201557767886e-01,1.088892122044941013e-01,-4.835643910064826856e-01,-2.307890013938502793e-01,-2.101744701888585976e-01,-2.246716753606734229e-01,-4.979173940140812493e-01,-1.598065266890162650e-01,-6.015670434182032039e-02,-6.028440656195429570e-01,-1.822728185607245810e-01,3.431611962576456842e-01,-2.376314990855592502e-01,-5.925756550998764194e-01,-2.202595102370825397e-01,-5.617867229747038893e-01,1.069606214811632400e-01,4.518506849227042488e-01,1.086992989416915717e-01,2.232085440386241959e-01,2.834918688287645927e-01,4.657952882994244037e-01,2.842173437831894689e-01,4.546777309841213421e-01,6.047826605536563149e-02,-1.486379714861357608e-02,5.876754384692632893e-01,3.239365767180431011e-01,1.386887989653644293e-01,1.159475763701404150e-01,7.528220674134489254e-01,-2.640296815457740878e-02,2.086800183574667386e-02,5.082000927090614129e-01,2.998809404417224767e-01,-4.080220121822044077e-01,-2.104438767006893418e-01,-8.947298666534858613e-02,7.132920656921641900e-01,3.532188566966286691e-01,-3.519959856321502323e-01,2.302043869236319595e-01,7.792069645100596631e-01,6.286668891803386811e-03,-2.598033947637593544e-01,6.513602645928348034e-01,5.552598685618593821e-01,-2.215631791745619750e-01,3.503732225776986509e-01,1.000000000000000000e+00,5.521519969286139418e-01,-2.007830627681985169e-01,-6.036830070076677490e-01,-6.916988100776361170e-01,-7.595222339838180181e-01,-2.644349953432616473e-01,2.253358738831191810e-01,1.639473497779306566e-01,2.935030982036893610e-01
1.624646692421534075e-02,5.965639835948426811e-02,-2.242037863649175289e-01,-2.657782073542562240e-01,7.404994216755835315e-03,2.733918594552457726e-02,-6.103770710159657220e-01,-2.289829091529657912e-01,2.443674216417375533e-01,-2.677208983663791897e-01,-5.395635654500278156e-01,1.024074008204179168e-02,8.641470522202154836e-02,-5.632183309156231221e-01,-2.364163857046254757e-01,2.256764319980412992e-01,-1.398743445583852663e-01,-5.277644991624348414e-01,2.112110609391465617e-03,-1.520362736309474883e-01,-2.855987820862436743e-01,-1.700735052479431242e-01,4.159941511718415370e-03,-4.919344406273742920e-02,-1.339066058245466928e-01,-2.593754483109655395e-01,5.422109603619675866e-01,3.766689045767828703e-01,-2.256022749762818524e-01,-1.406367929774202385e-01,2.375425399992847630e-01,6.438880885010767052e-02,-2.462114776647493231e-01,-1.581133912827293597e-01,2.026470301370468241e-01,-1.279597367334909530e-01,-1.885737270007653288e-01,6.113023985258312504e-02,-2.547045048295423775e-01,-1.471523940402493236e-01,2.814230392542430570e-01,9.045295132896970236e-02,-4.498534665565625534e-01,-5.232277314366023946e-01,-3.047150706067586201e-01,2.160394025640243187e-01,1.393710326073988037e-01,1.481491886053347973e-01,1.801735186831989743e-01,4.212179670535045606e-01,1.821019231618631051e-01,-8.969651900231428998e-02,3.930625049291442408e-01,1.394376457144018977e-01,2.872290363125889479e-01,1.885308655302005698e-01,1.434699138319238121e-01,-1.146817803791962131e-01,1.137190020224053966e-01,2.122629612825508716e-01,-2.137071092267858741e-01,3.108041014932457768e-01,2.276739480755406442e-01,-3.274948795511831712e-01,-4.524186571989469163e-01,-1.671243502634915945e-01,3.024662286437763692e-01,3.783486813735056908e-01,-1.649676106637654738e-01,-6.205468835258095422e-02,4.822044443302314631e-01,1.900433353392730063e-01,-2.278746952623342537e-01,2.330255185498105452e-01,5.039952460511590848e-01,-1.019406055419326967e-01,-7.816553733439302043e-02,5.548130866401667083e-01,5.521519969286139418e-01,1.000000000000000000e+00,2.247859885180530370e-01,-6.164408551951192639e-01,-5.907435396383272641e-01,-7.147400084823140043e-01,8.412184781090513430e-02,2.811476526846233281e-01,1.969241563330399181e-01,4.293701844145973445e-01
5.295142401801949950e-01,3.626612442889066146e-01,2.794097279373322640e-01,-4.477725279983059692e-01,-6.763434556120699881e-01,2.485140785350817560e-01,2.873549134377644809e-01,-6.659184942944340602e-01,-2.967961868789116830e-01,5.710307015004432163e-01,-7.133803027054151646e-02,-7.285260101868146210e-01,2.337845102716778201e-01,3.471584262785150088e-01,-6.268576346815784017e-01,-3.137693095459436754e-01,6.135967605412094850e-01,-1.021486999674160040e-02,-7.123416001396162267e-01,-1.028211023108884375e-01,6.119582751587833158e-01,-1.784392946894352294e-01,-6.780621314749915030e-01,-4.561503818140138361e-02,6.444225993910205341e-01,-3.169090695366027499e-01,-1.260572713352182683e-01,6.613806844136763674e-01,2.437258454550974562e-01,-7.362366423031083129e-02,4.412757554501602897e-01,3.076163103805961696e-01,4.624971796291955928e-02,-2.909966570535110764e-01,2.326147809551697698e-01,3.950285419452695401e-01,-2.721067166571228824e-01,-2.060865711213582530e-01,3.042418916213348035e-01,-1.738708365244331644e-01,-2.578955746008446681e-01,8.721614362088001005e-02,1.238959953965688560e-01,2.675482850991985073e-02,1.474566327330184834e-01,3.526851872726293191e-01,6.732570907612764333e-02,3.405232265181670770e-02,3.416071647807791267e-01,-1.267137151738516321e-01,-4.042188038911532777e-01,9.634192316874330697e-02,-1.590918764228874960e-01,-2.813573811004208558e-01,2.478957715695848801e-02,-2.191879305494794927e-01,-2.467202515977073574e-01,-3.529337989950365618e-03,1.577007468587212913e-01,-3.166617558965990620e-01,2.820595267045580834e-01,4.568495025113201713e-01,-3.773125771339578827e-01,-3.184600801516315194e-01,3.246907164994494721e-01,6.194093352637695116e-01,3.978646212699746831e-01,-4.790300832681852472e-01,1.285524504738476187e-03,6.956661734229180327e-01,6.058338036331806405e-03,-4.772249241062864189e-01,4.058542681453509715e-01,5.401217461323938318e-01,-3.780351479181391361e-01,-2.275035227274731231e-01,6.493493226257383011e-01,1.463530928041991697e-01,-2.007830627681985169e-01,2.247859885180530370e-01,1.000000000000000000e+00,3.634147944123609086e-01,-1.613334348370439042e-01,-1.421799761307297044e-02,-3.938973439920855774e-02,5.238511905481400832e-02,-2.167955416846361338e-01,-1.143630042779711885e-02
3.953383460079784584e-01,7.512673831771882194e-02,1.555359206424476448e-01,-3.338340402357263814e-01,-4.483724344420134678e-01,2.949460950476058829e-01,5.679290308317105351e-01,-3.842722929698361711e-01,-2.400331280348269869e-01,6.447387640949630017e-01,1.908745825531217299e-01,-4.940160096629687136e-01,2.456361814071832683e-01,5.746983556936328119e-01,-3.348039119043253464e-01,-2.604916752936051738e-01,5.776706232424452248e-01,2.734673756826012103e-01,-4.982193393446312513e-01,1.802482323678166465e-01,5.705572592159546819e-01,-2.022902496025152375e-01,-4.141234247567510685e-01,2.016095236632034493e-01,4.822302491008546577e-01,6.915322676677121416e-02,-4.119838398720165884e-01,1.496961846931749163e-01,3.767332864923430558e-01,-6.907876278326255393e-02,6.502041034305439116e-02,2.304921284019978145e-01,1.581052174258092968e-01,2.136518389013521146e-02,1.239813526224377710e-01,3.803738084235795402e-01,-8.791967164083796388e-03,-4.517453293360103317e-02,4.750730452090015099e-01,-6.337472626146664623e-02,-3.871683661575864299e-01,1.202097146887361884e-01,4.433385846167350874e-01,3.281243418036142168e-01,4.645627363338409310e-01,2.092953489516641286e-01,-1.046426554336621212e-01,-1.152943693362041278e-01,7.608413924021707742e-02,-3.363223713841138052e-01,-5.116168644028044055e-01,2.337564197817895012e-02,-3.649948887111024720e-01,-3.905421152776686333e-01,-1.164118201785658002e-01,-3.474059984447352423e-01,-2.813907429795727277e-01,6.821775106777132336e-02,4.271219627331166585e-02,-4.793403867251783690e-01,2.294161450605201602e-01,5.306626603278705862e-02,-3.886230736468858638e-01,-3.081860717953741752e-02,5.054748770841958061e-01,4.680646012120926458e-01,2.061594304651292731e-01,-5.921183597130631471e-01,-4.076312284679879661e-02,5.572815127933767876e-01,-2.246725547034727211e-01,-5.443821481510908722e-01,3.409277713102353835e-01,2.934339689209292668e-01,-5.929291307088693230e-01,-2.112935236976540565e-01,4.565110672011657433e-01,-3.121418029983660247e-01,-6.036830070076677490e-01,-6.164408551951192639e-01,3.634147944123609086e-01,1.000000000000000000e+00,4.426423760733308455e-01,6.851422069213650712e-01,-5.809050240133680626e-02,-1.029187161325137989e-01,-3.246456081408611305e-01,-3.129307699561850176e-01
-2.788215546832447100e-01,-4.502781094944979801e-01,-7.903421086808701257e-02,6.546920842077808000e-02,2.233508272273723727e-01,4.083094290401316218e-01,2.111300640844551157e-01,4.893579346231689831e-02,3.058476073072845525e-01,3.176860389514193361e-01,1.914754229008816533e-02,1.734066038082544281e-01,3.793439401348355777e-01,2.429554539594770135e-01,4.606073248191067809e-02,2.300495409027880356e-01,2.772171838080916273e-01,1.246121983237294811e-01,8.175118627824362605e-02,5.218525992131332059e-01,1.502071147878371038e-01,-2.976108505346033994e-01,1.557905252171179478e-01,4.036062593038158286e-01,9.492838768910302760e-02,4.183595658921156479e-01,-1.721123558355650285e-01,-3.315308037462997293e-01,3.362633396953120246e-01,-2.759955869821609231e-01,-3.346091482244863413e-01,2.809667396026216957e-01,5.907345237057531895e-02,3.956682609841603027e-01,1.750690335204828918e-01,1.840109329655881254e-01,3.148856454734135779e-01,2.534825288963933332e-01,3.263082583719962293e-01,2.305410753689126069e-01,-8.584683855549574139e-02,2.262043142148010832e-01,3.867284547791504656e-01,4.776316715438746335e-02,4.626645465801262347e-01,-9.933115740941719785e-02,-4.785965905192967051e-01,-2.015005399463018210e-01,-2.879520506628407972e-01,-2.944997409485539119e-02,-2.685442259792693576e-01,-4.133808575780637540e-01,-2.199556279085252697e-01,9.972900322142348728e-02,1.310091117512171277e-01,-3.495096383439418863e-01,-1.365571633561136200e-01,-1.579723347129399769e-01,-1.769857433793434742e-01,-4.547255737921256924e-01,-2.022995351808362097e-01,-1.755583496239166152e-01,-1.192446455226206792e-01,-1.387811823379186404e-01,1.327473045174021871e-01,-1.580646519186695298e-01,-1.666184755297225178e-03,-2.745378621642779460e-01,-3.099693574612267244e-01,-1.168569125451689346e-02,-9.397336282174388600e-02,-3.674064041117624524e-01,-2.049174812287601899e-01,8.033475417964407866e-03,-2.686863007271599879e-01,-3.330036129164711811e-01,-1.239062677034540455e-01,-2.858711874459041735e-01,-6.916988100776361170e-01,-5.907435396383272641e-01,-1.613334348370439042e-01,4.426423760733308455e-01,1.000000000000000000e+00,6.111514998277577382e-01,3.871245666364491744e-01,-2.102186331094199889e-01,1.306187862074843949e-02,-2.086905246388864876e-01
-2.520252500499284634e-02,-2.626734467037292187e-01,-9.377434219664196324e-02,-8.879821304188881270e-02,-8.094712427684357114e-02,4.058885279610784935e-01,4.853309625049883058e-01,-1.291109142147980615e-01,6.412543088169912753e-02,5.407378449308709589e-01,1.440199652559195909e-01,-1.330256653629061370e-01,3.514415002788356945e-01,4.698354221641685147e-01,-1.394695634218073022e-01,-2.421109551120077374e-03,4.885359236327778687e-01,2.370842823032455193e-01,-2.130109952922049632e-01,2.670652027219309610e-01,4.402883208191410436e-01,-1.734463795646566109e-01,-1.784938161321528161e-01,2.515407228676644902e-01,3.072068211884108613e-01,3.998117414322789887e-01,-2.893575244286180626e-01,-1.714683883895792016e-01,3.456709164329101469e-01,-1.171247722647081463e-01,-7.196198471944023622e-02,2.606069325962032113e-01,1.687796979173317169e-01,1.153125910997780390e-01,1.115662789920547487e-01,3.196276546476322644e-01,6.066497848220325784e-02,8.956337553065189111e-03,4.361263757432496391e-01,1.809484175971234204e-02,-3.264963652308730535e-01,1.304828578056143884e-01,4.459497513557704740e-01,2.995253141060281177e-01,4.383829782724849577e-01,-3.455316223003273429e-02,-2.255016332445030358e-01,4.484643844846086108e-02,-1.203692337369399734e-01,-3.112550323535840935e-01,-3.722987458375838221e-01,-5.756618416039037400e-02,-3.320104585195711722e-01,-1.747909032776230609e-01,-8.904423013365386774e-02,-3.593435735641756779e-01,-2.144004164061258377e-01,-3.963247712589294466e-03,-3.178798805853490228e-02,-4.659589745295670271e-01,1.283373828011614148e-01,-1.064220216979627071e-01,-4.136393996407275453e-01,-6.211727414855177515e-02,3.783511945394843479e-01,1.822235316489088375e-01,7.166001579415817724e-02,-5.076938925484461018e-01,-1.797906532973814475e-01,3.081180711504140635e-01,-2.022262911675427044e-01,-5.228015445155459462e-01,8.501620266040210705e-02,1.687374822220633896e-01,-5.075224040890352617e-01,-3.133225862676157769e-01,2.110848042991614881e-01,-3.754155330409508218e-01,-7.595222339838180181e-01,-7.147400084823140043e-01,-1.421799761307297044e-02,6.851422069213650712e-01,6.111514998277577382e-01,1.000000000000000000e+00,1.429111310354052866e-01,-2.320869158780703989e-01,-2.498911435666453795e-01,-3.367456123477997054e-01
-2.108673793417392139e-01,-2.327310734382289914e-01,-2.512712389415427960e-01,-1.678964560723882338e-01,3.406022997907758032e-02,4.121738350421702002e-01,-3.413583358040037097e-01,-2.806004713777844328e-01,4.227371959747861507e-01,7.745015860841161781e-02,-5.221428692587650744e-01,3.602230672213403706e-02,3.728698469419695627e-01,-3.193285887300081338e-01,-2.834130198380024335e-01,3.547843746224000894e-01,1.110929204583644830e-01,-4.376137822872308569e-01,-4.570829291772315894e-02,1.704286332485786537e-01,-1.383783240530395697e-01,-4.981561206500725869e-01,-6.261532535716035110e-03,2.755351369188132060e-01,-1.316325531544065841e-01,4.526205083953623032e-02,3.694998791268609417e-01,6.390007426367202981e-02,-1.151182735329783630e-01,-5.922159666534543287e-01,1.387650052613912874e-02,3.442452149788306492e-01,-4.238415812966980778e-01,3.094132081044489446e-01,5.151236749938862269e-01,-1.401682811025814490e-01,-6.450241528861529183e-02,4.445357498119171247e-01,7.975462956919915358e-02,-2.614895356020298101e-01,1.818304638130342765e-01,4.260625060825230515e-01,-8.653516461349064492e-02,-4.218269562839633835e-01,1.370730982493602590e-01,1.599291516678875980e-01,-2.330269246194065502e-01,2.046851207455722965e-01,1.871633973036267995e-01,3.614531570701906005e-01,-1.078415253755112824e-01,-2.450036458117202942e-01,3.445933057022531054e-01,6.011450179461923227e-02,4.519177716911439990e-01,5.312649299118842039e-02,-1.643935790499439220e-01,-2.159588824501731119e-01,1.980665113790733289e-01,-1.279684387781107324e-01,-4.392501622217091506e-01,3.013801429384326824e-01,1.913719548255441438e-01,-5.313849402698698210e-01,-3.897232106926300510e-01,-2.216184789146835310e-01,4.060533151652943040e-01,1.415739457651678523e-01,-4.753133885440160022e-01,5.310678734372821508e-02,5.111414065282015029e-01,-1.822939990415022582e-01,-3.835080637570151274e-01,4.107451810877572607e-01,3.134821672467947296e-01,-4.604389339180714469e-01,-7.462593478203402575e-02,3.776229910167192005e-01,-2.644349953432616473e-01,8.412184781090513430e-02,-3.938973439920855774e-02,-5.809050240133680626e-02,3.871245666364491744e-01,1.429111310354052866e-01,1.000000000000000000e+00,4.026446472859313563e-01,5.379050371476525871e-01,2.649957455211007229e-01
1.747170868636194752e-01,1.686340524114189610e-01,-6.766165697981064986e-02,-2.570401061034015000e-01,-1.930656557815097762e-01,-2.041245005678541877e-02,-2.238391988619354844e-01,-2.261525425871684924e-01,-6.002891127874741828e-02,-7.151334960824853870e-02,-2.176014421872160820e-01,-1.869466065855529546e-01,-6.733926352210639621e-02,-1.932636926956322887e-01,-2.076029415145533297e-01,-1.303225736137563484e-01,-8.111821205733543705e-02,-2.016765796729075855e-01,-1.893930868334932072e-01,-1.854233293163211060e-01,-1.210421865392195123e-01,-5.498252996677963078e-02,-9.359986577293773202e-02,-1.322418482988970134e-01,-9.843140826408874888e-02,-3.015714630518704364e-01,1.605883757336015738e-01,3.366834449949887009e-01,-1.861321990012543837e-01,-1.440678629317919679e-01,2.021833361236455295e-01,1.527716162052757294e-02,-2.730290605216780242e-01,-1.207124817821184429e-02,1.623082927006653242e-01,-1.606724096711004968e-01,-1.572743668917234161e-01,1.483784585899983466e-01,-2.853675451278838912e-02,-2.665778104323315856e-01,7.595549648699190248e-02,8.098632970902133743e-02,-1.754284364842497168e-01,-1.785822815050540080e-01,-1.573657415325717956e-01,1.291241442283824481e-01,1.436078592495283468e-01,1.435991179149250507e-01,3.217542091991675846e-01,1.212746112183412661e-01,3.281771700540152270e-02,1.404556936970720316e-01,1.924275761142638652e-01,-1.840291807141428149e-01,4.560403699129342986e-02,1.576712209914456209e-01,-1.200848300723930534e-01,1.161440793052358617e-01,2.974855786651446343e-01,1.345677252182105876e-01,-3.501173451159961952e-02,2.081428562620172007e-01,1.435903502369242080e-01,-1.023371077444900357e-01,-1.707120212159021766e-01,9.612320723349948581e-02,2.307091930846607297e-01,1.441373424543939130e-01,-7.153609749466335356e-03,1.429824605555768124e-01,2.547340719446595791e-01,7.469528859454110936e-02,5.407393975086807053e-02,2.409195787487978802e-01,2.145081798261876116e-01,-4.655960240900151176e-03,1.421819779381287008e-01,3.182471183299372952e-01,2.253358738831191810e-01,2.811476526846233281e-01,5.238511905481400832e-02,-1.029187161325137989e-01,-2.102186331094199889e-01,-2.320869158780703989e-01,4.026446472859313563e-01,1.000000000000000000e+00,4.209179772254953433e-01,3.199045738171536479e-01
-2.218055769301912061e-01,-5.467497174705624602e-02,-8.806494737703322861e-02,1.005020996965399899e-01,1.503882266137988311e-01,-4.281933596702889276e-03,-3.394946043124127955e-01,5.351321653870998868e-02,2.012254565679935381e-01,-2.501301720823207453e-01,-2.376230043326205688e-01,1.938992223087923905e-01,-3.281589405549983907e-02,-3.485804449243200542e-01,7.787800256472035554e-02,1.954052490625594607e-01,-2.649853036041638910e-01,-2.345667338476361274e-01,2.013297785257700256e-01,-1.239546860329098985e-02,-3.150821783960277012e-01,-7.108195321862881277e-02,1.927312226797977812e-01,-3.607471647531384357e-02,-2.886545038048103362e-01,-8.794065092030978192e-02,2.031344248266410135e-01,-2.803824973325143993e-02,-2.577988374098549307e-01,-2.154022448646815135e-01,-2.124736648424790583e-02,-4.386040217366960620e-02,-3.212391678846852616e-01,1.649804903616571283e-01,1.410360247113028043e-01,-2.660854204602192685e-01,5.712491555050927192e-03,2.556366739597446536e-01,-1.195104265911314384e-01,-1.003440650875467716e-01,1.885385210307888582e-01,1.180262473938546858e-01,-1.494282424263856934e-01,-2.258333899484578355e-01,-1.031167102313828299e-01,-2.625301186216432575e-02,-5.790628683340438149e-02,5.745825317905711022e-02,1.216818086744326094e-01,2.181651930620392144e-01,1.308544682359380484e-01,-5.588421421208035478e-02,2.440384851345898942e-01,6.078216780559884264e-02,1.689187021728041083e-01,2.025506680658500369e-01,3.049490725794020210e-02,-1.197668280060093157e-04,9.115376931315721798e-02,2.141605482404069227e-01,-2.490112838153081265e-01,7.745979982594494717e-02,2.969767522646794000e-01,-9.679117117542290760e-02,-3.262260446252223667e-01,-2.716800186760275904e-01,3.299588485234410118e-02,3.252232123209161108e-01,-1.322680580650427151e-01,-2.330972421424894747e-01,2.762329194725873238e-01,2.018592482689690604e-01,-2.781401391143916713e-01,9.053476203220271745e-03,3.901178786720043146e-01,-4.710710616609569551e-02,-2.470251439275123473e-01,2.576756538619712211e-01,1.639473497779306566e-01,1.969241563330399181e-01,-2.167955416846361338e-01,-3.246456081408611305e-01,1.306187862074843949e-02,-2.498911435666453795e-01,5.379050371476525871e-01,4.209179772254953433e-01,1.000000000000000000e+00,4.709891717805784750e-01
-1.529187601388513028e-02,-3.047083176935164867e-02,-2.392294338274992271e-01,-1.878728985180736777e-01,7.097709189755137607e-03,3.474728746962387621e-02,-3.613956140304213083e-01,-1.343712036855674308e-01,1.642238847773459520e-01,-1.466668696377292358e-01,-3.376522181512625620e-01,9.537539297175972458e-03,6.045270036346961362e-02,-3.476848798525059014e-01,-1.606383149873399085e-01,1.581763487605880036e-01,-1.271271609154989990e-01,-3.783233586378835223e-01,-6.445202603930969172e-03,-9.626127529742252442e-02,-2.137230816215283935e-01,-1.415687726694389026e-01,9.002151356018719616e-03,2.270046479047346799e-02,-1.332015181695226647e-01,-7.335193702691010509e-02,3.483962663872457455e-01,1.709322362524201833e-01,-1.405626517244590590e-01,-1.882279765728701593e-01,7.742984228806390479e-02,1.153348272264250463e-01,-1.628640948383851816e-01,3.661847407573597113e-02,1.471602681260820722e-01,-9.610981211825798953e-02,-4.975370066281500220e-02,9.016624386510030398e-02,-1.576659857541837240e-01,-1.240353896582433307e-01,1.937938746822559510e-01,3.143874341691790114e-02,-2.888802232416101679e-01,-3.015453258351949994e-01,-2.138370000431454587e-01,8.572327725094308626e-02,9.423351923321292289e-02,1.147645883187090737e-01,1.389301439825224860e-01,2.674403082351422545e-01,1.686742525617941912e-01,-3.763935551527531481e-02,2.804584451409433687e-01,6.652090280659242461e-02,1.821796444269853654e-01,9.218148003161902304e-02,1.072242517731253203e-01,-1.022630452513279969e-01,3.416929178173974679e-02,1.543502351452018251e-01,-1.487267549378004372e-01,1.595061701793325237e-01,1.205441012083356828e-01,-2.466280237945055465e-01,-2.921360621460392104e-01,-1.490951824312777840e-01,2.442250265974236501e-01,2.688698190950278288e-01,-1.691372154914582704e-01,-2.840121132603658227e-02,3.538896448356266267e-01,9.553177030472184694e-02,-1.953755553959600211e-01,1.962586435401547091e-01,3.571733091791339798e-01,-1.276645342211813472e-01,-6.421173540672690805e-02,3.628750026989061017e-01,2.935030982036893610e-01,4.293701844145973445e-01,-1.143630042779711885e-02,-3.129307699561850176e-01,-2.086905246388864876e-01,-3.367456123477997054e-01,2.649957455211007229e-01,3.199045738171536479e-01,4.709891717805784750e-01,1.000000000000000000e+00
