1.000000000000000000e+00,5.497788051168525092e-01,3.730559285386607637e-01,6.446272498513202498e-01,2.841052305643511078e-01,1.234201261909079334e-01,9.583306491458230825e-02,2.737702131696965191e-01,7.257418308719758293e-02,1.792417207681491070e-02,4.360443111928071630e-02,9.702299574754678912e-02,1.063391826417775694e-02,3.023534190478178313e-02,1.180296496712399112e-02,6.914190550801932456e-02,-1.652524288545722392e-02,3.139928847113913901e-02,-1.137614629191816169e-02,4.116293846969690251e-02,2.382711185622498826e-02,3.171457642635361340e-02,3.566280938543798379e-02,3.915674950852134940e-03,-1.032148736725284170e-03,-4.715099784948190154e-02,2.091153808808123710e-02,-2.555414073084768048e-02,-3.842704560524159291e-02,2.227685540022511165e-02,-3.852109085953216855e-02,-4.428840340867110092e-02,2.391666088452676364e-02,-2.458180304288211729e-02,-2.499722618650386183e-02,3.569284434932952499e-02,-8.448645380744908978e-03,-2.312466149492614295e-02,3.644681931078067039e-02,1.118455358162389994e-02,-6.849914725685353305e-04,3.852692832097107806e-02,9.794383543156775021e-03,-1.034730930954897744e-02,3.745457587689694084e-02,3.515057706832254436e-02,2.785432881329705235e-02,4.626230128919671392e-02,1.560224247861361803e-02,3.867943313361310587e-02,4.295907853837629270e-02,5.578459995330576661e-03,3.345624957551141671e-02,3.273198045204629009e-02,-8.033006328840306201e-03,6.303678542912213856e-02,-5.641175815471802073e-03,3.708062690834008912e-02,2.214621831474656438e-02,-4.687102500829892771e-02,-7.306525356933910031e-02,-5.042476687755170078e-02,-4.885604675475322539e-02,-2.473751640073652142e-02,-3.328353044875125705e-02,1.635577221014709870e-02,1.938251791104215332e-02,-5.753174205176219552e-03,2.740442774290715797e-03,1.125405612597401954e-02,2.553882768515245566e-02,-6.648325438499526688e-03,-1.915441420705743872e-02,5.451367366441081663e-02,3.466761178281968503e-02,2.795067494750817436e-02,9.157788054131168337e-03,4.445947683009351947e-02,1.011882788920484468e-03,-3.938474322466091471e-02,-5.474954290625180797e-02,-8.594226978088832791e-02,1.122599621098131079e-02,-1.541024366271884910e-02,3.716202564708392247e-02,2.320156374436514041e-02,3.191641833048985966e-02,3.012400689008159702e-02,2.282321702797246530e-03,4.769160499932074623e-03,1.494265857307123212e-02,-2.355248200068771683e-02,2.272212128269143153e-03,-3.372109669393462406e-03,2.802095244687342890e-02,1.694730754105256906e-02,-1.719164234802608715e-02,1.707598824800849943e-02,4.378309693980808950e-03,-3.323181738595289841e-02
5.497788051168525092e-01,1.000000000000000000e+00,5.050064097528899065e-01,4.720981918076617156e-01,7.565538270573980428e-01,4.360835620438283655e-01,3.775608068272769957e-01,5.716380813053409948e-01,2.492835299949720529e-01,1.470141419509174430e-01,1.454241399847003291e-01,3.063374552243079973e-01,7.893173778105683214e-02,5.818687189082969585e-02,4.750279673001078090e-02,1.239204016230795458e-01,2.148016608861346745e-03,7.255082760614608994e-02,7.488918008015299499e-02,1.278904734608503069e-01,1.003547282744978036e-01,1.165474007426593600e-01,7.653073012634363514e-02,-1.949900923240184547e-02,2.402714755410806716e-02,-7.363516663540019269e-02,3.251863497236342354e-02,7.068486048476502887e-03,-6.236806002292045320e-02,1.622496904803825621e-02,-1.737917898063038062e-03,-6.907476114880534146e-02,1.686053554029863077e-03,1.532819403259681659e-03,-6.220287401446129155e-02,2.346493711758700779e-02,3.175446257622859675e-02,-5.033002234790553281e-02,4.768237059892204560e-02,4.253400713542362238e-02,-2.915014396121442045e-02,5.845900778928794089e-02,2.098976904202886490e-02,-6.407604799020027997e-03,5.075853876100471646e-02,3.744588518551299205e-02,4.631724165982534225e-02,6.696437925072799835e-02,1.719745644120937098e-02,6.315715280766705242e-02,5.847984776574079863e-02,-6.686100726321539747e-03,4.228234400455145592e-02,3.503585814860002423e-02,-4.273463956391466978e-02,7.726364799543841699e-02,-1.905796713799869785e-02,3.113513053401654671e-02,5.835766504839705326e-02,-8.433426851895857446e-02,-1.107219521836799447e-01,-9.877388313072882342e-02,-1.114067528216773073e-01,-7.619945062788606449e-02,-8.203739602377072004e-02,-1.593304590834944152e-03,-9.311053616068220434e-03,-2.584019195349104500e-02,4.316979908841320213e-03,-3.802571508187486959e-02,-1.857817087040662327e-02,-3.682897115359450024e-02,-6.343345654263289612e-02,2.681021705696156471e-02,4.548117712931966372e-02,2.415507211033397425e-02,-1.577992996351549465e-02,2.597022431931691328e-02,1.368992431462390594e-02,-5.814685504501190122e-02,-9.293635522224805157e-02,-8.201883000709259131e-02,3.378982752030307984e-02,1.328455269664937516e-02,4.648169145941664915e-02,2.669518925826291217e-02,5.374513184457901244e-02,2.896250162710290940e-02,7.411984112500764714e-03,-2.803234817652195017e-03,3.451389433198750328e-02,3.105862597108776247e-05,1.159362449754923751e-04,1.233687086892572976e-02,-2.679296771494477959e-03,4.837220922537199125e-03,1.453183863744459021e-02,2.531267178908683940e-02,5.782922860735615830e-03,-3.222688651895814355e-02
3.730559285386607637e-01,5.050064097528899065e-01,1.000000000000000000e+00,5.009846884771506081e-01,4.688281840167251024e-01,2.983768360155025084e-02,2.009925264078953611e-01,3.043209834883126574e-01,1.028498690219598229e-02,3.064641364102969889e-03,4.696369689281480742e-02,4.496958620010077512e-02,1.509676918758326956e-02,1.357383471175903529e-02,5.456882455468844290e-02,4.251448286260634674e-02,-5.684031938234146604e-03,7.041706049792935407e-02,6.154132734018020329e-02,7.119753635323561314e-02,7.360848138783643302e-02,6.795785300598954082e-02,4.089369244254692504e-02,-1.001084458718756905e-02,3.302059318097175233e-02,-3.372800261616514667e-02,4.374904968083657975e-02,2.972454525744626375e-02,-1.436244575049701842e-02,6.433406383344408841e-02,2.776609226724383733e-02,-2.276805606057420023e-02,5.598420411867888191e-02,3.748991224083030038e-02,-1.877193301678167130e-03,6.410086137562914788e-02,5.363716773666227233e-02,5.615810565657249932e-03,7.718037693138007915e-02,5.124595079742113451e-02,8.002538450078255927e-03,8.604093377744542748e-02,4.602169057290392967e-02,3.074485437678203467e-02,8.463652221867633274e-02,6.068887007731438299e-02,4.830690763732366222e-02,1.092902816427120116e-01,5.809272953237536868e-02,9.999960939153161588e-02,1.079035922573717138e-01,3.929796558987848354e-02,9.197091257451472934e-02,8.614308362798275831e-02,-1.817316198797092964e-03,1.011776980780988849e-01,3.885965447549794699e-02,8.503676941209013795e-02,5.757986333405449436e-02,-1.589275291751066077e-02,-6.520492426651765261e-02,-2.290294766049934261e-02,-2.476966780380201322e-02,-1.323417618871450437e-02,-1.388907745140458548e-04,-5.014502401134138601e-03,-9.434977942998156548e-04,-1.706094207956087086e-02,-1.960864307340903431e-02,-3.116011971659077111e-03,2.366203239025740923e-02,-7.559434883296591761e-04,-1.696009373825474106e-02,4.328756933101110538e-02,3.842236321712864944e-02,3.512800288669919863e-02,2.175344267131986559e-02,6.272173756639495834e-02,-1.190628044508694298e-02,-2.812644250293134737e-02,-4.043314521501147757e-02,-6.004402606956204397e-02,3.608946808938937739e-02,7.707057421990055543e-03,6.509566021531731916e-02,5.351471522002623077e-02,4.944837481242116833e-02,6.800116832647447318e-02,2.497975909109003551e-02,1.849550216587947870e-04,2.080537271862862095e-02,2.361898925544838983e-03,1.648000142971964982e-02,1.369654065119637644e-02,4.023521764097601899e-02,-1.681382501158472376e-02,-3.217215764231473596e-02,4.052786150633030243e-02,-2.007549995197410383e-02,-5.276393778046112315e-02
6.446272498513202498e-01,4.720981918076617156e-01,5.009846884771506081e-01,1.000000000000000000e+00,1.803357604378334478e-01,7.529264827120932431e-03,-2.054532072145423896e-02,2.443611339076064148e-01,2.119526760587208541e-02,-5.112887975962274179e-02,8.051563081652359649e-04,1.334695364334908575e-02,-3.103688974425872216e-02,6.546315162652911572e-03,-2.303813956408882688e-02,1.840425974065716327e-02,-4.645786602085182071e-02,-5.298239456898967172e-03,-2.623774979181760225e-02,1.525986158319787324e-02,6.146528802992544914e-03,4.497777936799534498e-02,6.003067882591269985e-03,1.004777118683008660e-02,4.382654782640670738e-03,-5.015229124490398066e-02,2.497062996749367311e-02,-3.037191232182669814e-02,-5.303307260943469770e-02,1.893436776012290962e-02,-4.502282154140788140e-02,-6.231169077878988272e-02,2.354071053270721456e-02,-3.114939768879178630e-02,-4.225228950168663511e-02,4.211333769725216641e-02,-8.749470004530949044e-03,-2.930434921899574552e-02,4.509940940253064773e-02,2.346849934045580621e-02,2.458986519952412100e-03,4.963978749633058546e-02,2.197290155611924048e-02,3.852096245789566817e-03,4.981280480010985556e-02,5.068714168241788415e-02,4.523298489465774064e-02,6.865133369612826109e-02,3.652668870011065855e-02,5.933027868803907035e-02,5.415023524321692372e-02,2.588525400564796811e-02,6.001370004030953664e-02,4.088501048324387488e-02,2.378914383186897866e-02,8.335842795579216646e-02,1.008194433102505526e-02,6.028534757198893146e-02,3.659601130694051241e-02,-3.954071677394200429e-02,-8.885593849384237908e-02,-4.707025644360850192e-02,-4.617191204850638192e-02,-2.837133568190764940e-02,-1.086427479427266342e-02,1.390032391634027885e-02,1.545068392024704328e-02,2.104438641404194656e-03,-1.663883703165277075e-02,1.578935879473122167e-02,3.904922979616683859e-02,1.061596954789063851e-02,-6.818010971469594221e-03,7.064910825580086873e-02,2.620793689899489354e-02,1.819725023238156700e-02,1.943431258338502998e-02,2.179288043320436186e-02,2.722834434305106133e-03,-3.463960223985421139e-02,-4.993230625427654001e-02,-9.351301829967167967e-02,1.995870328523460455e-02,-1.385920228401745988e-02,5.845475077428503863e-02,5.584074998748910466e-03,3.847722952182642403e-02,4.823121157795223768e-02,-9.728460777746221130e-03,2.561018358814345832e-03,1.068518330900678458e-02,-4.721862065675309222e-02,-1.056704251124942128e-03,-1.441181790239651032e-02,4.556253945798698773e-02,3.276707112184921306e-02,-4.922160983553315258e-03,2.397033825302316221e-02,5.220406094702902122e-03,-2.323770667100853379e-02
2.841052305643511078e-01,7.565538270573980428e-01,4.688281840167251024e-01,1.803357604378334478e-01,1.000000000000000000e+00,5.381501384157804102e-01,6.019636950410317544e-01,6.246750327158949734e-01,3.081192024102779592e-01,1.841395460146565133e-01,1.853256427659231709e-01,3.748050086440472550e-01,9.756839875389280992e-02,5.915623678017215697e-02,8.481011306064402400e-02,1.526710197055405338e-01,3.081510101262394108e-02,1.024352866822199615e-01,1.028817373869059665e-01,1.394681706909561558e-01,1.216185623323504522e-01,1.066047773621499190e-01,8.266915282341445737e-02,-1.763380651692022724e-02,2.405350099673539063e-02,-6.103340441894967300e-02,3.187743344187556754e-02,3.885606247699806975e-02,-3.111302813839890435e-02,2.489242309202483600e-02,3.813275769639627721e-02,-3.054825362641241937e-02,6.029868876571634582e-03,4.372212384242608191e-02,-3.072770967027224284e-02,2.688621047663086738e-02,6.290591239570667015e-02,-2.809482785441392780e-02,5.539748988597393425e-02,4.928776853862641000e-02,-2.841011523156425356e-02,6.334303936222888953e-02,1.246661985197927008e-02,-5.812655515102693911e-03,4.977572454240960370e-02,1.825151331427904075e-02,3.866913866114003034e-02,6.451832532078026483e-02,-3.376934370630174827e-03,5.748064156725266743e-02,5.430113747207058333e-02,-1.780874754544749250e-02,4.300824425973306941e-02,3.367740728026553942e-02,-6.556331899591333334e-02,9.191053692800231489e-02,-1.417717953887927262e-02,3.680656094178382659e-02,8.417161771176800977e-02,-8.303772626760422271e-02,-1.101735550390890023e-01,-1.022589279829948378e-01,-1.319956791523624051e-01,-8.689591109069977337e-02,-1.059192376792653517e-01,-7.998693213423724302e-03,-1.694793832283900126e-02,-2.791831091702823633e-02,1.852195134024536144e-02,-5.272335143872147051e-02,-3.680864490033519676e-02,-3.816639875634703777e-02,-6.687936384691861580e-02,-2.655021981521182503e-03,3.781842317334966480e-02,2.181112374779714536e-02,-2.203017257739903548e-02,2.308016373077792852e-02,-8.453948769267973298e-03,-6.414273343338260103e-02,-9.316959199895223642e-02,-7.176759318075126570e-02,3.220211261663655927e-02,3.960420535797794239e-02,6.067842240223967482e-02,4.768244267457561608e-02,5.305302925375428996e-02,3.555179566305147892e-02,2.250933136860378686e-02,-4.818859646338905997e-03,4.235245937429571450e-02,2.761226189722960911e-02,1.302486969727409231e-02,2.673573786321517889e-02,-2.662364983936088211e-02,-1.219779857714020123e-02,1.730060331474877339e-02,1.082322530437459900e-02,4.034212567950798010e-05,-4.420776903181116574e-02
1.234201261909079334e-01,4.360835620438283655e-01,2.983768360155025084e-02,7.529264827120932431e-03,5.381501384157804102e-01,1.000000000000000000e+00,5.398527651678497463e-01,4.542694145467922051e-01,6.561917841872648705e-01,4.091184212134963416e-01,2.880618829560815386e-01,6.008010435575283914e-01,2.121969890967272121e-01,1.549949587234724091e-01,1.174130592639068965e-01,2.147503603225443258e-01,8.939961056340796353e-02,1.221986373426873357e-01,5.375135249121009567e-02,2.006904262452638421e-01,1.197653375800901421e-01,1.105088826275784780e-01,1.761752991221620379e-01,3.939510703219016585e-02,1.503263209689649667e-03,-6.048671613482879336e-03,4.404966838984553795e-02,-2.150205721971738815e-02,9.967563589515157640e-03,7.176273491834665383e-03,-2.428377672064631343e-02,1.066915195173379072e-03,-1.724979271268754430e-02,-2.152193778536806712e-02,-1.935507042074740072e-02,-4.484500713575684423e-03,2.847989744311765423e-03,-3.143728783230190227e-02,2.643364353759002777e-02,2.548460662422615680e-02,-1.984426979451265477e-02,4.612558477350209296e-02,6.409340924281015789e-03,2.240262105240440477e-02,4.637438311372343164e-02,7.267704370078606479e-03,6.763619020111559521e-02,4.208071971194821820e-02,-1.713180899922122497e-02,4.340870924784296508e-02,1.613840987693488695e-03,-5.642525996266525845e-02,-8.211354730855296991e-03,-2.546548591753783689e-02,-8.415870827537774712e-02,7.476454153375560081e-03,-9.303650142137441514e-02,-2.675176879738860522e-02,2.181189915720172304e-02,-1.216334447434934962e-01,-1.001731325571702941e-01,-9.668071858836251031e-02,-1.215673591995214686e-01,-1.264097305953482409e-01,-7.583122823395008205e-02,1.243229366106062342e-03,-1.513368456423337151e-02,-3.084461397065075411e-02,2.496042317565921181e-02,-5.050957632089916882e-02,-1.257896915353699102e-02,-1.026074088475015418e-02,-5.936572107788823383e-02,2.860596403774474245e-02,2.636078398289078834e-02,2.949910367099378011e-02,1.205814947207762590e-02,1.685940232571124520e-02,5.732366708428385423e-03,-6.293144375719472716e-02,-4.621289332124468158e-02,-1.605925385312215181e-02,2.338288406478535725e-02,6.834603766292392246e-02,3.440505282257139141e-02,2.200808863929251680e-02,5.963685719564892906e-02,1.824615583097890376e-02,1.196628478388101803e-02,-1.568117891186571189e-02,4.108271124466866819e-02,-1.091761948351990634e-02,2.772621427598876559e-02,-4.384950103853628260e-03,-2.667515173348055518e-02,-1.517903617606105628e-02,6.004855746181840537e-02,1.849965810185955420e-02,4.737224723715297708e-02,-1.169277653733177824e-02
9.583306491458230825e-02,3.775608068272769957e-01,2.009925264078953611e-01,-2.054532072145423896e-02,6.019636950410317544e-01,5.398527651678497463e-01,1.000000000000000000e+00,4.613277530128241377e-01,3.953947983647915221e-01,1.880871475341853449e-01,2.019588340341894883e-01,4.169147416869177780e-01,7.987424713583314573e-02,5.780466755097466575e-02,1.258449101427453753e-01,1.590345443243044443e-01,5.444620508008171655e-02,1.209575118434768476e-01,1.018051961107720865e-01,1.273149358508166296e-01,1.095401089186490151e-01,5.673707943659288266e-02,8.463051145814058651e-02,-1.981467336172004767e-02,-2.428191260308362742e-02,-3.985569666838931213e-02,3.097422203938208617e-03,3.011280413557410746e-02,-1.062390089961627636e-03,8.189428564440551922e-03,6.011765291128740724e-02,1.857577165803894412e-02,-2.510148572776946772e-03,5.935187948955681497e-02,1.191325264042067053e-02,1.186150050169533163e-02,6.034914913632821037e-02,-1.153466817936106559e-02,3.783302092598940514e-02,3.947376845533519946e-02,-2.878809427444690636e-02,4.222471137553406029e-02,2.538514557252427237e-02,-8.811067046218925072e-03,2.070901607248050447e-02,9.655227911041272537e-03,1.816058803696939811e-02,9.353491126640158665e-03,-7.374716698366615315e-03,-6.345295166870303961e-04,-5.241422472216847577e-04,-1.236688478296601307e-02,-4.115340262519686862e-03,7.751836019640020092e-04,-4.904293278654735938e-02,5.594780357382893310e-02,-2.072426682451583915e-02,2.312071100975153851e-02,5.358549729184943627e-02,-7.022514625362331897e-02,-8.017665761108444533e-02,-6.054512616002212522e-02,-1.223530784718552950e-01,-9.968762881581380575e-02,-1.172288964514982407e-01,4.067452486606147784e-03,-1.114464031999224530e-02,2.624095164362437731e-04,4.071585022834216944e-02,-5.784158581949114253e-02,-2.367478690179609588e-02,-3.211646097618788692e-02,-4.860737196057921677e-02,6.023755040002416739e-03,4.284749165894170819e-02,4.081005955037877303e-02,-2.073852759690593406e-02,1.716694908690077556e-02,-1.403019600623884970e-02,-5.089341425150620962e-02,-3.495884418443557379e-02,-3.453012435895854576e-02,5.593748080716218207e-02,8.833230186059419509e-02,6.633052384881871211e-02,5.225101683408845538e-02,3.571603310919485574e-02,5.088995043153304171e-02,2.383283018944770681e-02,-1.983421887501908912e-02,3.305594498513226426e-02,7.746340826033842018e-03,8.616470824461515757e-03,1.506571796461457849e-02,-4.704170052255737811e-02,4.767387547841468037e-03,3.654155105670285619e-02,-1.936139412949473837e-02,9.123838514329893346e-03,-3.460586909606203077e-02
2.737702131696965191e-01,5.716380813053409948e-01,3.043209834883126574e-01,2.443611339076064148e-01,6.246750327158949734e-01,4.542694145467922051e-01,4.613277530128241377e-01,1.000000000000000000e+00,2.310656406520086859e-01,5.774290515156873388e-02,4.730368760584419824e-02,2.603524018638856963e-01,1.546270117629782413e-02,7.134879586077415292e-02,5.212626349800985465e-02,1.315507908104553980e-01,7.127610984239490625e-03,6.802246254742748410e-02,7.617237609985161306e-02,1.231124830124537134e-01,9.938603986688916703e-02,6.659991742795429159e-02,6.381045923596478930e-02,-4.381271574064796170e-02,-1.712818470616434691e-02,-1.055588842001563277e-01,-4.461909401319869711e-03,-1.834368543103292656e-02,-8.335203148889451519e-02,-1.633310262970028015e-02,-2.921156781009623740e-02,-8.316598360747198826e-02,-4.597931154524036168e-02,-1.733978413564852758e-02,-8.479279576564342780e-02,-3.126578656786217769e-02,8.984706915683324593e-03,-8.020273985263400018e-02,2.572906806973701641e-03,9.186179027705890579e-03,-6.444664819732137673e-02,1.984798213376475634e-02,-1.076715290467433923e-02,-4.361415476249565215e-02,2.762659543825533859e-02,-1.064151907315557220e-02,4.061600604798121586e-03,5.687244937488247082e-02,-2.361107227305598785e-02,3.506841921032079201e-02,5.381485380050771150e-02,-2.966743795531154651e-02,2.307695392053194655e-02,2.248464310027753835e-02,-7.343241537515038386e-02,4.981401310290971274e-02,-2.971351808707272529e-02,2.669898725093837466e-02,3.933772228711961833e-02,-9.332829164158092106e-02,-1.135554082264963599e-01,-7.864755841453442697e-02,-1.112096962774930670e-01,-1.028373883812235268e-01,-6.901227723769820521e-02,-1.664985497472044190e-02,-5.883058004801126201e-02,-3.507398006837365856e-02,-2.586717156500329198e-02,-8.421731184413716598e-02,-6.453326806001756510e-02,-6.686401199147500030e-02,-8.866683349872254982e-02,-8.045016305664566894e-03,2.613036135231531706e-02,4.519998707615865280e-02,-9.421711953753915403e-03,2.709886364413389981e-02,5.687503290882461870e-02,-4.629673324507667387e-02,-4.828282339334336037e-02,-4.443516097874893045e-02,2.876939306476440292e-02,4.259893420079528120e-02,6.414420391325503790e-02,2.595326745998519091e-02,5.203913763334275938e-02,4.596481825510678049e-02,2.710990810216219737e-02,1.444590905657457992e-02,8.600832754143937497e-02,2.279862977120238748e-02,8.344464940489869365e-03,1.446410646970618108e-02,-1.192422163423339718e-02,-3.558783610741439452e-03,1.970338554937203085e-02,-1.294629439403375713e-03,1.797425142760600975e-02,-2.346253344242935426e-02
7.257418308719758293e-02,2.492835299949720529e-01,1.028498690219598229e-02,2.119526760587208541e-02,3.081192024102779592e-01,6.561917841872648705e-01,3.953947983647915221e-01,2.310656406520086859e-01,1.000000000000000000e+00,5.288529900351010005e-01,4.521636238447765965e-01,6.720298557749589952e-01,2.910270525565697985e-01,1.563831083153406631e-01,1.410390931363557365e-01,2.567655470493854786e-01,1.063263341833813741e-01,1.483932646899396024e-01,7.118703872392719012e-02,2.388562600289149407e-01,1.554151164232231985e-01,1.229870662056851555e-01,2.116898028286498534e-01,2.646398116644636811e-02,-8.242224872984260653e-03,-1.423057919296093210e-02,3.010371879773308598e-02,-5.067882252129618514e-02,3.011256380449722422e-02,-7.856437516888057498e-03,-4.916602048557951882e-02,2.036029750882648384e-02,-2.615964531959321521e-02,-3.587666937236114184e-02,2.443323667251301370e-03,-1.752152710003487476e-02,-1.947535717934965882e-02,-3.102067541912211304e-02,1.622196272981630064e-02,-1.416914654170088345e-03,-1.074520915936445949e-02,2.663846372820592723e-02,-6.329449811241808117e-03,1.221043389601688019e-02,3.247230335494575085e-03,-9.645218865284906767e-03,4.279292571986876431e-02,-4.119124606514392578e-03,-1.406734763221271015e-02,7.889772517099609851e-04,-3.936104571684542752e-02,-4.183915642698423504e-02,-2.782526410839168685e-02,-4.476272653415142022e-02,-6.388676638361469318e-02,1.107025499964307347e-03,-7.694747104052071518e-02,-3.523045825991062002e-02,1.814913179841240107e-02,-1.194684457629147517e-01,-8.219479002980392690e-02,-1.210828710506641898e-01,-8.855794056047572305e-02,-6.573146269535073971e-02,-7.041449810434556589e-02,3.891493443810477987e-02,2.201080125093363149e-02,1.931920489009274558e-02,3.990352230036089964e-02,-1.646274654722590380e-02,1.779351155739480536e-03,2.481066019675922437e-03,-2.835246942554398714e-02,3.809488366056395375e-02,3.337474340338295042e-02,2.834016650840112325e-02,1.732898764539735200e-03,4.019177986101678951e-02,1.155494975204362368e-02,-3.495353532236020189e-02,-5.189608253084088130e-02,-1.348998211375598312e-02,7.144947801142922938e-02,8.311028530335275166e-02,3.771277097245818999e-02,2.860994924439330678e-02,4.106503127222833893e-02,3.677590493439442804e-02,-2.872798158901231774e-03,-2.627715557705425156e-02,2.448868615071128673e-04,-1.361433452036796971e-02,7.387714374141418454e-03,-3.617378262375060133e-02,-4.930376794857969924e-02,-1.211487470993836621e-02,8.668565414131444713e-02,4.692397804466843375e-02,5.565532981440343696e-02,-3.220101399881640514e-02
1.792417207681491070e-02,1.470141419509174430e-01,3.064641364102969889e-03,-5.112887975962274179e-02,1.841395460146565133e-01,4.091184212134963416e-01,1.880871475341853449e-01,5.774290515156873388e-02,5.288529900351010005e-01,1.000000000000000000e+00,4.975170713393370359e-01,4.423207228195902840e-01,7.759062048803542222e-01,4.032225069885582713e-01,3.694446154300535801e-01,4.258140480630412950e-01,2.187050082457139277e-01,3.504217261416147089e-01,1.382973948107823481e-01,2.208974405476979153e-01,1.805814259808051492e-01,-3.210809906876249350e-04,1.839787299596078729e-01,-1.971131632144718787e-02,-1.262547000688687693e-01,-5.725997267598176982e-02,-8.690474837051080648e-02,-9.385426139929053946e-02,-2.251189168490468420e-02,-8.814441839906396459e-02,-4.279831672895548916e-02,-5.714065003319748065e-03,-9.971430080187132505e-02,-3.615175861134022756e-02,5.633975778701180194e-03,-7.081824643376387340e-02,-9.529991762184511495e-03,-1.916437331987448298e-02,-2.605625801389637244e-02,-3.395121105415942111e-03,-7.304699347045825672e-03,-1.613021324562913250e-02,-3.945079582603712124e-06,-5.485861044148398341e-03,-2.675037645207603912e-02,-2.315912566006692735e-02,-1.178506520345735248e-02,-3.441489028300002279e-02,-3.985674441376399479e-02,-2.073314160106201967e-02,-4.501511400637005222e-02,-8.332232382786330938e-02,-5.747363069360512944e-02,-6.387335355620225863e-02,-8.249214929091683302e-02,-6.764265165758766296e-02,-7.109622963139967944e-02,-5.950326025022693172e-02,-3.823234411710196845e-02,-5.066498053304638316e-02,2.742333791015719082e-03,-1.984702205663612523e-02,7.362409437702243688e-03,-1.298801486495539462e-02,5.280779638631135156e-03,-7.892435830800207872e-03,-5.097818255751576655e-03,-1.375147965020816383e-02,9.228410004517425755e-03,-2.158077368245441691e-02,3.257819033324909491e-02,-1.094276138290936097e-02,4.832270708811987024e-03,3.775481524166813402e-02,8.248845130930956837e-02,5.661391162129102844e-02,4.462396349627619635e-02,7.105945353403803066e-02,3.870586896886991923e-02,1.665809249252286559e-02,-2.344582779061582523e-02,5.697269311929469005e-02,3.994871502405964586e-02,9.463359410014149375e-02,1.961986021258498372e-02,2.905518321434410328e-02,8.797854438282035061e-02,5.885477003727977718e-02,-1.240405368424927178e-02,-6.249486289903044556e-02,-4.651479404178436583e-02,5.652841183881917100e-03,2.325637213471448000e-02,-4.140321046114948250e-02,-4.712327246059808822e-02,-9.844098576743551265e-02,4.405468755618911075e-02,5.986962634290195207e-02,6.806439632508386184e-02,-9.051923147461948815e-03
4.360443111928071630e-02,1.454241399847003291e-01,4.696369689281480742e-02,8.051563081652359649e-04,1.853256427659231709e-01,2.880618829560815386e-01,2.019588340341894883e-01,4.730368760584419824e-02,4.521636238447765965e-01,4.975170713393370359e-01,1.000000000000000000e+00,4.995005652538133112e-01,4.684426610930983448e-01,-3.739392032600716981e-02,1.378574028173547572e-01,2.147362974751305664e-01,-6.226208752278039604e-02,1.904903813117992117e-01,1.359807089504610766e-01,1.392153716669963792e-01,1.515562161760660442e-01,9.963607359083734294e-02,7.289185732526091976e-02,-4.416864180616816155e-02,-1.941971032062591099e-02,-5.625619664701678180e-02,2.658004634733838675e-02,-1.061440359771147202e-02,-3.073614856440105847e-02,2.220210939877219000e-02,-1.832240143146377648e-02,-4.400890908958728781e-02,-2.504733611027869667e-03,-2.911906639559828838e-03,-1.237393593746824449e-02,-5.227658246907257271e-03,1.634034786566056219e-02,-1.752687420574211910e-03,3.507204655874011229e-02,2.949562997542556561e-03,7.725424470441262167e-03,3.835586688673012917e-02,-2.272001792132546938e-02,2.263305031606979711e-02,8.364621423641051962e-03,-2.361021471395349791e-02,4.843306485787340215e-02,2.273744729989211899e-02,-3.744863291468487204e-02,2.162588627352227122e-02,-2.004959331457620286e-02,-4.350975527637666179e-02,2.375791154101789416e-03,-1.760802594651120906e-02,-3.636842429722050157e-02,3.587399706593619175e-02,6.852791125820417890e-03,1.485917356262019505e-02,5.019618524186272857e-02,-3.076572159723190911e-02,-4.685703246394416766e-02,-4.822557169329893395e-02,-4.080751080608820136e-02,-9.023187922452378593e-03,-4.036837482508368047e-02,2.007609179929572066e-02,1.217143471138531531e-02,-2.005411597740779095e-02,2.481961251232362234e-02,-2.658304141094548767e-02,-8.742715023328743312e-03,-4.249304537287663941e-02,-2.095698964795605912e-02,1.128452184172465400e-02,7.230326092088813772e-02,9.570779845245925080e-03,1.102288110568462598e-02,4.575373720784356446e-02,-3.568928578369612997e-02,3.172936509291955295e-03,-6.175298132230674225e-02,-1.420766855442373794e-03,3.485699570572134420e-02,5.286498306686757132e-02,1.618590732123818821e-02,6.256333703235489319e-02,6.790935726802316275e-02,4.397406783124298280e-02,2.568249861874190645e-02,-3.187038355266990503e-02,-2.396090410226144399e-02,1.974655037392256465e-02,7.947966703426375193e-03,5.069448868407626027e-03,-5.175743289634968797e-02,-6.283609611620274982e-02,1.165524113486380089e-02,4.360776856791418604e-02,2.716112571259124767e-02,-9.939996688578140241e-03
9.702299574754678912e-02,3.063374552243079973e-01,4.496958620010077512e-02,1.334695364334908575e-02,3.748050086440472550e-01,6.008010435575283914e-01,4.169147416869177780e-01,2.603524018638856963e-01,6.720298557749589952e-01,4.423207228195902840e-01,4.995005652538133112e-01,1.000000000000000000e+00,1.865128450733052057e-01,1.021877895984581314e-01,9.789474731322884982e-02,2.815095937633625978e-01,7.798603396025938217e-02,1.119819366482579237e-01,1.272071899687210635e-02,1.663214475434925954e-01,9.151747657973437200e-02,8.059619248180356632e-02,1.548405939592137626e-01,2.822568756489093195e-02,1.677087343843923842e-02,2.789064790280318027e-04,6.945511306361558390e-02,-1.952580569174529324e-02,3.749668708924892152e-02,4.782473742862471122e-02,-1.710346636822494132e-02,3.084065475223725372e-02,1.710274226982911455e-02,-4.266756545763366812e-03,1.531455918747767243e-02,2.709748360254420757e-02,9.211281757507704115e-03,-1.433615216720436451e-02,4.431661197691848936e-02,1.647275625954677802e-02,-6.510387517216774042e-03,4.999303018051937803e-02,1.601877907846007169e-03,1.530658556669306156e-02,3.723876440552275485e-02,4.497051755917749576e-03,7.513097959375687751e-02,3.369689993171150894e-02,-1.619371657109291984e-02,3.436977317323336445e-02,-2.577245251788724476e-02,-4.039180600364115914e-02,1.162378123056051829e-02,-2.662002877228049347e-02,-6.378500386216802431e-02,1.373911288729794990e-02,-6.687042781343544018e-02,-1.423902580550762131e-02,2.929239088689934364e-02,-1.220717343202158550e-01,-1.107869248377440913e-01,-1.087367778016979925e-01,-1.148774837051856068e-01,-1.057325477645262163e-01,-5.385432007715684755e-02,4.886137523808559840e-02,1.431723773085589145e-02,-2.877885925185784052e-03,6.296822290078027407e-02,-4.035847646992021115e-02,-3.423478762113960766e-02,-4.020410778355697906e-02,-3.611931351816575347e-02,4.851765654426007379e-03,4.452809164419164328e-02,3.653677973353045005e-02,6.226485696651979946e-04,1.101620213571103714e-02,-4.344733056002793477e-03,-3.208112183641958354e-02,-3.553891023740751026e-02,-2.888850780831628620e-02,8.019479932574297143e-02,1.054112949474691752e-01,7.191584682139860740e-02,6.516101884755068352e-02,7.676738830312694606e-02,5.265770099988408698e-02,1.899362528251917481e-02,-4.432267011906202564e-02,7.590363006529069097e-04,-4.272978430401119798e-02,-3.276801945048680303e-02,-3.551456526531516361e-02,-3.958628378742650583e-02,-2.926046413054205712e-03,1.027393872918270085e-01,6.147124511511217054e-02,7.487710988903516218e-02,-2.836388754517643954e-02
1.063391826417775694e-02,7.893173778105683214e-02,1.509676918758326956e-02,-3.103688974425872216e-02,9.756839875389280992e-02,2.121969890967272121e-01,7.987424713583314573e-02,1.546270117629782413e-02,2.910270525565697985e-01,7.759062048803542222e-01,4.684426610930983448e-01,1.865128450733052057e-01,1.000000000000000000e+00,4.135622145325417720e-01,4.717888126139023752e-01,4.166429430674871148e-01,1.987580572016435509e-01,4.276928959251855566e-01,2.128949122505304214e-01,2.095139597388337160e-01,2.150253454465510250e-01,-5.174630333132174999e-03,1.584466737996489405e-01,-5.210456929661785863e-02,-1.533003091491485781e-01,-8.795882733794335717e-02,-1.241406591264188203e-01,-8.882903912811683511e-02,-5.843759915089443563e-02,-9.993571829573204279e-02,-2.841419512945851308e-02,-3.177987057594208048e-02,-1.042628541945215676e-01,-1.155704691905665334e-02,-2.366994094167421125e-03,-8.211884396754130788e-02,2.451772826586969684e-02,-7.546924515694641497e-03,-3.921480044596365594e-02,1.480343332886329896e-02,-3.828897392380153485e-03,-2.726270213122405570e-02,6.501582354562081625e-03,-1.802809418098557173e-02,-3.973247157540558960e-02,-2.883490907143278215e-02,-4.491435597237495442e-02,-4.114362133286510181e-02,-4.352061718147175184e-02,-3.727933295105342187e-02,-2.749782680332045481e-02,-8.442951583720242903e-02,-6.999545763288787803e-02,-4.571925619135555618e-02,-9.076910232302666526e-02,-8.169269741641500826e-02,-6.809573518676517723e-02,-6.936607855938969891e-02,-4.650255854587463655e-02,-3.730085283130889218e-02,1.924385196183255736e-02,-1.277081037497586335e-02,4.469659045382384094e-02,-6.915845250757102040e-03,3.139583371773640302e-02,-2.014452830158499838e-02,-1.127076519792223272e-02,-3.108526948288788463e-02,-9.846746634084732608e-03,-1.719460775549732506e-02,4.419586255089602567e-02,-3.516038452311160290e-03,8.956516932021305055e-03,3.955356759261589861e-02,8.510113871100577487e-02,5.793607193186298132e-02,6.416191940892680690e-02,7.997674067378296447e-02,4.394147589953446842e-02,9.875230368575660042e-03,-2.577240712102636319e-02,5.854146618721440404e-02,-7.961421344542137651e-03,5.284441371259609999e-02,2.027188862377790959e-02,4.958032744942042491e-02,1.148038991641165130e-01,6.182310903319751527e-02,3.033387336565400438e-02,-4.260238512187021487e-02,-9.316337836134429978e-03,8.366876235570823786e-03,2.255227384614603980e-02,-3.328323328622834198e-02,-5.607391164041859721e-02,-1.151804112976921313e-01,1.278311068404324249e-02,3.015888641415764501e-02,3.076903944778783262e-02,-9.012887373851244041e-03
3.023534190478178313e-02,5.818687189082969585e-02,1.357383471175903529e-02,6.546315162652911572e-03,5.915623678017215697e-02,1.549949587234724091e-01,5.780466755097466575e-02,7.134879586077415292e-02,1.563831083153406631e-01,4.032225069885582713e-01,-3.739392032600716981e-02,1.021877895984581314e-01,4.135622145325417720e-01,1.000000000000000000e+00,5.312325924240069996e-01,5.465974913812936542e-01,5.971221635067398559e-01,3.390850425649667987e-01,7.901471884596507345e-02,1.686682349962215222e-01,1.493544800059114219e-01,-9.977329699513087791e-02,1.974826836684772657e-01,2.383577400753178477e-02,-1.139271125270701623e-01,-2.222187673146151440e-02,-1.056260865218610345e-01,-1.029533116845794405e-01,-6.509724954563532104e-03,-1.032604110382127072e-01,-3.302315983022698770e-02,1.171011985861297733e-02,-9.583980521571154598e-02,-4.272780709536643656e-02,5.785073333062187156e-03,-6.984188073390722173e-02,-5.702616478842771619e-02,-3.862665326904648339e-02,-5.661862904623318066e-02,-4.815154167853702427e-02,-2.051309648025373411e-02,-3.194218107099435627e-02,-2.818140766014620019e-02,-2.885570697680216179e-02,-3.423524280178625451e-02,-3.189696569120053365e-02,-2.522644373493849665e-02,-4.475862991196642021e-02,-1.689985178854990291e-02,-3.646963157183719800e-02,-4.169856287831869013e-02,-5.227859026921864022e-02,-6.831941824723411494e-02,-5.254419158283567953e-02,-5.931252618872519256e-02,-1.027107875677781418e-01,-8.208635936048040704e-02,-7.498647501989527675e-02,-7.607306144907706458e-02,-5.107646955430298480e-02,1.848533679216471035e-02,-3.367294748985102514e-03,1.532029899690478918e-02,-2.200740100284873449e-02,7.566308322020097107e-03,-1.838694850027922101e-02,-1.328174950018849200e-02,-1.929250694085367715e-02,3.332085471801549039e-03,-2.506965186916377229e-03,5.969880310049210936e-02,-1.299864601715289628e-02,-5.245181167831070024e-03,4.637862174339846266e-02,8.997877501952399049e-02,5.274374927928563578e-02,4.897717864561099144e-02,7.179310723613847867e-02,3.953297111182111495e-02,-3.015316644049055063e-03,-1.078048349476093230e-02,3.275100988930210871e-02,1.520397398463518499e-02,6.148477882220996366e-02,2.168000471645238625e-02,1.485740762479535390e-02,3.333319532129409846e-02,5.174137610520496144e-02,5.516518346659469996e-03,9.168627922884904288e-03,1.062121895415952394e-02,5.550199295146436562e-02,5.347918112404466406e-02,-8.815077650628295319e-03,-2.433222279491012788e-02,-4.471634807089022029e-02,1.812797539634639164e-03,-4.278636133834348709e-04,-1.067441337030071609e-02,-3.952047192039741946e-02
1.180296496712399112e-02,4.750279673001078090e-02,5.456882455468844290e-02,-2.303813956408882688e-02,8.481011306064402400e-02,1.174130592639068965e-01,1.258449101427453753e-01,5.212626349800985465e-02,1.410390931363557365e-01,3.694446154300535801e-01,1.378574028173547572e-01,9.789474731322884982e-02,4.717888126139023752e-01,5.312325924240069996e-01,1.000000000000000000e+00,5.645669043712581159e-01,4.696736816973198780e-01,7.471854308587314586e-01,3.445995802450724232e-01,3.303309998281541704e-01,3.531771131139509468e-01,-3.698002733777028261e-02,3.113251211259962514e-01,-6.276920631876518886e-02,-1.617296794738121435e-01,-6.470515054804365507e-02,-1.385611308743568137e-01,-4.829436489324334669e-02,6.642679733124519717e-03,-7.557357168107703416e-02,7.093333660242766292e-02,5.676978004898660529e-02,-5.015319988098568965e-02,7.534314065072189592e-02,7.925166183592750879e-02,-1.799365692373673317e-02,9.021599680503288032e-02,6.432104889212342247e-02,-5.320715465283792564e-03,7.920778677566359116e-02,5.101851732007287726e-02,2.157941879985220482e-02,6.129063127183689147e-02,1.828178071918154166e-02,-1.008880617715997123e-02,2.649068197848964204e-02,-2.064849536022922080e-02,-9.548052244910497713e-03,9.424212632293798436e-03,-1.563475815379189796e-02,-2.347972425060736428e-03,-5.650335713665170789e-02,-6.869824269578812814e-02,-3.690376592713617149e-02,-7.313845519544077967e-02,-1.171657193747062259e-01,-1.032671905631596942e-01,-8.113011306707405834e-02,-7.427393747638055821e-02,-5.105938578134801287e-02,2.876991041924734094e-02,-1.812534425335267027e-02,5.217859781968850474e-02,-2.523425828375136168e-02,5.077757508472579423e-02,-3.181296941764354819e-02,-2.690735180727254691e-02,-3.907403769896330287e-02,-2.070044375942639570e-02,-1.293390516774228262e-02,5.823281584249150739e-02,2.489957746611881802e-03,-4.606228138647985859e-03,6.144716870513756979e-02,7.185183604760647658e-02,7.554433033385937746e-02,8.024225721777643316e-02,8.041742336560395166e-02,3.225590996217380518e-02,-1.446610028775841342e-02,1.394660881662268710e-02,3.880885628759276479e-02,-3.388840715352096217e-02,2.219225661642649367e-02,-2.789881409028638695e-02,1.708787578080692843e-02,6.671442238681674075e-02,3.025664738502080800e-02,4.478373268336497022e-03,4.025060859303429203e-03,9.587941544398896621e-03,5.961458106217933095e-02,7.557190419976317353e-02,5.258554949053371314e-02,2.448828881064821911e-02,-6.237690017206749121e-02,-4.836932066941344865e-02,1.743777058680006558e-03,-8.055779977722722987e-03,4.649477392405185552e-03
6.914190550801932456e-02,1.239204016230795458e-01,4.251448286260634674e-02,1.840425974065716327e-02,1.526710197055405338e-01,2.147503603225443258e-01,1.590345443243044443e-01,1.315507908104553980e-01,2.567655470493854786e-01,4.258140480630412950e-01,2.147362974751305664e-01,2.815095937633625978e-01,4.166429430674871148e-01,5.465974913812936542e-01,5.645669043712581159e-01,1.000000000000000000e+00,4.830772957811209634e-01,4.122489948243658886e-01,-2.302671451039294340e-02,1.176120973768345623e-01,1.005472765827321174e-01,-1.844678511600468807e-01,1.762717719400907490e-01,-1.172282240090667844e-02,-8.612138953009254583e-02,-5.517103347322031143e-02,-7.199744513224579090e-02,-3.455703067444251125e-02,6.976327250003670592e-03,-1.711081293161778941e-02,4.503553424267297406e-02,4.318870354175708554e-02,-1.820656628866935273e-02,5.957485919093999382e-02,4.949103233860679962e-02,-2.204800872487324911e-02,5.649338007023450847e-02,3.143251077525671677e-02,8.769964782342931642e-03,4.380057815827614193e-02,3.215892568157897868e-02,2.605003709397302192e-02,2.628934446976777251e-02,1.962327751257319022e-02,1.879283668786962957e-02,2.087416730373085286e-03,2.517150142228517101e-02,2.062167131305173151e-02,-2.052638800778453995e-02,2.450229119691943805e-02,-2.478618182456150589e-03,-9.188636815449305328e-02,-2.635862955760097381e-02,-3.941186803726601240e-02,-9.554576468387034061e-02,-6.302204346022600989e-02,-9.440870716842668375e-02,-6.088518426260261518e-02,-6.712857936171336137e-02,-8.139579956975007136e-02,-1.660023425737948422e-02,-2.983230583195837018e-02,-5.115421574514456693e-05,-5.667688212519490787e-02,3.437938979564809927e-02,9.094780492012713782e-03,2.137355225114849488e-02,2.486221422854374696e-02,1.469909263744281769e-02,1.764668881050265523e-02,3.467545470265575441e-02,-1.008606184636111174e-02,1.263693116009577226e-02,5.482161068754617950e-02,9.685573741445477336e-02,5.611944366049363697e-02,5.044696479433618402e-02,7.297034881797062611e-02,-3.536231941299017387e-03,-3.406440063265988444e-02,-2.530490679475656812e-02,-3.216167497556048083e-02,-1.357522534263086618e-02,4.207646364018734902e-02,3.884001585196049378e-02,5.265937636564201746e-02,6.605299269817439811e-02,6.266879496654699511e-02,1.500801700805076168e-02,-1.943205260614211394e-02,-2.104493555778670297e-02,4.042228167274226902e-02,5.288981905922543469e-02,-1.552455820036744132e-03,-2.109341392317129818e-02,-9.395872782599959394e-02,1.336934493035773792e-03,2.591881237791019907e-02,1.665885245222229957e-02,-3.517314748464511753e-02
-1.652524288545722392e-02,2.148016608861346745e-03,-5.684031938234146604e-03,-4.645786602085182071e-02,3.081510101262394108e-02,8.939961056340796353e-02,5.444620508008171655e-02,7.127610984239490625e-03,1.063263341833813741e-01,2.187050082457139277e-01,-6.226208752278039604e-02,7.798603396025938217e-02,1.987580572016435509e-01,5.971221635067398559e-01,4.696736816973198780e-01,4.830772957811209634e-01,1.000000000000000000e+00,2.223880543623050210e-01,6.779544304627684037e-02,1.435443741170106813e-01,2.021703361759704942e-01,-9.421691761543853072e-02,1.898206978551909563e-01,-5.355998169322400554e-02,-1.085220276684732976e-01,-3.693140214231688950e-02,-1.145063337963571071e-01,-9.813854770942087580e-02,-1.985786426796912196e-02,-1.087801757292759935e-01,-2.648124867894523574e-02,4.902854999663268723e-03,-9.924626644592564328e-02,-4.305568786351977872e-02,-1.405633737676878839e-02,-8.376439599768351063e-02,-4.115653260513386924e-02,-3.346737347766232107e-02,-5.010748299234272368e-02,-2.620379359044775272e-02,-9.682960618863971358e-03,-2.068034130476697000e-02,3.951434101327315631e-05,-3.819468173864619658e-03,-3.419998439498309062e-02,-4.059892505590671601e-03,3.999820746903056507e-04,-5.925932441984723548e-02,-1.031279853099247544e-02,-3.963853496600745069e-02,-7.955551036022116829e-02,-6.705894028841978549e-02,-8.600666081792539275e-02,-8.872717285139904153e-02,-3.720641383791334356e-02,-8.035324422115780463e-02,-6.175847163623823105e-02,-6.370306013255179478e-02,-6.730400950135913274e-02,-1.463984772203016926e-02,3.744897772501099703e-02,2.875807709379912813e-02,1.503079097839646154e-02,-7.319762787534890222e-03,-1.095542991036480181e-02,-1.993562106427630362e-02,8.106811428760631391e-03,-2.012548280698368483e-03,1.817133669422391507e-03,1.460531361656978826e-02,7.911423562133444720e-02,2.555194858422635273e-03,3.748911833869175703e-03,6.046198540594930476e-02,6.299007235936615601e-02,1.494356212751036909e-02,3.071564799908154536e-02,3.183241196100108916e-02,-6.241465805579626304e-03,-1.306633689797938140e-02,-2.759253669165944584e-02,2.160298303338594600e-02,-2.397594820799833337e-03,2.422709867317792906e-02,2.664898114902976289e-02,1.530931354288476813e-02,-7.657125610352815033e-03,3.293520343471983969e-02,1.033232739691281781e-03,-3.959927140492231802e-03,-1.241066705725100841e-03,3.329725102748493787e-02,3.262048778358477702e-02,-2.183213389405166960e-02,-2.568268791666706435e-02,-2.958394564767794985e-02,1.548192930271573287e-02,-8.011546357906143556e-03,-8.971756438841552508e-03,-3.618876605176755273e-02
3.139928847113913901e-02,7.255082760614608994e-02,7.041706049792935407e-02,-5.298239456898967172e-03,1.024352866822199615e-01,1.221986373426873357e-01,1.209575118434768476e-01,6.802246254742748410e-02,1.483932646899396024e-01,3.504217261416147089e-01,1.904903813117992117e-01,1.119819366482579237e-01,4.276928959251855566e-01,3.390850425649667987e-01,7.471854308587314586e-01,4.122489948243658886e-01,2.223880543623050210e-01,1.000000000000000000e+00,4.741359342217564277e-01,4.829163933391665275e-01,4.505874085875537505e-01,3.780540550343013811e-02,4.067779715793813367e-01,-6.781236466248165284e-02,-1.917586518590430888e-01,-9.623042938263359769e-02,-1.508442273177388604e-01,-8.350100693861557677e-02,-1.931040162655955905e-02,-8.510756431002544642e-02,3.966500972356131610e-02,3.211804742004594621e-02,-4.483699537301625432e-02,5.948448642262500752e-02,6.830373817742645126e-02,-2.638889699818314141e-03,9.778443477795792371e-02,7.300061952165920465e-02,8.989526056953533323e-03,9.898155975291664244e-02,7.731579536815415266e-02,2.843152948158922041e-02,7.335526898875263657e-02,4.108910565147162047e-02,-1.022637543235948264e-02,3.855225622720172274e-02,-1.771309541551129366e-02,-1.735316942034212558e-03,1.727385544387879945e-02,-1.216007100470365386e-02,7.066871242258801304e-03,-3.723726915078218874e-02,-5.374545989632165816e-02,-2.809408809338509797e-02,-7.161528337544205425e-02,-1.000738807436895444e-01,-7.513177527010687917e-02,-6.571300664831070115e-02,-5.942926706418738547e-02,-3.368695471987791928e-02,2.470406965020385121e-02,-3.350622410198302037e-02,4.420178815177700643e-02,-8.230404100569682982e-03,4.425104785520630329e-02,-2.456898403966494004e-02,-3.316868747780780252e-02,-4.971793691403987581e-02,-2.940624847447038601e-02,-1.818059372896532050e-02,3.140501610731990384e-02,2.582435992356956270e-03,-1.168387795229020205e-02,4.149813998105410934e-02,5.940784701767826831e-02,8.222332337082846609e-02,7.847030236439279938e-02,9.913451041882458126e-02,3.603083069202180772e-02,1.082623570036709074e-02,3.989565417981350004e-02,6.937415996969689691e-02,-6.894607893003985508e-03,3.289912907824370930e-02,-4.686082722129305406e-02,-1.315826723190481953e-02,4.959938567430539902e-02,3.710865443997237237e-03,-3.421079383419906028e-02,-2.654851314854703506e-02,-2.164914527265755090e-02,2.806563254837336069e-02,7.362782071367469927e-02,3.608284482660996384e-02,4.028083359839557120e-02,-4.234696651701359144e-02,-4.018333204981345413e-02,4.611140833671423939e-02,2.519122129593041187e-02,1.725821431155919947e-02
-1.137614629191816169e-02,7.488918008015299499e-02,6.154132734018020329e-02,-2.623774979181760225e-02,1.028817373869059665e-01,5.375135249121009567e-02,1.018051961107720865e-01,7.617237609985161306e-02,7.118703872392719012e-02,1.382973948107823481e-01,1.359807089504610766e-01,1.272071899687210635e-02,2.128949122505304214e-01,7.901471884596507345e-02,3.445995802450724232e-01,-2.302671451039294340e-02,6.779544304627684037e-02,4.741359342217564277e-01,1.000000000000000000e+00,4.967009070509143531e-01,6.603860845185256512e-01,4.878942414489096380e-01,1.544047765742583289e-01,-3.195153007666681200e-01,-1.495895314462811487e-01,-2.455466773660175683e-01,-1.832543645521015896e-01,-4.726613135113726799e-02,-2.043887786252685801e-01,-1.456535484369688993e-01,2.195007687135387686e-02,-1.420488271446033457e-01,-1.068669867548335400e-01,4.005903121573552855e-02,-8.995054577656928785e-02,-7.314646919240538891e-02,6.662361704225557013e-02,-4.632407072695714917e-02,-2.516704184476936321e-02,5.736235889740060739e-02,-3.475090135828963478e-02,-6.362481574032700406e-03,3.180384867603722882e-02,-4.390994240371173113e-02,-6.130691307279065999e-02,-1.079204297762342141e-02,-7.408029687110104233e-02,-5.785364028932465236e-02,-2.200013644003037325e-02,-8.163636944704782961e-02,-5.086136052303632388e-02,-3.842093494761412986e-02,-1.078800463121612208e-01,-5.726358958142698657e-02,-7.173402666641839898e-02,-2.558598677121130469e-02,-2.333445650165130031e-02,-3.083675644596902896e-02,-2.097418869600814126e-02,-2.082952510342745008e-04,2.338783439203223277e-02,-2.733314316492963317e-02,-1.509650006254243705e-02,-6.326351402734425693e-03,-7.751884266499493858e-02,-5.394362807976718632e-02,-4.369156007687557963e-02,-3.106877800541694642e-02,-2.120417816830657068e-02,-4.796237558278990815e-02,5.082920601116818100e-03,1.249299922334572849e-02,-3.002994290540466141e-02,-7.805141699401871953e-04,1.659182512067769455e-02,2.074819980337863287e-02,-3.930391445811842049e-02,1.318533852430885805e-02,-1.836229481740190780e-02,-2.441259753780792435e-02,-5.626029215603863681e-02,2.900953808572592774e-02,-1.985209678245416012e-02,-4.590827140613375212e-02,-7.753866152671326506e-02,-2.963782585938954522e-02,-5.286732026315021926e-02,-4.796240128964096572e-02,-6.044712767183801905e-02,-7.245009867248379185e-03,2.749509353261156766e-02,8.486475624935448103e-02,6.157940063654064600e-02,7.258686980172766867e-02,-4.843213171376193477e-03,1.649078561966370662e-02,-4.752077996937015963e-02,-6.273912792742510937e-03,-1.835075783299246893e-02,3.177092683394571598e-02
4.116293846969690251e-02,1.278904734608503069e-01,7.119753635323561314e-02,1.525986158319787324e-02,1.394681706909561558e-01,2.006904262452638421e-01,1.273149358508166296e-01,1.231124830124537134e-01,2.388562600289149407e-01,2.208974405476979153e-01,1.392153716669963792e-01,1.663214475434925954e-01,2.095139597388337160e-01,1.686682349962215222e-01,3.303309998281541704e-01,1.176120973768345623e-01,1.435443741170106813e-01,4.829163933391665275e-01,4.967009070509143531e-01,1.000000000000000000e+00,6.208597435225576833e-01,4.162638486902170420e-01,7.835798685591705004e-01,6.730153110254195534e-03,-4.328893820837998591e-02,-6.129425689706774483e-02,4.823764355535226610e-03,-1.349128317445090208e-01,-5.415261107635375992e-02,-4.611836064382685701e-02,-7.387435071729607505e-02,-3.459663942962942079e-02,-3.628619165274830916e-02,-4.417972926912443893e-02,-1.008951603639957409e-02,-6.780249872404828411e-03,1.766768399607891726e-02,5.773503150475445614e-03,4.683395513761952171e-03,4.090768043086412398e-02,3.612953380715384910e-02,1.252005955436812264e-02,4.564959144627875332e-02,4.207490124687349176e-02,-4.796205543359421258e-02,2.055964853801264466e-02,-2.229389142561210083e-02,-5.287481283485558764e-02,-7.375763361699258676e-04,-5.667342809464971654e-02,-5.726945629903427287e-02,-3.844915428873804664e-02,-1.014317194828236179e-01,-6.627306822317528823e-02,-5.056469899920069261e-02,-4.890769517462116578e-02,-9.580761259665254714e-03,-4.698928424678238541e-02,-1.066404052006966058e-02,2.333071234192004694e-03,3.124126189994364672e-02,-6.586646178074660740e-02,1.071114604475324056e-02,7.856598117373604986e-03,-3.725448470289544067e-02,-1.041621958276843160e-02,-3.682027684261511644e-03,1.015249565014983120e-03,8.777336715380753716e-04,-5.481768572565133037e-03,4.179049500614723939e-02,3.600513814595026479e-02,-1.292992609849529309e-02,4.860522002119758989e-02,3.250641143304035946e-02,4.169502674718673918e-02,-9.015343031931855045e-03,5.265009788868701968e-02,7.472416345772538160e-02,1.029053381257238713e-02,1.096266692795568563e-02,5.955268503638852517e-02,3.746470730237731056e-02,-2.485558003214573264e-02,-4.931072470978212219e-02,2.809040984069510749e-02,2.402130158742982885e-03,-3.600697459566491732e-02,-1.459771843577328983e-02,2.696745003958685768e-03,3.388666233916579756e-02,5.502211909868948841e-02,6.166255583916394056e-02,6.104182430785656116e-02,2.056994224776463598e-02,5.091364528920500759e-02,-7.859343750690774271e-04,3.507790722926904664e-02,4.709891937479380314e-02,1.891029870925607301e-02
2.382711185622498826e-02,1.003547282744978036e-01,7.360848138783643302e-02,6.146528802992544914e-03,1.216185623323504522e-01,1.197653375800901421e-01,1.095401089186490151e-01,9.938603986688916703e-02,1.554151164232231985e-01,1.805814259808051492e-01,1.515562161760660442e-01,9.151747657973437200e-02,2.150253454465510250e-01,1.493544800059114219e-01,3.531771131139509468e-01,1.005472765827321174e-01,2.021703361759704942e-01,4.505874085875537505e-01,6.603860845185256512e-01,6.208597435225576833e-01,1.000000000000000000e+00,4.808314549339149924e-01,3.697969755493340505e-01,-4.429525352513574710e-01,-2.385110327016115861e-01,-3.570106685286014159e-01,-2.352405833176038907e-01,-2.033143319731288146e-01,-2.944563070140674421e-01,-2.268388685637515167e-01,-1.248357867899879403e-01,-2.214628713327832510e-01,-1.678601675792445458e-01,-8.352409467630944606e-02,-1.635612887077277922e-01,-1.246086640622155045e-01,-2.281080132145133291e-02,-1.114831443672129468e-01,-6.197050969094864553e-02,-1.190153895518563341e-02,-6.729892694942017639e-02,-3.546694328509750888e-02,-1.275866476933567098e-02,-5.024382451844129627e-02,-1.019971042543451334e-01,-5.292022595504209531e-02,-7.427875129854025205e-02,-9.657761333621532607e-02,-5.903256679092452885e-02,-1.046658274750316420e-01,-1.179551279575565270e-01,-6.794157347371068689e-02,-1.354158684104625199e-01,-1.337337329706997091e-01,-6.168167845773629004e-02,-2.176331906082442161e-02,7.638224788443844383e-04,-5.075787922626200099e-02,-5.053455810609799002e-03,1.874103269428062032e-02,3.274478365966637661e-02,-4.175559980388792586e-02,-4.152212584814378438e-02,-2.834797045647752603e-02,-1.035664695843636629e-01,-6.272199433722745743e-02,-4.697798284129738738e-02,5.311400908508253846e-03,-3.173400936634259567e-02,-4.441294685376187545e-02,3.861268248125282205e-03,1.792236713380620031e-02,-5.857711845795205569e-02,2.158625182793593583e-02,5.599923048088954400e-03,-3.271075681299646064e-03,-5.755405567051445626e-02,6.069194271573888355e-03,-3.100756386321361704e-02,-7.502590795539228197e-02,-1.222562019754295654e-01,-8.424539841494809583e-03,-4.148713498887086903e-02,-7.181729268488820650e-02,-8.599104484231723244e-02,-1.859501415299555024e-02,-5.728040731733530233e-02,-8.146041331053516243e-02,-3.897568494843212106e-02,6.197365068426574121e-03,1.836503613189548884e-02,9.301381651524125160e-02,6.550935394409709844e-02,7.181340527631134563e-02,-4.603273864120839835e-04,3.170893680434118400e-02,-2.780803179460252655e-02,2.111009699857797645e-03,1.410574279382873115e-03,4.650763868748004903e-02
3.171457642635361340e-02,1.165474007426593600e-01,6.795785300598954082e-02,4.497777936799534498e-02,1.066047773621499190e-01,1.105088826275784780e-01,5.673707943659288266e-02,6.659991742795429159e-02,1.229870662056851555e-01,-3.210809906876249350e-04,9.963607359083734294e-02,8.059619248180356632e-02,-5.174630333132174999e-03,-9.977329699513087791e-02,-3.698002733777028261e-02,-1.844678511600468807e-01,-9.421691761543853072e-02,3.780540550343013811e-02,4.878942414489096380e-01,4.162638486902170420e-01,4.808314549339149924e-01,1.000000000000000000e+00,1.113806273888366671e-01,-1.390228507916811684e-01,2.189032709472132354e-01,-6.013211021330205214e-02,1.540745795508691729e-01,4.120773989949774729e-02,-1.148400059063863776e-01,5.550030778534006254e-02,-1.315336576684460537e-02,-1.083607609580028303e-01,5.777945674889523042e-02,4.102452617960289740e-04,-9.624241300745824124e-02,4.133146542339521251e-02,2.803238877300362822e-02,-2.827620853883369006e-02,7.369065967957720564e-02,3.952162842787950575e-02,1.360013404955852725e-02,7.679968391967889607e-02,7.675773405992181164e-02,6.946580855475234517e-02,2.451394318855631277e-02,6.823904003397039675e-02,4.306151996733077747e-02,5.509804858143823886e-04,5.049624483267144831e-02,1.322180220741055352e-02,-2.246057699472056579e-02,2.506224301120148906e-02,-3.203608225252102537e-02,-2.642148672204015433e-02,8.415503785965526562e-03,3.861703999906102719e-02,4.686127067618856001e-02,1.127894960931604372e-02,4.042732399013174854e-02,3.618934897473613521e-02,3.110859048676553953e-02,-1.921129717658775007e-02,-1.355375297186947603e-02,-1.186782247865396205e-02,-5.983202053872168497e-02,-3.069039155569244521e-03,9.608487959841373674e-03,1.944278804296056123e-02,2.731200842534844964e-02,-5.190122293426999850e-03,3.632696222608705703e-03,1.600075277101015853e-02,-9.603432396503019941e-03,1.608931381502261065e-03,-7.736972867552639049e-04,5.649913145748044173e-03,-3.810873999307648474e-02,1.066762861778111074e-03,-1.273768174426592563e-02,-2.331185814381299317e-03,-5.631971489774738326e-02,7.041043119468035592e-04,1.008546536717364918e-02,-7.256882828568242405e-02,-5.387178866471224042e-02,-2.943125177159915465e-02,-6.208565089421364674e-02,-9.279569168917332911e-02,-4.401670596161740001e-02,-5.920791015492587149e-03,3.861456346630732454e-03,5.541379314206552192e-02,3.497407241693905461e-02,7.057446781287958493e-02,2.473463183406256205e-02,3.238533899505578045e-02,-2.367607867734207103e-02,2.984866680178487747e-02,5.385190050401345192e-03,4.800668764746349182e-02
3.566280938543798379e-02,7.653073012634363514e-02,4.089369244254692504e-02,6.003067882591269985e-03,8.266915282341445737e-02,1.761752991221620379e-01,8.463051145814058651e-02,6.381045923596478930e-02,2.116898028286498534e-01,1.839787299596078729e-01,7.289185732526091976e-02,1.548405939592137626e-01,1.584466737996489405e-01,1.974826836684772657e-01,3.113251211259962514e-01,1.762717719400907490e-01,1.898206978551909563e-01,4.067779715793813367e-01,1.544047765742583289e-01,7.835798685591705004e-01,3.697969755493340505e-01,1.113806273888366671e-01,1.000000000000000000e+00,2.305828049549831782e-01,5.860296347723865928e-02,1.246452895732907129e-01,1.043343813150594962e-01,-8.583875079729805235e-02,1.071968317615186045e-01,5.019203977927357008e-02,-3.756228426356134770e-02,9.823100527751747746e-02,4.262265103934891747e-02,-1.604259999714495108e-02,1.015703439041474310e-01,6.399051366942849761e-02,3.858583913824117223e-02,8.069075488653555672e-02,3.996633060007166033e-02,6.589489343319174242e-02,8.401865313830435278e-02,3.020263466922419940e-02,6.659697903176424461e-02,7.096581285736085210e-02,-1.960301344979818727e-02,4.908418542333427281e-02,4.944661498807494593e-04,-3.050379557796540492e-02,2.769530663820003041e-02,-3.061923126905277334e-02,-2.423492008922664004e-02,-2.032763369608679010e-02,-7.105856651506402277e-02,-3.302702539120601355e-02,-2.659211222600208271e-02,-3.223237753946686657e-02,-3.625354245219895074e-03,-5.136256550116944514e-02,5.777158687629748400e-03,1.575169957051871525e-04,2.524092978077608490e-02,-7.539197638970922266e-02,1.929841676725341237e-02,2.453179746684984799e-02,1.298375062639335175e-03,1.071007076960730359e-02,3.743974632081455145e-02,3.119196112418826453e-02,3.315339532842791637e-03,4.528885894717048916e-02,5.455482753511050470e-02,6.166656617645401711e-02,8.989783243939111421e-03,6.381689522110974011e-02,1.269384216528677244e-02,3.831776009352694939e-02,2.474052967142333082e-02,4.835794301279649349e-02,8.651135949137638004e-02,1.738540705584298504e-02,4.669788573275836935e-02,4.588002548123989999e-02,3.584236054589751835e-02,-2.131471905622648808e-02,-1.132106740981699694e-02,4.931589767096081905e-02,3.228065291695073752e-02,6.470534186353868109e-03,1.769515614558393041e-02,3.466481418127482367e-02,3.811751180743480627e-02,4.136162081304054633e-02,5.359017596847356207e-02,4.421029325601473492e-02,2.607524654805395276e-02,4.937455273516468124e-02,2.517933673747176949e-03,2.473040618003714136e-02,3.097722503114018824e-02,-1.073920717289228964e-02
3.915674950852134940e-03,-1.949900923240184547e-02,-1.001084458718756905e-02,1.004777118683008660e-02,-1.763380651692022724e-02,3.939510703219016585e-02,-1.981467336172004767e-02,-4.381271574064796170e-02,2.646398116644636811e-02,-1.971131632144718787e-02,-4.416864180616816155e-02,2.822568756489093195e-02,-5.210456929661785863e-02,2.383577400753178477e-02,-6.276920631876518886e-02,-1.172282240090667844e-02,-5.355998169322400554e-02,-6.781236466248165284e-02,-3.195153007666681200e-01,6.730153110254195534e-03,-4.429525352513574710e-01,-1.390228507916811684e-01,2.305828049549831782e-01,1.000000000000000000e+00,5.274217500754583288e-01,7.453126225527525461e-01,4.997700800049262315e-01,3.757408717141224042e-01,5.589349885078592761e-01,4.362096141564524854e-01,2.921631712062378594e-01,4.471283660488445943e-01,3.240356255064344992e-01,2.347382066207161222e-01,3.555753981218282567e-01,2.686916282941942402e-01,1.855466147234146046e-01,2.667030390776274351e-01,1.776502006078428675e-01,1.628773344237016973e-01,1.982524187894348366e-01,1.337704620906301767e-01,1.398974328292355573e-01,1.669068997274594790e-01,1.029527204378217625e-01,1.339487507565415014e-01,9.697641503601706070e-02,8.425742331101926386e-02,1.144119052441583129e-01,8.816623840895695952e-02,1.043947609296892592e-01,8.110324709224472906e-02,7.739365605395756575e-02,1.117154241949556426e-01,6.724047871870196535e-02,8.314456918869538027e-02,6.322172230209521793e-02,6.592124319002025390e-02,9.756800992899600233e-02,2.563588452463474304e-02,-3.312395612632824254e-02,-3.055702735305239337e-02,2.501543328307316225e-02,4.275999213715827446e-02,5.368187755185991478e-02,3.390389884536879062e-02,6.713014084857350794e-02,1.271230066980239340e-02,3.739421002731304483e-02,6.040732170176635329e-02,3.548718395223522670e-02,-8.691759417169172761e-03,2.011058213838650549e-02,2.709483494630331515e-02,7.958486046828855756e-03,6.116000889447935351e-03,4.273283648111692729e-02,3.249607896686523140e-02,6.421540926322887033e-02,2.504726161555614547e-02,8.505981923565722469e-02,5.768922517408966999e-02,8.229552636809830957e-02,3.233550816595037042e-02,1.783384946807649307e-02,1.238823626590857506e-02,4.300572358136191958e-02,2.965668403443435380e-02,2.040084164250268589e-02,4.876901934854049880e-02,3.653920027745744242e-03,-8.068264408730813422e-03,-2.040089646530197573e-03,6.437122763942150494e-02,1.005104788221259648e-01,5.301373342117499977e-03,-6.372248103491236215e-02,1.835047632262444550e-02,2.810256802027605999e-02,-3.416086103991162332e-02
-1.032148736725284170e-03,2.402714755410806716e-02,3.302059318097175233e-02,4.382654782640670738e-03,2.405350099673539063e-02,1.503263209689649667e-03,-2.428191260308362742e-02,-1.712818470616434691e-02,-8.242224872984260653e-03,-1.262547000688687693e-01,-1.941971032062591099e-02,1.677087343843923842e-02,-1.533003091491485781e-01,-1.139271125270701623e-01,-1.617296794738121435e-01,-8.612138953009254583e-02,-1.085220276684732976e-01,-1.917586518590430888e-01,-1.495895314462811487e-01,-4.328893820837998591e-02,-2.385110327016115861e-01,2.189032709472132354e-01,5.860296347723865928e-02,5.274217500754583288e-01,1.000000000000000000e+00,6.113101761039854143e-01,6.962508173997362659e-01,6.213299109335747028e-01,3.554324184738343884e-01,5.464436023458885128e-01,4.369816994200133586e-01,3.053329297981641766e-01,4.502239441519568230e-01,3.656780883092590195e-01,2.498216384042385996e-01,3.630391781190998035e-01,2.739609811107697745e-01,2.325341908694394666e-01,3.014523610925760599e-01,2.331702236259019512e-01,1.938282596020137749e-01,2.446519797751331993e-01,2.049619819647451879e-01,2.049130661801825681e-01,1.948019521369988849e-01,2.007449710933870701e-01,1.693695193776277030e-01,1.432452914249218445e-01,1.654491422406106083e-01,1.497747954417018024e-01,1.261297417638291840e-01,1.276471827463793729e-01,1.128304577192660307e-01,1.497596186910464811e-01,1.035439402291278010e-01,1.551445865900682730e-01,1.142073353678446229e-01,9.471078889367699760e-02,1.362063856987214827e-01,5.172321995061241601e-02,-6.243494522016665611e-03,-7.511029109454277035e-03,4.504051738730208837e-02,5.785480893907157807e-02,5.688462683889460719e-02,7.534453916737475498e-02,9.882799586255955337e-02,7.581669805384265437e-02,9.242783202036104762e-02,6.159162142151236585e-02,4.564631107698214479e-03,-6.127521866811181999e-04,6.487415414664070290e-02,1.729884133240432859e-02,2.683707361641490124e-02,-6.402744318937317672e-03,1.638650683856097620e-02,2.057432704394313722e-02,7.897900779846714348e-03,3.540770868971422625e-02,6.081254651731525518e-02,1.183668082136599738e-03,6.838956477138546930e-02,-1.612861696932682901e-02,4.463262373772564767e-02,2.839336541869546746e-02,2.331064686492343926e-02,6.958460673225303275e-03,2.562502440333968082e-02,-2.389775784414537464e-03,-2.218335754248214331e-02,1.181203632648374774e-02,1.612018268189505110e-02,8.255348683188012959e-02,6.759798112666152992e-02,-9.973300862380768406e-03,-7.266979850656954398e-02,3.935454218538651273e-03,-4.460952960885043034e-02,-4.513873582334144291e-02
-4.715099784948190154e-02,-7.363516663540019269e-02,-3.372800261616514667e-02,-5.015229124490398066e-02,-6.103340441894967300e-02,-6.048671613482879336e-03,-3.985569666838931213e-02,-1.055588842001563277e-01,-1.423057919296093210e-02,-5.725997267598176982e-02,-5.625619664701678180e-02,2.789064790280318027e-04,-8.795882733794335717e-02,-2.222187673146151440e-02,-6.470515054804365507e-02,-5.517103347322031143e-02,-3.693140214231688950e-02,-9.623042938263359769e-02,-2.455466773660175683e-01,-6.129425689706774483e-02,-3.570106685286014159e-01,-6.013211021330205214e-02,1.246452895732907129e-01,7.453126225527525461e-01,6.113101761039854143e-01,1.000000000000000000e+00,5.057792544596223516e-01,5.200967151980959713e-01,6.697417673441512509e-01,4.634103429356160042e-01,4.001251271263735476e-01,5.274004266996099588e-01,3.469466484066820455e-01,3.125786059621316615e-01,4.084815735711704310e-01,2.806792697551622751e-01,2.286493393609178026e-01,2.958915271947500925e-01,1.877012179461029495e-01,1.848543596677299505e-01,2.050225941700151433e-01,1.332928967599925629e-01,1.470624275228146760e-01,1.679719600639580368e-01,9.323993215591754036e-02,1.275606690931228027e-01,8.700190621044305572e-02,5.275031601456971198e-02,1.020729982360347732e-01,6.020793751929308379e-02,6.888541348979117240e-02,7.723275893153343230e-02,4.995831361349465510e-02,1.025442152291454329e-01,7.822652418893853710e-02,7.742893809161814633e-02,7.459864362203222354e-02,6.202386291977641380e-02,8.698602270985901497e-02,5.319393140475795617e-02,-3.845917378862440898e-03,-1.340378624672852433e-03,4.823568622622988883e-02,6.824268580779897786e-02,4.516938668304708998e-02,2.773305315921819822e-02,6.589563674695195217e-02,1.377048650240005750e-02,3.669067356420055437e-02,6.185163756471922375e-02,4.298664213376800214e-02,6.451711495615747825e-03,5.549465110586673106e-02,1.690416450476029189e-02,2.304627268776543187e-03,-1.680353863050750864e-04,2.975600504169916005e-02,-6.438326056000440688e-04,1.692918522071660756e-02,2.441438150782330833e-03,6.009537441729127100e-02,4.597855229863705151e-02,5.047453703533037045e-02,1.360138170893904902e-02,1.905468021034768117e-02,1.922151105753279118e-02,2.659676675861201434e-02,1.224538058172363296e-02,3.110627066599089968e-02,2.606700464902376654e-02,-1.797664464131352655e-02,-1.650341543524181526e-02,-1.643801770418216318e-02,7.707818718053556506e-02,1.034937737856257839e-01,2.409448934898114451e-03,-8.225569629362231017e-02,1.729315016315702627e-02,8.100171954144077743e-03,-2.465204018943810069e-02
2.091153808808123710e-02,3.251863497236342354e-02,4.374904968083657975e-02,2.497062996749367311e-02,3.187743344187556754e-02,4.404966838984553795e-02,3.097422203938208617e-03,-4.461909401319869711e-03,3.010371879773308598e-02,-8.690474837051080648e-02,2.658004634733838675e-02,6.945511306361558390e-02,-1.241406591264188203e-01,-1.056260865218610345e-01,-1.385611308743568137e-01,-7.199744513224579090e-02,-1.145063337963571071e-01,-1.508442273177388604e-01,-1.832543645521015896e-01,4.823764355535226610e-03,-2.352405833176038907e-01,1.540745795508691729e-01,1.043343813150594962e-01,4.997700800049262315e-01,6.962508173997362659e-01,5.057792544596223516e-01,1.000000000000000000e+00,5.283420020283449148e-01,4.500247102239451902e-01,7.597892302865794090e-01,3.509282896919427852e-01,3.660665349209257236e-01,5.879507241199996015e-01,3.131118437215148487e-01,3.008201669492928110e-01,4.629571029944175575e-01,2.446430007925063377e-01,2.723036119168649183e-01,3.647535564312286427e-01,2.230212511027607480e-01,2.332623958522608287e-01,2.834637450443917572e-01,1.930142930877356278e-01,2.296224328123132041e-01,2.061364086430762521e-01,1.894159602090037253e-01,1.819633965980206047e-01,1.625869903489229606e-01,1.491319309914887481e-01,1.625928791435098109e-01,1.238132012999775267e-01,1.027855564978302494e-01,1.146566568956642190e-01,1.325641220922790520e-01,7.985704494136652842e-02,1.176971261453605561e-01,1.061734175356758431e-01,6.200790766792147607e-02,1.392293302706980596e-01,2.967141977888129029e-02,-2.465643809014261834e-02,-1.398958686617162925e-02,2.407340613165552534e-02,1.863349513237073582e-02,4.825088971916120101e-02,4.574962317185584521e-02,8.361507349809144118e-02,3.355885405337399180e-02,7.198571139374404515e-02,6.482851812013200321e-02,2.651740580874161271e-02,2.502485460705799504e-03,5.009092720390731501e-02,3.336989882911686051e-02,3.051762889561829978e-02,-5.136598176298676210e-03,3.654790533818045445e-02,1.965970046107538144e-02,4.198876892055640117e-03,2.094531491792590155e-02,6.861452740821351315e-02,3.036312972337892272e-03,5.817754621087116440e-02,5.264823728970469130e-03,1.910382686027625385e-02,7.200713690310229197e-03,5.311039011519277930e-02,-1.760403620172517085e-03,1.200805338566104247e-02,5.589849282060423662e-03,-2.466849912581754387e-02,8.926082976488518630e-03,1.700716170112088338e-02,7.059122963194069955e-02,8.130680348179465666e-02,-5.599095320883008646e-04,-5.942663579360329268e-02,3.453771788489261307e-02,-1.110444871950670709e-02,-2.493118507480553137e-02
-2.555414073084768048e-02,7.068486048476502887e-03,2.972454525744626375e-02,-3.037191232182669814e-02,3.885606247699806975e-02,-2.150205721971738815e-02,3.011280413557410746e-02,-1.834368543103292656e-02,-5.067882252129618514e-02,-9.385426139929053946e-02,-1.061440359771147202e-02,-1.952580569174529324e-02,-8.882903912811683511e-02,-1.029533116845794405e-01,-4.829436489324334669e-02,-3.455703067444251125e-02,-9.813854770942087580e-02,-8.350100693861557677e-02,-4.726613135113726799e-02,-1.349128317445090208e-01,-2.033143319731288146e-01,4.120773989949774729e-02,-8.583875079729805235e-02,3.757408717141224042e-01,6.213299109335747028e-01,5.200967151980959713e-01,5.283420020283449148e-01,1.000000000000000000e+00,5.089748119787234071e-01,4.924200988270008850e-01,7.366889561603257031e-01,4.568780282516989866e-01,4.073278427439024352e-01,5.862160932531828017e-01,3.540018258570007958e-01,3.271087516228699532e-01,4.149161585080594628e-01,2.936734403405100724e-01,2.672713540877325045e-01,3.026559531469337205e-01,2.081076071961406038e-01,1.999391682489389255e-01,1.944344506785012916e-01,1.675603743045392391e-01,1.613976986677309045e-01,1.537653884015997008e-01,1.301090806398525479e-01,1.100544245677642363e-01,1.277950903795045112e-01,1.153199290046136999e-01,9.159082979630117638e-02,1.065204159640390641e-01,8.005402904377950657e-02,1.267787529073716724e-01,9.614085091692867180e-02,1.356084090499674877e-01,8.231030760966684401e-02,1.089742353150561921e-01,1.175327803774637858e-01,2.518743155719794374e-02,-4.446163514699955077e-02,-1.379792122805814820e-02,-7.284408010075625909e-04,2.167043569741922138e-02,1.238941563003761841e-02,3.390664916878730062e-02,4.560965568360141054e-02,4.040004464590949557e-02,6.305685377230962896e-02,9.684383841704550643e-04,-5.315808749663045868e-02,-4.469935944634093744e-02,2.412179263412789904e-02,-4.131352726258234742e-02,-9.173074684203034318e-03,8.976328713504715812e-03,-2.965197056449858301e-02,-1.383355963163724646e-02,-3.978935860364866267e-02,-3.189173785668775879e-02,1.844609140241858930e-02,-1.141038347489054840e-02,3.688521376406746211e-02,-1.995090036679176074e-02,4.719351271309274454e-02,6.668883690824632671e-02,2.888024861095443360e-02,8.172068128287720071e-03,6.636708549979702942e-02,3.301525657230583444e-02,6.939221811324432741e-03,1.852884875208389223e-02,-1.183157592110475713e-02,8.873575356105428691e-02,5.766671777756447737e-02,-1.414433527979246617e-02,-8.361076811434074718e-02,-1.154888370648372679e-02,-3.245225623198927378e-02,-4.563730406684941843e-02
-3.842704560524159291e-02,-6.236806002292045320e-02,-1.436244575049701842e-02,-5.303307260943469770e-02,-3.111302813839890435e-02,9.967563589515157640e-03,-1.062390089961627636e-03,-8.335203148889451519e-02,3.011256380449722422e-02,-2.251189168490468420e-02,-3.073614856440105847e-02,3.749668708924892152e-02,-5.843759915089443563e-02,-6.509724954563532104e-03,6.642679733124519717e-03,6.976327250003670592e-03,-1.985786426796912196e-02,-1.931040162655955905e-02,-2.043887786252685801e-01,-5.415261107635375992e-02,-2.944563070140674421e-01,-1.148400059063863776e-01,1.071968317615186045e-01,5.589349885078592761e-01,3.554324184738343884e-01,6.697417673441512509e-01,4.500247102239451902e-01,5.089748119787234071e-01,1.000000000000000000e+00,5.558614722048963452e-01,4.549600460432473015e-01,7.787672778535820184e-01,4.049144826235434591e-01,3.619001321149494799e-01,5.886116855609458964e-01,3.350015534237282266e-01,2.778880717823525304e-01,4.239332233940647510e-01,2.161525779251818047e-01,2.174012687659388765e-01,2.895716869326806497e-01,1.554118682478909108e-01,1.439852004058205792e-01,2.095618368123679798e-01,1.153881547492988657e-01,1.205979691107438717e-01,1.064465168562889336e-01,7.566107401034664892e-02,9.145661547631138422e-02,8.954554799229755280e-02,6.956810465773617669e-02,7.145921043604852585e-02,7.120354314805053819e-02,1.047426068763218643e-01,8.678859090502127893e-02,5.112754570087245376e-02,5.661558833950319780e-02,5.690719563416827415e-02,9.266396084420795709e-02,1.789930800179368592e-02,-4.049289844323591264e-02,-1.767074848458069850e-02,2.180682163422170000e-02,2.644394258408878234e-02,3.931614362653482880e-02,1.739428699635237399e-02,4.489125131070333119e-02,-1.393108104136647112e-03,2.920337537341459802e-02,4.996864319624479828e-02,2.711328637925809054e-02,1.200339783109902365e-03,4.165356996665386946e-02,5.243008631202746711e-03,-1.515041056748199499e-02,1.035008571704016181e-02,1.567234376686877512e-02,-1.611746105527066264e-02,-1.328192516342226182e-02,-3.863067982255468519e-02,4.350729561106663618e-02,3.334314707166246422e-02,2.627785449729387254e-02,1.941298941488736607e-02,2.961746952841003925e-03,4.035281797918601615e-02,4.514366905542722963e-02,-3.843631377866179449e-03,6.158145725140208582e-02,6.948938134477217199e-02,1.228844894941123408e-02,-2.991950142742218384e-03,-1.091129345921622827e-02,7.909887399051787615e-02,9.552864625096822715e-02,2.916509965772670285e-02,-7.754286180916922233e-02,1.246729286487421526e-02,2.796492588273729457e-02,-4.209114641667145024e-02
2.227685540022511165e-02,1.622496904803825621e-02,6.433406383344408841e-02,1.893436776012290962e-02,2.489242309202483600e-02,7.176273491834665383e-03,8.189428564440551922e-03,-1.633310262970028015e-02,-7.856437516888057498e-03,-8.814441839906396459e-02,2.220210939877219000e-02,4.782473742862471122e-02,-9.993571829573204279e-02,-1.032604110382127072e-01,-7.557357168107703416e-02,-1.711081293161778941e-02,-1.087801757292759935e-01,-8.510756431002544642e-02,-1.456535484369688993e-01,-4.611836064382685701e-02,-2.268388685637515167e-01,5.550030778534006254e-02,5.019203977927357008e-02,4.362096141564524854e-01,5.464436023458885128e-01,4.634103429356160042e-01,7.597892302865794090e-01,4.924200988270008850e-01,5.558614722048963452e-01,1.000000000000000000e+00,5.114109968261941752e-01,4.860275215435027052e-01,7.638899030829152670e-01,4.438680262429747225e-01,3.953000192316614703e-01,5.832582000354371576e-01,3.304201077560622868e-01,3.436382365859054211e-01,4.497104803640362691e-01,2.774672648792721463e-01,2.710402855337338268e-01,3.395130719555599086e-01,2.061924007083467403e-01,2.294388922367690264e-01,2.472437218978649209e-01,1.858041731909794436e-01,1.633714012013815775e-01,1.886551488121391840e-01,1.302704286717921989e-01,1.609680271889987746e-01,1.546007798752604967e-01,8.878936198776180011e-02,1.265684851004358069e-01,1.508086482991082833e-01,6.153107331397249247e-02,1.045736931518356089e-01,6.886673152048287949e-02,4.742862087414839722e-02,1.282243647329851799e-01,1.768065779588505818e-03,-4.644127059500090943e-02,-3.312441428786935815e-02,1.071003170676642496e-02,9.789033059962964217e-03,4.336596073447069460e-02,2.992129300179606141e-02,6.221318758477281663e-02,-5.700717550377798135e-04,5.062775256743915625e-02,3.945401944142476469e-02,2.279749553096605333e-02,-9.467355698166911651e-03,3.849867307414810841e-02,2.661497490093634941e-02,1.619569224398256443e-02,-7.555725907514427436e-03,2.165613983764433023e-02,7.748275932664557344e-03,-2.832416867897586538e-02,-3.765834453852050581e-04,5.253091709540584631e-02,-1.764255976347503183e-02,3.141582808891348749e-02,-1.838170400757586226e-02,5.339236259687220321e-03,-2.918395240323415525e-03,4.657402268504604037e-02,-1.608553655862616713e-02,6.291122942033857725e-03,1.334828559008146252e-02,-2.436092717336818189e-02,-1.656271606395336507e-02,1.806001994634291383e-02,4.261234032098323160e-02,8.960719963695432111e-02,-1.124429920028349218e-02,-6.515096594137788355e-02,4.908560094153692488e-02,7.181924152086199657e-04,-3.228609547810275260e-02
-3.852109085953216855e-02,-1.737917898063038062e-03,2.776609226724383733e-02,-4.502282154140788140e-02,3.813275769639627721e-02,-2.428377672064631343e-02,6.011765291128740724e-02,-2.921156781009623740e-02,-4.916602048557951882e-02,-4.279831672895548916e-02,-1.832240143146377648e-02,-1.710346636822494132e-02,-2.841419512945851308e-02,-3.302315983022698770e-02,7.093333660242766292e-02,4.503553424267297406e-02,-2.648124867894523574e-02,3.966500972356131610e-02,2.195007687135387686e-02,-7.387435071729607505e-02,-1.248357867899879403e-01,-1.315336576684460537e-02,-3.756228426356134770e-02,2.921631712062378594e-01,4.369816994200133586e-01,4.001251271263735476e-01,3.509282896919427852e-01,7.366889561603257031e-01,4.549600460432473015e-01,5.114109968261941752e-01,1.000000000000000000e+00,5.476189238122732839e-01,4.649830430913039492e-01,7.787006942341293536e-01,4.154810808850940562e-01,3.682292874107112035e-01,5.353212876039461499e-01,3.395526094178709653e-01,2.954819022421595887e-01,3.894464264731220537e-01,2.305652567250343621e-01,2.319519346617266164e-01,2.350528697856248961e-01,1.781136765799844757e-01,1.846362937826097339e-01,1.698333718391169256e-01,1.183209389398412192e-01,1.252733575105866859e-01,1.183600240263562170e-01,1.074387867954114673e-01,1.058617245647506672e-01,8.951682459893782473e-02,7.089740655692897131e-02,1.213669373852679922e-01,6.910435332544412335e-02,9.875882781561934332e-02,3.212426981409052806e-02,8.062258898694672771e-02,9.600448481514176069e-02,-1.781130412956492132e-02,-5.755141049058399433e-02,-4.322752622388048582e-02,-2.300598099712817743e-02,8.156188027332192045e-03,-1.204609688877769300e-02,1.228632636716148370e-02,3.043986950561284807e-02,9.103709431866948212e-03,4.362894155505106508e-02,-7.067706974528582820e-03,-1.858693873937577665e-02,-3.307340267319770072e-02,2.466071963563619407e-02,-9.181990395496570506e-03,-3.030194164987505372e-03,-1.017672511742320936e-02,-4.015035264103609253e-02,-1.786822427460268981e-02,-4.840558902920349960e-02,-2.531448242390337000e-02,3.231852276245039679e-02,-1.407417937778336625e-02,1.856483687342513206e-02,-3.577604240168159172e-02,5.062048659618465646e-02,6.429971293144261246e-02,1.274713386937154427e-02,2.029828366529873654e-02,5.123643097549427511e-02,3.653099163198773869e-02,7.199584236689701017e-03,-4.497181062504871339e-03,-1.161655333873820237e-02,4.534469700766753653e-02,3.454273148654411069e-02,-8.249998436390224010e-03,-4.001492771306795065e-02,3.572337242173810167e-03,-1.655429257458258308e-04,-6.092649093200212113e-02
-4.428840340867110092e-02,-6.907476114880534146e-02,-2.276805606057420023e-02,-6.231169077878988272e-02,-3.054825362641241937e-02,1.066915195173379072e-03,1.857577165803894412e-02,-8.316598360747198826e-02,2.036029750882648384e-02,-5.714065003319748065e-03,-4.400890908958728781e-02,3.084065475223725372e-02,-3.177987057594208048e-02,1.171011985861297733e-02,5.676978004898660529e-02,4.318870354175708554e-02,4.902854999663268723e-03,3.211804742004594621e-02,-1.420488271446033457e-01,-3.459663942962942079e-02,-2.214628713327832510e-01,-1.083607609580028303e-01,9.823100527751747746e-02,4.471283660488445943e-01,3.053329297981641766e-01,5.274004266996099588e-01,3.660665349209257236e-01,4.568780282516989866e-01,7.787672778535820184e-01,4.860275215435027052e-01,5.476189238122732839e-01,1.000000000000000000e+00,5.152503731384138197e-01,4.608413562746900283e-01,7.575273087130127703e-01,4.273137457527065863e-01,3.423197012125982486e-01,5.355124180707397930e-01,2.728386876426496799e-01,2.651381999873535511e-01,3.609866221953146326e-01,1.999341697655580841e-01,1.790469324068374168e-01,2.542622884189352783e-01,1.448627796562410308e-01,1.557631837677083408e-01,1.299140812052816396e-01,1.069074514292544520e-01,1.113977624463201588e-01,1.139270358692476143e-01,1.023774633317605792e-01,7.971960513012710248e-02,9.246051654754477989e-02,1.295736975075024722e-01,8.780884271503074101e-02,6.042283224429946531e-02,5.640529187907775827e-02,6.132152802975107675e-02,1.046374121548696856e-01,3.578799293906147379e-03,-4.917542757187579050e-02,-3.074889178462894557e-02,1.698456004950124262e-02,1.888580895242171140e-02,5.317057480937162350e-02,3.685367824257419073e-02,5.702367839147614442e-02,1.223477688830703312e-02,5.140256317589777385e-02,4.455503872070408489e-02,2.619282889688473448e-02,-4.503449432830377089e-03,5.773557063840151909e-02,-8.492830380700594137e-03,-2.806782066154736924e-02,7.315623582367367268e-03,-2.528000008326983499e-03,-2.500957301673890909e-02,-7.395122956313012787e-03,-3.660124676019384238e-02,5.564179228084521756e-02,3.863315673461528016e-02,3.869034877208235579e-02,2.513998905702019906e-02,2.472109473343350391e-02,4.933779817253595990e-02,3.408356417416941869e-02,9.509611062457491715e-03,5.728309416206796983e-02,7.130631610072550586e-02,1.507725867656379594e-02,-4.196446576886021101e-03,-4.349512610130472010e-03,5.761931216420888846e-02,7.627042298493208472e-02,1.330772792326273025e-02,-6.005223184184401569e-02,8.250958209073924049e-03,3.455008754175909608e-02,-5.851996918454534929e-02
2.391666088452676364e-02,1.686053554029863077e-03,5.598420411867888191e-02,2.354071053270721456e-02,6.029868876571634582e-03,-1.724979271268754430e-02,-2.510148572776946772e-03,-4.597931154524036168e-02,-2.615964531959321521e-02,-9.971430080187132505e-02,-2.504733611027869667e-03,1.710274226982911455e-02,-1.042628541945215676e-01,-9.583980521571154598e-02,-5.015319988098568965e-02,-1.820656628866935273e-02,-9.924626644592564328e-02,-4.483699537301625432e-02,-1.068669867548335400e-01,-3.628619165274830916e-02,-1.678601675792445458e-01,5.777945674889523042e-02,4.262265103934891747e-02,3.240356255064344992e-01,4.502239441519568230e-01,3.469466484066820455e-01,5.879507241199996015e-01,4.073278427439024352e-01,4.049144826235434591e-01,7.638899030829152670e-01,4.649830430913039492e-01,5.152503731384138197e-01,1.000000000000000000e+00,5.378602539720533926e-01,4.642521152681331476e-01,7.503827658316721827e-01,3.927567774977640536e-01,3.969215302987972316e-01,5.614300207936374632e-01,3.422030093315650556e-01,3.130932005471547264e-01,4.267429291101585975e-01,2.559641199346158746e-01,2.699369818222209227e-01,3.110543894718991176e-01,2.301569535835715774e-01,1.944397395621313418e-01,2.484729080708794613e-01,1.667653599955658261e-01,2.069373697583794802e-01,2.046711228265117033e-01,1.071873978244084202e-01,1.640003295718068799e-01,1.878360821906178979e-01,6.845940732337157941e-02,1.122848973458672323e-01,6.655359979729372211e-02,6.111153272153397459e-02,1.305548267057686784e-01,-1.382455180660798703e-03,-5.372472888727379547e-02,-4.277696947569099850e-02,1.043809629853970251e-02,1.242615162195852968e-02,6.299087013203029384e-02,5.375989257087561424e-02,7.971444350142851965e-02,6.419248241421998506e-03,6.318140456226500890e-02,5.505535559653701450e-02,4.280129390740839562e-02,1.485250139035329542e-02,5.722715645393960243e-02,3.485491427002584963e-02,3.293070048094002568e-04,-1.112377261409603670e-02,2.332587413453523009e-02,2.889018582216795316e-03,-4.755758674713088385e-02,6.822842761316330260e-03,6.289149076866872023e-02,-1.254101462831268450e-02,3.323009118686453406e-02,-2.856852427968822189e-02,2.928728695494720730e-02,-4.447847782759218119e-03,3.965776788614901183e-02,-5.051955097477404955e-04,-1.317712674824522180e-02,-1.498013455548057472e-03,-4.573402373607918237e-02,-4.056129379089559034e-02,1.175785016828002731e-02,-5.400360178613934289e-03,7.738836301379392602e-02,-2.057928288984054235e-02,-2.790296930184817462e-02,6.965985602186074155e-02,2.073865138570179460e-03,-3.526301425157853109e-02
-2.458180304288211729e-02,1.532819403259681659e-03,3.748991224083030038e-02,-3.114939768879178630e-02,4.372212384242608191e-02,-2.152193778536806712e-02,5.935187948955681497e-02,-1.733978413564852758e-02,-3.587666937236114184e-02,-3.615175861134022756e-02,-2.911906639559828838e-03,-4.266756545763366812e-03,-1.155704691905665334e-02,-4.272780709536643656e-02,7.534314065072189592e-02,5.957485919093999382e-02,-4.305568786351977872e-02,5.948448642262500752e-02,4.005903121573552855e-02,-4.417972926912443893e-02,-8.352409467630944606e-02,4.102452617960289740e-04,-1.604259999714495108e-02,2.347382066207161222e-01,3.656780883092590195e-01,3.125786059621316615e-01,3.131118437215148487e-01,5.862160932531828017e-01,3.619001321149494799e-01,4.438680262429747225e-01,7.787006942341293536e-01,4.608413562746900283e-01,5.378602539720533926e-01,1.000000000000000000e+00,5.036324925899466898e-01,4.492809455275801889e-01,6.905089168968607805e-01,4.235399095300237393e-01,3.651083737892036329e-01,5.066804329797964801e-01,2.886986934699531382e-01,2.930941348521306500e-01,3.169211208101196942e-01,2.331859574602659357e-01,2.343094270663877432e-01,2.261828202862330994e-01,1.423067383192165858e-01,1.755054553172679110e-01,1.548760473227242529e-01,1.475087059538410239e-01,1.505084885013451834e-01,1.014739981012660330e-01,1.130835771300584408e-01,1.590219485436489832e-01,7.695090355410168226e-02,1.139876728408893425e-01,4.248752973835698971e-02,9.214305996722445269e-02,1.138990411759927962e-01,-3.340402799779054743e-02,-8.594580988415513600e-02,-6.042759676535745805e-02,-4.188427888043184943e-02,-9.634081193427941267e-03,1.251154907586372357e-03,4.291056357569172225e-02,4.552687981028616382e-02,2.986311392485513708e-02,5.771775383213051391e-02,1.365880845630189442e-03,-2.406122642697193850e-02,-2.176434379865363131e-02,1.201955864905672640e-02,-4.870449966824325246e-03,-1.223589711716774851e-02,-2.543981647438057353e-02,-5.669839422491818048e-02,-1.810753317892118547e-02,-5.175472404500680579e-02,-3.082186744227474740e-02,3.109831359207157128e-02,-3.149087181359945531e-02,4.365194762827257283e-03,-5.197242108531214405e-02,4.243057244492783736e-02,6.081077838529628382e-02,4.800499403722778904e-03,1.641045841885999459e-02,4.453860131002661260e-02,3.187552570845748195e-02,1.067461606050641894e-02,-1.567331986473648187e-02,-1.873759508538353630e-02,2.693398431612776742e-02,2.609383032983546985e-02,8.223986433040932076e-03,-8.155804889911081462e-03,1.622721753242076584e-02,2.841006345336801256e-02,-5.878321171899678066e-02
-2.499722618650386183e-02,-6.220287401446129155e-02,-1.877193301678167130e-03,-4.225228950168663511e-02,-3.072770967027224284e-02,-1.935507042074740072e-02,1.191325264042067053e-02,-8.479279576564342780e-02,2.443323667251301370e-03,5.633975778701180194e-03,-1.237393593746824449e-02,1.531455918747767243e-02,-2.366994094167421125e-03,5.785073333062187156e-03,7.925166183592750879e-02,4.949103233860679962e-02,-1.405633737676878839e-02,6.830373817742645126e-02,-8.995054577656928785e-02,-1.008951603639957409e-02,-1.635612887077277922e-01,-9.624241300745824124e-02,1.015703439041474310e-01,3.555753981218282567e-01,2.498216384042385996e-01,4.084815735711704310e-01,3.008201669492928110e-01,3.540018258570007958e-01,5.886116855609458964e-01,3.953000192316614703e-01,4.154810808850940562e-01,7.575273087130127703e-01,4.642521152681331476e-01,5.036324925899466898e-01,1.000000000000000000e+00,5.342886393014375512e-01,4.342847354327036280e-01,7.036502646926369176e-01,3.500181815398612506e-01,3.373766085860789299e-01,4.757756665524446316e-01,2.728530351707488810e-01,2.280869506336106745e-01,3.280521831260622134e-01,2.014935473304508562e-01,2.169128964516479074e-01,1.761668617428485961e-01,1.625202633520333173e-01,1.672676246057881733e-01,1.727254110926723929e-01,1.440739595933992478e-01,1.103702768181938909e-01,1.464192715985394855e-01,1.720064273871916571e-01,1.129934683326664080e-01,8.994536193141516867e-02,7.136113451263215168e-02,9.674040565781087675e-02,1.296381938773813192e-01,-4.676801815590609333e-03,-7.989806151080072749e-02,-4.409045965544699380e-02,-2.983878903154665342e-03,5.439483047701753303e-03,6.793492735961452478e-02,7.456237926309447483e-02,6.235640502754608017e-02,2.497200673521880049e-02,5.437143792913195356e-02,2.991311927179903310e-02,5.670962505915631315e-03,-8.959265079097574955e-03,3.985299178037896711e-02,-2.007213976438650474e-02,-4.183160026198497888e-02,-1.078744639649589776e-03,-2.317490096498834098e-02,-3.325574612371921812e-02,1.126284799442136587e-02,-3.204594369068052701e-02,6.479692640908217560e-02,4.042999492562732167e-02,8.868288346367089736e-03,1.021097274057110663e-02,1.412971064564616346e-02,2.726110849435794264e-02,5.787065675851926598e-03,-3.805936525443833190e-03,3.174284703064234048e-02,7.884786779921998390e-02,2.185045413791273424e-03,2.525173404140797564e-02,5.534816938444968998e-03,5.685335716943168416e-02,5.485760189579080848e-02,2.125828148279454780e-02,-4.052772231970928202e-02,-2.064944169953521723e-03,3.626018605902815717e-02,-6.043506896548552637e-02
3.569284434932952499e-02,2.346493711758700779e-02,6.410086137562914788e-02,4.211333769725216641e-02,2.688621047663086738e-02,-4.484500713575684423e-03,1.186150050169533163e-02,-3.126578656786217769e-02,-1.752152710003487476e-02,-7.081824643376387340e-02,-5.227658246907257271e-03,2.709748360254420757e-02,-8.211884396754130788e-02,-6.984188073390722173e-02,-1.799365692373673317e-02,-2.204800872487324911e-02,-8.376439599768351063e-02,-2.638889699818314141e-03,-7.314646919240538891e-02,-6.780249872404828411e-03,-1.246086640622155045e-01,4.133146542339521251e-02,6.399051366942849761e-02,2.686916282941942402e-01,3.630391781190998035e-01,2.806792697551622751e-01,4.629571029944175575e-01,3.271087516228699532e-01,3.350015534237282266e-01,5.832582000354371576e-01,3.682292874107112035e-01,4.273137457527065863e-01,7.503827658316721827e-01,4.492809455275801889e-01,5.342886393014375512e-01,1.000000000000000000e+00,5.004619481778044277e-01,4.802952346819763241e-01,7.351351397635436102e-01,4.393769327024416027e-01,3.753929781563010160e-01,5.574581020305383605e-01,3.229001931356743627e-01,3.092583486670837378e-01,3.977470752718165192e-01,2.890771223965974968e-01,2.285064414064893190e-01,3.178679048457334622e-01,2.175383213889417744e-01,2.535095026961181053e-01,2.537053821021936217e-01,1.373230113105068095e-01,2.035300769846991320e-01,2.241535398207265550e-01,7.386897104092433886e-02,1.074175459024660217e-01,4.979146005094778338e-02,6.615001870370726400e-02,1.217487130576064003e-01,-1.940282632398142651e-02,-6.065862731846779349e-02,-5.977565806854368002e-02,1.251848007758186738e-03,5.595860874840554409e-03,7.307431231322991660e-02,7.455237321089878966e-02,7.939318708732261143e-02,7.270096636902672292e-03,6.133576065003252392e-02,4.885810776898651814e-02,4.180782002255193502e-02,2.163034703563127686e-02,4.729646106882838541e-02,3.619411396554824550e-02,-1.127689179594610659e-02,1.958508872819687469e-05,2.924080821811663247e-02,-3.473670820773447788e-03,-3.580715192112137596e-02,2.011664441113555565e-02,9.447782773193635908e-02,1.927864119926432553e-03,2.277237501538885087e-02,-2.496873977664774633e-02,4.289407292318179327e-02,-2.311585035462780657e-02,1.672887863904852154e-02,5.498639684988153482e-03,-4.289630239782436794e-02,-4.755538419667403385e-03,-4.668452011372211524e-02,-4.451005728884807611e-02,3.379126096806319562e-02,-3.400869244471652064e-02,5.939549214302879132e-02,-1.833506403414072311e-02,-1.797578207090372174e-03,6.629506136964760654e-02,-1.711382251417694830e-03,-4.001057204069290163e-02
-8.448645380744908978e-03,3.175446257622859675e-02,5.363716773666227233e-02,-8.749470004530949044e-03,6.290591239570667015e-02,2.847989744311765423e-03,6.034914913632821037e-02,8.984706915683324593e-03,-1.947535717934965882e-02,-9.529991762184511495e-03,1.634034786566056219e-02,9.211281757507704115e-03,2.451772826586969684e-02,-5.702616478842771619e-02,9.021599680503288032e-02,5.649338007023450847e-02,-4.115653260513386924e-02,9.778443477795792371e-02,6.662361704225557013e-02,1.766768399607891726e-02,-2.281080132145133291e-02,2.803238877300362822e-02,3.858583913824117223e-02,1.855466147234146046e-01,2.739609811107697745e-01,2.286493393609178026e-01,2.446430007925063377e-01,4.149161585080594628e-01,2.778880717823525304e-01,3.304201077560622868e-01,5.353212876039461499e-01,3.423197012125982486e-01,3.927567774977640536e-01,6.905089168968607805e-01,4.342847354327036280e-01,5.004619481778044277e-01,1.000000000000000000e+00,5.540790729103893808e-01,4.705780771496531067e-01,7.493369656028098236e-01,4.008270852851861799e-01,3.911487061480507510e-01,4.952071599116739664e-01,3.322536545203219061e-01,3.166426205082591983e-01,3.471765065786936444e-01,1.990338399042889950e-01,2.518618682990683699e-01,2.476517069131978221e-01,2.161392618198428872e-01,2.057975428328548961e-01,1.567528059851890643e-01,1.814918244793237434e-01,2.012744923659641749e-01,1.192895628421737214e-01,1.530503370455622292e-01,5.758394747698979826e-02,1.406941294636895046e-01,1.531364856440730060e-01,-4.800165537075292560e-02,-1.342950015591013180e-01,-6.957672675849684019e-02,-8.059938279153340546e-02,-4.138183854701290437e-02,-1.707500385206719290e-02,5.271600128431647853e-02,2.150461702636084771e-02,1.761356184695053728e-02,4.535731011890547365e-02,-2.702986997615505760e-02,-4.779089770036928225e-02,-3.401943990261453721e-02,-3.303760677517654509e-02,-1.436028176727169314e-02,-1.632896664018081492e-02,-3.590159480884250187e-02,-7.323754670832333113e-02,-4.931669770625177890e-03,-2.450599238471316138e-02,-5.066890687385272596e-02,4.078829351528535235e-02,-1.367391682245916104e-02,3.042741237376302491e-03,-6.419534309569528696e-02,3.701114485535986903e-02,3.554579388386649302e-02,-3.311053828430000272e-04,-1.417786862251833521e-02,8.804821686800218261e-03,2.906155707231555460e-02,3.917944994758094934e-03,-1.725874549587219295e-02,-1.838872102566670511e-02,-7.035361184829259061e-03,4.393413669999671721e-03,2.814906956188233458e-02,1.588528041712040234e-02,1.352108626255174931e-02,3.506226821296308527e-02,-6.606272531953076566e-02
-2.312466149492614295e-02,-5.033002234790553281e-02,5.615810565657249932e-03,-2.930434921899574552e-02,-2.809482785441392780e-02,-3.143728783230190227e-02,-1.153466817936106559e-02,-8.020273985263400018e-02,-3.102067541912211304e-02,-1.916437331987448298e-02,-1.752687420574211910e-03,-1.433615216720436451e-02,-7.546924515694641497e-03,-3.862665326904648339e-02,6.432104889212342247e-02,3.143251077525671677e-02,-3.346737347766232107e-02,7.300061952165920465e-02,-4.632407072695714917e-02,5.773503150475445614e-03,-1.114831443672129468e-01,-2.827620853883369006e-02,8.069075488653555672e-02,2.667030390776274351e-01,2.325341908694394666e-01,2.958915271947500925e-01,2.723036119168649183e-01,2.936734403405100724e-01,4.239332233940647510e-01,3.436382365859054211e-01,3.395526094178709653e-01,5.355124180707397930e-01,3.969215302987972316e-01,4.235399095300237393e-01,7.036502646926369176e-01,4.802952346819763241e-01,5.540790729103893808e-01,1.000000000000000000e+00,5.015253630814484609e-01,4.487018800713327704e-01,6.977024943450236272e-01,4.184404023620600377e-01,3.119391666903548188e-01,4.929958173024380219e-01,3.201511216737603638e-01,2.884583313841583840e-01,2.913863448872519024e-01,2.577270996808217474e-01,2.201804158963142355e-01,2.768971871326521006e-01,1.831735766868270998e-01,1.222214873950475122e-01,2.206171561944722803e-01,1.884407462091189922e-01,1.269671388366387377e-01,9.437500764759738925e-02,6.289757806841331234e-02,1.154478453913340141e-01,1.305434567368815024e-01,-2.459447545947905309e-02,-1.022344464880548115e-01,-3.512681513991099819e-02,-6.970836534560404842e-03,-2.911175516111306344e-02,9.471850470020258539e-02,8.057749399084111752e-02,4.526846816937137030e-02,7.381493741038076643e-03,4.387693239984961219e-02,4.297023224778919077e-03,-5.848046249785704247e-03,-2.546532482573217807e-02,2.514725274894714924e-02,-2.028698737852029435e-02,-4.070802805381497358e-02,-8.924084787250107648e-03,-2.473520744601577157e-02,-3.092108716521407147e-02,7.839904252630636866e-03,-1.710756307628383960e-02,7.694829500994918026e-02,5.141226495700598753e-02,-2.351224057863550172e-03,-4.602648043789859741e-03,2.212745322153950381e-02,6.356834381931656015e-03,-8.252229286971189681e-03,-3.776980228806692957e-02,-2.530830270867871941e-03,4.167251893550802389e-02,-1.645707673580940403e-02,-1.434241298139718110e-02,-1.737021304103712402e-02,6.577412516730081829e-03,4.770713400670435062e-02,4.119454927147846168e-02,-1.644790620805596654e-02,4.164963738542095360e-03,3.971798476635429731e-02,-6.309112686844545181e-02
3.644681931078067039e-02,4.768237059892204560e-02,7.718037693138007915e-02,4.509940940253064773e-02,5.539748988597393425e-02,2.643364353759002777e-02,3.783302092598940514e-02,2.572906806973701641e-03,1.622196272981630064e-02,-2.605625801389637244e-02,3.507204655874011229e-02,4.431661197691848936e-02,-3.921480044596365594e-02,-5.661862904623318066e-02,-5.320715465283792564e-03,8.769964782342931642e-03,-5.010748299234272368e-02,8.989526056953533323e-03,-2.516704184476936321e-02,4.683395513761952171e-03,-6.197050969094864553e-02,7.369065967957720564e-02,3.996633060007166033e-02,1.776502006078428675e-01,3.014523610925760599e-01,1.877012179461029495e-01,3.647535564312286427e-01,2.672713540877325045e-01,2.161525779251818047e-01,4.497104803640362691e-01,2.954819022421595887e-01,2.728386876426496799e-01,5.614300207936374632e-01,3.651083737892036329e-01,3.500181815398612506e-01,7.351351397635436102e-01,4.705780771496531067e-01,5.015253630814484609e-01,1.000000000000000000e+00,5.397621619523255143e-01,4.507011762066532312e-01,7.462423716282948760e-01,3.952684215003592350e-01,3.789406696971917565e-01,5.285365989893704430e-01,3.376512946067731225e-01,2.814262580395512359e-01,4.197892734465353271e-01,2.603420457683475742e-01,3.239928601631449356e-01,3.221317812567685013e-01,1.588711309527471582e-01,2.632510370815598355e-01,2.748147639558351507e-01,5.576298120649667706e-02,1.153761672053048026e-01,2.626103420444393308e-02,8.382758592859608504e-02,1.087090020837499227e-01,-4.295707236423008946e-02,-5.954150005931135858e-02,-5.189307062106059132e-02,-5.439023178339042613e-03,-3.777183146678441458e-03,7.630514436436257319e-02,8.831345113698614580e-02,7.677326564007537490e-02,-1.360520626926804526e-02,5.928969928512044935e-02,3.477325387413143093e-02,4.148192237727139908e-02,1.114236397282635307e-02,4.128578504319870696e-02,3.888196716398844427e-02,1.270527247267436849e-02,-7.527415559700744059e-03,1.969450359187295205e-02,4.288908699132285181e-03,-3.693130736223396854e-02,4.388962405853256976e-02,1.119052818976574576e-01,7.506962206482702300e-03,2.143211238662844770e-02,-1.471943975663509915e-02,7.656656968573952171e-02,-2.058592830701113860e-02,1.931610449616867273e-02,2.054505637669897661e-02,-7.081161305782342208e-02,-3.836693135700617457e-02,-5.277853604215563404e-02,-7.103311982883764308e-02,2.656938354329103566e-02,-8.686647082782114615e-02,1.621918997310731539e-02,-2.672702745562431301e-02,4.405569600156072213e-02,7.959887503739018766e-02,4.227174596713695158e-03,-6.234832938650488460e-02
1.118455358162389994e-02,4.253400713542362238e-02,5.124595079742113451e-02,2.346849934045580621e-02,4.928776853862641000e-02,2.548460662422615680e-02,3.947376845533519946e-02,9.186179027705890579e-03,-1.416914654170088345e-03,-3.395121105415942111e-03,2.949562997542556561e-03,1.647275625954677802e-02,1.480343332886329896e-02,-4.815154167853702427e-02,7.920778677566359116e-02,4.380057815827614193e-02,-2.620379359044775272e-02,9.898155975291664244e-02,5.736235889740060739e-02,4.090768043086412398e-02,-1.190153895518563341e-02,3.952162842787950575e-02,6.589489343319174242e-02,1.628773344237016973e-01,2.331702236259019512e-01,1.848543596677299505e-01,2.230212511027607480e-01,3.026559531469337205e-01,2.174012687659388765e-01,2.774672648792721463e-01,3.894464264731220537e-01,2.651381999873535511e-01,3.422030093315650556e-01,5.066804329797964801e-01,3.373766085860789299e-01,4.393769327024416027e-01,7.493369656028098236e-01,4.487018800713327704e-01,5.397621619523255143e-01,1.000000000000000000e+00,4.994715707179619990e-01,4.697067177807959237e-01,6.585696283595627865e-01,4.126182633346843764e-01,3.667441753402196358e-01,4.511829175591958729e-01,2.306016394173008022e-01,2.998420772963575343e-01,3.326458348441211355e-01,2.564422292871585962e-01,2.592430746949527243e-01,2.180789830380271688e-01,2.159941339420244910e-01,2.494395824349019408e-01,1.461836437419321566e-01,1.551304853944719953e-01,7.697871870081457457e-02,1.550761620799991636e-01,1.475760767225321179e-01,-3.703922555588981536e-02,-1.300047679007397539e-01,-4.087371226653507827e-02,-6.878792981384154737e-02,-3.499690485224508235e-02,8.709661705502542289e-03,1.001609226306261202e-01,3.761754392510331668e-02,5.039262702115390041e-02,7.399608770289668735e-02,-1.295544891161529155e-02,-5.363533882704266814e-02,-3.764988358215860548e-03,-2.286002944706747031e-02,-1.847207769094065186e-02,-4.499990800410162001e-02,-1.864847925676523660e-02,-5.780646054326998851e-02,-1.745376331595174801e-02,-2.200813696441609665e-02,-3.957479635296382026e-02,6.532380409693284984e-02,1.129139898381554229e-02,3.170810678839185159e-02,-4.240493964659225457e-02,4.987218896997349521e-02,4.821515904274512043e-02,2.708968315757268822e-03,-1.604030914975407632e-02,2.280891453950417355e-02,3.773506965019690629e-02,5.314930479115099853e-03,-3.569856104440379679e-02,-1.946716007796271339e-02,-4.596415834776635539e-02,-2.140526166194922295e-02,3.984297825556534084e-02,5.028710511118685694e-02,1.698281090295887877e-02,3.790752684785268084e-02,-7.738362572054147126e-02
-6.849914725685353305e-04,-2.915014396121442045e-02,8.002538450078255927e-03,2.458986519952412100e-03,-2.841011523156425356e-02,-1.984426979451265477e-02,-2.878809427444690636e-02,-6.444664819732137673e-02,-1.074520915936445949e-02,-7.304699347045825672e-03,7.725424470441262167e-03,-6.510387517216774042e-03,-3.828897392380153485e-03,-2.051309648025373411e-02,5.101851732007287726e-02,3.215892568157897868e-02,-9.682960618863971358e-03,7.731579536815415266e-02,-3.475090135828963478e-02,3.612953380715384910e-02,-6.729892694942017639e-02,1.360013404955852725e-02,8.401865313830435278e-02,1.982524187894348366e-01,1.938282596020137749e-01,2.050225941700151433e-01,2.332623958522608287e-01,2.081076071961406038e-01,2.895716869326806497e-01,2.710402855337338268e-01,2.305652567250343621e-01,3.609866221953146326e-01,3.130932005471547264e-01,2.886986934699531382e-01,4.757756665524446316e-01,3.753929781563010160e-01,4.008270852851861799e-01,6.977024943450236272e-01,4.507011762066532312e-01,4.994715707179619990e-01,1.000000000000000000e+00,5.236679113673706754e-01,4.152561543971058922e-01,6.968886886492793309e-01,3.829515873792549430e-01,3.913689846470314593e-01,4.174753393716043592e-01,3.075019676814844671e-01,3.154578009278911632e-01,3.663257272268489184e-01,2.095035186670736460e-01,1.826632857280229838e-01,2.771134994728503553e-01,2.102620538371178238e-01,1.625603800523908460e-01,9.567423457817562926e-02,4.721372515521349983e-02,1.382527925149963643e-01,1.097256842954036082e-01,-5.563676981010718531e-02,-1.231294185077316250e-01,-3.349534395399556691e-02,-1.206007832713386178e-02,-5.362373746415647485e-02,9.778844882729224863e-02,1.092833529586923202e-01,3.114239397089764785e-02,2.165659911961282866e-03,6.035240595468197716e-02,-1.699282440236201189e-02,-3.770989854179902095e-02,-3.741862317847682862e-02,1.167513521500293354e-02,-3.226159507166331125e-02,-3.165804769996752310e-02,-1.121453672497892996e-02,-4.259920579145352881e-02,-2.123273372179576221e-02,-3.552053507270727054e-03,-1.385172232109554112e-02,6.701544880634356660e-02,4.939440364327453425e-02,1.576081674414006963e-04,-3.977671112188584275e-03,3.562895629826088456e-02,1.406340443641894249e-02,-1.190336375449917855e-02,-4.265899096754918046e-02,-2.955618877758398218e-03,1.418363515235437737e-02,-2.840052626740470140e-02,-5.467187260131950444e-02,-4.159714905767056270e-02,-6.753361025070442336e-02,1.192016465797260567e-02,4.181568901772861335e-02,5.090069089318797341e-02,4.813396934450128034e-02,6.529690904619135650e-02,-4.741727546304474322e-02
3.852692832097107806e-02,5.845900778928794089e-02,8.604093377744542748e-02,4.963978749633058546e-02,6.334303936222888953e-02,4.612558477350209296e-02,4.222471137553406029e-02,1.984798213376475634e-02,2.663846372820592723e-02,-1.613021324562913250e-02,3.835586688673012917e-02,4.999303018051937803e-02,-2.726270213122405570e-02,-3.194218107099435627e-02,2.157941879985220482e-02,2.605003709397302192e-02,-2.068034130476697000e-02,2.843152948158922041e-02,-6.362481574032700406e-03,1.252005955436812264e-02,-3.546694328509750888e-02,7.679968391967889607e-02,3.020263466922419940e-02,1.337704620906301767e-01,2.446519797751331993e-01,1.332928967599925629e-01,2.834637450443917572e-01,1.999391682489389255e-01,1.554118682478909108e-01,3.395130719555599086e-01,2.319519346617266164e-01,1.999341697655580841e-01,4.267429291101585975e-01,2.930941348521306500e-01,2.728530351707488810e-01,5.574581020305383605e-01,3.911487061480507510e-01,4.184404023620600377e-01,7.462423716282948760e-01,4.697067177807959237e-01,5.236679113673706754e-01,1.000000000000000000e+00,5.069068930318829658e-01,4.693639408161450199e-01,6.942938112494121405e-01,4.246898479591063036e-01,3.494821590672994582e-01,5.257116140941685556e-01,3.213578504971743577e-01,3.853090430913009290e-01,3.869035124817145621e-01,1.966266662752701455e-01,3.112349300596444213e-01,3.200734155850060159e-01,5.860164949860605793e-02,1.306687779963730534e-01,1.669612405646305267e-02,1.099911536169655146e-01,1.004218445664653570e-01,-5.910751856428674011e-02,-7.141124343002672181e-02,-5.111530241686693815e-02,4.310608269143452811e-03,-7.566226997763267088e-04,8.195910446638919600e-02,1.022364000202189288e-01,7.272284572178207285e-02,-1.878154299358321053e-02,6.150710721737633752e-02,3.182806411283332915e-02,4.489655588401739866e-02,2.003559261709650027e-02,2.949252837018654164e-02,5.699382575664330847e-02,2.824519806974861574e-02,-9.783128820976007972e-03,1.286550640353645129e-02,1.789162056946384805e-02,-3.727205903656560099e-02,3.772376603920388205e-02,1.177136660490216424e-01,7.111926296548944440e-03,-1.133701015137152969e-02,-1.623579053276502648e-02,7.929880147072716767e-02,-1.448741602135081470e-02,1.910823000180133027e-02,9.693812842427301096e-03,-6.286003785498843477e-02,-5.002068831784263481e-02,-3.152458259998646567e-02,-9.760848448889118678e-02,2.178361034519524925e-02,-1.316908312987657981e-01,-1.329551293922309231e-02,-4.008898105764917286e-02,8.012333556874423612e-02,9.192465008630554268e-02,-1.726049063448539074e-03,-5.927522971429807774e-02
9.794383543156775021e-03,2.098976904202886490e-02,4.602169057290392967e-02,2.197290155611924048e-02,1.246661985197927008e-02,6.409340924281015789e-03,2.538514557252427237e-02,-1.076715290467433923e-02,-6.329449811241808117e-03,-3.945079582603712124e-06,-2.272001792132546938e-02,1.601877907846007169e-03,6.501582354562081625e-03,-2.818140766014620019e-02,6.129063127183689147e-02,2.628934446976777251e-02,3.951434101327315631e-05,7.335526898875263657e-02,3.180384867603722882e-02,4.564959144627875332e-02,-1.275866476933567098e-02,7.675773405992181164e-02,6.659697903176424461e-02,1.398974328292355573e-01,2.049619819647451879e-01,1.470624275228146760e-01,1.930142930877356278e-01,1.944344506785012916e-01,1.439852004058205792e-01,2.061924007083467403e-01,2.350528697856248961e-01,1.790469324068374168e-01,2.559641199346158746e-01,3.169211208101196942e-01,2.280869506336106745e-01,3.229001931356743627e-01,4.952071599116739664e-01,3.119391666903548188e-01,3.952684215003592350e-01,6.585696283595627865e-01,4.152561543971058922e-01,5.069068930318829658e-01,1.000000000000000000e+00,5.246431117719054793e-01,4.270086419043591652e-01,6.719334272923427331e-01,2.525540778007211440e-01,3.062534724353411786e-01,4.771428022266641644e-01,2.739248787812471608e-01,3.063827801268894646e-01,3.517183500243195593e-01,2.562809227947971391e-01,3.113241616460870609e-01,2.218341586932392751e-01,1.856047280250235632e-01,1.111603666766745602e-01,1.906249059692946834e-01,1.470212534056076492e-01,-1.768146944528208725e-02,-1.168443495364834828e-01,-2.949708648057856528e-02,-5.167131373803305477e-02,-4.419829538453707435e-02,1.308331127347269612e-02,1.262677858221725180e-01,5.533216571965717673e-02,9.913827079785836327e-02,8.713566470164338384e-02,-4.752890905224283619e-03,-5.891366882247224546e-02,-5.445369436928625476e-03,-8.339202798215523613e-03,-2.042263122068320794e-02,-2.450759612541828295e-02,-2.014728835566192977e-02,-5.159103107192766768e-02,-1.612423320687775144e-03,1.473672322367187981e-02,-4.392213085666546446e-02,6.844404366744996637e-02,-1.454814052846570803e-02,2.198562364589326176e-02,-2.105083900052185861e-02,5.787822075629008023e-02,3.879175677828401725e-02,5.711369240772343030e-03,1.635099109394927462e-03,1.760310340125868095e-02,8.343603024740114255e-03,1.373899373135385044e-02,-5.975339978159220633e-02,-3.933292039737771445e-02,-5.591056795134180524e-02,-1.870810498847388231e-02,5.254939272605051864e-02,6.500209793196809471e-02,2.097636614281460365e-02,4.196269578980402204e-02,-7.442586521005788158e-02
-1.034730930954897744e-02,-6.407604799020027997e-03,3.074485437678203467e-02,3.852096245789566817e-03,-5.812655515102693911e-03,2.240262105240440477e-02,-8.811067046218925072e-03,-4.361415476249565215e-02,1.221043389601688019e-02,-5.485861044148398341e-03,2.263305031606979711e-02,1.530658556669306156e-02,-1.802809418098557173e-02,-2.885570697680216179e-02,1.828178071918154166e-02,1.962327751257319022e-02,-3.819468173864619658e-03,4.108910565147162047e-02,-4.390994240371173113e-02,4.207490124687349176e-02,-5.024382451844129627e-02,6.946580855475234517e-02,7.096581285736085210e-02,1.669068997274594790e-01,2.049130661801825681e-01,1.679719600639580368e-01,2.296224328123132041e-01,1.675603743045392391e-01,2.095618368123679798e-01,2.294388922367690264e-01,1.781136765799844757e-01,2.542622884189352783e-01,2.699369818222209227e-01,2.331859574602659357e-01,3.280521831260622134e-01,3.092583486670837378e-01,3.322536545203219061e-01,4.929958173024380219e-01,3.789406696971917565e-01,4.126182633346843764e-01,6.968886886492793309e-01,4.693639408161450199e-01,5.246431117719054793e-01,1.000000000000000000e+00,4.685482943968125591e-01,5.252495800011137694e-01,6.078370784258568804e-01,3.609425350263119059e-01,4.219108842797135717e-01,4.781439295318380411e-01,2.054335834580907627e-01,2.407470903641169835e-01,3.682258266684317327e-01,2.096671458694130130e-01,2.179492985905739089e-01,1.306557089841812180e-01,1.044661214220837103e-01,2.131676055585041418e-01,1.245983134462110981e-01,-5.297122786010705769e-03,-1.338965415078076093e-01,3.257979578704912199e-02,-5.780164203476483888e-03,-8.735634716284534917e-02,1.117003078100502755e-01,1.302503965082207893e-01,-4.257123103726028444e-03,1.330546676283468621e-02,8.132601055708350846e-02,-6.065573426719545608e-02,-4.583676728504867959e-02,-6.226351097090773723e-02,-2.544412714269876988e-02,-2.163695376397004738e-02,-1.981277954149528175e-02,-2.817305031176524019e-02,-5.010462132859756779e-02,7.462923095469213911e-03,1.550634556467552112e-02,-4.539781035850629001e-04,8.094591060941709604e-02,5.072252691557520288e-02,3.350088608064145240e-02,3.407610688135324223e-02,5.060457109067942327e-02,2.730196542727601414e-02,1.660092417288488303e-02,-3.472631110989848890e-02,1.006410543999840257e-02,-5.391755738202960377e-03,-6.070696775359214759e-03,-9.784216978647040930e-02,-5.528195086637945066e-02,-8.363132720166420453e-02,2.779921954764521738e-02,6.381542886937102699e-02,9.598464423580180260e-02,7.647914452882317859e-02,1.025820164213404329e-01,-4.002296831247319220e-02
3.745457587689694084e-02,5.075853876100471646e-02,8.463652221867633274e-02,4.981280480010985556e-02,4.977572454240960370e-02,4.637438311372343164e-02,2.070901607248050447e-02,2.762659543825533859e-02,3.247230335494575085e-03,-2.675037645207603912e-02,8.364621423641051962e-03,3.723876440552275485e-02,-3.973247157540558960e-02,-3.423524280178625451e-02,-1.008880617715997123e-02,1.879283668786962957e-02,-3.419998439498309062e-02,-1.022637543235948264e-02,-6.130691307279065999e-02,-4.796205543359421258e-02,-1.019971042543451334e-01,2.451394318855631277e-02,-1.960301344979818727e-02,1.029527204378217625e-01,1.948019521369988849e-01,9.323993215591754036e-02,2.061364086430762521e-01,1.613976986677309045e-01,1.153881547492988657e-01,2.472437218978649209e-01,1.846362937826097339e-01,1.448627796562410308e-01,3.110543894718991176e-01,2.343094270663877432e-01,2.014935473304508562e-01,3.977470752718165192e-01,3.166426205082591983e-01,3.201511216737603638e-01,5.285365989893704430e-01,3.667441753402196358e-01,3.829515873792549430e-01,6.942938112494121405e-01,4.270086419043591652e-01,4.685482943968125591e-01,1.000000000000000000e+00,5.685850684149484913e-01,5.096131304973907650e-01,7.537629189499762683e-01,4.447039123972409969e-01,5.536240479125628111e-01,5.137570571095601002e-01,2.884416134121987607e-01,4.465716242819137149e-01,4.208210627119698399e-01,1.270394122150360905e-01,1.565847985247182661e-01,6.492485418423878107e-03,1.778275418935536256e-01,1.124081937954503202e-01,-1.325396447843894820e-01,-1.584227434448652883e-01,-7.355151827062081371e-02,-2.754966359572250632e-03,-4.700047070351667106e-02,1.086066525000591032e-01,1.699713885545182657e-01,6.451973416663187022e-02,-1.252140809802766534e-02,1.196112396582309501e-01,-1.152471202905365651e-02,-1.444457509807018335e-02,-4.507672136397329089e-03,2.232019609924649345e-02,1.374246211015398358e-02,1.086376379410799835e-02,-5.244400275850436693e-02,-2.645145045508708395e-02,8.633679850581095147e-03,-3.958476244162602992e-02,5.893744275738306559e-02,1.207397806789330119e-01,2.647498313576245391e-02,3.611572549220227329e-02,5.297701789247863391e-02,1.212109952770420995e-01,4.897423025970028959e-02,8.459813154818671133e-02,3.883845401770882194e-02,-3.275905659734117993e-03,-6.238530659688815844e-02,-2.840226246490808182e-02,-1.228364855105062159e-01,-1.104330491163899378e-02,-1.457579728279188025e-01,-4.010873852577676035e-02,-2.374285855538927140e-02,1.160953736097373040e-01,8.209749574545134598e-02,7.897806344441935314e-03,-8.264327238248486696e-02
3.515057706832254436e-02,3.744588518551299205e-02,6.068887007731438299e-02,5.068714168241788415e-02,1.825151331427904075e-02,7.267704370078606479e-03,9.655227911041272537e-03,-1.064151907315557220e-02,-9.645218865284906767e-03,-2.315912566006692735e-02,-2.361021471395349791e-02,4.497051755917749576e-03,-2.883490907143278215e-02,-3.189696569120053365e-02,2.649068197848964204e-02,2.087416730373085286e-03,-4.059892505590671601e-03,3.855225622720172274e-02,-1.079204297762342141e-02,2.055964853801264466e-02,-5.292022595504209531e-02,6.823904003397039675e-02,4.908418542333427281e-02,1.339487507565415014e-01,2.007449710933870701e-01,1.275606690931228027e-01,1.894159602090037253e-01,1.537653884015997008e-01,1.205979691107438717e-01,1.858041731909794436e-01,1.698333718391169256e-01,1.557631837677083408e-01,2.301569535835715774e-01,2.261828202862330994e-01,2.169128964516479074e-01,2.890771223965974968e-01,3.471765065786936444e-01,2.884583313841583840e-01,3.376512946067731225e-01,4.511829175591958729e-01,3.913689846470314593e-01,4.246898479591063036e-01,6.719334272923427331e-01,5.252495800011137694e-01,5.685850684149484913e-01,1.000000000000000000e+00,4.972788145316529018e-01,4.216957026283885690e-01,7.337780444713954964e-01,4.575015867972281325e-01,3.847600390824618688e-01,5.303600765492817448e-01,4.052647658370424621e-01,4.201735304912687097e-01,3.762033954383182111e-01,2.436611834740535776e-01,1.721140678693995618e-01,3.241653507312861615e-01,1.847357083454192195e-01,-4.023611997838021093e-02,-2.155102583147018025e-01,-3.691819761834239794e-02,-9.514888588876777020e-02,-1.222979741488209177e-01,2.391535724867385054e-02,2.113217773510946140e-01,7.076101963156876395e-02,1.419229694124199692e-01,1.645275013748248305e-01,-1.612342539600139860e-02,-1.006124492197256054e-01,-3.629118302633934593e-03,2.263415440211764829e-02,-7.195654489585073810e-02,-8.060156084164386836e-02,-8.148926625874061691e-02,-7.370728812706849042e-02,-4.299057410007563890e-02,-2.471821261979867054e-02,-3.812079592298574238e-02,7.253967539126900121e-02,9.830476683902703017e-03,7.933871054078833751e-02,6.716763396877339920e-02,1.109714046049570108e-01,8.943988429693219833e-02,5.507722826663744714e-02,3.553705949338338554e-02,6.133643880100666385e-02,-2.830151628602418576e-02,1.084553427262407305e-02,-1.088937924138920488e-01,-1.041853147964017651e-01,-7.666468567230357023e-02,-3.345045670323166381e-02,8.902183390570182764e-02,1.234280056407886933e-01,2.171251213377532394e-02,4.349223187538604068e-02,-1.075043723305694754e-01
2.785432881329705235e-02,4.631724165982534225e-02,4.830690763732366222e-02,4.523298489465774064e-02,3.866913866114003034e-02,6.763619020111559521e-02,1.816058803696939811e-02,4.061600604798121586e-03,4.279292571986876431e-02,-1.178506520345735248e-02,4.843306485787340215e-02,7.513097959375687751e-02,-4.491435597237495442e-02,-2.522644373493849665e-02,-2.064849536022922080e-02,2.517150142228517101e-02,3.999820746903056507e-04,-1.771309541551129366e-02,-7.408029687110104233e-02,-2.229389142561210083e-02,-7.427875129854025205e-02,4.306151996733077747e-02,4.944661498807494593e-04,9.697641503601706070e-02,1.693695193776277030e-01,8.700190621044305572e-02,1.819633965980206047e-01,1.301090806398525479e-01,1.064465168562889336e-01,1.633714012013815775e-01,1.183209389398412192e-01,1.299140812052816396e-01,1.944397395621313418e-01,1.423067383192165858e-01,1.761668617428485961e-01,2.285064414064893190e-01,1.990338399042889950e-01,2.913863448872519024e-01,2.814262580395512359e-01,2.306016394173008022e-01,4.174753393716043592e-01,3.494821590672994582e-01,2.525540778007211440e-01,6.078370784258568804e-01,5.096131304973907650e-01,4.972788145316529018e-01,1.000000000000000000e+00,5.240163228276374374e-01,5.005984968219564513e-01,7.487152455266576911e-01,1.921371066463815336e-01,2.600791770556454829e-01,5.321179816125494177e-01,2.154183810133707411e-01,3.212308812401948876e-01,1.383011528522775646e-01,8.871259576499784805e-02,2.973699635720812862e-01,9.750173606662361492e-02,-6.550214714461552457e-02,-2.346936807372236866e-01,3.203527153173948983e-02,-4.954356402946918057e-03,-1.797975565528565633e-01,1.442128964036333283e-01,1.409050778690776329e-01,-8.300928381331890149e-02,-5.628406081857208199e-02,9.664621547802056123e-02,-1.280763033273584484e-01,-8.236966594646974449e-02,-1.133598729117932108e-01,-4.818051891051051278e-02,-4.505438196916258103e-02,-1.474039417157458134e-02,-3.881983033414772299e-02,-6.783194149068527690e-02,-7.249376302359358121e-03,-2.740792375117594680e-03,6.609466809083262839e-02,1.087251298217492834e-01,1.173949696884502153e-01,8.310975677763711433e-02,9.660520750229756315e-02,6.264748245112687630e-02,5.856766436114550778e-02,7.200035779677772807e-02,-4.176840770987246682e-02,4.303437295758685138e-02,-3.613293776360866627e-02,-5.054304201617867282e-02,-1.133932077342887229e-01,-8.393489734880141273e-02,-8.511207439211790349e-02,5.009343671177368673e-02,7.207184650236779511e-02,1.162007394377837927e-01,1.085610285757282328e-01,1.110169222010119611e-01,-1.516223675618456543e-02
4.626230128919671392e-02,6.696437925072799835e-02,1.092902816427120116e-01,6.865133369612826109e-02,6.451832532078026483e-02,4.208071971194821820e-02,9.353491126640158665e-03,5.687244937488247082e-02,-4.119124606514392578e-03,-3.441489028300002279e-02,2.273744729989211899e-02,3.369689993171150894e-02,-4.114362133286510181e-02,-4.475862991196642021e-02,-9.548052244910497713e-03,2.062167131305173151e-02,-5.925932441984723548e-02,-1.735316942034212558e-03,-5.785364028932465236e-02,-5.287481283485558764e-02,-9.657761333621532607e-02,5.509804858143823886e-04,-3.050379557796540492e-02,8.425742331101926386e-02,1.432452914249218445e-01,5.275031601456971198e-02,1.625869903489229606e-01,1.100544245677642363e-01,7.566107401034664892e-02,1.886551488121391840e-01,1.252733575105866859e-01,1.069074514292544520e-01,2.484729080708794613e-01,1.755054553172679110e-01,1.625202633520333173e-01,3.178679048457334622e-01,2.518618682990683699e-01,2.577270996808217474e-01,4.197892734465353271e-01,2.998420772963575343e-01,3.075019676814844671e-01,5.257116140941685556e-01,3.062534724353411786e-01,3.609425350263119059e-01,7.537629189499762683e-01,4.216957026283885690e-01,5.240163228276374374e-01,1.000000000000000000e+00,4.955610378441411279e-01,6.659434894467377575e-01,6.962014130847596904e-01,3.296122315824003834e-01,5.353610773244781296e-01,5.412992170031765138e-01,1.023590196074496556e-01,1.895752652389333381e-01,-1.171574803654350412e-02,1.962652018846278990e-01,1.370660873759182441e-01,-1.763753288565949040e-01,-1.788284139912993398e-01,-1.309601748371770069e-01,2.538908866842752576e-02,-6.453995705064895054e-03,1.422038653168292699e-01,2.307778691421019379e-01,1.229489161321180857e-01,3.453928976506491760e-03,1.505443999058934113e-01,3.611881786276011780e-02,-1.190204469993394291e-02,1.414412410049124304e-02,6.628643733651848335e-02,3.199705903291625696e-03,2.995868712668880128e-03,-7.331984880188234521e-02,-1.014193691927919340e-02,1.135186143228737038e-02,-5.016641252925445327e-02,7.457564491120539929e-02,1.361343394025653353e-01,2.567723977726831322e-02,5.922391293322108730e-02,1.068531367126415166e-01,1.589513282605763689e-01,6.582633846986804538e-02,1.133309038575966571e-01,8.923398720936613626e-02,3.639525626284242140e-03,-8.053330926066645801e-02,-2.423719002284556098e-02,-1.345591635423733778e-01,4.385173863276728770e-03,-1.854281314714681661e-01,-7.869065030023414398e-02,-9.096223229238986629e-02,1.277456296155419224e-01,9.717330899148425571e-02,-3.159302557582359394e-02,-1.102145597722127418e-01
1.560224247861361803e-02,1.719745644120937098e-02,5.809272953237536868e-02,3.652668870011065855e-02,-3.376934370630174827e-03,-1.713180899922122497e-02,-7.374716698366615315e-03,-2.361107227305598785e-02,-1.406734763221271015e-02,-3.985674441376399479e-02,-3.744863291468487204e-02,-1.619371657109291984e-02,-4.352061718147175184e-02,-1.689985178854990291e-02,9.424212632293798436e-03,-2.052638800778453995e-02,-1.031279853099247544e-02,1.727385544387879945e-02,-2.200013644003037325e-02,-7.375763361699258676e-04,-5.903256679092452885e-02,5.049624483267144831e-02,2.769530663820003041e-02,1.144119052441583129e-01,1.654491422406106083e-01,1.020729982360347732e-01,1.491319309914887481e-01,1.277950903795045112e-01,9.145661547631138422e-02,1.302704286717921989e-01,1.183600240263562170e-01,1.113977624463201588e-01,1.667653599955658261e-01,1.548760473227242529e-01,1.672676246057881733e-01,2.175383213889417744e-01,2.476517069131978221e-01,2.201804158963142355e-01,2.603420457683475742e-01,3.326458348441211355e-01,3.154578009278911632e-01,3.213578504971743577e-01,4.771428022266641644e-01,4.219108842797135717e-01,4.447039123972409969e-01,7.337780444713954964e-01,5.005984968219564513e-01,4.955610378441411279e-01,1.000000000000000000e+00,5.972201096160422162e-01,5.034965427468602872e-01,7.342247372235424230e-01,5.210212058937353508e-01,5.534863859782492845e-01,5.043391024520698096e-01,3.122657280488485010e-01,2.377769601657992449e-01,4.282669540443047596e-01,2.363003520516849532e-01,-4.835386643672630325e-02,-2.695222916409599767e-01,-6.699039033299825086e-02,-1.079033108058669588e-01,-1.401243444496722557e-01,2.959569325766119724e-02,2.880828970815118573e-01,1.046381058623610943e-01,2.041157244142322025e-01,2.372334571245013068e-01,-5.541321531118413232e-03,-1.603160819031360651e-01,-3.245486645344211780e-03,4.626828566157773631e-02,-1.501392973027750044e-01,-1.600218892758155376e-01,-1.082948039472960283e-01,-1.052692850252227030e-01,-9.285525785904366614e-02,-5.318944222561344803e-02,-4.493555109208034054e-02,6.245383611506020310e-02,1.434959122828300890e-02,1.178393198569492595e-01,1.246638977102464962e-01,1.673090161250251895e-01,1.451373056410653339e-01,6.748125333007652660e-02,6.545023665021353076e-02,1.096227094354455533e-01,-4.867961898546185884e-03,4.089620377969636206e-02,-1.049433566918999694e-01,-1.370413714307540665e-01,-8.426872026081723421e-02,-7.080120432762569693e-02,8.754313054532798788e-02,1.454180550327685562e-01,-7.282971378518690413e-03,2.761392581574883057e-02,-1.404169467739541932e-01
3.867943313361310587e-02,6.315715280766705242e-02,9.999960939153161588e-02,5.933027868803907035e-02,5.748064156725266743e-02,4.340870924784296508e-02,-6.345295166870303961e-04,3.506841921032079201e-02,7.889772517099609851e-04,-2.073314160106201967e-02,2.162588627352227122e-02,3.436977317323336445e-02,-3.727933295105342187e-02,-3.646963157183719800e-02,-1.563475815379189796e-02,2.450229119691943805e-02,-3.963853496600745069e-02,-1.216007100470365386e-02,-8.163636944704782961e-02,-5.667342809464971654e-02,-1.046658274750316420e-01,1.322180220741055352e-02,-3.061923126905277334e-02,8.816623840895695952e-02,1.497747954417018024e-01,6.020793751929308379e-02,1.625928791435098109e-01,1.153199290046136999e-01,8.954554799229755280e-02,1.609680271889987746e-01,1.074387867954114673e-01,1.139270358692476143e-01,2.069373697583794802e-01,1.475087059538410239e-01,1.727254110926723929e-01,2.535095026961181053e-01,2.161392618198428872e-01,2.768971871326521006e-01,3.239928601631449356e-01,2.564422292871585962e-01,3.663257272268489184e-01,3.853090430913009290e-01,2.739248787812471608e-01,4.781439295318380411e-01,5.536240479125628111e-01,4.575015867972281325e-01,7.487152455266576911e-01,6.659434894467377575e-01,5.972201096160422162e-01,1.000000000000000000e+00,4.984355002202428553e-01,3.634528606190841060e-01,7.312883896315199861e-01,4.333004739733167243e-01,3.356628552700091639e-01,2.101828152660328852e-01,1.011363578867932184e-01,3.564414159588206177e-01,1.528638291944127980e-01,-1.067717186905081661e-01,-2.806952254366518740e-01,-3.550329209520695570e-03,1.483768424184896129e-02,-1.605510697795882735e-01,2.008431616718716894e-01,2.178623939862196490e-01,-2.560451722244209971e-02,-2.527504957822988840e-02,1.524065754401052186e-01,-8.972724802090388529e-02,-1.003004820014430087e-01,-1.038772406996485015e-01,6.707083999940851660e-04,-8.971998057975218155e-02,-2.964996556757443918e-02,-4.841783851638319092e-02,-5.985209126134376917e-02,-1.822594225610644700e-02,-1.181491815289756851e-02,1.011058715269600172e-01,1.524914530611128916e-01,1.400099274635317192e-01,1.026430247630554515e-01,1.535114960769028425e-01,1.201027028406057989e-01,9.109260894278597975e-02,1.212575381462631663e-01,1.351646756855998457e-02,5.467508530666161104e-02,-4.573975716617592613e-02,-5.237631495426702671e-02,-1.137638046690902655e-01,-7.400793094635797764e-02,-1.153944489736541679e-01,2.094902137999137340e-02,3.023111125663451026e-02,1.304984671947092556e-01,1.253807520162238121e-01,9.848015579541004316e-02,-5.097220831539897579e-02
4.295907853837629270e-02,5.847984776574079863e-02,1.079035922573717138e-01,5.415023524321692372e-02,5.430113747207058333e-02,1.613840987693488695e-03,-5.241422472216847577e-04,5.381485380050771150e-02,-3.936104571684542752e-02,-4.501511400637005222e-02,-2.004959331457620286e-02,-2.577245251788724476e-02,-2.749782680332045481e-02,-4.169856287831869013e-02,-2.347972425060736428e-03,-2.478618182456150589e-03,-7.955551036022116829e-02,7.066871242258801304e-03,-5.086136052303632388e-02,-5.726945629903427287e-02,-1.179551279575565270e-01,-2.246057699472056579e-02,-2.423492008922664004e-02,1.043947609296892592e-01,1.261297417638291840e-01,6.888541348979117240e-02,1.238132012999775267e-01,9.159082979630117638e-02,6.956810465773617669e-02,1.546007798752604967e-01,1.058617245647506672e-01,1.023774633317605792e-01,2.046711228265117033e-01,1.505084885013451834e-01,1.440739595933992478e-01,2.537053821021936217e-01,2.057975428328548961e-01,1.831735766868270998e-01,3.221317812567685013e-01,2.592430746949527243e-01,2.095035186670736460e-01,3.869035124817145621e-01,3.063827801268894646e-01,2.054335834580907627e-01,5.137570571095601002e-01,3.847600390824618688e-01,1.921371066463815336e-01,6.962014130847596904e-01,5.034965427468602872e-01,4.984355002202428553e-01,1.000000000000000000e+00,5.028110757670745112e-01,5.155008884992650087e-01,7.666630028103823546e-01,6.978807683988184907e-02,2.187271743294060267e-01,8.683907958105118938e-03,1.722919096359713798e-01,1.640721471980496338e-01,-1.740630381525417880e-01,-1.302489560354246345e-01,-1.893420429702974694e-01,3.534377345481429233e-02,6.464979447019257586e-02,1.428363405497581340e-01,2.888125614927731788e-01,2.450561569964188335e-01,7.886315456290896031e-02,1.991896433928141419e-01,1.465874363744903430e-01,7.810460236794860601e-03,7.426081206938785206e-02,1.550286977663809518e-01,-1.848618278793815947e-02,-9.319657470199501151e-03,-6.588880515947613536e-02,3.222459673164192184e-02,6.853551472779531931e-03,-3.548890024373124036e-02,6.600354264857373476e-02,1.420223412898888316e-01,-3.408405894793890660e-03,7.140757244193067510e-02,1.530964197125619097e-01,2.094392390741452725e-01,8.022531588037101757e-02,1.100207433473697483e-01,1.708686452652002086e-01,6.658648786726844779e-03,-8.743790262051855111e-02,7.127274802262507578e-03,-1.324020133875374317e-01,2.813820372963330568e-02,-2.026650682565152295e-01,-1.230163308345627454e-01,-1.643539074553316548e-01,1.023477268713584715e-01,7.846103255026254386e-02,-8.311712182927571968e-02,-1.520189906188567641e-01
5.578459995330576661e-03,-6.686100726321539747e-03,3.929796558987848354e-02,2.588525400564796811e-02,-1.780874754544749250e-02,-5.642525996266525845e-02,-1.236688478296601307e-02,-2.966743795531154651e-02,-4.183915642698423504e-02,-8.332232382786330938e-02,-4.350975527637666179e-02,-4.039180600364115914e-02,-8.442951583720242903e-02,-5.227859026921864022e-02,-5.650335713665170789e-02,-9.188636815449305328e-02,-6.705894028841978549e-02,-3.723726915078218874e-02,-3.842093494761412986e-02,-3.844915428873804664e-02,-6.794157347371068689e-02,2.506224301120148906e-02,-2.032763369608679010e-02,8.110324709224472906e-02,1.276471827463793729e-01,7.723275893153343230e-02,1.027855564978302494e-01,1.065204159640390641e-01,7.145921043604852585e-02,8.878936198776180011e-02,8.951682459893782473e-02,7.971960513012710248e-02,1.071873978244084202e-01,1.014739981012660330e-01,1.103702768181938909e-01,1.373230113105068095e-01,1.567528059851890643e-01,1.222214873950475122e-01,1.588711309527471582e-01,2.180789830380271688e-01,1.826632857280229838e-01,1.966266662752701455e-01,3.517183500243195593e-01,2.407470903641169835e-01,2.884416134121987607e-01,5.303600765492817448e-01,2.600791770556454829e-01,3.296122315824003834e-01,7.342247372235424230e-01,3.634528606190841060e-01,5.028110757670745112e-01,1.000000000000000000e+00,5.077852476174434804e-01,6.400389379618475205e-01,6.572144849861397686e-01,4.031248693955924445e-01,3.278392499321726716e-01,4.993340220188132728e-01,3.112647968559507650e-01,-2.595461965674079191e-03,-2.769056166430267640e-01,-8.433884293617829875e-02,-1.662605359885136191e-01,-9.724319752212011447e-02,-3.401260598861844536e-02,3.555134616327140229e-01,1.745074270018391882e-01,3.245172473377379019e-01,3.075320696572479418e-01,3.203206584643148586e-02,-2.160548405017269913e-01,5.745901004740359237e-04,7.763395646986713527e-02,-2.244667220638639771e-01,-2.282517149214274843e-01,-1.536872943479121179e-01,-1.651194447704111279e-01,-1.679073561304069151e-01,-9.434995452319427933e-02,-6.390052411792059017e-02,7.258560103667216143e-03,-4.718521307249030211e-02,1.518070092980515762e-01,1.575708278659263550e-01,2.073180892516085505e-01,2.000133921718987295e-01,6.808819940114943514e-02,9.835863318012630363e-02,1.676827003920958736e-01,4.676157034422639969e-02,1.168686922271876261e-01,-7.093364481689935774e-02,-1.511536350643406801e-01,-5.977176090096473354e-02,-1.275082008201396389e-01,1.241691546540812929e-01,1.490090014638534854e-01,-8.098461912010623820e-02,-2.529290984914554091e-02,-2.030653299520007171e-01
3.345624957551141671e-02,4.228234400455145592e-02,9.197091257451472934e-02,6.001370004030953664e-02,4.300824425973306941e-02,-8.211354730855296991e-03,-4.115340262519686862e-03,2.307695392053194655e-02,-2.782526410839168685e-02,-5.747363069360512944e-02,2.375791154101789416e-03,1.162378123056051829e-02,-6.999545763288787803e-02,-6.831941824723411494e-02,-6.869824269578812814e-02,-2.635862955760097381e-02,-8.600666081792539275e-02,-5.374545989632165816e-02,-1.078800463121612208e-01,-1.014317194828236179e-01,-1.354158684104625199e-01,-3.203608225252102537e-02,-7.105856651506402277e-02,7.739365605395756575e-02,1.128304577192660307e-01,4.995831361349465510e-02,1.146566568956642190e-01,8.005402904377950657e-02,7.120354314805053819e-02,1.265684851004358069e-01,7.089740655692897131e-02,9.246051654754477989e-02,1.640003295718068799e-01,1.130835771300584408e-01,1.464192715985394855e-01,2.035300769846991320e-01,1.814918244793237434e-01,2.206171561944722803e-01,2.632510370815598355e-01,2.159941339420244910e-01,2.771134994728503553e-01,3.112349300596444213e-01,2.562809227947971391e-01,3.682258266684317327e-01,4.465716242819137149e-01,4.052647658370424621e-01,5.321179816125494177e-01,5.353610773244781296e-01,5.210212058937353508e-01,7.312883896315199861e-01,5.155008884992650087e-01,5.077852476174434804e-01,1.000000000000000000e+00,5.825995074787863048e-01,4.892928432382003812e-01,3.813504139569892648e-01,1.815126130831432871e-01,5.214670409565296261e-01,2.861841939822263314e-01,-1.437773379661131667e-01,-4.278744549897718907e-01,-4.280971562530769964e-02,-6.942096065901223745e-02,-2.083734257052441696e-01,1.967178782365691103e-01,3.289788308803370809e-01,3.658706377751454100e-03,3.865400367366171597e-02,2.444161575481915150e-01,-9.352109848108941526e-02,-1.865303827518855206e-01,-1.478652325860649597e-01,1.402449274406243097e-02,-2.202958796915459594e-01,-8.855814199815896515e-02,-1.315619405865095515e-01,-1.345223437504145803e-01,-7.208877238654246011e-02,-3.770510112215406939e-02,8.219938806270128684e-02,1.481213791373389987e-01,1.335542830311848839e-01,1.749584496042612403e-01,2.464433376403893927e-01,1.975525962494362742e-01,1.501793529064000265e-01,1.879699727275336296e-01,7.759113198529961342e-02,1.105870917593120561e-01,-4.773754389897440220e-02,-1.820267413222076067e-02,-1.221174003863066126e-01,-1.132760461450880440e-01,-1.106285289810832184e-01,1.801140059289762368e-02,5.024175882916608049e-02,1.604503058434908203e-01,1.216967288061837349e-01,1.608022895273411301e-01,-8.147238394323719213e-02
3.273198045204629009e-02,3.503585814860002423e-02,8.614308362798275831e-02,4.088501048324387488e-02,3.367740728026553942e-02,-2.546548591753783689e-02,7.751836019640020092e-04,2.248464310027753835e-02,-4.476272653415142022e-02,-6.387335355620225863e-02,-1.760802594651120906e-02,-2.662002877228049347e-02,-4.571925619135555618e-02,-5.254419158283567953e-02,-3.690376592713617149e-02,-3.941186803726601240e-02,-8.872717285139904153e-02,-2.809408809338509797e-02,-5.726358958142698657e-02,-6.627306822317528823e-02,-1.337337329706997091e-01,-2.642148672204015433e-02,-3.302702539120601355e-02,1.117154241949556426e-01,1.497596186910464811e-01,1.025442152291454329e-01,1.325641220922790520e-01,1.267787529073716724e-01,1.047426068763218643e-01,1.508086482991082833e-01,1.213669373852679922e-01,1.295736975075024722e-01,1.878360821906178979e-01,1.590219485436489832e-01,1.720064273871916571e-01,2.241535398207265550e-01,2.012744923659641749e-01,1.884407462091189922e-01,2.748147639558351507e-01,2.494395824349019408e-01,2.102620538371178238e-01,3.200734155850060159e-01,3.113241616460870609e-01,2.096671458694130130e-01,4.208210627119698399e-01,4.201735304912687097e-01,2.154183810133707411e-01,5.412992170031765138e-01,5.534863859782492845e-01,4.333004739733167243e-01,7.666630028103823546e-01,6.400389379618475205e-01,5.825995074787863048e-01,1.000000000000000000e+00,3.277836133097277727e-01,3.509369031520430116e-01,1.409311315700226830e-01,3.572881093278037490e-01,2.401403610935280986e-01,-1.249500202569545776e-01,-1.817458372414809953e-01,-1.983275826365347716e-01,-2.055204201037170997e-02,5.835746685400163697e-02,1.153786050878820163e-01,3.919535255932879991e-01,3.100169533411031852e-01,1.869925959898383339e-01,2.568065329464516156e-01,2.033879519172750450e-01,-3.431267220517665584e-02,1.015252035655983959e-01,2.013598576797366035e-01,-1.022719424299809027e-01,-9.336708018151652910e-02,-1.013871890470757348e-01,-1.252134336198184456e-02,-4.074626355069489725e-02,-5.891493043635348537e-02,3.052339325995051186e-02,1.455801370921959714e-01,-2.854411072256853379e-02,6.098750426217400267e-02,1.747943724792724585e-01,2.351756453854241258e-01,1.174206856322784487e-01,1.164774081362453806e-01,1.759689834004314613e-01,7.382457357302005252e-02,-5.383550436031497854e-02,6.375751579433071303e-02,-1.206071800053794413e-01,-3.752055692271310389e-02,-1.767451153154907251e-01,-1.380724798419379895e-01,-1.439493373784544172e-01,1.213623410871339930e-01,5.931103081253726733e-02,-7.126234303083441024e-02,-2.040006436956403879e-01
-8.033006328840306201e-03,-4.273463956391466978e-02,-1.817316198797092964e-03,2.378914383186897866e-02,-6.556331899591333334e-02,-8.415870827537774712e-02,-4.904293278654735938e-02,-7.343241537515038386e-02,-6.388676638361469318e-02,-8.249214929091683302e-02,-3.636842429722050157e-02,-6.378500386216802431e-02,-9.076910232302666526e-02,-5.931252618872519256e-02,-7.313845519544077967e-02,-9.554576468387034061e-02,-3.720641383791334356e-02,-7.161528337544205425e-02,-7.173402666641839898e-02,-5.056469899920069261e-02,-6.168167845773629004e-02,8.415503785965526562e-03,-2.659211222600208271e-02,6.724047871870196535e-02,1.035439402291278010e-01,7.822652418893853710e-02,7.985704494136652842e-02,9.614085091692867180e-02,8.678859090502127893e-02,6.153107331397249247e-02,6.910435332544412335e-02,8.780884271503074101e-02,6.845940732337157941e-02,7.695090355410168226e-02,1.129934683326664080e-01,7.386897104092433886e-02,1.192895628421737214e-01,1.269671388366387377e-01,5.576298120649667706e-02,1.461836437419321566e-01,1.625603800523908460e-01,5.860164949860605793e-02,2.218341586932392751e-01,2.179492985905739089e-01,1.270394122150360905e-01,3.762033954383182111e-01,3.212308812401948876e-01,1.023590196074496556e-01,5.043391024520698096e-01,3.356628552700091639e-01,6.978807683988184907e-02,6.572144849861397686e-01,4.892928432382003812e-01,3.277836133097277727e-01,1.000000000000000000e+00,4.300266834847719100e-01,4.903803497392349442e-01,6.754474954789776442e-01,3.219434723018353983e-01,1.633869788365269748e-01,-3.652708354747443709e-01,1.393994538604472477e-01,-2.097497125680845009e-01,-2.389353216294045623e-01,-5.063836133094001823e-02,2.428941491559743759e-01,-5.420131067129747848e-02,2.781076136477448335e-01,2.243266206459947343e-01,-1.429259937482849352e-01,-3.274599012772569928e-01,-1.355238293721574838e-01,-7.479997120903529584e-02,-3.072221677563976572e-01,-2.901396530785325667e-01,-1.299656725977347271e-01,-2.532439541276995665e-01,-2.214042902234224786e-01,-6.192128975821303144e-02,-6.986474399402289870e-02,-3.392585725433458488e-02,6.053588465983705813e-02,1.857127620241507127e-01,1.130625270851767505e-01,9.739764915737804396e-02,2.281737061612456319e-01,5.581695133961388222e-02,-2.250976672717569516e-02,2.666893861685319944e-01,1.532688063391090538e-01,1.063218831785783802e-01,2.869494285500135550e-02,-2.130452890384785525e-01,1.171730608260189849e-01,1.647305763023035677e-02,2.837539974016343725e-01,8.172088458285528545e-02,-1.191219024034043672e-01,1.198935510522182030e-01,-8.166028145601977872e-02
6.303678542912213856e-02,7.726364799543841699e-02,1.011776980780988849e-01,8.335842795579216646e-02,9.191053692800231489e-02,7.476454153375560081e-03,5.594780357382893310e-02,4.981401310290971274e-02,1.107025499964307347e-03,-6.764265165758766296e-02,3.587399706593619175e-02,1.373911288729794990e-02,-8.169269741641500826e-02,-1.027107875677781418e-01,-1.171657193747062259e-01,-6.302204346022600989e-02,-8.035324422115780463e-02,-1.000738807436895444e-01,-2.558598677121130469e-02,-4.890769517462116578e-02,-2.176331906082442161e-02,3.861703999906102719e-02,-3.223237753946686657e-02,8.314456918869538027e-02,1.551445865900682730e-01,7.742893809161814633e-02,1.176971261453605561e-01,1.356084090499674877e-01,5.112754570087245376e-02,1.045736931518356089e-01,9.875882781561934332e-02,6.042283224429946531e-02,1.122848973458672323e-01,1.139876728408893425e-01,8.994536193141516867e-02,1.074175459024660217e-01,1.530503370455622292e-01,9.437500764759738925e-02,1.153761672053048026e-01,1.551304853944719953e-01,9.567423457817562926e-02,1.306687779963730534e-01,1.856047280250235632e-01,1.306557089841812180e-01,1.565847985247182661e-01,2.436611834740535776e-01,1.383011528522775646e-01,1.895752652389333381e-01,3.122657280488485010e-01,2.101828152660328852e-01,2.187271743294060267e-01,4.031248693955924445e-01,3.813504139569892648e-01,3.509369031520430116e-01,4.300266834847719100e-01,1.000000000000000000e+00,5.212690127627737091e-01,5.914955409790273455e-01,7.630488144685468876e-01,7.822270349320539773e-02,-4.196028835071901053e-01,-2.197515198241368206e-01,-3.376914722186880047e-01,-2.560930981528818789e-02,-2.698220928885376457e-01,2.118766851568854581e-01,2.387944508700525215e-01,4.418493907759673545e-01,1.864983777661760322e-01,1.338883136402199137e-01,-1.635093396341230354e-01,1.415151192395557034e-01,2.542900737305805667e-02,-1.550317927048550648e-01,-2.727795127867773672e-01,-1.872178716028788104e-01,-1.906424633713015571e-01,-2.322366482347799632e-01,-1.432907635608874908e-01,-2.131252450271562404e-01,-1.594906304755901172e-01,-1.892625078341786393e-01,1.396306790260378738e-01,3.473752426795046616e-02,1.630966113817018392e-01,9.883225965334666019e-02,-6.749718228645422424e-02,5.708831946642699967e-02,1.041654090422666906e-01,1.640852608691535375e-01,1.680933350432541884e-01,9.878279896807788674e-02,-4.516599547440585533e-02,8.194840627128641142e-02,-1.207999660472839770e-01,1.284825765239006601e-01,1.468569982377285026e-02,-1.630477522780595934e-01,-1.395964686556158962e-01,-1.876873198402229659e-01
-5.641175815471802073e-03,-1.905796713799869785e-02,3.885965447549794699e-02,1.008194433102505526e-02,-1.417717953887927262e-02,-9.303650142137441514e-02,-2.072426682451583915e-02,-2.971351808707272529e-02,-7.694747104052071518e-02,-7.109622963139967944e-02,6.852791125820417890e-03,-6.687042781343544018e-02,-6.809573518676517723e-02,-8.208635936048040704e-02,-1.032671905631596942e-01,-9.440870716842668375e-02,-6.175847163623823105e-02,-7.513177527010687917e-02,-2.333445650165130031e-02,-9.580761259665254714e-03,7.638224788443844383e-04,4.686127067618856001e-02,-3.625354245219895074e-03,6.322172230209521793e-02,1.142073353678446229e-01,7.459864362203222354e-02,1.061734175356758431e-01,8.231030760966684401e-02,5.661558833950319780e-02,6.886673152048287949e-02,3.212426981409052806e-02,5.640529187907775827e-02,6.655359979729372211e-02,4.248752973835698971e-02,7.136113451263215168e-02,4.979146005094778338e-02,5.758394747698979826e-02,6.289757806841331234e-02,2.626103420444393308e-02,7.697871870081457457e-02,4.721372515521349983e-02,1.669612405646305267e-02,1.111603666766745602e-01,1.044661214220837103e-01,6.492485418423878107e-03,1.721140678693995618e-01,8.871259576499784805e-02,-1.171574803654350412e-02,2.377769601657992449e-01,1.011363578867932184e-01,8.683907958105118938e-03,3.278392499321726716e-01,1.815126130831432871e-01,1.409311315700226830e-01,4.903803497392349442e-01,5.212690127627737091e-01,1.000000000000000000e+00,5.504797236927837512e-01,5.483038839011951104e-01,6.703558590331749611e-01,4.790433315005793342e-03,3.351649364104589135e-01,-5.048758190517424471e-02,-1.710249569785361745e-02,-9.982422015817468686e-02,2.533011045930165170e-02,-3.151046442222730365e-02,3.308621403823728269e-01,3.476547884913078201e-02,-3.949062328372712066e-02,-2.236474159691836383e-01,6.623067754991772069e-03,-1.343356213804317578e-01,-1.599302634192112660e-01,-2.539176914137829533e-01,3.062446912491765746e-02,-1.394685977963112944e-01,-2.280750535264318979e-01,5.760560665594630092e-02,-1.048919254856539585e-01,-8.147419426891676364e-02,6.599243331643686594e-02,1.777961160308902389e-01,3.780353317415169334e-02,3.642465283023787331e-02,1.452687636516832026e-01,-5.328075570556096291e-02,-3.251130197502662827e-02,2.078824143804704483e-01,2.152546085140130683e-01,1.213521513743222452e-01,1.400575150981973049e-01,-1.329829320684581540e-01,2.405824814548127022e-01,3.529612904299312542e-02,2.998080344298763578e-01,-4.947856939140542198e-02,-2.067492241197003700e-01,2.122364334222591811e-02,-5.333254004716460328e-02
3.708062690834008912e-02,3.113513053401654671e-02,8.503676941209013795e-02,6.028534757198893146e-02,3.680656094178382659e-02,-2.675176879738860522e-02,2.312071100975153851e-02,2.669898725093837466e-02,-3.523045825991062002e-02,-5.950326025022693172e-02,1.485917356262019505e-02,-1.423902580550762131e-02,-6.936607855938969891e-02,-7.498647501989527675e-02,-8.113011306707405834e-02,-6.088518426260261518e-02,-6.370306013255179478e-02,-6.571300664831070115e-02,-3.083675644596902896e-02,-4.698928424678238541e-02,-5.075787922626200099e-02,1.127894960931604372e-02,-5.136256550116944514e-02,6.592124319002025390e-02,9.471078889367699760e-02,6.202386291977641380e-02,6.200790766792147607e-02,1.089742353150561921e-01,5.690719563416827415e-02,4.742862087414839722e-02,8.062258898694672771e-02,6.132152802975107675e-02,6.111153272153397459e-02,9.214305996722445269e-02,9.674040565781087675e-02,6.615001870370726400e-02,1.406941294636895046e-01,1.154478453913340141e-01,8.382758592859608504e-02,1.550761620799991636e-01,1.382527925149963643e-01,1.099911536169655146e-01,1.906249059692946834e-01,2.131676055585041418e-01,1.778275418935536256e-01,3.241653507312861615e-01,2.973699635720812862e-01,1.962652018846278990e-01,4.282669540443047596e-01,3.564414159588206177e-01,1.722919096359713798e-01,4.993340220188132728e-01,5.214670409565296261e-01,3.572881093278037490e-01,6.754474954789776442e-01,5.914955409790273455e-01,5.504797236927837512e-01,1.000000000000000000e+00,4.876239199095748211e-01,1.614360895797112561e-01,-5.104869503079713100e-01,7.033914183359353534e-02,-3.125775914680042900e-01,-2.445245407997502229e-01,-8.779207616320279517e-02,3.420557366799151788e-01,2.276552232852563015e-02,2.828633125314976571e-01,3.104517749302556640e-01,-1.115023942574063370e-01,-3.434289329091916310e-01,-1.422285639400166224e-01,-4.182939031584992362e-02,-3.529288766126412180e-01,-2.779890729480589684e-01,-1.517833810933116867e-01,-2.466308244215686951e-01,-1.811896085185260297e-01,-8.087015379604393928e-02,-4.868227846278225940e-02,-1.432456801876461246e-02,3.229594869481322572e-02,2.190757664256295922e-01,1.669749911873405490e-01,1.499296494474767760e-01,1.771493414826363633e-01,7.590389391402899144e-02,4.404006021969832096e-02,1.992057856357355716e-01,8.043886035527478273e-02,9.419707908391126983e-02,6.878870861553845230e-03,-1.829798746796621467e-01,7.731732859842822825e-02,2.240732617439311972e-02,1.800943360821527506e-01,5.893799240789432403e-02,-7.996294424573954784e-02,7.035663180860519950e-02,-1.029397102865668850e-01
2.214621831474656438e-02,5.835766504839705326e-02,5.757986333405449436e-02,3.659601130694051241e-02,8.417161771176800977e-02,2.181189915720172304e-02,5.358549729184943627e-02,3.933772228711961833e-02,1.814913179841240107e-02,-3.823234411710196845e-02,5.019618524186272857e-02,2.929239088689934364e-02,-4.650255854587463655e-02,-7.607306144907706458e-02,-7.427393747638055821e-02,-6.712857936171336137e-02,-6.730400950135913274e-02,-5.942926706418738547e-02,-2.097418869600814126e-02,-1.066404052006966058e-02,-5.053455810609799002e-03,4.042732399013174854e-02,5.777158687629748400e-03,9.756800992899600233e-02,1.362063856987214827e-01,8.698602270985901497e-02,1.392293302706980596e-01,1.175327803774637858e-01,9.266396084420795709e-02,1.282243647329851799e-01,9.600448481514176069e-02,1.046374121548696856e-01,1.305548267057686784e-01,1.138990411759927962e-01,1.296381938773813192e-01,1.217487130576064003e-01,1.531364856440730060e-01,1.305434567368815024e-01,1.087090020837499227e-01,1.475760767225321179e-01,1.097256842954036082e-01,1.004218445664653570e-01,1.470212534056076492e-01,1.245983134462110981e-01,1.124081937954503202e-01,1.847357083454192195e-01,9.750173606662361492e-02,1.370660873759182441e-01,2.363003520516849532e-01,1.528638291944127980e-01,1.640721471980496338e-01,3.112647968559507650e-01,2.861841939822263314e-01,2.401403610935280986e-01,3.219434723018353983e-01,7.630488144685468876e-01,5.483038839011951104e-01,4.876239199095748211e-01,1.000000000000000000e+00,5.908669225073264614e-02,-4.565460139848488419e-01,-2.590820505432556708e-01,-3.257341008408887184e-01,-9.309991455563347562e-02,-2.545530592336838760e-01,1.435331869494739510e-01,1.413460684954506164e-01,3.649446352635491997e-01,1.467227214680698888e-01,5.026162394225320434e-02,-2.022922460655852128e-01,8.623245101138399260e-02,-2.501402829943377704e-02,-1.802892286943697242e-01,-2.645775189272650540e-01,-2.066253430129736945e-01,-2.251610459279616838e-01,-2.838745659150718748e-01,-1.317750323449876915e-01,-2.364544254038259963e-01,-1.530905525068178841e-01,-1.499051473667789292e-01,1.598581448996321264e-01,6.563019441536878384e-02,1.370596127196597180e-01,1.160796796823037880e-01,1.085169140753656884e-02,4.969602891610508388e-02,1.292391223619101803e-01,1.307496019239382523e-01,1.401557301683119261e-01,6.087176775559879210e-02,-1.071131202112321629e-01,9.778604266856452676e-02,-8.598962328198479776e-02,1.478219097661828962e-01,1.454933417362536639e-02,-1.746242893814551611e-01,-9.841061848534746193e-02,-1.730780944567400226e-01
-4.687102500829892771e-02,-8.433426851895857446e-02,-1.589275291751066077e-02,-3.954071677394200429e-02,-8.303772626760422271e-02,-1.216334447434934962e-01,-7.022514625362331897e-02,-9.332829164158092106e-02,-1.194684457629147517e-01,-5.066498053304638316e-02,-3.076572159723190911e-02,-1.220717343202158550e-01,-3.730085283130889218e-02,-5.107646955430298480e-02,-5.105938578134801287e-02,-8.139579956975007136e-02,-1.463984772203016926e-02,-3.368695471987791928e-02,-2.082952510342745008e-04,2.333071234192004694e-03,1.874103269428062032e-02,3.618934897473613521e-02,1.575169957051871525e-04,2.563588452463474304e-02,5.172321995061241601e-02,5.319393140475795617e-02,2.967141977888129029e-02,2.518743155719794374e-02,1.789930800179368592e-02,1.768065779588505818e-03,-1.781130412956492132e-02,3.578799293906147379e-03,-1.382455180660798703e-03,-3.340402799779054743e-02,-4.676801815590609333e-03,-1.940282632398142651e-02,-4.800165537075292560e-02,-2.459447545947905309e-02,-4.295707236423008946e-02,-3.703922555588981536e-02,-5.563676981010718531e-02,-5.910751856428674011e-02,-1.768146944528208725e-02,-5.297122786010705769e-03,-1.325396447843894820e-01,-4.023611997838021093e-02,-6.550214714461552457e-02,-1.763753288565949040e-01,-4.835386643672630325e-02,-1.067717186905081661e-01,-1.740630381525417880e-01,-2.595461965674079191e-03,-1.437773379661131667e-01,-1.249500202569545776e-01,1.633869788365269748e-01,7.822270349320539773e-02,6.703558590331749611e-01,1.614360895797112561e-01,5.908669225073264614e-02,1.000000000000000000e+00,5.231041915887681970e-01,6.572100578014395955e-01,2.812134401637370607e-01,2.493450392677531435e-01,6.857167340797359900e-02,-2.067083267149141812e-01,-1.268896363876723665e-01,7.043976776829530273e-02,-2.236403452476610210e-01,-2.424197707784893699e-02,9.989220937995467800e-03,1.648262246383726606e-02,-1.323489379657411258e-01,6.654327151075632718e-02,-2.279115706895457061e-02,2.602274266608408104e-01,1.037056969755965757e-01,-2.214469195175195262e-02,2.209526155534158876e-01,7.341327589171176005e-02,2.723075639100041787e-02,1.728451834695224343e-01,-5.554093807975842012e-03,-1.051671974342131416e-01,-1.488212637896806911e-01,-5.222487525794439894e-02,-1.721106584053892496e-01,-1.428116618865253873e-01,5.000844234650397846e-02,1.694420248495867309e-01,2.877955847943113390e-02,1.828053924411832676e-01,5.257359799337039778e-03,2.696819556644079463e-01,1.507521656019799872e-01,2.012361118634394541e-01,-1.645846349243834661e-01,-1.031707046912480052e-01,5.134491256444356777e-02,1.153350327894286653e-01
-7.306525356933910031e-02,-1.107219521836799447e-01,-6.520492426651765261e-02,-8.885593849384237908e-02,-1.101735550390890023e-01,-1.001731325571702941e-01,-8.017665761108444533e-02,-1.135554082264963599e-01,-8.219479002980392690e-02,2.742333791015719082e-03,-4.685703246394416766e-02,-1.107869248377440913e-01,1.924385196183255736e-02,1.848533679216471035e-02,2.876991041924734094e-02,-1.660023425737948422e-02,3.744897772501099703e-02,2.470406965020385121e-02,2.338783439203223277e-02,3.124126189994364672e-02,3.274478365966637661e-02,3.110859048676553953e-02,2.524092978077608490e-02,-3.312395612632824254e-02,-6.243494522016665611e-03,-3.845917378862440898e-03,-2.465643809014261834e-02,-4.446163514699955077e-02,-4.049289844323591264e-02,-4.644127059500090943e-02,-5.755141049058399433e-02,-4.917542757187579050e-02,-5.372472888727379547e-02,-8.594580988415513600e-02,-7.989806151080072749e-02,-6.065862731846779349e-02,-1.342950015591013180e-01,-1.022344464880548115e-01,-5.954150005931135858e-02,-1.300047679007397539e-01,-1.231294185077316250e-01,-7.141124343002672181e-02,-1.168443495364834828e-01,-1.338965415078076093e-01,-1.584227434448652883e-01,-2.155102583147018025e-01,-2.346936807372236866e-01,-1.788284139912993398e-01,-2.695222916409599767e-01,-2.806952254366518740e-01,-1.302489560354246345e-01,-2.769056166430267640e-01,-4.278744549897718907e-01,-1.817458372414809953e-01,-3.652708354747443709e-01,-4.196028835071901053e-01,4.790433315005793342e-03,-5.104869503079713100e-01,-4.565460139848488419e-01,5.231041915887681970e-01,1.000000000000000000e+00,4.291112092904728614e-01,5.701975058453466749e-01,4.621835229607101914e-01,2.540459750928836802e-01,-2.306021002272026776e-01,1.745974970152000885e-02,-1.312830116982586226e-01,-2.657732555813636655e-01,1.393617122645776085e-01,2.923737712016150625e-01,1.123478648304586658e-01,6.081413462818892335e-02,2.984015155997440938e-01,2.486845708477294081e-01,3.267282197966281387e-01,3.173205552716336086e-01,2.016261872898708618e-01,2.368731343733563033e-01,1.865151207264924837e-01,1.468969890025188518e-01,1.082195562394344945e-01,-1.856346792286295289e-01,-1.447227216579354547e-01,-1.538271634588107839e-01,-1.704568947913952248e-01,-1.521504428956918509e-01,-5.341535578047322541e-02,-1.397264839868676001e-01,-2.489302627533073256e-02,-6.742187986293385338e-02,7.315234241057540221e-02,1.846760779452925882e-01,3.104217646248538104e-02,5.049913076507429877e-02,-1.306158097909633775e-01,-1.367838210277037558e-01,5.595249020984148502e-02,-6.161711807953925563e-02,1.279510540750049552e-01
-5.042476687755170078e-02,-9.877388313072882342e-02,-2.290294766049934261e-02,-4.707025644360850192e-02,-1.022589279829948378e-01,-9.668071858836251031e-02,-6.054512616002212522e-02,-7.864755841453442697e-02,-1.210828710506641898e-01,-1.984702205663612523e-02,-4.822557169329893395e-02,-1.087367778016979925e-01,-1.277081037497586335e-02,-3.367294748985102514e-03,-1.812534425335267027e-02,-2.983230583195837018e-02,2.875807709379912813e-02,-3.350622410198302037e-02,-2.733314316492963317e-02,-6.586646178074660740e-02,-4.175559980388792586e-02,-1.921129717658775007e-02,-7.539197638970922266e-02,-3.055702735305239337e-02,-7.511029109454277035e-03,-1.340378624672852433e-03,-1.398958686617162925e-02,-1.379792122805814820e-02,-1.767074848458069850e-02,-3.312441428786935815e-02,-4.322752622388048582e-02,-3.074889178462894557e-02,-4.277696947569099850e-02,-6.042759676535745805e-02,-4.409045965544699380e-02,-5.977565806854368002e-02,-6.957672675849684019e-02,-3.512681513991099819e-02,-5.189307062106059132e-02,-4.087371226653507827e-02,-3.349534395399556691e-02,-5.111530241686693815e-02,-2.949708648057856528e-02,3.257979578704912199e-02,-7.355151827062081371e-02,-3.691819761834239794e-02,3.203527153173948983e-02,-1.309601748371770069e-01,-6.699039033299825086e-02,-3.550329209520695570e-03,-1.893420429702974694e-01,-8.433884293617829875e-02,-4.280971562530769964e-02,-1.983275826365347716e-01,1.393994538604472477e-01,-2.197515198241368206e-01,3.351649364104589135e-01,7.033914183359353534e-02,-2.590820505432556708e-01,6.572100578014395955e-01,4.291112092904728614e-01,1.000000000000000000e+00,3.409241116318696418e-01,1.725011369899536462e-01,1.991318148443638469e-01,-2.005123464885544549e-01,-3.053705930131826451e-01,-1.421322915806894904e-01,-1.662502181102917809e-01,-2.118833096643222558e-01,-2.218943546711989873e-02,-1.740912003588790391e-01,-1.559872266588555878e-01,1.627519974703312000e-02,9.608956268461277261e-02,2.446002620575416786e-01,9.931382805032380745e-02,8.408989672373765045e-02,2.156972402195719007e-01,1.938861851790133484e-01,1.117622406640085414e-01,2.461598790336362308e-01,7.009996878446919481e-03,-1.668988239261243872e-02,-1.694800921609162236e-01,-4.186641436213434098e-02,-6.300059876276109527e-02,-1.414858044288824779e-01,5.316493041927432273e-02,1.025408622905609746e-01,-3.463730110035675991e-02,1.088558454742083459e-01,3.751213885247698402e-05,1.935157707816669292e-01,1.873019599781960975e-01,1.463013893325725012e-01,-1.044219969561058226e-01,-3.389845390414633185e-03,1.560820490920224457e-01,1.613632680392897978e-01
-4.885604675475322539e-02,-1.114067528216773073e-01,-2.476966780380201322e-02,-4.617191204850638192e-02,-1.319956791523624051e-01,-1.215673591995214686e-01,-1.223530784718552950e-01,-1.112096962774930670e-01,-8.855794056047572305e-02,7.362409437702243688e-03,-4.080751080608820136e-02,-1.148774837051856068e-01,4.469659045382384094e-02,1.532029899690478918e-02,5.217859781968850474e-02,-5.115421574514456693e-05,1.503079097839646154e-02,4.420178815177700643e-02,-1.509650006254243705e-02,1.071114604475324056e-02,-4.152212584814378438e-02,-1.355375297186947603e-02,1.929841676725341237e-02,2.501543328307316225e-02,4.504051738730208837e-02,4.823568622622988883e-02,2.407340613165552534e-02,-7.284408010075625909e-04,2.180682163422170000e-02,1.071003170676642496e-02,-2.300598099712817743e-02,1.698456004950124262e-02,1.043809629853970251e-02,-4.188427888043184943e-02,-2.983878903154665342e-03,1.251848007758186738e-03,-8.059938279153340546e-02,-6.970836534560404842e-03,-5.439023178339042613e-03,-6.878792981384154737e-02,-1.206007832713386178e-02,4.310608269143452811e-03,-5.167131373803305477e-02,-5.780164203476483888e-03,-2.754966359572250632e-03,-9.514888588876777020e-02,-4.954356402946918057e-03,2.538908866842752576e-02,-1.079033108058669588e-01,1.483768424184896129e-02,3.534377345481429233e-02,-1.662605359885136191e-01,-6.942096065901223745e-02,-2.055204201037170997e-02,-2.097497125680845009e-01,-3.376914722186880047e-01,-5.048758190517424471e-02,-3.125775914680042900e-01,-3.257341008408887184e-01,2.812134401637370607e-01,5.701975058453466749e-01,3.409241116318696418e-01,1.000000000000000000e+00,5.508770920347461075e-01,6.309854218896677747e-01,-1.108782729857959726e-01,-4.641133451693762318e-02,-2.027734882495772772e-01,-2.052451109351494385e-01,8.173237344229249135e-02,2.245515041831614156e-01,2.782261125921894201e-02,9.128398066071247152e-02,2.073712440701941384e-01,2.427885953165001831e-01,2.896441458334773067e-01,2.752570907482957407e-01,2.078426865299808635e-01,2.142365443491208721e-01,2.779354065859560019e-01,2.656380872404857652e-01,2.258045706695775146e-01,-7.495757265049798890e-02,5.119713932284318016e-03,-5.353994277948519870e-02,-6.901935577979032010e-02,1.671584990318945516e-02,-4.965238326264264160e-03,-8.357452672013122863e-02,-5.891477794858548250e-02,-1.455602921327983079e-01,2.032348589642594613e-02,1.465077079609139188e-01,-1.328833614436498133e-02,1.036001464629245916e-01,-1.674474831763412830e-01,-1.330965290530293776e-01,1.335064299928637177e-01,1.556681872430211097e-02,9.276686890619009751e-02
-2.473751640073652142e-02,-7.619945062788606449e-02,-1.323417618871450437e-02,-2.837133568190764940e-02,-8.689591109069977337e-02,-1.264097305953482409e-01,-9.968762881581380575e-02,-1.028373883812235268e-01,-6.573146269535073971e-02,-1.298801486495539462e-02,-9.023187922452378593e-03,-1.057325477645262163e-01,-6.915845250757102040e-03,-2.200740100284873449e-02,-2.523425828375136168e-02,-5.667688212519490787e-02,-7.319762787534890222e-03,-8.230404100569682982e-03,-6.326351402734425693e-03,7.856598117373604986e-03,-2.834797045647752603e-02,-1.186782247865396205e-02,2.453179746684984799e-02,4.275999213715827446e-02,5.785480893907157807e-02,6.824268580779897786e-02,1.863349513237073582e-02,2.167043569741922138e-02,2.644394258408878234e-02,9.789033059962964217e-03,8.156188027332192045e-03,1.888580895242171140e-02,1.242615162195852968e-02,-9.634081193427941267e-03,5.439483047701753303e-03,5.595860874840554409e-03,-4.138183854701290437e-02,-2.911175516111306344e-02,-3.777183146678441458e-03,-3.499690485224508235e-02,-5.362373746415647485e-02,-7.566226997763267088e-04,-4.419829538453707435e-02,-8.735634716284534917e-02,-4.700047070351667106e-02,-1.222979741488209177e-01,-1.797975565528565633e-01,-6.453995705064895054e-03,-1.401243444496722557e-01,-1.605510697795882735e-01,6.464979447019257586e-02,-9.724319752212011447e-02,-2.083734257052441696e-01,5.835746685400163697e-02,-2.389353216294045623e-01,-2.560930981528818789e-02,-1.710249569785361745e-02,-2.445245407997502229e-01,-9.309991455563347562e-02,2.493450392677531435e-01,4.621835229607101914e-01,1.725011369899536462e-01,5.508770920347461075e-01,1.000000000000000000e+00,1.475426680999918638e-01,-2.123728091055560041e-02,1.823225040972299704e-01,6.152775839714978191e-03,-1.050658685969831224e-01,2.322936583750216111e-01,2.388945140724119121e-01,1.895739012625742570e-01,1.475098108214490389e-01,1.893724904591786995e-01,1.376461993856090971e-01,1.442040016106783118e-01,1.812382115971895025e-01,1.113954618378940192e-01,9.711370666499880011e-02,1.346004753959826883e-01,1.154593289368206765e-01,8.599054556025597165e-03,-1.340394398876188498e-01,-9.155858365820281064e-02,-5.564655080216186767e-02,-1.664150410989355400e-01,-1.225830607468265110e-01,2.079719010877553731e-02,-1.698606312664004969e-01,3.752203295547858718e-03,-9.198996472316522954e-02,6.255002502030022893e-02,1.944163781782559108e-01,-3.891794032560523531e-02,-9.444946690417293719e-03,-2.036535986084196392e-01,-1.403593920175606469e-01,6.885213500783833596e-02,-1.642601419583643307e-01,1.200023932150880157e-02
-3.328353044875125705e-02,-8.203739602377072004e-02,-1.388907745140458548e-04,-1.086427479427266342e-02,-1.059192376792653517e-01,-7.583122823395008205e-02,-1.172288964514982407e-01,-6.901227723769820521e-02,-7.041449810434556589e-02,5.280779638631135156e-03,-4.036837482508368047e-02,-5.385432007715684755e-02,3.139583371773640302e-02,7.566308322020097107e-03,5.077757508472579423e-02,3.437938979564809927e-02,-1.095542991036480181e-02,4.425104785520630329e-02,-7.751884266499493858e-02,-3.725448470289544067e-02,-1.035664695843636629e-01,-5.983202053872168497e-02,1.298375062639335175e-03,5.368187755185991478e-02,5.688462683889460719e-02,4.516938668304708998e-02,4.825088971916120101e-02,1.238941563003761841e-02,3.931614362653482880e-02,4.336596073447069460e-02,-1.204609688877769300e-02,5.317057480937162350e-02,6.299087013203029384e-02,1.251154907586372357e-03,6.793492735961452478e-02,7.307431231322991660e-02,-1.707500385206719290e-02,9.471850470020258539e-02,7.630514436436257319e-02,8.709661705502542289e-03,9.778844882729224863e-02,8.195910446638919600e-02,1.308331127347269612e-02,1.117003078100502755e-01,1.086066525000591032e-01,2.391535724867385054e-02,1.442128964036333283e-01,1.422038653168292699e-01,2.959569325766119724e-02,2.008431616718716894e-01,1.428363405497581340e-01,-3.401260598861844536e-02,1.967178782365691103e-01,1.153786050878820163e-01,-5.063836133094001823e-02,-2.698220928885376457e-01,-9.982422015817468686e-02,-8.779207616320279517e-02,-2.545530592336838760e-01,6.857167340797359900e-02,2.540459750928836802e-01,1.991318148443638469e-01,6.309854218896677747e-01,1.475426680999918638e-01,1.000000000000000000e+00,2.787286865137533765e-01,1.533593530837621122e-01,1.454658642588330152e-03,7.620449357883585240e-02,1.433100818014744482e-01,1.389751169283278687e-01,-2.533644292459221944e-02,1.971748158130352535e-01,6.437200601530131128e-02,1.343052947734342528e-01,2.150408877055645651e-01,2.453458748403005429e-01,1.505751703511318540e-01,2.051101498209038643e-01,3.336496361738393035e-01,3.642009951077371244e-01,2.856337391541164950e-01,3.194048648124312578e-02,1.679110347175762907e-01,4.625296444230807269e-02,-6.980174137513383073e-03,9.310601547427935221e-02,4.850347614065258356e-02,-4.849804847653192696e-02,-1.259476540456426208e-01,-1.588386251514759540e-01,-8.631347179878819109e-02,5.006338101243770072e-02,-8.599009963812223600e-02,1.041703450383957286e-01,-1.335648652894182165e-01,-2.668819634368346447e-02,1.879770675266944358e-01,8.822119978561984710e-02,5.188543287944950150e-02
1.635577221014709870e-02,-1.593304590834944152e-03,-5.014502401134138601e-03,1.390032391634027885e-02,-7.998693213423724302e-03,1.243229366106062342e-03,4.067452486606147784e-03,-1.664985497472044190e-02,3.891493443810477987e-02,-7.892435830800207872e-03,2.007609179929572066e-02,4.886137523808559840e-02,-2.014452830158499838e-02,-1.838694850027922101e-02,-3.181296941764354819e-02,9.094780492012713782e-03,-1.993562106427630362e-02,-2.456898403966494004e-02,-5.394362807976718632e-02,-1.041621958276843160e-02,-6.272199433722745743e-02,-3.069039155569244521e-03,1.071007076960730359e-02,3.390389884536879062e-02,7.534453916737475498e-02,2.773305315921819822e-02,4.574962317185584521e-02,3.390664916878730062e-02,1.739428699635237399e-02,2.992129300179606141e-02,1.228632636716148370e-02,3.685367824257419073e-02,5.375989257087561424e-02,4.291056357569172225e-02,7.456237926309447483e-02,7.455237321089878966e-02,5.271600128431647853e-02,8.057749399084111752e-02,8.831345113698614580e-02,1.001609226306261202e-01,1.092833529586923202e-01,1.022364000202189288e-01,1.262677858221725180e-01,1.302503965082207893e-01,1.699713885545182657e-01,2.113217773510946140e-01,1.409050778690776329e-01,2.307778691421019379e-01,2.880828970815118573e-01,2.178623939862196490e-01,2.888125614927731788e-01,3.555134616327140229e-01,3.289788308803370809e-01,3.919535255932879991e-01,2.428941491559743759e-01,2.118766851568854581e-01,2.533011045930165170e-02,3.420557366799151788e-01,1.435331869494739510e-01,-2.067083267149141812e-01,-2.306021002272026776e-01,-2.005123464885544549e-01,-1.108782729857959726e-01,-2.123728091055560041e-02,2.787286865137533765e-01,1.000000000000000000e+00,5.414523342594507183e-01,5.617758167049815565e-01,6.997270229530194730e-01,2.275225317507349465e-01,-1.313117586034867890e-01,2.750774104428108796e-02,2.879703281557254302e-01,-2.439195514035200629e-01,-1.874737185722631649e-01,-1.633882998211201032e-01,-7.585194214185594919e-02,-9.738467001827504077e-02,-9.287438933555350329e-02,3.121609767426335863e-02,1.487077961367393175e-01,9.387233025170909446e-04,1.648869330535720490e-01,2.711383282156014096e-01,2.536654312091174424e-01,1.478869901522481267e-01,8.803497395979482942e-02,1.765537080571686623e-01,5.932202229575461033e-02,-7.377803096305679542e-02,-2.180758401157377110e-02,-1.421587520928968562e-01,-9.447047294767266234e-02,-1.823434634398808651e-01,-1.083575972137000298e-01,-8.205916200312218800e-02,1.643994637992303720e-01,7.152454646857438203e-02,-6.796050709584648686e-02,-1.910241673149125907e-01
1.938251791104215332e-02,-9.311053616068220434e-03,-9.434977942998156548e-04,1.545068392024704328e-02,-1.694793832283900126e-02,-1.513368456423337151e-02,-1.114464031999224530e-02,-5.883058004801126201e-02,2.201080125093363149e-02,-5.097818255751576655e-03,1.217143471138531531e-02,1.431723773085589145e-02,-1.127076519792223272e-02,-1.328174950018849200e-02,-2.690735180727254691e-02,2.137355225114849488e-02,8.106811428760631391e-03,-3.316868747780780252e-02,-4.369156007687557963e-02,-3.682027684261511644e-03,-4.697798284129738738e-02,9.608487959841373674e-03,3.743974632081455145e-02,6.713014084857350794e-02,9.882799586255955337e-02,6.589563674695195217e-02,8.361507349809144118e-02,4.560965568360141054e-02,4.489125131070333119e-02,6.221318758477281663e-02,3.043986950561284807e-02,5.702367839147614442e-02,7.971444350142851965e-02,4.552687981028616382e-02,6.235640502754608017e-02,7.939318708732261143e-02,2.150461702636084771e-02,4.526846816937137030e-02,7.677326564007537490e-02,3.761754392510331668e-02,3.114239397089764785e-02,7.272284572178207285e-02,5.533216571965717673e-02,-4.257123103726028444e-03,6.451973416663187022e-02,7.076101963156876395e-02,-8.300928381331890149e-02,1.229489161321180857e-01,1.046381058623610943e-01,-2.560451722244209971e-02,2.450561569964188335e-01,1.745074270018391882e-01,3.658706377751454100e-03,3.100169533411031852e-01,-5.420131067129747848e-02,2.387944508700525215e-01,-3.151046442222730365e-02,2.276552232852563015e-02,1.413460684954506164e-01,-1.268896363876723665e-01,1.745974970152000885e-02,-3.053705930131826451e-01,-4.641133451693762318e-02,1.823225040972299704e-01,1.533593530837621122e-01,5.414523342594507183e-01,1.000000000000000000e+00,5.591111891162264813e-01,4.387662362491634993e-01,7.855654739117670093e-01,3.707093438741067004e-01,4.931167404991192993e-01,6.087647586398441391e-01,1.375746474473578396e-01,-1.498529475210216844e-01,-1.242815626932111672e-01,1.833153698685499045e-01,-4.777379870208516704e-02,-1.180389529467602006e-01,-1.236719748692983491e-02,6.082133397587588530e-02,-1.319098944554047692e-01,3.526803119263480224e-02,1.113979867208168828e-01,2.122088542687833590e-01,-2.599935969637054076e-02,-2.330913109471246039e-02,1.547276644390550848e-01,-1.253659430731041691e-01,-1.124952276104640853e-01,-4.627075744996255596e-02,-1.109234947023375328e-01,1.702922372791658076e-02,-1.916777697132177050e-01,-9.746012587738077382e-02,-1.968963846297893117e-01,1.435710344667409611e-03,7.318306680039717016e-02,-2.372870945323753422e-01,-1.789901838715174942e-01
-5.753174205176219552e-03,-2.584019195349104500e-02,-1.706094207956087086e-02,2.104438641404194656e-03,-2.791831091702823633e-02,-3.084461397065075411e-02,2.624095164362437731e-04,-3.507398006837365856e-02,1.931920489009274558e-02,-1.375147965020816383e-02,-2.005411597740779095e-02,-2.877885925185784052e-03,-3.108526948288788463e-02,-1.929250694085367715e-02,-3.907403769896330287e-02,2.486221422854374696e-02,-2.012548280698368483e-03,-4.971793691403987581e-02,-3.106877800541694642e-02,1.015249565014983120e-03,5.311400908508253846e-03,1.944278804296056123e-02,3.119196112418826453e-02,1.271230066980239340e-02,7.581669805384265437e-02,1.377048650240005750e-02,3.355885405337399180e-02,4.040004464590949557e-02,-1.393108104136647112e-03,-5.700717550377798135e-04,9.103709431866948212e-03,1.223477688830703312e-02,6.419248241421998506e-03,2.986311392485513708e-02,2.497200673521880049e-02,7.270096636902672292e-03,1.761356184695053728e-02,7.381493741038076643e-03,-1.360520626926804526e-02,5.039262702115390041e-02,2.165659911961282866e-03,-1.878154299358321053e-02,9.913827079785836327e-02,1.330546676283468621e-02,-1.252140809802766534e-02,1.419229694124199692e-01,-5.628406081857208199e-02,3.453928976506491760e-03,2.041157244142322025e-01,-2.527504957822988840e-02,7.886315456290896031e-02,3.245172473377379019e-01,3.865400367366171597e-02,1.869925959898383339e-01,2.781076136477448335e-01,4.418493907759673545e-01,3.308621403823728269e-01,2.828633125314976571e-01,3.649446352635491997e-01,7.043976776829530273e-02,-1.312830116982586226e-01,-1.421322915806894904e-01,-2.027734882495772772e-01,6.152775839714978191e-03,1.454658642588330152e-03,5.617758167049815565e-01,5.591111891162264813e-01,1.000000000000000000e+00,5.085892438677220850e-01,3.764565323931451379e-01,-1.459608703303160726e-01,2.491189985495580461e-01,2.465638023060665596e-01,-1.984964680600234399e-01,-3.847379333867955720e-01,-1.510876783907616761e-01,-1.280478544162639287e-01,-3.008102515578716663e-01,-1.250104637217779591e-01,-1.616618171105513868e-01,-5.214010976423118227e-02,-1.421079865192964864e-01,1.748675958422519494e-01,1.168018351268271388e-01,2.220367917487297560e-01,1.641053842854701406e-01,-5.596433778516213958e-02,1.159253155380587097e-01,1.190706547161094475e-01,1.118758882932941318e-01,1.062679554677590510e-01,-7.081973991341331161e-03,-1.004747048262060599e-01,6.672530187168528373e-03,-1.458037069184869583e-01,1.044881562001290648e-01,9.320441961177074186e-02,-1.449727434592703867e-01,-1.694126506087139383e-01,-2.214753430093522879e-01
2.740442774290715797e-03,4.316979908841320213e-03,-1.960864307340903431e-02,-1.663883703165277075e-02,1.852195134024536144e-02,2.496042317565921181e-02,4.071585022834216944e-02,-2.586717156500329198e-02,3.990352230036089964e-02,9.228410004517425755e-03,2.481961251232362234e-02,6.296822290078027407e-02,-9.846746634084732608e-03,3.332085471801549039e-03,-2.070044375942639570e-02,1.469909263744281769e-02,1.817133669422391507e-03,-2.940624847447038601e-02,-2.120417816830657068e-02,8.777336715380753716e-04,-3.173400936634259567e-02,2.731200842534844964e-02,3.315339532842791637e-03,3.739421002731304483e-02,9.242783202036104762e-02,3.669067356420055437e-02,7.198571139374404515e-02,6.305685377230962896e-02,2.920337537341459802e-02,5.062775256743915625e-02,4.362894155505106508e-02,5.140256317589777385e-02,6.318140456226500890e-02,5.771775383213051391e-02,5.437143792913195356e-02,6.133576065003252392e-02,4.535731011890547365e-02,4.387693239984961219e-02,5.928969928512044935e-02,7.399608770289668735e-02,6.035240595468197716e-02,6.150710721737633752e-02,8.713566470164338384e-02,8.132601055708350846e-02,1.196112396582309501e-01,1.645275013748248305e-01,9.664621547802056123e-02,1.505443999058934113e-01,2.372334571245013068e-01,1.524065754401052186e-01,1.991896433928141419e-01,3.075320696572479418e-01,2.444161575481915150e-01,2.568065329464516156e-01,2.243266206459947343e-01,1.864983777661760322e-01,3.476547884913078201e-02,3.104517749302556640e-01,1.467227214680698888e-01,-2.236403452476610210e-01,-2.657732555813636655e-01,-1.662502181102917809e-01,-2.052451109351494385e-01,-1.050658685969831224e-01,7.620449357883585240e-02,6.997270229530194730e-01,4.387662362491634993e-01,5.085892438677220850e-01,1.000000000000000000e+00,1.138680816601332912e-01,-1.914431600576788906e-01,-7.696451232288920030e-02,2.658162804107526145e-01,-2.934235623298668827e-01,-1.796149724776788525e-01,-2.369209404391025842e-01,-1.513535851882341909e-01,-1.044229173128214117e-01,-1.699484521865468889e-01,-7.636584984912465034e-03,4.882960309762994500e-02,-3.556615056781204515e-02,2.737663572404619994e-01,2.697936404962466006e-01,2.878725767666147073e-01,2.160849203383777561e-01,1.750941483826673473e-01,2.062986163995773892e-01,9.558744366235505385e-02,-8.066584142931031154e-02,-3.997031754782823937e-02,-1.337100375346541858e-01,-1.194988943601957565e-01,-1.801652448855186883e-01,-1.048980141554752832e-01,-7.020297337068184818e-02,1.614908613085348499e-01,6.973229387982460281e-02,-6.432187605901500127e-02,-1.987051560496016500e-01
1.125405612597401954e-02,-3.802571508187486959e-02,-3.116011971659077111e-03,1.578935879473122167e-02,-5.272335143872147051e-02,-5.050957632089916882e-02,-5.784158581949114253e-02,-8.421731184413716598e-02,-1.646274654722590380e-02,-2.158077368245441691e-02,-2.658304141094548767e-02,-4.035847646992021115e-02,-1.719460775549732506e-02,-2.506965186916377229e-03,-1.293390516774228262e-02,1.764668881050265523e-02,1.460531361656978826e-02,-1.818059372896532050e-02,-4.796237558278990815e-02,-5.481768572565133037e-03,-4.441294685376187545e-02,-5.190122293426999850e-03,4.528885894717048916e-02,6.040732170176635329e-02,6.159162142151236585e-02,6.185163756471922375e-02,6.482851812013200321e-02,9.684383841704550643e-04,4.996864319624479828e-02,3.945401944142476469e-02,-7.067706974528582820e-03,4.455503872070408489e-02,5.505535559653701450e-02,1.365880845630189442e-03,2.991311927179903310e-02,4.885810776898651814e-02,-2.702986997615505760e-02,4.297023224778919077e-03,3.477325387413143093e-02,-1.295544891161529155e-02,-1.699282440236201189e-02,3.182806411283332915e-02,-4.752890905224283619e-03,-6.065573426719545608e-02,-1.152471202905365651e-02,-1.612342539600139860e-02,-1.280763033273584484e-01,3.611881786276011780e-02,-5.541321531118413232e-03,-8.972724802090388529e-02,1.465874363744903430e-01,3.203206584643148586e-02,-9.352109848108941526e-02,2.033879519172750450e-01,-1.429259937482849352e-01,1.338883136402199137e-01,-3.949062328372712066e-02,-1.115023942574063370e-01,5.026162394225320434e-02,-2.424197707784893699e-02,1.393617122645776085e-01,-2.118833096643222558e-01,8.173237344229249135e-02,2.322936583750216111e-01,1.433100818014744482e-01,2.275225317507349465e-01,7.855654739117670093e-01,3.764565323931451379e-01,1.138680816601332912e-01,1.000000000000000000e+00,5.635076406540153737e-01,6.811329292441179462e-01,6.307306503050535973e-01,2.917026557448573199e-01,-1.690106415398450190e-01,-1.029076219420873017e-01,2.952374197541302037e-01,-4.540485197002123996e-02,-1.228847909374042868e-01,-1.249282025074091411e-02,6.250150444261415306e-02,-1.081224309853045795e-01,-8.776922545473532511e-02,6.113866212771397642e-03,1.294454033825941097e-01,-1.023027919053806911e-01,-5.799367771671524313e-02,1.071686686147700907e-01,-1.614092612236055213e-01,-8.219025481507388764e-02,-5.426076098148481519e-02,-7.763046483469467074e-02,7.830879663319301187e-02,-1.388279703367101825e-01,-1.647513618934763960e-02,-2.107887775893164395e-01,-8.967248657013569824e-02,8.554705311673840851e-02,-2.275329053947838243e-01,-1.144929120871662070e-01
2.553882768515245566e-02,-1.857817087040662327e-02,2.366203239025740923e-02,3.904922979616683859e-02,-3.680864490033519676e-02,-1.257896915353699102e-02,-2.367478690179609588e-02,-6.453326806001756510e-02,1.779351155739480536e-03,3.257819033324909491e-02,-8.742715023328743312e-03,-3.423478762113960766e-02,4.419586255089602567e-02,5.969880310049210936e-02,5.823281584249150739e-02,3.467545470265575441e-02,7.911423562133444720e-02,3.140501610731990384e-02,5.082920601116818100e-03,4.179049500614723939e-02,3.861268248125282205e-03,3.632696222608705703e-03,5.455482753511050470e-02,3.548718395223522670e-02,4.564631107698214479e-03,4.298664213376800214e-02,2.651740580874161271e-02,-5.315808749663045868e-02,2.711328637925809054e-02,2.279749553096605333e-02,-1.858693873937577665e-02,2.619282889688473448e-02,4.280129390740839562e-02,-2.406122642697193850e-02,5.670962505915631315e-03,4.180782002255193502e-02,-4.779089770036928225e-02,-5.848046249785704247e-03,4.148192237727139908e-02,-5.363533882704266814e-02,-3.770989854179902095e-02,4.489655588401739866e-02,-5.891366882247224546e-02,-4.583676728504867959e-02,-1.444457509807018335e-02,-1.006124492197256054e-01,-8.236966594646974449e-02,-1.190204469993394291e-02,-1.603160819031360651e-01,-1.003004820014430087e-01,7.810460236794860601e-03,-2.160548405017269913e-01,-1.865303827518855206e-01,-3.431267220517665584e-02,-3.274599012772569928e-01,-1.635093396341230354e-01,-2.236474159691836383e-01,-3.434289329091916310e-01,-2.022922460655852128e-01,9.989220937995467800e-03,2.923737712016150625e-01,-2.218943546711989873e-02,2.245515041831614156e-01,2.388945140724119121e-01,1.389751169283278687e-01,-1.313117586034867890e-01,3.707093438741067004e-01,-1.459608703303160726e-01,-1.914431600576788906e-01,5.635076406540153737e-01,1.000000000000000000e+00,5.674743630635498137e-01,4.464378491578505637e-01,7.595959444061658461e-01,2.695296414149811470e-01,3.736538798620842733e-02,4.642441378148819964e-01,2.431219412806386315e-01,2.852728732100883510e-03,1.461968516781003424e-01,1.385005430991678721e-01,2.473232011724545501e-02,-2.283484292984889474e-01,-8.530797732121744859e-02,-6.863458858647425442e-02,-2.774247939852371725e-01,-9.767650434804384108e-02,-2.156544609378062069e-02,-3.348421417647797771e-01,-1.646040713329494920e-01,-1.794813487621080283e-01,-5.553588913694578605e-02,2.163352358034236755e-01,-1.180296432668096335e-01,1.176046655486012171e-01,-2.087655885818816004e-01,-1.310463077381495145e-01,2.311625479583741816e-01,-7.048399012434551636e-02,6.771522133071578020e-02
-6.648325438499526688e-03,-3.682897115359450024e-02,-7.559434883296591761e-04,1.061596954789063851e-02,-3.816639875634703777e-02,-1.026074088475015418e-02,-3.211646097618788692e-02,-6.686401199147500030e-02,2.481066019675922437e-03,-1.094276138290936097e-02,-4.249304537287663941e-02,-4.020410778355697906e-02,-3.516038452311160290e-03,-1.299864601715289628e-02,2.489957746611881802e-03,-1.008606184636111174e-02,2.555194858422635273e-03,2.582435992356956270e-03,1.249299922334572849e-02,3.600513814595026479e-02,1.792236713380620031e-02,1.600075277101015853e-02,6.166656617645401711e-02,-8.691759417169172761e-03,-6.127521866811181999e-04,6.451711495615747825e-03,2.502485460705799504e-03,-4.469935944634093744e-02,1.200339783109902365e-03,-9.467355698166911651e-03,-3.307340267319770072e-02,-4.503449432830377089e-03,1.485250139035329542e-02,-2.176434379865363131e-02,-8.959265079097574955e-03,2.163034703563127686e-02,-3.401943990261453721e-02,-2.546532482573217807e-02,1.114236397282635307e-02,-3.764988358215860548e-03,-3.741862317847682862e-02,2.003559261709650027e-02,-5.445369436928625476e-03,-6.226351097090773723e-02,-4.507672136397329089e-03,-3.629118302633934593e-03,-1.133598729117932108e-01,1.414412410049124304e-02,-3.245486645344211780e-03,-1.038772406996485015e-01,7.426081206938785206e-02,5.745901004740359237e-04,-1.478652325860649597e-01,1.015252035655983959e-01,-1.355238293721574838e-01,1.415151192395557034e-01,6.623067754991772069e-03,-1.422285639400166224e-01,8.623245101138399260e-02,1.648262246383726606e-02,1.123478648304586658e-01,-1.740912003588790391e-01,2.782261125921894201e-02,1.895739012625742570e-01,-2.533644292459221944e-02,2.750774104428108796e-02,4.931167404991192993e-01,2.491189985495580461e-01,-7.696451232288920030e-02,6.811329292441179462e-01,5.674743630635498137e-01,1.000000000000000000e+00,4.833888515889933624e-01,4.489655421352226616e-01,-3.294129181110601046e-01,-1.079057916102876408e-01,2.496964059526100843e-01,-1.969149010460521931e-01,-1.873244311385672267e-01,-1.144704553885599607e-01,-2.533325967886695951e-02,-1.457583383828810475e-01,-2.019866049055643320e-01,-1.508008556458225180e-01,3.317018795426630862e-02,-9.138014892322261773e-02,-8.225428969559515913e-02,4.445777678521080356e-02,-9.603334503550822743e-02,9.503983721998718326e-03,3.064727902017897604e-02,-3.479313764390741526e-02,1.085435760119954351e-01,-6.371567159320322415e-02,-6.716667778232955632e-02,-1.394549044736773380e-01,-6.827067468916429849e-02,-2.426933438381697478e-02,-2.153328239142301703e-01,-8.534447921481136401e-02
-1.915441420705743872e-02,-6.343345654263289612e-02,-1.696009373825474106e-02,-6.818010971469594221e-03,-6.687936384691861580e-02,-5.936572107788823383e-02,-4.860737196057921677e-02,-8.866683349872254982e-02,-2.835246942554398714e-02,4.832270708811987024e-03,-2.095698964795605912e-02,-3.611931351816575347e-02,8.956516932021305055e-03,-5.245181167831070024e-03,-4.606228138647985859e-03,1.263693116009577226e-02,3.748911833869175703e-03,-1.168387795229020205e-02,-3.002994290540466141e-02,-1.292992609849529309e-02,-5.857711845795205569e-02,-9.603432396503019941e-03,8.989783243939111421e-03,2.011058213838650549e-02,6.487415414664070290e-02,5.549465110586673106e-02,5.009092720390731501e-02,2.412179263412789904e-02,4.165356996665386946e-02,3.849867307414810841e-02,2.466071963563619407e-02,5.773557063840151909e-02,5.722715645393960243e-02,1.201955864905672640e-02,3.985299178037896711e-02,4.729646106882838541e-02,-3.303760677517654509e-02,2.514725274894714924e-02,4.128578504319870696e-02,-2.286002944706747031e-02,1.167513521500293354e-02,2.949252837018654164e-02,-8.339202798215523613e-03,-2.544412714269876988e-02,2.232019609924649345e-02,2.263415440211764829e-02,-4.818051891051051278e-02,6.628643733651848335e-02,4.626828566157773631e-02,6.707083999940851660e-04,1.550286977663809518e-01,7.763395646986713527e-02,1.402449274406243097e-02,2.013598576797366035e-01,-7.479997120903529584e-02,2.542900737305805667e-02,-1.343356213804317578e-01,-4.182939031584992362e-02,-2.501402829943377704e-02,-1.323489379657411258e-01,6.081413462818892335e-02,-1.559872266588555878e-01,9.128398066071247152e-02,1.475098108214490389e-01,1.971748158130352535e-01,2.879703281557254302e-01,6.087647586398441391e-01,2.465638023060665596e-01,2.658162804107526145e-01,6.307306503050535973e-01,4.464378491578505637e-01,4.833888515889933624e-01,1.000000000000000000e+00,9.828116923625852819e-02,-9.925305447641113998e-02,-1.398519319007556216e-01,2.458320774203693049e-01,-5.620686284095487151e-02,-1.624958528531081914e-01,5.007214348355607664e-02,1.487555027990369316e-01,-7.314914115948696616e-02,8.380571183027573853e-03,1.670499633560544872e-01,2.034331128438344460e-01,-1.581792429598674263e-02,1.087688518472200438e-01,1.854478217557598008e-01,-1.076781498100334022e-01,-2.057829820679781818e-01,-1.180146370515967463e-01,-1.780599429148307655e-01,4.779740667939980005e-04,-2.432307224518799049e-01,-2.048768577918558265e-02,-2.472971701677509904e-01,4.012323692326840580e-02,2.012050574966279537e-01,-1.158733025813943884e-01,-8.829120576352711414e-02
5.451367366441081663e-02,2.681021705696156471e-02,4.328756933101110538e-02,7.064910825580086873e-02,-2.655021981521182503e-03,2.860596403774474245e-02,6.023755040002416739e-03,-8.045016305664566894e-03,3.809488366056395375e-02,3.775481524166813402e-02,1.128452184172465400e-02,4.851765654426007379e-03,3.955356759261589861e-02,4.637862174339846266e-02,6.144716870513756979e-02,5.482161068754617950e-02,6.046198540594930476e-02,4.149813998105410934e-02,-7.805141699401871953e-04,4.860522002119758989e-02,2.158625182793593583e-02,1.608931381502261065e-03,6.381689522110974011e-02,2.709483494630331515e-02,1.729884133240432859e-02,1.690416450476029189e-02,3.336989882911686051e-02,-4.131352726258234742e-02,5.243008631202746711e-03,2.661497490093634941e-02,-9.181990395496570506e-03,-8.492830380700594137e-03,3.485491427002584963e-02,-4.870449966824325246e-03,-2.007213976438650474e-02,3.619411396554824550e-02,-1.436028176727169314e-02,-2.028698737852029435e-02,3.888196716398844427e-02,-1.847207769094065186e-02,-3.226159507166331125e-02,5.699382575664330847e-02,-2.042263122068320794e-02,-2.163695376397004738e-02,1.374246211015398358e-02,-7.195654489585073810e-02,-4.505438196916258103e-02,3.199705903291625696e-03,-1.501392973027750044e-01,-8.971998057975218155e-02,-1.848618278793815947e-02,-2.244667220638639771e-01,-2.202958796915459594e-01,-1.022719424299809027e-01,-3.072221677563976572e-01,-1.550317927048550648e-01,-1.599302634192112660e-01,-3.529288766126412180e-01,-1.802892286943697242e-01,6.654327151075632718e-02,2.984015155997440938e-01,1.627519974703312000e-02,2.073712440701941384e-01,1.893724904591786995e-01,6.437200601530131128e-02,-2.439195514035200629e-01,1.375746474473578396e-01,-1.984964680600234399e-01,-2.934235623298668827e-01,2.917026557448573199e-01,7.595959444061658461e-01,4.489655421352226616e-01,9.828116923625852819e-02,1.000000000000000000e+00,3.602259974691039424e-01,1.645036873043363435e-01,4.553593615355108204e-01,2.956063658104893799e-01,1.018815209607827066e-01,1.622169776968972743e-01,8.705285364881308607e-02,2.454428728122739697e-02,-2.445603099370721456e-01,-1.973763330188776366e-01,-1.226767959801677299e-01,-2.582609570627818485e-01,-1.407586305893649969e-01,-5.514295463278304221e-02,-2.838009478591592138e-01,-8.683029508511630468e-02,-1.028523385484351321e-01,-2.160277479541098181e-03,2.371212560091832400e-01,-6.482829211928707591e-02,4.971669141509667267e-02,-1.036295205405069753e-01,-9.204011661150618417e-02,1.436068060120097023e-01,-5.390408854506000685e-02,7.102063940339209402e-02
3.466761178281968503e-02,4.548117712931966372e-02,3.842236321712864944e-02,2.620793689899489354e-02,3.781842317334966480e-02,2.636078398289078834e-02,4.284749165894170819e-02,2.613036135231531706e-02,3.337474340338295042e-02,8.248845130930956837e-02,7.230326092088813772e-02,4.452809164419164328e-02,8.510113871100577487e-02,8.997877501952399049e-02,7.185183604760647658e-02,9.685573741445477336e-02,6.299007235936615601e-02,5.940784701767826831e-02,1.659182512067769455e-02,3.250641143304035946e-02,5.599923048088954400e-03,-7.736972867552639049e-04,1.269384216528677244e-02,7.958486046828855756e-03,2.683707361641490124e-02,2.304627268776543187e-03,3.051762889561829978e-02,-9.173074684203034318e-03,-1.515041056748199499e-02,1.619569224398256443e-02,-3.030194164987505372e-03,-2.806782066154736924e-02,3.293070048094002568e-04,-1.223589711716774851e-02,-4.183160026198497888e-02,-1.127689179594610659e-02,-1.632896664018081492e-02,-4.070802805381497358e-02,1.270527247267436849e-02,-4.499990800410162001e-02,-3.165804769996752310e-02,2.824519806974861574e-02,-2.450759612541828295e-02,-1.981277954149528175e-02,1.086376379410799835e-02,-8.060156084164386836e-02,-1.474039417157458134e-02,2.995868712668880128e-03,-1.600218892758155376e-01,-2.964996556757443918e-02,-9.319657470199501151e-03,-2.282517149214274843e-01,-8.855814199815896515e-02,-9.336708018151652910e-02,-2.901396530785325667e-01,-2.727795127867773672e-01,-2.539176914137829533e-01,-2.779890729480589684e-01,-2.645775189272650540e-01,-2.279115706895457061e-02,2.486845708477294081e-01,9.608956268461277261e-02,2.427885953165001831e-01,1.376461993856090971e-01,1.343052947734342528e-01,-1.874737185722631649e-01,-1.498529475210216844e-01,-3.847379333867955720e-01,-1.796149724776788525e-01,-1.690106415398450190e-01,2.695296414149811470e-01,-3.294129181110601046e-01,-9.925305447641113998e-02,3.602259974691039424e-01,1.000000000000000000e+00,3.805736126024122368e-01,2.672997938114201055e-01,5.721110881704002393e-01,2.775960265358384249e-01,2.569985536114245406e-01,1.498691562921580511e-01,1.021489100315891296e-01,-3.078344357750873936e-02,4.504578046101653799e-02,-1.389087086274535809e-01,-2.260718193703974144e-01,-6.086734834143387590e-02,-2.231577906701244854e-02,-2.677561733418648560e-01,-2.257573320004270800e-01,-2.227026788728748430e-01,1.215982049487791469e-02,1.811285446762390672e-01,-4.046826828069764043e-02,1.264362161824927888e-01,-1.419981152460028373e-01,-9.331232524708384102e-02,2.305581385168686548e-01,8.173231776782766134e-02,1.553862230054047222e-01
2.795067494750817436e-02,2.415507211033397425e-02,3.512800288669919863e-02,1.819725023238156700e-02,2.181112374779714536e-02,2.949910367099378011e-02,4.081005955037877303e-02,4.519998707615865280e-02,2.834016650840112325e-02,5.661391162129102844e-02,9.570779845245925080e-03,3.653677973353045005e-02,5.793607193186298132e-02,5.274374927928563578e-02,7.554433033385937746e-02,5.611944366049363697e-02,1.494356212751036909e-02,8.222332337082846609e-02,2.074819980337863287e-02,4.169502674718673918e-02,-3.271075681299646064e-03,5.649913145748044173e-03,3.831776009352694939e-02,6.116000889447935351e-03,-6.402744318937317672e-03,-1.680353863050750864e-04,-5.136598176298676210e-03,8.976328713504715812e-03,1.035008571704016181e-02,-7.555725907514427436e-03,-1.017672511742320936e-02,7.315623582367367268e-03,-1.112377261409603670e-02,-2.543981647438057353e-02,-1.078744639649589776e-03,1.958508872819687469e-05,-3.590159480884250187e-02,-8.924084787250107648e-03,-7.527415559700744059e-03,-1.864847925676523660e-02,-1.121453672497892996e-02,-9.783128820976007972e-03,-2.014728835566192977e-02,-2.817305031176524019e-02,-5.244400275850436693e-02,-8.148926625874061691e-02,-3.881983033414772299e-02,-7.331984880188234521e-02,-1.082948039472960283e-01,-4.841783851638319092e-02,-6.588880515947613536e-02,-1.536872943479121179e-01,-1.315619405865095515e-01,-1.013871890470757348e-01,-1.299656725977347271e-01,-1.872178716028788104e-01,3.062446912491765746e-02,-1.517833810933116867e-01,-2.066253430129736945e-01,2.602274266608408104e-01,3.267282197966281387e-01,2.446002620575416786e-01,2.896441458334773067e-01,1.442040016106783118e-01,2.150408877055645651e-01,-1.633882998211201032e-01,-1.242815626932111672e-01,-1.510876783907616761e-01,-2.369209404391025842e-01,-1.029076219420873017e-01,3.736538798620842733e-02,-1.079057916102876408e-01,-1.398519319007556216e-01,1.645036873043363435e-01,3.805736126024122368e-01,1.000000000000000000e+00,4.103930100007721626e-01,2.588420402963457767e-01,5.222325472786412126e-01,3.324654977867901873e-01,2.509425831431403298e-01,2.329573320720838281e-01,1.684940382823345989e-02,-2.842419707097306250e-02,-1.342187766404374372e-01,-9.850012656122660026e-02,-1.105698871610391182e-01,-1.098599033286294657e-01,-7.338837399385354787e-02,7.786465374814149909e-02,1.205329759761808103e-02,1.484632640509247481e-01,1.680350022622685013e-01,9.643027602652461117e-02,9.032687899875557758e-02,4.220221911854308422e-02,-1.085660614969283649e-01,1.698657154454156701e-02,6.524391911465567129e-02,1.467624116174076621e-01
9.157788054131168337e-03,-1.577992996351549465e-02,2.175344267131986559e-02,1.943431258338502998e-02,-2.203017257739903548e-02,1.205814947207762590e-02,-2.073852759690593406e-02,-9.421711953753915403e-03,1.732898764539735200e-03,4.462396349627619635e-02,1.102288110568462598e-02,6.226485696651979946e-04,6.416191940892680690e-02,4.897717864561099144e-02,8.024225721777643316e-02,5.044696479433618402e-02,3.071564799908154536e-02,7.847030236439279938e-02,-3.930391445811842049e-02,-9.015343031931855045e-03,-5.755405567051445626e-02,-3.810873999307648474e-02,2.474052967142333082e-02,4.273283648111692729e-02,1.638650683856097620e-02,2.975600504169916005e-02,3.654790533818045445e-02,-2.965197056449858301e-02,1.567234376686877512e-02,2.165613983764433023e-02,-4.015035264103609253e-02,-2.528000008326983499e-03,2.332587413453523009e-02,-5.669839422491818048e-02,-2.317490096498834098e-02,2.924080821811663247e-02,-7.323754670832333113e-02,-2.473520744601577157e-02,1.969450359187295205e-02,-5.780646054326998851e-02,-4.259920579145352881e-02,1.286550640353645129e-02,-5.159103107192766768e-02,-5.010462132859756779e-02,-2.645145045508708395e-02,-7.370728812706849042e-02,-6.783194149068527690e-02,-1.014193691927919340e-02,-1.052692850252227030e-01,-5.985209126134376917e-02,3.222459673164192184e-02,-1.651194447704111279e-01,-1.345223437504145803e-01,-1.252134336198184456e-02,-2.532439541276995665e-01,-1.906424633713015571e-01,-1.394685977963112944e-01,-2.466308244215686951e-01,-2.251610459279616838e-01,1.037056969755965757e-01,3.173205552716336086e-01,9.931382805032380745e-02,2.752570907482957407e-01,1.812382115971895025e-01,2.453458748403005429e-01,-7.585194214185594919e-02,1.833153698685499045e-01,-1.280478544162639287e-01,-1.513535851882341909e-01,2.952374197541302037e-01,4.642441378148819964e-01,2.496964059526100843e-01,2.458320774203693049e-01,4.553593615355108204e-01,2.672997938114201055e-01,4.103930100007721626e-01,1.000000000000000000e+00,3.946607932933217100e-01,1.817769423120810801e-01,3.398144826298308829e-01,2.831149143833377457e-01,1.465347722172545275e-01,-1.621081053393770011e-01,-4.928417649320732119e-02,-6.449644353428518606e-02,-2.656577636913751705e-01,-4.377774534898661724e-02,-1.362598055515271481e-02,-2.472643487997529255e-01,-1.111453906917002077e-01,-9.998634024741766269e-02,-1.989200148623293876e-02,2.200779191320641481e-01,-5.914674235508639299e-02,1.203015011176644111e-01,-1.890541536897495101e-01,-1.624417938866433431e-01,1.416340163194628188e-01,-9.180774687244534771e-02,7.844517581722844357e-02
4.445947683009351947e-02,2.597022431931691328e-02,6.272173756639495834e-02,2.179288043320436186e-02,2.308016373077792852e-02,1.685940232571124520e-02,1.716694908690077556e-02,2.709886364413389981e-02,4.019177986101678951e-02,7.105945353403803066e-02,4.575373720784356446e-02,1.101620213571103714e-02,7.997674067378296447e-02,7.179310723613847867e-02,8.041742336560395166e-02,7.297034881797062611e-02,3.183241196100108916e-02,9.913451041882458126e-02,1.318533852430885805e-02,5.265009788868701968e-02,6.069194271573888355e-03,1.066762861778111074e-03,4.835794301279649349e-02,3.249607896686523140e-02,2.057432704394313722e-02,-6.438326056000440688e-04,1.965970046107538144e-02,-1.383355963163724646e-02,-1.611746105527066264e-02,7.748275932664557344e-03,-1.786822427460268981e-02,-2.500957301673890909e-02,2.889018582216795316e-03,-1.810753317892118547e-02,-3.325574612371921812e-02,-3.473670820773447788e-03,-4.931669770625177890e-03,-3.092108716521407147e-02,4.288908699132285181e-03,-1.745376331595174801e-02,-2.123273372179576221e-02,1.789162056946384805e-02,-1.612423320687775144e-03,7.462923095469213911e-03,8.633679850581095147e-03,-4.299057410007563890e-02,-7.249376302359358121e-03,1.135186143228737038e-02,-9.285525785904366614e-02,-1.822594225610644700e-02,6.853551472779531931e-03,-1.679073561304069151e-01,-7.208877238654246011e-02,-4.074626355069489725e-02,-2.214042902234224786e-01,-2.322366482347799632e-01,-2.280750535264318979e-01,-1.811896085185260297e-01,-2.838745659150718748e-01,-2.214469195175195262e-02,2.016261872898708618e-01,8.408989672373765045e-02,2.078426865299808635e-01,1.113954618378940192e-01,1.505751703511318540e-01,-9.738467001827504077e-02,-4.777379870208516704e-02,-3.008102515578716663e-01,-1.044229173128214117e-01,-4.540485197002123996e-02,2.431219412806386315e-01,-1.969149010460521931e-01,-5.620686284095487151e-02,2.956063658104893799e-01,5.721110881704002393e-01,2.588420402963457767e-01,3.946607932933217100e-01,1.000000000000000000e+00,3.438090046628180518e-01,3.153893001403059171e-01,1.682582104203953210e-01,1.085831423363036868e-01,-5.723090586165038157e-02,-8.027784236537659213e-02,-1.484585173800701818e-01,-1.976339021858854461e-01,-3.128215511918315539e-02,-1.509425595431282581e-02,-1.912152919394467243e-01,-1.381859817710574534e-01,-1.515696542824618298e-01,5.856146453538879637e-02,1.812689414971965229e-01,2.062722071349268674e-02,1.865408889828915895e-01,-1.728976636835732328e-01,-1.928405760653367218e-01,1.982195460996404590e-01,-1.203509725151956887e-03,1.183335844474666387e-01
1.011882788920484468e-03,1.368992431462390594e-02,-1.190628044508694298e-02,2.722834434305106133e-03,-8.453948769267973298e-03,5.732366708428385423e-03,-1.403019600623884970e-02,5.687503290882461870e-02,1.155494975204362368e-02,3.870586896886991923e-02,-3.568928578369612997e-02,-4.344733056002793477e-03,4.394147589953446842e-02,3.953297111182111495e-02,3.225590996217380518e-02,-3.536231941299017387e-03,-6.241465805579626304e-03,3.603083069202180772e-02,-1.836229481740190780e-02,7.472416345772538160e-02,-3.100756386321361704e-02,-1.273768174426592563e-02,8.651135949137638004e-02,6.421540926322887033e-02,7.897900779846714348e-03,1.692918522071660756e-02,4.198876892055640117e-03,-3.978935860364866267e-02,-1.328192516342226182e-02,-2.832416867897586538e-02,-4.840558902920349960e-02,-7.395122956313012787e-03,-4.755758674713088385e-02,-5.175472404500680579e-02,1.126284799442136587e-02,-3.580715192112137596e-02,-2.450599238471316138e-02,7.839904252630636866e-03,-3.693130736223396854e-02,-2.200813696441609665e-02,-3.552053507270727054e-03,-3.727205903656560099e-02,1.473672322367187981e-02,1.550634556467552112e-02,-3.958476244162602992e-02,-2.471821261979867054e-02,-2.740792375117594680e-03,-5.016641252925445327e-02,-5.318944222561344803e-02,-1.181491815289756851e-02,-3.548890024373124036e-02,-9.434995452319427933e-02,-3.770510112215406939e-02,-5.891493043635348537e-02,-6.192128975821303144e-02,-1.432907635608874908e-01,5.760560665594630092e-02,-8.087015379604393928e-02,-1.317750323449876915e-01,2.209526155534158876e-01,2.368731343733563033e-01,2.156972402195719007e-01,2.142365443491208721e-01,9.711370666499880011e-02,2.051101498209038643e-01,-9.287438933555350329e-02,-1.180389529467602006e-01,-1.250104637217779591e-01,-1.699484521865468889e-01,-1.228847909374042868e-01,2.852728732100883510e-03,-1.873244311385672267e-01,-1.624958528531081914e-01,1.018815209607827066e-01,2.775960265358384249e-01,5.222325472786412126e-01,1.817769423120810801e-01,3.438090046628180518e-01,1.000000000000000000e+00,4.302763026072619623e-01,3.841572873062946147e-01,3.100343800540839023e-01,3.224011896211539246e-02,-2.673139446491101454e-02,-1.210991454368137155e-01,-1.228305995003153711e-01,-9.693022780080590151e-02,-4.667542603818770203e-02,-9.617173572828403849e-02,3.385216105165424899e-02,2.335025706394009554e-02,7.723394368086958228e-02,2.280146500332778936e-02,4.819324317150564668e-02,5.050311965879314413e-02,6.906682466661544229e-02,-9.528305887865993334e-03,7.370272264363238526e-03,8.765278702572397440e-02,7.718152514118156726e-02
-3.938474322466091471e-02,-5.814685504501190122e-02,-2.812644250293134737e-02,-3.463960223985421139e-02,-6.414273343338260103e-02,-6.293144375719472716e-02,-5.089341425150620962e-02,-4.629673324507667387e-02,-3.495353532236020189e-02,1.665809249252286559e-02,3.172936509291955295e-03,-3.208112183641958354e-02,9.875230368575660042e-03,-3.015316644049055063e-03,-1.446610028775841342e-02,-3.406440063265988444e-02,-1.306633689797938140e-02,1.082623570036709074e-02,-2.441259753780792435e-02,1.029053381257238713e-02,-7.502590795539228197e-02,-2.331185814381299317e-03,1.738540705584298504e-02,2.504726161555614547e-02,3.540770868971422625e-02,2.441438150782330833e-03,2.094531491792590155e-02,-3.189173785668775879e-02,-3.863067982255468519e-02,-3.765834453852050581e-04,-2.531448242390337000e-02,-3.660124676019384238e-02,6.822842761316330260e-03,-3.082186744227474740e-02,-3.204594369068052701e-02,2.011664441113555565e-02,-5.066890687385272596e-02,-1.710756307628383960e-02,4.388962405853256976e-02,-3.957479635296382026e-02,-1.385172232109554112e-02,3.772376603920388205e-02,-4.392213085666546446e-02,-4.539781035850629001e-04,5.893744275738306559e-02,-3.812079592298574238e-02,6.609466809083262839e-02,7.457564491120539929e-02,-4.493555109208034054e-02,1.011058715269600172e-01,6.600354264857373476e-02,-6.390052411792059017e-02,8.219938806270128684e-02,3.052339325995051186e-02,-6.986474399402289870e-02,-2.131252450271562404e-01,-1.048919254856539585e-01,-4.868227846278225940e-02,-2.364544254038259963e-01,7.341327589171176005e-02,1.865151207264924837e-01,1.938861851790133484e-01,2.779354065859560019e-01,1.346004753959826883e-01,3.336496361738393035e-01,3.121609767426335863e-02,-1.236719748692983491e-02,-1.616618171105513868e-01,-7.636584984912465034e-03,-1.249282025074091411e-02,1.461968516781003424e-01,-1.144704553885599607e-01,5.007214348355607664e-02,1.622169776968972743e-01,2.569985536114245406e-01,3.324654977867901873e-01,3.398144826298308829e-01,3.153893001403059171e-01,4.302763026072619623e-01,1.000000000000000000e+00,5.357574485393784558e-01,4.005991612130117563e-01,8.756921768160916275e-02,1.187471181271589626e-01,-6.877789685643410922e-02,-2.088872976690629435e-01,-4.946414371553253808e-02,-8.547438415580355803e-03,-2.509647874906446030e-01,-1.699950994250855052e-01,-1.700654307839005730e-01,-1.324855626850841633e-03,1.623773277412174365e-01,-1.090844047465487493e-01,5.842331540247254484e-02,-1.333900467941039614e-01,-6.136116850706310050e-02,1.343467220292835773e-01,-7.956218972373304416e-03,2.841845443584656988e-02
-5.474954290625180797e-02,-9.293635522224805157e-02,-4.043314521501147757e-02,-4.993230625427654001e-02,-9.316959199895223642e-02,-4.621289332124468158e-02,-3.495884418443557379e-02,-4.828282339334336037e-02,-5.189608253084088130e-02,-2.344582779061582523e-02,-6.175298132230674225e-02,-3.553891023740751026e-02,-2.577240712102636319e-02,-1.078048349476093230e-02,1.394660881662268710e-02,-2.530490679475656812e-02,-2.759253669165944584e-02,3.989565417981350004e-02,-5.626029215603863681e-02,1.096266692795568563e-02,-1.222562019754295654e-01,-5.631971489774738326e-02,4.669788573275836935e-02,8.505981923565722469e-02,6.081254651731525518e-02,6.009537441729127100e-02,6.861452740821351315e-02,1.844609140241858930e-02,4.350729561106663618e-02,5.253091709540584631e-02,3.231852276245039679e-02,5.564179228084521756e-02,6.289149076866872023e-02,3.109831359207157128e-02,6.479692640908217560e-02,9.447782773193635908e-02,4.078829351528535235e-02,7.694829500994918026e-02,1.119052818976574576e-01,6.532380409693284984e-02,6.701544880634356660e-02,1.177136660490216424e-01,6.844404366744996637e-02,8.094591060941709604e-02,1.207397806789330119e-01,7.253967539126900121e-02,1.087251298217492834e-01,1.361343394025653353e-01,6.245383611506020310e-02,1.524914530611128916e-01,1.420223412898888316e-01,7.258560103667216143e-03,1.481213791373389987e-01,1.455801370921959714e-01,-3.392585725433458488e-02,-1.594906304755901172e-01,-8.147419426891676364e-02,-1.432456801876461246e-02,-1.530905525068178841e-01,2.723075639100041787e-02,1.468969890025188518e-01,1.117622406640085414e-01,2.656380872404857652e-01,1.154593289368206765e-01,3.642009951077371244e-01,1.487077961367393175e-01,6.082133397587588530e-02,-5.214010976423118227e-02,4.882960309762994500e-02,6.250150444261415306e-02,1.385005430991678721e-01,-2.533325967886695951e-02,1.487555027990369316e-01,8.705285364881308607e-02,1.498691562921580511e-01,2.509425831431403298e-01,2.831149143833377457e-01,1.682582104203953210e-01,3.841572873062946147e-01,5.357574485393784558e-01,1.000000000000000000e+00,4.371597892020782639e-01,9.799835318791100258e-02,2.492779369108708010e-01,8.047475014698733664e-02,-1.091831735084138194e-01,8.252327830421535282e-02,1.102103404273106907e-01,-1.812873591572740917e-01,-2.006091477523079813e-01,-1.698795857968434797e-01,-1.275621892566704829e-01,1.111870775942104955e-01,-1.822969940281596590e-01,7.740967769020633271e-02,-1.008717590524748769e-01,8.593565730186134011e-02,2.006732244805353449e-01,1.031649607252142220e-01,4.838609503526573180e-02
-8.594226978088832791e-02,-8.201883000709259131e-02,-6.004402606956204397e-02,-9.351301829967167967e-02,-7.176759318075126570e-02,-1.605925385312215181e-02,-3.453012435895854576e-02,-4.443516097874893045e-02,-1.348998211375598312e-02,5.697269311929469005e-02,-1.420766855442373794e-03,-2.888850780831628620e-02,5.854146618721440404e-02,3.275100988930210871e-02,3.880885628759276479e-02,-3.216167497556048083e-02,2.160298303338594600e-02,6.937415996969689691e-02,2.900953808572592774e-02,5.955268503638852517e-02,-8.424539841494809583e-03,7.041043119468035592e-04,4.588002548123989999e-02,5.768922517408966999e-02,1.183668082136599738e-03,4.597855229863705151e-02,3.036312972337892272e-03,-1.141038347489054840e-02,3.334314707166246422e-02,-1.764255976347503183e-02,-1.407417937778336625e-02,3.863315673461528016e-02,-1.254101462831268450e-02,-3.149087181359945531e-02,4.042999492562732167e-02,1.927864119926432553e-03,-1.367391682245916104e-02,5.141226495700598753e-02,7.506962206482702300e-03,1.129139898381554229e-02,4.939440364327453425e-02,7.111926296548944440e-03,-1.454814052846570803e-02,5.072252691557520288e-02,2.647498313576245391e-02,9.830476683902703017e-03,1.173949696884502153e-01,2.567723977726831322e-02,1.434959122828300890e-02,1.400099274635317192e-01,-3.408405894793890660e-03,-4.718521307249030211e-02,1.335542830311848839e-01,-2.854411072256853379e-02,6.053588465983705813e-02,-1.892625078341786393e-01,6.599243331643686594e-02,3.229594869481322572e-02,-1.499051473667789292e-01,1.728451834695224343e-01,1.082195562394344945e-01,2.461598790336362308e-01,2.258045706695775146e-01,8.599054556025597165e-03,2.856337391541164950e-01,9.387233025170909446e-04,-1.319098944554047692e-01,-1.421079865192964864e-01,-3.556615056781204515e-02,-1.081224309853045795e-01,2.473232011724545501e-02,-1.457583383828810475e-01,-7.314914115948696616e-02,2.454428728122739697e-02,1.021489100315891296e-01,2.329573320720838281e-01,1.465347722172545275e-01,1.085831423363036868e-01,3.100343800540839023e-01,4.005991612130117563e-01,4.371597892020782639e-01,1.000000000000000000e+00,2.520702818296414738e-01,2.486312195708505757e-01,-4.154299643987638575e-03,1.413654588278043071e-02,2.571618108338486614e-02,-5.047665446139712464e-02,-1.338859845957770731e-02,-4.249822846647918068e-02,-1.680115424158017401e-01,5.133199954290219510e-03,6.858904135373064537e-02,-2.415945122881913223e-02,1.098053158055311979e-01,4.037224421000883828e-02,-6.448521455457834235e-03,1.142848730645224103e-01,2.213089411231720094e-01,1.388048468245593192e-01
1.122599621098131079e-02,3.378982752030307984e-02,3.608946808938937739e-02,1.995870328523460455e-02,3.220211261663655927e-02,2.338288406478535725e-02,5.593748080716218207e-02,2.876939306476440292e-02,7.144947801142922938e-02,3.994871502405964586e-02,3.485699570572134420e-02,8.019479932574297143e-02,-7.961421344542137651e-03,1.520397398463518499e-02,-3.388840715352096217e-02,-1.357522534263086618e-02,-2.397594820799833337e-03,-6.894607893003985508e-03,-1.985209678245416012e-02,3.746470730237731056e-02,-4.148713498887086903e-02,1.008546536717364918e-02,3.584236054589751835e-02,8.229552636809830957e-02,6.838956477138546930e-02,5.047453703533037045e-02,5.817754621087116440e-02,3.688521376406746211e-02,2.627785449729387254e-02,3.141582808891348749e-02,1.856483687342513206e-02,3.869034877208235579e-02,3.323009118686453406e-02,4.365194762827257283e-03,8.868288346367089736e-03,2.277237501538885087e-02,3.042741237376302491e-03,-2.351224057863550172e-03,2.143211238662844770e-02,3.170810678839185159e-02,1.576081674414006963e-04,-1.133701015137152969e-02,2.198562364589326176e-02,3.350088608064145240e-02,3.611572549220227329e-02,7.933871054078833751e-02,8.310975677763711433e-02,5.922391293322108730e-02,1.178393198569492595e-01,1.026430247630554515e-01,7.140757244193067510e-02,1.518070092980515762e-01,1.749584496042612403e-01,6.098750426217400267e-02,1.857127620241507127e-01,1.396306790260378738e-01,1.777961160308902389e-01,2.190757664256295922e-01,1.598581448996321264e-01,-5.554093807975842012e-03,-1.856346792286295289e-01,7.009996878446919481e-03,-7.495757265049798890e-02,-1.340394398876188498e-01,3.194048648124312578e-02,1.648869330535720490e-01,3.526803119263480224e-02,1.748675958422519494e-01,2.737663572404619994e-01,-8.776922545473532511e-02,-2.283484292984889474e-01,-2.019866049055643320e-01,8.380571183027573853e-03,-2.445603099370721456e-01,-3.078344357750873936e-02,1.684940382823345989e-02,-1.621081053393770011e-01,-5.723090586165038157e-02,3.224011896211539246e-02,8.756921768160916275e-02,9.799835318791100258e-02,2.520702818296414738e-01,1.000000000000000000e+00,5.240107774973045140e-01,4.338922484110697697e-01,3.460348352754938350e-01,2.064430298504334738e-01,3.165508086846719471e-01,1.520842234400344162e-01,-7.623068805001304016e-02,-3.782746524708929109e-02,-1.333862847604189716e-01,-1.764802965510829935e-01,-1.098515355415671246e-01,-1.729173060839437823e-02,9.516322783401350016e-02,1.313685299030112608e-01,3.817206706990567550e-02,2.856209460479658055e-02,-1.675632501707860211e-01
-1.541024366271884910e-02,1.328455269664937516e-02,7.707057421990055543e-03,-1.385920228401745988e-02,3.960420535797794239e-02,6.834603766292392246e-02,8.833230186059419509e-02,4.259893420079528120e-02,8.311028530335275166e-02,9.463359410014149375e-02,5.286498306686757132e-02,1.054112949474691752e-01,5.284441371259609999e-02,6.148477882220996366e-02,2.219225661642649367e-02,4.207646364018734902e-02,2.422709867317792906e-02,3.289912907824370930e-02,-4.590827140613375212e-02,-2.485558003214573264e-02,-7.181729268488820650e-02,-7.256882828568242405e-02,-2.131471905622648808e-02,3.233550816595037042e-02,-1.612861696932682901e-02,1.360138170893904902e-02,5.264823728970469130e-03,-1.995090036679176074e-02,1.941298941488736607e-02,-1.838170400757586226e-02,-3.577604240168159172e-02,2.513998905702019906e-02,-2.856852427968822189e-02,-5.197242108531214405e-02,1.021097274057110663e-02,-2.496873977664774633e-02,-6.419534309569528696e-02,-4.602648043789859741e-03,-1.471943975663509915e-02,-4.240493964659225457e-02,-3.977671112188584275e-03,-1.623579053276502648e-02,-2.105083900052185861e-02,3.407610688135324223e-02,5.297701789247863391e-02,6.716763396877339920e-02,9.660520750229756315e-02,1.068531367126415166e-01,1.246638977102464962e-01,1.535114960769028425e-01,1.530964197125619097e-01,1.575708278659263550e-01,2.464433376403893927e-01,1.747943724792724585e-01,1.130625270851767505e-01,3.473752426795046616e-02,3.780353317415169334e-02,1.669749911873405490e-01,6.563019441536878384e-02,-1.051671974342131416e-01,-1.447227216579354547e-01,-1.668988239261243872e-02,5.119713932284318016e-03,-9.155858365820281064e-02,1.679110347175762907e-01,2.711383282156014096e-01,1.113979867208168828e-01,1.168018351268271388e-01,2.697936404962466006e-01,6.113866212771397642e-03,-8.530797732121744859e-02,-1.508008556458225180e-01,1.670499633560544872e-01,-1.973763330188776366e-01,4.504578046101653799e-02,-2.842419707097306250e-02,-4.928417649320732119e-02,-8.027784236537659213e-02,-2.673139446491101454e-02,1.187471181271589626e-01,2.492779369108708010e-01,2.486312195708505757e-01,5.240107774973045140e-01,1.000000000000000000e+00,3.413304427245295036e-01,1.185492298728076932e-01,2.203017862544725258e-01,2.593877567616238999e-01,-6.141275566068481011e-03,-2.443646848802144833e-01,-1.635488169723760821e-01,-2.004261796939716678e-01,-8.241352506207749729e-02,-1.949604046082766273e-01,-2.147190599328321903e-02,-4.212693422554605882e-02,1.609097736415774638e-01,1.369918702209814987e-01,1.213632192012376598e-01,-6.580559908028815741e-02
3.716202564708392247e-02,4.648169145941664915e-02,6.509566021531731916e-02,5.845475077428503863e-02,6.067842240223967482e-02,3.440505282257139141e-02,6.633052384881871211e-02,6.414420391325503790e-02,3.771277097245818999e-02,1.961986021258498372e-02,1.618590732123818821e-02,7.191584682139860740e-02,2.027188862377790959e-02,2.168000471645238625e-02,-2.789881409028638695e-02,3.884001585196049378e-02,2.664898114902976289e-02,-4.686082722129305406e-02,-7.753866152671326506e-02,-4.931072470978212219e-02,-8.599104484231723244e-02,-5.387178866471224042e-02,-1.132106740981699694e-02,1.783384946807649307e-02,4.463262373772564767e-02,1.905468021034768117e-02,1.910382686027625385e-02,4.719351271309274454e-02,2.961746952841003925e-03,5.339236259687220321e-03,5.062048659618465646e-02,2.472109473343350391e-02,2.928728695494720730e-02,4.243057244492783736e-02,1.412971064564616346e-02,4.289407292318179327e-02,3.701114485535986903e-02,2.212745322153950381e-02,7.656656968573952171e-02,4.987218896997349521e-02,3.562895629826088456e-02,7.929880147072716767e-02,5.787822075629008023e-02,5.060457109067942327e-02,1.212109952770420995e-01,1.109714046049570108e-01,6.264748245112687630e-02,1.589513282605763689e-01,1.673090161250251895e-01,1.201027028406057989e-01,2.094392390741452725e-01,2.073180892516085505e-01,1.975525962494362742e-01,2.351756453854241258e-01,9.739764915737804396e-02,1.630966113817018392e-01,3.642465283023787331e-02,1.499296494474767760e-01,1.370596127196597180e-01,-1.488212637896806911e-01,-1.538271634588107839e-01,-1.694800921609162236e-01,-5.353994277948519870e-02,-5.564655080216186767e-02,4.625296444230807269e-02,2.536654312091174424e-01,2.122088542687833590e-01,2.220367917487297560e-01,2.878725767666147073e-01,1.294454033825941097e-01,-6.863458858647425442e-02,3.317018795426630862e-02,2.034331128438344460e-01,-1.226767959801677299e-01,-1.389087086274535809e-01,-1.342187766404374372e-01,-6.449644353428518606e-02,-1.484585173800701818e-01,-1.210991454368137155e-01,-6.877789685643410922e-02,8.047475014698733664e-02,-4.154299643987638575e-03,4.338922484110697697e-01,3.413304427245295036e-01,1.000000000000000000e+00,5.317409811027966615e-01,4.285430768589686412e-01,6.177438036628800644e-01,2.289890227948195855e-01,-1.493641017637167279e-01,5.640681893750970621e-02,-2.630145868953376320e-01,-2.282968307825821996e-01,-3.254649314035709673e-01,-2.329724065044455339e-01,-9.530554257860089640e-02,2.687421323844185195e-01,3.595180030509410180e-02,-1.293228969499510550e-01,-3.927155656525133653e-01
2.320156374436514041e-02,2.669518925826291217e-02,5.351471522002623077e-02,5.584074998748910466e-03,4.768244267457561608e-02,2.200808863929251680e-02,5.225101683408845538e-02,2.595326745998519091e-02,2.860994924439330678e-02,2.905518321434410328e-02,6.256333703235489319e-02,6.516101884755068352e-02,4.958032744942042491e-02,1.485740762479535390e-02,1.708787578080692843e-02,5.265937636564201746e-02,1.530931354288476813e-02,-1.315826723190481953e-02,-2.963782585938954522e-02,2.809040984069510749e-02,-1.859501415299555024e-02,-2.943125177159915465e-02,4.931589767096081905e-02,1.238823626590857506e-02,2.839336541869546746e-02,1.922151105753279118e-02,7.200713690310229197e-03,6.668883690824632671e-02,4.035281797918601615e-02,-2.918395240323415525e-03,6.429971293144261246e-02,4.933779817253595990e-02,-4.447847782759218119e-03,6.081077838529628382e-02,2.726110849435794264e-02,-2.311585035462780657e-02,3.554579388386649302e-02,6.356834381931656015e-03,-2.058592830701113860e-02,4.821515904274512043e-02,1.406340443641894249e-02,-1.448741602135081470e-02,3.879175677828401725e-02,2.730196542727601414e-02,4.897423025970028959e-02,8.943988429693219833e-02,5.856766436114550778e-02,6.582633846986804538e-02,1.451373056410653339e-01,9.109260894278597975e-02,8.022531588037101757e-02,2.000133921718987295e-01,1.501793529064000265e-01,1.174206856322784487e-01,2.281737061612456319e-01,9.883225965334666019e-02,1.452687636516832026e-01,1.771493414826363633e-01,1.160796796823037880e-01,-5.222487525794439894e-02,-1.704568947913952248e-01,-4.186641436213434098e-02,-6.901935577979032010e-02,-1.664150410989355400e-01,-6.980174137513383073e-03,1.478869901522481267e-01,-2.599935969637054076e-02,1.641053842854701406e-01,2.160849203383777561e-01,-1.023027919053806911e-01,-2.774247939852371725e-01,-9.138014892322261773e-02,-1.581792429598674263e-02,-2.582609570627818485e-01,-2.260718193703974144e-01,-9.850012656122660026e-02,-2.656577636913751705e-01,-1.976339021858854461e-01,-1.228305995003153711e-01,-2.088872976690629435e-01,-1.091831735084138194e-01,1.413654588278043071e-02,3.460348352754938350e-01,1.185492298728076932e-01,5.317409811027966615e-01,1.000000000000000000e+00,5.226530723171055604e-01,4.193797192917248506e-01,7.191298854743516378e-01,1.867611022826017875e-01,2.697518496596489346e-01,-4.959695968678257821e-02,-2.888209432268289412e-01,-3.757705137375275811e-02,-2.441385704206896767e-01,7.829320114658182284e-02,2.344352107894868142e-01,-1.700383345650552103e-01,-4.784068792833762185e-02,-3.374682215037833055e-01
3.191641833048985966e-02,5.374513184457901244e-02,4.944837481242116833e-02,3.847722952182642403e-02,5.305302925375428996e-02,5.963685719564892906e-02,3.571603310919485574e-02,5.203913763334275938e-02,4.106503127222833893e-02,8.797854438282035061e-02,6.790935726802316275e-02,7.676738830312694606e-02,1.148038991641165130e-01,3.333319532129409846e-02,6.671442238681674075e-02,6.605299269817439811e-02,-7.657125610352815033e-03,4.959938567430539902e-02,-5.286732026315021926e-02,2.402130158742982885e-03,-5.728040731733530233e-02,-6.208565089421364674e-02,3.228065291695073752e-02,4.300572358136191958e-02,2.331064686492343926e-02,2.659676675861201434e-02,5.311039011519277930e-02,2.888024861095443360e-02,4.514366905542722963e-02,4.657402268504604037e-02,1.274713386937154427e-02,3.408356417416941869e-02,3.965776788614901183e-02,4.800499403722778904e-03,5.787065675851926598e-03,1.672887863904852154e-02,-3.311053828430000272e-04,-8.252229286971189681e-03,1.931610449616867273e-02,2.708968315757268822e-03,-1.190336375449917855e-02,1.910823000180133027e-02,5.711369240772343030e-03,1.660092417288488303e-02,8.459813154818671133e-02,5.507722826663744714e-02,7.200035779677772807e-02,1.133309038575966571e-01,6.748125333007652660e-02,1.212575381462631663e-01,1.100207433473697483e-01,6.808819940114943514e-02,1.879699727275336296e-01,1.164774081362453806e-01,5.581695133961388222e-02,-6.749718228645422424e-02,-5.328075570556096291e-02,7.590389391402899144e-02,1.085169140753656884e-02,-1.721106584053892496e-01,-1.521504428956918509e-01,-6.300059876276109527e-02,1.671584990318945516e-02,-1.225830607468265110e-01,9.310601547427935221e-02,8.803497395979482942e-02,-2.330913109471246039e-02,-5.596433778516213958e-02,1.750941483826673473e-01,-5.799367771671524313e-02,-9.767650434804384108e-02,-8.225428969559515913e-02,1.087688518472200438e-01,-1.407586305893649969e-01,-6.086734834143387590e-02,-1.105698871610391182e-01,-4.377774534898661724e-02,-3.128215511918315539e-02,-9.693022780080590151e-02,-4.946414371553253808e-02,8.252327830421535282e-02,2.571618108338486614e-02,2.064430298504334738e-01,2.203017862544725258e-01,4.285430768589686412e-01,5.226530723171055604e-01,1.000000000000000000e+00,4.917081868668040645e-01,3.440738327485781123e-01,-1.847078729184161161e-01,1.595752115540182564e-02,-2.753294088597972311e-01,-2.730386294971923200e-01,-2.027591449395408640e-01,-1.764670543038851167e-02,-1.913364399306500263e-01,1.427255280359099598e-01,1.118864247958707980e-01,4.080062360316551867e-02,-1.656896556632915241e-01
3.012400689008159702e-02,2.896250162710290940e-02,6.800116832647447318e-02,4.823121157795223768e-02,3.555179566305147892e-02,1.824615583097890376e-02,5.088995043153304171e-02,4.596481825510678049e-02,3.677590493439442804e-02,5.885477003727977718e-02,4.397406783124298280e-02,5.265770099988408698e-02,6.182310903319751527e-02,5.174137610520496144e-02,3.025664738502080800e-02,6.266879496654699511e-02,3.293520343471983969e-02,3.710865443997237237e-03,-4.796240128964096572e-02,-3.600697459566491732e-02,-8.146041331053516243e-02,-9.279569168917332911e-02,6.470534186353868109e-03,2.965668403443435380e-02,6.958460673225303275e-03,1.224538058172363296e-02,-1.760403620172517085e-03,8.172068128287720071e-03,-3.843631377866179449e-03,-1.608553655862616713e-02,2.029828366529873654e-02,9.509611062457491715e-03,-5.051955097477404955e-04,1.641045841885999459e-02,-3.805936525443833190e-03,5.498639684988153482e-03,-1.417786862251833521e-02,-3.776980228806692957e-02,2.054505637669897661e-02,-1.604030914975407632e-02,-4.265899096754918046e-02,9.693812842427301096e-03,1.635099109394927462e-03,-3.472631110989848890e-02,3.883845401770882194e-02,3.553705949338338554e-02,-4.176840770987246682e-02,8.923398720936613626e-02,6.545023665021353076e-02,1.351646756855998457e-02,1.708686452652002086e-01,9.835863318012630363e-02,7.759113198529961342e-02,1.759689834004314613e-01,-2.250976672717569516e-02,5.708831946642699967e-02,-3.251130197502662827e-02,4.404006021969832096e-02,4.969602891610508388e-02,-1.428116618865253873e-01,-5.341535578047322541e-02,-1.414858044288824779e-01,-4.965238326264264160e-03,2.079719010877553731e-02,4.850347614065258356e-02,1.765537080571686623e-01,1.547276644390550848e-01,1.159253155380587097e-01,2.062986163995773892e-01,1.071686686147700907e-01,-2.156544609378062069e-02,4.445777678521080356e-02,1.854478217557598008e-01,-5.514295463278304221e-02,-2.231577906701244854e-02,-1.098599033286294657e-01,-1.362598055515271481e-02,-1.509425595431282581e-02,-4.667542603818770203e-02,-8.547438415580355803e-03,1.102103404273106907e-01,-5.047665446139712464e-02,3.165508086846719471e-01,2.593877567616238999e-01,6.177438036628800644e-01,4.193797192917248506e-01,4.917081868668040645e-01,1.000000000000000000e+00,1.519090463047722828e-01,-2.147430608773253091e-01,3.054088779864616923e-02,-2.157982416051507091e-01,-9.356624061380809654e-02,-2.996644353995172594e-01,-2.073922001334920218e-01,-2.433493792210293383e-01,1.756354100311468269e-01,3.448694857689787313e-02,-1.657854041493497521e-01,-3.305988898791837882e-01
2.282321702797246530e-03,7.411984112500764714e-03,2.497975909109003551e-02,-9.728460777746221130e-03,2.250933136860378686e-02,1.196628478388101803e-02,2.383283018944770681e-02,2.710990810216219737e-02,-2.872798158901231774e-03,-1.240405368424927178e-02,2.568249861874190645e-02,1.899362528251917481e-02,3.033387336565400438e-02,5.516518346659469996e-03,4.478373268336497022e-03,1.500801700805076168e-02,1.033232739691281781e-03,-3.421079383419906028e-02,-6.044712767183801905e-02,-1.459771843577328983e-02,-3.897568494843212106e-02,-4.401670596161740001e-02,1.769515614558393041e-02,2.040084164250268589e-02,2.562502440333968082e-02,3.110627066599089968e-02,1.200805338566104247e-02,6.636708549979702942e-02,6.158145725140208582e-02,6.291122942033857725e-03,5.123643097549427511e-02,5.728309416206796983e-02,-1.317712674824522180e-02,4.453860131002661260e-02,3.174284703064234048e-02,-4.289630239782436794e-02,8.804821686800218261e-03,-2.530830270867871941e-03,-7.081161305782342208e-02,2.280891453950417355e-02,-2.955618877758398218e-03,-6.286003785498843477e-02,1.760310340125868095e-02,1.006410543999840257e-02,-3.275905659734117993e-03,6.133643880100666385e-02,4.303437295758685138e-02,3.639525626284242140e-03,1.096227094354455533e-01,5.467508530666161104e-02,6.658648786726844779e-03,1.676827003920958736e-01,1.105870917593120561e-01,7.382457357302005252e-02,2.666893861685319944e-01,1.041654090422666906e-01,2.078824143804704483e-01,1.992057856357355716e-01,1.292391223619101803e-01,5.000844234650397846e-02,-1.397264839868676001e-01,5.316493041927432273e-02,-8.357452672013122863e-02,-1.698606312664004969e-01,-4.849804847653192696e-02,5.932202229575461033e-02,-1.253659430731041691e-01,1.190706547161094475e-01,9.558744366235505385e-02,-1.614092612236055213e-01,-3.348421417647797771e-01,-9.603334503550822743e-02,-1.076781498100334022e-01,-2.838009478591592138e-01,-2.677561733418648560e-01,-7.338837399385354787e-02,-2.472643487997529255e-01,-1.912152919394467243e-01,-9.617173572828403849e-02,-2.509647874906446030e-01,-1.812873591572740917e-01,-1.338859845957770731e-02,1.520842234400344162e-01,-6.141275566068481011e-03,2.289890227948195855e-01,7.191298854743516378e-01,3.440738327485781123e-01,1.519090463047722828e-01,1.000000000000000000e+00,4.496529841600315214e-01,5.011340023000124821e-01,1.323175201079184182e-01,-2.307758173799558665e-01,1.554699355179058051e-01,-2.093869038468090527e-01,1.659978532794993689e-01,1.559823548904792634e-01,-3.221483659982318781e-01,-2.904428910294989952e-02,-2.366846167557842273e-01
4.769160499932074623e-03,-2.803234817652195017e-03,1.849550216587947870e-04,2.561018358814345832e-03,-4.818859646338905997e-03,-1.568117891186571189e-02,-1.983421887501908912e-02,1.444590905657457992e-02,-2.627715557705425156e-02,-6.249486289903044556e-02,-3.187038355266990503e-02,-4.432267011906202564e-02,-4.260238512187021487e-02,9.168627922884904288e-03,4.025060859303429203e-03,-1.943205260614211394e-02,-3.959927140492231802e-03,-2.654851314854703506e-02,-7.245009867248379185e-03,2.696745003958685768e-03,6.197365068426574121e-03,-5.920791015492587149e-03,3.466481418127482367e-02,4.876901934854049880e-02,-2.389775784414537464e-03,2.606700464902376654e-02,5.589849282060423662e-03,3.301525657230583444e-02,6.948938134477217199e-02,1.334828559008146252e-02,3.653099163198773869e-02,7.130631610072550586e-02,-1.498013455548057472e-03,3.187552570845748195e-02,7.884786779921998390e-02,-4.755538419667403385e-03,2.906155707231555460e-02,4.167251893550802389e-02,-3.836693135700617457e-02,3.773506965019690629e-02,1.418363515235437737e-02,-5.002068831784263481e-02,8.343603024740114255e-03,-5.391755738202960377e-03,-6.238530659688815844e-02,-2.830151628602418576e-02,-3.613293776360866627e-02,-8.053330926066645801e-02,-4.867961898546185884e-03,-4.573975716617592613e-02,-8.743790262051855111e-02,4.676157034422639969e-02,-4.773754389897440220e-02,-5.383550436031497854e-02,1.532688063391090538e-01,1.640852608691535375e-01,2.152546085140130683e-01,8.043886035527478273e-02,1.307496019239382523e-01,1.694420248495867309e-01,-2.489302627533073256e-02,1.025408622905609746e-01,-5.891477794858548250e-02,3.752203295547858718e-03,-1.259476540456426208e-01,-7.377803096305679542e-02,-1.124952276104640853e-01,1.118758882932941318e-01,-8.066584142931031154e-02,-8.219025481507388764e-02,-1.646040713329494920e-01,9.503983721998718326e-03,-2.057829820679781818e-01,-8.683029508511630468e-02,-2.257573320004270800e-01,7.786465374814149909e-02,-1.111453906917002077e-01,-1.381859817710574534e-01,3.385216105165424899e-02,-1.699950994250855052e-01,-2.006091477523079813e-01,-4.249822846647918068e-02,-7.623068805001304016e-02,-2.443646848802144833e-01,-1.493641017637167279e-01,1.867611022826017875e-01,-1.847078729184161161e-01,-2.147430608773253091e-01,4.496529841600315214e-01,1.000000000000000000e+00,5.762760382076752563e-01,5.956289716868581330e-01,2.117927181780165924e-01,4.101695181281327929e-01,-1.236852650259968045e-01,3.378207611985807879e-01,-8.878283857910457266e-02,-4.371986192347792621e-01,-4.901833341327769406e-02,-1.007708406190163525e-01
1.494265857307123212e-02,3.451389433198750328e-02,2.080537271862862095e-02,1.068518330900678458e-02,4.235245937429571450e-02,4.108271124466866819e-02,3.305594498513226426e-02,8.600832754143937497e-02,2.448868615071128673e-04,-4.651479404178436583e-02,-2.396090410226144399e-02,7.590363006529069097e-04,-9.316337836134429978e-03,1.062121895415952394e-02,9.587941544398896621e-03,-2.104493555778670297e-02,-1.241066705725100841e-03,-2.164914527265755090e-02,2.749509353261156766e-02,3.388666233916579756e-02,1.836503613189548884e-02,3.861456346630732454e-03,3.811751180743480627e-02,3.653920027745744242e-03,-2.218335754248214331e-02,-1.797664464131352655e-02,-2.466849912581754387e-02,6.939221811324432741e-03,1.228844894941123408e-02,-2.436092717336818189e-02,7.199584236689701017e-03,1.507725867656379594e-02,-4.573402373607918237e-02,1.067461606050641894e-02,2.185045413791273424e-03,-4.668452011372211524e-02,3.917944994758094934e-03,-1.645707673580940403e-02,-5.277853604215563404e-02,5.314930479115099853e-03,-2.840052626740470140e-02,-3.152458259998646567e-02,1.373899373135385044e-02,-6.070696775359214759e-03,-2.840226246490808182e-02,1.084553427262407305e-02,-5.054304201617867282e-02,-2.423719002284556098e-02,4.089620377969636206e-02,-5.237631495426702671e-02,7.127274802262507578e-03,1.168686922271876261e-01,-1.820267413222076067e-02,6.375751579433071303e-02,1.063218831785783802e-01,1.680933350432541884e-01,1.213521513743222452e-01,9.419707908391126983e-02,1.401557301683119261e-01,2.877955847943113390e-02,-6.742187986293385338e-02,-3.463730110035675991e-02,-1.455602921327983079e-01,-9.198996472316522954e-02,-1.588386251514759540e-01,-2.180758401157377110e-02,-4.627075744996255596e-02,1.062679554677590510e-01,-3.997031754782823937e-02,-5.426076098148481519e-02,-1.794813487621080283e-01,3.064727902017897604e-02,-1.180146370515967463e-01,-1.028523385484351321e-01,-2.227026788728748430e-01,1.205329759761808103e-02,-9.998634024741766269e-02,-1.515696542824618298e-01,2.335025706394009554e-02,-1.700654307839005730e-01,-1.698795857968434797e-01,-1.680115424158017401e-01,-3.782746524708929109e-02,-1.635488169723760821e-01,5.640681893750970621e-02,2.697518496596489346e-01,1.595752115540182564e-02,3.054088779864616923e-02,5.011340023000124821e-01,5.762760382076752563e-01,1.000000000000000000e+00,2.657573277079828822e-01,1.670002997825262292e-02,1.830572865969956053e-01,-3.486688999443903203e-01,1.894411585224891059e-01,1.443147600892926985e-01,-4.523627535085730234e-01,-1.227789258153682422e-01,-2.141544368463598469e-01
-2.355248200068771683e-02,3.105862597108776247e-05,2.361898925544838983e-03,-4.721862065675309222e-02,2.761226189722960911e-02,-1.091761948351990634e-02,7.746340826033842018e-03,2.279862977120238748e-02,-1.361433452036796971e-02,5.652841183881917100e-03,1.974655037392256465e-02,-4.272978430401119798e-02,8.366876235570823786e-03,5.550199295146436562e-02,5.961458106217933095e-02,4.042228167274226902e-02,3.329725102748493787e-02,2.806563254837336069e-02,8.486475624935448103e-02,5.502211909868948841e-02,9.301381651524125160e-02,5.541379314206552192e-02,4.136162081304054633e-02,-8.068264408730813422e-03,1.181203632648374774e-02,-1.650341543524181526e-02,8.926082976488518630e-03,1.852884875208389223e-02,-2.991950142742218384e-03,-1.656271606395336507e-02,-4.497181062504871339e-03,-4.196446576886021101e-03,-4.056129379089559034e-02,-1.567331986473648187e-02,2.525173404140797564e-02,-4.451005728884807611e-02,-1.725874549587219295e-02,-1.434241298139718110e-02,-7.103311982883764308e-02,-3.569856104440379679e-02,-5.467187260131950444e-02,-9.760848448889118678e-02,-5.975339978159220633e-02,-9.784216978647040930e-02,-1.228364855105062159e-01,-1.088937924138920488e-01,-1.133932077342887229e-01,-1.345591635423733778e-01,-1.049433566918999694e-01,-1.137638046690902655e-01,-1.324020133875374317e-01,-7.093364481689935774e-02,-1.221174003863066126e-01,-1.206071800053794413e-01,2.869494285500135550e-02,9.878279896807788674e-02,1.400575150981973049e-01,6.878870861553845230e-03,6.087176775559879210e-02,1.828053924411832676e-01,7.315234241057540221e-02,1.088558454742083459e-01,2.032348589642594613e-02,6.255002502030022893e-02,-8.631347179878819109e-02,-1.421587520928968562e-01,-1.109234947023375328e-01,-7.081973991341331161e-03,-1.337100375346541858e-01,-7.763046483469467074e-02,-5.553588913694578605e-02,-3.479313764390741526e-02,-1.780599429148307655e-01,-2.160277479541098181e-03,1.215982049487791469e-02,1.484632640509247481e-01,-1.989200148623293876e-02,5.856146453538879637e-02,7.723394368086958228e-02,-1.324855626850841633e-03,-1.275621892566704829e-01,5.133199954290219510e-03,-1.333862847604189716e-01,-2.004261796939716678e-01,-2.630145868953376320e-01,-4.959695968678257821e-02,-2.753294088597972311e-01,-2.157982416051507091e-01,1.323175201079184182e-01,5.956289716868581330e-01,2.657573277079828822e-01,1.000000000000000000e+00,4.730643150404410524e-01,6.193617921264182868e-01,-2.341508814995261339e-02,9.969285795034452113e-02,-3.879698359427057319e-01,-4.230446348565164993e-01,-1.356146145736857322e-01,-1.189769616769085527e-02
2.272212128269143153e-03,1.159362449754923751e-04,1.648000142971964982e-02,-1.056704251124942128e-03,1.302486969727409231e-02,2.772621427598876559e-02,8.616470824461515757e-03,8.344464940489869365e-03,7.387714374141418454e-03,2.325637213471448000e-02,7.947966703426375193e-03,-3.276801945048680303e-02,2.255227384614603980e-02,5.347918112404466406e-02,7.557190419976317353e-02,5.288981905922543469e-02,3.262048778358477702e-02,7.362782071367469927e-02,6.157940063654064600e-02,6.166255583916394056e-02,6.550935394409709844e-02,3.497407241693905461e-02,5.359017596847356207e-02,-2.040089646530197573e-03,1.612018268189505110e-02,-1.643801770418216318e-02,1.700716170112088338e-02,-1.183157592110475713e-02,-1.091129345921622827e-02,1.806001994634291383e-02,-1.161655333873820237e-02,-4.349512610130472010e-03,1.175785016828002731e-02,-1.873759508538353630e-02,5.534816938444968998e-03,3.379126096806319562e-02,-1.838872102566670511e-02,-1.737021304103712402e-02,2.656938354329103566e-02,-1.946716007796271339e-02,-4.159714905767056270e-02,2.178361034519524925e-02,-3.933292039737771445e-02,-5.528195086637945066e-02,-1.104330491163899378e-02,-1.041853147964017651e-01,-8.393489734880141273e-02,4.385173863276728770e-03,-1.370413714307540665e-01,-7.400793094635797764e-02,2.813820372963330568e-02,-1.511536350643406801e-01,-1.132760461450880440e-01,-3.752055692271310389e-02,-2.130452890384785525e-01,-4.516599547440585533e-02,-1.329829320684581540e-01,-1.829798746796621467e-01,-1.071131202112321629e-01,5.257359799337039778e-03,1.846760779452925882e-01,3.751213885247698402e-05,1.465077079609139188e-01,1.944163781782559108e-01,5.006338101243770072e-02,-9.447047294767266234e-02,1.702922372791658076e-02,-1.004747048262060599e-01,-1.194988943601957565e-01,7.830879663319301187e-02,2.163352358034236755e-01,1.085435760119954351e-01,4.779740667939980005e-04,2.371212560091832400e-01,1.811285446762390672e-01,1.680350022622685013e-01,2.200779191320641481e-01,1.812689414971965229e-01,2.280146500332778936e-02,1.623773277412174365e-01,1.111870775942104955e-01,6.858904135373064537e-02,-1.764802965510829935e-01,-8.241352506207749729e-02,-2.282968307825821996e-01,-2.888209432268289412e-01,-2.730386294971923200e-01,-9.356624061380809654e-02,-2.307758173799558665e-01,2.117927181780165924e-01,1.670002997825262292e-02,4.730643150404410524e-01,1.000000000000000000e+00,1.679731200516622336e-01,7.657904747497230880e-02,-1.195632954271041576e-01,-3.143683367272851470e-01,-1.426938672338529286e-02,-2.903301023248917520e-02,1.466337998779426999e-01
-3.372109669393462406e-03,1.233687086892572976e-02,1.369654065119637644e-02,-1.441181790239651032e-02,2.673573786321517889e-02,-4.384950103853628260e-03,1.506571796461457849e-02,1.446410646970618108e-02,-3.617378262375060133e-02,-4.140321046114948250e-02,5.069448868407626027e-03,-3.551456526531516361e-02,-3.328323328622834198e-02,-8.815077650628295319e-03,5.258554949053371314e-02,-1.552455820036744132e-03,-2.183213389405166960e-02,3.608284482660996384e-02,7.258686980172766867e-02,6.104182430785656116e-02,7.181340527631134563e-02,7.057446781287958493e-02,4.421029325601473492e-02,6.437122763942150494e-02,8.255348683188012959e-02,7.707818718053556506e-02,7.059122963194069955e-02,8.873575356105428691e-02,7.909887399051787615e-02,4.261234032098323160e-02,4.534469700766753653e-02,5.761931216420888846e-02,-5.400360178613934289e-03,2.693398431612776742e-02,5.685335716943168416e-02,-3.400869244471652064e-02,-7.035361184829259061e-03,6.577412516730081829e-03,-8.686647082782114615e-02,-4.596415834776635539e-02,-6.753361025070442336e-02,-1.316908312987657981e-01,-5.591056795134180524e-02,-8.363132720166420453e-02,-1.457579728279188025e-01,-7.666468567230357023e-02,-8.511207439211790349e-02,-1.854281314714681661e-01,-8.426872026081723421e-02,-1.153944489736541679e-01,-2.026650682565152295e-01,-5.977176090096473354e-02,-1.106285289810832184e-01,-1.767451153154907251e-01,1.171730608260189849e-01,8.194840627128641142e-02,2.405824814548127022e-01,7.731732859842822825e-02,9.778604266856452676e-02,2.696819556644079463e-01,3.104217646248538104e-02,1.935157707816669292e-01,-1.328833614436498133e-02,-3.891794032560523531e-02,-8.599009963812223600e-02,-1.823434634398808651e-01,-1.916777697132177050e-01,6.672530187168528373e-03,-1.801652448855186883e-01,-1.388279703367101825e-01,-1.180296432668096335e-01,-6.371567159320322415e-02,-2.432307224518799049e-01,-6.482829211928707591e-02,-4.046826828069764043e-02,9.643027602652461117e-02,-5.914674235508639299e-02,2.062722071349268674e-02,4.819324317150564668e-02,-1.090844047465487493e-01,-1.822969940281596590e-01,-2.415945122881913223e-02,-1.098515355415671246e-01,-1.949604046082766273e-01,-3.254649314035709673e-01,-3.757705137375275811e-02,-2.027591449395408640e-01,-2.996644353995172594e-01,1.554699355179058051e-01,4.101695181281327929e-01,1.830572865969956053e-01,6.193617921264182868e-01,1.679731200516622336e-01,1.000000000000000000e+00,3.672611079586277083e-01,2.763223729483613722e-01,-5.233637997079324533e-01,-4.319762684294159438e-01,6.403793359695002154e-04,6.372642269491163303e-02
2.802095244687342890e-02,-2.679296771494477959e-03,4.023521764097601899e-02,4.556253945798698773e-02,-2.662364983936088211e-02,-2.667515173348055518e-02,-4.704170052255737811e-02,-1.192422163423339718e-02,-4.930376794857969924e-02,-4.712327246059808822e-02,-5.175743289634968797e-02,-3.958628378742650583e-02,-5.607391164041859721e-02,-2.433222279491012788e-02,2.448828881064821911e-02,-2.109341392317129818e-02,-2.568268791666706435e-02,4.028083359839557120e-02,-4.843213171376193477e-03,2.056994224776463598e-02,-4.603273864120839835e-04,2.473463183406256205e-02,2.607524654805395276e-02,1.005104788221259648e-01,6.759798112666152992e-02,1.034937737856257839e-01,8.130680348179465666e-02,5.766671777756447737e-02,9.552864625096822715e-02,8.960719963695432111e-02,3.454273148654411069e-02,7.627042298493208472e-02,7.738836301379392602e-02,2.609383032983546985e-02,5.485760189579080848e-02,5.939549214302879132e-02,4.393413669999671721e-03,4.770713400670435062e-02,1.621918997310731539e-02,-2.140526166194922295e-02,1.192016465797260567e-02,-1.329551293922309231e-02,-1.870810498847388231e-02,2.779921954764521738e-02,-4.010873852577676035e-02,-3.345045670323166381e-02,5.009343671177368673e-02,-7.869065030023414398e-02,-7.080120432762569693e-02,2.094902137999137340e-02,-1.230163308345627454e-01,-1.275082008201396389e-01,1.801140059289762368e-02,-1.380724798419379895e-01,1.647305763023035677e-02,-1.207999660472839770e-01,3.529612904299312542e-02,2.240732617439311972e-02,-8.598962328198479776e-02,1.507521656019799872e-01,5.049913076507429877e-02,1.873019599781960975e-01,1.036001464629245916e-01,-9.444946690417293719e-03,1.041703450383957286e-01,-1.083575972137000298e-01,-9.746012587738077382e-02,-1.458037069184869583e-01,-1.048980141554752832e-01,-1.647513618934763960e-02,1.176046655486012171e-01,-6.716667778232955632e-02,-2.048768577918558265e-02,4.971669141509667267e-02,1.264362161824927888e-01,9.032687899875557758e-02,1.203015011176644111e-01,1.865408889828915895e-01,5.050311965879314413e-02,5.842331540247254484e-02,7.740967769020633271e-02,1.098053158055311979e-01,-1.729173060839437823e-02,-2.147190599328321903e-02,-2.329724065044455339e-01,-2.441385704206896767e-01,-1.764670543038851167e-02,-2.073922001334920218e-01,-2.093869038468090527e-01,-1.236852650259968045e-01,-3.486688999443903203e-01,-2.341508814995261339e-02,7.657904747497230880e-02,3.672611079586277083e-01,1.000000000000000000e+00,7.215352998452034816e-02,-5.064143231570333858e-01,3.562074258419408168e-01,3.104317206790641048e-01,3.320936059233028370e-01
1.694730754105256906e-02,4.837220922537199125e-03,-1.681382501158472376e-02,3.276707112184921306e-02,-1.219779857714020123e-02,-1.517903617606105628e-02,4.767387547841468037e-03,-3.558783610741439452e-03,-1.211487470993836621e-02,-9.844098576743551265e-02,-6.283609611620274982e-02,-2.926046413054205712e-03,-1.151804112976921313e-01,-4.471634807089022029e-02,-6.237690017206749121e-02,-9.395872782599959394e-02,-2.958394564767794985e-02,-4.234696651701359144e-02,1.649078561966370662e-02,5.091364528920500759e-02,3.170893680434118400e-02,3.238533899505578045e-02,4.937455273516468124e-02,5.301373342117499977e-03,-9.973300862380768406e-03,2.409448934898114451e-03,-5.599095320883008646e-04,-1.414433527979246617e-02,2.916509965772670285e-02,-1.124429920028349218e-02,-8.249998436390224010e-03,1.330772792326273025e-02,-2.057928288984054235e-02,8.223986433040932076e-03,2.125828148279454780e-02,-1.833506403414072311e-02,2.814906956188233458e-02,4.119454927147846168e-02,-2.672702745562431301e-02,3.984297825556534084e-02,4.181568901772861335e-02,-4.008898105764917286e-02,5.254939272605051864e-02,6.381542886937102699e-02,-2.374285855538927140e-02,8.902183390570182764e-02,7.207184650236779511e-02,-9.096223229238986629e-02,8.754313054532798788e-02,3.023111125663451026e-02,-1.643539074553316548e-01,1.241691546540812929e-01,5.024175882916608049e-02,-1.439493373784544172e-01,2.837539974016343725e-01,1.284825765239006601e-01,2.998080344298763578e-01,1.800943360821527506e-01,1.478219097661828962e-01,2.012361118634394541e-01,-1.306158097909633775e-01,1.463013893325725012e-01,-1.674474831763412830e-01,-2.036535986084196392e-01,-1.335648652894182165e-01,-8.205916200312218800e-02,-1.968963846297893117e-01,1.044881562001290648e-01,-7.020297337068184818e-02,-2.107887775893164395e-01,-2.087655885818816004e-01,-1.394549044736773380e-01,-2.472971701677509904e-01,-1.036295205405069753e-01,-1.419981152460028373e-01,4.220221911854308422e-02,-1.890541536897495101e-01,-1.728976636835732328e-01,6.906682466661544229e-02,-1.333900467941039614e-01,-1.008717590524748769e-01,4.037224421000883828e-02,9.516322783401350016e-02,-4.212693422554605882e-02,-9.530554257860089640e-02,7.829320114658182284e-02,-1.913364399306500263e-01,-2.433493792210293383e-01,1.659978532794993689e-01,3.378207611985807879e-01,1.894411585224891059e-01,9.969285795034452113e-02,-1.195632954271041576e-01,2.763223729483613722e-01,7.215352998452034816e-02,1.000000000000000000e+00,2.185139056289232273e-01,-2.273608729429957287e-01,3.151487972390626391e-01,7.198801116293995772e-02
-1.719164234802608715e-02,1.453183863744459021e-02,-3.217215764231473596e-02,-4.922160983553315258e-03,1.730060331474877339e-02,6.004855746181840537e-02,3.654155105670285619e-02,1.970338554937203085e-02,8.668565414131444713e-02,4.405468755618911075e-02,1.165524113486380089e-02,1.027393872918270085e-01,1.278311068404324249e-02,1.812797539634639164e-03,-4.836932066941344865e-02,1.336934493035773792e-03,1.548192930271573287e-02,-4.018333204981345413e-02,-4.752077996937015963e-02,-7.859343750690774271e-04,-2.780803179460252655e-02,-2.367607867734207103e-02,2.517933673747176949e-03,-6.372248103491236215e-02,-7.266979850656954398e-02,-8.225569629362231017e-02,-5.942663579360329268e-02,-8.361076811434074718e-02,-7.754286180916922233e-02,-6.515096594137788355e-02,-4.001492771306795065e-02,-6.005223184184401569e-02,-2.790296930184817462e-02,-8.155804889911081462e-03,-4.052772231970928202e-02,-1.797578207090372174e-03,1.588528041712040234e-02,-1.644790620805596654e-02,4.405569600156072213e-02,5.028710511118685694e-02,5.090069089318797341e-02,8.012333556874423612e-02,6.500209793196809471e-02,9.598464423580180260e-02,1.160953736097373040e-01,1.234280056407886933e-01,1.162007394377837927e-01,1.277456296155419224e-01,1.454180550327685562e-01,1.304984671947092556e-01,1.023477268713584715e-01,1.490090014638534854e-01,1.604503058434908203e-01,1.213623410871339930e-01,8.172088458285528545e-02,1.468569982377285026e-02,-4.947856939140542198e-02,5.893799240789432403e-02,1.454933417362536639e-02,-1.645846349243834661e-01,-1.367838210277037558e-01,-1.044219969561058226e-01,-1.330965290530293776e-01,-1.403593920175606469e-01,-2.668819634368346447e-02,1.643994637992303720e-01,1.435710344667409611e-03,9.320441961177074186e-02,1.614908613085348499e-01,-8.967248657013569824e-02,-1.310463077381495145e-01,-6.827067468916429849e-02,4.012323692326840580e-02,-9.204011661150618417e-02,-9.331232524708384102e-02,-1.085660614969283649e-01,-1.624417938866433431e-01,-1.928405760653367218e-01,-9.528305887865993334e-03,-6.136116850706310050e-02,8.593565730186134011e-02,-6.448521455457834235e-03,1.313685299030112608e-01,1.609097736415774638e-01,2.687421323844185195e-01,2.344352107894868142e-01,1.427255280359099598e-01,1.756354100311468269e-01,1.559823548904792634e-01,-8.878283857910457266e-02,1.443147600892926985e-01,-3.879698359427057319e-01,-3.143683367272851470e-01,-5.233637997079324533e-01,-5.064143231570333858e-01,2.185139056289232273e-01,1.000000000000000000e+00,1.683792576342784675e-01,2.208133966903514656e-01,-1.073616133123517918e-01
1.707598824800849943e-02,2.531267178908683940e-02,4.052786150633030243e-02,2.397033825302316221e-02,1.082322530437459900e-02,1.849965810185955420e-02,-1.936139412949473837e-02,-1.294629439403375713e-03,4.692397804466843375e-02,5.986962634290195207e-02,4.360776856791418604e-02,6.147124511511217054e-02,3.015888641415764501e-02,-4.278636133834348709e-04,1.743777058680006558e-03,2.591881237791019907e-02,-8.011546357906143556e-03,4.611140833671423939e-02,-6.273912792742510937e-03,3.507790722926904664e-02,2.111009699857797645e-03,2.984866680178487747e-02,2.473040618003714136e-02,1.835047632262444550e-02,3.935454218538651273e-03,1.729315016315702627e-02,3.453771788489261307e-02,-1.154888370648372679e-02,1.246729286487421526e-02,4.908560094153692488e-02,3.572337242173810167e-03,8.250958209073924049e-03,6.965985602186074155e-02,1.622721753242076584e-02,-2.064944169953521723e-03,6.629506136964760654e-02,1.352108626255174931e-02,4.164963738542095360e-03,7.959887503739018766e-02,1.698281090295887877e-02,4.813396934450128034e-02,9.192465008630554268e-02,2.097636614281460365e-02,7.647914452882317859e-02,8.209749574545134598e-02,2.171251213377532394e-02,1.085610285757282328e-01,9.717330899148425571e-02,-7.282971378518690413e-03,1.253807520162238121e-01,7.846103255026254386e-02,-8.098461912010623820e-02,1.216967288061837349e-01,5.931103081253726733e-02,-1.191219024034043672e-01,-1.630477522780595934e-01,-2.067492241197003700e-01,-7.996294424573954784e-02,-1.746242893814551611e-01,-1.031707046912480052e-01,5.595249020984148502e-02,-3.389845390414633185e-03,1.335064299928637177e-01,6.885213500783833596e-02,1.879770675266944358e-01,7.152454646857438203e-02,7.318306680039717016e-02,-1.449727434592703867e-01,6.973229387982460281e-02,8.554705311673840851e-02,2.311625479583741816e-01,-2.426933438381697478e-02,2.012050574966279537e-01,1.436068060120097023e-01,2.305581385168686548e-01,1.698657154454156701e-02,1.416340163194628188e-01,1.982195460996404590e-01,7.370272264363238526e-03,1.343467220292835773e-01,2.006732244805353449e-01,1.142848730645224103e-01,3.817206706990567550e-02,1.369918702209814987e-01,3.595180030509410180e-02,-1.700383345650552103e-01,1.118864247958707980e-01,3.448694857689787313e-02,-3.221483659982318781e-01,-4.371986192347792621e-01,-4.523627535085730234e-01,-4.230446348565164993e-01,-1.426938672338529286e-02,-4.319762684294159438e-01,3.562074258419408168e-01,-2.273608729429957287e-01,1.683792576342784675e-01,1.000000000000000000e+00,4.012258869391935878e-01,2.961806001731049909e-01
4.378309693980808950e-03,5.782922860735615830e-03,-2.007549995197410383e-02,5.220406094702902122e-03,4.034212567950798010e-05,4.737224723715297708e-02,9.123838514329893346e-03,1.797425142760600975e-02,5.565532981440343696e-02,6.806439632508386184e-02,2.716112571259124767e-02,7.487710988903516218e-02,3.076903944778783262e-02,-1.067441337030071609e-02,-8.055779977722722987e-03,1.665885245222229957e-02,-8.971756438841552508e-03,2.519122129593041187e-02,-1.835075783299246893e-02,4.709891937479380314e-02,1.410574279382873115e-03,5.385190050401345192e-03,3.097722503114018824e-02,2.810256802027605999e-02,-4.460952960885043034e-02,8.100171954144077743e-03,-1.110444871950670709e-02,-3.245225623198927378e-02,2.796492588273729457e-02,7.181924152086199657e-04,-1.655429257458258308e-04,3.455008754175909608e-02,2.073865138570179460e-03,2.841006345336801256e-02,3.626018605902815717e-02,-1.711382251417694830e-03,3.506226821296308527e-02,3.971798476635429731e-02,4.227174596713695158e-03,3.790752684785268084e-02,6.529690904619135650e-02,-1.726049063448539074e-03,4.196269578980402204e-02,1.025820164213404329e-01,7.897806344441935314e-03,4.349223187538604068e-02,1.110169222010119611e-01,-3.159302557582359394e-02,2.761392581574883057e-02,9.848015579541004316e-02,-8.311712182927571968e-02,-2.529290984914554091e-02,1.608022895273411301e-01,-7.126234303083441024e-02,1.198935510522182030e-01,-1.395964686556158962e-01,2.122364334222591811e-02,7.035663180860519950e-02,-9.841061848534746193e-02,5.134491256444356777e-02,-6.161711807953925563e-02,1.560820490920224457e-01,1.556681872430211097e-02,-1.642601419583643307e-01,8.822119978561984710e-02,-6.796050709584648686e-02,-2.372870945323753422e-01,-1.694126506087139383e-01,-6.432187605901500127e-02,-2.275329053947838243e-01,-7.048399012434551636e-02,-2.153328239142301703e-01,-1.158733025813943884e-01,-5.390408854506000685e-02,8.173231776782766134e-02,6.524391911465567129e-02,-9.180774687244534771e-02,-1.203509725151956887e-03,8.765278702572397440e-02,-7.956218972373304416e-03,1.031649607252142220e-01,2.213089411231720094e-01,2.856209460479658055e-02,1.213632192012376598e-01,-1.293228969499510550e-01,-4.784068792833762185e-02,4.080062360316551867e-02,-1.657854041493497521e-01,-2.904428910294989952e-02,-4.901833341327769406e-02,-1.227789258153682422e-01,-1.356146145736857322e-01,-2.903301023248917520e-02,6.403793359695002154e-04,3.104317206790641048e-01,3.151487972390626391e-01,2.208133966903514656e-01,4.012258869391935878e-01,1.000000000000000000e+00,4.363801121877972644e-01
-3.323181738595289841e-02,-3.222688651895814355e-02,-5.276393778046112315e-02,-2.323770667100853379e-02,-4.420776903181116574e-02,-1.169277653733177824e-02,-3.460586909606203077e-02,-2.346253344242935426e-02,-3.220101399881640514e-02,-9.051923147461948815e-03,-9.939996688578140241e-03,-2.836388754517643954e-02,-9.012887373851244041e-03,-3.952047192039741946e-02,4.649477392405185552e-03,-3.517314748464511753e-02,-3.618876605176755273e-02,1.725821431155919947e-02,3.177092683394571598e-02,1.891029870925607301e-02,4.650763868748004903e-02,4.800668764746349182e-02,-1.073920717289228964e-02,-3.416086103991162332e-02,-4.513873582334144291e-02,-2.465204018943810069e-02,-2.493118507480553137e-02,-4.563730406684941843e-02,-4.209114641667145024e-02,-3.228609547810275260e-02,-6.092649093200212113e-02,-5.851996918454534929e-02,-3.526301425157853109e-02,-5.878321171899678066e-02,-6.043506896548552637e-02,-4.001057204069290163e-02,-6.606272531953076566e-02,-6.309112686844545181e-02,-6.234832938650488460e-02,-7.738362572054147126e-02,-4.741727546304474322e-02,-5.927522971429807774e-02,-7.442586521005788158e-02,-4.002296831247319220e-02,-8.264327238248486696e-02,-1.075043723305694754e-01,-1.516223675618456543e-02,-1.102145597722127418e-01,-1.404169467739541932e-01,-5.097220831539897579e-02,-1.520189906188567641e-01,-2.030653299520007171e-01,-8.147238394323719213e-02,-2.040006436956403879e-01,-8.166028145601977872e-02,-1.876873198402229659e-01,-5.333254004716460328e-02,-1.029397102865668850e-01,-1.730780944567400226e-01,1.153350327894286653e-01,1.279510540750049552e-01,1.613632680392897978e-01,9.276686890619009751e-02,1.200023932150880157e-02,5.188543287944950150e-02,-1.910241673149125907e-01,-1.789901838715174942e-01,-2.214753430093522879e-01,-1.987051560496016500e-01,-1.144929120871662070e-01,6.771522133071578020e-02,-8.534447921481136401e-02,-8.829120576352711414e-02,7.102063940339209402e-02,1.553862230054047222e-01,1.467624116174076621e-01,7.844517581722844357e-02,1.183335844474666387e-01,7.718152514118156726e-02,2.841845443584656988e-02,4.838609503526573180e-02,1.388048468245593192e-01,-1.675632501707860211e-01,-6.580559908028815741e-02,-3.927155656525133653e-01,-3.374682215037833055e-01,-1.656896556632915241e-01,-3.305988898791837882e-01,-2.366846167557842273e-01,-1.007708406190163525e-01,-2.141544368463598469e-01,-1.189769616769085527e-02,1.466337998779426999e-01,6.372642269491163303e-02,3.320936059233028370e-01,7.198801116293995772e-02,-1.073616133123517918e-01,2.961806001731049909e-01,4.363801121877972644e-01,1.000000000000000000e+00
