1.000000000000000000e+00,5.492213573963384832e-01,6.501632865599871192e-01,-3.404336520294988511e-02,-1.218366829730185563e-01,1.978694647069688672e-01,1.019135070914879565e-01,-5.644469479443198212e-01,-2.479833934096059567e-01,2.980018965628843941e-01,-1.773928278985943130e-01,-5.746808329674558680e-01,5.584119366310548449e-02,9.798439070538407514e-02,-5.196858272248832122e-01,-2.344036538567239869e-01,3.053183565004771727e-01,-1.395483412347346686e-01,-5.254068518257423159e-01,-8.414159783279785698e-02,2.325232937346908002e-01,-3.076194553390866893e-01,-4.277108142881563824e-01,-1.144050325502578638e-02,2.250468396421886549e-02,-3.686913438196889881e-01,-1.274829798330532615e-01,1.962902062557028704e-01,-2.753851641639744607e-01,-2.662432066937638897e-01,1.659455380677914704e-01,-1.371877639582696519e-02,-3.727807208303588471e-01,1.051092181829997446e-01,3.214195767080778587e-01,-2.476863939547173377e-01,-1.442794264097053969e-01,3.353926605455510579e-01,2.116524597321320714e-02,-2.293236947174845941e-01,2.408135585109440757e-01,4.084867249374153908e-01,1.213375325793827619e-01,-3.013329739999853762e-02,4.520558733993638167e-01,6.119188646620814243e-02,-3.556329096882867025e-01,1.646644265353946202e-01,4.702088590394107870e-01,-6.640977645514481442e-02,-4.269097121416169927e-01,-1.057820306109119174e-01,4.948344848718247424e-01,1.161066693655863624e-01,3.799359072621532052e-01,1.329078355422613766e-01,7.015715600569893962e-02,-3.398607277329980803e-01,2.356769018372805446e-01,4.979697417799323622e-01,-1.032835869163948178e-01,4.706650774255021208e-01,2.850912462377302448e-01,-2.533067204086786872e-01,-2.072906641324135102e-01,4.000042312962625024e-01,2.491451737761138097e-01,1.752074486309597445e-02,2.634075468247452090e-01,5.216936690494172746e-01,1.197762436146962732e-03,-7.648417998325750256e-02,5.071240990381122860e-01,3.255186486426772663e-01,-1.904255313124597615e-01,1.399319094041064637e-01,6.078705816297850228e-01,5.883667822750794640e-02,-4.122907481947515329e-01,-1.861700059800551477e-01,2.683031377320134817e-02,2.294217056925188514e-01,2.183510386276364401e-01,2.289184692526929354e-01,-1.040158831524875260e-01,4.372182296187501760e-02,1.823082799562355805e-01,6.522718802088223189e-02
5.492213573963384832e-01,1.000000000000000000e+00,3.339254128411114353e-01,-4.423935200583995475e-01,-2.165443625150418605e-01,-5.327095478586382077e-02,-3.859543416491690304e-01,-4.287411273211307328e-01,-6.246218154772125580e-02,-1.705528505165382902e-01,-4.493593955853996125e-01,-2.776425076742502496e-01,-4.217461280604549445e-02,-4.012543731046662732e-01,-4.228119044838423157e-01,-1.488599811653934339e-02,-6.757078872583312246e-02,-4.874414289430462621e-01,-2.727823977633528907e-01,-4.767326795599775846e-03,-1.961361028326216449e-01,-3.978101564506676402e-01,-1.279904337733268338e-01,8.588925028618177304e-02,-2.149790011694941161e-01,-3.711472466571227868e-01,7.671801162169147870e-02,9.698446294142086532e-02,-3.486234610361235164e-01,-2.182581816197644853e-01,-4.842949693135940176e-02,-1.166553944208720134e-01,-2.790134173496087167e-01,2.251424523753378926e-01,1.202750171382089145e-01,-3.794778803867898120e-01,1.662205886483544143e-02,3.744851886004201269e-01,-1.856768511522891019e-01,-7.514001275972928551e-02,3.944521816590458863e-01,2.011494200685663702e-01,-1.790085775958900616e-01,-1.268652848604132355e-01,3.273106310502981176e-01,3.683899787948086146e-01,-1.927062549024733396e-01,-6.219615182087654542e-02,4.603128675640595913e-01,3.132213383972008991e-01,-2.690363781361081452e-01,-2.833862534731225735e-01,2.696302033890907723e-01,4.403434549851115709e-01,1.969892772778024381e-01,-2.030819245287625030e-01,2.950028467554657863e-01,-4.034283974888452362e-01,-1.275715096049901964e-01,5.376822545678612286e-01,1.571646398494189745e-01,4.259527085107254751e-01,2.376300697566990916e-01,-4.358254590777984466e-02,-1.072069482310630817e-02,5.007271047514652018e-01,3.785708569378058441e-01,3.456519711895589819e-01,6.604994071056217997e-02,3.312307371837640013e-01,3.668946780465900948e-01,7.759742227777711998e-02,2.100661745574172734e-01,4.237609887706603184e-01,2.260218546931657690e-01,3.590027636432208819e-02,4.178348241435891341e-01,3.528545780149598965e-01,-2.349583598552604236e-01,6.979428910441091982e-02,1.155203889090599713e-02,-4.463467522427645717e-02,1.629707080874148728e-02,1.016491346311646782e-01,1.093673984188074794e-01,-4.759968407461147299e-02,5.053426516397950541e-02,6.025168348032038101e-03
6.501632865599871192e-01,3.339254128411114353e-01,1.000000000000000000e+00,2.923931210003682390e-01,-1.598473609209075941e-01,4.383501573987114708e-01,2.303903902872032339e-01,-7.747236216865301950e-01,-2.345360156073574842e-01,5.708157257049990552e-01,-2.253630804251416653e-01,-7.676128120724078352e-01,2.328590451329235200e-01,2.777174468505458349e-01,-7.135862211689245616e-01,-2.880338914038009790e-01,5.664458672720670274e-01,-1.072771808947361599e-01,-7.471980609273020102e-01,1.976865656702202559e-02,4.213011081824641901e-01,-4.634585972715982161e-01,-6.303565559126428353e-01,8.791262039361005809e-02,2.247482326227987492e-01,-5.421879575540713425e-01,-2.023835873491918180e-01,4.583295405799631128e-01,-1.954622853273655370e-01,-4.936523587285151504e-01,2.621610998273123383e-01,2.106251779654523260e-01,-4.813047817186897337e-01,1.936964999689507749e-01,5.602602777512538657e-01,-1.843646640287920080e-01,-1.720717036746921280e-01,5.068543900251143430e-01,2.362229407371763679e-01,-1.958016155127765834e-01,2.370866553563525936e-01,5.629265032266237423e-01,1.290197325426435393e-01,-2.004312879411978832e-01,5.832904075779984376e-01,1.410239509891207145e-02,-6.226481113713424609e-01,1.438268330571726150e-01,5.863229876957820608e-01,-1.583653394194513564e-01,-6.680750679049087815e-01,-1.985877293032524138e-01,6.298799754346081636e-01,8.060988769228785711e-02,6.420831341409688475e-01,1.578091935611360130e-01,-1.265204905925556844e-01,-5.141711485801067072e-01,4.190130033044982549e-01,5.642170167695819138e-01,-3.482555078961515060e-01,5.170823426490123165e-01,4.906207504392561258e-01,-3.197625030481725528e-01,-4.253314700520493541e-01,3.917787350121441081e-01,3.527322399307270540e-01,-1.648648409693641015e-01,2.354034633533700904e-01,7.285642713243666302e-01,-4.318757654681288499e-02,-2.855884146634460330e-01,6.235259717774496169e-01,4.740675322882382803e-01,-3.733863380063662807e-01,2.946423069692781158e-02,7.771204347725458872e-01,9.036999343244998817e-03,-5.992909410704945206e-01,-1.373726814945073482e-01,2.160909357460749913e-01,4.361970353746238427e-01,2.463596651164052242e-01,4.023483394240434663e-01,-2.147531875775584853e-01,-1.347416729192482399e-01,9.310022380751606375e-02,-1.217627948759767431e-01
-3.404336520294988511e-02,-4.423935200583995475e-01,2.923931210003682390e-01,1.000000000000000000e+00,3.700625879391127304e-01,7.218361595945785858e-01,2.646109815503005502e-01,-2.592988463029373691e-01,3.629396523482317782e-01,6.855435050958856857e-01,-1.004106409279938023e-01,-1.196417671378543074e-01,6.442503897700931903e-01,4.076448327678753314e-01,-2.321894571933011409e-01,2.466329799977874937e-01,6.548636374807559335e-01,1.257314224566503380e-01,-1.685438475310314654e-01,3.716267008154086615e-01,4.921094311299840651e-01,-9.252267707363318050e-02,-1.391240168420429801e-01,2.541106048337806178e-01,4.539708983843699364e-01,8.560715507723008766e-02,3.454452780798097835e-03,3.597928712465278678e-01,5.071025124529452421e-01,-1.920736381480548094e-01,1.090986392281857904e-02,4.956501019586746493e-01,2.271040591775390916e-01,7.390756409829805917e-02,1.897192646453573772e-01,4.904381713984535818e-01,7.987032632869388304e-02,-1.092205724935130934e-01,4.502144499628559782e-01,1.981024922617492245e-01,-3.179696654014650403e-01,2.249051744702378064e-02,7.771814211241985515e-02,-2.812534063334665713e-01,-1.221604368852089173e-01,-3.233542882691790021e-01,-2.877259659700618366e-01,-1.272594751865550600e-01,-1.701024398848964281e-01,-3.065033696221894366e-01,-2.112917374894706102e-01,-9.334711258172737058e-02,-3.594293075408053900e-02,-3.314130418789659749e-01,3.136965516401045706e-01,6.437645169742893525e-02,-5.781521968568282821e-01,-4.501088472352685749e-02,2.944905800508390570e-01,-2.588467784562912821e-01,-5.555435021411450069e-01,-2.996450327087231691e-01,2.903228332205438078e-01,6.943450469813595982e-02,-4.074131802362401800e-01,-4.689494155186871294e-01,7.013217621206165042e-02,-5.851826588997114387e-01,-2.098053221689822057e-01,2.830285375841960493e-01,-2.468042220116961061e-01,-5.646350990709778639e-01,7.350197489926081629e-02,1.574409563400988865e-01,-5.262148339153188692e-01,-3.814791586775981291e-01,1.319365938754033241e-01,-2.140801607950086616e-01,-3.587038456114324259e-01,9.339849847910820790e-02,3.521364639316664769e-01,3.894834770725302264e-01,-9.563082216129809021e-02,1.280035993107101200e-01,-3.573641153630910394e-01,-2.704202533156384036e-01,-1.714855611099834753e-01,-2.013013781577698835e-01
-1.218366829730185563e-01,-2.165443625150418605e-01,-1.598473609209075941e-01,3.700625879391127304e-01,1.000000000000000000e+00,3.256069726378953422e-01,-2.283292078593003038e-01,-5.139543568753600356e-02,4.228881407957640337e-01,9.418667121569970768e-02,-2.855058849598361426e-01,1.848537534265039806e-01,3.721971261792685892e-01,-1.703629055783712209e-01,-9.396746648545960257e-02,4.245996281391446470e-01,1.554131225055375154e-01,-2.591805010448578472e-01,1.397617773963722443e-01,3.202157533173987103e-01,-4.881847019129281068e-02,-1.892597250266800646e-01,2.702342563286426191e-01,4.658550163837334446e-01,-8.475075876464747970e-02,-1.457216243966384488e-02,4.905063342397802950e-01,2.159930550470633703e-01,2.624762095590185695e-01,-2.016810175727876686e-01,-4.586371204967159554e-01,2.024929082123013424e-01,3.285840466048675079e-01,4.249888571636269985e-01,-1.647907827785473900e-01,1.329995976097123334e-01,5.220886546273710849e-01,1.578517942639928728e-02,5.216718883574900795e-02,4.295337096341716454e-01,-1.419834012471341174e-02,-2.674844726743006440e-01,-2.825388514076911384e-01,-3.556772790874697665e-01,-2.712777697881903483e-01,5.608886961230120233e-02,-5.883993562147556838e-02,-3.792737638389810373e-01,-1.904240164049201267e-01,9.977074768399375737e-02,3.721467162221356317e-02,-2.395046703917464714e-01,-2.698770024927346634e-01,1.252933773455846764e-02,2.817087027376054612e-02,-2.468116732939832358e-01,-2.540017141411038959e-01,-8.325303530107695804e-02,-1.617647762115573540e-01,-2.112015230737311899e-01,-2.059151453498197504e-01,-4.011470859083364204e-01,3.015180323078456848e-01,4.385049856319879202e-01,-1.910894140260623389e-02,-2.528260847482091678e-01,3.211836732732292199e-01,-2.251880822233595647e-01,-4.715267821712948448e-01,5.073530012832634661e-02,2.294402796451766868e-01,-3.543571969538856781e-01,-3.202856519678396463e-01,2.476821745468327785e-01,1.360408150452122045e-02,-4.539597872136242329e-01,-9.005006598043824306e-02,2.749636681529848969e-01,1.488464546954494129e-02,4.737860223663822867e-01,-2.592949173957061204e-02,-1.693814567811311456e-01,-4.671371356910705708e-01,-2.866100126428461001e-02,1.295889431385937873e-01,1.120252936791580473e-01,-2.137767866503728353e-01,-5.694613465532689933e-02
1.978694647069688672e-01,-5.327095478586382077e-02,4.383501573987114708e-01,7.218361595945785858e-01,3.256069726378953422e-01,1.000000000000000000e+00,4.463051288583651938e-02,-6.253787388402908265e-01,5.356562257934741611e-01,8.125093338427415990e-01,-4.832949711154745920e-01,-2.919063712609404337e-01,9.190052971244214719e-01,2.676217234125252697e-01,-5.859623428903368847e-01,4.054908860674544258e-01,8.695503913447356625e-01,-1.809865428462269776e-01,-3.636051162036730289e-01,6.593489289899392425e-01,5.086282470007843504e-01,-4.501505465325867372e-01,-1.887052880096012630e-01,5.538069218796229931e-01,5.036404530134706015e-01,-1.513281669709051203e-01,1.089243857199462817e-01,6.308417064431534049e-01,5.040353836301305623e-01,-4.796543888280399015e-01,-8.407520788948651125e-02,6.748859660362104274e-01,1.466589255375982670e-01,3.397090971857865682e-01,3.354279850386823747e-01,4.215576254648537025e-01,1.958784557556711714e-01,1.262737818909791254e-01,4.976951289547759116e-01,3.192234427331211433e-01,-1.336176286390844403e-01,1.098060387622499384e-01,-8.925594623628030355e-02,-5.560382487554957898e-01,1.133404930852622075e-02,-1.521138206619926103e-01,-5.371023064074866848e-01,-3.156969521837554304e-01,5.948662672569997312e-02,-1.354393840367006108e-01,-5.024617233125192595e-01,-4.279913050756364856e-01,7.536760177570341057e-02,-1.036043304348526900e-01,6.038634148352197695e-01,-1.686984449082107596e-01,-6.858759002141259220e-01,-3.847104339769248926e-01,2.782953519102441819e-01,-6.310198003000148936e-02,-7.174932774044900929e-01,-2.494521550024624834e-01,6.265844752750819868e-01,1.614396030600505905e-01,-6.615027268387144721e-01,-3.743264776988687315e-01,4.385173164356021558e-01,-5.893225233937251506e-01,-4.077917379192198544e-01,6.183981381830135904e-01,-1.643832394710709882e-02,-8.390558866672911398e-01,1.175825660183476701e-01,5.702665087211900019e-01,-5.340482312053658198e-01,-6.410692316417045955e-01,4.037131489571376686e-01,5.539845238780703035e-02,-6.045353210543015221e-01,2.367683037803474666e-01,6.404940875840116066e-01,5.266920966055897990e-01,-1.060265624636055615e-01,3.726440927516843638e-01,-2.257981737093956165e-01,-3.835533803599732172e-01,-2.249252984999290106e-01,-3.604546915711021593e-01
1.019135070914879565e-01,-3.859543416491690304e-01,2.303903902872032339e-01,2.646109815503005502e-01,-2.283292078593003038e-01,4.463051288583651938e-02,1.000000000000000000e+00,2.568351243762274916e-02,-6.271810441418096405e-01,5.730991891315811992e-01,7.855712742692273487e-01,-4.649388097822271804e-01,-2.247265476921472271e-01,9.399656728502066017e-01,6.515042887140723438e-02,-7.078701201124812936e-01,3.773224507781346992e-01,8.413978744083046024e-01,-4.130863629221692701e-01,-3.720410652511554339e-01,7.008116937635455734e-01,3.093617413913076764e-01,-6.450812096879722235e-01,-4.179479905278943308e-01,4.743871761816957355e-01,-1.048373490902662214e-01,-6.217219060253658114e-01,1.416431582067796402e-01,-2.862544289437029318e-03,-5.530330293838442435e-02,6.127820586681633763e-01,1.356811419655303275e-01,-3.722146972992908531e-01,-3.817095336851565879e-01,4.833645588295267803e-01,1.394423285397749235e-01,-5.093210792506135398e-01,2.000023149284012661e-02,4.191762740149151956e-01,-4.392119710426019563e-01,-2.840267149145106473e-01,5.171360612583292271e-01,6.520677296519500343e-01,3.288494075686710927e-01,3.423175056596631793e-01,-6.052463855403935611e-01,-2.730263055785559501e-01,5.919534610144467912e-01,5.802473459381098791e-02,-7.421250678878150708e-01,-2.186612844918740806e-01,4.897169596370057887e-01,4.732407971221999077e-01,-6.254317302354124308e-01,2.367626161712521604e-01,7.425690421084619741e-01,-2.601653434588018232e-01,1.969372706100488146e-01,7.473564346018527482e-01,-5.953188657685659635e-02,-3.570713743216851754e-01,2.889593044716420867e-01,-1.690661668479979396e-01,-7.029695924339469659e-01,-3.323690268576315887e-01,4.725063824639198079e-02,-5.322334762511534700e-01,-4.890003955886852993e-01,6.036157371908966729e-01,1.285283114308136132e-01,-7.959957657820363464e-01,2.295579456351274153e-02,5.898299950733175701e-01,-4.569502859509040338e-01,-6.550223977799877195e-01,4.648039929928481917e-01,1.700033870812074910e-01,-7.553391234275056432e-01,-1.537289342007743254e-01,-6.385864446889550905e-01,-2.283571920396722937e-02,3.173735467489861017e-01,4.221947818327293489e-01,-3.444189446585511905e-03,-3.705102151909074326e-01,7.924948575931213546e-02,2.160453435934291955e-01,4.790581181340849287e-02
-5.644469479443198212e-01,-4.287411273211307328e-01,-7.747236216865301950e-01,-2.592988463029373691e-01,-5.139543568753600356e-02,-6.253787388402908265e-01,2.568351243762274916e-02,1.000000000000000000e+00,8.958175578267540268e-03,-6.032630811392251102e-01,5.706824277524747968e-01,7.981753716823731803e-01,-4.748200798554613744e-01,-6.491928216962070120e-02,9.591688834375612371e-01,3.548881952292830266e-02,-6.994340994955268176e-01,4.363869251288536311e-01,8.059033245857029071e-01,-3.306089758208219931e-01,-3.398428074706362767e-01,7.787739547051990563e-01,5.141030308600076371e-01,-4.123820904739728954e-01,-1.543251718432342434e-01,6.662214728096440552e-01,-6.378751344851191218e-02,-6.260093286395120860e-01,1.455957576941203091e-01,6.878140705626064610e-01,-2.065517328982207496e-02,-3.235301358200938782e-01,4.039644730824281105e-01,-4.911748363464493727e-01,-5.331423062639178978e-01,2.203430542614573939e-01,-8.805873313189203910e-02,-6.580237270480878697e-01,-2.135045559475300947e-01,-1.897321685355227855e-02,-3.880185955352622451e-01,-4.970309232540278677e-01,1.369785814237994281e-01,4.983990120816302882e-01,-5.753658443721696436e-01,-2.109664659663391673e-01,7.659253281251435785e-01,1.212148458968294734e-01,-6.858760853101790733e-01,-3.752711505561144578e-02,8.246653548369252684e-01,4.878163301349390801e-01,-6.008200033123698436e-01,-2.943144375440286398e-01,-8.035822994283697840e-01,9.711961775995374413e-02,2.078724234488727729e-01,7.621184278701617076e-01,-3.155713417640164109e-01,-6.535183451101327368e-01,4.571150409796528313e-01,-4.337080539915355026e-01,-7.825351423883251112e-01,1.069843279922708945e-01,5.312010851985862203e-01,-3.984332733169951846e-01,-6.748366749026573075e-01,1.694203339545256037e-01,3.496008200800226895e-02,-9.166990429839318999e-01,-2.231383166262629891e-01,5.126618067743021756e-01,-5.219041063043755591e-01,-8.132147496548852716e-01,3.003151633182674085e-01,2.667204719226468068e-01,-8.795875776896734388e-01,-2.796659299020445855e-01,6.915332763871353539e-01,-5.269696778512813345e-02,-4.118592843913040924e-01,-5.136655265951938221e-01,-1.351140479782836912e-01,-5.374475017928231901e-01,1.153471487997264205e-01,1.719115509566491451e-01,2.030067186381293715e-02,2.197467961995845653e-01
-2.479833934096059567e-01,-6.246218154772125580e-02,-2.345360156073574842e-01,3.629396523482317782e-01,4.228881407957640337e-01,5.356562257934741611e-01,-6.271810441418096405e-01,8.958175578267540268e-03,1.000000000000000000e+00,1.572308345395364432e-02,-6.712184092633507460e-01,5.671959917163434950e-01,7.798740691415395609e-01,-4.418339898404614607e-01,-1.577251819166262600e-03,9.449522581091216455e-01,1.511773873063766149e-01,-4.947488423254046697e-01,4.606506302257616925e-01,7.219608417897727115e-01,-2.237314451739065846e-01,-1.643659042292762440e-01,6.246991207861708473e-01,5.704216659869543182e-01,5.117878306171615849e-02,3.823909773632299669e-01,5.132025663982152652e-01,9.611763126741368346e-02,5.999179847032082291e-01,3.380674070856183600e-02,-5.400037520269326263e-01,3.501785080437712638e-01,6.913172399885397779e-01,2.777844245177681914e-01,-3.786434906853776705e-01,4.660581337703494365e-01,4.974289021655202148e-01,-3.342909712460827576e-01,3.379584149308034746e-02,6.142769549776828653e-01,-1.723595455811878230e-01,-5.934985029028038150e-01,-4.763241919566127414e-01,-4.635901279994845137e-01,-6.098610077927972828e-01,1.599993515885913820e-01,1.688996455308710565e-01,-6.662510552599024694e-01,-4.234649234863724354e-01,3.913171161032757972e-01,1.924269507055529072e-01,-4.677895803265633146e-01,-6.566798600180105971e-01,1.717796918963407082e-01,-9.900311505813907953e-02,-6.468466773547990600e-01,-3.463461389344311137e-01,-3.354775423007941293e-02,-4.764266052355207171e-01,-4.478968722731558327e-01,-1.495687071132280332e-01,-7.478376946352883747e-01,2.242115955641279801e-01,7.417306615992435015e-01,-7.373470285414854275e-02,-6.830997631346240606e-01,3.699858344272177191e-01,-1.133470155823361747e-01,-8.139973000200699804e-01,-8.785062330847050183e-02,4.111478079156544174e-01,-5.057731457501354333e-01,-6.518603681748204037e-01,3.577650678191176548e-01,1.405485683274303454e-01,-7.953519203068095678e-01,-3.018160866780447149e-01,4.084639205570380627e-01,-3.539963031398055127e-02,6.466749970918248547e-01,3.839991612910130803e-01,-1.635416029604241928e-02,-4.875347249089920232e-01,1.125256230639846110e-02,7.811607538528617112e-02,-3.519852225590831551e-01,-3.836332196953761708e-01,-2.540849813037466820e-01
2.980018965628843941e-01,-1.705528505165382902e-01,5.708157257049990552e-01,6.855435050958856857e-01,9.418667121569970768e-02,8.125093338427415990e-01,5.730991891315811992e-01,-6.032630811392251102e-01,1.572308345395364432e-02,1.000000000000000000e+00,-4.163444958724152670e-03,-6.147559410310430295e-01,6.015418360133132358e-01,7.230222174516545142e-01,-5.460789266667728237e-01,-1.179901105459425364e-01,9.431748293296282615e-01,2.630264871624228840e-01,-6.294779850653936526e-01,3.146167234081757025e-01,8.103350308202192931e-01,-2.813483708917494663e-01,-5.811792023678417074e-01,2.260886814607088180e-01,6.395765141332309112e-01,-2.720752711446620120e-01,-2.605760517525639863e-01,6.178654140913577564e-01,3.249321562848521694e-01,-4.737393010387013770e-01,2.858641984675103775e-01,5.955980836114826982e-01,-1.703461187821100620e-01,1.023719591873562124e-01,5.884424830261733019e-01,3.346954374549072075e-01,-1.346531302924838802e-01,2.055307548896853076e-01,6.086987291918189991e-01,-2.102193944609664564e-02,-1.802196865477538323e-01,4.476273929222467918e-01,2.730452871956508543e-01,-2.900199125515001142e-01,2.986529671210667036e-01,-4.012382439231960696e-01,-6.568584846061865656e-01,8.807985855224771676e-02,1.951114047803456930e-01,-4.969823548575966754e-01,-6.185947422403247353e-01,-1.104314698818503332e-01,4.231542085467849823e-01,-3.624951362735454041e-01,6.953113269063670998e-01,2.764352751945444719e-01,-6.553853827825951717e-01,-2.934562312126715589e-01,6.615684485467996367e-01,4.574307470910256995e-02,-7.759723498839222744e-01,6.462866243685157219e-02,4.841244410848636326e-01,-2.955508621148412729e-01,-7.360614392223743252e-01,-1.606539037587947916e-01,1.296225428331261309e-01,-7.119757432176797574e-01,4.571238379344343822e-02,6.692573714781111516e-01,-4.123512254269066091e-01,-6.632778469674003308e-01,5.060869133830061539e-01,2.920135388638953611e-01,-7.924444226526506929e-01,-2.360588347701593481e-01,5.375724251675377818e-01,-3.343979608395349912e-01,-6.310634028803571161e-01,-1.759891166238980453e-01,5.119682665174153380e-01,6.419726949678332684e-01,1.958180123437519293e-01,3.538693884394151778e-01,-3.889717341672017104e-01,-2.450767137951171681e-01,-2.953805533247035042e-02,-2.562831429309237463e-01
-1.773928278985943130e-01,-4.493593955853996125e-01,-2.253630804251416653e-01,-1.004106409279938023e-01,-2.855058849598361426e-01,-4.832949711154745920e-01,7.855712742692273487e-01,5.706824277524747968e-01,-6.712184092633507460e-01,-4.163444958724152670e-03,1.000000000000000000e+00,-1.587545992906692514e-03,-6.425927279855969676e-01,6.623284069488166725e-01,5.835497096213457802e-01,-6.931986631562440104e-01,-2.156033516908842373e-01,9.033407690662595968e-01,6.895300556091410460e-02,-6.264173718820330583e-01,2.993236260848041175e-01,6.733928854297471789e-01,-2.840798954759044537e-01,-6.441294952900856741e-01,1.806203964248228322e-01,1.942475033129172080e-01,-5.551119505244426211e-01,-2.909197772271036597e-01,-9.698309013129061129e-02,3.385215331586804988e-01,5.101342315925228021e-01,-2.011855081144588719e-01,-2.002692682176120120e-01,-5.807680086324106261e-01,1.015346451982819670e-01,6.736747883310648111e-02,-4.946826017504041828e-01,-2.577164692836655391e-01,1.175556837828100470e-01,-4.496689101654616216e-01,-3.312318768939181979e-01,2.030732271441353098e-01,6.043211174917803019e-01,6.102862224495375632e-01,6.121992563175807089e-02,-5.255609497422866205e-01,2.151417190049169093e-01,6.164630600103964131e-01,-2.255698888414213454e-01,-5.818955403054578701e-01,2.738913977910414910e-01,7.048393281655715992e-01,1.410210351370138337e-01,-5.909240479696236115e-01,-2.762089361542638954e-01,6.894879854132331953e-01,5.935959872573989826e-02,5.534757766648301658e-01,4.120543257339233101e-01,-2.707928097253489153e-01,8.317563148587910071e-02,1.493423190709369242e-01,-6.035881783993747307e-01,-5.815471376237374423e-01,1.189733380842791788e-01,1.146084046221599456e-02,-8.069179556795594843e-01,-1.668651396620811911e-01,6.192227352733801204e-01,-4.098797349888169683e-01,-7.235953774073192735e-01,4.470804456861861009e-01,2.527148065817266254e-01,-8.331265726277172767e-01,-2.663236990176432450e-01,6.603603108229398888e-01,-3.006265846708440215e-01,-7.277188259291749173e-01,3.094430661113646286e-01,-6.004671445737816970e-01,-3.552944133793453085e-01,-9.582371899652886160e-02,3.288893847174669816e-01,-3.031200280631713428e-01,-1.696878615576367100e-01,2.611037738591859836e-01,2.660462569876398953e-01,2.290959069177979923e-01
-5.746808329674558680e-01,-2.776425076742502496e-01,-7.676128120724078352e-01,-1.196417671378543074e-01,1.848537534265039806e-01,-2.919063712609404337e-01,-4.649388097822271804e-01,7.981753716823731803e-01,5.671959917163434950e-01,-6.147559410310430295e-01,-1.587545992906692514e-03,1.000000000000000000e+00,-9.323602515688436676e-03,-4.588308281825201895e-01,7.646047987173303362e-01,5.883108061862922789e-01,-5.944720148039086549e-01,-4.859084964237329191e-02,9.431681158420855970e-01,1.182957773548787700e-01,-5.369861871203096548e-01,4.904476182692356634e-01,8.284856117313164070e-01,-3.231600091826399620e-03,-2.166648896715934192e-01,7.212110595886153108e-01,3.066169876935935790e-01,-5.010754481023487195e-01,3.641501281716681970e-01,5.827733595265603972e-01,-3.841372488086831627e-01,-1.498377496309216961e-01,6.982315244039498658e-01,-1.922533790122160080e-01,-7.006926685909842245e-01,3.339058133665885331e-01,2.520196959084264332e-01,-6.722273838789589728e-01,-2.593894603153921730e-01,3.381075066235285087e-01,-3.152593322978529677e-01,-7.665944779512101626e-01,-2.378641027326517388e-01,1.359524950581495195e-01,-7.956877320743678261e-01,4.014617919070818247e-02,7.534198270893055494e-01,-3.162381493343642269e-01,-7.409118673980914505e-01,3.078489759182736485e-01,7.985958795729426463e-01,8.498660275145311638e-02,-8.678217023258099072e-01,-1.835161939313614474e-02,-7.502674946708071113e-01,-3.632459287891111610e-01,8.897157185630469312e-02,5.566065902549826028e-01,-6.293177094066971788e-01,-7.024241527617851588e-01,3.947582393237965004e-01,-7.290645671835097597e-01,-5.044421654011392864e-01,5.588735245962959119e-01,4.788158190476248799e-01,-6.172442775178782481e-01,-2.709085999780145859e-01,2.057135763588543997e-01,-4.453560397638893775e-01,-8.085541690472534126e-01,1.745300314344681303e-01,2.033395331950026974e-01,-8.267039218037524062e-01,-4.034251970535791543e-01,4.563392292472447376e-01,-2.186268539724566806e-01,-8.726069296829747080e-01,1.214893472724387219e-01,5.792596912798521069e-01,3.698155692671037387e-01,-1.719677851238979038e-01,-5.004315846232791909e-01,-4.138324092910461993e-01,-4.322345340324733609e-01,2.082137634642191037e-01,-2.977348953762228370e-02,-1.945563087278197600e-01,6.210743337304894252e-02
5.584119366310548449e-02,-4.217461280604549445e-02,2.328590451329235200e-01,6.442503897700931903e-01,3.721971261792685892e-01,9.190052971244214719e-01,-2.247265476921472271e-01,-4.748200798554613744e-01,7.798740691415395609e-01,6.015418360133132358e-01,-6.425927279855969676e-01,-9.323602515688436676e-03,1.000000000000000000e+00,7.801021186658150738e-03,-4.550340538182837680e-01,6.826415377263006512e-01,7.084006962684540332e-01,-3.559768878930276159e-01,-9.916313668036925988e-02,7.920063038152928003e-01,2.725182726332809335e-01,-4.255358511416674760e-01,1.184951869011695719e-01,6.390368062099343049e-01,3.702321112970211603e-01,4.274590041116654859e-02,2.918301973812019168e-01,4.866811189348417832e-01,5.926839729581785399e-01,-3.290593265610263218e-01,-2.854452792035108710e-01,6.147369994703084650e-01,3.829437940677591357e-01,3.616739915169775443e-01,8.247212973630894950e-02,4.786790466610645889e-01,3.442758951968314940e-01,-3.571274627556500492e-02,3.536729551938428417e-01,4.727905967285001565e-01,-1.419105046215489441e-01,-1.561821668134735774e-01,-2.724522919464964499e-01,-5.988884860788736830e-01,-2.221393020245484851e-01,-2.090470061160831436e-02,-3.284458017065206015e-01,-5.030346691915361657e-01,-1.010719544408416604e-01,8.180113393763760454e-02,-3.079113292018795245e-01,-5.168365765743736517e-01,-1.941148586452135782e-01,2.641689786513489249e-02,4.113526183037190531e-01,-3.979804566111964648e-01,-6.211019436612573719e-01,-3.175201143717546470e-01,-3.009741048239033233e-04,-1.987916594826177330e-01,-5.719029290795238918e-01,-4.717057793796950449e-01,5.604610680495611952e-01,4.228153541894389966e-01,-5.128347228453211670e-01,-5.319426547936277894e-01,4.864879348511099155e-01,-4.577634593499915749e-01,-6.247393197248202190e-01,4.288148569554663947e-01,1.756682860620444042e-01,-8.101153931303116673e-01,-1.698814390791539841e-01,5.815933683874785487e-01,-3.201830561759004823e-01,-7.879964428120426190e-01,1.908664557667120454e-01,2.206221784421680543e-01,-4.546472230249670177e-01,4.322070427765257739e-01,6.316118864476114592e-01,3.935236757911919070e-01,-2.607106776247301583e-01,2.837416916872392281e-01,-1.382175500172034832e-01,-4.234219495044063697e-01,-3.194354463059838611e-01,-3.621651821445815989e-01
9.798439070538407514e-02,-4.012543731046662732e-01,2.777174468505458349e-01,4.076448327678753314e-01,-1.703629055783712209e-01,2.676217234125252697e-01,9.399656728502066017e-01,-6.491928216962070120e-02,-4.418339898404614607e-01,7.230222174516545142e-01,6.623284069488166725e-01,-4.588308281825201895e-01,7.801021186658150738e-03,1.000000000000000000e+00,-6.140905485060901489e-03,-5.804120676029982384e-01,5.500146228681378480e-01,8.229739520600368730e-01,-4.285866713563926123e-01,-2.007296840810419702e-01,8.097230099600545294e-01,2.560100869739000973e-01,-6.427532397050096380e-01,-2.807693133994547674e-01,6.177043759482857554e-01,-7.867027159716849516e-02,-6.037035408793406388e-01,2.613706246114501086e-01,1.649764495589290392e-01,-1.224679352582690034e-01,5.913853971031364232e-01,3.069883473173759536e-01,-2.884369452310344695e-01,-3.396001125690217837e-01,5.279822512960019587e-01,2.902976522617927713e-01,-4.704044157631214196e-01,-1.829078105210856300e-02,5.402653998475933639e-01,-3.406811880787876112e-01,-3.594534827216729900e-01,4.873347521615568056e-01,6.316898388570046929e-01,2.159409815937575472e-01,2.781924645436930632e-01,-6.614324956286579127e-01,-3.417643470981507337e-01,4.992510632244847590e-01,-3.139840630355095457e-04,-7.655218877154273960e-01,-2.784703371454032017e-01,3.986818086907458203e-01,4.202331713966743765e-01,-6.673605290249527977e-01,3.340282393618199119e-01,6.747093933294315837e-01,-4.428079737379779224e-01,1.570225347846633812e-01,7.748437506028595934e-01,-1.440096237634783394e-01,-5.149862734654089280e-01,1.639716352327389715e-01,-5.771411518637963728e-02,-6.282610040946844387e-01,-4.726119273476529492e-01,-9.931645246341301581e-02,-4.588612093865183650e-01,-6.379078990700558505e-01,4.563807550109948430e-01,2.209789467971106369e-01,-7.921035422649064239e-01,-1.891144607598873872e-01,5.495919494666068328e-01,-3.411216111874404988e-01,-7.684000445718265349e-01,2.713518850053667220e-01,2.028049135214550769e-01,-7.372219801137834816e-01,-2.665128711457704913e-01,-5.298291715686549441e-01,1.674274472393518509e-01,4.237418433557640918e-01,3.795033954431652479e-01,8.056166330098017692e-02,-3.857015406928604451e-01,-1.992562426397192013e-02,1.617185455193702881e-01,-5.022343170294233522e-02
-5.196858272248832122e-01,-4.228119044838423157e-01,-7.135862211689245616e-01,-2.321894571933011409e-01,-9.396746648545960257e-02,-5.859623428903368847e-01,6.515042887140723438e-02,9.591688834375612371e-01,-1.577251819166262600e-03,-5.460789266667728237e-01,5.835497096213457802e-01,7.646047987173303362e-01,-4.550340538182837680e-01,-6.140905485060901489e-03,1.000000000000000000e+00,1.663142687793234958e-02,-6.821590058437986270e-01,5.047676210680748232e-01,8.205717163377577172e-01,-3.359006973995358192e-01,-2.745461581327062195e-01,8.381536831344434946e-01,4.919474933266701488e-01,-4.310896538311008164e-01,-1.052818881003207557e-01,7.132341584808307156e-01,-1.046367858877443324e-01,-6.392678584204566361e-01,1.856514546239428076e-01,7.227951237564032017e-01,1.364534278486597904e-02,-3.097669786119188751e-01,4.214642931601460529e-01,-5.416884984729751773e-01,-5.327861143037224689e-01,2.716400005822929842e-01,-1.238603688080229664e-01,-7.170278127171855198e-01,-2.011585899045711112e-01,-2.444875233687213850e-02,-4.194360779568535036e-01,-5.055402968413770237e-01,1.737810374023277260e-01,5.248114602827669284e-01,-6.008615648218154082e-01,-2.511596875925231065e-01,7.871003531665261566e-01,1.373463524241161360e-01,-7.218173285029134689e-01,-7.283419110249196582e-02,8.309027468620736601e-01,5.079540204455808006e-01,-6.025777846090750733e-01,-3.379757456015844430e-01,-8.047953437772951135e-01,1.241103040803903934e-01,1.772251299283949255e-01,7.913847611061395337e-01,-3.010030299986914404e-01,-6.856122864886471380e-01,4.422964538625498987e-01,-4.526160269136494385e-01,-8.005065124426642420e-01,8.923207441776120907e-02,5.017868334085106019e-01,-4.174458585558120660e-01,-6.988979028190152043e-01,1.206523745882275150e-01,3.927938533087344669e-02,-8.835854024755608327e-01,-2.576540914017212414e-01,4.713578096949156415e-01,-4.908662755894118157e-01,-8.045690662480755595e-01,2.447193832755563125e-01,2.552045890459526678e-01,-8.457692369679206124e-01,-3.083217937434005740e-01,6.421693902356236938e-01,-5.399054811951230909e-02,-3.616102990497295222e-01,-4.715084758410749699e-01,-9.804688014515215710e-02,-5.183854248488333205e-01,9.158707564803177104e-02,1.736644092285585250e-01,5.220810425228788326e-02,2.122228802498079547e-01
-2.344036538567239869e-01,-1.488599811653934339e-02,-2.880338914038009790e-01,2.466329799977874937e-01,4.245996281391446470e-01,4.054908860674544258e-01,-7.078701201124812936e-01,3.548881952292830266e-02,9.449522581091216455e-01,-1.179901105459425364e-01,-6.931986631562440104e-01,5.883108061862922789e-01,6.826415377263006512e-01,-5.804120676029982384e-01,1.663142687793234958e-02,1.000000000000000000e+00,3.610282955849065251e-02,-5.971773208320112492e-01,5.256032105200696414e-01,7.228555638783774606e-01,-3.506286919647877975e-01,-1.874477632482628997e-01,7.276101238903763813e-01,5.833244359208638041e-01,-9.921496984623323634e-02,4.104256808374214249e-01,6.221386676324627274e-01,7.829339774564044244e-03,5.385790496618280132e-01,8.921731368088163527e-02,-6.492381120881590695e-01,2.419947746895940721e-01,7.358924784194956770e-01,3.224703792435396621e-01,-5.038299742722190944e-01,3.848079254687774009e-01,5.856286871830851393e-01,-3.454411430763953406e-01,-1.059998830053843072e-01,6.520124121057838673e-01,-8.953105346730999559e-02,-6.781302149763128728e-01,-5.734806642525998033e-01,-4.676047872149154405e-01,-6.492386315977463074e-01,2.780393120875555013e-01,2.499146555327213248e-01,-7.226845060424952338e-01,-4.144948380772919827e-01,5.059402514168293008e-01,2.473135939997898325e-01,-4.982155988111922063e-01,-7.002266971647002070e-01,2.792317277854333146e-01,-1.736715441770584623e-01,-7.222216481421080969e-01,-2.327665335603532060e-01,-4.519251305709100219e-02,-5.930034545752057573e-01,-4.020589252487059562e-01,-3.386945299110052238e-02,-7.343462735139237862e-01,2.017843839809995432e-01,8.001960302072125275e-01,2.148566252861922043e-02,-6.180671646805147024e-01,4.034862066930031688e-01,5.372479442837764171e-03,-8.013207265366600884e-01,-1.288301779871174890e-01,4.994087453538268440e-01,-4.017243903922837478e-01,-6.775095242961962638e-01,3.614893218003075726e-01,2.700187528837417195e-01,-7.414417194656859333e-01,-3.175558209696828227e-01,4.826356132162050727e-01,2.805888774470994759e-02,6.301772655285732272e-01,2.939886804685566402e-01,-7.313790529108504801e-02,-4.660248838724017073e-01,-2.042574923813114326e-02,1.535109219531138325e-01,-2.743653549833173222e-01,-3.513905704053120749e-01,-1.772159647325101117e-01
3.053183565004771727e-01,-6.757078872583312246e-02,5.664458672720670274e-01,6.548636374807559335e-01,1.554131225055375154e-01,8.695503913447356625e-01,3.773224507781346992e-01,-6.994340994955268176e-01,1.511773873063766149e-01,9.431748293296282615e-01,-2.156033516908842373e-01,-5.944720148039086549e-01,7.084006962684540332e-01,5.500146228681378480e-01,-6.821590058437986270e-01,3.610282955849065251e-02,1.000000000000000000e+00,4.255888103741357203e-02,-6.604738123959150720e-01,4.967479239944893599e-01,7.193843941506026241e-01,-4.814580169809514754e-01,-4.890690251646587217e-01,4.062980793657228751e-01,5.579264495894313836e-01,-3.254139124652297155e-01,-8.306488599474136370e-02,6.871982118866277744e-01,3.369927300265833092e-01,-5.637807084418083869e-01,1.195000402754926305e-01,6.315091012304816509e-01,-1.064460627720250768e-01,2.772215005051937298e-01,5.363601630239335227e-01,2.983536695682466044e-01,3.024793719154057411e-02,2.800614110101338206e-01,5.528715330674511819e-01,1.038658446812758679e-01,-6.910575043389026451e-02,3.855706897585152171e-01,9.328151092272610190e-02,-4.646450274148071768e-01,2.885230872483580677e-01,-2.458741742953161336e-01,-7.174860508598704945e-01,-8.301775400570125807e-02,2.695804533767136024e-01,-3.305495971036971348e-01,-7.021555922427273888e-01,-3.044319441461327824e-01,3.938798937507789200e-01,-1.858304479563034906e-01,7.739685576504649056e-01,8.241318701547846459e-02,-6.601523063897661858e-01,-4.550389561641698943e-01,5.514716444122644834e-01,1.146663345639034048e-01,-7.910619545695718458e-01,2.696497569509413716e-02,6.305825487665717155e-01,-1.569410093240252158e-01,-7.769060907755915846e-01,-1.528566133340912014e-01,3.182901905140295140e-01,-6.438572992572728637e-01,-9.617636373200867672e-02,7.283986500263435193e-01,-2.241489135346191874e-01,-7.296448507597188549e-01,4.232514004383636230e-01,4.686526411654581281e-01,-6.876329147831788946e-01,-3.753165669119997161e-01,5.770229306095203681e-01,-1.470643860019815730e-01,-6.601680930322083585e-01,-6.291476053672349911e-02,5.712701012390687394e-01,6.701145674202831914e-01,1.218177985039837763e-01,4.235451725118311583e-01,-3.188364322769020598e-01,-3.064372099666476945e-01,-9.630436669476259703e-02,-3.068821057460972002e-01
-1.395483412347346686e-01,-4.874414289430462621e-01,-1.072771808947361599e-01,1.257314224566503380e-01,-2.591805010448578472e-01,-1.809865428462269776e-01,8.413978744083046024e-01,4.363869251288536311e-01,-4.947488423254046697e-01,2.630264871624228840e-01,9.033407690662595968e-01,-4.859084964237329191e-02,-3.559768878930276159e-01,8.229739520600368730e-01,5.047676210680748232e-01,-5.971773208320112492e-01,4.255888103741357203e-02,1.000000000000000000e+00,1.808579632960932715e-02,-4.610116874655486585e-01,5.450425477114650974e-01,6.819449452485217833e-01,-3.672781542388764975e-01,-5.425138895598161648e-01,4.415026674981848420e-01,2.441016804695715914e-01,-6.230417815323264774e-01,-1.254324662036942761e-01,1.399492551747737734e-01,2.586606351392652936e-01,5.703434949049337455e-01,4.529616306210403065e-02,-1.284668131295391980e-01,-5.920605141176137343e-01,2.179050958075749445e-01,3.023191816483225547e-01,-5.213353882989919530e-01,-3.318776783547122688e-01,3.242626120340525997e-01,-3.667345796373849276e-01,-4.700473712730640630e-01,2.150933918677521983e-01,6.656903911394794759e-01,5.101183188734697005e-01,2.966394743961415278e-03,-6.765335067583647666e-01,1.078026734553739346e-01,5.597894097254675350e-01,-3.088489061664242419e-01,-6.981129401721007932e-01,1.776005154636747241e-01,6.396419399037127640e-01,1.190554636837119623e-01,-7.288132493586024774e-01,-1.337658615807445495e-01,6.863501336186489388e-01,-2.083627198245388834e-01,5.362112242507121040e-01,5.302796429967607805e-01,-3.941326770163248727e-01,-1.556430656988255501e-01,3.118391004998309277e-02,-5.022575291076275539e-01,-5.842244857884760778e-01,-1.156757233620275965e-01,-1.752554839185850033e-01,-7.748872347196213983e-01,-4.168779958185752088e-01,5.189053707629825984e-01,-2.563286253542828574e-01,-8.228342842537091917e-01,1.767942450551143463e-01,2.982022693150607195e-01,-7.321821886869569473e-01,-5.004857202221441037e-01,4.781872416173811313e-01,-2.113300805082819478e-01,-8.004309528536526219e-01,9.532612096824805148e-02,-5.492439583248267532e-01,-1.178532732100082692e-01,9.056779280540461219e-02,3.334914239908086664e-01,-1.961361690424289483e-01,-2.417406580442114650e-01,1.326150461315818152e-01,2.227618102187184368e-01,1.209107327275003863e-01
-5.254068518257423159e-01,-2.727823977633528907e-01,-7.471980609273020102e-01,-1.685438475310314654e-01,1.397617773963722443e-01,-3.636051162036730289e-01,-4.130863629221692701e-01,8.059033245857029071e-01,4.606506302257616925e-01,-6.294779850653936526e-01,6.895300556091410460e-02,9.431681158420855970e-01,-9.916313668036925988e-02,-4.285866713563926123e-01,8.205717163377577172e-01,5.256032105200696414e-01,-6.604738123959150720e-01,1.808579632960932715e-02,1.000000000000000000e+00,4.182252028401458460e-02,-5.007294860039060991e-01,5.993502425548336010e-01,8.098869655064978579e-01,-7.192770133800462096e-02,-2.047193549545444913e-01,7.733735982631857464e-01,2.505835264880235669e-01,-5.637222496980125452e-01,3.581665107777638468e-01,6.522904514187619629e-01,-3.358221938639848747e-01,-1.945393156674390112e-01,6.891955945189082167e-01,-2.691930656548918721e-01,-7.199636160327328449e-01,3.444013394625250468e-01,2.016682529708475891e-01,-7.336541831907363864e-01,-2.787568190411290892e-01,3.056625715267271559e-01,-3.449671569362007806e-01,-7.780437493677160310e-01,-1.782367734271191051e-01,2.218304163456259470e-01,-8.218295274816482809e-01,-5.661266896915474051e-03,8.207343966502410604e-01,-2.569771302014533521e-01,-7.897680836734359833e-01,2.584417498797866308e-01,8.528880060467819435e-01,1.618431288202376861e-01,-8.710396218798464041e-01,-7.922207928105402808e-02,-8.047169835945363614e-01,-2.987433416071174075e-01,1.098928866151787503e-01,6.339326246635111906e-01,-6.076403357138964179e-01,-7.138494221616515922e-01,4.259729344983438915e-01,-6.924737236615721159e-01,-5.627949982908148074e-01,5.021665394416608974e-01,5.068542310130865758e-01,-5.725036671175784964e-01,-3.285023476806568365e-01,1.865662169058382724e-01,-3.684442650332487301e-01,-7.925577603274311933e-01,1.133480016722091255e-01,2.370162322694940316e-01,-7.537163657202499145e-01,-4.446267611590986046e-01,4.237160412570215584e-01,-1.392718338761144148e-01,-8.398022821602827426e-01,5.694309772768667982e-02,5.581116245717568924e-01,3.128195480752262170e-01,-1.972062224190794522e-01,-4.985230145274698876e-01,-3.263824665018984494e-01,-4.286181283595537073e-01,2.411648689171528026e-01,6.237076245487135212e-02,-1.025730192899057119e-01,1.367327050599784766e-01
-8.414159783279785698e-02,-4.767326795599775846e-03,1.976865656702202559e-02,3.716267008154086615e-01,3.202157533173987103e-01,6.593489289899392425e-01,-3.720410652511554339e-01,-3.306089758208219931e-01,7.219608417897727115e-01,3.146167234081757025e-01,-6.264173718820330583e-01,1.182957773548787700e-01,7.920063038152928003e-01,-2.007296840810419702e-01,-3.359006973995358192e-01,7.228555638783774606e-01,4.967479239944893599e-01,-4.610116874655486585e-01,4.182252028401458460e-02,1.000000000000000000e+00,9.838904324556257963e-02,-5.474477219246560722e-01,3.484415072913704114e-01,8.467223145812491358e-01,1.957895297328481055e-01,6.419690699165528369e-02,5.502373779223206363e-01,4.820667004784350840e-01,6.204006889196993502e-01,-3.524489972644008762e-01,-5.460821836669259577e-01,6.009175136305731080e-01,5.324033815941882075e-01,5.543776241455633524e-01,-1.008285742827524367e-01,4.463734222690506903e-01,5.921125758780044768e-01,-4.642656195586433721e-02,1.955440131263929127e-01,6.855805523002408419e-01,-5.423567984109484673e-03,-3.528264425196299681e-01,-5.207973199538493692e-01,-7.602720177278612379e-01,-3.494366790212889984e-01,1.757533217245984269e-01,-2.653237308733639166e-01,-7.397449272743057413e-01,-1.240551825628213867e-01,3.223812918379585502e-01,-2.794516244479802181e-01,-7.180657363466543819e-01,-3.332589718330413175e-01,2.347350962293136001e-01,3.885486634986948240e-01,-6.660536316216238983e-01,-5.845875284961724594e-01,-4.167769228272358295e-01,-1.734041751338693538e-01,-2.323119776230574973e-01,-5.161779349100040770e-01,-5.459096583163152161e-01,6.045783032358813536e-01,5.345466116677335400e-01,-5.102342445516980796e-01,-4.757566648167879664e-01,5.571103700786553814e-01,-3.159307583500028938e-01,-7.587632801569370589e-01,3.055117848419587889e-01,3.357328085696178466e-01,-7.567563276952576912e-01,-3.585874810245823774e-01,5.834982079887478523e-01,-1.221265096492264030e-01,-8.439842666500281254e-01,6.738602853195781173e-02,3.673110775160595698e-01,-3.204171996300416159e-01,4.791847218968318112e-01,6.118566032402961152e-01,3.964607572361727450e-01,-2.276074861964234031e-01,3.518865326143277295e-01,1.037298361093374199e-01,-3.993856632421394215e-01,-2.815085518713067447e-01,-4.059238849491774159e-01
2.325232937346908002e-01,-1.961361028326216449e-01,4.213011081824641901e-01,4.921094311299840651e-01,-4.881847019129281068e-02,5.086282470007843504e-01,7.008116937635455734e-01,-3.398428074706362767e-01,-2.237314451739065846e-01,8.103350308202192931e-01,2.993236260848041175e-01,-5.369861871203096548e-01,2.725182726332809335e-01,8.097230099600545294e-01,-2.745461581327062195e-01,-3.506286919647877975e-01,7.193843941506026241e-01,5.450425477114650974e-01,-5.007294860039060991e-01,9.838904324556257963e-02,1.000000000000000000e+00,4.153609725300726196e-02,-7.087857199143846598e-01,1.695660328648170012e-02,8.315564185636178385e-01,-1.591790736587736510e-01,-5.194128636810383393e-01,5.470747153289148290e-01,4.059193654772069171e-01,-3.506011297250266612e-01,5.137084362030447382e-01,6.224813873327212921e-01,-2.162293071090094776e-01,-1.447949830165060348e-01,6.605979962691739260e-01,4.812547247155887775e-01,-3.476292115221947254e-01,3.812124610474266345e-02,7.566942441000538144e-01,-1.211901230166076704e-01,-4.222726696752950315e-01,4.640757894596285182e-01,5.410859650812588351e-01,-4.663978533987023917e-02,2.143699655609497823e-01,-6.902327929385777550e-01,-5.208091974718922490e-01,2.950489831459652823e-01,-1.842561352147885356e-02,-7.506691306024848576e-01,-4.447139773587205913e-01,1.594596311785577980e-01,3.737391175873157612e-01,-6.638381027346468288e-01,5.618203820343438126e-01,4.909912655242678614e-01,-7.147118892240886812e-01,-5.585360948471315527e-04,8.266249343714608955e-01,-9.547082331331124827e-02,-7.797356077472396008e-01,1.607605641153650733e-01,2.574506112421124371e-01,-5.712610604519255952e-01,-7.099971636043637124e-01,-1.043798140713636663e-01,-2.053533343502028652e-01,-8.229739610733457500e-01,2.928458635055057324e-01,5.301273080568814633e-01,-7.212607531444547027e-01,-5.249509377056931214e-01,6.253547048234450179e-01,-2.052291793062987688e-02,-9.147017922288273040e-01,1.970484630222378575e-02,4.409133887927892403e-01,-6.286915291466306233e-01,-6.163948029907252435e-01,-3.454240831723985328e-01,4.004080525607953134e-01,5.598711717273175958e-01,3.310700139981423429e-01,3.001303473082718165e-01,-2.771166341926026289e-01,-9.019307588296368583e-02,1.815807883180146076e-01,-1.176493634679863509e-01
-3.076194553390866893e-01,-3.978101564506676402e-01,-4.634585972715982161e-01,-9.252267707363318050e-02,-1.892597250266800646e-01,-4.501505465325867372e-01,3.093617413913076764e-01,7.787739547051990563e-01,-1.643659042292762440e-01,-2.813483708917494663e-01,6.733928854297471789e-01,4.904476182692356634e-01,-4.255358511416674760e-01,2.560100869739000973e-01,8.381536831344434946e-01,-1.874477632482628997e-01,-4.814580169809514754e-01,6.819449452485217833e-01,5.993502425548336010e-01,-5.474477219246560722e-01,4.153609725300726196e-02,1.000000000000000000e+00,1.350627468479217441e-01,-6.714460484692938991e-01,1.607925302188312477e-01,6.527589287747582736e-01,-4.624609605614484198e-01,-5.855393843547241906e-01,1.608409501604502190e-01,7.041149400695939642e-01,3.709164574181902374e-01,-2.492756549801014854e-01,1.839052658548514241e-01,-7.669957684401139675e-01,-2.548067428617850072e-01,3.200836498917795647e-01,-4.451878526309607786e-01,-6.913517496862843226e-01,9.253423642010394704e-03,-2.665616835530120743e-01,-5.632157066950147506e-01,-2.413498644759346778e-01,5.030128887495877166e-01,7.151062142321508164e-01,-4.193463273641298561e-01,-5.141734150248001844e-01,6.752883956166564339e-01,4.370069997708405096e-01,-6.712266769815450340e-01,-4.000552778233834594e-01,7.360858522607939269e-01,7.361519491169672413e-01,-3.774684016003733711e-01,-6.102049423931122929e-01,-7.037166069320337503e-01,4.558758543769277360e-01,9.445172777424303001e-02,8.828547075317429993e-01,1.190716449380534517e-02,-5.832100417109830071e-01,3.147846481783126427e-01,-2.139041365229534808e-01,-8.243292525618131084e-01,-2.159146382522918184e-01,3.881116037117618989e-01,-3.283964938382097354e-01,-8.182826069494476551e-01,-7.623421104901142997e-02,3.373760913060012134e-01,-6.541634836312874013e-01,-5.448459785482839823e-01,4.375964020997732407e-01,-1.061417191748934424e-01,-8.392988939661971681e-01,-5.491027279141036388e-02,4.528254632405627200e-01,-5.930466018317013255e-01,-5.764801894275446426e-01,3.918855900650464186e-01,-2.697093519413325535e-01,-3.430884152114261343e-01,-3.474527837075224168e-01,8.137710915773989362e-02,-4.836893074942879012e-01,-5.881906202947036894e-02,2.279891630605259401e-01,1.873753593814083129e-01,3.243314534996302734e-01
-4.277108142881563824e-01,-1.279904337733268338e-01,-6.303565559126428353e-01,-1.391240168420429801e-01,2.702342563286426191e-01,-1.887052880096012630e-01,-6.450812096879722235e-01,5.141030308600076371e-01,6.246991207861708473e-01,-5.811792023678417074e-01,-2.840798954759044537e-01,8.284856117313164070e-01,1.184951869011695719e-01,-6.427532397050096380e-01,4.919474933266701488e-01,7.276101238903763813e-01,-4.890690251646587217e-01,-3.672781542388764975e-01,8.098869655064978579e-01,3.484415072913704114e-01,-7.087857199143846598e-01,1.350627468479217441e-01,1.000000000000000000e+00,2.599007177413318326e-01,-5.068031863540740645e-01,6.260393360785699857e-01,6.548609085673831043e-01,-4.712256219950878844e-01,2.525636993000804353e-01,4.777600879887474727e-01,-7.017828180575248487e-01,-2.395798729544604544e-01,7.735191134684517023e-01,1.106413551853477478e-01,-8.589410242261155126e-01,1.415756403067763847e-01,5.537887271047613469e-01,-5.257279558927302476e-01,-5.228251729800580394e-01,4.916444653530734898e-01,2.398110382136986810e-02,-8.508501275685669274e-01,-5.713800442987209127e-01,-1.262667055363567437e-01,-7.344158342846366372e-01,4.042123671309664212e-01,6.562068996361315465e-01,-5.719930633307328538e-01,-5.070627310565466450e-01,6.332946943357178338e-01,6.092500970780719838e-01,-2.371695841693094720e-01,-8.106846607328650478e-01,3.581862940961735853e-01,-6.039509346897800057e-01,-6.468834048200368114e-01,1.994651508278991459e-01,2.214666599048599471e-01,-8.301752614523488782e-01,-4.758246565342118539e-01,4.433278774930237698e-01,-7.303471193346570134e-01,-2.408716827055026044e-01,7.966669172258944442e-01,4.644026359668284032e-01,-4.955205316718572228e-01,1.123513302404813424e-01,3.760385802895858109e-01,-6.401518609477212518e-01,-6.150829341498621483e-01,5.321006395279938017e-01,1.225228793868752136e-01,-8.790588495651908696e-01,-5.947590318952041682e-02,6.241767924774649368e-01,-3.951843490404386428e-01,-6.938273364484979222e-01,4.617668358507298620e-01,5.474527150097072692e-01,5.045344329784186010e-01,-1.192279149396331395e-01,-3.891090490553723025e-01,-4.295434215810916001e-01,-3.103253081747576747e-01,2.545849860890944116e-01,-3.555638647678283082e-02,-2.473526723989756537e-01,1.445757557535405635e-02
-1.144050325502578638e-02,8.588925028618177304e-02,8.791262039361005809e-02,2.541106048337806178e-01,4.658550163837334446e-01,5.538069218796229931e-01,-4.179479905278943308e-01,-4.123820904739728954e-01,5.704216659869543182e-01,2.260886814607088180e-01,-6.441294952900856741e-01,-3.231600091826399620e-03,6.390368062099343049e-01,-2.807693133994547674e-01,-4.310896538311008164e-01,5.833244359208638041e-01,4.062980793657228751e-01,-5.425138895598161648e-01,-7.192770133800462096e-02,8.467223145812491358e-01,1.695660328648170012e-02,-6.714460484692938991e-01,2.599007177413318326e-01,1.000000000000000000e+00,4.727940139286260918e-02,-2.369055565770202820e-01,6.923533722663375300e-01,6.315788690611026102e-01,4.298144288494773479e-01,-5.995143605581918500e-01,-6.531914441084587519e-01,5.795493216985674323e-01,3.608128055282323610e-01,8.167006116251419590e-01,-7.574289286700872786e-03,2.041112193527234719e-01,7.402372112486225175e-01,2.312553989382214181e-01,1.268578862642783522e-01,7.737627493799907885e-01,2.279566828689831293e-01,-2.883165635047139075e-01,-6.390751747538404581e-01,-8.770152775643383913e-01,-2.178385681804079765e-01,3.404341361284575207e-01,-3.922954857078876922e-01,-8.189582727683599739e-01,4.378320707946585510e-02,4.305427871490123959e-01,-3.904528902455104977e-01,-8.464875936376222709e-01,-2.299157078706835777e-01,3.875549567672404438e-01,4.872196832824421397e-01,-7.348602883298134270e-01,-5.031992025009486280e-01,-6.056727657293458078e-01,-2.121078654414390585e-01,-4.727344063577579303e-02,-4.926327489170896357e-01,-3.995854217642207939e-01,7.468796423542118923e-01,5.494615250874809176e-01,-4.700437907469990906e-01,-2.203821662912806845e-01,7.176675330867728908e-01,-2.161697355367952489e-01,-7.443807592433769882e-01,3.925686421751677924e-01,4.634942571758458030e-01,-7.018629331436144758e-01,-3.075808605107902549e-01,6.789432489034249452e-01,-3.225646728753669285e-02,-7.841506233833474004e-01,1.911370901313516613e-01,4.996480512991243184e-01,-3.169658494609968735e-01,5.238309401288379075e-01,4.737034844010846735e-01,3.039338250828874100e-01,-2.099624562742032075e-01,4.195195288467954420e-01,2.511386993433800119e-01,-2.232631226024630600e-01,-2.242006010498543978e-01,-3.839132217572520656e-01
2.250468396421886549e-02,-2.149790011694941161e-01,2.247482326227987492e-01,4.539708983843699364e-01,-8.475075876464747970e-02,5.036404530134706015e-01,4.743871761816957355e-01,-1.543251718432342434e-01,5.117878306171615849e-02,6.395765141332309112e-01,1.806203964248228322e-01,-2.166648896715934192e-01,3.702321112970211603e-01,6.177043759482857554e-01,-1.052818881003207557e-01,-9.921496984623323634e-02,5.579264495894313836e-01,4.415026674981848420e-01,-2.047193549545444913e-01,1.957895297328481055e-01,8.315564185636178385e-01,1.607925302188312477e-01,-5.068031863540740645e-01,4.727940139286260918e-02,1.000000000000000000e+00,-1.193273652570022055e-02,-5.847596916595834138e-01,5.320870758039801807e-01,6.057504834723871356e-01,-2.709112325936590682e-01,5.448089424810881320e-01,7.530540827910569002e-01,-8.531171865264867982e-02,-2.412354010599835064e-01,6.312646506391241807e-01,6.813568516969680244e-01,-4.028972856058412044e-01,-1.102324021306829438e-01,8.889851388881979677e-01,-1.323659810706355640e-02,-6.411534098122250169e-01,3.032520372961550748e-01,5.338267338315648702e-01,-2.768231235482514555e-02,-2.177746994944806599e-02,-7.645583597635814410e-01,-3.564958658397524571e-01,2.012883083490036584e-01,-2.797911108988057616e-01,-6.976477637295964707e-01,-2.151716384384958491e-01,1.506632223779704738e-01,6.419245084766769804e-02,-7.206520147601251924e-01,3.770483444758974678e-01,3.508504678089114370e-01,-8.106345996446274738e-01,1.763924210156748440e-01,6.991747577368645494e-01,-3.370030328690653554e-01,-7.650753792673048448e-01,-4.246301207496904623e-02,1.629310986928682314e-01,-4.174306817507337786e-01,-6.452910753873499772e-01,-3.368874877551795155e-01,-2.582760762967435952e-01,-8.073907083744075175e-01,1.143273006832081773e-01,3.529754379381080387e-01,-6.727590608423125174e-01,-5.636030769990402201e-01,3.868116387452644744e-01,-6.986377155594161725e-02,-8.155819036162007540e-01,-1.206041568030852273e-01,2.169082446488050375e-01,-5.907108747155072059e-01,-5.498223588120914052e-01,-1.736224681308735640e-01,4.788584027612001193e-01,4.253624474410840350e-01,1.912250355440825444e-01,2.854403177577048423e-01,-1.504551945130076507e-01,-2.206085941829428188e-01,7.753322107405224983e-02,-1.941843503422053807e-01
-3.686913438196889881e-01,-3.711472466571227868e-01,-5.421879575540713425e-01,8.560715507723008766e-02,-1.457216243966384488e-02,-1.513281669709051203e-01,-1.048373490902662214e-01,6.662214728096440552e-01,3.823909773632299669e-01,-2.720752711446620120e-01,1.942475033129172080e-01,7.212110595886153108e-01,4.274590041116654859e-02,-7.867027159716849516e-02,7.132341584808307156e-01,4.104256808374214249e-01,-3.254139124652297155e-01,2.441016804695715914e-01,7.733735982631857464e-01,6.419690699165528369e-02,-1.591790736587736510e-01,6.527589287747582736e-01,6.260393360785699857e-01,-2.369055565770202820e-01,-1.193273652570022055e-02,1.000000000000000000e+00,2.262550506028648475e-02,-6.474462978703804383e-01,4.791228632901567974e-01,8.162178022571309199e-01,-1.314461255392214145e-01,-1.707039709860158905e-01,7.333502715145239215e-01,-5.371716467924799732e-01,-6.793514280656451909e-01,5.379161710141318054e-01,-8.997468109710813136e-03,-9.273191281788486506e-01,-1.746682071080613297e-01,1.057549172835465096e-01,-5.126612599928285219e-01,-6.610148626578110642e-01,5.524425273713647055e-02,3.487261713204312108e-01,-7.622255501608516948e-01,-2.360042424252069004e-01,7.767613763057423792e-01,-6.118886374480618506e-02,-7.917711471680103363e-01,1.380584601451635002e-02,7.426417118902731707e-01,3.199744024294744471e-01,-7.174057571306554637e-01,-2.900331595479746505e-01,-6.934529697854274755e-01,-6.397725474588759897e-02,-5.853657362826654963e-03,7.064252823799646031e-01,-3.731003587359044693e-01,-7.198997496338467306e-01,2.985636103618025117e-01,-6.453198838019792438e-01,-5.996143159071469775e-01,3.178237922414784977e-01,3.652601635032887151e-01,-6.732306142267006077e-01,-4.591269823535245598e-01,-8.833866103846305801e-03,-1.954900719692627686e-01,-6.562877858195493852e-01,-1.327049591225701874e-01,1.585257139865963727e-01,-5.192578268875402969e-01,-4.958073590174078560e-01,1.324391888476241508e-01,-6.953263661781708405e-02,-7.056669404439936955e-01,-1.903236017197183494e-01,3.999593820883340367e-01,1.211384042993086246e-01,-9.081074288784683757e-02,-2.338810024897748641e-01,-1.829067452411489436e-01,-4.305016208211098760e-01,-4.701651680191728383e-02,-4.037220261680899563e-02,-5.802969409783859112e-02,1.567260619400673849e-01
-1.274829798330532615e-01,7.671801162169147870e-02,-2.023835873491918180e-01,3.454452780798097835e-03,4.905063342397802950e-01,1.089243857199462817e-01,-6.217219060253658114e-01,-6.378751344851191218e-02,5.132025663982152652e-01,-2.605760517525639863e-01,-5.551119505244426211e-01,3.066169876935935790e-01,2.918301973812019168e-01,-6.037035408793406388e-01,-1.046367858877443324e-01,6.221386676324627274e-01,-8.306488599474136370e-02,-6.230417815323264774e-01,2.505835264880235669e-01,5.502373779223206363e-01,-5.194128636810383393e-01,-4.624609605614484198e-01,6.548609085673831043e-01,6.923533722663375300e-01,-5.847596916595834138e-01,2.262550506028648475e-02,1.000000000000000000e+00,6.259978650673232725e-02,1.053796380269363536e-01,-1.570235885212493687e-01,-9.478348170356930558e-01,-1.371710632762328588e-02,5.450410788622640501e-01,7.365989260046031939e-01,-5.700594714925643069e-01,-1.282199894611700808e-01,9.104970618339420785e-01,5.158180579385365089e-02,-4.813485484698118988e-01,7.052736844830267415e-01,4.605748917687570443e-01,-5.964765216744674081e-01,-8.696388574701132690e-01,-6.492376889402849960e-01,-3.627446474835474555e-01,6.986879336966695941e-01,7.290176045308870145e-02,-8.256809110299369037e-01,1.043692711587972805e-02,7.602566831810111392e-01,-5.053764410321428396e-03,-7.035395232894803286e-01,-3.947939848327411405e-01,6.680279629891018311e-01,1.003524846414468675e-03,-8.091430741116850678e-01,7.866057620876952539e-02,-4.322447433721491872e-01,-6.777957032539851934e-01,-1.145222915219585962e-02,1.273827404212955761e-01,-4.547808811009906860e-01,3.543334050884997533e-01,7.706952490018097457e-01,9.784707793300513601e-02,-1.437046098796191940e-01,6.164929024094034649e-01,2.981790078534949928e-01,-6.879696212374971642e-01,-7.067419431575731881e-02,7.234035801172857827e-01,-1.619667226295889717e-01,-5.909052867748518789e-01,4.428137936807170494e-01,4.938315215915684564e-01,-5.501771319304591401e-01,-1.553945852662665938e-01,6.873972068010458791e-01,1.728600840231396540e-01,5.092024611365687514e-01,3.145997065083160071e-02,-7.943646102719569002e-02,-3.342621872914230408e-01,4.324477904825317631e-02,2.508007102201821326e-01,-5.366819240137607472e-02,-2.505045083351676860e-01,-1.513328757141984837e-01
1.962902062557028704e-01,9.698446294142086532e-02,4.583295405799631128e-01,3.597928712465278678e-01,2.159930550470633703e-01,6.308417064431534049e-01,1.416431582067796402e-01,-6.260093286395120860e-01,9.611763126741368346e-02,6.178654140913577564e-01,-2.909197772271036597e-01,-5.010754481023487195e-01,4.866811189348417832e-01,2.613706246114501086e-01,-6.392678584204566361e-01,7.829339774564044244e-03,6.871982118866277744e-01,-1.254324662036942761e-01,-5.637222496980125452e-01,4.820667004784350840e-01,5.470747153289148290e-01,-5.855393843547241906e-01,-4.712256219950878844e-01,6.315788690611026102e-01,5.320870758039801807e-01,-6.474462978703804383e-01,6.259978650673232725e-02,1.000000000000000000e+00,3.016394191339064057e-01,-9.113345737341557173e-01,-9.334788430138135293e-03,8.136363489412454797e-01,-2.254486563612049521e-01,6.107456015582946041e-01,6.845997992204065907e-01,1.889176312101283617e-01,2.095490093923628172e-01,5.503300879979375893e-01,6.240217866303787719e-01,3.699536024827739800e-01,6.217213938666247414e-02,3.422028625645379685e-01,-9.834630977310347688e-02,-6.831706488040705239e-01,2.718787505958303319e-01,-9.820305225089674683e-02,-8.189017360502571785e-01,-3.036462674741118306e-01,2.972281519847216891e-01,-1.632967333234063567e-01,-7.192806257741714004e-01,-5.338838132981856832e-01,3.022312908762461725e-01,-4.001483528303672460e-02,8.226366030896050674e-01,-1.522231972731797889e-01,-6.861157605607134391e-01,-5.963294736008907249e-01,4.707399481842519662e-01,1.662547948927531050e-01,-8.216549554286241008e-01,1.098104543918012738e-01,7.625277113785484673e-01,-1.206461060208416231e-01,-7.842539199429197083e-01,5.066035396070979469e-02,4.565979309860263013e-01,-5.437114997182465048e-01,-1.944572467500642055e-01,7.172727868157716680e-01,-7.620852790220891682e-02,-7.231375636894262771e-01,3.330813950948003366e-01,5.381313790677936248e-01,-5.373512906276510792e-01,-4.064605359156397979e-01,5.793953526356915296e-01,2.195537738055053714e-02,-6.546032467752997963e-01,6.932168194386670312e-02,5.182933570003559476e-01,5.094493885273715383e-01,9.728561823549063126e-02,5.776687818150954001e-01,4.670001960951834785e-02,-2.166015974680949863e-01,-5.290428083339115961e-02,-3.852580468485585219e-01
-2.753851641639744607e-01,-3.486234610361235164e-01,-1.954622853273655370e-01,5.071025124529452421e-01,2.624762095590185695e-01,5.040353836301305623e-01,-2.862544289437029318e-03,1.455957576941203091e-01,5.999179847032082291e-01,3.249321562848521694e-01,-9.698309013129061129e-02,3.641501281716681970e-01,5.926839729581785399e-01,1.649764495589290392e-01,1.856514546239428076e-01,5.385790496618280132e-01,3.369927300265833092e-01,1.399492551747737734e-01,3.581665107777638468e-01,6.204006889196993502e-01,4.059193654772069171e-01,1.608409501604502190e-01,2.525636993000804353e-01,4.298144288494773479e-01,6.057504834723871356e-01,4.791228632901567974e-01,1.053796380269363536e-01,3.016394191339064057e-01,1.000000000000000000e+00,6.034616850877795764e-03,-1.816246635123890951e-01,7.241984434257486836e-01,6.822610128201052060e-01,1.516227283565824667e-02,-8.368693058142970265e-02,9.106236023244959066e-01,2.316265774448293124e-01,-5.469297912791492022e-01,5.134644254427320753e-01,5.639016113006179998e-01,-6.101594247207310362e-01,-4.527067650256309528e-01,-5.182477458968007267e-02,-3.365303794677199645e-01,-6.804142530900619823e-01,-4.153414981563370856e-01,6.461432955268307798e-02,-4.349778804682661315e-01,-6.928125193353932287e-01,-1.704009547632383825e-01,1.493882685003364297e-01,-1.931669157396880554e-01,-5.896967557605075072e-01,-4.150140893184443014e-01,4.241703360984330068e-02,-2.554301023761007539e-01,-7.911584182823161449e-01,2.244913940091305127e-01,5.737228218046342559e-02,-7.190176607954659183e-01,-5.576732821447122346e-01,-6.877819239894276127e-01,1.246711875674293979e-01,2.797925242553130354e-01,-4.138761581891269858e-01,-7.856106261999925566e-01,-6.126720466561472872e-02,-6.336523571635341856e-01,-4.742281328218624359e-01,-2.114971473957929365e-02,-2.506051790575172800e-01,-6.206293436713979927e-01,-2.885854686844764871e-01,-1.314115201731229886e-02,-4.290011899311058086e-01,-5.542964366269841348e-01,-2.487026204992660861e-01,-2.209649663629961180e-01,-2.365828632887469751e-01,2.463179767210582072e-01,4.763058314748203625e-01,2.521966530322077849e-01,-1.277790309110973521e-01,1.067179692847977229e-01,4.428720467208257898e-03,-2.837345032303271175e-01,-1.275974980600918796e-01,-2.406243178384931125e-01
-2.662432066937638897e-01,-2.182581816197644853e-01,-4.936523587285151504e-01,-1.920736381480548094e-01,-2.016810175727876686e-01,-4.796543888280399015e-01,-5.530330293838442435e-02,6.878140705626064610e-01,3.380674070856183600e-02,-4.737393010387013770e-01,3.385215331586804988e-01,5.827733595265603972e-01,-3.290593265610263218e-01,-1.224679352582690034e-01,7.227951237564032017e-01,8.921731368088163527e-02,-5.637807084418083869e-01,2.586606351392652936e-01,6.522904514187619629e-01,-3.524489972644008762e-01,-3.506011297250266612e-01,7.041149400695939642e-01,4.777600879887474727e-01,-5.995143605581918500e-01,-2.709112325936590682e-01,8.162178022571309199e-01,-1.570235885212493687e-01,-9.113345737341557173e-01,6.034616850877795764e-03,1.000000000000000000e+00,7.207380238838922981e-02,-6.168564159979298411e-01,4.076891106082061733e-01,-7.426518605197341971e-01,-6.803112759845976187e-01,1.327838551207434215e-01,-2.603891409937816315e-01,-7.702362192547143049e-01,-4.087156516111817850e-01,-3.000272084562490282e-01,-3.369350624733211119e-01,-4.224024806494393047e-01,2.032954247934308512e-01,6.803442540162959462e-01,-4.543051784953462402e-01,-1.325494653960560543e-01,8.540154693954226106e-01,2.883608969443826608e-01,-5.316607820164737097e-01,6.412753680642415896e-04,7.830607189656463296e-01,5.843452576610513871e-01,-4.410468281091358134e-01,-1.902264758669085232e-01,-8.231412259033883405e-01,1.901207245220260800e-01,4.323365472935275511e-01,7.425688069375441236e-01,-3.672088454132670376e-01,-4.011237718655816797e-01,6.414995954088099639e-01,-2.822429251636502379e-01,-7.958711958955968502e-01,1.114978939939641756e-01,6.506122786438216510e-01,-2.968390717584114546e-01,-5.741735865662326299e-01,3.084813694266325124e-01,1.386223098674522480e-01,-7.278611818442789483e-01,-1.025490697226229264e-01,5.557467186893696454e-01,-3.519757980894953620e-01,-6.111977440846037002e-01,3.387992521134760571e-01,3.046867059706121483e-01,-6.531011264418149498e-01,-1.931308454564305555e-01,5.619041581121023698e-01,-6.739482286061944383e-02,-3.698201552372568646e-01,-4.112446281806282911e-01,-1.076466374813091764e-01,-5.617421170876096825e-01,-1.085135502592992629e-01,1.122451980166257607e-01,2.468934947563381291e-02,3.265751867006564946e-01
1.659455380677914704e-01,-4.842949693135940176e-02,2.621610998273123383e-01,1.090986392281857904e-02,-4.586371204967159554e-01,-8.407520788948651125e-02,6.127820586681633763e-01,-2.065517328982207496e-02,-5.400037520269326263e-01,2.858641984675103775e-01,5.101342315925228021e-01,-3.841372488086831627e-01,-2.854452792035108710e-01,5.913853971031364232e-01,1.364534278486597904e-02,-6.492381120881590695e-01,1.195000402754926305e-01,5.703434949049337455e-01,-3.358221938639848747e-01,-5.460821836669259577e-01,5.137084362030447382e-01,3.709164574181902374e-01,-7.017828180575248487e-01,-6.531914441084587519e-01,5.448089424810881320e-01,-1.314461255392214145e-01,-9.478348170356930558e-01,-9.334788430138135293e-03,-1.816246635123890951e-01,7.207380238838922981e-02,1.000000000000000000e+00,3.672113503830654133e-03,-6.533075297522147329e-01,-6.962479283923723727e-01,6.527589951511908462e-01,5.706907751189615324e-02,-9.184263119211857340e-01,5.128972934184927029e-02,4.868320283662184722e-01,-7.202173280045303105e-01,-3.923466918669901715e-01,6.647925061640088673e-01,8.633522356369383033e-01,6.129809326921652479e-01,4.513572902941108689e-01,-6.614821812604163576e-01,-1.543436118161682358e-01,8.294051533868809223e-01,8.440775584790458086e-02,-7.480847166906584578e-01,-7.545356642445923134e-02,6.606855792354608958e-01,4.731327890132260849e-01,-6.184797856294688145e-01,7.150793523036325094e-02,8.031997071475140970e-01,-6.171512282607338057e-02,3.419731292908413378e-01,6.979441685826855979e-01,1.071598582302527858e-01,-1.446031809920822753e-01,5.272214041788514383e-01,-2.842855320882387571e-01,-7.884442382862438814e-01,-1.236508838722163300e-01,2.181260246246871926e-01,-5.463654868290119815e-01,-2.851664013093779260e-01,6.927427046327457871e-01,1.461088016736835637e-01,-6.809445089202895707e-01,1.436522526590747195e-01,6.345021218174181632e-01,-3.714438284958948566e-01,-4.894696838255465643e-01,5.467315435731181505e-01,2.377297250107620608e-01,-6.393626963084673154e-01,-2.197503256757043777e-01,-5.037163427330142440e-01,-3.324654036484257780e-02,1.104054357746273307e-01,3.408446457611457037e-01,1.749537514228255777e-02,-2.471536164639812627e-01,5.352369680625018722e-02,2.504440436646689916e-01,1.423595195464394392e-01
-1.371877639582696519e-02,-1.166553944208720134e-01,2.106251779654523260e-01,4.956501019586746493e-01,2.024929082123013424e-01,6.748859660362104274e-01,1.356811419655303275e-01,-3.235301358200938782e-01,3.501785080437712638e-01,5.955980836114826982e-01,-2.011855081144588719e-01,-1.498377496309216961e-01,6.147369994703084650e-01,3.069883473173759536e-01,-3.097669786119188751e-01,2.419947746895940721e-01,6.315091012304816509e-01,4.529616306210403065e-02,-1.945393156674390112e-01,6.009175136305731080e-01,6.224813873327212921e-01,-2.492756549801014854e-01,-2.395798729544604544e-01,5.795493216985674323e-01,7.530540827910569002e-01,-1.707039709860158905e-01,-1.371710632762328588e-02,8.136363489412454797e-01,7.241984434257486836e-01,-6.168564159979298411e-01,3.672113503830654133e-03,1.000000000000000000e+00,1.390931084644487226e-01,3.384395318012054510e-01,5.025723582145282808e-01,6.467864346977734158e-01,1.543898894354594487e-01,6.713746771412038017e-02,7.561275971536940421e-01,4.968882763003467651e-01,-3.386234179331021887e-01,3.742322880221943954e-02,-1.504023010016200708e-02,-5.819002260217494005e-01,-1.602133942993113347e-01,-3.528262279116306521e-01,-5.149122539343167215e-01,-3.729601227407651765e-01,-1.819131710794796297e-01,-2.551846901272935564e-01,-3.869948341002718561e-01,-4.051685285268128989e-01,-9.933489620054820890e-02,-3.025538190087165291e-01,5.604697876566748782e-01,-1.821299827528204407e-01,-8.897654617138628375e-01,-2.363556057691987844e-01,3.978436032865212968e-01,-2.819086306502387451e-01,-8.589913508275640597e-01,-2.507069810511631802e-01,5.398994956035831905e-01,-4.524125333343362830e-03,-7.544120478714816391e-01,-3.799239451712352333e-01,2.067085923196402275e-01,-7.219925110068016183e-01,-3.225148338738966780e-01,4.649670834200948510e-01,-2.542129438545449593e-01,-7.974311244403762267e-01,1.154677968249525621e-01,3.069969198555718704e-01,-6.313476646498243916e-01,-5.192643418103788377e-01,2.584887460030025896e-01,-1.709168316272846044e-01,-5.706553402652965179e-01,1.294207928023959620e-01,6.159822134893920831e-01,4.757705917786401728e-01,4.485538324725717174e-02,4.304073114828324553e-01,1.099560402248918670e-02,-3.095692196391785500e-01,-7.045136501705680232e-02,-3.811816332358207715e-01
-3.727807208303588471e-01,-2.790134173496087167e-01,-4.813047817186897337e-01,2.271040591775390916e-01,3.285840466048675079e-01,1.466589255375982670e-01,-3.722146972992908531e-01,4.039644730824281105e-01,6.913172399885397779e-01,-1.703461187821100620e-01,-2.002692682176120120e-01,6.982315244039498658e-01,3.829437940677591357e-01,-2.884369452310344695e-01,4.214642931601460529e-01,7.358924784194956770e-01,-1.064460627720250768e-01,-1.284668131295391980e-01,6.891955945189082167e-01,5.324033815941882075e-01,-2.162293071090094776e-01,1.839052658548514241e-01,7.735191134684517023e-01,3.608128055282323610e-01,-8.531171865264867982e-02,7.333502715145239215e-01,5.450410788622640501e-01,-2.254486563612049521e-01,6.822610128201052060e-01,4.076891106082061733e-01,-6.533075297522147329e-01,1.390931084644487226e-01,1.000000000000000000e+00,7.317955963781558326e-02,-7.441770587701662665e-01,5.641274642221859592e-01,5.523882043902614836e-01,-7.022269862768338866e-01,-1.672214456232026247e-01,6.004587677935062651e-01,-2.821976225295409479e-01,-8.312876777082301993e-01,-4.416410819117840836e-01,-2.522179414818545573e-01,-8.569278460298567213e-01,8.227294757276611137e-02,5.029820567379931218e-01,-6.062018327198179790e-01,-6.841601763520746005e-01,3.371731596426835176e-01,4.729557078273892157e-01,-2.388739799671670272e-01,-8.125413533527279242e-01,3.605941264957433778e-02,-3.760921023618422065e-01,-5.313689522014514166e-01,-2.342174822804155010e-01,2.578048798741327530e-01,-5.335941597586265628e-01,-6.661716839473468266e-01,4.007088290119981827e-02,-8.480253485440696348e-01,-1.150769057329351919e-01,6.782524063330899189e-01,1.122431921546971356e-01,-7.401158819804817268e-01,2.537218565680146934e-02,-6.724352729678027829e-02,-6.264883826652853926e-01,-4.293455243921384668e-01,2.059583437263742267e-01,-2.007054828854442086e-01,-7.034828140063240642e-01,-6.516574540420860817e-02,1.830836597853002234e-01,-5.168283145934418066e-01,-5.805433851628885034e-01,1.532681690743091518e-01,2.433735126864981224e-01,4.098462598089424591e-01,1.324047191743939755e-01,-8.468722334363652793e-02,-3.299081924371766172e-01,-2.017183761570577882e-01,6.965712213274717624e-02,-1.718238122414534885e-01,-2.214642237839256067e-01,-8.893869834220735626e-02
1.051092181829997446e-01,2.251424523753378926e-01,1.936964999689507749e-01,7.390756409829805917e-02,4.249888571636269985e-01,3.397090971857865682e-01,-3.817095336851565879e-01,-4.911748363464493727e-01,2.777844245177681914e-01,1.023719591873562124e-01,-5.807680086324106261e-01,-1.922533790122160080e-01,3.616739915169775443e-01,-3.396001125690217837e-01,-5.416884984729751773e-01,3.224703792435396621e-01,2.772215005051937298e-01,-5.920605141176137343e-01,-2.691930656548918721e-01,5.543776241455633524e-01,-1.447949830165060348e-01,-7.669957684401139675e-01,1.106413551853477478e-01,8.167006116251419590e-01,-2.412354010599835064e-01,-5.371716467924799732e-01,7.365989260046031939e-01,6.107456015582946041e-01,1.516227283565824667e-02,-7.426518605197341971e-01,-6.962479283923723727e-01,3.384395318012054510e-01,7.317955963781558326e-02,1.000000000000000000e+00,4.711447351894345464e-02,-2.249811782237458035e-01,7.819171782458481657e-01,5.649741788272488741e-01,-9.578488646132256312e-02,6.372510271043109187e-01,5.651933467696675928e-01,-1.026653425781387380e-01,-7.190397119437081930e-01,-8.555622690365138894e-01,8.572637922048524650e-02,5.824282485577312318e-01,-5.046051930052269929e-01,-7.174262791399756978e-01,3.907149148822541829e-01,5.226885789086364031e-01,-5.171487697449439480e-01,-8.404010897361394727e-01,5.380757774234455615e-02,5.955436847361262886e-01,5.261261918885936639e-01,-6.474384504040274768e-01,-1.766777040524379616e-01,-7.769156650273923992e-01,-2.180197920338152739e-01,2.937500560767560276e-01,-2.909884479322937811e-01,-7.681466751029376872e-02,7.376884836386132793e-01,4.219708933860860656e-01,-3.268646919014672747e-01,1.508905326213421660e-01,7.828454880897152135e-01,4.335031595619926598e-02,-5.160037009557431054e-01,4.215955869994607585e-01,5.629921537442682533e-01,-4.271881207554883431e-01,-1.489971193269963301e-01,6.911857065840872894e-01,1.382546491312839354e-01,-5.307202313784091796e-01,3.284167029251460757e-01,5.952402181360026967e-01,-2.276543464767803726e-01,3.682400556672580927e-01,2.410845616183829587e-01,1.857503810216225570e-01,-1.484874875043626363e-01,3.804396806452759461e-01,2.437675298499091536e-01,-8.357453179999081716e-02,-1.772950966194542510e-01,-3.055914589088626343e-01
3.214195767080778587e-01,1.202750171382089145e-01,5.602602777512538657e-01,1.897192646453573772e-01,-1.647907827785473900e-01,3.354279850386823747e-01,4.833645588295267803e-01,-5.331423062639178978e-01,-3.786434906853776705e-01,5.884424830261733019e-01,1.015346451982819670e-01,-7.006926685909842245e-01,8.247212973630894950e-02,5.279822512960019587e-01,-5.327861143037224689e-01,-5.038299742722190944e-01,5.363601630239335227e-01,2.179050958075749445e-01,-7.199636160327328449e-01,-1.008285742827524367e-01,6.605979962691739260e-01,-2.548067428617850072e-01,-8.589410242261155126e-01,-7.574289286700872786e-03,6.312646506391241807e-01,-6.793514280656451909e-01,-5.700594714925643069e-01,6.845997992204065907e-01,-8.368693058142970265e-02,-6.803112759845976187e-01,6.527589951511908462e-01,5.025723582145282808e-01,-7.441770587701662665e-01,4.711447351894345464e-02,1.000000000000000000e+00,4.785155085116911053e-03,-4.761253406020951040e-01,5.812575120134551021e-01,7.008601539996320851e-01,-2.861632288488002995e-01,-7.877276794347005950e-02,7.864500782109378196e-01,4.852618238997168376e-01,-7.703123347321458314e-02,6.397983625193752744e-01,-4.174130471457088154e-01,-7.589628690856689008e-01,3.737426543028787851e-01,4.258858485621203616e-01,-5.638755949370062304e-01,-6.384146130172684286e-01,4.040777413634463744e-02,6.482986256870283404e-01,-3.356839687197678557e-01,6.703161282258226494e-01,4.333906122026541796e-01,-4.093913906781802003e-01,-2.929649128658781132e-01,7.847530570314853460e-01,3.464899071362409488e-01,-6.138080491776516379e-01,5.583208864907661662e-01,3.979927781800339237e-01,-6.378098930253284227e-01,-5.907346398815427335e-01,3.385285724996658363e-01,3.185858980571328741e-02,-4.732874284601870096e-01,3.778758453789551330e-01,6.584205590898056792e-01,-4.315633432794354074e-01,-3.478533848856532051e-01,7.174413388022383709e-01,1.953774645602794069e-01,-6.406363611339556119e-01,1.381186131241520509e-01,6.564594261781673268e-01,-3.332139438069746662e-01,-5.957887786414440834e-01,-3.001962260597564880e-01,2.732870366011798668e-01,3.954773991927221788e-01,3.080058795758777168e-01,4.338118387469290238e-01,-1.348802835960194180e-01,-6.443017984680800281e-02,1.520764809705660026e-01,-1.540677457741382594e-01
-2.476863939547173377e-01,-3.794778803867898120e-01,-1.843646640287920080e-01,4.904381713984535818e-01,1.329995976097123334e-01,4.215576254648537025e-01,1.394423285397749235e-01,2.203430542614573939e-01,4.660581337703494365e-01,3.346954374549072075e-01,6.736747883310648111e-02,3.339058133665885331e-01,4.786790466610645889e-01,2.902976522617927713e-01,2.716400005822929842e-01,3.848079254687774009e-01,2.983536695682466044e-01,3.023191816483225547e-01,3.444013394625250468e-01,4.463734222690506903e-01,4.812547247155887775e-01,3.200836498917795647e-01,1.415756403067763847e-01,2.041112193527234719e-01,6.813568516969680244e-01,5.379161710141318054e-01,-1.282199894611700808e-01,1.889176312101283617e-01,9.106236023244959066e-01,1.327838551207434215e-01,5.706907751189615324e-02,6.467864346977734158e-01,5.641274642221859592e-01,-2.249811782237458035e-01,4.785155085116911053e-03,1.000000000000000000e+00,-1.654299589033285042e-02,-6.545865245731244952e-01,6.055964231632761097e-01,3.648642965698902785e-01,-7.691604412016841419e-01,-3.507323515750942478e-01,1.955342581778970745e-01,-1.124663025659596305e-01,-6.291024294550835450e-01,-6.091672465671175152e-01,1.240133842352013627e-01,-1.911730453237748539e-01,-7.252557223522978491e-01,-3.464836928045984532e-01,2.218438713476744151e-01,2.925866188094588399e-02,-5.233706530572083127e-01,-5.763367140426527424e-01,-3.769054464242972691e-02,-4.234512689963635529e-02,-7.400475720802249802e-01,3.890101271744987876e-01,1.672649928054256718e-01,-7.375979623506779825e-01,-5.006705776581388267e-01,-5.937962281353305061e-01,-4.388784591436942217e-02,1.099845209762019965e-01,-3.527087863026803216e-01,-7.565842045075237277e-01,-2.570372223948824697e-01,-6.428793657293048192e-01,-2.926078724269142173e-01,-7.422531204262797222e-02,-4.112249627811106478e-01,-5.113200659015308958e-01,-1.793346781919978317e-01,-1.691388911639711001e-01,-5.055247511467235721e-01,-3.872794688294910470e-01,-2.732335525260795039e-01,-3.825724769929772506e-01,-1.976816400430576603e-01,1.203617183340071478e-01,4.084491302125081158e-01,2.271879473816393880e-01,-8.297628128785443369e-02,3.291018024546126658e-02,-8.352389387796128883e-02,-2.388615558835819608e-01,-5.143984681618430505e-02,-1.682847554382720379e-01
-1.442794264097053969e-01,1.662205886483544143e-02,-1.720717036746921280e-01,7.987032632869388304e-02,5.220886546273710849e-01,1.958784557556711714e-01,-5.093210792506135398e-01,-8.805873313189203910e-02,4.974289021655202148e-01,-1.346531302924838802e-01,-4.946826017504041828e-01,2.520196959084264332e-01,3.442758951968314940e-01,-4.704044157631214196e-01,-1.238603688080229664e-01,5.856286871830851393e-01,3.024793719154057411e-02,-5.213353882989919530e-01,2.016682529708475891e-01,5.921125758780044768e-01,-3.476292115221947254e-01,-4.451878526309607786e-01,5.537887271047613469e-01,7.402372112486225175e-01,-4.028972856058412044e-01,-8.997468109710813136e-03,9.104970618339420785e-01,2.095490093923628172e-01,2.316265774448293124e-01,-2.603891409937816315e-01,-9.184263119211857340e-01,1.543898894354594487e-01,5.523882043902614836e-01,7.819171782458481657e-01,-4.761253406020951040e-01,-1.654299589033285042e-02,1.000000000000000000e+00,7.575331802795919056e-02,-3.390548495517983763e-01,8.070581258647990808e-01,4.025858801405642340e-01,-5.820895974708860665e-01,-8.502658881402515023e-01,-7.378262659908362275e-01,-3.924943618450333349e-01,5.987293752268343372e-01,-2.280053479045395654e-02,-8.482666995457215364e-01,-3.512259137432342804e-02,6.507646416301877679e-01,-7.303737075650922062e-02,-7.233653015211086723e-01,-3.858458670015829095e-01,5.471688445151010605e-01,9.605223544913857325e-02,-7.619505836428915879e-01,-9.548526431263139325e-02,-4.332096989455864189e-01,-5.416533031635492046e-01,-8.247820531852353976e-02,-4.231586638144908818e-02,-4.670212137658798501e-01,4.071440957400281335e-01,6.848403947251388013e-01,-4.996849503242042911e-02,-1.874651347090324494e-01,5.845889658219014517e-01,1.285125257859439374e-01,-6.719352906020299443e-01,-3.867874617421845299e-03,5.929693024868322171e-01,-2.735886454690759639e-01,-5.202337191849512044e-01,4.318767025271837978e-01,3.367081310478795553e-01,-5.843267402375283970e-01,-1.277097614835170092e-01,5.749971881544030383e-01,9.074056559338258832e-02,4.733882230845999906e-01,1.252761522166269403e-01,-2.106683688161189311e-02,-3.244522985619996414e-01,9.686825729074394209e-02,2.485313530538435511e-01,-8.238323741415491674e-02,-2.687934510374017094e-01,-2.231892205468966051e-01
3.353926605455510579e-01,3.744851886004201269e-01,5.068543900251143430e-01,-1.092205724935130934e-01,1.578517942639928728e-02,1.262737818909791254e-01,2.000023149284012661e-02,-6.580237270480878697e-01,-3.342909712460827576e-01,2.055307548896853076e-01,-2.577164692836655391e-01,-6.722273838789589728e-01,-3.571274627556500492e-02,-1.829078105210856300e-02,-7.170278127171855198e-01,-3.454411430763953406e-01,2.800614110101338206e-01,-3.318776783547122688e-01,-7.336541831907363864e-01,-4.642656195586433721e-02,3.812124610474266345e-02,-6.913517496862843226e-01,-5.257279558927302476e-01,2.312553989382214181e-01,-1.102324021306829438e-01,-9.273191281788486506e-01,5.158180579385365089e-02,5.503300879979375893e-01,-5.469297912791492022e-01,-7.702362192547143049e-01,5.128972934184927029e-02,6.713746771412038017e-02,-7.022269862768338866e-01,5.649741788272488741e-01,5.812575120134551021e-01,-6.545865245731244952e-01,7.575331802795919056e-02,1.000000000000000000e+00,5.576179485646081541e-02,-1.022490676573251933e-01,6.220799721896674850e-01,6.236273351463033077e-01,-1.673448773851671234e-01,-3.810381440874682779e-01,7.727109044790085868e-01,3.572781347713473998e-01,-7.498545176713506955e-01,2.106069190369476429e-02,8.345418398525540349e-01,9.043829050607803122e-02,-7.333364504920723004e-01,-3.517536989692561789e-01,6.942062412214424771e-01,3.904177535807552002e-01,6.464887645092010082e-01,-3.243145027837017642e-03,9.496844413301877563e-02,-7.270791015096422782e-01,2.785798066092521341e-01,7.475401244952922797e-01,-2.092980716445877742e-01,6.216635186375160105e-01,5.901183629406647757e-01,-2.415791046980390600e-01,-2.852707819427171554e-01,6.724474149280756929e-01,5.052291520389415869e-01,1.041213609943972690e-01,1.537431208280041206e-01,6.053667511868855433e-01,2.342959163871087269e-01,-1.071022682348025112e-01,4.449952488854255761e-01,5.241600746606093209e-01,-1.805428390780250067e-02,4.926262732125891164e-02,6.672998496638141708e-01,2.852391622916410352e-01,-3.325008786044753584e-01,-6.164535086513360518e-02,4.411157908798484656e-02,1.777988544380217084e-01,1.179789384088070492e-01,3.993683665122333415e-01,4.772590600469476391e-02,1.713224318280570299e-02,5.382117775926614257e-03,-1.532942464138040417e-01
2.116524597321320714e-02,-1.856768511522891019e-01,2.362229407371763679e-01,4.502144499628559782e-01,5.216718883574900795e-02,4.976951289547759116e-01,4.191762740149151956e-01,-2.135045559475300947e-01,3.379584149308034746e-02,6.086987291918189991e-01,1.175556837828100470e-01,-2.593894603153921730e-01,3.536729551938428417e-01,5.402653998475933639e-01,-2.011585899045711112e-01,-1.059998830053843072e-01,5.528715330674511819e-01,3.242626120340525997e-01,-2.787568190411290892e-01,1.955440131263929127e-01,7.566942441000538144e-01,9.253423642010394704e-03,-5.228251729800580394e-01,1.268578862642783522e-01,8.889851388881979677e-01,-1.746682071080613297e-01,-4.813485484698118988e-01,6.240217866303787719e-01,5.134644254427320753e-01,-4.087156516111817850e-01,4.868320283662184722e-01,7.561275971536940421e-01,-1.672214456232026247e-01,-9.578488646132256312e-02,7.008601539996320851e-01,6.055964231632761097e-01,-3.390548495517983763e-01,5.576179485646081541e-02,1.000000000000000000e+00,1.378542588041163641e-02,-6.500407075393679346e-01,3.662917587867221547e-01,5.036075913032888041e-01,-1.025797363795290934e-01,4.550486902621592167e-02,-7.489080662816505196e-01,-4.543820188104666369e-01,1.824622754170375782e-01,-1.967436338853303102e-01,-6.792174455767897578e-01,-2.714006755285639505e-01,1.093279222865935763e-01,1.121296598110402415e-01,-6.564281729657135411e-01,4.226290676822949122e-01,3.253780850762070798e-01,-7.764920436623143907e-01,9.230626726467472398e-02,6.881245056667550930e-01,-2.558011005709120989e-01,-7.623210259473423012e-01,6.330549538160251156e-03,2.574296050667687630e-01,-3.683207354044351622e-01,-5.961032733395884575e-01,-2.362742352146973146e-01,-1.485120164746794869e-01,-7.653224526340810518e-01,8.164936383541313014e-02,4.012524163768664831e-01,-5.768366697022807577e-01,-5.701662503536831794e-01,3.802960445205452733e-01,1.663579353284527079e-02,-7.666310736633353828e-01,-1.471633751017891456e-01,2.673712717042037168e-01,-4.789396464734156367e-01,-5.336786069810186550e-01,-1.173568078617172883e-01,4.356683882137201702e-01,3.596733262767837780e-01,8.200727657712457430e-02,3.337882724541321733e-01,-1.240765726095744703e-01,-2.063576063689747386e-01,1.949254597539118103e-02,-2.375650469752064453e-01
-2.293236947174845941e-01,-7.514001275972928551e-02,-1.958016155127765834e-01,1.981024922617492245e-01,4.295337096341716454e-01,3.192234427331211433e-01,-4.392119710426019563e-01,-1.897321685355227855e-02,6.142769549776828653e-01,-2.102193944609664564e-02,-4.496689101654616216e-01,3.381075066235285087e-01,4.727905967285001565e-01,-3.406811880787876112e-01,-2.444875233687213850e-02,6.520124121057838673e-01,1.038658446812758679e-01,-3.667345796373849276e-01,3.056625715267271559e-01,6.855805523002408419e-01,-1.211901230166076704e-01,-2.665616835530120743e-01,4.916444653530734898e-01,7.737627493799907885e-01,-1.323659810706355640e-02,1.057549172835465096e-01,7.052736844830267415e-01,3.699536024827739800e-01,5.639016113006179998e-01,-3.000272084562490282e-01,-7.202173280045303105e-01,4.968882763003467651e-01,6.004587677935062651e-01,6.372510271043109187e-01,-2.861632288488002995e-01,3.648642965698902785e-01,8.070581258647990808e-01,-1.022490676573251933e-01,1.378542588041163641e-02,1.000000000000000000e+00,5.770518324027931051e-02,-6.832611555051739671e-01,-7.171595048327811250e-01,-7.530029808084220955e-01,-6.118405493475962409e-01,3.284934468569411514e-01,1.433738746118349075e-02,-8.859952948041186493e-01,-3.185354841055864639e-01,4.909438206192213716e-01,2.278863287471019627e-02,-6.970270931278789162e-01,-5.762447759556267313e-01,2.975592402313285145e-01,8.784016687138027080e-02,-7.566876293896549477e-01,-3.884145634628524690e-01,-2.733657464877001786e-01,-4.316677328716689299e-01,-3.348442323592206726e-01,-2.502789457276814455e-01,-5.849992699030261978e-01,3.741659432279502151e-01,6.217117152291179449e-01,-2.273313913966857891e-01,-4.058284091105188174e-01,4.445776385482689830e-01,-1.213845268571723951e-01,-7.123251505033836306e-01,1.523094227379015279e-02,3.744899741874407328e-01,-4.690182076598498617e-01,-5.044359446661204061e-01,3.481014434271004765e-01,1.010407559946838590e-01,-6.646604313973902833e-01,-1.719869893400022554e-01,3.808176421739496442e-01,-6.817010085532507202e-02,4.862366932914838902e-01,3.192329749069774403e-01,8.363093725872049189e-02,-2.281412159256238359e-01,1.996355317465728363e-01,3.162146803801014761e-01,-1.708811314508631718e-01,-2.209511809186989750e-01,-3.074134502625269771e-01
2.408135585109440757e-01,3.944521816590458863e-01,2.370866553563525936e-01,-3.179696654014650403e-01,-1.419834012471341174e-02,-1.336176286390844403e-01,-2.840267149145106473e-01,-3.880185955352622451e-01,-1.723595455811878230e-01,-1.802196865477538323e-01,-3.312318768939181979e-01,-3.152593322978529677e-01,-1.419105046215489441e-01,-3.594534827216729900e-01,-4.194360779568535036e-01,-8.953105346730999559e-02,-6.910575043389026451e-02,-4.700473712730640630e-01,-3.449671569362007806e-01,-5.423567984109484673e-03,-4.222726696752950315e-01,-5.632157066950147506e-01,2.398110382136986810e-02,2.279566828689831293e-01,-6.411534098122250169e-01,-5.126612599928285219e-01,4.605748917687570443e-01,6.217213938666247414e-02,-6.101594247207310362e-01,-3.369350624733211119e-01,-3.923466918669901715e-01,-3.386234179331021887e-01,-2.821976225295409479e-01,5.651933467696675928e-01,-7.877276794347005950e-02,-7.691604412016841419e-01,4.025858801405642340e-01,6.220799721896674850e-01,-6.500407075393679346e-01,5.770518324027931051e-02,1.000000000000000000e+00,1.035279364703679400e-01,-5.844782175613348896e-01,-3.778324335462437955e-01,4.653369464054417648e-01,8.280102197198370151e-01,-2.996119551442779638e-01,-2.734916367385377689e-01,7.321854718419057440e-01,6.052804800989587397e-01,-4.348291204538477506e-01,-4.975456337045877642e-01,3.787170537135281512e-01,7.834666999262724918e-01,2.803257531759739130e-01,-3.609227280984937947e-01,4.808086581712237573e-01,-6.943784283811912372e-01,-2.983882010627034176e-01,6.754671329306105587e-01,2.648639919387241748e-01,3.498753503352007854e-01,3.487389137229519598e-01,1.459706254892864929e-01,5.776144739863256494e-02,5.526963734906380488e-01,5.526929998101747232e-01,5.219606414945394679e-01,-5.992342818050051118e-02,2.283971067646778652e-01,5.935588048076003709e-01,1.811860294233935409e-01,2.622773146878368267e-02,4.492668672241524885e-01,4.526078735549487475e-01,6.002744220791059009e-03,3.226413594615897829e-01,5.710081020189665679e-01,6.288006318935196459e-02,9.193144280683143710e-02,-1.583837966007396181e-01,-8.346688022425035464e-03,5.218387792227461436e-02,1.076583785802013721e-01,1.315181363966138606e-01,1.169140523701208551e-01,3.875684002892120471e-03,6.550892155177563507e-03
4.084867249374153908e-01,2.011494200685663702e-01,5.629265032266237423e-01,2.249051744702378064e-02,-2.674844726743006440e-01,1.098060387622499384e-01,5.171360612583292271e-01,-4.970309232540278677e-01,-5.934985029028038150e-01,4.476273929222467918e-01,2.030732271441353098e-01,-7.665944779512101626e-01,-1.561821668134735774e-01,4.873347521615568056e-01,-5.055402968413770237e-01,-6.781302149763128728e-01,3.855706897585152171e-01,2.150933918677521983e-01,-7.780437493677160310e-01,-3.528264425196299681e-01,4.640757894596285182e-01,-2.413498644759346778e-01,-8.508501275685669274e-01,-2.883165635047139075e-01,3.032520372961550748e-01,-6.610148626578110642e-01,-5.964765216744674081e-01,3.422028625645379685e-01,-4.527067650256309528e-01,-4.224024806494393047e-01,6.647925061640088673e-01,3.742322880221943954e-02,-8.312876777082301993e-01,-1.026653425781387380e-01,7.864500782109378196e-01,-3.507323515750942478e-01,-5.820895974708860665e-01,6.236273351463033077e-01,3.662917587867221547e-01,-6.832611555051739671e-01,1.035279364703679400e-01,1.000000000000000000e+00,5.553368510439880001e-01,1.861929851609601394e-01,8.870641052354035772e-01,-2.870159928435787600e-01,-6.759388391384660855e-01,6.295210102065974533e-01,6.532351241196856506e-01,-5.314824610642733260e-01,-6.225889080968617373e-01,2.376235026585666321e-01,8.678062435422677634e-01,-2.129763835775832503e-01,5.562487222224967720e-01,6.093020185024971003e-01,-3.286924956938688802e-02,-2.678354403615446078e-01,7.373299612134849301e-01,5.626807861803655442e-01,-3.088316469409576603e-01,7.372372727371200307e-01,2.310958308556946006e-01,-7.122708714976473399e-01,-3.389820813489110019e-01,5.490463485299337254e-01,-4.172025820470744856e-02,-1.907383496661294586e-01,5.840803909636383962e-01,5.410565269259317578e-01,-3.542763117996027833e-01,-1.915371708874872084e-02,7.685507382263745413e-01,1.072323417604593015e-01,-4.277898095297789638e-01,3.849958266062296630e-01,6.468562275707351317e-01,-2.945455518235108872e-01,-3.954272120741454399e-01,-4.302540255023682980e-01,1.840106379494417868e-02,2.760374543160797889e-01,3.145876483977911864e-01,2.321693106560033526e-01,-2.713853606837498544e-01,3.800652709249115191e-02,1.806788959830627483e-01,2.433803793482629957e-02
1.213375325793827619e-01,-1.790085775958900616e-01,1.290197325426435393e-01,7.771814211241985515e-02,-2.825388514076911384e-01,-8.925594623628030355e-02,6.520677296519500343e-01,1.369785814237994281e-01,-4.763241919566127414e-01,2.730452871956508543e-01,6.043211174917803019e-01,-2.378641027326517388e-01,-2.724522919464964499e-01,6.316898388570046929e-01,1.737810374023277260e-01,-5.734806642525998033e-01,9.328151092272610190e-02,6.656903911394794759e-01,-1.782367734271191051e-01,-5.207973199538493692e-01,5.410859650812588351e-01,5.030128887495877166e-01,-5.713800442987209127e-01,-6.390751747538404581e-01,5.338267338315648702e-01,5.524425273713647055e-02,-8.696388574701132690e-01,-9.834630977310347688e-02,-5.182477458968007267e-02,2.032954247934308512e-01,8.633522356369383033e-01,-1.504023010016200708e-02,-4.416410819117840836e-01,-7.190397119437081930e-01,4.852618238997168376e-01,1.955342581778970745e-01,-8.502658881402515023e-01,-1.673448773851671234e-01,5.036075913032888041e-01,-7.171595048327811250e-01,-5.844782175613348896e-01,5.553368510439880001e-01,1.000000000000000000e+00,7.232257912611580464e-01,2.821755515763978428e-01,-8.360789266238003448e-01,-1.447912731377631532e-02,8.429583771136448522e-01,-1.294742381526518549e-01,-8.485745775084344578e-01,8.434808229685628045e-02,7.641079788795646088e-01,3.356683709969644491e-01,-7.820967380361775190e-01,-5.627308266396627984e-02,8.521098666754629569e-01,-1.444378882246792339e-01,5.281980345195218529e-01,6.751916628478675797e-01,-1.182502404381641364e-01,-1.534535814836621992e-01,3.293967147267375384e-01,-3.887368405124118076e-01,-7.089049179530939604e-01,-5.208877347289381232e-02,6.279646148672547723e-02,-6.410242638263785597e-01,-3.766974955210028453e-01,6.344213214132136125e-01,1.466628958692735817e-02,-7.514059030512877380e-01,1.334976697047363658e-01,5.248205043140521386e-01,-4.951347428306097642e-01,-5.237743814725749347e-01,5.150312635618251589e-01,8.767857272157957016e-02,-6.999505646176807927e-01,-1.246663923725444406e-01,-4.826554123530851781e-01,-9.993935843175640044e-02,3.012156426516371388e-02,2.290319813234467372e-01,-1.043196921659801518e-01,-2.460483693459193932e-01,1.361896321310714364e-01,2.425980223337464159e-01,2.068042457783207944e-01
-3.013329739999853762e-02,-1.268652848604132355e-01,-2.004312879411978832e-01,-2.812534063334665713e-01,-3.556772790874697665e-01,-5.560382487554957898e-01,3.288494075686710927e-01,4.983990120816302882e-01,-4.635901279994845137e-01,-2.900199125515001142e-01,6.102862224495375632e-01,1.359524950581495195e-01,-5.988884860788736830e-01,2.159409815937575472e-01,5.248114602827669284e-01,-4.676047872149154405e-01,-4.646450274148071768e-01,5.101183188734697005e-01,2.218304163456259470e-01,-7.602720177278612379e-01,-4.663978533987023917e-02,7.151062142321508164e-01,-1.262667055363567437e-01,-8.770152775643383913e-01,-2.768231235482514555e-02,3.487261713204312108e-01,-6.492376889402849960e-01,-6.831706488040705239e-01,-3.365303794677199645e-01,6.803442540162959462e-01,6.129809326921652479e-01,-5.819002260217494005e-01,-2.522179414818545573e-01,-8.555622690365138894e-01,-7.703123347321458314e-02,-1.124663025659596305e-01,-7.378262659908362275e-01,-3.810381440874682779e-01,-1.025797363795290934e-01,-7.530029808084220955e-01,-3.778324335462437955e-01,1.861929851609601394e-01,7.232257912611580464e-01,1.000000000000000000e+00,6.021245605509522453e-02,-4.558361689021703245e-01,5.432000041635242082e-01,8.002981316498802844e-01,-2.392816687745017434e-01,-4.522413703861360434e-01,5.499123491195997415e-01,8.836671744039682475e-01,6.841451234251939850e-02,-4.706974592537560009e-01,-5.954933090926964878e-01,7.016966844173730955e-01,4.284101050893833196e-01,7.363291781688927617e-01,1.472379512855580552e-01,-1.192653195386591675e-01,4.871532397962140548e-01,2.472146287702383927e-01,-7.746016154316802682e-01,-4.401519109737057067e-01,5.370426420455935990e-01,1.283474580295881351e-01,-7.221203598416118252e-01,1.662491262723772290e-01,6.069019304281506599e-01,-4.531462759863899015e-01,-4.344728239773087974e-01,6.286350318409054116e-01,1.699339580887895551e-01,-6.906500584841753776e-01,4.602467487342364744e-02,6.829164585599533099e-01,-2.844941373327277145e-01,-4.616236468754199573e-01,3.526016060087678872e-01,-3.942970287464874213e-01,-4.422543178052390500e-01,-3.601847988775382925e-01,1.162302743602266902e-01,-4.189493636294451262e-01,-1.272401818087816328e-01,2.667119469019310074e-01,1.913900796311768793e-01,3.896899446372174003e-01
4.520558733993638167e-01,3.273106310502981176e-01,5.832904075779984376e-01,-1.221604368852089173e-01,-2.712777697881903483e-01,1.133404930852622075e-02,3.423175056596631793e-01,-5.753658443721696436e-01,-6.098610077927972828e-01,2.986529671210667036e-01,6.121992563175807089e-02,-7.956877320743678261e-01,-2.221393020245484851e-01,2.781924645436930632e-01,-6.008615648218154082e-01,-6.492386315977463074e-01,2.885230872483580677e-01,2.966394743961415278e-03,-8.218295274816482809e-01,-3.494366790212889984e-01,2.143699655609497823e-01,-4.193463273641298561e-01,-7.344158342846366372e-01,-2.178385681804079765e-01,-2.177746994944806599e-02,-7.622255501608516948e-01,-3.627446474835474555e-01,2.718787505958303319e-01,-6.804142530900619823e-01,-4.543051784953462402e-01,4.513572902941108689e-01,-1.602133942993113347e-01,-8.569278460298567213e-01,8.572637922048524650e-02,6.397983625193752744e-01,-6.291024294550835450e-01,-3.924943618450333349e-01,7.727109044790085868e-01,4.550486902621592167e-02,-6.118405493475962409e-01,4.653369464054417648e-01,8.870641052354035772e-01,2.821755515763978428e-01,6.021245605509522453e-02,1.000000000000000000e+00,7.457667195292652651e-02,-6.883006487334605294e-01,4.983669391433676044e-01,8.826200219624664722e-01,-2.305260360733773217e-01,-7.060442384950068595e-01,6.021073673078203292e-02,9.318514779078254096e-01,1.304161492447757920e-01,5.741904731271888496e-01,4.157108295042971080e-01,2.118199980047943964e-01,-4.870005150702932939e-01,5.219781365881898116e-01,7.846680434454963438e-01,-1.177740826058112228e-01,8.051256411856075879e-01,3.054754775556283719e-01,-5.728062402899818384e-01,-2.297359919821522767e-01,7.130923161446186542e-01,1.581787790358747114e-01,7.810225146947571973e-02,5.237604373153315063e-01,5.405892845827110493e-01,-7.283182989496229942e-02,1.021425021544886264e-01,6.918111057936600083e-01,2.509581665801529637e-01,-1.718227103073837470e-01,3.785814878739989231e-01,6.850006643453676602e-01,-3.299634639288523408e-02,-2.903255469603894801e-01,-3.612649817495925952e-01,-8.160518490490009658e-02,2.271532966514113183e-01,2.955695496601730143e-01,2.184403591840395342e-01,-2.114337119668347476e-01,8.834238372517862203e-02,1.775043770844196012e-01,5.957237747889205376e-02
6.119188646620814243e-02,3.683899787948086146e-01,1.410239509891207145e-02,-3.233542882691790021e-01,5.608886961230120233e-02,-1.521138206619926103e-01,-6.052463855403935611e-01,-2.109664659663391673e-01,1.599993515885913820e-01,-4.012382439231960696e-01,-5.255609497422866205e-01,4.014617919070818247e-02,-2.090470061160831436e-02,-6.614324956286579127e-01,-2.511596875925231065e-01,2.780393120875555013e-01,-2.458741742953161336e-01,-6.765335067583647666e-01,-5.661266896915474051e-03,1.757533217245984269e-01,-6.902327929385777550e-01,-5.141734150248001844e-01,4.042123671309664212e-01,3.404341361284575207e-01,-7.645583597635814410e-01,-2.360042424252069004e-01,6.986879336966695941e-01,-9.820305225089674683e-02,-4.153414981563370856e-01,-1.325494653960560543e-01,-6.614821812604163576e-01,-3.528262279116306521e-01,8.227294757276611137e-02,5.824282485577312318e-01,-4.174130471457088154e-01,-6.091672465671175152e-01,5.987293752268343372e-01,3.572781347713473998e-01,-7.489080662816505196e-01,3.284934468569411514e-01,8.280102197198370151e-01,-2.870159928435787600e-01,-8.360789266238003448e-01,-4.558361689021703245e-01,7.457667195292652651e-02,1.000000000000000000e+00,1.327687851375720061e-02,-5.635690146302834158e-01,4.586650742336602082e-01,8.907751533478855954e-01,-1.430551734683640497e-01,-6.183381599662424177e-01,-2.683278020648488527e-02,9.348026054737023083e-01,2.071356437861989960e-02,-6.686284959761445990e-01,5.297664517034470499e-01,-5.920234312052590209e-01,-6.624215639411837886e-01,4.694352289783237930e-01,4.302216345700169420e-01,3.870725140039250889e-02,2.748955847497733807e-01,5.121706673556772893e-01,2.417566838382947947e-01,3.043426410323385456e-01,6.127624085288393418e-01,6.712181586104211117e-01,-3.416095660904359677e-01,1.985363719030937626e-03,8.111362602283953560e-01,1.858305475315571165e-01,-3.315045193574575055e-01,4.665385879988218631e-01,6.932471290761483829e-01,-1.992631350094807852e-01,5.415845308026952243e-02,7.415525124489723563e-01,2.106074848733353877e-01,3.087296776883607929e-01,-1.173626434066773055e-01,-1.360421911146455776e-01,-1.073837039316797720e-01,2.405652761934347350e-02,1.992842057549361889e-01,-1.333864875603332951e-02,-1.407046735033299634e-01,-6.363675490267425849e-02
-3.556329096882867025e-01,-1.927062549024733396e-01,-6.226481113713424609e-01,-2.877259659700618366e-01,-5.883993562147556838e-02,-5.371023064074866848e-01,-2.730263055785559501e-01,7.659253281251435785e-01,1.688996455308710565e-01,-6.568584846061865656e-01,2.151417190049169093e-01,7.534198270893055494e-01,-3.284458017065206015e-01,-3.417643470981507337e-01,7.871003531665261566e-01,2.499146555327213248e-01,-7.174860508598704945e-01,1.078026734553739346e-01,8.207343966502410604e-01,-2.653237308733639166e-01,-5.208091974718922490e-01,6.752883956166564339e-01,6.562068996361315465e-01,-3.922954857078876922e-01,-3.564958658397524571e-01,7.767613763057423792e-01,7.290176045308870145e-02,-8.189017360502571785e-01,6.461432955268307798e-02,8.540154693954226106e-01,-1.543436118161682358e-01,-5.149122539343167215e-01,5.029820567379931218e-01,-5.046051930052269929e-01,-7.589628690856689008e-01,1.240133842352013627e-01,-2.280053479045395654e-02,-7.498545176713506955e-01,-4.543820188104666369e-01,1.433738746118349075e-02,-2.996119551442779638e-01,-6.759388391384660855e-01,-1.447912731377631532e-02,5.432000041635242082e-01,-6.883006487334605294e-01,1.327687851375720061e-02,1.000000000000000000e+00,1.105964185172013566e-02,-6.741815214254772703e-01,2.255576861702279223e-01,9.360083769452375302e-01,3.947905543122206540e-01,-6.850227860083153431e-01,-5.265826802310918237e-02,-9.267092950132530538e-01,-6.293747722643650011e-02,4.306513802056982643e-01,7.098416308155617305e-01,-5.916639379033556967e-01,-4.962729900949722217e-01,6.891208843461228417e-01,-4.123298697092552811e-01,-7.470754327654840488e-01,3.238338117796331628e-01,7.234449519405738993e-01,-3.166473766130611933e-01,-4.402409765201680814e-01,3.834078080298010671e-01,-6.495825519131219472e-02,-8.004998579890566512e-01,7.020738041405616414e-02,5.252836100233025940e-01,-5.546519714016876490e-01,-5.542228479025109733e-01,4.958357427428908837e-01,1.774456179847195281e-01,-7.519152116993735868e-01,-1.661221186110460254e-02,6.104335965478627779e-01,8.969324887971438787e-02,-3.559489672418379436e-01,-5.331571003473998260e-01,-1.852511092764659584e-01,-5.054029510975380779e-01,1.532759466568801299e-01,1.422908203234962976e-01,-3.352246969647876274e-02,2.520666542141991595e-01
1.646644265353946202e-01,-6.219615182087654542e-02,1.438268330571726150e-01,-1.272594751865550600e-01,-3.792737638389810373e-01,-3.156969521837554304e-01,5.919534610144467912e-01,1.212148458968294734e-01,-6.662510552599024694e-01,8.807985855224771676e-02,6.164630600103964131e-01,-3.162381493343642269e-01,-5.030346691915361657e-01,4.992510632244847590e-01,1.373463524241161360e-01,-7.226845060424952338e-01,-8.301775400570125807e-02,5.597894097254675350e-01,-2.569771302014533521e-01,-7.397449272743057413e-01,2.950489831459652823e-01,4.370069997708405096e-01,-5.719930633307328538e-01,-8.189582727683599739e-01,2.012883083490036584e-01,-6.118886374480618506e-02,-8.256809110299369037e-01,-3.036462674741118306e-01,-4.349778804682661315e-01,2.883608969443826608e-01,8.294051533868809223e-01,-3.729601227407651765e-01,-6.062018327198179790e-01,-7.174262791399756978e-01,3.737426543028787851e-01,-1.911730453237748539e-01,-8.482666995457215364e-01,2.106069190369476429e-02,1.824622754170375782e-01,-8.859952948041186493e-01,-2.734916367385377689e-01,6.295210102065974533e-01,8.429583771136448522e-01,8.002981316498802844e-01,4.983669391433676044e-01,-5.635690146302834158e-01,1.105964185172013566e-02,1.000000000000000000e+00,1.410226319135818862e-01,-7.229210931540155372e-01,5.324380206977915447e-02,8.533164052055998150e-01,5.298261474496834822e-01,-5.590839059417878065e-01,-1.224124863956230214e-01,9.068842165343015127e-01,2.276288691235238970e-01,4.479760295972342599e-01,5.723127284217678357e-01,1.650371315031743114e-01,1.344925341307691979e-01,5.469420611401100141e-01,-4.542399925358749924e-01,-7.516691547653077121e-01,1.655354810694174561e-01,3.381962850741236926e-01,-6.091072637758685460e-01,-6.247999151625636266e-02,7.867365505934114100e-01,-4.160568695894725083e-02,-5.927613836152686444e-01,4.219659331471012353e-01,5.674142536883491905e-01,-4.990072731287428787e-01,-2.773008454831936143e-01,7.199953967350145589e-01,1.172157210069012800e-01,-5.660124091301373950e-01,4.574770308119828488e-02,-5.410214385453741004e-01,-3.241109579298694920e-01,-8.687507837546605549e-02,2.523892106743432784e-01,-1.929590789906897030e-01,-2.654971910752820241e-01,2.472465519803137002e-01,2.689309994634375145e-01,3.304890482527926832e-01
4.702088590394107870e-01,4.603128675640595913e-01,5.863229876957820608e-01,-1.701024398848964281e-01,-1.904240164049201267e-01,5.948662672569997312e-02,5.802473459381098791e-02,-6.858760853101790733e-01,-4.234649234863724354e-01,1.951114047803456930e-01,-2.255698888414213454e-01,-7.409118673980914505e-01,-1.010719544408416604e-01,-3.139840630355095457e-04,-7.218173285029134689e-01,-4.144948380772919827e-01,2.695804533767136024e-01,-3.088489061664242419e-01,-7.897680836734359833e-01,-1.240551825628213867e-01,-1.842561352147885356e-02,-6.712266769815450340e-01,-5.070627310565466450e-01,4.378320707946585510e-02,-2.797911108988057616e-01,-7.917711471680103363e-01,1.043692711587972805e-02,2.972281519847216891e-01,-6.928125193353932287e-01,-5.316607820164737097e-01,8.440775584790458086e-02,-1.819131710794796297e-01,-6.841601763520746005e-01,3.907149148822541829e-01,4.258858485621203616e-01,-7.252557223522978491e-01,-3.512259137432342804e-02,8.345418398525540349e-01,-1.967436338853303102e-01,-3.185354841055864639e-01,7.321854718419057440e-01,6.532351241196856506e-01,-1.294742381526518549e-01,-2.392816687745017434e-01,8.826200219624664722e-01,4.586650742336602082e-01,-6.741815214254772703e-01,1.410226319135818862e-01,1.000000000000000000e+00,1.645448010016705154e-01,-7.745926650909009670e-01,-2.950298598726835420e-01,8.321676162374008756e-01,5.122425284402742918e-01,6.177539620984119351e-01,4.525685741692934971e-02,3.146820829112799700e-01,-7.562037719227256982e-01,2.221570495020900315e-01,8.923774725324726820e-01,-2.673203190534005971e-02,7.090465140595229032e-01,4.810303962051817317e-01,-2.833800435154326114e-01,-2.160591901529298753e-01,7.282609597119042988e-01,4.627845908796288099e-01,2.738238835569060670e-01,2.711097950958748504e-01,5.721214198917068394e-01,2.749647931796320721e-01,5.526276835397342380e-02,4.977514826805840564e-01,4.982718249256352094e-01,6.604645097409955756e-02,1.688957426804884865e-01,6.905722535680751673e-01,2.950822574088726724e-01,-2.634060622466570245e-01,-1.759251116287030292e-01,-2.676344817888078390e-02,2.390545535588794179e-01,2.197145725160273289e-01,2.767794172676324438e-01,-1.009169856854321423e-01,2.827649539525430716e-02,8.262716968518898919e-02,-2.855085891353253968e-02
-6.640977645514481442e-02,3.132213383972008991e-01,-1.583653394194513564e-01,-3.065033696221894366e-01,9.977074768399375737e-02,-1.354393840367006108e-01,-7.421250678878150708e-01,-3.752711505561144578e-02,3.913171161032757972e-01,-4.969823548575966754e-01,-5.818955403054578701e-01,3.078489759182736485e-01,8.180113393763760454e-02,-7.655218877154273960e-01,-7.283419110249196582e-02,5.059402514168293008e-01,-3.305495971036971348e-01,-6.981129401721007932e-01,2.584417498797866308e-01,3.223812918379585502e-01,-7.506691306024848576e-01,-4.000552778233834594e-01,6.332946943357178338e-01,4.305427871490123959e-01,-6.976477637295964707e-01,1.380584601451635002e-02,7.602566831810111392e-01,-1.632967333234063567e-01,-1.704009547632383825e-01,6.412753680642415896e-04,-7.480847166906584578e-01,-2.551846901272935564e-01,3.371731596426835176e-01,5.226885789086364031e-01,-5.638755949370062304e-01,-3.464836928045984532e-01,6.507646416301877679e-01,9.043829050607803122e-02,-6.792174455767897578e-01,4.909438206192213716e-01,6.052804800989587397e-01,-5.314824610642733260e-01,-8.485745775084344578e-01,-4.522413703861360434e-01,-2.305260360733773217e-01,8.907751533478855954e-01,2.255576861702279223e-01,-7.229210931540155372e-01,1.645448010016705154e-01,1.000000000000000000e+00,8.184494466948621927e-02,-6.812561305983979576e-01,-3.610194071346306544e-01,9.068234818084387472e-01,-1.533319875453527381e-01,-8.460069085487830209e-01,4.342966921628535482e-01,-4.441136658535953519e-01,-8.232721110147056542e-01,2.011032886481113613e-01,4.443523500773043922e-01,-2.242167599806707545e-01,1.893754001805150189e-01,7.098197749875045925e-01,2.909064525512123356e-01,4.885605533541018120e-02,5.700336341318060773e-01,6.444170452375177494e-01,-5.403208675061232924e-01,-1.634547841665950629e-01,8.482692784562962940e-01,1.194583887529686861e-01,-5.698252462969715104e-01,4.091926786924082182e-01,7.425422385650368717e-01,-3.544600810564231819e-01,-1.637219533451382825e-01,7.649698776709894510e-01,2.732734013540661921e-01,4.571880939034532187e-01,-5.658343256711909769e-02,-2.011458099860501947e-01,-2.228256048715307192e-01,-8.764777628165361378e-03,2.979722407124547057e-01,-8.119909620427068209e-02,-1.931096214075979367e-01,-1.073834637412249687e-01
-4.269097121416169927e-01,-2.690363781361081452e-01,-6.680750679049087815e-01,-2.112917374894706102e-01,3.721467162221356317e-02,-5.024617233125192595e-01,-2.186612844918740806e-01,8.246653548369252684e-01,1.924269507055529072e-01,-6.185947422403247353e-01,2.738913977910414910e-01,7.985958795729426463e-01,-3.079113292018795245e-01,-2.784703371454032017e-01,8.309027468620736601e-01,2.473135939997898325e-01,-7.021555922427273888e-01,1.776005154636747241e-01,8.528880060467819435e-01,-2.794516244479802181e-01,-4.447139773587205913e-01,7.360858522607939269e-01,6.092500970780719838e-01,-3.904528902455104977e-01,-2.151716384384958491e-01,7.426417118902731707e-01,-5.053764410321428396e-03,-7.192806257741714004e-01,1.493882685003364297e-01,7.830607189656463296e-01,-7.545356642445923134e-02,-3.869948341002718561e-01,4.729557078273892157e-01,-5.171487697449439480e-01,-6.384146130172684286e-01,2.218438713476744151e-01,-7.303737075650922062e-02,-7.333364504920723004e-01,-2.714006755285639505e-01,2.278863287471019627e-02,-4.348291204538477506e-01,-6.225889080968617373e-01,8.434808229685628045e-02,5.499123491195997415e-01,-7.060442384950068595e-01,-1.430551734683640497e-01,9.360083769452375302e-01,5.324380206977915447e-02,-7.745926650909009670e-01,8.184494466948621927e-02,1.000000000000000000e+00,4.710330669694887673e-01,-7.421340764762640596e-01,-2.179910832524807052e-01,-9.466955321081340635e-01,1.217179292946894871e-02,3.071721008310968060e-01,8.089911180977085170e-01,-4.949691395524276061e-01,-6.140074118576556161e-01,5.818786184417883423e-01,-4.540403776120195412e-01,-7.566174822774327513e-01,2.786942831176365543e-01,6.945390429443432101e-01,-3.831320246053490641e-01,-5.153983692565002883e-01,2.582257363416262663e-01,-6.364502470099477061e-02,-8.135017202387992974e-01,-3.961808509532777772e-02,4.650381184037242210e-01,-5.457515792340290606e-01,-6.192289507153080352e-01,3.900124189867685831e-01,1.666761386364659925e-01,-7.834211297473510083e-01,-1.046351262331945559e-01,6.017178062640471392e-01,1.052905122460622567e-01,-3.552844231378645135e-01,-5.749925964778820342e-01,-2.346093536354358633e-01,-5.068997899156966191e-01,1.566496610414891133e-01,1.455367754854923201e-01,-4.324255702668847179e-02,2.274579298642725178e-01
-1.057820306109119174e-01,-2.833862534731225735e-01,-1.985877293032524138e-01,-9.334711258172737058e-02,-2.395046703917464714e-01,-4.279913050756364856e-01,4.897169596370057887e-01,4.878163301349390801e-01,-4.677895803265633146e-01,-1.104314698818503332e-01,7.048393281655715992e-01,8.498660275145311638e-02,-5.168365765743736517e-01,3.986818086907458203e-01,5.079540204455808006e-01,-4.982155988111922063e-01,-3.044319441461327824e-01,6.396419399037127640e-01,1.618431288202376861e-01,-7.180657363466543819e-01,1.594596311785577980e-01,7.361519491169672413e-01,-2.371695841693094720e-01,-8.464875936376222709e-01,1.506632223779704738e-01,3.199744024294744471e-01,-7.035395232894803286e-01,-5.338838132981856832e-01,-1.931669157396880554e-01,5.843452576610513871e-01,6.606855792354608958e-01,-4.051685285268128989e-01,-2.388739799671670272e-01,-8.404010897361394727e-01,4.040777413634463744e-02,2.925866188094588399e-02,-7.233653015211086723e-01,-3.517536989692561789e-01,1.093279222865935763e-01,-6.970270931278789162e-01,-4.975456337045877642e-01,2.376235026585666321e-01,7.641079788795646088e-01,8.836671744039682475e-01,6.021073673078203292e-02,-6.183381599662424177e-01,3.947905543122206540e-01,8.533164052055998150e-01,-2.950298598726835420e-01,-6.812561305983979576e-01,4.710330669694887673e-01,1.000000000000000000e+00,1.055855844046778846e-01,-6.828458820379375016e-01,-4.975509099996909823e-01,8.303418132441948707e-01,2.241239436546910435e-01,7.841541667506617408e-01,3.353134411862043196e-01,-2.147067214240846178e-01,2.806376576577744864e-01,1.981758502432451607e-01,-7.077502591432357493e-01,-5.351197031230923162e-01,3.876496452184789443e-01,3.726707580796902175e-02,-7.945725463179823533e-01,-6.934622785725977345e-02,6.410430547103941334e-01,-3.860243987420607925e-01,-6.223818556222980858e-01,4.966934443148902645e-01,2.603353735967455784e-01,-7.381505154934102642e-01,-1.679108522114601265e-01,6.636084966433799526e-01,-2.612377453913352632e-01,-6.237915917492478091e-01,2.737422899554445288e-01,-4.419351621464638891e-01,-3.887102501151826761e-01,-2.787504781869311055e-01,1.259333649198552396e-01,-4.003019897507123503e-01,-2.209114654605753847e-01,2.631903111934208450e-01,2.103772010691981609e-01,3.779483881955968405e-01
4.948344848718247424e-01,2.696302033890907723e-01,6.298799754346081636e-01,-3.594293075408053900e-02,-2.698770024927346634e-01,7.536760177570341057e-02,4.732407971221999077e-01,-6.008200033123698436e-01,-6.566798600180105971e-01,4.231542085467849823e-01,1.410210351370138337e-01,-8.678217023258099072e-01,-1.941148586452135782e-01,4.202331713966743765e-01,-6.025777846090750733e-01,-7.002266971647002070e-01,3.938798937507789200e-01,1.190554636837119623e-01,-8.710396218798464041e-01,-3.332589718330413175e-01,3.737391175873157612e-01,-3.774684016003733711e-01,-8.106846607328650478e-01,-2.299157078706835777e-01,6.419245084766769804e-02,-7.174057571306554637e-01,-3.947939848327411405e-01,3.022312908762461725e-01,-5.896967557605075072e-01,-4.410468281091358134e-01,4.731327890132260849e-01,-9.933489620054820890e-02,-8.125413533527279242e-01,5.380757774234455615e-02,6.482986256870283404e-01,-5.233706530572083127e-01,-3.858458670015829095e-01,6.942062412214424771e-01,1.121296598110402415e-01,-5.762447759556267313e-01,3.787170537135281512e-01,8.678062435422677634e-01,3.356683709969644491e-01,6.841451234251939850e-02,9.318514779078254096e-01,-2.683278020648488527e-02,-6.850227860083153431e-01,5.298261474496834822e-01,8.321676162374008756e-01,-3.610194071346306544e-01,-7.421340764762640596e-01,1.055855844046778846e-01,1.000000000000000000e+00,1.043438299022563312e-02,6.324442402055757695e-01,5.156357425776764147e-01,1.180397810714466922e-01,-4.584060339546074947e-01,6.260833342965613779e-01,7.481203070828583712e-01,-2.067492310053996862e-01,8.004553567459672392e-01,3.021855676205118524e-01,-6.573270437719008763e-01,-3.236947890093452851e-01,6.892710099471908158e-01,1.058718626223838222e-01,-5.182180647526108547e-02,5.743876772902959393e-01,5.987751477778693321e-01,-1.986049698137881958e-01,3.841630143079919485e-02,7.763770702400334400e-01,2.205654417939275080e-01,-3.109259529447310211e-01,3.872260245729296502e-01,7.238891429533643729e-01,-1.477098120453477492e-01,-3.713886075742078852e-01,-4.429677811562506839e-01,-1.262147620421633434e-02,3.232300265964608843e-01,3.550580057574104220e-01,2.358249802017420571e-01,-2.633181240070980311e-01,9.507975344966239362e-02,1.931387196696852659e-01,5.868790306235758397e-02
1.161066693655863624e-01,4.403434549851115709e-01,8.060988769228785711e-02,-3.314130418789659749e-01,1.252933773455846764e-02,-1.036043304348526900e-01,-6.254317302354124308e-01,-2.943144375440286398e-01,1.717796918963407082e-01,-3.624951362735454041e-01,-5.909240479696236115e-01,-1.835161939313614474e-02,2.641689786513489249e-02,-6.673605290249527977e-01,-3.379757456015844430e-01,2.792317277854333146e-01,-1.858304479563034906e-01,-7.288132493586024774e-01,-7.922207928105402808e-02,2.347350962293136001e-01,-6.638381027346468288e-01,-6.102049423931122929e-01,3.581862940961735853e-01,3.875549567672404438e-01,-7.206520147601251924e-01,-2.900331595479746505e-01,6.680279629891018311e-01,-4.001483528303672460e-02,-4.150140893184443014e-01,-1.902264758669085232e-01,-6.184797856294688145e-01,-3.025538190087165291e-01,3.605941264957433778e-02,5.955436847361262886e-01,-3.356839687197678557e-01,-5.763367140426527424e-01,5.471688445151010605e-01,3.904177535807552002e-01,-6.564281729657135411e-01,2.975592402313285145e-01,7.834666999262724918e-01,-2.129763835775832503e-01,-7.820967380361775190e-01,-4.706974592537560009e-01,1.304161492447757920e-01,9.348026054737023083e-01,-5.265826802310918237e-02,-5.590839059417878065e-01,5.122425284402742918e-01,9.068234818084387472e-01,-2.179910832524807052e-01,-6.828458820379375016e-01,1.043438299022563312e-02,1.000000000000000000e+00,9.688052297334862062e-02,-7.236521095018551009e-01,5.089901194765115156e-01,-6.760849200328100661e-01,-6.447554726877252618e-01,5.186430860490878203e-01,3.880568123064965236e-01,6.901572650192648595e-02,3.508525404177973428e-01,5.261741354699018824e-01,1.851883943669625776e-01,3.210452549627080820e-01,6.778844331224220809e-01,6.717439545072650953e-01,-3.687159194714249577e-01,7.159542804387118708e-02,8.529559006615123895e-01,1.303116874524766211e-01,-3.119733276155472468e-01,5.542347258984969827e-01,6.800759188393643573e-01,-2.475918198663540903e-01,1.215981635812779516e-01,7.815277537816343045e-01,1.474830145868396558e-01,3.291203883709216682e-01,-5.070903984467432790e-02,-7.314231099613320575e-02,-1.077128309126127031e-01,1.140018971355932914e-01,2.197975759485881475e-01,-6.197707213246191060e-02,-1.428720039917863449e-01,-1.026592231963926322e-01
3.799359072621532052e-01,1.969892772778024381e-01,6.420831341409688475e-01,3.136965516401045706e-01,2.817087027376054612e-02,6.038634148352197695e-01,2.367626161712521604e-01,-8.035822994283697840e-01,-9.900311505813907953e-02,6.953113269063670998e-01,-2.762089361542638954e-01,-7.502674946708071113e-01,4.113526183037190531e-01,3.340282393618199119e-01,-8.047953437772951135e-01,-1.736715441770584623e-01,7.739685576504649056e-01,-1.337658615807445495e-01,-8.047169835945363614e-01,3.885486634986948240e-01,5.618203820343438126e-01,-7.037166069320337503e-01,-6.039509346897800057e-01,4.872196832824421397e-01,3.770483444758974678e-01,-6.934529697854274755e-01,1.003524846414468675e-03,8.226366030896050674e-01,4.241703360984330068e-02,-8.231412259033883405e-01,7.150793523036325094e-02,5.604697876566748782e-01,-3.760921023618422065e-01,5.261261918885936639e-01,6.703161282258226494e-01,-3.769054464242972691e-02,9.605223544913857325e-02,6.464887645092010082e-01,4.226290676822949122e-01,8.784016687138027080e-02,2.803257531759739130e-01,5.562487222224967720e-01,-5.627308266396627984e-02,-5.954933090926964878e-01,5.741904731271888496e-01,2.071356437861989960e-02,-9.267092950132530538e-01,-1.224124863956230214e-01,6.177539620984119351e-01,-1.533319875453527381e-01,-9.466955321081340635e-01,-4.975509099996909823e-01,6.324442402055757695e-01,9.688052297334862062e-02,1.000000000000000000e+00,-3.515560400339257097e-02,-5.087867701778748808e-01,-7.704311324639240288e-01,5.576617630546465421e-01,4.812529902050509123e-01,-7.440668151492739746e-01,3.428580915857671885e-01,8.109502844250510156e-01,-2.562900723369282430e-01,-7.967918529507466152e-01,2.478682574268273875e-01,5.008791412369079099e-01,-4.193022654837447738e-01,-1.798028503092316543e-02,8.379736462817802822e-01,-4.067050912103901961e-02,-6.107988118258951271e-01,5.198948205660393063e-01,6.157117945169334750e-01,-5.165638594039434484e-01,-2.697484980845684110e-01,7.614226277547009314e-01,3.533032645860302579e-02,-6.766922988500434499e-01,-6.787279405558098444e-02,4.747050284662115982e-01,6.363980784853753292e-01,2.175963897725061158e-01,5.621667930338567487e-01,-1.394337486830480310e-01,-1.973002050951617459e-01,1.282676274666613020e-02,-2.999912213811466999e-01
1.329078355422613766e-01,-2.030819245287625030e-01,1.578091935611360130e-01,6.437645169742893525e-02,-2.468116732939832358e-01,-1.686984449082107596e-01,7.425690421084619741e-01,9.711961775995374413e-02,-6.468466773547990600e-01,2.764352751945444719e-01,6.894879854132331953e-01,-3.632459287891111610e-01,-3.979804566111964648e-01,6.747093933294315837e-01,1.241103040803903934e-01,-7.222216481421080969e-01,8.241318701547846459e-02,6.863501336186489388e-01,-2.987433416071174075e-01,-6.660536316216238983e-01,4.909912655242678614e-01,4.558758543769277360e-01,-6.468834048200368114e-01,-7.348602883298134270e-01,3.508504678089114370e-01,-6.397725474588759897e-02,-8.091430741116850678e-01,-1.522231972731797889e-01,-2.554301023761007539e-01,1.901207245220260800e-01,8.031997071475140970e-01,-1.821299827528204407e-01,-5.313689522014514166e-01,-6.474384504040274768e-01,4.333906122026541796e-01,-4.234512689963635529e-02,-7.619505836428915879e-01,-3.243145027837017642e-03,3.253780850762070798e-01,-7.566876293896549477e-01,-3.609227280984937947e-01,6.093020185024971003e-01,8.521098666754629569e-01,7.016966844173730955e-01,4.157108295042971080e-01,-6.686284959761445990e-01,-6.293747722643650011e-02,9.068842165343015127e-01,4.525685741692934971e-02,-8.460069085487830209e-01,1.217179292946894871e-02,8.303418132441948707e-01,5.156357425776764147e-01,-7.236521095018551009e-01,-3.515560400339257097e-02,1.000000000000000000e+00,2.324484894818545228e-02,4.611865025267782303e-01,7.125450421284006408e-01,5.398846106814658014e-02,-6.142809900058684297e-02,4.785873846954407651e-01,-3.938531551715778178e-01,-8.028554131353863310e-01,1.291640197500485733e-02,2.405969329788211486e-01,-6.414199624896662622e-01,-2.935628863231335428e-01,7.642180992361410352e-01,3.223963566790938318e-02,-7.411865012417998555e-01,2.634215834271576573e-01,6.178914461341143971e-01,-5.170668973686717296e-01,-4.716230503029953391e-01,6.489742008167035392e-01,1.379357671799868457e-01,-6.957758392722884766e-01,-5.368974629193909442e-02,-5.807934316928680119e-01,-2.144401212740743579e-01,6.246844195274413487e-03,2.690600309201988116e-01,-1.703852507133697403e-01,-3.356437596134225765e-01,2.168214210757740956e-01,2.445701494932124020e-01,2.568760203080849847e-01
7.015715600569893962e-02,2.950028467554657863e-01,-1.265204905925556844e-01,-5.781521968568282821e-01,-2.540017141411038959e-01,-6.858759002141259220e-01,-2.601653434588018232e-01,2.078724234488727729e-01,-3.463461389344311137e-01,-6.553853827825951717e-01,5.935959872573989826e-02,8.897157185630469312e-02,-6.211019436612573719e-01,-4.428079737379779224e-01,1.772251299283949255e-01,-2.327665335603532060e-01,-6.601523063897661858e-01,-2.083627198245388834e-01,1.098928866151787503e-01,-5.845875284961724594e-01,-7.147118892240886812e-01,9.445172777424303001e-02,1.994651508278991459e-01,-5.031992025009486280e-01,-8.106345996446274738e-01,-5.853657362826654963e-03,7.866057620876952539e-02,-6.861157605607134391e-01,-7.911584182823161449e-01,4.323365472935275511e-01,-6.171512282607338057e-02,-8.897654617138628375e-01,-2.342174822804155010e-01,-1.766777040524379616e-01,-4.093913906781802003e-01,-7.400475720802249802e-01,-9.548526431263139325e-02,9.496844413301877563e-02,-7.764920436623143907e-01,-3.884145634628524690e-01,4.808086581712237573e-01,-3.286924956938688802e-02,-1.444378882246792339e-01,4.284101050893833196e-01,2.118199980047943964e-01,5.297664517034470499e-01,4.306513802056982643e-01,2.276288691235238970e-01,3.146820829112799700e-01,4.342966921628535482e-01,3.071721008310968060e-01,2.241239436546910435e-01,1.180397810714466922e-01,5.089901194765115156e-01,-5.087867701778748808e-01,2.324484894818545228e-02,1.000000000000000000e+00,5.327712191340738118e-02,-4.918323554902913619e-01,4.390216057837413866e-01,9.025876914625853287e-01,3.666287467222434926e-01,-4.350451198275515630e-01,3.892170422953494108e-02,7.426294440587504209e-01,5.146352496510530061e-01,-6.091454584935578759e-02,8.410121504598849773e-01,2.956791675161595245e-01,-3.802920786115831508e-01,3.958829470592710731e-01,8.038990090834728930e-01,-9.878696221075257411e-02,-1.679220381181948940e-01,7.236145371680324789e-01,4.947388942691076097e-01,-1.550329189727484847e-01,3.068183771302461782e-01,5.105373942054520775e-01,-1.004067106210542737e-01,-5.864112653102662165e-01,-4.715641011404133054e-01,2.832515028110073156e-03,-3.426872745780459306e-01,5.408097540477339177e-02,2.456861860951657650e-01,6.117689567510548043e-02,3.081305453394126426e-01
-3.398607277329980803e-01,-4.034283974888452362e-01,-5.141711485801067072e-01,-4.501088472352685749e-02,-8.325303530107695804e-02,-3.847104339769248926e-01,1.969372706100488146e-01,7.621184278701617076e-01,-3.354775423007941293e-02,-2.934562312126715589e-01,5.534757766648301658e-01,5.566065902549826028e-01,-3.175201143717546470e-01,1.570225347846633812e-01,7.913847611061395337e-01,-4.519251305709100219e-02,-4.550389561641698943e-01,5.362112242507121040e-01,6.339326246635111906e-01,-4.167769228272358295e-01,-5.585360948471315527e-04,8.828547075317429993e-01,2.214666599048599471e-01,-6.056727657293458078e-01,1.763924210156748440e-01,7.064252823799646031e-01,-4.322447433721491872e-01,-5.963294736008907249e-01,2.244913940091305127e-01,7.425688069375441236e-01,3.419731292908413378e-01,-2.363556057691987844e-01,2.578048798741327530e-01,-7.769156650273923992e-01,-2.929649128658781132e-01,3.890101271744987876e-01,-4.332096989455864189e-01,-7.270791015096422782e-01,9.230626726467472398e-02,-2.733657464877001786e-01,-6.943784283811912372e-01,-2.678354403615446078e-01,5.281980345195218529e-01,7.363291781688927617e-01,-4.870005150702932939e-01,-5.920234312052590209e-01,7.098416308155617305e-01,4.479760295972342599e-01,-7.562037719227256982e-01,-4.441136658535953519e-01,8.089911180977085170e-01,7.841541667506617408e-01,-4.584060339546074947e-01,-6.760849200328100661e-01,-7.704311324639240288e-01,4.611865025267782303e-01,5.327712191340738118e-02,1.000000000000000000e+00,-7.946159850890938819e-04,-6.680689988316378392e-01,3.123154910177770582e-01,-2.844054842366601221e-01,-8.148969581680722829e-01,-1.386231342779817854e-01,4.746976267894220114e-01,-3.803658173353509087e-01,-7.916659761189949185e-01,-9.722260023158245390e-02,2.458747991933993293e-01,-6.531089856774938696e-01,-4.954136956818280257e-01,3.638653834312999824e-01,-1.829591886734382999e-01,-7.818045292038500182e-01,-4.405029630416945619e-02,3.442875837030787145e-01,-6.251338708268022737e-01,-5.111961166198688566e-01,3.975245967289863791e-01,-1.532211968084505882e-01,-2.870683432271604052e-01,-3.988701951804365931e-01,-9.077311356877887372e-02,-4.632872921539781808e-01,-3.438343941999622705e-02,1.624525803092723153e-01,8.409257045606602365e-02,2.811344075291788425e-01
2.356769018372805446e-01,-1.275715096049901964e-01,4.190130033044982549e-01,2.944905800508390570e-01,-1.617647762115573540e-01,2.782953519102441819e-01,7.473564346018527482e-01,-3.155713417640164109e-01,-4.764266052355207171e-01,6.615684485467996367e-01,4.120543257339233101e-01,-6.293177094066971788e-01,-3.009741048239033233e-04,7.748437506028595934e-01,-3.010030299986914404e-01,-5.930034545752057573e-01,5.514716444122644834e-01,5.302796429967607805e-01,-6.076403357138964179e-01,-1.734041751338693538e-01,8.266249343714608955e-01,1.190716449380534517e-02,-8.301752614523488782e-01,-2.121078654414390585e-01,6.991747577368645494e-01,-3.731003587359044693e-01,-6.777957032539851934e-01,4.707399481842519662e-01,5.737228218046342559e-02,-3.672088454132670376e-01,6.979441685826855979e-01,3.978436032865212968e-01,-5.335941597586265628e-01,-2.180197920338152739e-01,7.847530570314853460e-01,1.672649928054256718e-01,-5.416533031635492046e-01,2.785798066092521341e-01,6.881245056667550930e-01,-4.316677328716689299e-01,-2.983882010627034176e-01,7.373299612134849301e-01,6.751916628478675797e-01,1.472379512855580552e-01,5.219781365881898116e-01,-6.624215639411837886e-01,-5.916639379033556967e-01,5.723127284217678357e-01,2.221570495020900315e-01,-8.232721110147056542e-01,-4.949691395524276061e-01,3.353134411862043196e-01,6.260833342965613779e-01,-6.447554726877252618e-01,5.576617630546465421e-01,7.125450421284006408e-01,-4.918323554902913619e-01,-7.946159850890938819e-04,1.000000000000000000e+00,1.287430580336582642e-01,-6.627352459985025313e-01,4.631424374013465850e-01,1.756448291994706090e-01,-7.934247965537004621e-01,-5.734408777895813047e-01,1.656762143071890125e-01,-2.879997507370096743e-01,-6.444266714344798475e-01,5.315075251592685790e-01,4.956127960422992418e-01,-7.318472269979370282e-01,-2.800455492109455991e-01,7.573426054484401204e-01,-1.029573879254725294e-01,-8.038978981160980197e-01,2.692855931073520059e-01,4.845191077971791049e-01,-6.330071187162449320e-01,-4.973056399226342128e-01,-4.851230427669658840e-01,2.111323438230686689e-01,4.376442648075968833e-01,3.549211062424302288e-01,2.485658111368524992e-01,-2.696155020309149997e-01,1.612269504632787495e-02,2.101691744710696419e-01,-9.284382807107267183e-03
4.979697417799323622e-01,5.376822545678612286e-01,5.642170167695819138e-01,-2.588467784562912821e-01,-2.112015230737311899e-01,-6.310198003000148936e-02,-5.953188657685659635e-02,-6.535183451101327368e-01,-4.478968722731558327e-01,4.574307470910256995e-02,-2.707928097253489153e-01,-7.024241527617851588e-01,-1.987916594826177330e-01,-1.440096237634783394e-01,-6.856122864886471380e-01,-4.020589252487059562e-01,1.146663345639034048e-01,-3.941326770163248727e-01,-7.138494221616515922e-01,-2.323119776230574973e-01,-9.547082331331124827e-02,-5.832100417109830071e-01,-4.758246565342118539e-01,-4.727344063577579303e-02,-3.370030328690653554e-01,-7.198997496338467306e-01,-1.145222915219585962e-02,1.662547948927531050e-01,-7.190176607954659183e-01,-4.011237718655816797e-01,1.071598582302527858e-01,-2.819086306502387451e-01,-6.661716839473468266e-01,2.937500560767560276e-01,3.464899071362409488e-01,-7.375979623506779825e-01,-8.247820531852353976e-02,7.475401244952922797e-01,-2.558011005709120989e-01,-3.348442323592206726e-01,6.754671329306105587e-01,5.626807861803655442e-01,-1.182502404381641364e-01,-1.192653195386591675e-01,7.846680434454963438e-01,4.694352289783237930e-01,-4.962729900949722217e-01,1.650371315031743114e-01,8.923774725324726820e-01,2.011032886481113613e-01,-6.140074118576556161e-01,-2.147067214240846178e-01,7.481203070828583712e-01,5.186430860490878203e-01,4.812529902050509123e-01,5.398846106814658014e-02,4.390216057837413866e-01,-6.680689988316378392e-01,1.287430580336582642e-01,1.000000000000000000e+00,1.192979715007946445e-01,7.959329552402623076e-01,4.065056805361128012e-01,-2.836874882458796376e-01,-6.153514458811842891e-02,8.015779662542401596e-01,4.399109420602342335e-01,3.569471365546639241e-01,3.371254281545411069e-01,5.417339671598481177e-01,3.024873097376259978e-01,1.580448935718546666e-01,5.181155032973070451e-01,4.757130028795032994e-01,1.374233229506698351e-01,2.538302255606158520e-01,6.830504502717518189e-01,3.034929453477414052e-01,-2.573969253546320446e-01,-1.486811617359862503e-01,-1.065333955688584217e-01,1.320210317351610263e-01,2.209849297195508877e-01,2.529917846042665230e-01,-7.512144075568932822e-02,9.835320713595394060e-02,1.289870280405633063e-01,6.190085738100228191e-02
-1.032835869163948178e-01,1.571646398494189745e-01,-3.482555078961515060e-01,-5.555435021411450069e-01,-2.059151453498197504e-01,-7.174932774044900929e-01,-3.570713743216851754e-01,4.571150409796528313e-01,-1.495687071132280332e-01,-7.759723498839222744e-01,8.317563148587910071e-02,3.947582393237965004e-01,-5.719029290795238918e-01,-5.149862734654089280e-01,4.422964538625498987e-01,-3.386945299110052238e-02,-7.910619545695718458e-01,-1.556430656988255501e-01,4.259729344983438915e-01,-5.161779349100040770e-01,-7.797356077472396008e-01,3.147846481783126427e-01,4.433278774930237698e-01,-4.926327489170896357e-01,-7.650753792673048448e-01,2.985636103618025117e-01,1.273827404212955761e-01,-8.216549554286241008e-01,-5.576732821447122346e-01,6.414995954088099639e-01,-1.446031809920822753e-01,-8.589913508275640597e-01,4.007088290119981827e-02,-2.909884479322937811e-01,-6.138080491776516379e-01,-5.006705776581388267e-01,-4.231586638144908818e-02,-2.092980716445877742e-01,-7.623210259473423012e-01,-2.502789457276814455e-01,2.648639919387241748e-01,-3.088316469409576603e-01,-1.534535814836621992e-01,4.871532397962140548e-01,-1.177740826058112228e-01,4.302216345700169420e-01,6.891208843461228417e-01,1.344925341307691979e-01,-2.673203190534005971e-02,4.443523500773043922e-01,5.818786184417883423e-01,2.806376576577744864e-01,-2.067492310053996862e-01,3.880568123064965236e-01,-7.440668151492739746e-01,-6.142809900058684297e-02,9.025876914625853287e-01,3.123154910177770582e-01,-6.627352459985025313e-01,1.192979715007946445e-01,1.000000000000000000e+00,8.318857245837087133e-02,-6.350280483653755192e-01,2.118704343514480337e-01,8.617439897322108910e-01,2.464356566855114283e-01,-1.840858522427424038e-01,8.094438431099719722e-01,1.506071714828925712e-01,-6.135940203763002865e-01,3.776627466716687143e-01,8.024992936624977258e-01,-3.394801821912047934e-01,-3.144518470501807550e-01,7.774817412404234629e-01,4.013744479092377637e-01,-4.283092192016529909e-01,2.725287383722225232e-01,6.338594172294019780e-01,1.980174348639719348e-02,-5.846490290462593720e-01,-5.955452403062340139e-01,-1.375469806781343673e-01,-4.438038822839952546e-01,1.147635689736091202e-01,2.116239462127129656e-01,1.436865396668327716e-02,2.968877329589253433e-01
4.706650774255021208e-01,4.259527085107254751e-01,5.170823426490123165e-01,-2.996450327087231691e-01,-4.011470859083364204e-01,-2.494521550024624834e-01,2.889593044716420867e-01,-4.337080539915355026e-01,-7.478376946352883747e-01,6.462866243685157219e-02,1.493423190709369242e-01,-7.290645671835097597e-01,-4.717057793796950449e-01,1.639716352327389715e-01,-4.526160269136494385e-01,-7.343462735139237862e-01,2.696497569509413716e-02,3.118391004998309277e-02,-6.924737236615721159e-01,-5.459096583163152161e-01,1.607605641153650733e-01,-2.139041365229534808e-01,-7.303471193346570134e-01,-3.995854217642207939e-01,-4.246301207496904623e-02,-6.453198838019792438e-01,-4.547808811009906860e-01,1.098104543918012738e-01,-6.877819239894276127e-01,-2.822429251636502379e-01,5.272214041788514383e-01,-2.507069810511631802e-01,-8.480253485440696348e-01,-7.681466751029376872e-02,5.583208864907661662e-01,-5.937962281353305061e-01,-4.670212137658798501e-01,6.216635186375160105e-01,6.330549538160251156e-03,-5.849992699030261978e-01,3.498753503352007854e-01,7.372372727371200307e-01,3.293967147267375384e-01,2.472146287702383927e-01,8.051256411856075879e-01,3.870725140039250889e-02,-4.123298697092552811e-01,5.469420611401100141e-01,7.090465140595229032e-01,-2.242167599806707545e-01,-4.540403776120195412e-01,1.981758502432451607e-01,8.004553567459672392e-01,6.901572650192648595e-02,3.428580915857671885e-01,4.785873846954407651e-01,3.666287467222434926e-01,-2.844054842366601221e-01,4.631424374013465850e-01,7.959329552402623076e-01,8.318857245837087133e-02,1.000000000000000000e+00,7.039812734551754991e-02,-7.233096460404794259e-01,-3.529118137241987058e-02,8.481784131698146822e-01,-3.000663118059561027e-02,1.805659602525044594e-01,7.349102516221500681e-01,4.297394628702423947e-01,-1.763049004047695101e-01,3.209930639162240640e-01,7.767629172926756587e-01,6.307213028931495102e-02,-1.154048642000489733e-01,6.176594780234538895e-01,6.248178501260550632e-01,-1.480758383422597080e-01,-2.971492406489838478e-01,-4.822962586540818775e-01,-2.170340401187231261e-01,1.165329663560445844e-01,3.991926276169399102e-01,1.925507917522810697e-01,-8.320552546801260330e-02,1.619160091849435601e-01,2.603218457382458495e-01,1.489892627360912547e-01
2.850912462377302448e-01,2.376300697566990916e-01,4.906207504392561258e-01,2.903228332205438078e-01,3.015180323078456848e-01,6.265844752750819868e-01,-1.690661668479979396e-01,-7.825351423883251112e-01,2.242115955641279801e-01,4.841244410848636326e-01,-6.035881783993747307e-01,-5.044421654011392864e-01,5.604610680495611952e-01,-5.771411518637963728e-02,-8.005065124426642420e-01,2.017843839809995432e-01,6.305825487665717155e-01,-5.022575291076275539e-01,-5.627949982908148074e-01,6.045783032358813536e-01,2.574506112421124371e-01,-8.243292525618131084e-01,-2.408716827055026044e-01,7.468796423542118923e-01,1.629310986928682314e-01,-5.996143159071469775e-01,3.543334050884997533e-01,7.625277113785484673e-01,1.246711875674293979e-01,-7.958711958955968502e-01,-2.842855320882387571e-01,5.398994956035831905e-01,-1.150769057329351919e-01,7.376884836386132793e-01,3.979927781800339237e-01,-4.388784591436942217e-02,4.071440957400281335e-01,5.901183629406647757e-01,2.574296050667687630e-01,3.741659432279502151e-01,3.487389137229519598e-01,2.310958308556946006e-01,-3.887368405124118076e-01,-7.746016154316802682e-01,3.054754775556283719e-01,2.748955847497733807e-01,-7.470754327654840488e-01,-4.542399925358749924e-01,4.810303962051817317e-01,1.893754001805150189e-01,-7.566174822774327513e-01,-7.077502591432357493e-01,3.021855676205118524e-01,3.508525404177973428e-01,8.109502844250510156e-01,-3.938531551715778178e-01,-4.350451198275515630e-01,-8.148969581680722829e-01,1.756448291994706090e-01,4.065056805361128012e-01,-6.350280483653755192e-01,7.039812734551754991e-02,1.000000000000000000e+00,1.795028176265625053e-01,-6.366208681069300823e-01,1.298524167423106834e-01,7.785560215798017492e-01,-2.860096835400733339e-01,-3.980892435525631434e-01,7.695317498523295274e-01,3.256427983572390272e-01,-7.018812138702114067e-01,1.723038471260165683e-01,8.171077212594934913e-01,-2.444912935083460859e-01,-5.526012115542966452e-01,6.309321869476870459e-01,3.862640020388593554e-01,-5.519172724853612655e-01,2.930130944564907081e-01,4.837628569691737601e-01,4.799038971985439828e-01,1.580191584688338605e-02,5.493002111683947808e-01,4.830404112570137881e-02,-1.685446551365237522e-01,-7.634440350926498253e-02,-3.120625918112291397e-01
-2.533067204086786872e-01,-4.358254590777984466e-02,-3.197625030481725528e-01,6.943450469813595982e-02,4.385049856319879202e-01,1.614396030600505905e-01,-7.029695924339469659e-01,1.069843279922708945e-01,7.417306615992435015e-01,-2.955508621148412729e-01,-5.815471376237374423e-01,5.588735245962959119e-01,4.228153541894389966e-01,-6.282610040946844387e-01,8.923207441776120907e-02,8.001960302072125275e-01,-1.569410093240252158e-01,-5.842244857884760778e-01,5.021665394416608974e-01,5.345466116677335400e-01,-5.712610604519255952e-01,-2.159146382522918184e-01,7.966669172258944442e-01,5.494615250874809176e-01,-4.174306817507337786e-01,3.178237922414784977e-01,7.706952490018097457e-01,-1.206461060208416231e-01,2.797925242553130354e-01,1.114978939939641756e-01,-7.884442382862438814e-01,-4.524125333343362830e-03,6.782524063330899189e-01,4.219708933860860656e-01,-6.378098930253284227e-01,1.099845209762019965e-01,6.848403947251388013e-01,-2.415791046980390600e-01,-3.683207354044351622e-01,6.217117152291179449e-01,1.459706254892864929e-01,-7.122708714976473399e-01,-7.089049179530939604e-01,-4.401519109737057067e-01,-5.728062402899818384e-01,5.121706673556772893e-01,3.238338117796331628e-01,-7.516691547653077121e-01,-2.833800435154326114e-01,7.098197749875045925e-01,2.786942831176365543e-01,-5.351197031230923162e-01,-6.573270437719008763e-01,5.261741354699018824e-01,-2.562900723369282430e-01,-8.028554131353863310e-01,3.892170422953494108e-02,-1.386231342779817854e-01,-7.934247965537004621e-01,-2.836874882458796376e-01,2.118704343514480337e-01,-7.233096460404794259e-01,1.795028176265625053e-01,1.000000000000000000e+00,2.492068967274304048e-01,-4.648749230893660100e-01,5.069953158131103033e-01,2.728585304799758249e-01,-8.292969938410464925e-01,-2.505755133546926916e-01,7.200479611059402707e-01,-1.924460927476989713e-01,-8.005708319012670993e-01,3.546839521929895933e-01,5.249261985432630562e-01,-6.585132536180990925e-01,-3.745332311303546935e-01,6.584521824666125234e-01,2.999640989186637685e-01,6.725325359641159961e-01,9.988446248086788049e-02,-2.157193507482418893e-01,-4.713557399557860572e-01,-5.394100840970712102e-02,2.310831369325488938e-01,-1.225345385935648068e-01,-2.814894474726694074e-01,-1.516238342717227128e-01
-2.072906641324135102e-01,-1.072069482310630817e-02,-4.253314700520493541e-01,-4.074131802362401800e-01,-1.910894140260623389e-02,-6.615027268387144721e-01,-3.323690268576315887e-01,5.312010851985862203e-01,-7.373470285414854275e-02,-7.360614392223743252e-01,1.189733380842791788e-01,4.788158190476248799e-01,-5.128347228453211670e-01,-4.726119273476529492e-01,5.017868334085106019e-01,2.148566252861922043e-02,-7.769060907755915846e-01,-1.156757233620275965e-01,5.068542310130865758e-01,-5.102342445516980796e-01,-7.099971636043637124e-01,3.881116037117618989e-01,4.644026359668284032e-01,-4.700437907469990906e-01,-6.452910753873499772e-01,3.652601635032887151e-01,9.784707793300513601e-02,-7.842539199429197083e-01,-4.138761581891269858e-01,6.506122786438216510e-01,-1.236508838722163300e-01,-7.544120478714816391e-01,1.122431921546971356e-01,-3.268646919014672747e-01,-5.907346398815427335e-01,-3.527087863026803216e-01,-4.996849503242042911e-02,-2.852707819427171554e-01,-5.961032733395884575e-01,-2.273313913966857891e-01,5.776144739863256494e-02,-3.389820813489110019e-01,-5.208877347289381232e-02,5.370426420455935990e-01,-2.297359919821522767e-01,2.417566838382947947e-01,7.234449519405738993e-01,1.655354810694174561e-01,-2.160591901529298753e-01,2.909064525512123356e-01,6.945390429443432101e-01,3.876496452184789443e-01,-3.236947890093452851e-01,1.851883943669625776e-01,-7.967918529507466152e-01,1.291640197500485733e-02,7.426294440587504209e-01,4.746976267894220114e-01,-5.734408777895813047e-01,-6.153514458811842891e-02,8.617439897322108910e-01,-3.529118137241987058e-02,-6.366208681069300823e-01,2.492068967274304048e-01,1.000000000000000000e+00,1.286466571537923931e-01,-2.784142061007361391e-01,6.411341543894527595e-01,1.100824558602014613e-01,-6.573383662738442323e-01,2.754706677459496378e-01,7.207829605606392853e-01,-3.786724247857548575e-01,-3.737756739912140302e-01,6.557625333100653986e-01,3.422451431072944250e-01,-4.925824891592120447e-01,1.936600672677037394e-01,6.563830955470615347e-01,7.554654304242210128e-02,-5.448095696349274375e-01,-6.545093729845704589e-01,-2.544875460757675678e-01,-4.691481627762630890e-01,9.415796222296414497e-02,2.177070745130017526e-01,-6.191889123161347513e-02,2.881948539577021684e-01
4.000042312962625024e-01,5.007271047514652018e-01,3.917787350121441081e-01,-4.689494155186871294e-01,-2.528260847482091678e-01,-3.743264776988687315e-01,4.725063824639198079e-02,-3.984332733169951846e-01,-6.830997631346240606e-01,-1.606539037587947916e-01,1.146084046221599456e-02,-6.172442775178782481e-01,-5.319426547936277894e-01,-9.931645246341301581e-02,-4.174458585558120660e-01,-6.180671646805147024e-01,-1.528566133340912014e-01,-1.752554839185850033e-01,-5.725036671175784964e-01,-4.757566648167879664e-01,-1.043798140713636663e-01,-3.283964938382097354e-01,-4.955205316718572228e-01,-2.203821662912806845e-01,-3.368874877551795155e-01,-6.732306142267006077e-01,-1.437046098796191940e-01,5.066035396070979469e-02,-7.856106261999925566e-01,-2.968390717584114546e-01,2.181260246246871926e-01,-3.799239451712352333e-01,-7.401158819804817268e-01,1.508905326213421660e-01,3.385285724996658363e-01,-7.565842045075237277e-01,-1.874651347090324494e-01,6.724474149280756929e-01,-2.362742352146973146e-01,-4.058284091105188174e-01,5.526963734906380488e-01,5.490463485299337254e-01,6.279646148672547723e-02,1.283474580295881351e-01,7.130923161446186542e-01,3.043426410323385456e-01,-3.166473766130611933e-01,3.381962850741236926e-01,7.282609597119042988e-01,4.885605533541018120e-02,-3.831320246053490641e-01,3.726707580796902175e-02,6.892710099471908158e-01,3.210452549627080820e-01,2.478682574268273875e-01,2.405969329788211486e-01,5.146352496510530061e-01,-3.803658173353509087e-01,1.656762143071890125e-01,8.015779662542401596e-01,2.464356566855114283e-01,8.481784131698146822e-01,1.298524167423106834e-01,-4.648749230893660100e-01,1.286466571537923931e-01,1.000000000000000000e+00,1.757336918935287484e-01,3.732880420923457843e-01,5.103986211760045411e-01,3.625401265698445785e-01,1.353187432210822272e-01,3.559932258989743081e-01,5.447023830483465057e-01,2.010816154183645843e-01,1.473265008709634671e-01,4.860022834286774063e-01,5.626275741458526269e-01,1.446909012907039715e-01,-1.360666237709391713e-01,-2.758113748917868091e-01,-2.637162699779613262e-01,-3.800932334022377734e-02,2.636236454988727940e-01,1.556673329412986972e-01,6.749103601619625692e-02,2.524383201145399269e-01,1.887103029710653634e-01,1.281375153940633171e-01
2.491451737761138097e-01,3.785708569378058441e-01,3.527322399307270540e-01,7.013217621206165042e-02,3.211836732732292199e-01,4.385173164356021558e-01,-5.322334762511534700e-01,-6.748366749026573075e-01,3.699858344272177191e-01,1.296225428331261309e-01,-8.069179556795594843e-01,-2.709085999780145859e-01,4.864879348511099155e-01,-4.588612093865183650e-01,-6.988979028190152043e-01,4.034862066930031688e-01,3.182901905140295140e-01,-7.748872347196213983e-01,-3.285023476806568365e-01,5.571103700786553814e-01,-2.053533343502028652e-01,-8.182826069494476551e-01,1.123513302404813424e-01,7.176675330867728908e-01,-2.582760762967435952e-01,-4.591269823535245598e-01,6.164929024094034649e-01,4.565979309860263013e-01,-6.126720466561472872e-02,-5.741735865662326299e-01,-5.463654868290119815e-01,2.067085923196402275e-01,2.537218565680146934e-02,7.828454880897152135e-01,3.185858980571328741e-02,-2.570372223948824697e-01,5.845889658219014517e-01,5.052291520389415869e-01,-1.485120164746794869e-01,4.445776385482689830e-01,5.526929998101747232e-01,-4.172025820470744856e-02,-6.410242638263785597e-01,-7.221203598416118252e-01,1.581787790358747114e-01,6.127624085288393418e-01,-4.402409765201680814e-01,-6.091072637758685460e-01,4.627845908796288099e-01,5.700336341318060773e-01,-5.153983692565002883e-01,-7.945725463179823533e-01,1.058718626223838222e-01,6.778844331224220809e-01,5.008791412369079099e-01,-6.414199624896662622e-01,-6.091454584935578759e-02,-7.916659761189949185e-01,-2.879997507370096743e-01,4.399109420602342335e-01,-1.840858522427424038e-01,-3.000663118059561027e-02,7.785560215798017492e-01,5.069953158131103033e-01,-2.784142061007361391e-01,1.757336918935287484e-01,1.000000000000000000e+00,1.333805274921408268e-01,-5.957831450105511850e-01,5.632515712778964900e-01,7.444151588494235527e-01,-4.717762959186774241e-01,-1.431505403674934174e-01,8.936395553004000680e-01,2.148618036242420648e-01,-6.071963036135588077e-01,4.535620642513091272e-01,7.514363235031896737e-01,-2.862325946700221002e-01,5.200170619274006034e-01,3.043283944636320237e-01,1.954718565109585249e-01,-2.079458117370088510e-01,4.200958497111479950e-01,1.994626981371286356e-01,-1.188026344386509808e-01,-1.750687651186449978e-01,-2.651054536627317493e-01
1.752074486309597445e-02,3.456519711895589819e-01,-1.648648409693641015e-01,-5.851826588997114387e-01,-2.251880822233595647e-01,-5.893225233937251506e-01,-4.890003955886852993e-01,1.694203339545256037e-01,-1.133470155823361747e-01,-7.119757432176797574e-01,-1.668651396620811911e-01,2.057135763588543997e-01,-4.577634593499915749e-01,-6.379078990700558505e-01,1.206523745882275150e-01,5.372479442837764171e-03,-6.438572992572728637e-01,-4.168779958185752088e-01,1.865662169058382724e-01,-3.159307583500028938e-01,-8.229739610733457500e-01,-7.623421104901142997e-02,3.760385802895858109e-01,-2.161697355367952489e-01,-8.073907083744075175e-01,-8.833866103846305801e-03,2.981790078534949928e-01,-5.437114997182465048e-01,-6.336523571635341856e-01,3.084813694266325124e-01,-2.851664013093779260e-01,-7.219925110068016183e-01,-6.724352729678027829e-02,4.335031595619926598e-02,-4.732874284601870096e-01,-6.428793657293048192e-01,1.285125257859439374e-01,1.041213609943972690e-01,-7.653224526340810518e-01,-1.213845268571723951e-01,5.219606414945394679e-01,-1.907383496661294586e-01,-3.766974955210028453e-01,1.662491262723772290e-01,7.810225146947571973e-02,6.712181586104211117e-01,3.834078080298010671e-01,-6.247999151625636266e-02,2.738238835569060670e-01,6.444170452375177494e-01,2.582257363416262663e-01,-6.934622785725977345e-02,-5.182180647526108547e-02,6.717439545072650953e-01,-4.193022654837447738e-01,-2.935628863231335428e-01,8.410121504598849773e-01,-9.722260023158245390e-02,-6.444266714344798475e-01,3.569471365546639241e-01,8.094438431099719722e-01,1.805659602525044594e-01,-2.860096835400733339e-01,2.728585304799758249e-01,6.411341543894527595e-01,3.732880420923457843e-01,1.333805274921408268e-01,1.000000000000000000e+00,3.594329209240748613e-02,-3.962661501025763200e-01,6.209985503180266431e-01,6.932075794407095426e-01,-3.066483497637858546e-01,2.257714876302373622e-03,8.567997295436683425e-01,2.596885753130959151e-01,-2.059546250293078085e-01,5.112954920958947547e-01,5.086701519702545582e-01,7.977362828228923286e-02,-4.856493466318311247e-01,-4.258232399970335869e-01,-8.246208868822652027e-02,-2.568750974076904892e-01,1.781623974848509651e-01,1.160440962012832394e-01,-4.288349350337510024e-02,1.704716315813232519e-01
2.634075468247452090e-01,6.604994071056217997e-02,2.354034633533700904e-01,-2.098053221689822057e-01,-4.715267821712948448e-01,-4.077917379192198544e-01,6.036157371908966729e-01,3.496008200800226895e-02,-8.139973000200699804e-01,4.571238379344343822e-02,6.192227352733801204e-01,-4.453560397638893775e-01,-6.247393197248202190e-01,4.563807550109948430e-01,3.927938533087344669e-02,-8.013207265366600884e-01,-9.617636373200867672e-02,5.189053707629825984e-01,-3.684442650332487301e-01,-7.587632801569370589e-01,2.928458635055057324e-01,3.373760913060012134e-01,-6.401518609477212518e-01,-7.443807592433769882e-01,1.143273006832081773e-01,-1.954900719692627686e-01,-6.879696212374971642e-01,-1.944572467500642055e-01,-4.742281328218624359e-01,1.386223098674522480e-01,6.927427046327457871e-01,-3.225148338738966780e-01,-6.264883826652853926e-01,-5.160037009557431054e-01,3.778758453789551330e-01,-2.926078724269142173e-01,-6.719352906020299443e-01,1.537431208280041206e-01,8.164936383541313014e-02,-7.123251505033836306e-01,-5.992342818050051118e-02,5.840803909636383962e-01,6.344213214132136125e-01,6.069019304281506599e-01,5.237604373153315063e-01,-3.416095660904359677e-01,-6.495825519131219472e-02,7.867365505934114100e-01,2.711097950958748504e-01,-5.403208675061232924e-01,-6.364502470099477061e-02,6.410430547103941334e-01,5.743876772902959393e-01,-3.687159194714249577e-01,-1.798028503092316543e-02,7.642180992361410352e-01,2.956791675161595245e-01,2.458747991933993293e-01,5.315075251592685790e-01,3.371254281545411069e-01,1.506071714828925712e-01,7.349102516221500681e-01,-3.980892435525631434e-01,-8.292969938410464925e-01,1.100824558602014613e-01,5.103986211760045411e-01,-5.957831450105511850e-01,3.594329209240748613e-02,1.000000000000000000e+00,1.748908149381506183e-02,-6.301846180768303496e-01,5.620482967600709534e-01,7.598098462952562748e-01,-5.042262341787268065e-01,-2.561915706248403812e-01,8.971081794480827432e-01,2.501787475352098000e-01,-6.132759066129088721e-01,-7.985581824094249714e-02,-7.714880287943731707e-01,-3.881311958277271490e-01,-3.071989294689111884e-03,4.750649958468832201e-01,-1.429794729647221596e-01,-2.401180813524388391e-01,2.455786700269430856e-01,3.479960689999607171e-01,3.471161697681505731e-01
5.216936690494172746e-01,3.312307371837640013e-01,7.285642713243666302e-01,2.830285375841960493e-01,5.073530012832634661e-02,6.183981381830135904e-01,1.285283114308136132e-01,-9.166990429839318999e-01,-8.785062330847050183e-02,6.692573714781111516e-01,-4.098797349888169683e-01,-8.085541690472534126e-01,4.288148569554663947e-01,2.209789467971106369e-01,-8.835854024755608327e-01,-1.288301779871174890e-01,7.283986500263435193e-01,-2.563286253542828574e-01,-7.925577603274311933e-01,3.055117848419587889e-01,5.301273080568814633e-01,-6.541634836312874013e-01,-6.150829341498621483e-01,3.925686421751677924e-01,3.529754379381080387e-01,-6.562877858195493852e-01,-7.067419431575731881e-02,7.172727868157716680e-01,-2.114971473957929365e-02,-7.278611818442789483e-01,1.461088016736835637e-01,4.649670834200948510e-01,-4.293455243921384668e-01,4.215955869994607585e-01,6.584205590898056792e-01,-7.422531204262797222e-02,-3.867874617421845299e-03,6.053667511868855433e-01,4.012524163768664831e-01,1.523094227379015279e-02,2.283971067646778652e-01,5.410565269259317578e-01,1.466628958692735817e-02,-4.531462759863899015e-01,5.405892845827110493e-01,1.985363719030937626e-03,-8.004998579890566512e-01,-4.160568695894725083e-02,5.721214198917068394e-01,-1.634547841665950629e-01,-8.135017202387992974e-01,-3.860243987420607925e-01,5.987751477778693321e-01,7.159542804387118708e-02,8.379736462817802822e-01,3.223963566790938318e-02,-3.802920786115831508e-01,-6.531089856774938696e-01,4.956127960422992418e-01,5.417339671598481177e-01,-6.135940203763002865e-01,4.297394628702423947e-01,7.695317498523295274e-01,-2.505755133546926916e-01,-6.573383662738442323e-01,3.625401265698445785e-01,5.632515712778964900e-01,-3.962661501025763200e-01,1.748908149381506183e-02,1.000000000000000000e+00,-8.762260373992929521e-03,-6.264373220863984626e-01,6.301273944311798214e-01,7.049323401428267966e-01,-5.257762294803262071e-01,-2.306516779756158098e-01,8.924843552558170412e-01,7.599871303379893139e-02,-7.841634238048347250e-01,-2.423972427835545396e-02,4.586053071839908402e-01,5.783989193388924255e-01,2.302815909601494959e-01,5.755591599154120663e-01,-9.332890367369553464e-02,-1.063975352197128327e-01,7.426612871667144511e-02,-2.035556417380338934e-01
1.197762436146962732e-03,3.668946780465900948e-01,-4.318757654681288499e-02,-2.468042220116961061e-01,2.294402796451766868e-01,-1.643832394710709882e-02,-7.959957657820363464e-01,-2.231383166262629891e-01,4.111478079156544174e-01,-4.123512254269066091e-01,-7.235953774073192735e-01,1.745300314344681303e-01,1.756682860620444042e-01,-7.921035422649064239e-01,-2.576540914017212414e-01,4.994087453538268440e-01,-2.241489135346191874e-01,-8.228342842537091917e-01,1.133480016722091255e-01,3.357328085696178466e-01,-7.212607531444547027e-01,-5.448459785482839823e-01,5.321006395279938017e-01,4.634942571758458030e-01,-6.727590608423125174e-01,-1.327049591225701874e-01,7.234035801172857827e-01,-7.620852790220891682e-02,-2.506051790575172800e-01,-1.025490697226229264e-01,-6.809445089202895707e-01,-2.542129438545449593e-01,2.059583437263742267e-01,5.629921537442682533e-01,-4.315633432794354074e-01,-4.112249627811106478e-01,5.929693024868322171e-01,2.342959163871087269e-01,-5.768366697022807577e-01,3.744899741874407328e-01,5.935588048076003709e-01,-3.542763117996027833e-01,-7.514059030512877380e-01,-4.344728239773087974e-01,-7.283182989496229942e-02,8.111362602283953560e-01,7.020738041405616414e-02,-5.927613836152686444e-01,2.749647931796320721e-01,8.482692784562962940e-01,-3.961808509532777772e-02,-6.223818556222980858e-01,-1.986049698137881958e-01,8.529559006615123895e-01,-4.067050912103901961e-02,-7.411865012417998555e-01,3.958829470592710731e-01,-4.954136956818280257e-01,-7.318472269979370282e-01,3.024873097376259978e-01,3.776627466716687143e-01,-1.763049004047695101e-01,3.256427983572390272e-01,7.200479611059402707e-01,2.754706677459496378e-01,1.353187432210822272e-01,7.444151588494235527e-01,6.209985503180266431e-01,-6.301846180768303496e-01,-8.762260373992929521e-03,1.000000000000000000e+00,5.261403889838513204e-03,-5.591143634671150719e-01,6.211902503510435825e-01,7.445640600366965067e-01,-4.693532528847329521e-01,-1.614475653368861383e-02,9.225599422509348502e-01,2.328595633509467355e-01,6.157765959683076940e-01,-1.047846074465436095e-02,-2.038358507583483414e-01,-3.757842658455908813e-01,7.795010868812930760e-02,2.909212555640038333e-01,-6.222129629113737348e-02,-2.491229986282451347e-01,-1.370057828602375127e-01
-7.648417998325750256e-02,7.759742227777711998e-02,-2.855884146634460330e-01,-5.646350990709778639e-01,-3.543571969538856781e-01,-8.390558866672911398e-01,2.295579456351274153e-02,5.126618067743021756e-01,-5.057731457501354333e-01,-6.632778469674003308e-01,4.470804456861861009e-01,2.033395331950026974e-01,-8.101153931303116673e-01,-1.891144607598873872e-01,4.713578096949156415e-01,-4.017243903922837478e-01,-7.296448507597188549e-01,1.767942450551143463e-01,2.370162322694940316e-01,-7.567563276952576912e-01,-5.249509377056931214e-01,4.375964020997732407e-01,1.225228793868752136e-01,-7.018629331436144758e-01,-5.636030769990402201e-01,1.585257139865963727e-01,-1.619667226295889717e-01,-7.231375636894262771e-01,-6.206293436713979927e-01,5.557467186893696454e-01,1.436522526590747195e-01,-7.974311244403762267e-01,-2.007054828854442086e-01,-4.271881207554883431e-01,-3.478533848856532051e-01,-5.113200659015308958e-01,-2.735886454690759639e-01,-1.071022682348025112e-01,-5.701662503536831794e-01,-4.690182076598498617e-01,1.811860294233935409e-01,-1.915371708874872084e-02,1.334976697047363658e-01,6.286350318409054116e-01,1.021425021544886264e-01,1.858305475315571165e-01,5.252836100233025940e-01,4.219659331471012353e-01,5.526276835397342380e-02,1.194583887529686861e-01,4.650381184037242210e-01,4.966934443148902645e-01,3.841630143079919485e-02,1.303116874524766211e-01,-6.107988118258951271e-01,2.634215834271576573e-01,8.038990090834728930e-01,3.638653834312999824e-01,-2.800455492109455991e-01,1.580448935718546666e-01,8.024992936624977258e-01,3.209930639162240640e-01,-7.018812138702114067e-01,-1.924460927476989713e-01,7.207829605606392853e-01,3.559932258989743081e-01,-4.717762959186774241e-01,6.932075794407095426e-01,5.620482967600709534e-01,-6.264373220863984626e-01,5.261403889838513204e-03,1.000000000000000000e+00,-1.169037933435938988e-02,-6.010325161467826582e-01,5.729700453918584735e-01,7.757194866772170183e-01,-3.588335707860848545e-01,-8.679845383057369079e-02,5.988528818030020018e-01,-3.831195809032296729e-01,-7.262388747080831264e-01,-5.204674329315344128e-01,1.102877229353053240e-01,-4.953222899070111040e-01,1.756744739297581848e-02,3.045088942569042501e-01,1.607215444608456056e-01,4.170615205996264230e-01
5.071240990381122860e-01,2.100661745574172734e-01,6.235259717774496169e-01,7.350197489926081629e-02,-3.202856519678396463e-01,1.175825660183476701e-01,5.898299950733175701e-01,-5.219041063043755591e-01,-6.518603681748204037e-01,5.060869133830061539e-01,2.527148065817266254e-01,-8.267039218037524062e-01,-1.698814390791539841e-01,5.495919494666068328e-01,-4.908662755894118157e-01,-6.775095242961962638e-01,4.232514004383636230e-01,2.982022693150607195e-01,-7.537163657202499145e-01,-3.585874810245823774e-01,6.253547048234450179e-01,-1.061417191748934424e-01,-8.790588495651908696e-01,-3.075808605107902549e-01,3.868116387452644744e-01,-5.192578268875402969e-01,-5.909052867748518789e-01,3.330813950948003366e-01,-2.885854686844764871e-01,-3.519757980894953620e-01,6.345021218174181632e-01,1.154677968249525621e-01,-7.034828140063240642e-01,-1.489971193269963301e-01,7.174413388022383709e-01,-1.793346781919978317e-01,-5.202337191849512044e-01,4.449952488854255761e-01,3.802960445205452733e-01,-5.044359446661204061e-01,2.622773146878368267e-02,7.685507382263745413e-01,5.248205043140521386e-01,1.699339580887895551e-01,6.918111057936600083e-01,-3.315045193574575055e-01,-5.546519714016876490e-01,5.674142536883491905e-01,4.977514826805840564e-01,-5.698252462969715104e-01,-5.457515792340290606e-01,2.603353735967455784e-01,7.763770702400334400e-01,-3.119733276155472468e-01,5.198948205660393063e-01,6.178914461341143971e-01,-9.878696221075257411e-02,-1.829591886734382999e-01,7.573426054484401204e-01,5.181155032973070451e-01,-3.394801821912047934e-01,7.767629172926756587e-01,1.723038471260165683e-01,-8.005708319012670993e-01,-3.786724247857548575e-01,5.447023830483465057e-01,-1.431505403674934174e-01,-3.066483497637858546e-01,7.598098462952562748e-01,6.301273944311798214e-01,-5.591143634671150719e-01,-1.169037933435938988e-02,1.000000000000000000e+00,1.659967157705924054e-02,-6.129230201377534604e-01,5.320493288785300701e-01,7.423395430355945734e-01,-4.958721809458366270e-01,-5.894825192534921543e-01,-6.280445257495460565e-01,1.532263016171380235e-02,3.965805028111482056e-01,5.282827040893509629e-01,2.582357522759820556e-01,-2.656760519246399443e-01,1.089229289117629174e-01,3.188659024969319744e-01,1.265278318825160120e-01
3.255186486426772663e-01,4.237609887706603184e-01,4.740675322882382803e-01,1.574409563400988865e-01,2.476821745468327785e-01,5.702665087211900019e-01,-4.569502859509040338e-01,-8.132147496548852716e-01,3.577650678191176548e-01,2.920135388638953611e-01,-8.331265726277172767e-01,-4.034251970535791543e-01,5.815933683874785487e-01,-3.411216111874404988e-01,-8.045690662480755595e-01,3.614893218003075726e-01,4.686526411654581281e-01,-7.321821886869569473e-01,-4.446267611590986046e-01,5.834982079887478523e-01,-2.052291793062987688e-02,-8.392988939661971681e-01,-5.947590318952041682e-02,6.789432489034249452e-01,-6.986377155594161725e-02,-4.958073590174078560e-01,4.428137936807170494e-01,5.381313790677936248e-01,-1.314115201731229886e-02,-6.111977440846037002e-01,-3.714438284958948566e-01,3.069969198555718704e-01,-6.516574540420860817e-02,6.911857065840872894e-01,1.953774645602794069e-01,-1.691388911639711001e-01,4.318767025271837978e-01,5.241600746606093209e-01,1.663579353284527079e-02,3.481014434271004765e-01,4.492668672241524885e-01,1.072323417604593015e-01,-4.951347428306097642e-01,-6.906500584841753776e-01,2.509581665801529637e-01,4.665385879988218631e-01,-5.542228479025109733e-01,-4.990072731287428787e-01,4.982718249256352094e-01,4.091926786924082182e-01,-6.192289507153080352e-01,-7.381505154934102642e-01,2.205654417939275080e-01,5.542347258984969827e-01,6.157117945169334750e-01,-5.170668973686717296e-01,-1.679220381181948940e-01,-7.818045292038500182e-01,-1.029573879254725294e-01,4.757130028795032994e-01,-3.144518470501807550e-01,6.307213028931495102e-02,8.171077212594934913e-01,3.546839521929895933e-01,-3.737756739912140302e-01,2.010816154183645843e-01,8.936395553004000680e-01,2.257714876302373622e-03,-5.042262341787268065e-01,7.049323401428267966e-01,6.211902503510435825e-01,-6.010325161467826582e-01,1.659967157705924054e-02,1.000000000000000000e+00,3.132061982917159343e-02,-6.580654610775980018e-01,6.095324472250190917e-01,6.450502841652195896e-01,-4.603031626936784915e-01,4.755952798152626726e-01,4.912744341875507903e-01,3.173120799545036119e-01,-1.682889486764865272e-01,4.943420308428616017e-01,8.135725678327071497e-02,-2.184884896222562822e-01,-1.927945853231210482e-01,-3.141957681147355408e-01
-1.904255313124597615e-01,2.260218546931657690e-01,-3.733863380063662807e-01,-5.262148339153188692e-01,1.360408150452122045e-02,-5.340482312053658198e-01,-6.550223977799877195e-01,3.003151633182674085e-01,1.405485683274303454e-01,-7.924444226526506929e-01,-2.663236990176432450e-01,4.563392292472447376e-01,-3.201830561759004823e-01,-7.684000445718265349e-01,2.447193832755563125e-01,2.700187528837417195e-01,-6.876329147831788946e-01,-5.004857202221441037e-01,4.237160412570215584e-01,-1.221265096492264030e-01,-9.147017922288273040e-01,-5.491027279141036388e-02,6.241767924774649368e-01,-3.225646728753669285e-02,-8.155819036162007540e-01,1.324391888476241508e-01,4.938315215915684564e-01,-5.373512906276510792e-01,-4.290011899311058086e-01,3.387992521134760571e-01,-4.894696838255465643e-01,-6.313476646498243916e-01,1.830836597853002234e-01,1.382546491312839354e-01,-6.406363611339556119e-01,-5.055247511467235721e-01,3.367081310478795553e-01,-1.805428390780250067e-02,-7.666310736633353828e-01,1.010407559946838590e-01,4.526078735549487475e-01,-4.277898095297789638e-01,-5.237743814725749347e-01,4.602467487342364744e-02,-1.718227103073837470e-01,6.932471290761483829e-01,4.958357427428908837e-01,-2.773008454831936143e-01,6.604645097409955756e-02,7.425422385650368717e-01,3.900124189867685831e-01,-1.679108522114601265e-01,-3.109259529447310211e-01,6.800759188393643573e-01,-5.165638594039434484e-01,-4.716230503029953391e-01,7.236145371680324789e-01,-4.405029630416945619e-02,-8.038978981160980197e-01,1.374233229506698351e-01,7.774817412404234629e-01,-1.154048642000489733e-01,-2.444912935083460859e-01,5.249261985432630562e-01,6.557625333100653986e-01,1.473265008709634671e-01,2.148618036242420648e-01,8.567997295436683425e-01,-2.561915706248403812e-01,-5.257762294803262071e-01,7.445640600366965067e-01,5.729700453918584735e-01,-6.129230201377534604e-01,3.132061982917159343e-02,1.000000000000000000e+00,2.270417945200904966e-02,-4.262852856286806769e-01,6.443520632545055582e-01,6.256202921357414404e-01,3.095440392864576840e-01,-4.119002588702134759e-01,-5.444237530647259016e-01,-2.927238665364045311e-01,-3.003065246474185823e-01,3.031476877295833372e-01,9.513211807352364713e-02,-1.476203063064944476e-01,1.263551096990457590e-01
1.399319094041064637e-01,3.590027636432208819e-02,2.946423069692781158e-02,-3.814791586775981291e-01,-4.539597872136242329e-01,-6.410692316417045955e-01,4.648039929928481917e-01,2.667204719226468068e-01,-7.953519203068095678e-01,-2.360588347701593481e-01,6.603603108229398888e-01,-2.186268539724566806e-01,-7.879964428120426190e-01,2.713518850053667220e-01,2.552045890459526678e-01,-7.414417194656859333e-01,-3.753165669119997161e-01,4.781872416173811313e-01,-1.392718338761144148e-01,-8.439842666500281254e-01,1.970484630222378575e-02,4.528254632405627200e-01,-3.951843490404386428e-01,-7.841506233833474004e-01,-1.206041568030852273e-01,-6.953263661781708405e-02,-5.501771319304591401e-01,-4.064605359156397979e-01,-5.542964366269841348e-01,3.046867059706121483e-01,5.467315435731181505e-01,-5.192643418103788377e-01,-5.168283145934418066e-01,-5.307202313784091796e-01,1.381186131241520509e-01,-3.872794688294910470e-01,-5.843267402375283970e-01,4.926262732125891164e-02,-1.471633751017891456e-01,-6.646604313973902833e-01,6.002744220791059009e-03,3.849958266062296630e-01,5.150312635618251589e-01,6.829164585599533099e-01,3.785814878739989231e-01,-1.992631350094807852e-01,1.774456179847195281e-01,7.199953967350145589e-01,1.688957426804884865e-01,-3.544600810564231819e-01,1.666761386364659925e-01,6.636084966433799526e-01,3.872260245729296502e-01,-2.475918198663540903e-01,-2.697484980845684110e-01,6.489742008167035392e-01,4.947388942691076097e-01,3.442875837030787145e-01,2.692855931073520059e-01,2.538302255606158520e-01,4.013744479092377637e-01,6.176594780234538895e-01,-5.526012115542966452e-01,-6.585132536180990925e-01,3.422451431072944250e-01,4.860022834286774063e-01,-6.071963036135588077e-01,2.596885753130959151e-01,8.971081794480827432e-01,-2.306516779756158098e-01,-4.693532528847329521e-01,7.757194866772170183e-01,5.320493288785300701e-01,-6.580654610775980018e-01,2.270417945200904966e-02,1.000000000000000000e+00,2.061879886718643445e-02,-4.943316353267100394e-01,1.704862791743430861e-01,-7.129587003583043314e-01,-6.285808682162804528e-01,-1.958630275227346285e-01,4.411129920906904367e-01,-2.810941588743496866e-01,-1.056358737419695881e-01,3.505238076240465017e-01,3.671520314158502885e-01,4.298353440637270317e-01
6.078705816297850228e-01,4.178348241435891341e-01,7.771204347725458872e-01,1.319365938754033241e-01,-9.005006598043824306e-02,4.037131489571376686e-01,1.700033870812074910e-01,-8.795875776896734388e-01,-3.018160866780447149e-01,5.375724251675377818e-01,-3.006265846708440215e-01,-8.726069296829747080e-01,1.908664557667120454e-01,2.028049135214550769e-01,-8.457692369679206124e-01,-3.175558209696828227e-01,5.770229306095203681e-01,-2.113300805082819478e-01,-8.398022821602827426e-01,6.738602853195781173e-02,4.409133887927892403e-01,-5.930466018317013255e-01,-6.938273364484979222e-01,1.911370901313516613e-01,2.169082446488050375e-01,-7.056669404439936955e-01,-1.553945852662665938e-01,5.793953526356915296e-01,-2.487026204992660861e-01,-6.531011264418149498e-01,2.377297250107620608e-01,2.584887460030025896e-01,-5.805433851628885034e-01,3.284167029251460757e-01,6.564594261781673268e-01,-2.732335525260795039e-01,-1.277097614835170092e-01,6.672998496638141708e-01,2.673712717042037168e-01,-1.719869893400022554e-01,3.226413594615897829e-01,6.468562275707351317e-01,8.767857272157957016e-02,-2.844941373327277145e-01,6.850006643453676602e-01,5.415845308026952243e-02,-7.519152116993735868e-01,1.172157210069012800e-01,6.905722535680751673e-01,-1.637219533451382825e-01,-7.834211297473510083e-01,-2.612377453913352632e-01,7.238891429533643729e-01,1.215981635812779516e-01,7.614226277547009314e-01,1.379357671799868457e-01,-1.550329189727484847e-01,-6.251338708268022737e-01,4.845191077971791049e-01,6.830504502717518189e-01,-4.283092192016529909e-01,6.248178501260550632e-01,6.309321869476870459e-01,-3.745332311303546935e-01,-4.925824891592120447e-01,5.626275741458526269e-01,4.535620642513091272e-01,-2.059546250293078085e-01,2.501787475352098000e-01,8.924843552558170412e-01,-1.614475653368861383e-02,-3.588335707860848545e-01,7.423395430355945734e-01,6.095324472250190917e-01,-4.262852856286806769e-01,2.061879886718643445e-02,1.000000000000000000e+00,4.767310009803319565e-02,-7.538479401080991904e-01,-1.750704444768926837e-01,2.598179960129360366e-01,5.095170253229652779e-01,3.278367621457486392e-01,5.306624634434762289e-01,-1.338630987069180933e-01,-4.984329361388387808e-02,1.364561028603447357e-01,-1.049492962070279617e-01
5.883667822750794640e-02,3.528545780149598965e-01,9.036999343244998817e-03,-2.140801607950086616e-01,2.749636681529848969e-01,5.539845238780703035e-02,-7.553391234275056432e-01,-2.796659299020445855e-01,4.084639205570380627e-01,-3.343979608395349912e-01,-7.277188259291749173e-01,1.214893472724387219e-01,2.206221784421680543e-01,-7.372219801137834816e-01,-3.083217937434005740e-01,4.826356132162050727e-01,-1.470643860019815730e-01,-8.004309528536526219e-01,5.694309772768667982e-02,3.673110775160595698e-01,-6.286915291466306233e-01,-5.764801894275446426e-01,4.617668358507298620e-01,4.996480512991243184e-01,-5.907108747155072059e-01,-1.903236017197183494e-01,6.873972068010458791e-01,2.195537738055053714e-02,-2.209649663629961180e-01,-1.931308454564305555e-01,-6.393626963084673154e-01,-1.709168316272846044e-01,1.532681690743091518e-01,5.952402181360026967e-01,-3.332139438069746662e-01,-3.825724769929772506e-01,5.749971881544030383e-01,2.852391622916410352e-01,-4.789396464734156367e-01,3.808176421739496442e-01,5.710081020189665679e-01,-2.945455518235108872e-01,-6.999505646176807927e-01,-4.616236468754199573e-01,-3.299634639288523408e-02,7.415525124489723563e-01,-1.661221186110460254e-02,-5.660124091301373950e-01,2.950822574088726724e-01,7.649698776709894510e-01,-1.046351262331945559e-01,-6.237915917492478091e-01,-1.477098120453477492e-01,7.815277537816343045e-01,3.533032645860302579e-02,-6.957758392722884766e-01,3.068183771302461782e-01,-5.111961166198688566e-01,-6.330071187162449320e-01,3.034929453477414052e-01,2.725287383722225232e-01,-1.480758383422597080e-01,3.862640020388593554e-01,6.584521824666125234e-01,1.936600672677037394e-01,1.446909012907039715e-01,7.514363235031896737e-01,5.112954920958947547e-01,-6.132759066129088721e-01,7.599871303379893139e-02,9.225599422509348502e-01,-8.679845383057369079e-02,-4.958721809458366270e-01,6.450502841652195896e-01,6.443520632545055582e-01,-4.943316353267100394e-01,4.767310009803319565e-02,1.000000000000000000e+00,1.614454431529251111e-01,6.363478140817208084e-01,1.140953977158424247e-02,-1.969752284637923678e-01,-4.159931681814157955e-01,1.472889472734933147e-01,3.270470312496282506e-01,-4.503310911927658339e-02,-2.608023493476087640e-01,-1.603468066210007315e-01
-4.122907481947515329e-01,-2.349583598552604236e-01,-5.992909410704945206e-01,-3.587038456114324259e-01,1.488464546954494129e-02,-6.045353210543015221e-01,-1.537289342007743254e-01,6.915332763871353539e-01,-3.539963031398055127e-02,-6.310634028803571161e-01,3.094430661113646286e-01,5.792596912798521069e-01,-4.546472230249670177e-01,-2.665128711457704913e-01,6.421693902356236938e-01,2.805888774470994759e-02,-6.601680930322083585e-01,9.532612096824805148e-02,5.581116245717568924e-01,-3.204171996300416159e-01,-6.163948029907252435e-01,3.918855900650464186e-01,5.474527150097072692e-01,-3.169658494609968735e-01,-5.498223588120914052e-01,3.999593820883340367e-01,1.728600840231396540e-01,-6.546032467752997963e-01,-2.365828632887469751e-01,5.619041581121023698e-01,-2.197503256757043777e-01,-5.706553402652965179e-01,2.433735126864981224e-01,-2.276543464767803726e-01,-5.957887786414440834e-01,-1.976816400430576603e-01,9.074056559338258832e-02,-3.325008786044753584e-01,-5.336786069810186550e-01,-6.817010085532507202e-02,6.288006318935196459e-02,-3.954272120741454399e-01,-1.246663923725444406e-01,3.526016060087678872e-01,-2.903255469603894801e-01,2.106074848733353877e-01,6.104335965478627779e-01,4.574770308119828488e-02,-2.634060622466570245e-01,2.732734013540661921e-01,6.017178062640471392e-01,2.737422899554445288e-01,-3.713886075742078852e-01,1.474830145868396558e-01,-6.766922988500434499e-01,-5.368974629193909442e-02,5.105373942054520775e-01,3.975245967289863791e-01,-4.973056399226342128e-01,-2.573969253546320446e-01,6.338594172294019780e-01,-2.971492406489838478e-01,-5.519172724853612655e-01,2.999640989186637685e-01,6.563830955470615347e-01,-1.360666237709391713e-01,-2.862325946700221002e-01,5.086701519702545582e-01,-7.985581824094249714e-02,-7.841634238048347250e-01,2.328595633509467355e-01,5.988528818030020018e-01,-5.894825192534921543e-01,-4.603031626936784915e-01,6.256202921357414404e-01,1.704862791743430861e-01,-7.538479401080991904e-01,1.614454431529251111e-01,1.000000000000000000e+00,1.238871198249710953e-01,-4.788232193831900574e-01,-6.736934113340498076e-01,-2.967635749772075671e-01,-5.974145855312702480e-01,1.280743385146879687e-01,2.776370141773760736e-01,-1.634753211361153133e-02,2.594745982262793849e-01
-1.861700059800551477e-01,6.979428910441091982e-02,-1.373726814945073482e-01,9.339849847910820790e-02,4.737860223663822867e-01,2.367683037803474666e-01,-6.385864446889550905e-01,-5.269696778512813345e-02,6.466749970918248547e-01,-1.759891166238980453e-01,-6.004671445737816970e-01,3.698155692671037387e-01,4.322070427765257739e-01,-5.298291715686549441e-01,-5.399054811951230909e-02,6.301772655285732272e-01,-6.291476053672349911e-02,-5.492439583248267532e-01,3.128195480752262170e-01,4.791847218968318112e-01,-3.454240831723985328e-01,-2.697093519413325535e-01,5.045344329784186010e-01,5.238309401288379075e-01,-1.736224681308735640e-01,1.211384042993086246e-01,5.092024611365687514e-01,6.932168194386670312e-02,2.463179767210582072e-01,-6.739482286061944383e-02,-5.037163427330142440e-01,1.294207928023959620e-01,4.098462598089424591e-01,3.682400556672580927e-01,-3.001962260597564880e-01,1.203617183340071478e-01,4.733882230845999906e-01,-6.164535086513360518e-02,-1.173568078617172883e-01,4.862366932914838902e-01,9.193144280683143710e-02,-4.302540255023682980e-01,-4.826554123530851781e-01,-3.942970287464874213e-01,-3.612649817495925952e-01,3.087296776883607929e-01,8.969324887971438787e-02,-5.410214385453741004e-01,-1.759251116287030292e-01,4.571880939034532187e-01,1.052905122460622567e-01,-4.419351621464638891e-01,-4.429677811562506839e-01,3.291203883709216682e-01,-6.787279405558098444e-02,-5.807934316928680119e-01,-1.004067106210542737e-01,-1.532211968084505882e-01,-4.851230427669658840e-01,-1.486811617359862503e-01,1.980174348639719348e-02,-4.822962586540818775e-01,2.930130944564907081e-01,6.725325359641159961e-01,7.554654304242210128e-02,-2.758113748917868091e-01,5.200170619274006034e-01,7.977362828228923286e-02,-7.714880287943731707e-01,-2.423972427835545396e-02,6.157765959683076940e-01,-3.831195809032296729e-01,-6.280445257495460565e-01,4.755952798152626726e-01,3.095440392864576840e-01,-7.129587003583043314e-01,-1.750704444768926837e-01,6.363478140817208084e-01,1.238871198249710953e-01,1.000000000000000000e+00,1.416558598536841185e-01,-2.504795309165936401e-01,-6.492842276412932323e-01,8.373953693791851005e-02,2.927193089314792385e-01,-7.986794430723870297e-02,-2.728429683217618584e-01,-2.104539840242856952e-01
2.683031377320134817e-02,1.155203889090599713e-02,2.160909357460749913e-01,3.521364639316664769e-01,-2.592949173957061204e-02,6.404940875840116066e-01,-2.283571920396722937e-02,-4.118592843913040924e-01,3.839991612910130803e-01,5.119682665174153380e-01,-3.552944133793453085e-01,-1.719677851238979038e-01,6.316118864476114592e-01,1.674274472393518509e-01,-3.616102990497295222e-01,2.939886804685566402e-01,5.712701012390687394e-01,-1.178532732100082692e-01,-1.972062224190794522e-01,6.118566032402961152e-01,4.004080525607953134e-01,-3.430884152114261343e-01,-1.192279149396331395e-01,4.737034844010846735e-01,4.788584027612001193e-01,-9.081074288784683757e-02,3.145997065083160071e-02,5.182933570003559476e-01,4.763058314748203625e-01,-3.698201552372568646e-01,-3.324654036484257780e-02,6.159822134893920831e-01,1.324047191743939755e-01,2.410845616183829587e-01,2.732870366011798668e-01,4.084491302125081158e-01,1.252761522166269403e-01,4.411157908798484656e-02,4.356683882137201702e-01,3.192329749069774403e-01,-1.583837966007396181e-01,1.840106379494417868e-02,-9.993935843175640044e-02,-4.422543178052390500e-01,-8.160518490490009658e-02,-1.173626434066773055e-01,-3.559489672418379436e-01,-3.241109579298694920e-01,-2.676344817888078390e-02,-5.658343256711909769e-02,-3.552844231378645135e-01,-3.887102501151826761e-01,-1.262147620421633434e-02,-5.070903984467432790e-02,4.747050284662115982e-01,-2.144401212740743579e-01,-5.864112653102662165e-01,-2.870683432271604052e-01,2.111323438230686689e-01,-1.065333955688584217e-01,-5.846490290462593720e-01,-2.170340401187231261e-01,4.837628569691737601e-01,9.988446248086788049e-02,-5.448095696349274375e-01,-2.637162699779613262e-01,3.043283944636320237e-01,-4.856493466318311247e-01,-3.881311958277271490e-01,4.586053071839908402e-01,-1.047846074465436095e-02,-7.262388747080831264e-01,1.532263016171380235e-02,4.912744341875507903e-01,-4.119002588702134759e-01,-6.285808682162804528e-01,2.598179960129360366e-01,1.140953977158424247e-02,-4.788232193831900574e-01,1.416558598536841185e-01,1.000000000000000000e+00,5.065099475546465113e-01,-3.045463783602959593e-02,4.283807538643276680e-01,-8.351062385391572196e-02,-4.554505873758889489e-01,-2.984851938494894052e-01,-4.674131516757581983e-01
2.294217056925188514e-01,-4.463467522427645717e-02,4.361970353746238427e-01,3.894834770725302264e-01,-1.693814567811311456e-01,5.266920966055897990e-01,3.173735467489861017e-01,-5.136655265951938221e-01,-1.635416029604241928e-02,6.419726949678332684e-01,-9.582371899652886160e-02,-5.004315846232791909e-01,3.935236757911919070e-01,4.237418433557640918e-01,-4.715084758410749699e-01,-7.313790529108504801e-02,6.701145674202831914e-01,9.056779280540461219e-02,-4.985230145274698876e-01,3.964607572361727450e-01,5.598711717273175958e-01,-3.474527837075224168e-01,-3.891090490553723025e-01,3.039338250828874100e-01,4.253624474410840350e-01,-2.338810024897748641e-01,-7.943646102719569002e-02,5.094493885273715383e-01,2.521966530322077849e-01,-4.112446281806282911e-01,1.104054357746273307e-01,4.757705917786401728e-01,-8.468722334363652793e-02,1.857503810216225570e-01,3.954773991927221788e-01,2.271879473816393880e-01,-2.106683688161189311e-02,1.777988544380217084e-01,3.596733262767837780e-01,8.363093725872049189e-02,-8.346688022425035464e-03,2.760374543160797889e-01,3.012156426516371388e-02,-3.601847988775382925e-01,2.271532966514113183e-01,-1.360421911146455776e-01,-5.331571003473998260e-01,-8.687507837546605549e-02,2.390545535588794179e-01,-2.011458099860501947e-01,-5.749925964778820342e-01,-2.787504781869311055e-01,3.232300265964608843e-01,-7.314231099613320575e-02,6.363980784853753292e-01,6.246844195274413487e-03,-4.715641011404133054e-01,-3.988701951804365931e-01,4.376442648075968833e-01,1.320210317351610263e-01,-5.955452403062340139e-01,1.165329663560445844e-01,4.799038971985439828e-01,-2.157193507482418893e-01,-6.545093729845704589e-01,-3.800932334022377734e-02,1.954718565109585249e-01,-4.258232399970335869e-01,-3.071989294689111884e-03,5.783989193388924255e-01,-2.038358507583483414e-01,-5.204674329315344128e-01,3.965805028111482056e-01,3.173120799545036119e-01,-5.444237530647259016e-01,-1.958630275227346285e-01,5.095170253229652779e-01,-1.969752284637923678e-01,-6.736934113340498076e-01,-2.504795309165936401e-01,5.065099475546465113e-01,1.000000000000000000e+00,4.979792506359171922e-01,5.904662101318770562e-01,-2.153436174493998656e-01,-3.300956834690726427e-01,-3.393532677220192570e-03,-2.937070492881325712e-01
2.183510386276364401e-01,1.629707080874148728e-02,2.463596651164052242e-01,-9.563082216129809021e-02,-4.671371356910705708e-01,-1.060265624636055615e-01,4.221947818327293489e-01,-1.351140479782836912e-01,-4.875347249089920232e-01,1.958180123437519293e-01,3.288893847174669816e-01,-4.138324092910461993e-01,-2.607106776247301583e-01,3.795033954431652479e-01,-9.804688014515215710e-02,-4.660248838724017073e-01,1.218177985039837763e-01,3.334914239908086664e-01,-3.263824665018984494e-01,-2.276074861964234031e-01,3.310700139981423429e-01,8.137710915773989362e-02,-4.295434215810916001e-01,-2.099624562742032075e-01,1.912250355440825444e-01,-1.829067452411489436e-01,-3.342621872914230408e-01,9.728561823549063126e-02,-1.277790309110973521e-01,-1.076466374813091764e-01,3.408446457611457037e-01,4.485538324725717174e-02,-3.299081924371766172e-01,-1.484874875043626363e-01,3.080058795758777168e-01,-8.297628128785443369e-02,-3.244522985619996414e-01,1.179789384088070492e-01,8.200727657712457430e-02,-2.281412159256238359e-01,5.218387792227461436e-02,3.145876483977911864e-01,2.290319813234467372e-01,1.162302743602266902e-01,2.955695496601730143e-01,-1.073837039316797720e-01,-1.852511092764659584e-01,2.523892106743432784e-01,2.197145725160273289e-01,-2.228256048715307192e-01,-2.346093536354358633e-01,1.259333649198552396e-01,3.550580057574104220e-01,-1.077128309126127031e-01,2.175963897725061158e-01,2.690600309201988116e-01,2.832515028110073156e-03,-9.077311356877887372e-02,3.549211062424302288e-01,2.209849297195508877e-01,-1.375469806781343673e-01,3.991926276169399102e-01,1.580191584688338605e-02,-4.713557399557860572e-01,-2.544875460757675678e-01,2.636236454988727940e-01,-2.079458117370088510e-01,-8.246208868822652027e-02,4.750649958468832201e-01,2.302815909601494959e-01,-3.757842658455908813e-01,1.102877229353053240e-01,5.282827040893509629e-01,-1.682889486764865272e-01,-2.927238665364045311e-01,4.411129920906904367e-01,3.278367621457486392e-01,-4.159931681814157955e-01,-2.967635749772075671e-01,-6.492842276412932323e-01,-3.045463783602959593e-02,4.979792506359171922e-01,1.000000000000000000e+00,1.741659578667139885e-01,-5.210958416245243391e-02,1.596877531895213864e-01,4.400847533673840628e-01,1.643963157208750969e-01
2.289184692526929354e-01,1.016491346311646782e-01,4.023483394240434663e-01,1.280035993107101200e-01,-2.866100126428461001e-02,3.726440927516843638e-01,-3.444189446585511905e-03,-5.374475017928231901e-01,1.125256230639846110e-02,3.538693884394151778e-01,-3.031200280631713428e-01,-4.322345340324733609e-01,2.837416916872392281e-01,8.056166330098017692e-02,-5.183854248488333205e-01,-2.042574923813114326e-02,4.235451725118311583e-01,-1.961361690424289483e-01,-4.286181283595537073e-01,3.518865326143277295e-01,3.001303473082718165e-01,-4.836893074942879012e-01,-3.103253081747576747e-01,4.195195288467954420e-01,2.854403177577048423e-01,-4.305016208211098760e-01,4.324477904825317631e-02,5.776687818150954001e-01,1.067179692847977229e-01,-5.617421170876096825e-01,1.749537514228255777e-02,4.304073114828324553e-01,-2.017183761570577882e-01,3.804396806452759461e-01,4.338118387469290238e-01,3.291018024546126658e-02,9.686825729074394209e-02,3.993683665122333415e-01,3.337882724541321733e-01,1.996355317465728363e-01,1.076583785802013721e-01,2.321693106560033526e-01,-1.043196921659801518e-01,-4.189493636294451262e-01,2.184403591840395342e-01,2.405652761934347350e-02,-5.054029510975380779e-01,-1.929590789906897030e-01,2.767794172676324438e-01,-8.764777628165361378e-03,-5.068997899156966191e-01,-4.003019897507123503e-01,2.358249802017420571e-01,1.140018971355932914e-01,5.621667930338567487e-01,-1.703852507133697403e-01,-3.426872745780459306e-01,-4.632872921539781808e-01,2.485658111368524992e-01,2.529917846042665230e-01,-4.438038822839952546e-01,1.925507917522810697e-01,5.493002111683947808e-01,-5.394100840970712102e-02,-4.691481627762630890e-01,1.556673329412986972e-01,4.200958497111479950e-01,-2.568750974076904892e-01,-1.429794729647221596e-01,5.755591599154120663e-01,7.795010868812930760e-02,-4.953222899070111040e-01,2.582357522759820556e-01,4.943420308428616017e-01,-3.003065246474185823e-01,-2.810941588743496866e-01,5.306624634434762289e-01,1.472889472734933147e-01,-5.974145855312702480e-01,8.373953693791851005e-02,4.283807538643276680e-01,5.904662101318770562e-01,1.741659578667139885e-01,1.000000000000000000e+00,2.343016869440456007e-01,-2.915427989299996803e-01,-1.158709169685968737e-01,-4.835963884074785946e-01
-1.040158831524875260e-01,1.093673984188074794e-01,-2.147531875775584853e-01,-3.573641153630910394e-01,1.295889431385937873e-01,-2.257981737093956165e-01,-3.705102151909074326e-01,1.153471487997264205e-01,7.811607538528617112e-02,-3.889717341672017104e-01,-1.696878615576367100e-01,2.082137634642191037e-01,-1.382175500172034832e-01,-3.857015406928604451e-01,9.158707564803177104e-02,1.535109219531138325e-01,-3.188364322769020598e-01,-2.417406580442114650e-01,2.411648689171528026e-01,1.037298361093374199e-01,-2.771166341926026289e-01,-5.881906202947036894e-02,2.545849860890944116e-01,2.511386993433800119e-01,-1.504551945130076507e-01,-4.701651680191728383e-02,2.508007102201821326e-01,4.670001960951834785e-02,4.428720467208257898e-03,-1.085135502592992629e-01,-2.471536164639812627e-01,1.099560402248918670e-02,6.965712213274717624e-02,2.437675298499091536e-01,-1.348802835960194180e-01,-8.352389387796128883e-02,2.485313530538435511e-01,4.772590600469476391e-02,-1.240765726095744703e-01,3.162146803801014761e-01,1.315181363966138606e-01,-2.713853606837498544e-01,-2.460483693459193932e-01,-1.272401818087816328e-01,-2.114337119668347476e-01,1.992842057549361889e-01,1.532759466568801299e-01,-2.654971910752820241e-01,-1.009169856854321423e-01,2.979722407124547057e-01,1.566496610414891133e-01,-2.209114654605753847e-01,-2.633181240070980311e-01,2.197975759485881475e-01,-1.394337486830480310e-01,-3.356437596134225765e-01,5.408097540477339177e-02,-3.438343941999622705e-02,-2.696155020309149997e-01,-7.512144075568932822e-02,1.147635689736091202e-01,-8.320552546801260330e-02,4.830404112570137881e-02,2.310831369325488938e-01,9.415796222296414497e-02,6.749103601619625692e-02,1.994626981371286356e-01,1.781623974848509651e-01,-2.401180813524388391e-01,-9.332890367369553464e-02,2.909212555640038333e-01,1.756744739297581848e-02,-2.656760519246399443e-01,8.135725678327071497e-02,3.031476877295833372e-01,-1.056358737419695881e-01,-1.338630987069180933e-01,3.270470312496282506e-01,1.280743385146879687e-01,2.927193089314792385e-01,-8.351062385391572196e-02,-2.153436174493998656e-01,-5.210958416245243391e-02,2.343016869440456007e-01,1.000000000000000000e+00,3.676521780907231474e-01,1.917813120621038314e-01,1.197535967692650027e-01
4.372182296187501760e-02,-4.759968407461147299e-02,-1.347416729192482399e-01,-2.704202533156384036e-01,1.120252936791580473e-01,-3.835533803599732172e-01,7.924948575931213546e-02,1.719115509566491451e-01,-3.519852225590831551e-01,-2.450767137951171681e-01,2.611037738591859836e-01,-2.977348953762228370e-02,-4.234219495044063697e-01,-1.992562426397192013e-02,1.736644092285585250e-01,-2.743653549833173222e-01,-3.064372099666476945e-01,1.326150461315818152e-01,6.237076245487135212e-02,-3.993856632421394215e-01,-9.019307588296368583e-02,2.279891630605259401e-01,-3.555638647678283082e-02,-2.232631226024630600e-01,-2.206085941829428188e-01,-4.037220261680899563e-02,-5.366819240137607472e-02,-2.166015974680949863e-01,-2.837345032303271175e-01,1.122451980166257607e-01,5.352369680625018722e-02,-3.095692196391785500e-01,-1.718238122414534885e-01,-8.357453179999081716e-02,-6.443017984680800281e-02,-2.388615558835819608e-01,-8.238323741415491674e-02,1.713224318280570299e-02,-2.063576063689747386e-01,-1.708811314508631718e-01,1.169140523701208551e-01,3.800652709249115191e-02,1.361896321310714364e-01,2.667119469019310074e-01,8.834238372517862203e-02,-1.333864875603332951e-02,1.422908203234962976e-01,2.472465519803137002e-01,2.827649539525430716e-02,-8.119909620427068209e-02,1.455367754854923201e-01,2.631903111934208450e-01,9.507975344966239362e-02,-6.197707213246191060e-02,-1.973002050951617459e-01,2.168214210757740956e-01,2.456861860951657650e-01,1.624525803092723153e-01,1.612269504632787495e-02,9.835320713595394060e-02,2.116239462127129656e-01,1.619160091849435601e-01,-1.685446551365237522e-01,-1.225345385935648068e-01,2.177070745130017526e-01,2.524383201145399269e-01,-1.188026344386509808e-01,1.160440962012832394e-01,2.455786700269430856e-01,-1.063975352197128327e-01,-6.222129629113737348e-02,3.045088942569042501e-01,1.089229289117629174e-01,-2.184884896222562822e-01,9.513211807352364713e-02,3.505238076240465017e-01,-4.984329361388387808e-02,-4.503310911927658339e-02,2.776370141773760736e-01,-7.986794430723870297e-02,-4.554505873758889489e-01,-3.300956834690726427e-01,1.596877531895213864e-01,-2.915427989299996803e-01,3.676521780907231474e-01,1.000000000000000000e+00,5.301617223859551586e-01,6.778612043128485753e-01
1.823082799562355805e-01,5.053426516397950541e-02,9.310022380751606375e-02,-1.714855611099834753e-01,-2.137767866503728353e-01,-2.249252984999290106e-01,2.160453435934291955e-01,2.030067186381293715e-02,-3.836332196953761708e-01,-2.953805533247035042e-02,2.660462569876398953e-01,-1.945563087278197600e-01,-3.194354463059838611e-01,1.617185455193702881e-01,5.220810425228788326e-02,-3.513905704053120749e-01,-9.630436669476259703e-02,2.227618102187184368e-01,-1.025730192899057119e-01,-2.815085518713067447e-01,1.815807883180146076e-01,1.873753593814083129e-01,-2.473526723989756537e-01,-2.242006010498543978e-01,7.753322107405224983e-02,-5.802969409783859112e-02,-2.505045083351676860e-01,-5.290428083339115961e-02,-1.275974980600918796e-01,2.468934947563381291e-02,2.504440436646689916e-01,-7.045136501705680232e-02,-2.214642237839256067e-01,-1.772950966194542510e-01,1.520764809705660026e-01,-5.143984681618430505e-02,-2.687934510374017094e-01,5.382117775926614257e-03,1.949254597539118103e-02,-2.209511809186989750e-01,3.875684002892120471e-03,1.806788959830627483e-01,2.425980223337464159e-01,1.913900796311768793e-01,1.775043770844196012e-01,-1.407046735033299634e-01,-3.352246969647876274e-02,2.689309994634375145e-01,8.262716968518898919e-02,-1.931096214075979367e-01,-4.324255702668847179e-02,2.103772010691981609e-01,1.931387196696852659e-01,-1.428720039917863449e-01,1.282676274666613020e-02,2.445701494932124020e-01,6.117689567510548043e-02,8.409257045606602365e-02,2.101691744710696419e-01,1.289870280405633063e-01,1.436865396668327716e-02,2.603218457382458495e-01,-7.634440350926498253e-02,-2.814894474726694074e-01,-6.191889123161347513e-02,1.887103029710653634e-01,-1.750687651186449978e-01,-4.288349350337510024e-02,3.479960689999607171e-01,7.426612871667144511e-02,-2.491229986282451347e-01,1.607215444608456056e-01,3.188659024969319744e-01,-1.927945853231210482e-01,-1.476203063064944476e-01,3.671520314158502885e-01,1.364561028603447357e-01,-2.608023493476087640e-01,-1.634753211361153133e-02,-2.728429683217618584e-01,-2.984851938494894052e-01,-3.393532677220192570e-03,4.400847533673840628e-01,-1.158709169685968737e-01,1.917813120621038314e-01,5.301617223859551586e-01,1.000000000000000000e+00,5.403327454046762401e-01
6.522718802088223189e-02,6.025168348032038101e-03,-1.217627948759767431e-01,-2.013013781577698835e-01,-5.694613465532689933e-02,-3.604546915711021593e-01,4.790581181340849287e-02,2.197467961995845653e-01,-2.540849813037466820e-01,-2.562831429309237463e-01,2.290959069177979923e-01,6.210743337304894252e-02,-3.621651821445815989e-01,-5.022343170294233522e-02,2.122228802498079547e-01,-1.772159647325101117e-01,-3.068821057460972002e-01,1.209107327275003863e-01,1.367327050599784766e-01,-4.059238849491774159e-01,-1.176493634679863509e-01,3.243314534996302734e-01,1.445757557535405635e-02,-3.839132217572520656e-01,-1.941843503422053807e-01,1.567260619400673849e-01,-1.513328757141984837e-01,-3.852580468485585219e-01,-2.406243178384931125e-01,3.265751867006564946e-01,1.423595195464394392e-01,-3.811816332358207715e-01,-8.893869834220735626e-02,-3.055914589088626343e-01,-1.540677457741382594e-01,-1.682847554382720379e-01,-2.231892205468966051e-01,-1.532942464138040417e-01,-2.375650469752064453e-01,-3.074134502625269771e-01,6.550892155177563507e-03,2.433803793482629957e-02,2.068042457783207944e-01,3.896899446372174003e-01,5.957237747889205376e-02,-6.363675490267425849e-02,2.520666542141991595e-01,3.304890482527926832e-01,-2.855085891353253968e-02,-1.073834637412249687e-01,2.274579298642725178e-01,3.779483881955968405e-01,5.868790306235758397e-02,-1.026592231963926322e-01,-2.999912213811466999e-01,2.568760203080849847e-01,3.081305453394126426e-01,2.811344075291788425e-01,-9.284382807107267183e-03,6.190085738100228191e-02,2.968877329589253433e-01,1.489892627360912547e-01,-3.120625918112291397e-01,-1.516238342717227128e-01,2.881948539577021684e-01,1.281375153940633171e-01,-2.651054536627317493e-01,1.704716315813232519e-01,3.471161697681505731e-01,-2.035556417380338934e-01,-1.370057828602375127e-01,4.170615205996264230e-01,1.265278318825160120e-01,-3.141957681147355408e-01,1.263551096990457590e-01,4.298353440637270317e-01,-1.049492962070279617e-01,-1.603468066210007315e-01,2.594745982262793849e-01,-2.104539840242856952e-01,-4.674131516757581983e-01,-2.937070492881325712e-01,1.643963157208750969e-01,-4.835963884074785946e-01,1.197535967692650027e-01,6.778612043128485753e-01,5.403327454046762401e-01,1.000000000000000000e+00
