1.000000000000000000e+00,5.364528222221659481e-01,5.350059541632214977e-01,3.713517069144038341e-01,2.262717067866895637e-01,2.223867559095130952e-01,1.681480888816438701e-01,1.191312191793501285e-01,2.322989432033728888e-02,-3.699782378159045728e-03,8.717743353461443467e-02,9.797776453360209845e-03,1.946509626184370415e-02,2.363740786149801792e-02,2.577101423949643144e-02,5.392292139630455033e-02,3.678940709297089107e-02,-2.638373675769723446e-03,-2.301484970765675306e-02,3.112106508224684459e-02,1.188201347109468960e-02,4.697876915915789875e-02,2.113562265229079057e-02,2.412330640111237309e-02,5.339879222092708960e-02,2.320283520329545837e-02,7.124414943472966340e-03,1.887377056038185008e-02,3.252062865231284544e-02,1.319397251286331431e-02,2.891035567125700700e-02,4.042914631647533119e-02,5.240799038538490606e-02,3.116530450002601843e-02,3.127120330982042368e-02,4.750072502541747947e-03,3.066692549868201348e-02,2.612276841135495811e-02,-1.056632411766886964e-02,2.816811762614493050e-02,1.290388547049620832e-02,-8.394420155498049860e-03,3.265315720621857296e-03,2.549726935162948196e-02,3.821541949291142742e-02,3.808154391380676879e-02,3.485340575060855671e-03,3.759260271802478126e-02,2.840726463418736386e-02,4.729750388212050627e-02,3.380604334553195811e-02,1.857563405666796258e-02,2.091180437256427022e-02,1.357658767438337487e-02,2.979881697752988917e-02,4.721133873112279278e-02,-4.330197221242298826e-03,6.602878756052500686e-02,2.295398235859905448e-02,2.225351010089223272e-02,3.685270450104080608e-02,2.399117604603797152e-02,-3.697936055036982195e-02,-2.239250156625916671e-02,-3.775067286450144166e-02,-1.235463706923727034e-02,-6.652064618180798718e-04,-1.835738936378761288e-02,-1.550186325619264290e-02,-2.407752555345733791e-02,-1.185538415424264129e-02,-1.359598289374905518e-02,3.014308609005617035e-03,-4.198644068227015691e-03,-1.535521168395516042e-02,1.424532253289167646e-02,1.306148037254769786e-02,-8.838173840331172218e-03,-1.945007490902087542e-03,1.739273166666695800e-03
5.364528222221659481e-01,1.000000000000000000e+00,5.532058744991164012e-01,6.243504191927226055e-01,4.308206168161005656e-01,3.254541713041758100e-01,3.583637055415289097e-01,1.633165218458389745e-01,7.416728098782778000e-02,-2.828231187399447844e-02,1.331125772602703983e-01,4.737212851938774755e-02,9.530339742183507878e-04,2.521643372701077787e-02,1.648870229067451315e-02,5.329705704546790213e-02,5.193561754980301898e-02,1.381478481902932189e-02,-4.680124205160145906e-02,-1.325732318726545282e-02,1.798740946676646206e-03,2.364333291854548227e-02,-1.080324872982346696e-02,7.838565323662420245e-03,5.236042119360911212e-02,-1.149374465083110447e-02,-2.389666932520169082e-03,4.916490732765392557e-02,3.787106238135906633e-02,2.768199215641392250e-02,3.276231385123275219e-02,2.722057663227919755e-02,4.259679274774329921e-02,4.175977745881706560e-02,5.036590698633632013e-02,3.788457685253382445e-02,6.206670024353493076e-02,1.339318699284235310e-02,-1.730459402406322317e-02,8.047365289929757359e-02,4.164745828400927274e-02,3.249691878959940633e-02,4.732527265066758734e-03,6.799022501411025599e-02,3.256548634899419231e-02,7.641645619836981429e-02,5.336305373480196290e-02,3.362114819869040788e-02,-7.265768611649767216e-04,2.270015070652363961e-03,3.276487494202103001e-02,-1.660805046209334543e-02,6.766305268399546748e-03,-2.772358881759871829e-02,1.278179563120755528e-02,3.393067423593044279e-02,-4.457081916571616759e-02,4.248798988658616244e-02,-7.725134035172031774e-03,-6.289022792591188009e-03,2.315081169255928800e-02,1.261022274347274076e-02,-2.356212799518792034e-02,9.223974640251503959e-03,-2.409916912000095029e-02,-6.507771109933111094e-03,2.807422319489913214e-04,-3.836079511891513777e-02,-1.660298553519935078e-02,-3.299484631660637522e-03,-1.415846133080503506e-02,-3.608490272735873777e-02,6.095147436225195918e-04,-1.552038016007657381e-02,-3.332942593964862560e-02,-5.571669155052696824e-03,-6.960383133724990824e-03,-3.780147407591259029e-02,-1.024237764437851972e-02,-1.833450287731965347e-02
5.350059541632214977e-01,5.532058744991164012e-01,1.000000000000000000e+00,4.456849474922749965e-01,4.333044253971464754e-01,4.313531784670577851e-01,2.574412923267537234e-01,2.992930332894631618e-01,1.381770625060045332e-01,7.080838769670287636e-02,2.205358382829522013e-01,7.455494150772470907e-02,9.141680808943287995e-02,4.440047140078697691e-02,9.076988752575565478e-02,1.126473934281297662e-01,6.997473506302574753e-02,4.207598398106873749e-02,2.302926375782352562e-03,2.248942217384706718e-02,1.119919697434287875e-02,5.945984114221292832e-02,-7.270392133138155535e-03,2.822280517080120402e-03,4.504050826915285966e-02,-6.016642497141099985e-03,-2.513519982941763917e-02,3.227138165321859209e-02,3.922792818869887815e-02,4.325602732694272881e-03,2.513752054128735175e-02,2.586493385718341420e-02,2.612726983578772533e-02,4.843876202959764010e-02,6.150930281345037831e-02,3.509524144662398704e-02,7.396675245178142843e-02,1.837662587918882304e-02,-8.577244299237066910e-03,4.925239973839208585e-02,2.571605519588835917e-02,3.919432897767297780e-02,1.273703001350535470e-02,5.457115104556719415e-02,3.459690413383945812e-02,4.680408923927167897e-02,5.563800357238633809e-02,2.465968604578087919e-02,1.081636983817082240e-03,5.284005879388175599e-03,3.688831596945402191e-02,-9.542545805684742380e-03,2.002367011644003159e-03,-2.345733303250877727e-02,7.159156387731442292e-03,1.303463592347702676e-02,-5.257963032010780358e-02,2.334206350441904790e-02,-3.436661711831583838e-03,-9.891486279531399445e-03,1.319344415140820577e-02,1.565078819210955624e-02,-5.362257838662506937e-02,-4.389277359723496585e-02,-4.697958840965683891e-02,-4.063270935092146152e-02,-2.257013599675276525e-02,-4.361123675967810281e-02,-4.595137701594648877e-02,-2.786470683624779968e-02,-4.938169275482286874e-02,-6.576785866724930985e-02,-2.124031884807683034e-03,-4.786666476774567580e-02,-6.685649132969960495e-02,-2.317842493170093471e-02,-3.468963584735944988e-02,-6.184994232199141073e-02,-3.347917335206773010e-02,-4.166015694452254031e-02
3.713517069144038341e-01,6.243504191927226055e-01,4.456849474922749965e-01,1.000000000000000000e+00,4.853708680947694809e-01,5.261056775309281841e-01,4.931867178152971043e-01,2.459892154212549031e-01,8.915178468164394743e-02,-4.275405309263202724e-02,1.954949421060989956e-01,5.568728351102255475e-02,-2.957204953410069379e-03,4.881972540529250747e-03,1.196116625153851448e-02,4.118187607366333852e-02,3.485489102006093104e-02,7.763121555635929191e-03,-4.169539096818798002e-02,1.636529709693528012e-02,1.931409814624203414e-02,6.031284809610273218e-02,1.169557349981057044e-02,-2.933139638016035375e-03,7.468256989704982751e-02,2.696766888951573557e-02,1.643014877761633796e-02,5.216985116807618117e-02,7.037972729661176596e-02,1.850616359172368997e-02,4.652184753477222462e-02,1.070000584126424431e-02,3.080638298772641476e-02,2.031500706957891852e-02,3.337785226139645262e-02,-4.489363179856813157e-03,6.582641279795319045e-02,-2.963450411542381188e-02,-1.166287008154661201e-03,4.784488886822050452e-02,1.238236350441535363e-02,8.914349641238708197e-03,-5.387556178293249030e-03,1.597318703298217929e-02,9.123767565341698443e-03,4.517431272435643019e-02,1.458722811393496112e-02,1.532052560477330412e-02,-3.023808685393859774e-02,-2.418438028828232347e-02,1.060593448831847509e-02,-2.923151696176670700e-02,2.335415246549204030e-02,-8.819099482063283771e-03,5.299929395971977528e-03,4.443436218273585231e-02,-1.335153796688048379e-02,4.427497559548148470e-02,1.895112828916965895e-03,2.870232173938511849e-02,5.950616099227264144e-03,5.125882773415905286e-02,-3.134379900737459951e-02,-1.824274301991980545e-03,-3.459246080521775207e-02,-1.499897244059756468e-02,2.073976727038006132e-02,-3.421203478254725150e-02,-1.229675110430085427e-02,1.513575312086786091e-02,-2.610818426770674869e-02,-1.879444040280562125e-02,2.708557604747838590e-02,-2.840138305607297839e-02,-7.720865381406186514e-03,2.853897151945996094e-02,-1.421776750461419686e-02,-2.048313740197977087e-02,2.157316963573908258e-02,-1.855897383375582077e-02
2.262717067866895637e-01,4.308206168161005656e-01,4.333044253971464754e-01,4.853708680947694809e-01,1.000000000000000000e+00,5.616459026157510914e-01,6.130710144390301153e-01,5.212116497693737305e-01,3.796874027568711840e-01,1.796938330353945734e-01,4.355874977700711081e-01,2.846124033108421991e-01,1.786969893055490033e-01,5.887391880978459779e-02,1.369492127706933571e-01,1.053508101997255864e-01,5.755717403648882152e-02,-7.220985770614030998e-03,-4.327402277253952767e-02,1.562975309542019055e-03,-1.103578883858451383e-02,5.079873304028752201e-02,-2.097313286441094410e-02,-2.545220475537572375e-03,6.765014457811129034e-02,-3.602283636194886923e-02,-3.787997778466412058e-02,7.273968595391608338e-02,5.393205499659660396e-02,1.503076005429442160e-03,4.432310930759571221e-02,-1.368420170102586236e-02,2.921728596916866802e-02,6.158658612400847582e-02,8.838015931495772637e-02,5.950022445412803118e-02,1.218801913597639675e-01,2.677056743435187250e-02,7.912147326349238882e-03,5.922046152461837853e-02,5.092555692172711507e-02,5.287478810061528589e-02,5.031585912854757980e-02,7.360512687200619630e-02,7.039892611687607882e-02,8.572789966195550060e-02,7.203084412939365910e-02,6.026209487081085614e-02,-7.356370804776359365e-03,2.400965874134296241e-02,7.852880768767676878e-02,-3.305864715445380048e-02,1.375397908934247737e-02,-5.134127940176164834e-02,3.478886573933945292e-02,1.915874798351993244e-02,-6.353332866131042311e-02,4.521168932100665117e-02,-1.900076280351805898e-03,4.072218197655646382e-02,2.440477455185200567e-02,2.565973911117643697e-02,-1.323138882639320925e-02,-2.478036174489731819e-02,-1.154300437432219037e-02,-2.939130783648567780e-02,-1.097502697572529801e-02,-3.312833878715197231e-03,-3.063341108484435305e-02,-4.209080229588758187e-03,-3.167394736513474366e-04,-4.090951658530823931e-02,3.874569276431499149e-02,-9.147571202089886666e-03,-3.214157270208533451e-02,2.409491171723497291e-02,-1.143812743452930596e-02,-3.293288601055127662e-02,1.731283303309453375e-02,-1.463492950625421007e-02
2.223867559095130952e-01,3.254541713041758100e-01,4.313531784670577851e-01,5.261056775309281841e-01,5.616459026157510914e-01,1.000000000000000000e+00,4.873365932178814752e-01,5.471486639037187460e-01,1.738006962809796330e-01,3.020082179131275066e-02,4.005339286788563991e-01,1.154715512923685794e-01,8.407030398606338273e-02,2.731559048017703772e-02,5.289061015181231729e-02,9.956893262526099464e-02,7.006905939054293431e-02,5.203940576787091654e-02,-1.389287956542310971e-02,3.247922248408544044e-02,2.408561103169864007e-02,2.416309078901941396e-02,7.705027385711976824e-03,-3.021385463957365972e-02,5.053790406217607140e-02,-1.414131269473976882e-02,-5.379562048668453528e-02,5.862099996845965971e-02,6.918775171643382071e-02,6.996929392931991454e-03,3.018714167086915257e-02,-2.417067417766463264e-02,1.426145488910926691e-02,1.781794310328498401e-02,4.352348377069063801e-02,7.461604727897829838e-03,1.194702239846797548e-01,-1.147778581367513845e-02,4.647671399233062328e-02,6.922749322604659916e-02,-1.405559537616504068e-03,3.478386623251275567e-02,-6.481554852960647907e-03,7.100432875474427599e-03,7.692562636417193261e-03,4.859609581528225031e-02,2.177105878552445736e-02,2.079294522963918979e-02,-2.599170640077039934e-02,4.749895104809833193e-03,2.025080409935263448e-02,-3.082802370248533680e-02,5.114716719606462320e-02,5.903584076670038289e-03,1.041818349466606605e-02,5.881337105418558281e-02,-2.213167712851805274e-02,4.822512341545458908e-02,8.109901451195566241e-03,3.436127576824801744e-02,2.446529400598090875e-02,5.629332211807028946e-02,1.385527897078555129e-02,1.727369963879843776e-02,2.579760281852776314e-03,3.467083143611617967e-03,2.213347421935963136e-02,-3.061823495410702020e-02,-9.938908277694726359e-03,-1.278375831580135825e-02,-5.256018132959575095e-02,-6.009107872988815602e-02,-1.220470636619140799e-02,-6.043762949646362681e-02,-5.462985048226571411e-02,-4.505630687424088537e-02,-6.081577016770126076e-02,-5.979030985615411270e-02,-3.867169562249166137e-02,-6.640891959311044646e-02
1.681480888816438701e-01,3.583637055415289097e-01,2.574412923267537234e-01,4.931867178152971043e-01,6.130710144390301153e-01,4.873365932178814752e-01,1.000000000000000000e+00,2.948622680542742902e-01,2.493745508750108419e-01,1.835396827652484297e-02,2.632341754767779096e-01,2.121607319137652492e-01,6.028957006026943420e-03,9.653928336095360732e-03,2.257914747488179788e-02,3.757012550251863370e-02,3.778997973697348096e-03,-4.557207294501253170e-02,-9.797978735402372574e-02,4.040291978806776624e-02,6.488799729177600895e-02,1.180737172002816748e-01,1.599124961526390831e-02,5.609221919839550013e-02,7.962133600745506523e-02,1.762793037163186416e-02,1.918779690553109804e-02,7.729636314214724524e-02,5.888259880392669038e-02,4.570705324101290851e-02,6.013910625142951383e-02,-1.043700400679112988e-02,4.564341792444022439e-02,2.326739888902988954e-02,6.830535168283755065e-02,1.502454081459485627e-02,8.128332242975933042e-02,2.449803334935675078e-03,-5.738256790197144436e-03,3.595242329100150486e-02,3.830686080052373831e-03,6.913921115009642390e-03,1.664071784823955430e-02,1.053475134957069723e-02,4.694767633447128816e-03,2.641995334370379755e-02,1.005276613729194808e-02,6.727788448682923451e-03,-1.541665827467546442e-02,-6.485721237131231165e-03,2.341575781007930804e-02,-3.913683773729310228e-02,7.364339308434633864e-03,-4.193903168149708260e-02,-9.565974178163719980e-04,1.019866951827911325e-03,-2.958999984547017528e-02,3.674345094918051585e-02,3.257360383241375210e-03,5.128355020362920791e-03,1.043208083919018765e-02,3.563188609436778592e-02,-1.101303505036720781e-02,3.446992887699912235e-04,-2.156878244836785488e-02,-2.168727800150802888e-03,2.809725505054373046e-02,1.438461738897144678e-03,5.453811034765220465e-03,6.003538164051470255e-02,4.186946429658294777e-02,1.767629584743211218e-02,8.811957133681320997e-02,2.487240646476433781e-02,2.063406572051453697e-02,6.965478035100966525e-02,1.511139959362321934e-02,2.171542526897629610e-02,6.223334014270277131e-02,1.603248231514071628e-02
1.191312191793501285e-01,1.633165218458389745e-01,2.992930332894631618e-01,2.459892154212549031e-01,5.212116497693737305e-01,5.471486639037187460e-01,2.948622680542742902e-01,1.000000000000000000e+00,5.570115363595167235e-01,4.292427909059051139e-01,7.348179757063068029e-01,4.115772856991040674e-01,3.872593337905494426e-01,2.066832204258418904e-01,2.897407735180989596e-01,2.302317033744475938e-01,1.314021087841726332e-01,4.264270386879032843e-02,1.042666709390772765e-02,-3.157088958023852171e-02,-4.776748986713618556e-02,-4.378081723123994351e-02,-6.430340992805273770e-02,-1.187249203958807842e-01,1.836909786861595437e-02,-3.707393061578529575e-02,-1.077643498717915094e-01,-1.643842697983358137e-03,3.412148800429595785e-02,-7.666677333458106480e-02,-1.330116310631818989e-02,-6.986922365344490349e-02,-4.640829804116448735e-03,1.957466461129396974e-03,8.525044420193094580e-03,-1.252029370673116843e-02,7.708204198509154004e-02,-1.334322398418284414e-02,5.487877486034305197e-02,4.667900316195282978e-02,2.473488373494400760e-02,3.400956188754784143e-02,4.023937327773698114e-02,3.704182785523349453e-02,5.729543210006085574e-02,4.842585148543061130e-02,5.761828290805232761e-02,4.960429192710519297e-02,-1.774810171670216166e-02,1.742754357458207656e-02,6.269551234328155087e-02,-2.714186737926416876e-02,3.389465752710330709e-02,-6.154456676473843077e-03,1.946774719533839529e-02,3.400386698798482654e-02,-2.259771136675109079e-02,2.534630910979101051e-02,7.726727704324348918e-03,5.053522198522981956e-02,1.682907348663782027e-02,4.084900909426040366e-02,-9.906025087909027874e-03,-1.169887360769258098e-03,1.370603188847902346e-02,-5.843565149974765810e-02,-3.984267559852883861e-02,-3.854286285830851866e-02,-5.855275126438107963e-02,-2.853450425117425721e-02,-4.570022534565496702e-02,-1.020712425871965617e-01,-2.059417700993311506e-02,-5.136846480883681260e-02,-8.692470043329446339e-02,-3.288757889438306825e-02,-3.770315419441939986e-02,-7.670503738677901528e-02,-3.636445998431667159e-02,-4.529383035740955354e-02
2.322989432033728888e-02,7.416728098782778000e-02,1.381770625060045332e-01,8.915178468164394743e-02,3.796874027568711840e-01,1.738006962809796330e-01,2.493745508750108419e-01,5.570115363595167235e-01,1.000000000000000000e+00,4.966831195410225663e-01,4.639596567359229873e-01,7.108986695710923787e-01,2.326474931048840844e-01,1.485880949765943093e-01,1.914982068622520239e-01,1.273187131046361054e-01,8.551124485744117376e-02,2.006897649105227749e-02,-4.926273003141837248e-02,-1.007447022476841425e-02,-3.200591848820768387e-02,3.326599320618929545e-02,7.229880656288344143e-03,-6.014087036645067441e-02,6.355696440480676501e-02,-2.518670175040248552e-02,-8.518255968643226317e-02,-3.451175476770697997e-02,7.143460402056327208e-02,-9.094320088510221209e-03,2.952591029593996941e-02,-1.217422427885209157e-02,2.027266157375270245e-02,6.081154961386829594e-02,3.291434266022010696e-02,1.457735588145870308e-02,4.553912338564786860e-02,-8.085564861038223305e-03,-1.512423896579911421e-02,1.317740741113224666e-02,1.145229040735526926e-03,-2.666385990179061943e-02,-7.432711828873334384e-03,6.888776450415276358e-03,2.434811650705807906e-02,1.232123360353266570e-02,1.974493943318802666e-02,3.008123455725467826e-02,7.858884020724000649e-03,3.092705389737385874e-02,3.378761465644027073e-02,1.630689363137037551e-02,4.551160464581416321e-02,2.231837668977112998e-02,5.032122262741626356e-02,3.406350592519299947e-02,1.165735390856718727e-02,6.987959222509979029e-02,1.733070973068045334e-02,5.519290957016846633e-02,1.107170181286305267e-02,5.267214882379917668e-02,8.075342400282512975e-03,9.168825640732503751e-03,3.234689654290283378e-02,-5.009817580778200968e-02,3.506362241630846689e-03,8.208802580997843004e-03,-3.947571821570408646e-02,-1.388743990148742086e-03,3.266449856727682288e-02,-4.459689578764690354e-02,4.035718931315988856e-02,3.893926678785834122e-02,-3.936958398733552550e-02,3.640352079794009071e-02,3.667094479189751677e-02,-1.072019714676205118e-02,3.375950952025911361e-02,3.469623160265362938e-02
-3.699782378159045728e-03,-2.828231187399447844e-02,7.080838769670287636e-02,-4.275405309263202724e-02,1.796938330353945734e-01,3.020082179131275066e-02,1.835396827652484297e-02,4.292427909059051139e-01,4.966831195410225663e-01,1.000000000000000000e+00,5.113934985153840707e-01,5.336019390093154069e-01,7.291564536216241788e-01,4.335104458204240840e-01,4.919142579812890714e-01,3.365702111353982562e-01,1.921831487113391246e-01,3.829036502543363418e-02,5.723844445919901158e-02,-6.841249872272241184e-02,-7.203029917591542708e-02,-1.023148956933946363e-01,-9.651211548225083203e-02,-1.138703648938576563e-01,3.197343064841183156e-04,-4.916459646698595476e-02,-1.390502998063787021e-01,-4.192599987061202543e-02,4.801520976578271122e-02,-9.858297770189494713e-02,-4.307207839565121293e-02,-4.410792775123896503e-02,8.061900266633970427e-03,6.086532901889408174e-03,1.117616645837735644e-02,-4.138109270084041474e-02,2.714593354072432699e-02,-6.117346328477742817e-02,2.712538795004183767e-02,5.864395136347060056e-03,-9.280413423656009089e-03,-3.267647259209368465e-02,2.786113700532817997e-02,-7.118045562054024452e-05,3.561623783232980428e-02,3.394517347056577594e-03,5.316855549834413608e-02,2.333230430449990608e-02,-9.077916061282595428e-03,-1.098600271209341801e-03,3.450819485058344988e-02,2.348718210183163915e-03,4.817849579501833589e-03,5.646878826832805488e-03,4.563917276400333844e-03,9.223685599448026504e-03,1.135062032926628705e-03,-3.508317977228113914e-03,2.144921351334421952e-02,1.698598931373427115e-02,-3.173577882635299219e-02,2.649935693692000854e-02,3.377223083570505408e-02,4.277413669035589477e-02,7.561810386501252590e-02,-7.694143564904062406e-03,1.905346190447754218e-02,1.515250669305912533e-02,-4.549444448484177457e-03,4.081791301308367731e-02,4.949488377158201696e-02,-2.276556128424231384e-02,6.065424434217723398e-02,4.374370650892180079e-02,6.682859131978232357e-03,6.021322727278732162e-02,5.172284565877172807e-02,1.856961764693046413e-02,5.314331301514945566e-02,4.366674861490021237e-02
8.717743353461443467e-02,1.331125772602703983e-01,2.205358382829522013e-01,1.954949421060989956e-01,4.355874977700711081e-01,4.005339286788563991e-01,2.632341754767779096e-01,7.348179757063068029e-01,4.639596567359229873e-01,5.113934985153840707e-01,1.000000000000000000e+00,5.093129734654104901e-01,5.219582058328686713e-01,2.903401437295984322e-01,3.571930956475501961e-01,2.416639623184747010e-01,1.293349397932075096e-01,9.751465002639724336e-03,1.802647012150210282e-02,-6.150044476315968955e-02,-6.391691787895852073e-02,-7.313761209142465025e-02,-1.118891903654727626e-01,-1.102103910720416968e-01,8.396537923585075530e-03,-9.144371963165423556e-02,-1.043494303895003417e-01,4.337845326084294878e-03,2.270691880809488916e-02,-8.525098961663529762e-02,-4.898041659857631930e-02,-1.212723578569247923e-01,-2.809099987317922181e-02,-2.589248249191837895e-02,2.845034755172075325e-02,1.858346099189999920e-02,8.784936650841074224e-02,1.223729199838875792e-02,5.262194545839914139e-02,3.506671975022433024e-02,7.010790452651331772e-02,4.180869658723242871e-02,7.021443062011432923e-02,6.764929423274886056e-02,9.305961054505942909e-02,7.028690619045832588e-02,6.448537534665162163e-02,7.753361591349258730e-02,6.704889833427132330e-03,4.081621232989095238e-02,8.030079097214105899e-02,-1.035115826633652321e-02,2.675441956628866157e-03,-1.258255587927281649e-02,4.527077412162715427e-03,6.833276296485041486e-03,-1.131910214166342681e-02,1.227183409797207199e-02,1.422467212755871256e-02,5.075800588643102768e-02,9.718946228465117493e-03,3.353901291616323554e-02,6.681304670562791814e-03,9.878358923507669920e-03,1.900049314573749870e-02,-4.923847739506487242e-02,-2.646387626462937126e-02,-1.132428958311861196e-02,-5.374889869039638224e-02,-1.093069490466613315e-02,-2.360723971093820275e-02,-7.553479788099934367e-02,-7.081637333304251387e-03,-2.693796828997449197e-02,-5.591651098920454033e-02,5.744048377042235186e-04,-1.235206650949517704e-02,-5.212846760053350265e-02,-6.896434700999880436e-03,-1.816254769847752693e-02
9.797776453360209845e-03,4.737212851938774755e-02,7.455494150772470907e-02,5.568728351102255475e-02,2.846124033108421991e-01,1.154715512923685794e-01,2.121607319137652492e-01,4.115772856991040674e-01,7.108986695710923787e-01,5.336019390093154069e-01,5.093129734654104901e-01,1.000000000000000000e+00,2.824972367370047199e-01,1.965340130725350687e-01,1.999389724773737997e-01,1.504521728679687753e-01,9.423464905288111981e-02,4.223481456006849752e-03,-3.317892739066784225e-02,-7.512090216377792333e-03,-7.269514172876530289e-03,1.895590642224186800e-02,2.238841874260500894e-02,-4.386191440474716818e-02,4.615169743249554479e-02,-1.987841748396534242e-02,-2.907354819307813448e-02,9.619686760364568523e-04,1.228319042067439748e-01,5.287377013219177928e-04,-1.975199132634312613e-02,-5.574478630281452362e-04,3.778624941569620754e-02,5.704058561332341765e-02,2.029980094943406588e-02,-1.108095474385844756e-02,5.543457058831447598e-02,-2.433000265516056457e-02,-2.159151998865630612e-02,3.532103764302913645e-02,-4.099280661386538703e-03,-4.768410339972272566e-02,-1.216345097368117661e-02,-1.088608110280400200e-02,2.693865472385249468e-02,-1.904404688602574433e-02,1.340007567954244229e-03,1.757577562210824867e-02,6.823082533057374562e-03,2.324548861755972029e-02,1.930549811654923634e-02,6.352699364549141588e-03,4.124934002334496724e-02,-5.947873150117121213e-03,1.988801131167895406e-02,4.249273857756694778e-02,-7.594024023615994143e-03,3.326078806202565491e-02,4.948739763170764173e-03,1.642535155586609050e-02,-1.381315249479824099e-03,1.391829804799465421e-02,1.453754619232124415e-02,2.364748252759326166e-02,2.491702293866251972e-02,-1.346822453579012493e-02,4.189044182063841187e-02,3.475114951138854463e-02,3.465352652225482492e-03,4.368401866351499102e-02,5.709958977062219027e-02,7.533554135737806010e-03,7.455398011205990882e-02,7.056033150285656586e-02,1.420090558764690487e-02,6.428312023627778815e-02,6.759526968928820934e-02,2.775370962144705494e-02,5.952441412626936074e-02,6.712371841960297625e-02
1.946509626184370415e-02,9.530339742183507878e-04,9.141680808943287995e-02,-2.957204953410069379e-03,1.786969893055490033e-01,8.407030398606338273e-02,6.028957006026943420e-03,3.872593337905494426e-01,2.326474931048840844e-01,7.291564536216241788e-01,5.219582058328686713e-01,2.824972367370047199e-01,1.000000000000000000e+00,5.061391683473293046e-01,6.368839617918764517e-01,3.216426367763083327e-01,1.765301164686810254e-01,3.767290794079983240e-02,8.818551641918843942e-02,-7.383424047128252232e-02,-5.334259122029905154e-02,-1.685920620240200785e-01,-1.897791008644799104e-01,-1.257917928724420487e-01,-5.574368980411070068e-02,-1.387819772262952334e-01,-1.311201522591130819e-01,-6.186274817889763147e-03,1.792766962406551826e-02,-1.177420259740777769e-01,-8.456578943397739800e-02,-8.132163586722798709e-02,2.515100594361674088e-02,-1.822977244317280920e-02,4.573827977417103258e-02,-1.523807129249396194e-02,3.548428214722008228e-02,-2.094937628579030334e-02,4.229384183660870461e-02,-4.769697932002874008e-03,2.592931458058428743e-02,-9.774776982450760279e-03,6.572591676294260721e-02,3.647637099627534102e-02,6.508795417005021344e-02,2.723715323447623363e-02,7.816943037576634667e-02,4.436052390357738545e-02,-5.144582364225640941e-03,7.027512599626830475e-03,5.948067627255159556e-02,-1.160007565891613135e-02,-1.320588701892567822e-02,-9.524175908553152159e-03,8.109119715881248297e-04,-2.210110896050395714e-03,-8.234050608214839306e-03,-2.600116277175873458e-02,2.422291828101132485e-02,1.528106283976795980e-02,-4.373615544462055443e-02,3.436532115502091006e-02,2.003946269489289764e-02,3.358704733595076208e-02,6.831141108515056959e-02,-2.203973367635342004e-02,-2.134089091273312991e-02,3.265168798853394609e-03,-2.165266083169017572e-02,3.433863185575571075e-02,7.094121046546155926e-03,-4.609813077046889113e-02,1.625702919015115794e-02,-8.957470719354675148e-03,-2.001418769398769296e-02,2.928435827994437315e-02,2.350647776204616620e-03,-1.176214555618603115e-02,2.348252196418621970e-02,3.790056080985134378e-03
2.363740786149801792e-02,2.521643372701077787e-02,4.440047140078697691e-02,4.881972540529250747e-03,5.887391880978459779e-02,2.731559048017703772e-02,9.653928336095360732e-03,2.066832204258418904e-01,1.485880949765943093e-01,4.335104458204240840e-01,2.903401437295984322e-01,1.965340130725350687e-01,5.061391683473293046e-01,1.000000000000000000e+00,5.879611423862154407e-01,4.352479392505354538e-01,2.418104120876348462e-01,-2.245880509257671895e-02,-4.264844332227987755e-02,-7.464929182959674503e-02,3.739303988545584177e-03,-9.049529721310316244e-02,-9.460417246411857717e-02,-1.464467280189755416e-01,2.604535621138513030e-02,-3.864384307549528774e-02,-3.609530065026324980e-02,-4.181115248980175891e-02,1.558868562564515864e-02,-8.433392989605295598e-02,-7.358308363334727098e-02,-1.133604183103957691e-01,4.278650255382399764e-02,-3.870586440817302964e-02,4.913961008018818966e-02,1.991423696765785151e-02,1.634568942672174480e-02,-7.717313320600487081e-03,3.543569676285793224e-02,3.682125504509457716e-03,2.111725645328087035e-03,-5.342283520050757073e-02,4.366192088143717315e-02,-1.902796039107303280e-04,4.685701418734008333e-02,5.043584921854612872e-03,1.250266147864572026e-03,6.633438199228536281e-02,5.842063249764758992e-02,5.086753745674049004e-02,5.592284741386373270e-02,6.297975738586675254e-02,7.927711119585480887e-03,2.701678449239414137e-02,3.953156219892010187e-02,1.146833980695662579e-02,6.841941759372370362e-03,3.793003755455030129e-02,4.497917431157383988e-02,2.799304354055052318e-02,3.373751117850343553e-04,3.971323060360875540e-02,3.590292388854206956e-02,4.932901028265081894e-02,7.761505043825357719e-02,-2.383404965722654006e-02,7.622416355131293210e-03,-3.857534644223738207e-02,1.537024172020982806e-04,6.426074882562417268e-02,1.782729124798848250e-02,1.035601042635407934e-02,5.865579490077082320e-02,1.460857233881699899e-02,3.054687148361419011e-02,6.469738823855641918e-02,1.745482256770201218e-02,3.708902050936139366e-02,7.304182142104374831e-02,2.518812820574444639e-02
2.577101423949643144e-02,1.648870229067451315e-02,9.076988752575565478e-02,1.196116625153851448e-02,1.369492127706933571e-01,5.289061015181231729e-02,2.257914747488179788e-02,2.897407735180989596e-01,1.914982068622520239e-01,4.919142579812890714e-01,3.571930956475501961e-01,1.999389724773737997e-01,6.368839617918764517e-01,5.879611423862154407e-01,1.000000000000000000e+00,4.622979146756645563e-01,2.423371545474932998e-01,8.748165309068838685e-03,1.916340177025524505e-02,-6.509346012114268498e-02,-9.362134008448248432e-03,-1.403388240671118448e-01,-1.941214859589859565e-01,-1.656381964584960342e-01,-5.494477835228990525e-02,-8.594260366376232918e-02,-1.266392586794686803e-01,-4.032219300287626790e-02,-2.918554592383911656e-02,-1.280299706519712200e-01,-9.178458961277705108e-02,-1.227435123631303582e-01,3.271482438512128554e-02,-4.730653233786052264e-02,6.476907088828177950e-02,3.980740412261592892e-03,6.074085618241660545e-02,4.596318951162710505e-03,9.543224474859564321e-03,1.855764529398296406e-02,3.816424019899133241e-02,-1.046510966067553923e-03,6.663917921425149826e-02,3.920582441102821863e-02,7.973504721319595034e-02,4.074547237037044745e-02,6.234794206043649256e-02,7.567393430151921063e-02,2.625137885350075501e-02,4.386466416327598067e-02,9.653965015891102786e-02,1.474873084849144880e-02,-2.714743953999876683e-02,-2.114917734090241211e-02,3.952443511275960733e-03,-2.330848416528255584e-02,-2.782499003560100909e-02,-2.163382521144431928e-02,9.947577589904443851e-03,2.738944567746457934e-02,-3.785051691097849474e-02,3.788437223624467609e-02,2.300289768145481750e-03,3.629204504875412074e-02,5.377575952119508645e-02,-2.661114474058123153e-02,-2.783785981197697129e-02,-1.164373065673134089e-02,-1.280952539722009925e-02,4.790690511815695607e-02,1.620920772427288450e-02,-3.549974189445191750e-03,3.843815630544373391e-02,-5.423614264830048295e-04,1.113149007061640895e-03,4.203584398421151419e-02,5.446657372597695466e-03,8.212875231534850010e-03,4.099871582553627630e-02,1.334559863807868729e-02
5.392292139630455033e-02,5.329705704546790213e-02,1.126473934281297662e-01,4.118187607366333852e-02,1.053508101997255864e-01,9.956893262526099464e-02,3.757012550251863370e-02,2.302317033744475938e-01,1.273187131046361054e-01,3.365702111353982562e-01,2.416639623184747010e-01,1.504521728679687753e-01,3.216426367763083327e-01,4.352479392505354538e-01,4.622979146756645563e-01,1.000000000000000000e+00,4.945290329832003895e-01,1.407553118821164850e-01,1.327724968535408667e-01,-2.743020412467492113e-03,-4.594043804507388917e-02,2.491015668719462339e-02,-2.819868180425094337e-02,-1.432581359909471386e-01,9.309328633302385537e-04,7.211897981225698362e-02,-9.861301571678873779e-02,-2.575494257608056461e-02,4.943891681705126981e-03,-7.347320100244716934e-02,-1.395386122256438502e-02,-8.641017267862681484e-02,2.066803355078440305e-02,-6.043928622407970103e-02,2.132017368388772552e-03,-2.673982557058423096e-02,5.200214632678350907e-02,-5.706955992564670746e-03,5.128092576180693501e-02,4.170845920573795079e-02,1.680519971398768825e-02,-3.128587052031645693e-02,4.218398883376978103e-02,2.163814295488941490e-03,4.923753100302569186e-02,1.307027682146340644e-02,1.724970705657675324e-02,4.151504098650218161e-02,1.701663876997507388e-02,3.666151438749368219e-02,4.995979455404553349e-02,2.434409991674372359e-02,-2.495107536711545226e-02,2.052435714140193185e-03,-1.120877144558680635e-02,-2.277719926149669380e-02,-1.058202532181039442e-02,-9.470329840800602306e-03,6.529173800921848903e-03,1.541580859991555259e-02,-3.069633261515710906e-02,1.794632424733417012e-02,1.828232561192713948e-02,4.553861728438614309e-02,2.853785493755902139e-02,4.883230145999967013e-03,4.573354528589760465e-02,9.229762813049446207e-03,1.099184047091219564e-02,4.434020604236330043e-02,3.309474491817451791e-02,3.179523938413384397e-03,3.067165737926304953e-02,2.152656527572174849e-02,4.043400502444767161e-03,1.331567758254986397e-02,1.125699504002928251e-02,-1.248414494192634939e-03,1.732597869286503153e-02,1.940138827292733122e-03
3.678940709297089107e-02,5.193561754980301898e-02,6.997473506302574753e-02,3.485489102006093104e-02,5.755717403648882152e-02,7.006905939054293431e-02,3.778997973697348096e-03,1.314021087841726332e-01,8.551124485744117376e-02,1.921831487113391246e-01,1.293349397932075096e-01,9.423464905288111981e-02,1.765301164686810254e-01,2.418104120876348462e-01,2.423371545474932998e-01,4.945290329832003895e-01,1.000000000000000000e+00,3.800095285137505829e-01,1.056589234578840658e-01,1.497838796899488185e-02,6.858865377398162821e-02,-5.585361700728129486e-02,-8.764467557557818755e-02,-2.053092080301875122e-01,1.356257401289362886e-03,6.033115640624422960e-02,-1.096341029165456421e-01,-7.186552323557618416e-02,3.198691809565787358e-02,-6.772317068846135657e-02,6.134749076888548584e-03,-2.901836669047083359e-02,1.647352756381127714e-02,-1.322110164491720023e-02,1.493400994539841563e-02,-2.434772743192702496e-02,6.513028667263093263e-02,-2.163468733086713544e-02,2.829971935384221343e-02,9.437792945146100676e-02,4.477275666821034505e-02,-2.579026074190960988e-03,5.147764961537296124e-02,2.839463658589017406e-02,2.356254554867164355e-02,-1.108613433327158056e-03,3.025457559135915492e-02,-1.350647964632463276e-03,3.437382299761098520e-02,-2.466205324226334976e-03,1.627355544955710193e-02,4.590503534541799657e-02,2.384379700257380913e-02,3.267340811465564016e-02,3.053749269470299593e-02,2.187609855006472995e-02,1.389419556692762965e-02,-9.284861730644827782e-03,-1.203658081132829259e-02,-2.020750144485279241e-04,-1.524804456633518067e-02,-1.728049843078323725e-02,9.545973998421511397e-03,2.897241181269448809e-02,2.807275170144994583e-03,-8.568547609971664467e-03,6.522294202280302933e-02,1.598117160566996098e-02,-3.129608854326099317e-03,3.889458710561598948e-02,1.559735230398713417e-02,4.318742602439608162e-03,4.450131967240584380e-02,5.246198406654177006e-03,-8.909404071940386916e-03,2.751426968325693459e-02,-9.518423715497737261e-03,-1.959913152379573476e-02,2.297212462891755347e-02,-1.599109065392887927e-02
-2.638373675769723446e-03,1.381478481902932189e-02,4.207598398106873749e-02,7.763121555635929191e-03,-7.220985770614030998e-03,5.203940576787091654e-02,-4.557207294501253170e-02,4.264270386879032843e-02,2.006897649105227749e-02,3.829036502543363418e-02,9.751465002639724336e-03,4.223481456006849752e-03,3.767290794079983240e-02,-2.245880509257671895e-02,8.748165309068838685e-03,1.407553118821164850e-01,3.800095285137505829e-01,1.000000000000000000e+00,3.455071429972828012e-01,1.046874434867832576e-01,-1.761384899326349368e-02,-5.729348668247740556e-02,4.331901675543745923e-03,3.973683816932766649e-03,-9.596200306240097733e-02,-1.702467696172242292e-02,-2.456544809030051721e-02,6.131794800590440603e-03,-1.566905694339967847e-02,-5.245351759301536410e-02,-1.571566870757232573e-02,-2.325792506325589232e-02,5.039444279763399120e-02,9.181619791480881074e-03,1.060061816804873033e-02,2.920939942110282669e-02,4.769674440445215852e-02,-1.511611205673601358e-03,-3.427358722789471124e-02,3.461547024670829503e-02,6.614197151942545483e-02,-6.015866704039567886e-03,4.243588471465967876e-02,3.657674211125711006e-02,-3.287892356587275577e-02,8.063404063339163486e-03,2.649039245456889444e-02,-5.824764450579424796e-02,-5.087358904034527951e-02,-3.412203106722391799e-02,-4.732873787830161466e-02,-1.345598428426024104e-02,-4.291869520240710473e-02,2.699148255320269439e-03,-2.096599509505132561e-02,-3.122865386298123713e-02,-1.744186011727395444e-02,1.446791930794695449e-03,-1.849417335077048821e-02,-1.687052459708066835e-03,6.919796823108114413e-03,2.278263345935230104e-03,-6.024916893359518258e-03,3.683666224289401658e-02,-2.113916922332301565e-02,3.076710425800940549e-02,6.079178159385944386e-02,4.576954403080248091e-02,2.319026519425954145e-03,2.948015554124693016e-02,3.176927738764946451e-05,-2.131287764174667754e-02,9.453094181317128405e-03,-7.906266562349708801e-03,-2.929604154507973318e-02,1.587696297921170575e-03,-1.817607410533049472e-02,-3.923139585894587500e-02,-4.373738389130402658e-03,-2.228740876449402178e-02
-2.301484970765675306e-02,-4.680124205160145906e-02,2.302926375782352562e-03,-4.169539096818798002e-02,-4.327402277253952767e-02,-1.389287956542310971e-02,-9.797978735402372574e-02,1.042666709390772765e-02,-4.926273003141837248e-02,5.723844445919901158e-02,1.802647012150210282e-02,-3.317892739066784225e-02,8.818551641918843942e-02,-4.264844332227987755e-02,1.916340177025524505e-02,1.327724968535408667e-01,1.056589234578840658e-01,3.455071429972828012e-01,1.000000000000000000e+00,1.916196465850683317e-01,-1.001716715833552429e-01,-1.901242731474372602e-02,-2.932781632553553997e-03,1.132272464243938709e-01,-8.804781606431089092e-02,-1.799256101206286179e-02,1.377007884704652130e-02,6.083225744666239526e-02,-2.101389170242751528e-02,-3.647998419584540242e-02,-1.558882864016294587e-04,6.612779350370180664e-02,6.482787362991171420e-02,3.001998860930974594e-02,-6.291386439341894836e-03,5.305813409630871259e-03,1.728409576555459126e-02,4.955116941292915522e-02,-5.728847538299913777e-03,-6.221006122194517804e-03,7.843192442602073267e-02,3.371294458887496431e-02,1.206381290347081359e-01,2.635412175150962308e-02,1.008753385260732598e-02,5.543310957484002318e-04,8.688465681249592579e-03,-2.756808165669159816e-02,-3.448819257312916303e-02,-2.848743859966248321e-02,-7.266700199005400769e-03,-5.805387439799204047e-02,-6.346207906289431933e-02,-7.871143533861928165e-02,-6.079858711017446793e-02,-6.602184616929809846e-02,-5.634819756843076344e-02,-6.646458714270088441e-02,-6.664779132348741530e-02,-3.783655695093847415e-02,-1.181948575738740476e-03,-6.313557254938306773e-02,-4.355603592484722647e-02,-8.946072611582658873e-03,-2.134525555864529370e-02,-2.545966545481934823e-02,-1.233586142742636171e-02,7.938457394031353878e-03,-4.949076580420830318e-02,-5.330759530586110656e-03,-5.557820760729680065e-02,-4.909634132350636920e-02,1.754151025725952636e-03,-6.476011923513215474e-02,-4.888736425330868218e-02,-1.620222545963150712e-02,-5.631305853914608112e-02,-5.880884050945642955e-02,-1.707660793699520771e-02,-5.794658149688566851e-02
3.112106508224684459e-02,-1.325732318726545282e-02,2.248942217384706718e-02,1.636529709693528012e-02,1.562975309542019055e-03,3.247922248408544044e-02,4.040291978806776624e-02,-3.157088958023852171e-02,-1.007447022476841425e-02,-6.841249872272241184e-02,-6.150044476315968955e-02,-7.512090216377792333e-03,-7.383424047128252232e-02,-7.464929182959674503e-02,-6.509346012114268498e-02,-2.743020412467492113e-03,1.497838796899488185e-02,1.046874434867832576e-01,1.916196465850683317e-01,1.000000000000000000e+00,6.121696713142846802e-01,6.285913300070645748e-01,3.520147030626525897e-01,2.566184828091661596e-01,6.459014925651269945e-02,1.194270407054218025e-01,1.719206780904648790e-01,5.962352055702549447e-02,5.359398791085503988e-02,3.286273336808635120e-02,2.098295087849547796e-02,9.840361492526601694e-02,-1.348575727871519081e-02,8.481432403004798490e-03,-3.189876796202946452e-02,-3.535370849872587762e-02,-4.362705532621356103e-02,-5.025174100248169101e-02,-1.029794824860697372e-01,-3.070850608597407161e-02,-1.845781288841040133e-02,-8.080395536086312780e-02,-8.726301642426709596e-03,-7.340653962800594567e-02,-8.111978722858927127e-02,-1.073040691785035611e-01,-4.371082433746453777e-02,-1.133611460242600344e-01,-5.573048560373886073e-02,-5.841389318877447667e-02,-1.114451738730046493e-01,-2.199142869737707659e-02,-3.437118967627571936e-02,-2.786658285215525346e-02,-5.647371064882870939e-02,-2.116362107399629572e-02,-5.649456484930813482e-02,-1.805985676070771817e-02,-2.260865604098723572e-02,-4.615396625293399779e-02,-7.561877951438225783e-03,5.077123063216366396e-03,-7.894336811315445790e-02,3.870292922410471792e-02,-5.471346142266529655e-02,-5.119652226536224385e-03,-2.070865407896664220e-02,-7.339684498322218698e-02,-1.626231224295543107e-02,-2.647083502142176872e-02,-7.841964225849643033e-02,-5.954689360721311664e-02,-5.640462071959028573e-02,-7.592523934080054604e-02,-5.900325981017365967e-02,-7.920957149660672048e-02,-6.765513353623771320e-02,-6.506605189249936583e-02,-7.135112502604483431e-02,-6.370322041871118168e-02
1.188201347109468960e-02,1.798740946676646206e-03,1.119919697434287875e-02,1.931409814624203414e-02,-1.103578883858451383e-02,2.408561103169864007e-02,6.488799729177600895e-02,-4.776748986713618556e-02,-3.200591848820768387e-02,-7.203029917591542708e-02,-6.391691787895852073e-02,-7.269514172876530289e-03,-5.334259122029905154e-02,3.739303988545584177e-03,-9.362134008448248432e-03,-4.594043804507388917e-02,6.858865377398162821e-02,-1.761384899326349368e-02,-1.001716715833552429e-01,6.121696713142846802e-01,1.000000000000000000e+00,3.077340376467780358e-01,2.331332856631437578e-01,4.441539736561352092e-02,-6.713875267435284733e-02,5.945631127434815137e-03,8.159604176973878076e-02,-8.423417535590616012e-02,-2.146382475168429060e-02,-3.444649027612292636e-02,-6.143344079179991618e-02,-4.530069226541769134e-03,-7.935258368375393279e-02,-3.509205146416265186e-02,-6.268212348933994982e-02,-9.599288635432393080e-02,-1.063843641755835429e-01,-9.029270169840698801e-02,-6.576449469009344739e-02,-1.154945502296132048e-02,-8.704263159793197702e-02,-1.015417854815687665e-01,-5.092936303376876389e-02,-1.174470056565767029e-01,-7.262145843972842019e-02,-1.274798773902289240e-01,-5.976642885128283927e-02,-8.812564954055134014e-02,2.427742101953265716e-02,-1.749624639278516205e-02,-7.429679959801976930e-02,7.082539422120068262e-02,2.114561845968144713e-02,4.291316465607136060e-02,2.714929219170662822e-02,9.576402693346764902e-03,2.261632257532395635e-02,4.221602774893382787e-02,4.502024634925658880e-02,-2.182134959026913509e-03,4.121425003281114358e-02,4.549526102804236222e-02,-4.832000964327883528e-03,4.208132045506694785e-02,1.677716858457992469e-02,5.889387245204581733e-03,-1.178310811495507544e-02,-4.803029878897684124e-02,2.720599251630492418e-02,-2.409070834214949424e-03,-2.106803690920397085e-02,1.533003808675993326e-02,-1.668639096732575699e-03,-1.624493261184106752e-02,2.412223541218131307e-03,-1.314527062203346176e-02,-1.108269668848515382e-02,-5.730980748469727271e-03,-8.954317792775277549e-03,-1.017378800138826062e-02
4.697876915915789875e-02,2.364333291854548227e-02,5.945984114221292832e-02,6.031284809610273218e-02,5.079873304028752201e-02,2.416309078901941396e-02,1.180737172002816748e-01,-4.378081723123994351e-02,3.326599320618929545e-02,-1.023148956933946363e-01,-7.313761209142465025e-02,1.895590642224186800e-02,-1.685920620240200785e-01,-9.049529721310316244e-02,-1.403388240671118448e-01,2.491015668719462339e-02,-5.585361700728129486e-02,-5.729348668247740556e-02,-1.901242731474372602e-02,6.285913300070645748e-01,3.077340376467780358e-01,1.000000000000000000e+00,3.811010592606878244e-01,2.856052779463199576e-01,2.528130776129251522e-01,2.483416008820675813e-01,1.699984994350488277e-01,1.007921239645025169e-01,1.595736904565512593e-01,1.310239204698595561e-01,1.409091146737909694e-01,1.294882905591973887e-01,6.854232682766048159e-04,7.101614399792494266e-03,1.454000642083149407e-02,-7.633604126976469700e-03,-7.717247958412571524e-03,-4.305197085735004009e-02,-6.883839430378693724e-02,7.656910693011521711e-03,6.219445351949033814e-03,-3.709747097924944587e-02,7.752119942448159468e-03,-4.510922949827325668e-02,-5.013417052552928549e-02,-8.982820451309825316e-02,-3.379305605735843931e-02,-7.897783446491556114e-02,-4.361792395166744912e-02,-5.372843189789586887e-02,-9.028554551244759308e-02,-3.627484502880634620e-02,-2.430624888652620219e-02,-4.372842397559691813e-02,-4.768120613463082413e-02,-1.805018071723033316e-02,-7.985320764962659801e-02,-4.555990291366414369e-02,-5.709249808172089241e-02,-6.151000651503320954e-02,-4.612589471492704180e-02,-3.973201372769093881e-02,-1.185119535062122559e-01,-3.390916341693252234e-02,-1.390435342174961564e-01,-8.136384086147820105e-02,-7.035569267875957378e-02,-1.113132566073418150e-01,-8.814716291723710684e-02,-9.826561921134040201e-02,-8.961908741876181694e-02,-1.136714657258210692e-01,-1.009015399603510055e-01,-8.757052053268918335e-02,-1.019843552671630266e-01,-1.079049686673943520e-01,-6.903905056033801668e-02,-1.016496259027505067e-01,-9.854856917343625400e-02,-6.760450048256977373e-02
2.113562265229079057e-02,-1.080324872982346696e-02,-7.270392133138155535e-03,1.169557349981057044e-02,-2.097313286441094410e-02,7.705027385711976824e-03,1.599124961526390831e-02,-6.430340992805273770e-02,7.229880656288344143e-03,-9.651211548225083203e-02,-1.118891903654727626e-01,2.238841874260500894e-02,-1.897791008644799104e-01,-9.460417246411857717e-02,-1.941214859589859565e-01,-2.819868180425094337e-02,-8.764467557557818755e-02,4.331901675543745923e-03,-2.932781632553553997e-03,3.520147030626525897e-01,2.331332856631437578e-01,3.811010592606878244e-01,1.000000000000000000e+00,3.790854959967185356e-01,3.416852420857319217e-02,2.012819866032312666e-01,2.875437266339128661e-01,3.974080063276165531e-02,4.620289286363635922e-02,-3.048403812619317633e-03,1.325833181135180859e-02,6.416199043077748521e-02,-7.784158461215878733e-02,1.752572627660565346e-02,-5.451036419922764692e-02,-5.405675494330074160e-02,-1.599983638319570772e-02,-5.129945323175901656e-02,-4.938343908692871542e-02,1.718178565205069619e-02,-3.386705615027917060e-02,-5.262102543788634013e-02,-1.704416283583593331e-02,-2.616263704077648883e-02,-4.743029234228464050e-03,-1.514189028850655878e-02,-5.755557536753182213e-02,1.343920225752820094e-02,2.275768541357078151e-02,2.249253011633546920e-02,-2.990962231699120441e-02,3.307660342232733586e-02,1.473541767553319601e-02,2.533120948631313249e-02,1.933329529803667554e-02,-8.411869120851676526e-03,-1.295102000380415376e-02,5.791875317078314100e-02,-1.666792141338564390e-02,1.247130106228360423e-02,5.334537221859686484e-02,5.824326682949212703e-04,-4.211963610818414416e-02,-7.999485239612001003e-03,-5.763242265093126288e-02,2.545650123128103196e-02,-1.761163893660969842e-02,-4.717747413857053228e-03,3.420926138654631354e-02,-2.814541488891795715e-02,4.196542109563662637e-02,3.755267255876441196e-02,1.705770192836190968e-02,5.380123516170547820e-02,3.154711316326841430e-02,-2.416487823129587209e-03,3.629125304014468173e-02,2.534793233066352791e-02,-1.151912682807445555e-02,3.496798719652856324e-02
2.412330640111237309e-02,7.838565323662420245e-03,2.822280517080120402e-03,-2.933139638016035375e-03,-2.545220475537572375e-03,-3.021385463957365972e-02,5.609221919839550013e-02,-1.187249203958807842e-01,-6.014087036645067441e-02,-1.138703648938576563e-01,-1.102103910720416968e-01,-4.386191440474716818e-02,-1.257917928724420487e-01,-1.464467280189755416e-01,-1.656381964584960342e-01,-1.432581359909471386e-01,-2.053092080301875122e-01,3.973683816932766649e-03,1.132272464243938709e-01,2.566184828091661596e-01,4.441539736561352092e-02,2.856052779463199576e-01,3.790854959967185356e-01,1.000000000000000000e+00,2.406906559268498225e-01,-5.083333031760572246e-02,3.984282998186728375e-01,3.589395796632562363e-01,1.573098434799938550e-01,1.752269982216342614e-01,1.022799400188031393e-01,1.689802435154806604e-01,6.076508608903973679e-02,1.413598225059942981e-01,1.380412798389560602e-01,8.446561658688134244e-02,1.061140892056245122e-01,9.400875288097179650e-02,-1.891946766790495588e-02,5.563525776281731672e-02,9.274451487732250643e-02,4.106774039671062804e-02,6.479622205491902820e-02,8.674232358690377176e-02,7.386233044320550389e-02,4.064131891487415826e-02,6.050076174133351553e-02,4.000078766661778473e-02,1.390266067252660803e-02,-3.762747059498192104e-02,1.495760947972206260e-02,-3.897939072731707727e-02,-6.440184796760606289e-02,-6.405925593568913279e-02,-5.789982178182989658e-02,-6.398617844954933298e-02,-1.166463076427479567e-01,-4.314406195750000728e-02,-9.881489839462535840e-02,-7.427474586734640616e-02,-5.602333228904340066e-03,-9.668906722668844933e-02,-9.328972910862860790e-02,-9.250892834212073867e-02,-1.174752410038705092e-01,-5.322603892887580596e-02,-5.674814203617228187e-02,-2.880955977830332998e-02,-5.571763132788339068e-02,-2.167502384678660771e-02,-4.512856398483967163e-02,-3.772670621085627563e-02,-3.064719519657552183e-02,-4.061313389941934721e-02,-4.806680864949470361e-02,-4.825564315547858224e-02,-4.280119794318235082e-02,-5.526023849665883531e-02,-4.608121119020747170e-02,-3.727562177285060480e-02
5.339879222092708960e-02,5.236042119360911212e-02,4.504050826915285966e-02,7.468256989704982751e-02,6.765014457811129034e-02,5.053790406217607140e-02,7.962133600745506523e-02,1.836909786861595437e-02,6.355696440480676501e-02,3.197343064841183156e-04,8.396537923585075530e-03,4.615169743249554479e-02,-5.574368980411070068e-02,2.604535621138513030e-02,-5.494477835228990525e-02,9.309328633302385537e-04,1.356257401289362886e-03,-9.596200306240097733e-02,-8.804781606431089092e-02,6.459014925651269945e-02,-6.713875267435284733e-02,2.528130776129251522e-01,3.416852420857319217e-02,2.406906559268498225e-01,1.000000000000000000e+00,1.736882143708645410e-01,-1.386755993528639708e-01,2.747671021184490137e-01,3.830960372191139496e-01,2.331327901272712000e-01,1.305071615372998262e-01,2.129255275677458814e-01,1.565214828475790798e-01,1.787574096729385997e-01,1.174608690833393865e-01,3.999237548670132175e-02,1.204125516293128723e-01,5.130776945366129216e-02,3.632222720784190526e-04,9.063510303076396935e-02,8.239643563786533398e-02,8.497817839494831160e-02,-3.968957422809011280e-03,9.023923742447163832e-02,3.044343475385936221e-02,4.921056835524675183e-02,5.925301288544278233e-02,1.285812917921055724e-02,-1.210113541324184944e-02,-1.807635145867921705e-02,2.418868735039226767e-02,-4.387735675560745091e-02,-3.341668355218432862e-02,-6.029661902899891013e-02,-4.556525732236406390e-02,-2.095755434764386485e-02,-6.130790853968507564e-02,-6.705461663492075230e-02,-5.227428804932447715e-02,-1.023025183012606504e-01,-4.499134241128609907e-02,-6.726897370369792906e-02,-5.595433169009923074e-02,-1.001377471007667136e-01,-8.346383006369081925e-02,-9.115469794253792946e-02,-3.398419822369595084e-02,-5.400572882792389895e-02,-9.423335777839129956e-02,-5.040907131618312109e-02,-8.972851386852950806e-02,-7.853173842020971795e-02,-3.687701573152666647e-03,-9.597980495230010178e-02,-6.238524676956939269e-02,-2.258425863339753523e-02,-7.790068713151582225e-02,-5.465985885724565507e-02,-6.286021954681548368e-03,-6.756427598645999011e-02
2.320283520329545837e-02,-1.149374465083110447e-02,-6.016642497141099985e-03,2.696766888951573557e-02,-3.602283636194886923e-02,-1.414131269473976882e-02,1.762793037163186416e-02,-3.707393061578529575e-02,-2.518670175040248552e-02,-4.916459646698595476e-02,-9.144371963165423556e-02,-1.987841748396534242e-02,-1.387819772262952334e-01,-3.864384307549528774e-02,-8.594260366376232918e-02,7.211897981225698362e-02,6.033115640624422960e-02,-1.702467696172242292e-02,-1.799256101206286179e-02,1.194270407054218025e-01,5.945631127434815137e-03,2.483416008820675813e-01,2.012819866032312666e-01,-5.083333031760572246e-02,1.736882143708645410e-01,1.000000000000000000e+00,1.448474142849844326e-01,-3.184580086239290342e-01,1.385696521042835139e-01,-2.904576629479437358e-02,1.340758891304568989e-01,1.951702044003199576e-01,2.574385606082702253e-04,2.339954720775283201e-02,-3.940868316442335678e-02,-3.244529627484402795e-02,1.467945967237093557e-02,-2.816657506172154032e-02,-1.013767553526803353e-02,4.602305349214164121e-02,-3.482615823659972881e-02,-7.463951783241557468e-03,7.651632423792881221e-03,-2.507888741771868713e-02,-2.173549427833250738e-02,-2.973164349646153018e-02,-2.929583581481165835e-02,-8.603866959328842004e-03,6.617346305889847818e-03,9.928657335932593829e-04,3.531885719434160915e-03,1.098078865010055326e-02,1.079875336769654109e-02,-8.422110100520682069e-03,3.534618756226199938e-03,6.201322930778215784e-04,-3.080015194778352658e-02,1.685032004567224573e-02,-1.940753076026760157e-02,3.883545647461932732e-02,8.536783209315433954e-03,1.068003251640065390e-02,-1.178553705645491410e-02,7.906641124853525798e-03,-4.547677983062686780e-02,8.747060418476724705e-03,2.746000251512139417e-02,-6.283068014773896676e-03,9.413202011164859689e-03,-4.220694695409688696e-02,-2.365130944598006595e-03,-2.950366884282193750e-03,-1.924521971604284745e-02,-8.086213744953002144e-03,3.191847951382546355e-03,-1.604185436724899633e-02,1.722005696871054675e-02,-5.097036979828785050e-03,-2.530582787443800066e-02,8.959298296840776873e-03
7.124414943472966340e-03,-2.389666932520169082e-03,-2.513519982941763917e-02,1.643014877761633796e-02,-3.787997778466412058e-02,-5.379562048668453528e-02,1.918779690553109804e-02,-1.077643498717915094e-01,-8.518255968643226317e-02,-1.390502998063787021e-01,-1.043494303895003417e-01,-2.907354819307813448e-02,-1.311201522591130819e-01,-3.609530065026324980e-02,-1.266392586794686803e-01,-9.861301571678873779e-02,-1.096341029165456421e-01,-2.456544809030051721e-02,1.377007884704652130e-02,1.719206780904648790e-01,8.159604176973878076e-02,1.699984994350488277e-01,2.875437266339128661e-01,3.984282998186728375e-01,-1.386755993528639708e-01,1.448474142849844326e-01,1.000000000000000000e+00,2.154531129265108702e-01,5.539382610538631790e-02,1.460107471002361490e-01,-3.575776786705964216e-02,1.975412363003503646e-02,-2.071289254233100313e-03,-1.671635386104678225e-02,5.312273350507254466e-02,1.494878651328288184e-02,1.571871476601753581e-03,2.387141455365377959e-02,-8.878054145824895368e-03,2.757345559249117783e-02,4.706314860314139703e-02,1.743291838741042182e-02,8.998929711738257176e-02,2.309501132557859743e-02,4.554598647092681502e-02,-1.933872354325790605e-02,-1.766538386135184727e-02,3.301451732530834293e-02,5.549806165921940954e-02,5.305360155304416313e-03,-1.294444962094236156e-03,3.207861913667237747e-02,-7.730923575458719527e-03,5.220397559238913743e-03,-4.957445140875490520e-03,-1.226390808147811637e-02,-2.200523203257702051e-02,3.875351185875114401e-02,-1.344713469506205773e-02,2.359915253054667428e-02,3.728116551865449935e-02,1.835884931634967215e-02,-3.579595634247362962e-02,-1.677535457956362552e-02,-3.868156293465534884e-02,1.230174056904747085e-02,-1.241064572013198843e-02,7.332434887329954826e-03,1.434007825171480614e-02,-2.100207515485974421e-03,2.117991008302441344e-02,3.395270992619699169e-02,-2.315269890637585912e-02,3.003155799547999050e-02,2.761725368288239085e-02,-2.202017602537992627e-02,2.654303316092438553e-02,2.015779842169954789e-02,-3.385971547126841175e-02,2.534746778701672115e-02
1.887377056038185008e-02,4.916490732765392557e-02,3.227138165321859209e-02,5.216985116807618117e-02,7.273968595391608338e-02,5.862099996845965971e-02,7.729636314214724524e-02,-1.643842697983358137e-03,-3.451175476770697997e-02,-4.192599987061202543e-02,4.337845326084294878e-03,9.619686760364568523e-04,-6.186274817889763147e-03,-4.181115248980175891e-02,-4.032219300287626790e-02,-2.575494257608056461e-02,-7.186552323557618416e-02,6.131794800590440603e-03,6.083225744666239526e-02,5.962352055702549447e-02,-8.423417535590616012e-02,1.007921239645025169e-01,3.974080063276165531e-02,3.589395796632562363e-01,2.747671021184490137e-01,-3.184580086239290342e-01,2.154531129265108702e-01,1.000000000000000000e+00,3.381596919337730989e-01,3.531594724143305442e-01,-4.859994552652545548e-03,6.694844641451747069e-02,1.147521899374912002e-01,1.037196913455848413e-01,1.225076712855295569e-01,4.730732103959009449e-02,5.468410514020223545e-02,2.191646260871616542e-02,-2.691233975402883803e-03,1.453490353005094070e-02,6.871266974565216901e-02,5.384542656969151797e-02,7.267746232943352036e-02,4.902043675396589029e-02,2.954848301688481338e-02,4.227389343131530974e-02,2.297943014788451921e-02,2.023656932922984417e-02,-2.253059104693526382e-02,-1.924823376565797800e-02,4.769445098049705269e-03,-6.086427677405079062e-02,-7.035905199063637039e-02,-8.788121388239004961e-02,-6.777845313024975782e-02,-4.568937061056312088e-02,-7.782066026141261361e-02,-5.949855033656551578e-02,-8.113414435192281560e-02,-1.033690822224493377e-01,-1.551152141693105252e-02,-1.090010484658623657e-01,-5.403709282573809780e-02,-8.374466556670154271e-02,-7.244411983340109940e-02,-4.262872270245091078e-02,-4.997876753117044130e-02,-3.160282547810912279e-02,-3.630872495704347280e-02,-1.647405169951370388e-02,-3.602792196318949786e-02,-3.458776070721485737e-03,-1.433312504954650096e-02,-5.252033264535957424e-02,-9.844153157733364148e-03,-4.526271361214195127e-02,-8.500914474259162190e-02,-3.400064225339053531e-02,-2.902339138098612714e-02,-7.937122954181008438e-02
3.252062865231284544e-02,3.787106238135906633e-02,3.922792818869887815e-02,7.037972729661176596e-02,5.393205499659660396e-02,6.918775171643382071e-02,5.888259880392669038e-02,3.412148800429595785e-02,7.143460402056327208e-02,4.801520976578271122e-02,2.270691880809488916e-02,1.228319042067439748e-01,1.792766962406551826e-02,1.558868562564515864e-02,-2.918554592383911656e-02,4.943891681705126981e-03,3.198691809565787358e-02,-1.566905694339967847e-02,-2.101389170242751528e-02,5.359398791085503988e-02,-2.146382475168429060e-02,1.595736904565512593e-01,4.620289286363635922e-02,1.573098434799938550e-01,3.830960372191139496e-01,1.385696521042835139e-01,5.539382610538631790e-02,3.381596919337730989e-01,1.000000000000000000e+00,3.078233880470926942e-01,8.281059018771984304e-02,3.088516001751541173e-01,1.711681373980849519e-01,1.428607225803359970e-01,4.774771427042205640e-02,1.436244964351142059e-02,9.234068756848394510e-02,-1.311105285137539357e-02,-4.195175612915626878e-03,8.686918177716355938e-02,4.261206295755391033e-02,3.699299043292574724e-02,-2.111917469680416395e-02,3.500780999424241147e-02,3.893060293206129785e-02,9.093156166631640586e-03,3.149459788005493088e-02,2.284605013815928926e-02,1.145044142468116394e-02,-1.806669558577060630e-02,3.251257100632636010e-02,-2.808078755798413054e-02,3.121474146350590017e-03,-4.112175720030294968e-02,-6.073137617122483477e-04,-1.310306379359016220e-02,-6.210495912088605241e-02,-7.469530090951337353e-02,-1.044171642359919827e-01,-1.016093475602405510e-01,-1.036280152536208088e-01,-1.234061854691145405e-01,-6.698646246142651861e-02,-1.097930214569905888e-01,-1.109957930829228584e-01,-8.229811134864110922e-02,-5.526152568225162209e-02,-5.771941626551023441e-02,-6.610748066001613521e-02,-8.360828664105943164e-02,-6.049663481723623754e-02,-3.803589958723366249e-02,-3.411271700846787297e-02,-5.666224270466857504e-02,-3.089189255231489586e-02,-3.363606144636787504e-02,-4.970033153978750673e-02,-2.918491668900398406e-02,-2.010730647718421069e-02,-4.293033553298722382e-02
1.319397251286331431e-02,2.768199215641392250e-02,4.325602732694272881e-03,1.850616359172368997e-02,1.503076005429442160e-03,6.996929392931991454e-03,4.570705324101290851e-02,-7.666677333458106480e-02,-9.094320088510221209e-03,-9.858297770189494713e-02,-8.525098961663529762e-02,5.287377013219177928e-04,-1.177420259740777769e-01,-8.433392989605295598e-02,-1.280299706519712200e-01,-7.347320100244716934e-02,-6.772317068846135657e-02,-5.245351759301536410e-02,-3.647998419584540242e-02,3.286273336808635120e-02,-3.444649027612292636e-02,1.310239204698595561e-01,-3.048403812619317633e-03,1.752269982216342614e-01,2.331327901272712000e-01,-2.904576629479437358e-02,1.460107471002361490e-01,3.531594724143305442e-01,3.078233880470926942e-01,1.000000000000000000e+00,3.397295224690796700e-01,2.961489141050642204e-01,1.795342314957175389e-01,2.486942521229994763e-01,1.533669713361813791e-01,1.441128735568752151e-01,1.901457238284692264e-01,1.194266427548040937e-01,-1.918139048687445697e-02,9.051197712792412309e-02,7.827390439423921598e-02,5.243922010910079951e-02,2.127243088809619570e-02,3.123445688171078843e-02,1.255157115283832281e-02,-4.050951548931190117e-03,2.760480232624093434e-04,-3.911978588284223401e-03,6.484505736997986727e-03,-3.360473957852642968e-02,-2.298718718758106447e-02,1.299764425227912558e-02,1.253015418314327827e-02,5.579272177648426922e-02,-9.723702573035394175e-03,4.014742273256855648e-02,3.514229177222450567e-02,-4.793706936274573505e-03,-5.172703618807387126e-03,-2.910540616255537574e-02,-3.267906096269265065e-02,4.397827923789685359e-03,1.922676064924450090e-02,-1.717722963692015770e-02,-3.829495396018524345e-02,2.429247591951938859e-02,3.721552118557462652e-02,-5.716500795756511259e-03,3.376447419361475188e-02,-4.950186983584578017e-03,-1.707769888073550069e-02,1.544785775879447057e-02,-9.065961904563780635e-03,-1.133067368228193005e-02,2.491410543333320154e-02,-3.018418761627362015e-02,-7.527776790965071997e-03,3.420703448474954333e-02,-2.252558605474204792e-02,-1.970313480173347190e-02
2.891035567125700700e-02,3.276231385123275219e-02,2.513752054128735175e-02,4.652184753477222462e-02,4.432310930759571221e-02,3.018714167086915257e-02,6.013910625142951383e-02,-1.330116310631818989e-02,2.952591029593996941e-02,-4.307207839565121293e-02,-4.898041659857631930e-02,-1.975199132634312613e-02,-8.456578943397739800e-02,-7.358308363334727098e-02,-9.178458961277705108e-02,-1.395386122256438502e-02,6.134749076888548584e-03,-1.571566870757232573e-02,-1.558882864016294587e-04,2.098295087849547796e-02,-6.143344079179991618e-02,1.409091146737909694e-01,1.325833181135180859e-02,1.022799400188031393e-01,1.305071615372998262e-01,1.340758891304568989e-01,-3.575776786705964216e-02,-4.859994552652545548e-03,8.281059018771984304e-02,3.397295224690796700e-01,1.000000000000000000e+00,2.576030546988077874e-01,1.410078000119917296e-01,1.932294969015685149e-01,1.596229502455570604e-01,1.490605629135083043e-01,1.658039539206898894e-01,1.362207688928740446e-01,3.671621714774805229e-02,1.204423469675257735e-01,5.769574031076634552e-02,6.211329904582613137e-02,3.905938480695482495e-02,4.488572219586351580e-02,8.914537184720555630e-04,4.194484704225304866e-02,1.140150946610140464e-02,-2.842009082808227231e-03,-4.561479943526376701e-02,-4.332945760606107810e-02,-1.253113929838078639e-03,-3.852663878613468013e-02,3.346263648318031220e-02,9.314288601420103383e-03,-1.424998368966844120e-02,3.042301927081785679e-02,-1.832287517988256953e-02,-3.253296407385941613e-02,-3.588300803298005714e-02,-1.964496165864721908e-02,-2.786555371279573340e-02,-3.272292692941199121e-02,-5.731518199428772137e-02,-5.347468992193029486e-02,-8.811721609735552463e-02,-5.960383434469509328e-02,-1.733855009282702850e-02,-6.083828464219639270e-02,-3.437516876702950697e-02,-3.234773749834204959e-02,-2.631234679217895472e-02,-2.356815526832066465e-02,1.013613303925179829e-02,-6.990723742219892220e-03,-1.290125692718050755e-02,5.709746707397750538e-03,1.354445127487285266e-02,-2.388194438474831698e-03,-1.002779431258143256e-02,-3.169408236687192709e-03
4.042914631647533119e-02,2.722057663227919755e-02,2.586493385718341420e-02,1.070000584126424431e-02,-1.368420170102586236e-02,-2.417067417766463264e-02,-1.043700400679112988e-02,-6.986922365344490349e-02,-1.217422427885209157e-02,-4.410792775123896503e-02,-1.212723578569247923e-01,-5.574478630281452362e-04,-8.132163586722798709e-02,-1.133604183103957691e-01,-1.227435123631303582e-01,-8.641017267862681484e-02,-2.901836669047083359e-02,-2.325792506325589232e-02,6.612779350370180664e-02,9.840361492526601694e-02,-4.530069226541769134e-03,1.294882905591973887e-01,6.416199043077748521e-02,1.689802435154806604e-01,2.129255275677458814e-01,1.951702044003199576e-01,1.975412363003503646e-02,6.694844641451747069e-02,3.088516001751541173e-01,2.961489141050642204e-01,2.576030546988077874e-01,1.000000000000000000e+00,3.478310415524397681e-01,4.542685066180546793e-01,8.645480179970838064e-02,1.009163761858801744e-01,1.017858697830085618e-01,8.432180212478185277e-02,3.491285485082313428e-02,9.028773008359232410e-02,5.909458741769203077e-02,4.912063772355047125e-02,8.841930884628197707e-02,5.663347625982927819e-02,-3.884506525979550089e-03,3.475300292294199438e-03,5.619619554107825599e-02,-5.906327797871221974e-02,-1.024611872379907473e-01,-9.943163617334919990e-02,-4.021694862558806982e-02,-9.672224399690193541e-02,-4.599413670895325518e-02,-5.363883434495279878e-02,-9.690501586040159432e-02,-2.228238126588064083e-02,-7.294057125422756527e-02,-9.288414169897418748e-02,-9.936620198303275364e-02,-9.813789288359447971e-02,-8.758955682533460518e-02,-6.679442796121452808e-02,-5.812566912297604388e-02,-5.240033581964548964e-02,-8.289708748435842267e-02,-3.164297797999816864e-02,-1.255960985212178221e-02,-1.426672778253377898e-02,-2.922465162106371514e-02,-5.177912583963197035e-02,-5.007597561546160009e-02,-9.512936512831778393e-03,-2.048340963940979351e-02,-4.415920437041740559e-02,-4.927302165168040860e-04,-2.322557533144974790e-02,-2.989157689262798151e-02,-3.166542452455535766e-03,-2.857569409469501442e-02,-3.037510444743052665e-02
5.240799038538490606e-02,4.259679274774329921e-02,2.612726983578772533e-02,3.080638298772641476e-02,2.921728596916866802e-02,1.426145488910926691e-02,4.564341792444022439e-02,-4.640829804116448735e-03,2.027266157375270245e-02,8.061900266633970427e-03,-2.809099987317922181e-02,3.778624941569620754e-02,2.515100594361674088e-02,4.278650255382399764e-02,3.271482438512128554e-02,2.066803355078440305e-02,1.647352756381127714e-02,5.039444279763399120e-02,6.482787362991171420e-02,-1.348575727871519081e-02,-7.935258368375393279e-02,6.854232682766048159e-04,-7.784158461215878733e-02,6.076508608903973679e-02,1.565214828475790798e-01,2.574385606082702253e-04,-2.071289254233100313e-03,1.147521899374912002e-01,1.711681373980849519e-01,1.795342314957175389e-01,1.410078000119917296e-01,3.478310415524397681e-01,1.000000000000000000e+00,3.999010120865855167e-01,2.879457147559032482e-01,1.624276945611757006e-01,1.184038791307272936e-01,1.589905224109645077e-01,2.456107063696800694e-02,7.428398465364562109e-02,7.074567824592496723e-02,2.517806816928812655e-02,9.100410807452580242e-02,1.395576353306453472e-02,-4.041240069659710922e-03,-6.080608650057420239e-02,2.431752305010562512e-02,-5.664282932014302885e-02,-5.221715112566410744e-02,-7.584536671596370239e-02,-3.408058665614347588e-02,-5.690298230517079614e-02,6.570826696519237349e-03,-1.153267923622659438e-02,-7.150431201245500967e-02,1.805895138481649828e-02,-6.297509773082009266e-02,-5.651161568604416013e-02,-4.791409804794636434e-02,-9.413625925965786456e-02,-2.938272687301261496e-02,-4.712954180087560591e-02,-2.815860898303785415e-02,-3.673195009317608423e-02,-9.959099667999139413e-03,-2.328764811236342866e-02,5.566282804552765556e-02,1.451728767241873899e-02,2.988947039179680378e-03,6.896701825656841034e-02,6.705480996609392008e-04,1.885028640983171799e-02,6.044212912210288752e-02,-1.461115584685119401e-02,3.281945801068372054e-02,4.321524471176336341e-02,-1.199972094301707433e-02,3.716981862666503267e-02,2.930192979028072714e-02,-4.515790299493573599e-03
3.116530450002601843e-02,4.175977745881706560e-02,4.843876202959764010e-02,2.031500706957891852e-02,6.158658612400847582e-02,1.781794310328498401e-02,2.326739888902988954e-02,1.957466461129396974e-03,6.081154961386829594e-02,6.086532901889408174e-03,-2.589248249191837895e-02,5.704058561332341765e-02,-1.822977244317280920e-02,-3.870586440817302964e-02,-4.730653233786052264e-02,-6.043928622407970103e-02,-1.322110164491720023e-02,9.181619791480881074e-03,3.001998860930974594e-02,8.481432403004798490e-03,-3.509205146416265186e-02,7.101614399792494266e-03,1.752572627660565346e-02,1.413598225059942981e-01,1.787574096729385997e-01,2.339954720775283201e-02,-1.671635386104678225e-02,1.037196913455848413e-01,1.428607225803359970e-01,2.486942521229994763e-01,1.932294969015685149e-01,4.542685066180546793e-01,3.999010120865855167e-01,1.000000000000000000e+00,2.982729408567433294e-01,2.214984024451500388e-01,2.854285216745076625e-01,2.078613294104817155e-01,8.065911453628168970e-02,2.169419352739987983e-01,1.497999586700707597e-01,1.157655079163029677e-01,1.389996777950953666e-01,1.091636097822515916e-01,4.527466500421413464e-02,5.348124781190742583e-02,6.626691957549724066e-02,1.945788247237886098e-02,-8.608885502353277180e-03,-1.951111142727843598e-02,3.368560332084392928e-02,3.706591464224402374e-03,5.881476065980102003e-02,4.632015064497019274e-02,1.617859716063512442e-03,8.760968420588895189e-02,-1.107284581419095033e-02,4.202551154400647332e-03,3.755995687404586197e-02,-2.350971561473962426e-02,2.563483218468271332e-02,2.836135326883804791e-02,5.631578699090439982e-02,-1.110387527007392940e-02,3.550288416364743432e-02,2.185488867827219128e-02,2.497675188123993362e-02,5.673283315244611463e-02,4.037255614582570956e-02,2.625815958565922478e-03,8.869372807547867485e-03,2.074967659655124058e-02,-7.034439492098158199e-03,-5.543673191939556960e-03,2.694783559966581338e-02,-3.711364290654584151e-03,6.623935658087627427e-04,2.351775750728021808e-02,-1.137164081662639381e-02,-9.829046048435256810e-03
3.127120330982042368e-02,5.036590698633632013e-02,6.150930281345037831e-02,3.337785226139645262e-02,8.838015931495772637e-02,4.352348377069063801e-02,6.830535168283755065e-02,8.525044420193094580e-03,3.291434266022010696e-02,1.117616645837735644e-02,2.845034755172075325e-02,2.029980094943406588e-02,4.573827977417103258e-02,4.913961008018818966e-02,6.476907088828177950e-02,2.132017368388772552e-03,1.493400994539841563e-02,1.060061816804873033e-02,-6.291386439341894836e-03,-3.189876796202946452e-02,-6.268212348933994982e-02,1.454000642083149407e-02,-5.451036419922764692e-02,1.380412798389560602e-01,1.174608690833393865e-01,-3.940868316442335678e-02,5.312273350507254466e-02,1.225076712855295569e-01,4.774771427042205640e-02,1.533669713361813791e-01,1.596229502455570604e-01,8.645480179970838064e-02,2.879457147559032482e-01,2.982729408567433294e-01,1.000000000000000000e+00,4.349825800220392114e-01,3.489504843297719927e-01,2.684686143670172997e-01,8.029156347090612988e-02,2.061439924233664511e-01,1.924270628430577446e-01,1.024569019260753028e-01,1.388831927078834072e-01,1.616065734103146467e-01,1.034147469514691969e-01,8.961759289929324690e-02,1.130238836678583436e-01,6.124262505953104868e-02,3.760953158622573882e-03,3.172231976872782067e-03,1.022233744197214439e-01,-7.682891194355029318e-03,1.270225558413412906e-02,3.869012429276837139e-02,-1.282685902970226444e-02,3.306492799442004721e-02,1.671378694051846303e-02,2.047306847895563262e-02,5.910974423172141168e-02,-9.664338629280023671e-03,2.567286987429970649e-02,5.166088688806086404e-02,7.351966810663486396e-02,2.231427920368651147e-02,5.339457884081456190e-02,3.243520583735163415e-02,8.414581856345516864e-02,5.995025956950503221e-02,5.189191001577958540e-02,7.981562334415860660e-02,-4.966600867129069771e-03,2.796078263424959034e-02,5.150885387499865714e-02,-7.246416036815552658e-03,1.653084660040355161e-02,1.479281602531449212e-02,9.771235351187786827e-03,2.991001838811100169e-02,7.032395422720424949e-03,1.085636189735602122e-02
4.750072502541747947e-03,3.788457685253382445e-02,3.509524144662398704e-02,-4.489363179856813157e-03,5.950022445412803118e-02,7.461604727897829838e-03,1.502454081459485627e-02,-1.252029370673116843e-02,1.457735588145870308e-02,-4.138109270084041474e-02,1.858346099189999920e-02,-1.108095474385844756e-02,-1.523807129249396194e-02,1.991423696765785151e-02,3.980740412261592892e-03,-2.673982557058423096e-02,-2.434772743192702496e-02,2.920939942110282669e-02,5.305813409630871259e-03,-3.535370849872587762e-02,-9.599288635432393080e-02,-7.633604126976469700e-03,-5.405675494330074160e-02,8.446561658688134244e-02,3.999237548670132175e-02,-3.244529627484402795e-02,1.494878651328288184e-02,4.730732103959009449e-02,1.436244964351142059e-02,1.441128735568752151e-01,1.490605629135083043e-01,1.009163761858801744e-01,1.624276945611757006e-01,2.214984024451500388e-01,4.349825800220392114e-01,1.000000000000000000e+00,3.832966764588803255e-01,3.918147919973693494e-01,4.898201521310598799e-02,1.178454167810884107e-01,2.666485779483109830e-01,6.028436031807622025e-02,1.551107498834469467e-01,2.097252181780080993e-01,1.353929624619269745e-01,1.150491696099495975e-01,1.353625832568090270e-01,9.092041460624361582e-02,4.215665732393978488e-02,2.791725018591488527e-02,1.235493227141030714e-01,2.798708094389727383e-02,3.462388625018140986e-02,4.994805052569466219e-02,3.963199230191166711e-02,3.472509293902119321e-02,4.158004891263465674e-02,2.412890671252619287e-02,5.586202043735939010e-02,2.803345666011337889e-02,7.937636823653464527e-03,5.043508603890824865e-02,4.117439787760836939e-02,3.188809854496450769e-02,2.842219029764636931e-02,6.329253249181406374e-03,5.405059869578100751e-02,-1.112810652105065447e-02,4.409753597612767195e-03,1.745297766611216342e-02,-6.843594808381782413e-02,-7.594517598942236800e-04,-2.792913399216036263e-02,-5.648917903114901440e-02,-1.101161679854615986e-02,-6.495502766636723768e-02,-3.908602724488605129e-02,1.983465246459885714e-03,-5.492149337354471084e-02,-1.842643019153515291e-02
3.066692549868201348e-02,6.206670024353493076e-02,7.396675245178142843e-02,6.582641279795319045e-02,1.218801913597639675e-01,1.194702239846797548e-01,8.128332242975933042e-02,7.708204198509154004e-02,4.553912338564786860e-02,2.714593354072432699e-02,8.784936650841074224e-02,5.543457058831447598e-02,3.548428214722008228e-02,1.634568942672174480e-02,6.074085618241660545e-02,5.200214632678350907e-02,6.513028667263093263e-02,4.769674440445215852e-02,1.728409576555459126e-02,-4.362705532621356103e-02,-1.063843641755835429e-01,-7.717247958412571524e-03,-1.599983638319570772e-02,1.061140892056245122e-01,1.204125516293128723e-01,1.467945967237093557e-02,1.571871476601753581e-03,5.468410514020223545e-02,9.234068756848394510e-02,1.901457238284692264e-01,1.658039539206898894e-01,1.017858697830085618e-01,1.184038791307272936e-01,2.854285216745076625e-01,3.489504843297719927e-01,3.832966764588803255e-01,1.000000000000000000e+00,3.727439138434993637e-01,1.280468515146486463e-01,3.763458142825724106e-01,3.489407669262763467e-01,2.201197622029290868e-01,2.052668575539660645e-01,2.833251752864122675e-01,1.721316432639736771e-01,1.560868081717642908e-01,2.120784218958653988e-01,1.030174606257198699e-01,7.985939272125073402e-03,1.800077259889809253e-02,1.144435067157031083e-01,-2.241168981074277353e-02,-4.172339508141174706e-03,6.695091747739804339e-03,4.722062348586050610e-03,2.751688296154733079e-02,3.347909348751037205e-03,7.631505599955483964e-03,-4.357723891596550908e-03,1.649026733597172209e-02,2.103705426800414960e-02,1.459349873185441203e-02,1.259211788053691237e-02,-1.843832034797855679e-02,-2.805951574795052458e-02,-7.875388004949626305e-03,6.192655731432369914e-02,1.826636063149193398e-02,-2.070856515970126085e-02,3.052383056610530679e-02,-3.791369550243203074e-02,-4.276641631610605954e-02,-2.962398164802701201e-03,-4.628609275620518271e-02,-3.725559574362133364e-02,-1.610461385023665565e-02,-2.898627525813516140e-02,-2.379092523222529551e-02,-5.306934864019491500e-03,-2.085136239075023254e-02
2.612276841135495811e-02,1.339318699284235310e-02,1.837662587918882304e-02,-2.963450411542381188e-02,2.677056743435187250e-02,-1.147778581367513845e-02,2.449803334935675078e-03,-1.334322398418284414e-02,-8.085564861038223305e-03,-6.117346328477742817e-02,1.223729199838875792e-02,-2.433000265516056457e-02,-2.094937628579030334e-02,-7.717313320600487081e-03,4.596318951162710505e-03,-5.706955992564670746e-03,-2.163468733086713544e-02,-1.511611205673601358e-03,4.955116941292915522e-02,-5.025174100248169101e-02,-9.029270169840698801e-02,-4.305197085735004009e-02,-5.129945323175901656e-02,9.400875288097179650e-02,5.130776945366129216e-02,-2.816657506172154032e-02,2.387141455365377959e-02,2.191646260871616542e-02,-1.311105285137539357e-02,1.194266427548040937e-01,1.362207688928740446e-01,8.432180212478185277e-02,1.589905224109645077e-01,2.078613294104817155e-01,2.684686143670172997e-01,3.918147919973693494e-01,3.727439138434993637e-01,1.000000000000000000e+00,3.391116824531678620e-01,2.193326050513430825e-01,3.677706209682454208e-01,2.668851244420358815e-01,3.978544612407434178e-01,2.548009693637248718e-01,1.487194549306945779e-01,1.151142258766245652e-01,1.953908260409138176e-01,1.011598883434910723e-01,2.641686031899073001e-02,5.823453907747183633e-02,1.320487127917983894e-01,-4.538858940492515245e-03,-2.005096527176122509e-02,-5.814268619169711202e-03,-5.712111377058799733e-03,-3.042725463762789573e-02,-2.033780956195387069e-02,-3.771950700283290686e-02,-1.935764745638014761e-02,-7.315058791445274919e-03,-1.826403676175578777e-02,-7.167953883398236851e-03,-2.048055983443302502e-02,-4.663768565582552400e-02,-3.271833998525747189e-02,-2.130015822189976205e-02,3.634233950709764294e-02,4.055532211761658790e-02,-1.589323906541221382e-02,5.462189629428340631e-02,-9.011466683387646046e-03,-2.373957280772352307e-03,3.089623267616780841e-02,-6.336378215219423161e-03,-1.466789929305584161e-02,1.409278403938356641e-02,-9.667522784294396362e-03,-1.090905671601733254e-02,-4.898083203137352766e-04,-1.240423388825103758e-02
-1.056632411766886964e-02,-1.730459402406322317e-02,-8.577244299237066910e-03,-1.166287008154661201e-03,7.912147326349238882e-03,4.647671399233062328e-02,-5.738256790197144436e-03,5.487877486034305197e-02,-1.512423896579911421e-02,2.712538795004183767e-02,5.262194545839914139e-02,-2.159151998865630612e-02,4.229384183660870461e-02,3.543569676285793224e-02,9.543224474859564321e-03,5.128092576180693501e-02,2.829971935384221343e-02,-3.427358722789471124e-02,-5.728847538299913777e-03,-1.029794824860697372e-01,-6.576449469009344739e-02,-6.883839430378693724e-02,-4.938343908692871542e-02,-1.891946766790495588e-02,3.632222720784190526e-04,-1.013767553526803353e-02,-8.878054145824895368e-03,-2.691233975402883803e-03,-4.195175612915626878e-03,-1.918139048687445697e-02,3.671621714774805229e-02,3.491285485082313428e-02,2.456107063696800694e-02,8.065911453628168970e-02,8.029156347090612988e-02,4.898201521310598799e-02,1.280468515146486463e-01,3.391116824531678620e-01,1.000000000000000000e+00,2.523080283759069897e-01,4.422207546486325858e-02,1.443273087871946858e-01,1.528754062131069680e-01,6.858798814419467260e-02,1.872595817926943004e-02,4.419303929949858906e-02,8.157797531888841269e-02,1.947094197298102070e-02,1.438108309209269091e-03,-2.819585664070257611e-02,4.977477422929495188e-02,-2.500904578517874552e-02,2.384373934647627744e-02,2.362699519704289158e-04,-2.790978156115329206e-02,3.091125454108837808e-02,-4.331094203069697085e-03,-1.255376007817770104e-02,5.283826237376852697e-03,-1.684560035124145483e-02,1.151988432744950261e-02,-1.490727957694942298e-02,7.221463511637622734e-02,2.414485411130358125e-02,3.254241020874096973e-02,7.096850639793693405e-02,2.993819394126100500e-02,3.135186431017111114e-02,7.467379811373106580e-02,5.844246830766669509e-02,8.533711999660487449e-03,3.795260487810485361e-02,2.846543361749209744e-02,8.312078330397749612e-03,3.646327485764991327e-02,3.710698756785329316e-02,3.933404327274803332e-03,1.999680088716326853e-02,2.749248532766445166e-02,-2.569209772868207182e-03
2.816811762614493050e-02,8.047365289929757359e-02,4.925239973839208585e-02,4.784488886822050452e-02,5.922046152461837853e-02,6.922749322604659916e-02,3.595242329100150486e-02,4.667900316195282978e-02,1.317740741113224666e-02,5.864395136347060056e-03,3.506671975022433024e-02,3.532103764302913645e-02,-4.769697932002874008e-03,3.682125504509457716e-03,1.855764529398296406e-02,4.170845920573795079e-02,9.437792945146100676e-02,3.461547024670829503e-02,-6.221006122194517804e-03,-3.070850608597407161e-02,-1.154945502296132048e-02,7.656910693011521711e-03,1.718178565205069619e-02,5.563525776281731672e-02,9.063510303076396935e-02,4.602305349214164121e-02,2.757345559249117783e-02,1.453490353005094070e-02,8.686918177716355938e-02,9.051197712792412309e-02,1.204423469675257735e-01,9.028773008359232410e-02,7.428398465364562109e-02,2.169419352739987983e-01,2.061439924233664511e-01,1.178454167810884107e-01,3.763458142825724106e-01,2.193326050513430825e-01,2.523080283759069897e-01,1.000000000000000000e+00,3.773721170842602723e-01,3.416560069727528348e-01,2.314678331857828730e-01,3.286476992056386326e-01,2.348949524955904478e-01,2.308060188407862479e-01,2.256591640180649061e-01,1.871055552014807000e-01,7.634835713539268875e-02,5.545201033856610173e-02,2.024665828867211192e-01,1.610969060527377844e-02,6.136037481401328958e-02,2.417171178541446114e-02,5.776506798938084442e-02,5.649500322074734598e-02,1.704262070836524978e-02,2.700858677433702962e-02,3.035491732669490586e-03,1.685094284155821964e-02,4.157281468369649485e-02,-1.199700737065666038e-02,4.091910498122366957e-02,-3.934383312909141284e-02,-8.711154554875864472e-03,-3.362660164780028769e-04,3.282207781278039666e-02,3.935189404975239502e-02,-8.730259407661646390e-03,4.505048196743550483e-03,-9.433284920044606586e-03,-6.228809554413117927e-03,-1.556992623156078746e-02,-2.436330119318376106e-02,-1.618379120975561858e-02,-1.043422374094491942e-02,-9.506010710279460749e-03,-1.136677499008789151e-02,6.855124079845132008e-03,-9.680990122765940637e-04
1.290388547049620832e-02,4.164745828400927274e-02,2.571605519588835917e-02,1.238236350441535363e-02,5.092555692172711507e-02,-1.405559537616504068e-03,3.830686080052373831e-03,2.473488373494400760e-02,1.145229040735526926e-03,-9.280413423656009089e-03,7.010790452651331772e-02,-4.099280661386538703e-03,2.592931458058428743e-02,2.111725645328087035e-03,3.816424019899133241e-02,1.680519971398768825e-02,4.477275666821034505e-02,6.614197151942545483e-02,7.843192442602073267e-02,-1.845781288841040133e-02,-8.704263159793197702e-02,6.219445351949033814e-03,-3.386705615027917060e-02,9.274451487732250643e-02,8.239643563786533398e-02,-3.482615823659972881e-02,4.706314860314139703e-02,6.871266974565216901e-02,4.261206295755391033e-02,7.827390439423921598e-02,5.769574031076634552e-02,5.909458741769203077e-02,7.074567824592496723e-02,1.497999586700707597e-01,1.924270628430577446e-01,2.666485779483109830e-01,3.489407669262763467e-01,3.677706209682454208e-01,4.422207546486325858e-02,3.773721170842602723e-01,1.000000000000000000e+00,5.141597074811568024e-01,4.757785351110970784e-01,7.345346105637894363e-01,4.177201525572791785e-01,3.551297979099821700e-01,5.454143296813505071e-01,1.861837891077335883e-01,-2.521786296768602567e-02,-1.998983497269439871e-02,2.092150702307760679e-01,-8.217605509334777181e-02,-5.980538859555599440e-02,-4.094361580841907045e-02,-2.678551183913722294e-02,-2.754554093001156806e-02,-3.892821831334754290e-02,-2.322076119223573029e-02,-8.338485167601077108e-02,-5.852770410769163670e-03,2.060106469575975069e-02,-8.752246415621943443e-02,-9.201977415150319750e-02,-1.280550613699090734e-01,-1.243688795249017071e-01,-9.287005384426011423e-02,-5.823930864568630655e-02,-1.795016924783108744e-02,-8.905823658416762989e-02,-4.991704299140155981e-02,-8.800857878338742835e-02,-8.759373390350211341e-02,-8.179824386409315085e-02,-1.032846088316874272e-01,-1.019945119709553816e-01,-9.236726584052726285e-02,-1.077878298813783470e-01,-9.864586975937203461e-02,-6.364098555329984752e-02,-7.939601352279643254e-02
-8.394420155498049860e-03,3.249691878959940633e-02,3.919432897767297780e-02,8.914349641238708197e-03,5.287478810061528589e-02,3.478386623251275567e-02,6.913921115009642390e-03,3.400956188754784143e-02,-2.666385990179061943e-02,-3.267647259209368465e-02,4.180869658723242871e-02,-4.768410339972272566e-02,-9.774776982450760279e-03,-5.342283520050757073e-02,-1.046510966067553923e-03,-3.128587052031645693e-02,-2.579026074190960988e-03,-6.015866704039567886e-03,3.371294458887496431e-02,-8.080395536086312780e-02,-1.015417854815687665e-01,-3.709747097924944587e-02,-5.262102543788634013e-02,4.106774039671062804e-02,8.497817839494831160e-02,-7.463951783241557468e-03,1.743291838741042182e-02,5.384542656969151797e-02,3.699299043292574724e-02,5.243922010910079951e-02,6.211329904582613137e-02,4.912063772355047125e-02,2.517806816928812655e-02,1.157655079163029677e-01,1.024569019260753028e-01,6.028436031807622025e-02,2.201197622029290868e-01,2.668851244420358815e-01,1.443273087871946858e-01,3.416560069727528348e-01,5.141597074811568024e-01,1.000000000000000000e+00,4.967479682290016352e-01,4.592288403284567888e-01,2.176776362462729542e-01,3.020148803600949394e-01,3.785337452156652960e-01,1.359505793838061971e-01,-9.482219072088396081e-03,3.507062920194949779e-02,1.635170098961134799e-01,-5.733751446472618724e-02,-5.120376810388819339e-02,-5.876266038452078455e-02,2.468320605828162786e-03,-3.799923505413622254e-02,-4.391133215128554396e-02,-2.771261654818456266e-02,-6.279852520450775188e-02,-2.228219117455469689e-02,7.127746246205006160e-04,-5.952769025841291722e-02,-3.561457857181742070e-02,-9.685106406340207585e-02,-7.246556675575047124e-02,-6.452661107141625940e-02,-5.143949459800837426e-02,1.306227524468133935e-02,-6.417912446766624313e-02,-2.559571713905999663e-02,-4.862667633188575561e-02,-6.788257743248397869e-02,-3.988469294937060927e-02,-6.937028646333112669e-02,-8.452750049759166773e-02,-5.222423138884133009e-02,-7.481685217936388799e-02,-7.424070943155469671e-02,-3.060586518459797872e-02,-7.409340450871385042e-02
3.265315720621857296e-03,4.732527265066758734e-03,1.273703001350535470e-02,-5.387556178293249030e-03,5.031585912854757980e-02,-6.481554852960647907e-03,1.664071784823955430e-02,4.023937327773698114e-02,-7.432711828873334384e-03,2.786113700532817997e-02,7.021443062011432923e-02,-1.216345097368117661e-02,6.572591676294260721e-02,4.366192088143717315e-02,6.663917921425149826e-02,4.218398883376978103e-02,5.147764961537296124e-02,4.243588471465967876e-02,1.206381290347081359e-01,-8.726301642426709596e-03,-5.092936303376876389e-02,7.752119942448159468e-03,-1.704416283583593331e-02,6.479622205491902820e-02,-3.968957422809011280e-03,7.651632423792881221e-03,8.998929711738257176e-02,7.267746232943352036e-02,-2.111917469680416395e-02,2.127243088809619570e-02,3.905938480695482495e-02,8.841930884628197707e-02,9.100410807452580242e-02,1.389996777950953666e-01,1.388831927078834072e-01,1.551107498834469467e-01,2.052668575539660645e-01,3.978544612407434178e-01,1.528754062131069680e-01,2.314678331857828730e-01,4.757785351110970784e-01,4.967479682290016352e-01,1.000000000000000000e+00,2.908105049924087915e-01,1.012635371314231231e-01,1.104162087893299088e-01,2.486175271826734645e-01,1.442463637151485296e-02,-7.792706279854430540e-02,-3.087709803564715402e-02,5.722859328275733959e-02,-1.139171362941914373e-01,-1.153203739599246158e-01,-1.132273136393526780e-01,-7.227306712878450723e-02,-8.735194214405135604e-02,-9.069688657885718874e-02,-6.980866921507804246e-02,-8.675784308830490621e-02,-3.867685925938302294e-02,2.779964235371520237e-03,-8.849694781943627520e-02,-8.158904518081225299e-02,-1.092898159511570683e-01,-1.033621007299848071e-01,-9.828066450328686032e-02,-4.328908472926170509e-02,-5.117097614891731421e-03,-8.758003767116850913e-02,3.150200438541272008e-03,-4.498014535315263129e-02,-7.558651756764181440e-02,-1.060732384606058627e-02,-6.728531319027122870e-02,-7.245208044357429045e-02,-2.483135497834975183e-02,-7.193602578129094927e-02,-6.497301187380706555e-02,-2.793087702612788437e-02,-7.174722922431309158e-02
2.549726935162948196e-02,6.799022501411025599e-02,5.457115104556719415e-02,1.597318703298217929e-02,7.360512687200619630e-02,7.100432875474427599e-03,1.053475134957069723e-02,3.704182785523349453e-02,6.888776450415276358e-03,-7.118045562054024452e-05,6.764929423274886056e-02,-1.088608110280400200e-02,3.647637099627534102e-02,-1.902796039107303280e-04,3.920582441102821863e-02,2.163814295488941490e-03,2.839463658589017406e-02,3.657674211125711006e-02,2.635412175150962308e-02,-7.340653962800594567e-02,-1.174470056565767029e-01,-4.510922949827325668e-02,-2.616263704077648883e-02,8.674232358690377176e-02,9.023923742447163832e-02,-2.507888741771868713e-02,2.309501132557859743e-02,4.902043675396589029e-02,3.500780999424241147e-02,3.123445688171078843e-02,4.488572219586351580e-02,5.663347625982927819e-02,1.395576353306453472e-02,1.091636097822515916e-01,1.616065734103146467e-01,2.097252181780080993e-01,2.833251752864122675e-01,2.548009693637248718e-01,6.858798814419467260e-02,3.286476992056386326e-01,7.345346105637894363e-01,4.592288403284567888e-01,2.908105049924087915e-01,1.000000000000000000e+00,5.817492477954930852e-01,6.057327488182191466e-01,6.836936103612263338e-01,3.371830832486896190e-01,-9.056719875798445452e-03,2.298098272031741038e-02,3.316245336082265238e-01,-9.438141967458960058e-02,-5.243978132912600204e-02,-5.091626408454477670e-02,-1.557660032647874282e-02,-3.070888650125909100e-02,-3.925664796517563254e-02,-1.066064575854084093e-04,-6.700164554821753937e-02,1.751444722544476945e-02,3.377670931210988159e-02,-6.821790609012486073e-02,-6.160684394782934420e-02,-1.065817022333798159e-01,-9.135687343831269680e-02,-6.720494435638406372e-02,-7.833262967306445224e-02,-4.332967663021662814e-03,-7.616789120667380453e-02,-8.072694166793285830e-02,-7.697775714588950269e-02,-7.829633896216443845e-02,-1.021637081803443980e-01,-9.117683403292285715e-02,-9.249657743059903903e-02,-1.053967218396345690e-01,-9.821523338895038480e-02,-8.931866890764715572e-02,-7.209612428037381893e-02,-8.018879583559342106e-02
3.821541949291142742e-02,3.256548634899419231e-02,3.459690413383945812e-02,9.123767565341698443e-03,7.039892611687607882e-02,7.692562636417193261e-03,4.694767633447128816e-03,5.729543210006085574e-02,2.434811650705807906e-02,3.561623783232980428e-02,9.305961054505942909e-02,2.693865472385249468e-02,6.508795417005021344e-02,4.685701418734008333e-02,7.973504721319595034e-02,4.923753100302569186e-02,2.356254554867164355e-02,-3.287892356587275577e-02,1.008753385260732598e-02,-8.111978722858927127e-02,-7.262145843972842019e-02,-5.013417052552928549e-02,-4.743029234228464050e-03,7.386233044320550389e-02,3.044343475385936221e-02,-2.173549427833250738e-02,4.554598647092681502e-02,2.954848301688481338e-02,3.893060293206129785e-02,1.255157115283832281e-02,8.914537184720555630e-04,-3.884506525979550089e-03,-4.041240069659710922e-03,4.527466500421413464e-02,1.034147469514691969e-01,1.353929624619269745e-01,1.721316432639736771e-01,1.487194549306945779e-01,1.872595817926943004e-02,2.348949524955904478e-01,4.177201525572791785e-01,2.176776362462729542e-01,1.012635371314231231e-01,5.817492477954930852e-01,1.000000000000000000e+00,5.352614256731038633e-01,4.636944460486511765e-01,7.302863622545343603e-01,3.920682947154328635e-01,2.140169949690341744e-01,5.974969713282550776e-01,1.597768579281989842e-01,1.285934654054964044e-01,6.008562189396377679e-02,1.991543407382296849e-01,4.450364713136945732e-02,8.019469763937560336e-02,9.267439737451493853e-02,-3.160971525156810666e-04,1.145218353098023251e-01,9.335601974069375475e-02,-3.074683239056406545e-02,-4.287522008871387513e-02,-9.625396739988273387e-02,-5.062543188456890275e-02,-7.320252454072084802e-02,-6.166588386056606752e-02,-3.168869805614905888e-02,-7.647553088316194625e-02,-5.101416577533360308e-02,-6.709457663544247941e-02,-5.485094789060820930e-02,-7.628580258015367488e-02,-7.529566001466006520e-02,-6.231935835787300731e-02,-9.396021462951523184e-02,-7.186309556011305499e-02,-6.361790236914677266e-02,-7.624667620048938832e-02,-5.202618681154675545e-02
3.808154391380676879e-02,7.641645619836981429e-02,4.680408923927167897e-02,4.517431272435643019e-02,8.572789966195550060e-02,4.859609581528225031e-02,2.641995334370379755e-02,4.842585148543061130e-02,1.232123360353266570e-02,3.394517347056577594e-03,7.028690619045832588e-02,-1.904404688602574433e-02,2.723715323447623363e-02,5.043584921854612872e-03,4.074547237037044745e-02,1.307027682146340644e-02,-1.108613433327158056e-03,8.063404063339163486e-03,5.543310957484002318e-04,-1.073040691785035611e-01,-1.274798773902289240e-01,-8.982820451309825316e-02,-1.514189028850655878e-02,4.064131891487415826e-02,4.921056835524675183e-02,-2.973164349646153018e-02,-1.933872354325790605e-02,4.227389343131530974e-02,9.093156166631640586e-03,-4.050951548931190117e-03,4.194484704225304866e-02,3.475300292294199438e-03,-6.080608650057420239e-02,5.348124781190742583e-02,8.961759289929324690e-02,1.150491696099495975e-01,1.560868081717642908e-01,1.151142258766245652e-01,4.419303929949858906e-02,2.308060188407862479e-01,3.551297979099821700e-01,3.020148803600949394e-01,1.104162087893299088e-01,6.057327488182191466e-01,5.352614256731038633e-01,1.000000000000000000e+00,4.862621878087199923e-01,5.561100652999446670e-01,-1.269582778366313679e-03,2.184354100033855384e-01,4.636867046369514411e-01,-7.803326796695907175e-02,-4.165604941418650509e-02,-5.386449872995872218e-02,8.725530068815594287e-03,-4.056257217008859411e-02,-2.997991408839092639e-02,6.685953821588703008e-03,-2.197452000390786794e-02,5.687143743348730546e-02,3.692351616510938794e-02,-1.260047177861974357e-02,-2.147427658784306984e-02,-4.193990367263067398e-02,-5.001377929418398399e-02,-2.709457697195636477e-02,-5.333789195322082011e-02,-1.795314971648273930e-02,-4.467489923693067355e-02,-4.892874098535470589e-02,-6.233261795593402627e-02,-3.804020180967639803e-02,-5.661740140398514864e-02,-5.345277927080503005e-02,-4.982849177236909483e-02,-7.131074759255023876e-02,-6.635292563371060492e-02,-5.250594789490377334e-02,-3.704178695077586098e-02,-5.391479698178222590e-02
3.485340575060855671e-03,5.336305373480196290e-02,5.563800357238633809e-02,1.458722811393496112e-02,7.203084412939365910e-02,2.177105878552445736e-02,1.005276613729194808e-02,5.761828290805232761e-02,1.974493943318802666e-02,5.316855549834413608e-02,6.448537534665162163e-02,1.340007567954244229e-03,7.816943037576634667e-02,1.250266147864572026e-03,6.234794206043649256e-02,1.724970705657675324e-02,3.025457559135915492e-02,2.649039245456889444e-02,8.688465681249592579e-03,-4.371082433746453777e-02,-5.976642885128283927e-02,-3.379305605735843931e-02,-5.755557536753182213e-02,6.050076174133351553e-02,5.925301288544278233e-02,-2.929583581481165835e-02,-1.766538386135184727e-02,2.297943014788451921e-02,3.149459788005493088e-02,2.760480232624093434e-04,1.140150946610140464e-02,5.619619554107825599e-02,2.431752305010562512e-02,6.626691957549724066e-02,1.130238836678583436e-01,1.353625832568090270e-01,2.120784218958653988e-01,1.953908260409138176e-01,8.157797531888841269e-02,2.256591640180649061e-01,5.454143296813505071e-01,3.785337452156652960e-01,2.486175271826734645e-01,6.836936103612263338e-01,4.636944460486511765e-01,4.862621878087199923e-01,1.000000000000000000e+00,1.415424848791402568e-01,-1.742475759645402134e-01,-2.253123796779560040e-01,2.337586477147680086e-01,-2.618822338091171265e-01,-1.154051699195830089e-01,-1.303101335057118837e-01,-1.071136862277018292e-01,-4.897177491969147839e-02,-1.090263529337329174e-01,-4.579797102604484665e-02,-9.750853445984050683e-02,-1.130742177771313674e-02,-2.553559617373525950e-03,-8.501453114136361955e-02,-6.865116247218189249e-02,-7.173993063981683183e-02,-8.546711580021201793e-02,-7.301119670565715813e-02,-5.015426278302416441e-02,-2.489515066477182223e-02,-9.371051555898267382e-02,-5.080975682248820707e-02,-1.029731745572820267e-01,-1.044523430931935254e-01,-9.308000746371548895e-02,-1.233742056379228402e-01,-9.890990328556958922e-02,-9.895221057596703673e-02,-1.250431407673010253e-01,-9.576056444847380611e-02,-7.266823882526175782e-02,-1.103766611770199274e-01
3.759260271802478126e-02,3.362114819869040788e-02,2.465968604578087919e-02,1.532052560477330412e-02,6.026209487081085614e-02,2.079294522963918979e-02,6.727788448682923451e-03,4.960429192710519297e-02,3.008123455725467826e-02,2.333230430449990608e-02,7.753361591349258730e-02,1.757577562210824867e-02,4.436052390357738545e-02,6.633438199228536281e-02,7.567393430151921063e-02,4.151504098650218161e-02,-1.350647964632463276e-03,-5.824764450579424796e-02,-2.756808165669159816e-02,-1.133611460242600344e-01,-8.812564954055134014e-02,-7.897783446491556114e-02,1.343920225752820094e-02,4.000078766661778473e-02,1.285812917921055724e-02,-8.603866959328842004e-03,3.301451732530834293e-02,2.023656932922984417e-02,2.284605013815928926e-02,-3.911978588284223401e-03,-2.842009082808227231e-03,-5.906327797871221974e-02,-5.664282932014302885e-02,1.945788247237886098e-02,6.124262505953104868e-02,9.092041460624361582e-02,1.030174606257198699e-01,1.011598883434910723e-01,1.947094197298102070e-02,1.871055552014807000e-01,1.861837891077335883e-01,1.359505793838061971e-01,1.442463637151485296e-02,3.371830832486896190e-01,7.302863622545343603e-01,5.561100652999446670e-01,1.415424848791402568e-01,1.000000000000000000e+00,5.768660922287157655e-01,5.093527872139494983e-01,7.433134396093953322e-01,3.404848384888500834e-01,2.075667299466178173e-01,1.317077715409473715e-01,3.166369208968438098e-01,6.968556249705416816e-02,1.489086900195337182e-01,1.319372809924501677e-01,6.479060413690081177e-02,1.682163456079768249e-01,9.816121649460347875e-02,3.073296062305976711e-02,-2.878243778020216775e-03,-6.102255707417584413e-02,1.142356117422283022e-03,-3.978927295519684576e-02,-7.103792118873368533e-02,-4.324461945343981845e-02,-3.673809346135853415e-02,-4.391609510509877218e-02,-2.421615245520317844e-02,-1.592441549094144801e-02,-4.621622991396467928e-02,-1.190105484880687493e-02,-2.957454585684926585e-02,-6.054514335275174713e-02,-8.573478364082835756e-03,-2.607439645009980780e-02,-4.475294247145128468e-02,5.719362408374606237e-03
2.840726463418736386e-02,-7.265768611649767216e-04,1.081636983817082240e-03,-3.023808685393859774e-02,-7.356370804776359365e-03,-2.599170640077039934e-02,-1.541665827467546442e-02,-1.774810171670216166e-02,7.858884020724000649e-03,-9.077916061282595428e-03,6.704889833427132330e-03,6.823082533057374562e-03,-5.144582364225640941e-03,5.842063249764758992e-02,2.625137885350075501e-02,1.701663876997507388e-02,3.437382299761098520e-02,-5.087358904034527951e-02,-3.448819257312916303e-02,-5.573048560373886073e-02,2.427742101953265716e-02,-4.361792395166744912e-02,2.275768541357078151e-02,1.390266067252660803e-02,-1.210113541324184944e-02,6.617346305889847818e-03,5.549806165921940954e-02,-2.253059104693526382e-02,1.145044142468116394e-02,6.484505736997986727e-03,-4.561479943526376701e-02,-1.024611872379907473e-01,-5.221715112566410744e-02,-8.608885502353277180e-03,3.760953158622573882e-03,4.215665732393978488e-02,7.985939272125073402e-03,2.641686031899073001e-02,1.438108309209269091e-03,7.634835713539268875e-02,-2.521786296768602567e-02,-9.482219072088396081e-03,-7.792706279854430540e-02,-9.056719875798445452e-03,3.920682947154328635e-01,-1.269582778366313679e-03,-1.742475759645402134e-01,5.768660922287157655e-01,1.000000000000000000e+00,5.042500687249839020e-01,4.614483337137459396e-01,7.467407797340326336e-01,4.376361067479579425e-01,3.552931999134625318e-01,5.367957519313921733e-01,2.121071504966679233e-01,3.365907428824394532e-01,2.561105130344349390e-01,1.836752964923299147e-01,2.310687721899599423e-01,1.549290870778856355e-01,1.077585611764623891e-01,6.112394249962995602e-02,-2.237934343277161488e-03,6.311672488618405574e-02,1.114728271695915665e-02,-2.454236735534079655e-03,-1.124663697314163234e-02,3.852339694313034607e-02,2.010623865822319667e-02,3.121309715517218975e-02,4.105195002542413180e-02,1.099199199429749287e-02,3.539338926506394728e-02,2.221507928583278321e-02,1.235201616903055383e-02,7.092434667120481318e-02,3.106607797723380526e-02,1.090850894940532424e-02,7.711378974527913210e-02
4.729750388212050627e-02,2.270015070652363961e-03,5.284005879388175599e-03,-2.418438028828232347e-02,2.400965874134296241e-02,4.749895104809833193e-03,-6.485721237131231165e-03,1.742754357458207656e-02,3.092705389737385874e-02,-1.098600271209341801e-03,4.081621232989095238e-02,2.324548861755972029e-02,7.027512599626830475e-03,5.086753745674049004e-02,4.386466416327598067e-02,3.666151438749368219e-02,-2.466205324226334976e-03,-3.412203106722391799e-02,-2.848743859966248321e-02,-5.841389318877447667e-02,-1.749624639278516205e-02,-5.372843189789586887e-02,2.249253011633546920e-02,-3.762747059498192104e-02,-1.807635145867921705e-02,9.928657335932593829e-04,5.305360155304416313e-03,-1.924823376565797800e-02,-1.806669558577060630e-02,-3.360473957852642968e-02,-4.332945760606107810e-02,-9.943163617334919990e-02,-7.584536671596370239e-02,-1.951111142727843598e-02,3.172231976872782067e-03,2.791725018591488527e-02,1.800077259889809253e-02,5.823453907747183633e-02,-2.819585664070257611e-02,5.545201033856610173e-02,-1.998983497269439871e-02,3.507062920194949779e-02,-3.087709803564715402e-02,2.298098272031741038e-02,2.140169949690341744e-01,2.184354100033855384e-01,-2.253123796779560040e-01,5.093527872139494983e-01,5.042500687249839020e-01,1.000000000000000000e+00,5.029719918673258849e-01,5.226503546815977064e-01,1.262677083799599864e-01,1.972653095042900540e-01,3.486025486480556768e-01,-2.678492199628645237e-02,1.920162156985855684e-01,1.037719795758241248e-01,8.742935722402764287e-02,1.554659979015448890e-01,4.027210479143364386e-02,6.628810418849627462e-02,-8.779546279600579720e-03,-7.720416920271647859e-03,2.127092350264300769e-02,-4.252372242519088241e-02,-6.168394187454465105e-02,-7.240499446854022081e-02,-5.117438334478188050e-02,-4.471534088278937558e-02,-2.007899900308782529e-02,-4.840657490152305148e-02,-3.317496171905515157e-02,3.115716179902851875e-03,-6.003700387499330549e-02,-3.309955294525883385e-02,2.704459972694367095e-02,-4.309900527487161431e-02,-1.954913026332352755e-02,3.604694262097778157e-02
3.380604334553195811e-02,3.276487494202103001e-02,3.688831596945402191e-02,1.060593448831847509e-02,7.852880768767676878e-02,2.025080409935263448e-02,2.341575781007930804e-02,6.269551234328155087e-02,3.378761465644027073e-02,3.450819485058344988e-02,8.030079097214105899e-02,1.930549811654923634e-02,5.948067627255159556e-02,5.592284741386373270e-02,9.653965015891102786e-02,4.995979455404553349e-02,1.627355544955710193e-02,-4.732873787830161466e-02,-7.266700199005400769e-03,-1.114451738730046493e-01,-7.429679959801976930e-02,-9.028554551244759308e-02,-2.990962231699120441e-02,1.495760947972206260e-02,2.418868735039226767e-02,3.531885719434160915e-03,-1.294444962094236156e-03,4.769445098049705269e-03,3.251257100632636010e-02,-2.298718718758106447e-02,-1.253113929838078639e-03,-4.021694862558806982e-02,-3.408058665614347588e-02,3.368560332084392928e-02,1.022233744197214439e-01,1.235493227141030714e-01,1.144435067157031083e-01,1.320487127917983894e-01,4.977477422929495188e-02,2.024665828867211192e-01,2.092150702307760679e-01,1.635170098961134799e-01,5.722859328275733959e-02,3.316245336082265238e-01,5.974969713282550776e-01,4.636867046369514411e-01,2.337586477147680086e-01,7.433134396093953322e-01,4.614483337137459396e-01,5.029719918673258849e-01,1.000000000000000000e+00,2.371589512539241662e-01,1.531284440555047976e-01,3.517644164661590939e-02,2.862818104417149678e-01,2.926938674945333066e-02,8.940300354832046714e-02,8.483472417554586975e-02,3.095519894687620219e-02,1.138782983495688766e-01,5.974787508292219579e-02,-7.264055330340812161e-03,-3.404002412290046964e-02,-8.686159463086763621e-02,-2.350444184472813905e-02,-8.170927682490411459e-02,-7.007313338764988020e-02,-4.597145347008486232e-02,-7.945029374945325462e-02,-5.016972210750270111e-02,-4.737176849066813966e-02,-5.461622340817466614e-02,-5.344981427325445206e-02,-4.792089452414854261e-02,-6.047227358471786440e-02,-7.641883275826866218e-02,-2.513852294905911944e-02,-4.694350709643694414e-02,-6.664790356267791260e-02,-1.573693283006587229e-02
1.857563405666796258e-02,-1.660805046209334543e-02,-9.542545805684742380e-03,-2.923151696176670700e-02,-3.305864715445380048e-02,-3.082802370248533680e-02,-3.913683773729310228e-02,-2.714186737926416876e-02,1.630689363137037551e-02,2.348718210183163915e-03,-1.035115826633652321e-02,6.352699364549141588e-03,-1.160007565891613135e-02,6.297975738586675254e-02,1.474873084849144880e-02,2.434409991674372359e-02,4.590503534541799657e-02,-1.345598428426024104e-02,-5.805387439799204047e-02,-2.199142869737707659e-02,7.082539422120068262e-02,-3.627484502880634620e-02,3.307660342232733586e-02,-3.897939072731707727e-02,-4.387735675560745091e-02,1.098078865010055326e-02,3.207861913667237747e-02,-6.086427677405079062e-02,-2.808078755798413054e-02,1.299764425227912558e-02,-3.852663878613468013e-02,-9.672224399690193541e-02,-5.690298230517079614e-02,3.706591464224402374e-03,-7.682891194355029318e-03,2.798708094389727383e-02,-2.241168981074277353e-02,-4.538858940492515245e-03,-2.500904578517874552e-02,1.610969060527377844e-02,-8.217605509334777181e-02,-5.733751446472618724e-02,-1.139171362941914373e-01,-9.438141967458960058e-02,1.597768579281989842e-01,-7.803326796695907175e-02,-2.618822338091171265e-01,3.404848384888500834e-01,7.467407797340326336e-01,5.226503546815977064e-01,2.371589512539241662e-01,1.000000000000000000e+00,5.348784215156205946e-01,5.943389182341013433e-01,6.222498554248799829e-01,2.954548713891747558e-01,4.985679589613384310e-01,3.524422172237884898e-01,2.909941686816967521e-01,3.252836941290422890e-01,1.840776669854193859e-01,2.199555999928478611e-01,1.456156634924440085e-01,7.409944948474492254e-02,1.400772715701669446e-01,6.722189930618671649e-02,4.774237467682307390e-02,6.584096853429622330e-03,9.096246536900769175e-02,4.420130566776304948e-02,6.298689105951583989e-02,7.995273669774284608e-02,4.546403740437117424e-02,7.334995883824493856e-02,4.852717549274349756e-02,5.819926088378882256e-02,9.521016304839871602e-02,5.662316007248752170e-02,5.629181625639071568e-02,1.023481315694131227e-01
2.091180437256427022e-02,6.766305268399546748e-03,2.002367011644003159e-03,2.335415246549204030e-02,1.375397908934247737e-02,5.114716719606462320e-02,7.364339308434633864e-03,3.389465752710330709e-02,4.551160464581416321e-02,4.817849579501833589e-03,2.675441956628866157e-03,4.124934002334496724e-02,-1.320588701892567822e-02,7.927711119585480887e-03,-2.714743953999876683e-02,-2.495107536711545226e-02,2.384379700257380913e-02,-4.291869520240710473e-02,-6.346207906289431933e-02,-3.437118967627571936e-02,2.114561845968144713e-02,-2.430624888652620219e-02,1.473541767553319601e-02,-6.440184796760606289e-02,-3.341668355218432862e-02,1.079875336769654109e-02,-7.730923575458719527e-03,-7.035905199063637039e-02,3.121474146350590017e-03,1.253015418314327827e-02,3.346263648318031220e-02,-4.599413670895325518e-02,6.570826696519237349e-03,5.881476065980102003e-02,1.270225558413412906e-02,3.462388625018140986e-02,-4.172339508141174706e-03,-2.005096527176122509e-02,2.384373934647627744e-02,6.136037481401328958e-02,-5.980538859555599440e-02,-5.120376810388819339e-02,-1.153203739599246158e-01,-5.243978132912600204e-02,1.285934654054964044e-01,-4.165604941418650509e-02,-1.154051699195830089e-01,2.075667299466178173e-01,4.376361067479579425e-01,1.262677083799599864e-01,1.531284440555047976e-01,5.348784215156205946e-01,1.000000000000000000e+00,5.655358999257859010e-01,6.188038100559287713e-01,7.412781632799939624e-01,4.043386590248013168e-01,3.847553225360597629e-01,3.131708837235969156e-01,3.024645380291047791e-01,2.310835672884882230e-01,2.333394506336667895e-01,1.976199512882572118e-01,8.348012093509188380e-02,1.748607727739522333e-01,9.466158088236052703e-02,1.184511335802158755e-01,8.037929034733827527e-02,1.300960248435611699e-01,1.001048696611207406e-01,1.107598884035043696e-01,1.286765330912440775e-01,9.563996247811605567e-02,1.109247474522319643e-01,1.067829637141963911e-01,9.434864006652629587e-02,1.161326848512163612e-01,1.051599268651346730e-01,7.114240331030539932e-02,1.141857729922129555e-01
1.357658767438337487e-02,-2.772358881759871829e-02,-2.345733303250877727e-02,-8.819099482063283771e-03,-5.134127940176164834e-02,5.903584076670038289e-03,-4.193903168149708260e-02,-6.154456676473843077e-03,2.231837668977112998e-02,5.646878826832805488e-03,-1.258255587927281649e-02,-5.947873150117121213e-03,-9.524175908553152159e-03,2.701678449239414137e-02,-2.114917734090241211e-02,2.052435714140193185e-03,3.267340811465564016e-02,2.699148255320269439e-03,-7.871143533861928165e-02,-2.786658285215525346e-02,4.291316465607136060e-02,-4.372842397559691813e-02,2.533120948631313249e-02,-6.405925593568913279e-02,-6.029661902899891013e-02,-8.422110100520682069e-03,5.220397559238913743e-03,-8.788121388239004961e-02,-4.112175720030294968e-02,5.579272177648426922e-02,9.314288601420103383e-03,-5.363883434495279878e-02,-1.153267923622659438e-02,4.632015064497019274e-02,3.869012429276837139e-02,4.994805052569466219e-02,6.695091747739804339e-03,-5.814268619169711202e-03,2.362699519704289158e-04,2.417171178541446114e-02,-4.094361580841907045e-02,-5.876266038452078455e-02,-1.132273136393526780e-01,-5.091626408454477670e-02,6.008562189396377679e-02,-5.386449872995872218e-02,-1.303101335057118837e-01,1.317077715409473715e-01,3.552931999134625318e-01,1.972653095042900540e-01,3.517644164661590939e-02,5.943389182341013433e-01,5.655358999257859010e-01,1.000000000000000000e+00,5.294237552345570919e-01,4.916901635712832008e-01,7.263024391148590331e-01,4.622922901700642351e-01,3.978727524236740920e-01,4.443690848101213287e-01,2.366728546119216403e-01,3.356868773016197238e-01,2.136590448167280665e-01,1.367028330483480159e-01,2.068892175828683788e-01,1.016515864195355473e-01,9.269394574633894879e-02,5.340976940460077926e-02,1.277901635879920561e-01,5.556437452992086384e-02,7.535675068718443448e-02,1.289829204531538209e-01,5.816109146133366381e-02,8.878605578424175748e-02,1.009859951705415343e-01,7.379198306893620940e-02,8.749732643637851692e-02,9.859697619730192764e-02,6.922563765364916910e-02,9.066566896232351735e-02
2.979881697752988917e-02,1.278179563120755528e-02,7.159156387731442292e-03,5.299929395971977528e-03,3.478886573933945292e-02,1.041818349466606605e-02,-9.565974178163719980e-04,1.946774719533839529e-02,5.032122262741626356e-02,4.563917276400333844e-03,4.527077412162715427e-03,1.988801131167895406e-02,8.109119715881248297e-04,3.953156219892010187e-02,3.952443511275960733e-03,-1.120877144558680635e-02,3.053749269470299593e-02,-2.096599509505132561e-02,-6.079858711017446793e-02,-5.647371064882870939e-02,2.714929219170662822e-02,-4.768120613463082413e-02,1.933329529803667554e-02,-5.789982178182989658e-02,-4.556525732236406390e-02,3.534618756226199938e-03,-4.957445140875490520e-03,-6.777845313024975782e-02,-6.073137617122483477e-04,-9.723702573035394175e-03,-1.424998368966844120e-02,-9.690501586040159432e-02,-7.150431201245500967e-02,1.617859716063512442e-03,-1.282685902970226444e-02,3.963199230191166711e-02,4.722062348586050610e-03,-5.712111377058799733e-03,-2.790978156115329206e-02,5.776506798938084442e-02,-2.678551183913722294e-02,2.468320605828162786e-03,-7.227306712878450723e-02,-1.557660032647874282e-02,1.991543407382296849e-01,8.725530068815594287e-03,-1.071136862277018292e-01,3.166369208968438098e-01,5.367957519313921733e-01,3.486025486480556768e-01,2.862818104417149678e-01,6.222498554248799829e-01,6.188038100559287713e-01,5.294237552345570919e-01,1.000000000000000000e+00,4.832885438241553144e-01,4.707091590375933055e-01,4.568900045514127095e-01,2.986520800636484618e-01,3.778623379237940338e-01,2.677278913261784687e-01,1.960320638084104283e-01,1.393596439211108873e-01,2.934089995973736958e-02,1.328502197738095081e-01,1.587304129115480258e-02,1.869838038616284531e-02,1.397731077086714329e-03,4.288850898767600228e-02,2.949567713071947483e-02,5.219879836775909859e-02,6.087147317105955080e-02,2.568103905390664229e-02,6.085427068832512804e-02,4.250247899506654631e-02,3.456361701842008971e-02,8.348029474128583483e-02,4.998418540382212893e-02,3.158769442546783407e-02,8.852049961205757378e-02
4.721133873112279278e-02,3.393067423593044279e-02,1.303463592347702676e-02,4.443436218273585231e-02,1.915874798351993244e-02,5.881337105418558281e-02,1.019866951827911325e-03,3.400386698798482654e-02,3.406350592519299947e-02,9.223685599448026504e-03,6.833276296485041486e-03,4.249273857756694778e-02,-2.210110896050395714e-03,1.146833980695662579e-02,-2.330848416528255584e-02,-2.277719926149669380e-02,2.187609855006472995e-02,-3.122865386298123713e-02,-6.602184616929809846e-02,-2.116362107399629572e-02,9.576402693346764902e-03,-1.805018071723033316e-02,-8.411869120851676526e-03,-6.398617844954933298e-02,-2.095755434764386485e-02,6.201322930778215784e-04,-1.226390808147811637e-02,-4.568937061056312088e-02,-1.310306379359016220e-02,4.014742273256855648e-02,3.042301927081785679e-02,-2.228238126588064083e-02,1.805895138481649828e-02,8.760968420588895189e-02,3.306492799442004721e-02,3.472509293902119321e-02,2.751688296154733079e-02,-3.042725463762789573e-02,3.091125454108837808e-02,5.649500322074734598e-02,-2.754554093001156806e-02,-3.799923505413622254e-02,-8.735194214405135604e-02,-3.070888650125909100e-02,4.450364713136945732e-02,-4.056257217008859411e-02,-4.897177491969147839e-02,6.968556249705416816e-02,2.121071504966679233e-01,-2.678492199628645237e-02,2.926938674945333066e-02,2.954548713891747558e-01,7.412781632799939624e-01,4.916901635712832008e-01,4.832885438241553144e-01,1.000000000000000000e+00,3.709241325440950643e-01,4.024551426477316340e-01,3.409284957185998999e-01,2.819645496329204470e-01,2.515540543854600242e-01,2.589544639893933131e-01,2.095300734040479729e-01,8.695354142695614630e-02,1.841325263053601724e-01,9.419297364238246595e-02,1.156551231022593662e-01,8.161680819072843207e-02,1.235062685414421296e-01,8.667674212416823232e-02,1.140095513862050131e-01,1.073737639483862832e-01,7.485593006013917250e-02,1.064206526984009388e-01,9.115556145943963517e-02,7.342289876976097751e-02,9.118332226244341143e-02,8.823752579389620987e-02,5.695097864550892341e-02,8.771906886714625484e-02
-4.330197221242298826e-03,-4.457081916571616759e-02,-5.257963032010780358e-02,-1.335153796688048379e-02,-6.353332866131042311e-02,-2.213167712851805274e-02,-2.958999984547017528e-02,-2.259771136675109079e-02,1.165735390856718727e-02,1.135062032926628705e-03,-1.131910214166342681e-02,-7.594024023615994143e-03,-8.234050608214839306e-03,6.841941759372370362e-03,-2.782499003560100909e-02,-1.058202532181039442e-02,1.389419556692762965e-02,-1.744186011727395444e-02,-5.634819756843076344e-02,-5.649456484930813482e-02,2.261632257532395635e-02,-7.985320764962659801e-02,-1.295102000380415376e-02,-1.166463076427479567e-01,-6.130790853968507564e-02,-3.080015194778352658e-02,-2.200523203257702051e-02,-7.782066026141261361e-02,-6.210495912088605241e-02,3.514229177222450567e-02,-1.832287517988256953e-02,-7.294057125422756527e-02,-6.297509773082009266e-02,-1.107284581419095033e-02,1.671378694051846303e-02,4.158004891263465674e-02,3.347909348751037205e-03,-2.033780956195387069e-02,-4.331094203069697085e-03,1.704262070836524978e-02,-3.892821831334754290e-02,-4.391133215128554396e-02,-9.069688657885718874e-02,-3.925664796517563254e-02,8.019469763937560336e-02,-2.997991408839092639e-02,-1.090263529337329174e-01,1.489086900195337182e-01,3.365907428824394532e-01,1.920162156985855684e-01,8.940300354832046714e-02,4.985679589613384310e-01,4.043386590248013168e-01,7.263024391148590331e-01,4.707091590375933055e-01,3.709241325440950643e-01,1.000000000000000000e+00,5.013023550946571483e-01,4.911677622393342824e-01,5.283807017933862538e-01,2.675714293901185759e-01,4.002665815216768230e-01,2.541296601223788088e-01,1.660455701477849821e-01,2.554246162535642184e-01,9.530910170970596784e-02,1.178128902108103726e-01,7.010056641539325062e-02,1.146184999368699275e-01,9.642149953968687237e-02,8.318468907656420552e-02,1.137305704853933397e-01,8.500104494411517275e-02,9.499130694927630791e-02,8.511034668117245516e-02,8.632986936084691143e-02,8.323618822071837675e-02,8.521591967188529848e-02,7.552638113089628347e-02,7.661227514927684834e-02
6.602878756052500686e-02,4.248798988658616244e-02,2.334206350441904790e-02,4.427497559548148470e-02,4.521168932100665117e-02,4.822512341545458908e-02,3.674345094918051585e-02,2.534630910979101051e-02,6.987959222509979029e-02,-3.508317977228113914e-03,1.227183409797207199e-02,3.326078806202565491e-02,-2.600116277175873458e-02,3.793003755455030129e-02,-2.163382521144431928e-02,-9.470329840800602306e-03,-9.284861730644827782e-03,1.446791930794695449e-03,-6.646458714270088441e-02,-1.805985676070771817e-02,4.221602774893382787e-02,-4.555990291366414369e-02,5.791875317078314100e-02,-4.314406195750000728e-02,-6.705461663492075230e-02,1.685032004567224573e-02,3.875351185875114401e-02,-5.949855033656551578e-02,-7.469530090951337353e-02,-4.793706936274573505e-03,-3.253296407385941613e-02,-9.288414169897418748e-02,-5.651161568604416013e-02,4.202551154400647332e-03,2.047306847895563262e-02,2.412890671252619287e-02,7.631505599955483964e-03,-3.771950700283290686e-02,-1.255376007817770104e-02,2.700858677433702962e-02,-2.322076119223573029e-02,-2.771261654818456266e-02,-6.980866921507804246e-02,-1.066064575854084093e-04,9.267439737451493853e-02,6.685953821588703008e-03,-4.579797102604484665e-02,1.319372809924501677e-01,2.561105130344349390e-01,1.037719795758241248e-01,8.483472417554586975e-02,3.524422172237884898e-01,3.847553225360597629e-01,4.622922901700642351e-01,4.568900045514127095e-01,4.024551426477316340e-01,5.013023550946571483e-01,1.000000000000000000e+00,5.585420953093315211e-01,6.038901989375978774e-01,6.763579081860572328e-01,3.960167513454576627e-01,3.476945788261047721e-01,1.980228928690662693e-01,3.059448432454096034e-01,1.508082765835064842e-01,1.580614502406890720e-01,1.313168984043124043e-01,1.560329832810231632e-01,1.407805598865223551e-01,1.412796460013001631e-01,1.723306904792774596e-01,1.456287306649491908e-01,1.430143829133165012e-01,1.386436199017104798e-01,1.303103452920684746e-01,1.169923270843393481e-01,1.454339208054749588e-01,1.130981204024208153e-01,1.234501168704184998e-01
2.295398235859905448e-02,-7.725134035172031774e-03,-3.436661711831583838e-03,1.895112828916965895e-03,-1.900076280351805898e-03,8.109901451195566241e-03,3.257360383241375210e-03,7.726727704324348918e-03,1.733070973068045334e-02,2.144921351334421952e-02,1.422467212755871256e-02,4.948739763170764173e-03,2.422291828101132485e-02,4.497917431157383988e-02,9.947577589904443851e-03,6.529173800921848903e-03,-1.203658081132829259e-02,-1.849417335077048821e-02,-6.664779132348741530e-02,-2.260865604098723572e-02,4.502024634925658880e-02,-5.709249808172089241e-02,-1.666792141338564390e-02,-9.881489839462535840e-02,-5.227428804932447715e-02,-1.940753076026760157e-02,-1.344713469506205773e-02,-8.113414435192281560e-02,-1.044171642359919827e-01,-5.172703618807387126e-03,-3.588300803298005714e-02,-9.936620198303275364e-02,-4.791409804794636434e-02,3.755995687404586197e-02,5.910974423172141168e-02,5.586202043735939010e-02,-4.357723891596550908e-03,-1.935764745638014761e-02,5.283826237376852697e-03,3.035491732669490586e-03,-8.338485167601077108e-02,-6.279852520450775188e-02,-8.675784308830490621e-02,-6.700164554821753937e-02,-3.160971525156810666e-04,-2.197452000390786794e-02,-9.750853445984050683e-02,6.479060413690081177e-02,1.836752964923299147e-01,8.742935722402764287e-02,3.095519894687620219e-02,2.909941686816967521e-01,3.131708837235969156e-01,3.978727524236740920e-01,2.986520800636484618e-01,3.409284957185998999e-01,4.911677622393342824e-01,5.585420953093315211e-01,1.000000000000000000e+00,5.305902736823957522e-01,4.788250318202247890e-01,7.083754077541670746e-01,4.586861720211516946e-01,2.998081329024479547e-01,4.326614193243191187e-01,1.930844561582888697e-01,2.032583866260643246e-01,1.538595168572136906e-01,2.051855474942350654e-01,2.031090107260747901e-01,1.759921551455610744e-01,1.778912200987984860e-01,1.615024786056955819e-01,1.597871494199221420e-01,1.366612460036420451e-01,1.286057523584923368e-01,1.238674875514964302e-01,1.384314725931746759e-01,1.170768297124111790e-01,1.153173844967236572e-01
2.225351010089223272e-02,-6.289022792591188009e-03,-9.891486279531399445e-03,2.870232173938511849e-02,4.072218197655646382e-02,3.436127576824801744e-02,5.128355020362920791e-03,5.053522198522981956e-02,5.519290957016846633e-02,1.698598931373427115e-02,5.075800588643102768e-02,1.642535155586609050e-02,1.528106283976795980e-02,2.799304354055052318e-02,2.738944567746457934e-02,1.541580859991555259e-02,-2.020750144485279241e-04,-1.687052459708066835e-03,-3.783655695093847415e-02,-4.615396625293399779e-02,-2.182134959026913509e-03,-6.151000651503320954e-02,1.247130106228360423e-02,-7.427474586734640616e-02,-1.023025183012606504e-01,3.883545647461932732e-02,2.359915253054667428e-02,-1.033690822224493377e-01,-1.016093475602405510e-01,-2.910540616255537574e-02,-1.964496165864721908e-02,-9.813789288359447971e-02,-9.413625925965786456e-02,-2.350971561473962426e-02,-9.664338629280023671e-03,2.803345666011337889e-02,1.649026733597172209e-02,-7.315058791445274919e-03,-1.684560035124145483e-02,1.685094284155821964e-02,-5.852770410769163670e-03,-2.228219117455469689e-02,-3.867685925938302294e-02,1.751444722544476945e-02,1.145218353098023251e-01,5.687143743348730546e-02,-1.130742177771313674e-02,1.682163456079768249e-01,2.310687721899599423e-01,1.554659979015448890e-01,1.138782983495688766e-01,3.252836941290422890e-01,3.024645380291047791e-01,4.443690848101213287e-01,3.778623379237940338e-01,2.819645496329204470e-01,5.283807017933862538e-01,6.038901989375978774e-01,5.305902736823957522e-01,1.000000000000000000e+00,4.797141179819210954e-01,5.034798565922098401e-01,2.614129051327669928e-01,1.458853203406473287e-01,2.760879512475884479e-01,3.307494960807438183e-02,7.616013430837269282e-02,5.554503066926591570e-02,4.563432173829894828e-02,7.549473427150080185e-02,6.429730360851024229e-02,7.984565025934600713e-02,6.280523335013292463e-02,7.184678287879271708e-02,6.898987132244585596e-02,7.396263571901036393e-02,5.361128226421189163e-02,7.456391277876557588e-02,6.936329803767492252e-02,6.270286215944462227e-02
3.685270450104080608e-02,2.315081169255928800e-02,1.319344415140820577e-02,5.950616099227264144e-03,2.440477455185200567e-02,2.446529400598090875e-02,1.043208083919018765e-02,1.682907348663782027e-02,1.107170181286305267e-02,-3.173577882635299219e-02,9.718946228465117493e-03,-1.381315249479824099e-03,-4.373615544462055443e-02,3.373751117850343553e-04,-3.785051691097849474e-02,-3.069633261515710906e-02,-1.524804456633518067e-02,6.919796823108114413e-03,-1.181948575738740476e-03,-7.561877951438225783e-03,4.121425003281114358e-02,-4.612589471492704180e-02,5.334537221859686484e-02,-5.602333228904340066e-03,-4.499134241128609907e-02,8.536783209315433954e-03,3.728116551865449935e-02,-1.551152141693105252e-02,-1.036280152536208088e-01,-3.267906096269265065e-02,-2.786555371279573340e-02,-8.758955682533460518e-02,-2.938272687301261496e-02,2.563483218468271332e-02,2.567286987429970649e-02,7.937636823653464527e-03,2.103705426800414960e-02,-1.826403676175578777e-02,1.151988432744950261e-02,4.157281468369649485e-02,2.060106469575975069e-02,7.127746246205006160e-04,2.779964235371520237e-03,3.377670931210988159e-02,9.335601974069375475e-02,3.692351616510938794e-02,-2.553559617373525950e-03,9.816121649460347875e-02,1.549290870778856355e-01,4.027210479143364386e-02,5.974787508292219579e-02,1.840776669854193859e-01,2.310835672884882230e-01,2.366728546119216403e-01,2.677278913261784687e-01,2.515540543854600242e-01,2.675714293901185759e-01,6.763579081860572328e-01,4.788250318202247890e-01,4.797141179819210954e-01,1.000000000000000000e+00,2.852121047575793544e-01,3.124074119833631369e-01,1.189158685694152728e-01,2.541334808058202110e-01,1.110777571270207681e-01,1.206957311372701680e-01,1.346794218465095228e-01,1.127424694831095364e-01,1.591395595798859863e-01,1.341578398230555136e-01,1.408562727059471387e-01,1.647884063820271305e-01,1.189880677280635152e-01,1.115406972586803214e-01,1.303043056003817812e-01,8.551444562624201107e-02,1.207020884269245781e-01,1.099009129220456377e-01,8.745357114213822558e-02
2.399117604603797152e-02,1.261022274347274076e-02,1.565078819210955624e-02,5.125882773415905286e-02,2.565973911117643697e-02,5.629332211807028946e-02,3.563188609436778592e-02,4.084900909426040366e-02,5.267214882379917668e-02,2.649935693692000854e-02,3.353901291616323554e-02,1.391829804799465421e-02,3.436532115502091006e-02,3.971323060360875540e-02,3.788437223624467609e-02,1.794632424733417012e-02,-1.728049843078323725e-02,2.278263345935230104e-03,-6.313557254938306773e-02,5.077123063216366396e-03,4.549526102804236222e-02,-3.973201372769093881e-02,5.824326682949212703e-04,-9.668906722668844933e-02,-6.726897370369792906e-02,1.068003251640065390e-02,1.835884931634967215e-02,-1.090010484658623657e-01,-1.234061854691145405e-01,4.397827923789685359e-03,-3.272292692941199121e-02,-6.679442796121452808e-02,-4.712954180087560591e-02,2.836135326883804791e-02,5.166088688806086404e-02,5.043508603890824865e-02,1.459349873185441203e-02,-7.167953883398236851e-03,-1.490727957694942298e-02,-1.199700737065666038e-02,-8.752246415621943443e-02,-5.952769025841291722e-02,-8.849694781943627520e-02,-6.821790609012486073e-02,-3.074683239056406545e-02,-1.260047177861974357e-02,-8.501453114136361955e-02,3.073296062305976711e-02,1.077585611764623891e-01,6.628810418849627462e-02,-7.264055330340812161e-03,2.199555999928478611e-01,2.333394506336667895e-01,3.356868773016197238e-01,1.960320638084104283e-01,2.589544639893933131e-01,4.002665815216768230e-01,3.960167513454576627e-01,7.083754077541670746e-01,5.034798565922098401e-01,2.852121047575793544e-01,1.000000000000000000e+00,4.791575649163834494e-01,4.510313013793483261e-01,4.925986032145039384e-01,2.474655702342183350e-01,2.761918541356842005e-01,1.812721972174328733e-01,2.280360444217548466e-01,2.145793400472648937e-01,1.585923769929273863e-01,1.898739584693704130e-01,1.487623131957287459e-01,1.557366720320981779e-01,1.531160887832331563e-01,1.181185146776264072e-01,1.200063746245784713e-01,1.482249155752702330e-01,1.060445639469856927e-01,1.092637746428288953e-01
-3.697936055036982195e-02,-2.356212799518792034e-02,-5.362257838662506937e-02,-3.134379900737459951e-02,-1.323138882639320925e-02,1.385527897078555129e-02,-1.101303505036720781e-02,-9.906025087909027874e-03,8.075342400282512975e-03,3.377223083570505408e-02,6.681304670562791814e-03,1.453754619232124415e-02,2.003946269489289764e-02,3.590292388854206956e-02,2.300289768145481750e-03,1.828232561192713948e-02,9.545973998421511397e-03,-6.024916893359518258e-03,-4.355603592484722647e-02,-7.894336811315445790e-02,-4.832000964327883528e-03,-1.185119535062122559e-01,-4.211963610818414416e-02,-9.328972910862860790e-02,-5.595433169009923074e-02,-1.178553705645491410e-02,-3.579595634247362962e-02,-5.403709282573809780e-02,-6.698646246142651861e-02,1.922676064924450090e-02,-5.731518199428772137e-02,-5.812566912297604388e-02,-2.815860898303785415e-02,5.631578699090439982e-02,7.351966810663486396e-02,4.117439787760836939e-02,1.259211788053691237e-02,-2.048055983443302502e-02,7.221463511637622734e-02,4.091910498122366957e-02,-9.201977415150319750e-02,-3.561457857181742070e-02,-8.158904518081225299e-02,-6.160684394782934420e-02,-4.287522008871387513e-02,-2.147427658784306984e-02,-6.865116247218189249e-02,-2.878243778020216775e-03,6.112394249962995602e-02,-8.779546279600579720e-03,-3.404002412290046964e-02,1.456156634924440085e-01,1.976199512882572118e-01,2.136590448167280665e-01,1.393596439211108873e-01,2.095300734040479729e-01,2.541296601223788088e-01,3.476945788261047721e-01,4.586861720211516946e-01,2.614129051327669928e-01,3.124074119833631369e-01,4.791575649163834494e-01,1.000000000000000000e+00,5.455694879117165552e-01,7.310252600056469374e-01,5.046192915338446605e-01,4.049761220195579048e-01,3.573870764448482951e-01,4.255063283150102293e-01,3.323838534170809322e-01,3.036249851561824142e-01,3.187272747301249098e-01,2.632517566666374154e-01,2.717358243994482114e-01,2.507243604739692322e-01,2.203697380823875507e-01,2.057898008312333826e-01,2.310819228072108766e-01,1.924034563243567642e-01,1.813402989293731171e-01
-2.239250156625916671e-02,9.223974640251503959e-03,-4.389277359723496585e-02,-1.824274301991980545e-03,-2.478036174489731819e-02,1.727369963879843776e-02,3.446992887699912235e-04,-1.169887360769258098e-03,9.168825640732503751e-03,4.277413669035589477e-02,9.878358923507669920e-03,2.364748252759326166e-02,3.358704733595076208e-02,4.932901028265081894e-02,3.629204504875412074e-02,4.553861728438614309e-02,2.897241181269448809e-02,3.683666224289401658e-02,-8.946072611582658873e-03,3.870292922410471792e-02,4.208132045506694785e-02,-3.390916341693252234e-02,-7.999485239612001003e-03,-9.250892834212073867e-02,-1.001377471007667136e-01,7.906641124853525798e-03,-1.677535457956362552e-02,-8.374466556670154271e-02,-1.097930214569905888e-01,-1.717722963692015770e-02,-5.347468992193029486e-02,-5.240033581964548964e-02,-3.673195009317608423e-02,-1.110387527007392940e-02,2.231427920368651147e-02,3.188809854496450769e-02,-1.843832034797855679e-02,-4.663768565582552400e-02,2.414485411130358125e-02,-3.934383312909141284e-02,-1.280550613699090734e-01,-9.685106406340207585e-02,-1.092898159511570683e-01,-1.065817022333798159e-01,-9.625396739988273387e-02,-4.193990367263067398e-02,-7.173993063981683183e-02,-6.102255707417584413e-02,-2.237934343277161488e-03,-7.720416920271647859e-03,-8.686159463086763621e-02,7.409944948474492254e-02,8.348012093509188380e-02,1.367028330483480159e-01,2.934089995973736958e-02,8.695354142695614630e-02,1.660455701477849821e-01,1.980228928690662693e-01,2.998081329024479547e-01,1.458853203406473287e-01,1.189158685694152728e-01,4.510313013793483261e-01,5.455694879117165552e-01,1.000000000000000000e+00,5.743785438966130252e-01,5.994934681063136539e-01,4.746468239596335348e-01,2.057774791059214237e-01,4.420518273327346259e-01,3.544783116646824106e-01,1.856011793422839284e-01,3.060276785033453351e-01,2.187648628168050724e-01,1.953509663776962224e-01,2.653228081115328041e-01,1.581890621163065114e-01,1.504256207337396900e-01,2.314323057031549280e-01,1.309168117592463820e-01,1.276701956948531058e-01
-3.775067286450144166e-02,-2.409916912000095029e-02,-4.697958840965683891e-02,-3.459246080521775207e-02,-1.154300437432219037e-02,2.579760281852776314e-03,-2.156878244836785488e-02,1.370603188847902346e-02,3.234689654290283378e-02,7.561810386501252590e-02,1.900049314573749870e-02,2.491702293866251972e-02,6.831141108515056959e-02,7.761505043825357719e-02,5.377575952119508645e-02,2.853785493755902139e-02,2.807275170144994583e-03,-2.113916922332301565e-02,-2.134525555864529370e-02,-5.471346142266529655e-02,1.677716858457992469e-02,-1.390435342174961564e-01,-5.763242265093126288e-02,-1.174752410038705092e-01,-8.346383006369081925e-02,-4.547677983062686780e-02,-3.868156293465534884e-02,-7.244411983340109940e-02,-1.109957930829228584e-01,-3.829495396018524345e-02,-8.811721609735552463e-02,-8.289708748435842267e-02,-9.959099667999139413e-03,3.550288416364743432e-02,5.339457884081456190e-02,2.842219029764636931e-02,-2.805951574795052458e-02,-3.271833998525747189e-02,3.254241020874096973e-02,-8.711154554875864472e-03,-1.243688795249017071e-01,-7.246556675575047124e-02,-1.033621007299848071e-01,-9.135687343831269680e-02,-5.062543188456890275e-02,-5.001377929418398399e-02,-8.546711580021201793e-02,1.142356117422283022e-03,6.311672488618405574e-02,2.127092350264300769e-02,-2.350444184472813905e-02,1.400772715701669446e-01,1.748607727739522333e-01,2.068892175828683788e-01,1.328502197738095081e-01,1.841325263053601724e-01,2.554246162535642184e-01,3.059448432454096034e-01,4.326614193243191187e-01,2.760879512475884479e-01,2.541334808058202110e-01,4.925986032145039384e-01,7.310252600056469374e-01,5.743785438966130252e-01,1.000000000000000000e+00,3.728890176334190842e-01,4.192419980620386566e-01,3.387716748617927709e-01,3.166468136321081150e-01,3.264367764483806500e-01,2.854964022959713410e-01,2.592729942435564872e-01,2.404884098489667443e-01,2.493098141388284394e-01,2.172430011674978956e-01,1.944063565621114154e-01,1.793875365452352877e-01,2.043484624154214557e-01,1.689482200070862861e-01,1.583510693546396897e-01
-1.235463706923727034e-02,-6.507771109933111094e-03,-4.063270935092146152e-02,-1.499897244059756468e-02,-2.939130783648567780e-02,3.467083143611617967e-03,-2.168727800150802888e-03,-5.843565149974765810e-02,-5.009817580778200968e-02,-7.694143564904062406e-03,-4.923847739506487242e-02,-1.346822453579012493e-02,-2.203973367635342004e-02,-2.383404965722654006e-02,-2.661114474058123153e-02,4.883230145999967013e-03,-8.568547609971664467e-03,3.076710425800940549e-02,-2.545966545481934823e-02,-5.119652226536224385e-03,5.889387245204581733e-03,-8.136384086147820105e-02,2.545650123128103196e-02,-5.322603892887580596e-02,-9.115469794253792946e-02,8.747060418476724705e-03,1.230174056904747085e-02,-4.262872270245091078e-02,-8.229811134864110922e-02,2.429247591951938859e-02,-5.960383434469509328e-02,-3.164297797999816864e-02,-2.328764811236342866e-02,2.185488867827219128e-02,3.243520583735163415e-02,6.329253249181406374e-03,-7.875388004949626305e-03,-2.130015822189976205e-02,7.096850639793693405e-02,-3.362660164780028769e-04,-9.287005384426011423e-02,-6.452661107141625940e-02,-9.828066450328686032e-02,-6.720494435638406372e-02,-7.320252454072084802e-02,-2.709457697195636477e-02,-7.301119670565715813e-02,-3.978927295519684576e-02,1.114728271695915665e-02,-4.252372242519088241e-02,-8.170927682490411459e-02,6.722189930618671649e-02,9.466158088236052703e-02,1.016515864195355473e-01,1.587304129115480258e-02,9.419297364238246595e-02,9.530910170970596784e-02,1.508082765835064842e-01,1.930844561582888697e-01,3.307494960807438183e-02,1.110777571270207681e-01,2.474655702342183350e-01,5.046192915338446605e-01,5.994934681063136539e-01,3.728890176334190842e-01,1.000000000000000000e+00,5.160848891972423802e-01,4.956099151534575364e-01,7.898777447794725903e-01,4.333363814088356247e-01,4.225197593909247873e-01,5.118152473978642147e-01,3.180215919047137962e-01,3.881001034950914974e-01,4.163822923773429219e-01,2.582952949304649359e-01,2.998057435787920832e-01,3.524877221730674526e-01,2.052681766417067677e-01,2.536285862138327740e-01
-6.652064618180798718e-04,2.807422319489913214e-04,-2.257013599675276525e-02,2.073976727038006132e-02,-1.097502697572529801e-02,2.213347421935963136e-02,2.809725505054373046e-02,-3.984267559852883861e-02,3.506362241630846689e-03,1.905346190447754218e-02,-2.646387626462937126e-02,4.189044182063841187e-02,-2.134089091273312991e-02,7.622416355131293210e-03,-2.783785981197697129e-02,4.573354528589760465e-02,6.522294202280302933e-02,6.079178159385944386e-02,-1.233586142742636171e-02,-2.070865407896664220e-02,-1.178310811495507544e-02,-7.035569267875957378e-02,-1.761163893660969842e-02,-5.674814203617228187e-02,-3.398419822369595084e-02,2.746000251512139417e-02,-1.241064572013198843e-02,-4.997876753117044130e-02,-5.526152568225162209e-02,3.721552118557462652e-02,-1.733855009282702850e-02,-1.255960985212178221e-02,5.566282804552765556e-02,2.497675188123993362e-02,8.414581856345516864e-02,5.405059869578100751e-02,6.192655731432369914e-02,3.634233950709764294e-02,2.993819394126100500e-02,3.282207781278039666e-02,-5.823930864568630655e-02,-5.143949459800837426e-02,-4.328908472926170509e-02,-7.833262967306445224e-02,-6.166588386056606752e-02,-5.333789195322082011e-02,-5.015426278302416441e-02,-7.103792118873368533e-02,-2.454236735534079655e-03,-6.168394187454465105e-02,-7.007313338764988020e-02,4.774237467682307390e-02,1.184511335802158755e-01,9.269394574633894879e-02,1.869838038616284531e-02,1.156551231022593662e-01,1.178128902108103726e-01,1.580614502406890720e-01,2.032583866260643246e-01,7.616013430837269282e-02,1.206957311372701680e-01,2.761918541356842005e-01,4.049761220195579048e-01,4.746468239596335348e-01,4.192419980620386566e-01,5.160848891972423802e-01,1.000000000000000000e+00,5.119145248868139930e-01,4.512323631808192181e-01,6.800339146712250926e-01,3.559782236173884562e-01,3.489889104135430742e-01,4.221545015292756942e-01,3.267895096346780659e-01,3.075197901063819184e-01,3.300236169668493424e-01,2.552458475346159328e-01,2.785726794735448597e-01,2.672276286762605979e-01,2.323117254182950064e-01
-1.835738936378761288e-02,-3.836079511891513777e-02,-4.361123675967810281e-02,-3.421203478254725150e-02,-3.312833878715197231e-03,-3.061823495410702020e-02,1.438461738897144678e-03,-3.854286285830851866e-02,8.208802580997843004e-03,1.515250669305912533e-02,-1.132428958311861196e-02,3.475114951138854463e-02,3.265168798853394609e-03,-3.857534644223738207e-02,-1.164373065673134089e-02,9.229762813049446207e-03,1.598117160566996098e-02,4.576954403080248091e-02,7.938457394031353878e-03,-7.339684498322218698e-02,-4.803029878897684124e-02,-1.113132566073418150e-01,-4.717747413857053228e-03,-2.880955977830332998e-02,-5.400572882792389895e-02,-6.283068014773896676e-03,7.332434887329954826e-03,-3.160282547810912279e-02,-5.771941626551023441e-02,-5.716500795756511259e-03,-6.083828464219639270e-02,-1.426672778253377898e-02,1.451728767241873899e-02,5.673283315244611463e-02,5.995025956950503221e-02,-1.112810652105065447e-02,1.826636063149193398e-02,4.055532211761658790e-02,3.135186431017111114e-02,3.935189404975239502e-02,-1.795016924783108744e-02,1.306227524468133935e-02,-5.117097614891731421e-03,-4.332967663021662814e-03,-3.168869805614905888e-02,-1.795314971648273930e-02,-2.489515066477182223e-02,-4.324461945343981845e-02,-1.124663697314163234e-02,-7.240499446854022081e-02,-4.597145347008486232e-02,6.584096853429622330e-03,8.037929034733827527e-02,5.340976940460077926e-02,1.397731077086714329e-03,8.161680819072843207e-02,7.010056641539325062e-02,1.313168984043124043e-01,1.538595168572136906e-01,5.554503066926591570e-02,1.346794218465095228e-01,1.812721972174328733e-01,3.573870764448482951e-01,2.057774791059214237e-01,3.387716748617927709e-01,4.956099151534575364e-01,5.119145248868139930e-01,1.000000000000000000e+00,4.947200295808562021e-01,4.414860022932020067e-01,6.771570075848974968e-01,4.012140392325784233e-01,3.517358691139730320e-01,5.429209051013240694e-01,3.278443331633249525e-01,3.145930081531095879e-01,4.102945372918223033e-01,2.997050130671005119e-01,2.502126217928699048e-01,3.411136082769993805e-01
-1.550186325619264290e-02,-1.660298553519935078e-02,-4.595137701594648877e-02,-1.229675110430085427e-02,-3.063341108484435305e-02,-9.938908277694726359e-03,5.453811034765220465e-03,-5.855275126438107963e-02,-3.947571821570408646e-02,-4.549444448484177457e-03,-5.374889869039638224e-02,3.465352652225482492e-03,-2.165266083169017572e-02,1.537024172020982806e-04,-1.280952539722009925e-02,1.099184047091219564e-02,-3.129608854326099317e-03,2.319026519425954145e-03,-4.949076580420830318e-02,-1.626231224295543107e-02,2.720599251630492418e-02,-8.814716291723710684e-02,3.420926138654631354e-02,-5.571763132788339068e-02,-9.423335777839129956e-02,9.413202011164859689e-03,1.434007825171480614e-02,-3.630872495704347280e-02,-6.610748066001613521e-02,3.376447419361475188e-02,-3.437516876702950697e-02,-2.922465162106371514e-02,2.988947039179680378e-03,4.037255614582570956e-02,5.189191001577958540e-02,4.409753597612767195e-03,-2.070856515970126085e-02,-1.589323906541221382e-02,7.467379811373106580e-02,-8.730259407661646390e-03,-8.905823658416762989e-02,-6.417912446766624313e-02,-8.758003767116850913e-02,-7.616789120667380453e-02,-7.647553088316194625e-02,-4.467489923693067355e-02,-9.371051555898267382e-02,-3.673809346135853415e-02,3.852339694313034607e-02,-5.117438334478188050e-02,-7.945029374945325462e-02,9.096246536900769175e-02,1.300960248435611699e-01,1.277901635879920561e-01,4.288850898767600228e-02,1.235062685414421296e-01,1.146184999368699275e-01,1.560329832810231632e-01,2.051855474942350654e-01,4.563432173829894828e-02,1.127424694831095364e-01,2.280360444217548466e-01,4.255063283150102293e-01,4.420518273327346259e-01,3.166468136321081150e-01,7.898777447794725903e-01,4.512323631808192181e-01,4.947200295808562021e-01,1.000000000000000000e+00,5.102897512567319271e-01,4.828561114140726973e-01,6.234633176087558404e-01,3.622954553085123153e-01,4.301588018959056625e-01,4.950688179477329420e-01,2.987798638331785051e-01,3.335037857983944032e-01,4.102347910524742347e-01,2.404057460975911609e-01,2.903925106926888433e-01
-2.407752555345733791e-02,-3.299484631660637522e-03,-2.786470683624779968e-02,1.513575312086786091e-02,-4.209080229588758187e-03,-1.278375831580135825e-02,6.003538164051470255e-02,-2.853450425117425721e-02,-1.388743990148742086e-03,4.081791301308367731e-02,-1.093069490466613315e-02,4.368401866351499102e-02,3.433863185575571075e-02,6.426074882562417268e-02,4.790690511815695607e-02,4.434020604236330043e-02,3.889458710561598948e-02,2.948015554124693016e-02,-5.330759530586110656e-03,-2.647083502142176872e-02,-2.409070834214949424e-03,-9.826561921134040201e-02,-2.814541488891795715e-02,-2.167502384678660771e-02,-5.040907131618312109e-02,-4.220694695409688696e-02,-2.100207515485974421e-03,-1.647405169951370388e-02,-8.360828664105943164e-02,-4.950186983584578017e-03,-3.234773749834204959e-02,-5.177912583963197035e-02,6.896701825656841034e-02,2.625815958565922478e-03,7.981562334415860660e-02,1.745297766611216342e-02,3.052383056610530679e-02,5.462189629428340631e-02,5.844246830766669509e-02,4.505048196743550483e-03,-4.991704299140155981e-02,-2.559571713905999663e-02,3.150200438541272008e-03,-8.072694166793285830e-02,-5.101416577533360308e-02,-4.892874098535470589e-02,-5.080975682248820707e-02,-4.391609510509877218e-02,2.010623865822319667e-02,-4.471534088278937558e-02,-5.016972210750270111e-02,4.420130566776304948e-02,1.001048696611207406e-01,5.556437452992086384e-02,2.949567713071947483e-02,8.667674212416823232e-02,9.642149953968687237e-02,1.407805598865223551e-01,2.031090107260747901e-01,7.549473427150080185e-02,1.591395595798859863e-01,2.145793400472648937e-01,3.323838534170809322e-01,3.544783116646824106e-01,3.264367764483806500e-01,4.333363814088356247e-01,6.800339146712250926e-01,4.414860022932020067e-01,5.102897512567319271e-01,1.000000000000000000e+00,4.780911377210340651e-01,4.220655919799019551e-01,6.163335376379803776e-01,4.174943639378759785e-01,3.628719997072150649e-01,4.698879673178060212e-01,3.203744695465286507e-01,3.346273676755066040e-01,3.808591370831438949e-01,2.975494648659892105e-01
-1.185538415424264129e-02,-1.415846133080503506e-02,-4.938169275482286874e-02,-2.610818426770674869e-02,-3.167394736513474366e-04,-5.256018132959575095e-02,4.186946429658294777e-02,-4.570022534565496702e-02,3.266449856727682288e-02,4.949488377158201696e-02,-2.360723971093820275e-02,5.709958977062219027e-02,7.094121046546155926e-03,1.782729124798848250e-02,1.620920772427288450e-02,3.309474491817451791e-02,1.559735230398713417e-02,3.176927738764946451e-05,-5.557820760729680065e-02,-7.841964225849643033e-02,-2.106803690920397085e-02,-8.961908741876181694e-02,4.196542109563662637e-02,-4.512856398483967163e-02,-8.972851386852950806e-02,-2.365130944598006595e-03,2.117991008302441344e-02,-3.602792196318949786e-02,-6.049663481723623754e-02,-1.707769888073550069e-02,-2.631234679217895472e-02,-5.007597561546160009e-02,6.705480996609392008e-04,8.869372807547867485e-03,-4.966600867129069771e-03,-6.843594808381782413e-02,-3.791369550243203074e-02,-9.011466683387646046e-03,8.533711999660487449e-03,-9.433284920044606586e-03,-8.800857878338742835e-02,-4.862667633188575561e-02,-4.498014535315263129e-02,-7.697775714588950269e-02,-6.709457663544247941e-02,-6.233261795593402627e-02,-1.029731745572820267e-01,-2.421615245520317844e-02,3.121309715517218975e-02,-2.007899900308782529e-02,-4.737176849066813966e-02,6.298689105951583989e-02,1.107598884035043696e-01,7.535675068718443448e-02,5.219879836775909859e-02,1.140095513862050131e-01,8.318468907656420552e-02,1.412796460013001631e-01,1.759921551455610744e-01,6.429730360851024229e-02,1.341578398230555136e-01,1.585923769929273863e-01,3.036249851561824142e-01,1.856011793422839284e-01,2.854964022959713410e-01,4.225197593909247873e-01,3.559782236173884562e-01,6.771570075848974968e-01,4.828561114140726973e-01,4.780911377210340651e-01,1.000000000000000000e+00,5.149403570729335078e-01,4.639292290700161026e-01,7.873013650310776157e-01,4.246326920611694922e-01,4.224040996008032733e-01,6.035499317440922162e-01,3.993518381691114061e-01,3.398439546557652235e-01,4.971664965490903421e-01
-1.359598289374905518e-02,-3.608490272735873777e-02,-6.576785866724930985e-02,-1.879444040280562125e-02,-4.090951658530823931e-02,-6.009107872988815602e-02,1.767629584743211218e-02,-1.020712425871965617e-01,-4.459689578764690354e-02,-2.276556128424231384e-02,-7.553479788099934367e-02,7.533554135737806010e-03,-4.609813077046889113e-02,1.035601042635407934e-02,-3.549974189445191750e-03,3.179523938413384397e-03,4.318742602439608162e-03,-2.131287764174667754e-02,-4.909634132350636920e-02,-5.954689360721311664e-02,1.533003808675993326e-02,-1.136714657258210692e-01,3.755267255876441196e-02,-3.772670621085627563e-02,-7.853173842020971795e-02,-2.950366884282193750e-03,3.395270992619699169e-02,-3.458776070721485737e-03,-3.803589958723366249e-02,1.544785775879447057e-02,-2.356815526832066465e-02,-9.512936512831778393e-03,1.885028640983171799e-02,2.074967659655124058e-02,2.796078263424959034e-02,-7.594517598942236800e-04,-4.276641631610605954e-02,-2.373957280772352307e-03,3.795260487810485361e-02,-6.228809554413117927e-03,-8.759373390350211341e-02,-6.788257743248397869e-02,-7.558651756764181440e-02,-7.829633896216443845e-02,-5.485094789060820930e-02,-3.804020180967639803e-02,-1.044523430931935254e-01,-1.592441549094144801e-02,4.105195002542413180e-02,-4.840657490152305148e-02,-5.461622340817466614e-02,7.995273669774284608e-02,1.286765330912440775e-01,1.289829204531538209e-01,6.087147317105955080e-02,1.073737639483862832e-01,1.137305704853933397e-01,1.723306904792774596e-01,1.778912200987984860e-01,7.984565025934600713e-02,1.408562727059471387e-01,1.898739584693704130e-01,3.187272747301249098e-01,3.060276785033453351e-01,2.592729942435564872e-01,5.118152473978642147e-01,3.489889104135430742e-01,4.012140392325784233e-01,6.234633176087558404e-01,4.220655919799019551e-01,5.149403570729335078e-01,1.000000000000000000e+00,5.257106731324473481e-01,5.064206459173790087e-01,7.943158989235811207e-01,4.508762322823158253e-01,3.873808723133577714e-01,6.420148811140420353e-01,3.699482318438796491e-01,3.595750902735578847e-01
3.014308609005617035e-03,6.095147436225195918e-04,-2.124031884807683034e-03,2.708557604747838590e-02,3.874569276431499149e-02,-1.220470636619140799e-02,8.811957133681320997e-02,-2.059417700993311506e-02,4.035718931315988856e-02,6.065424434217723398e-02,-7.081637333304251387e-03,7.455398011205990882e-02,1.625702919015115794e-02,5.865579490077082320e-02,3.843815630544373391e-02,3.067165737926304953e-02,4.450131967240584380e-02,9.453094181317128405e-03,1.754151025725952636e-03,-5.640462071959028573e-02,-1.668639096732575699e-03,-1.009015399603510055e-01,1.705770192836190968e-02,-3.064719519657552183e-02,-3.687701573152666647e-03,-1.924521971604284745e-02,-2.315269890637585912e-02,-1.433312504954650096e-02,-3.411271700846787297e-02,-9.065961904563780635e-03,1.013613303925179829e-02,-2.048340963940979351e-02,6.044212912210288752e-02,-7.034439492098158199e-03,5.150885387499865714e-02,-2.792913399216036263e-02,-2.962398164802701201e-03,3.089623267616780841e-02,2.846543361749209744e-02,-1.556992623156078746e-02,-8.179824386409315085e-02,-3.988469294937060927e-02,-1.060732384606058627e-02,-1.021637081803443980e-01,-7.628580258015367488e-02,-5.661740140398514864e-02,-9.308000746371548895e-02,-4.621622991396467928e-02,1.099199199429749287e-02,-3.317496171905515157e-02,-5.344981427325445206e-02,4.546403740437117424e-02,9.563996247811605567e-02,5.816109146133366381e-02,2.568103905390664229e-02,7.485593006013917250e-02,8.500104494411517275e-02,1.456287306649491908e-01,1.615024786056955819e-01,6.280523335013292463e-02,1.647884063820271305e-01,1.487623131957287459e-01,2.632517566666374154e-01,2.187648628168050724e-01,2.404884098489667443e-01,3.180215919047137962e-01,4.221545015292756942e-01,3.517358691139730320e-01,3.622954553085123153e-01,6.163335376379803776e-01,4.639292290700161026e-01,5.257106731324473481e-01,1.000000000000000000e+00,5.170570127331357568e-01,4.502266848624936757e-01,7.610164489846317215e-01,3.986155357672526156e-01,4.191706029013657631e-01,6.123813407631041317e-01,3.779797299889755546e-01
-4.198644068227015691e-03,-1.552038016007657381e-02,-4.786666476774567580e-02,-2.840138305607297839e-02,-9.147571202089886666e-03,-6.043762949646362681e-02,2.487240646476433781e-02,-5.136846480883681260e-02,3.893926678785834122e-02,4.374370650892180079e-02,-2.693796828997449197e-02,7.056033150285656586e-02,-8.957470719354675148e-03,1.460857233881699899e-02,-5.423614264830048295e-04,2.152656527572174849e-02,5.246198406654177006e-03,-7.906266562349708801e-03,-6.476011923513215474e-02,-7.592523934080054604e-02,-1.624493261184106752e-02,-8.757052053268918335e-02,5.380123516170547820e-02,-4.061313389941934721e-02,-9.597980495230010178e-02,-8.086213744953002144e-03,3.003155799547999050e-02,-5.252033264535957424e-02,-5.666224270466857504e-02,-1.133067368228193005e-02,-6.990723742219892220e-03,-4.415920437041740559e-02,-1.461115584685119401e-02,-5.543673191939556960e-03,-7.246416036815552658e-03,-5.648917903114901440e-02,-4.628609275620518271e-02,-6.336378215219423161e-03,8.312078330397749612e-03,-2.436330119318376106e-02,-1.032846088316874272e-01,-6.937028646333112669e-02,-6.728531319027122870e-02,-9.117683403292285715e-02,-7.529566001466006520e-02,-5.345277927080503005e-02,-1.233742056379228402e-01,-1.190105484880687493e-02,3.539338926506394728e-02,3.115716179902851875e-03,-4.792089452414854261e-02,7.334995883824493856e-02,1.109247474522319643e-01,8.878605578424175748e-02,6.085427068832512804e-02,1.064206526984009388e-01,9.499130694927630791e-02,1.430143829133165012e-01,1.597871494199221420e-01,7.184678287879271708e-02,1.189880677280635152e-01,1.557366720320981779e-01,2.717358243994482114e-01,1.953509663776962224e-01,2.493098141388284394e-01,3.881001034950914974e-01,3.267895096346780659e-01,5.429209051013240694e-01,4.301588018959056625e-01,4.174943639378759785e-01,7.873013650310776157e-01,5.064206459173790087e-01,5.170570127331357568e-01,1.000000000000000000e+00,5.156763554935278604e-01,5.008016512312207791e-01,7.676555835493197311e-01,4.781010748257870091e-01,3.942445603750652228e-01,6.224919266040557231e-01
-1.535521168395516042e-02,-3.332942593964862560e-02,-6.685649132969960495e-02,-7.720865381406186514e-03,-3.214157270208533451e-02,-5.462985048226571411e-02,2.063406572051453697e-02,-8.692470043329446339e-02,-3.936958398733552550e-02,6.682859131978232357e-03,-5.591651098920454033e-02,1.420090558764690487e-02,-2.001418769398769296e-02,3.054687148361419011e-02,1.113149007061640895e-03,4.043400502444767161e-03,-8.909404071940386916e-03,-2.929604154507973318e-02,-4.888736425330868218e-02,-5.900325981017365967e-02,2.412223541218131307e-03,-1.019843552671630266e-01,3.154711316326841430e-02,-4.806680864949470361e-02,-6.238524676956939269e-02,3.191847951382546355e-03,2.761725368288239085e-02,-9.844153157733364148e-03,-3.089189255231489586e-02,2.491410543333320154e-02,-1.290125692718050755e-02,-4.927302165168040860e-04,3.281945801068372054e-02,2.694783559966581338e-02,1.653084660040355161e-02,-1.101161679854615986e-02,-3.725559574362133364e-02,-1.466789929305584161e-02,3.646327485764991327e-02,-1.618379120975561858e-02,-1.019945119709553816e-01,-8.452750049759166773e-02,-7.245208044357429045e-02,-9.249657743059903903e-02,-6.231935835787300731e-02,-4.982849177236909483e-02,-9.890990328556958922e-02,-2.957454585684926585e-02,2.221507928583278321e-02,-6.003700387499330549e-02,-6.047227358471786440e-02,4.852717549274349756e-02,1.067829637141963911e-01,1.009859951705415343e-01,4.250247899506654631e-02,9.115556145943963517e-02,8.511034668117245516e-02,1.386436199017104798e-01,1.366612460036420451e-01,6.898987132244585596e-02,1.115406972586803214e-01,1.531160887832331563e-01,2.507243604739692322e-01,2.653228081115328041e-01,2.172430011674978956e-01,4.163822923773429219e-01,3.075197901063819184e-01,3.278443331633249525e-01,4.950688179477329420e-01,3.628719997072150649e-01,4.246326920611694922e-01,7.943158989235811207e-01,4.502266848624936757e-01,5.156763554935278604e-01,1.000000000000000000e+00,5.176145165167365114e-01,4.176159853027216484e-01,7.958299516433352538e-01,4.177518287692844612e-01,3.859444265767744131e-01
1.424532253289167646e-02,-5.571669155052696824e-03,-2.317842493170093471e-02,2.853897151945996094e-02,2.409491171723497291e-02,-4.505630687424088537e-02,6.965478035100966525e-02,-3.288757889438306825e-02,3.640352079794009071e-02,6.021322727278732162e-02,5.744048377042235186e-04,6.428312023627778815e-02,2.928435827994437315e-02,6.469738823855641918e-02,4.203584398421151419e-02,1.331567758254986397e-02,2.751426968325693459e-02,1.587696297921170575e-03,-1.620222545963150712e-02,-7.920957149660672048e-02,-1.314527062203346176e-02,-1.079049686673943520e-01,-2.416487823129587209e-03,-4.825564315547858224e-02,-2.258425863339753523e-02,-1.604185436724899633e-02,-2.202017602537992627e-02,-4.526271361214195127e-02,-3.363606144636787504e-02,-3.018418761627362015e-02,5.709746707397750538e-03,-2.322557533144974790e-02,4.321524471176336341e-02,-3.711364290654584151e-03,1.479281602531449212e-02,-6.495502766636723768e-02,-1.610461385023665565e-02,1.409278403938356641e-02,3.710698756785329316e-02,-1.043422374094491942e-02,-9.236726584052726285e-02,-5.222423138884133009e-02,-2.483135497834975183e-02,-1.053967218396345690e-01,-9.396021462951523184e-02,-7.131074759255023876e-02,-9.895221057596703673e-02,-6.054514335275174713e-02,1.235201616903055383e-02,-3.309955294525883385e-02,-7.641883275826866218e-02,5.819926088378882256e-02,9.434864006652629587e-02,7.379198306893620940e-02,3.456361701842008971e-02,7.342289876976097751e-02,8.632986936084691143e-02,1.303103452920684746e-01,1.286057523584923368e-01,7.396263571901036393e-02,1.303043056003817812e-01,1.181185146776264072e-01,2.203697380823875507e-01,1.581890621163065114e-01,1.944063565621114154e-01,2.582952949304649359e-01,3.300236169668493424e-01,3.145930081531095879e-01,2.987798638331785051e-01,4.698879673178060212e-01,4.224040996008032733e-01,4.508762322823158253e-01,7.610164489846317215e-01,5.008016512312207791e-01,5.176145165167365114e-01,1.000000000000000000e+00,5.132614399667156935e-01,5.191588654612848686e-01,8.014851381199726843e-01,4.847412145511552084e-01
1.306148037254769786e-02,-6.960383133724990824e-03,-3.468963584735944988e-02,-1.421776750461419686e-02,-1.143812743452930596e-02,-6.081577016770126076e-02,1.511139959362321934e-02,-3.770315419441939986e-02,3.667094479189751677e-02,5.172284565877172807e-02,-1.235206650949517704e-02,6.759526968928820934e-02,2.350647776204616620e-03,1.745482256770201218e-02,5.446657372597695466e-03,1.125699504002928251e-02,-9.518423715497737261e-03,-1.817607410533049472e-02,-5.631305853914608112e-02,-6.765513353623771320e-02,-1.108269668848515382e-02,-6.903905056033801668e-02,3.629125304014468173e-02,-4.280119794318235082e-02,-7.790068713151582225e-02,1.722005696871054675e-02,2.654303316092438553e-02,-8.500914474259162190e-02,-4.970033153978750673e-02,-7.527776790965071997e-03,1.354445127487285266e-02,-2.989157689262798151e-02,-1.199972094301707433e-02,6.623935658087627427e-04,9.771235351187786827e-03,-3.908602724488605129e-02,-2.898627525813516140e-02,-9.667522784294396362e-03,3.933404327274803332e-03,-9.506010710279460749e-03,-1.077878298813783470e-01,-7.481685217936388799e-02,-7.193602578129094927e-02,-9.821523338895038480e-02,-7.186309556011305499e-02,-6.635292563371060492e-02,-1.250431407673010253e-01,-8.573478364082835756e-03,7.092434667120481318e-02,2.704459972694367095e-02,-2.513852294905911944e-02,9.521016304839871602e-02,1.161326848512163612e-01,8.749732643637851692e-02,8.348029474128583483e-02,9.118332226244341143e-02,8.323618822071837675e-02,1.169923270843393481e-01,1.238674875514964302e-01,5.361128226421189163e-02,8.551444562624201107e-02,1.200063746245784713e-01,2.057898008312333826e-01,1.504256207337396900e-01,1.793875365452352877e-01,2.998057435787920832e-01,2.552458475346159328e-01,4.102945372918223033e-01,3.335037857983944032e-01,3.203744695465286507e-01,6.035499317440922162e-01,3.873808723133577714e-01,3.986155357672526156e-01,7.676555835493197311e-01,4.176159853027216484e-01,5.132614399667156935e-01,1.000000000000000000e+00,5.229512812673732247e-01,4.003454885513740846e-01,7.856533576364552740e-01
-8.838173840331172218e-03,-3.780147407591259029e-02,-6.184994232199141073e-02,-2.048313740197977087e-02,-3.293288601055127662e-02,-5.979030985615411270e-02,2.171542526897629610e-02,-7.670503738677901528e-02,-1.072019714676205118e-02,1.856961764693046413e-02,-5.212846760053350265e-02,2.775370962144705494e-02,-1.176214555618603115e-02,3.708902050936139366e-02,8.212875231534850010e-03,-1.248414494192634939e-03,-1.959913152379573476e-02,-3.923139585894587500e-02,-5.880884050945642955e-02,-6.506605189249936583e-02,-5.730980748469727271e-03,-1.016496259027505067e-01,2.534793233066352791e-02,-5.526023849665883531e-02,-5.465985885724565507e-02,-5.097036979828785050e-03,2.015779842169954789e-02,-3.400064225339053531e-02,-2.918491668900398406e-02,3.420703448474954333e-02,-2.388194438474831698e-03,-3.166542452455535766e-03,3.716981862666503267e-02,2.351775750728021808e-02,2.991001838811100169e-02,1.983465246459885714e-03,-2.379092523222529551e-02,-1.090905671601733254e-02,1.999680088716326853e-02,-1.136677499008789151e-02,-9.864586975937203461e-02,-7.424070943155469671e-02,-6.497301187380706555e-02,-8.931866890764715572e-02,-6.361790236914677266e-02,-5.250594789490377334e-02,-9.576056444847380611e-02,-2.607439645009980780e-02,3.106607797723380526e-02,-4.309900527487161431e-02,-4.694350709643694414e-02,5.662316007248752170e-02,1.051599268651346730e-01,9.859697619730192764e-02,4.998418540382212893e-02,8.823752579389620987e-02,8.521591967188529848e-02,1.454339208054749588e-01,1.384314725931746759e-01,7.456391277876557588e-02,1.207020884269245781e-01,1.482249155752702330e-01,2.310819228072108766e-01,2.314323057031549280e-01,2.043484624154214557e-01,3.524877221730674526e-01,2.785726794735448597e-01,2.997050130671005119e-01,4.102347910524742347e-01,3.346273676755066040e-01,3.993518381691114061e-01,6.420148811140420353e-01,4.191706029013657631e-01,4.781010748257870091e-01,7.958299516433352538e-01,5.191588654612848686e-01,5.229512812673732247e-01,1.000000000000000000e+00,5.095332419471021446e-01,5.031502426571732300e-01
-1.945007490902087542e-03,-1.024237764437851972e-02,-3.347917335206773010e-02,2.157316963573908258e-02,1.731283303309453375e-02,-3.867169562249166137e-02,6.223334014270277131e-02,-3.636445998431667159e-02,3.375950952025911361e-02,5.314331301514945566e-02,-6.896434700999880436e-03,5.952441412626936074e-02,2.348252196418621970e-02,7.304182142104374831e-02,4.099871582553627630e-02,1.732597869286503153e-02,2.297212462891755347e-02,-4.373738389130402658e-03,-1.707660793699520771e-02,-7.135112502604483431e-02,-8.954317792775277549e-03,-9.854856917343625400e-02,-1.151912682807445555e-02,-4.608121119020747170e-02,-6.286021954681548368e-03,-2.530582787443800066e-02,-3.385971547126841175e-02,-2.902339138098612714e-02,-2.010730647718421069e-02,-2.252558605474204792e-02,-1.002779431258143256e-02,-2.857569409469501442e-02,2.930192979028072714e-02,-1.137164081662639381e-02,7.032395422720424949e-03,-5.492149337354471084e-02,-5.306934864019491500e-03,-4.898083203137352766e-04,2.749248532766445166e-02,6.855124079845132008e-03,-6.364098555329984752e-02,-3.060586518459797872e-02,-2.793087702612788437e-02,-7.209612428037381893e-02,-7.624667620048938832e-02,-3.704178695077586098e-02,-7.266823882526175782e-02,-4.475294247145128468e-02,1.090850894940532424e-02,-1.954913026332352755e-02,-6.664790356267791260e-02,5.629181625639071568e-02,7.114240331030539932e-02,6.922563765364916910e-02,3.158769442546783407e-02,5.695097864550892341e-02,7.552638113089628347e-02,1.130981204024208153e-01,1.170768297124111790e-01,6.936329803767492252e-02,1.099009129220456377e-01,1.060445639469856927e-01,1.924034563243567642e-01,1.309168117592463820e-01,1.689482200070862861e-01,2.052681766417067677e-01,2.672276286762605979e-01,2.502126217928699048e-01,2.404057460975911609e-01,3.808591370831438949e-01,3.398439546557652235e-01,3.699482318438796491e-01,6.123813407631041317e-01,3.942445603750652228e-01,4.177518287692844612e-01,8.014851381199726843e-01,4.003454885513740846e-01,5.095332419471021446e-01,1.000000000000000000e+00,5.163749651604919721e-01
1.739273166666695800e-03,-1.833450287731965347e-02,-4.166015694452254031e-02,-1.855897383375582077e-02,-1.463492950625421007e-02,-6.640891959311044646e-02,1.603248231514071628e-02,-4.529383035740955354e-02,3.469623160265362938e-02,4.366674861490021237e-02,-1.816254769847752693e-02,6.712371841960297625e-02,3.790056080985134378e-03,2.518812820574444639e-02,1.334559863807868729e-02,1.940138827292733122e-03,-1.599109065392887927e-02,-2.228740876449402178e-02,-5.794658149688566851e-02,-6.370322041871118168e-02,-1.017378800138826062e-02,-6.760450048256977373e-02,3.496798719652856324e-02,-3.727562177285060480e-02,-6.756427598645999011e-02,8.959298296840776873e-03,2.534746778701672115e-02,-7.937122954181008438e-02,-4.293033553298722382e-02,-1.970313480173347190e-02,-3.169408236687192709e-03,-3.037510444743052665e-02,-4.515790299493573599e-03,-9.829046048435256810e-03,1.085636189735602122e-02,-1.842643019153515291e-02,-2.085136239075023254e-02,-1.240423388825103758e-02,-2.569209772868207182e-03,-9.680990122765940637e-04,-7.939601352279643254e-02,-7.409340450871385042e-02,-7.174722922431309158e-02,-8.018879583559342106e-02,-5.202618681154675545e-02,-5.391479698178222590e-02,-1.103766611770199274e-01,5.719362408374606237e-03,7.711378974527913210e-02,3.604694262097778157e-02,-1.573693283006587229e-02,1.023481315694131227e-01,1.141857729922129555e-01,9.066566896232351735e-02,8.852049961205757378e-02,8.771906886714625484e-02,7.661227514927684834e-02,1.234501168704184998e-01,1.153173844967236572e-01,6.270286215944462227e-02,8.745357114213822558e-02,1.092637746428288953e-01,1.813402989293731171e-01,1.276701956948531058e-01,1.583510693546396897e-01,2.536285862138327740e-01,2.323117254182950064e-01,3.411136082769993805e-01,2.903925106926888433e-01,2.975494648659892105e-01,4.971664965490903421e-01,3.595750902735578847e-01,3.779797299889755546e-01,6.224919266040557231e-01,3.859444265767744131e-01,4.847412145511552084e-01,7.856533576364552740e-01,5.031502426571732300e-01,5.163749651604919721e-01,1.000000000000000000e+00
