1.000000000000000000e+00,5.633480255695001437e-01,7.758631110950205967e-01,2.746396700489143750e-01,-3.348024196584489798e-02,-6.364171717894105962e-01,-4.718020228624810741e-01,1.350812432434347066e-01,-2.995459789654726923e-01,-7.068237247163782211e-01,-1.033158151225117283e-01,7.734345957597431320e-02,-5.948900471496111342e-01,-5.991877844034602107e-01,2.745948280715233558e-01,9.351795752057970312e-02,-6.623108907114564348e-01,6.038725375709395188e-02,6.758539006096261348e-01,-3.948422440773725062e-01,-5.205070348271376712e-01,5.637800181757582907e-01,2.519446248013746392e-01,-2.143511784910429319e-01,-6.044961089431326595e-01,-1.235667477383980833e-01,-6.818834708577364845e-01,-8.261046515054586148e-02,-4.771946512913385896e-01,1.019350786674633885e-02,7.241702000912925152e-02,2.429612669791310076e-01,3.073119430632212934e-01,-1.780737830946955980e-01,1.341556696549857097e-01,4.815888080706389740e-01,-1.377906030335964427e-01,-3.269956400796026896e-01,4.040153847228890593e-01,1.342211262925190607e-01,-3.802084615030630332e-01,-5.569523535059950348e-02,3.331739972967848185e-01,4.817609548110167450e-02,2.249110176993153742e-01,-4.398471343763801777e-01,-2.181092684683626493e-01,6.665146017854862992e-02,-4.241989580731682641e-01,-3.004026846814530916e-01,-1.825427297602981447e-01,-1.930753547930552649e-01,-4.086961591626622203e-01,2.577770346821272596e-01,2.766607177330830947e-01,5.404189451435712499e-01,2.267724359708425119e-01,3.501215375880112335e-01,-5.728544624811879871e-01,-3.551226386247399169e-01,4.194241049525245235e-01,-5.013317652245525835e-01,-5.166374374423230442e-01,4.147321437865100768e-01,7.512525265907656902e-01,-1.881124104830331212e-02,-2.894381625005200132e-01,5.918341920284084789e-01,5.804295122008255037e-01,-3.044661310033119905e-01,6.004300852723547244e-02,7.796254977952605802e-01,2.153627822904851941e-01,-2.841458813675577511e-01,4.698600054475803867e-01,6.500970966978627530e-01,1.670886422678179994e-01,5.744429367217060989e-01,6.557431609486198409e-01,4.332700633976848126e-01,-1.780033647683865183e-01,-5.145497546156281299e-01,-6.393459893438516728e-01,-1.402599927865224028e-01,5.992508730648937049e-02,7.704816831152815071e-02,4.966296200703834152e-01,2.234021752127375027e-01
5.633480255695001437e-01,1.000000000000000000e+00,2.005919341568162262e-01,3.050891577548749400e-01,5.491349251632037243e-01,-4.709155986369230051e-01,-6.134028636307322646e-01,4.941068654888793321e-01,2.335176160202870055e-01,-7.680755274096368046e-01,-1.565994981051065937e-01,6.262621877249586744e-01,-2.638484275246859578e-01,-4.144352314666572834e-01,6.283964087213906868e-01,2.884275830591758738e-01,-5.719635571121672868e-01,4.882146244321209916e-01,2.593016341025075611e-01,-6.644961408869728414e-01,-9.777400823194840052e-02,6.390818477288964239e-01,-6.256987845708816831e-02,-4.634505155479778371e-01,-4.475046562263341188e-01,1.203419940810147165e-01,-4.347796608001871510e-01,-2.533888317651878386e-01,-2.084695134169119168e-01,-3.282806223135469881e-01,-3.399311926031484687e-01,-2.446060495081828490e-01,6.725643005973463984e-02,2.213165394342065107e-01,3.406673018709484024e-01,1.974417947257770811e-01,4.203255344498472990e-02,1.389906716599972059e-01,4.717480908789384308e-01,2.526014195626103409e-01,-1.896396029608509448e-01,5.490626170062869182e-02,2.090610178733453839e-01,-1.222700842557512997e-02,5.306841394731124373e-01,8.075569027165405145e-02,-3.463512638014546452e-01,3.605480518472015117e-01,-2.276605866426751473e-02,-4.509817044161760768e-01,-1.251981767812977153e-01,1.566234447174866540e-01,-1.840883519951620750e-01,3.104878785901337146e-01,3.119224149061902707e-01,6.927700894507020368e-02,-2.444240320643555897e-01,2.969015603307677553e-01,-2.106815362299313266e-01,-5.214134783636326098e-01,-3.901431484681346790e-02,-3.860652961978427999e-01,-5.314389702828783424e-01,-3.502593921603550792e-02,3.033608911188615531e-01,-1.442661217219869396e-01,-6.139784875086011784e-01,2.860032185485536504e-01,4.745823094851848167e-01,-5.019566112283792014e-01,-3.161599790046382141e-01,5.898871382167253374e-01,-8.865025750169974739e-02,-6.583888886872231172e-01,2.626941759619713657e-01,4.916558131056665282e-01,-4.911192553977606345e-01,1.206811009862097800e-01,4.211179823187464200e-01,6.169859531269897834e-01,-5.939941536097242958e-02,-5.502299332869611259e-01,-2.366080839251441248e-01,-5.597533771005999137e-01,-3.074180009290540250e-01,-3.624467557736402723e-01,2.281921244809246574e-01,5.298079628737171511e-04
7.758631110950205967e-01,2.005919341568162262e-01,1.000000000000000000e+00,2.784910609337179488e-01,-3.299660679615397108e-01,-3.737126786600296624e-01,-3.695023893009634075e-01,-3.127502886661157055e-01,-3.927077719541377521e-01,-3.644541504918386576e-01,-2.542526727995109703e-01,-3.468454146396112159e-01,-4.262645896186978978e-01,-5.767291928615437824e-01,-1.853132481288748967e-01,5.929439938520568443e-02,-3.395663781978825457e-01,-1.934336420135999157e-01,7.258994218077098326e-01,3.416069886862482113e-02,-5.417098445632584358e-01,2.707477340878053917e-01,4.694637762535829872e-01,5.833543730451273314e-03,-5.977911273993675723e-01,-2.032363078669495449e-01,-5.198012501631028570e-01,2.575031521355420835e-03,-5.639993781960309649e-01,2.623629351297045442e-01,2.762433929554332646e-01,3.692104744805593253e-01,2.704885222233374131e-01,-3.460891024667274718e-01,-1.689119708222103222e-02,4.041625014429237051e-01,-2.289398192038267776e-01,-4.586139695684804951e-01,1.738460965730368457e-01,-5.310338046176076021e-02,-3.617118997947398329e-01,-9.436658275598130974e-02,2.554736924329346071e-01,3.727477944508650332e-02,1.665635454297149931e-02,-5.042639232505372604e-01,-1.025201457766130864e-01,-1.248111934248998800e-01,-4.144006588044865658e-01,-6.379557707726553339e-02,-1.662282176242567688e-01,-2.802546411654660563e-01,-3.649871344531097628e-01,1.768309611857638575e-01,2.563618453244255746e-01,5.067281970853034778e-01,4.092692880145138434e-01,9.839843909948167711e-02,-5.557963585464897882e-01,1.545137308838718214e-02,4.699093221573483192e-01,-5.295236350244330037e-01,-1.917642702511308528e-01,6.799342604553044733e-01,7.303762380450165015e-01,-5.356243577368084707e-02,1.365008621360435659e-01,6.411330154856866859e-01,2.715313994195248659e-01,-1.022685753252336460e-01,4.281689711156799749e-01,5.664140266455472972e-01,1.365491588038459381e-01,1.624818330388481669e-01,5.557037297523245156e-01,3.219670790299047347e-01,4.492484256913215623e-01,7.946537944559655120e-01,6.715415546280906200e-01,2.908273280532693295e-01,-1.532854980061542916e-01,-2.965369079996678647e-01,-7.612582356177217680e-01,1.607243459798539942e-01,2.253376876266975359e-01,3.587981733480239965e-01,5.043009571488623610e-01,2.295399494611264912e-01
2.746396700489143750e-01,3.050891577548749400e-01,2.784910609337179488e-01,1.000000000000000000e+00,5.815487318732053268e-01,2.847621454413143405e-01,-7.937093928990112124e-01,-2.600098502567139147e-01,6.267199451015413869e-01,-2.353108310389763480e-01,-8.003374334848202265e-01,2.452072651503698908e-01,4.153670658403687543e-01,-6.714244621144748182e-01,5.594020814093690619e-02,8.013923925966144335e-01,1.053991531308076240e-01,6.677872769386450358e-01,4.285186697443669201e-01,-1.315199241475820124e-01,3.606409132899060510e-01,6.321303695478576179e-01,4.909498633104554255e-01,-5.061393070292743435e-01,-1.195895370641637256e-01,6.422171054351983877e-01,1.536905493060954364e-01,3.774949000752604866e-01,-3.439376463239075810e-02,1.671125933295583219e-02,-3.655378404699611283e-01,4.219903307057435576e-02,3.113747863310938890e-01,3.911879877367717140e-01,-1.499027765387157540e-01,1.972468214362980976e-01,4.686387295340218584e-01,-1.630764915079114391e-02,-4.506046985897752856e-03,4.178693469965237828e-01,-6.518498983981653276e-03,-2.341921041312104157e-01,-1.008613885065261090e-01,-5.968859017044653159e-01,2.926261584066860433e-01,1.139576377452339168e-01,-6.706516179432624458e-01,-2.694505594636090184e-01,2.637200018043731609e-01,-1.879381542776487890e-01,-5.623236976487878680e-01,5.798523190922789255e-02,-4.277392888016853245e-01,-3.250204477727513530e-01,4.069683466076423062e-01,-1.461273598742151014e-01,-2.726785585311822246e-01,-4.857941279222772746e-01,-3.376595180869553792e-01,1.625413716314874288e-02,-4.122689046354495179e-01,-7.213569683185451220e-01,1.779749647724704065e-01,3.705856529493882778e-01,3.226847035870647473e-02,-7.548636473396761470e-01,-2.051932656382169373e-01,5.811195977768388587e-01,-2.264370077266777415e-01,-7.429074160026911677e-01,2.493984731928274023e-01,4.013839010925898676e-01,-6.948428881153813075e-01,-2.157281948866464072e-01,6.575255949138417710e-01,-1.311011020018880979e-01,-3.271048668651795333e-01,5.057632056026842848e-01,3.232432068702104644e-01,6.002604376706879297e-01,5.460264131846955804e-01,-3.047687792955849351e-01,-5.198233163955419123e-01,-3.423122949975210272e-01,-5.073109686644355909e-01,2.611768266813447453e-02,5.880565279149985863e-02,-3.446832206737822646e-01
-3.348024196584489798e-02,5.491349251632037243e-01,-3.299660679615397108e-01,5.815487318732053268e-01,1.000000000000000000e+00,1.060317694845716030e-01,-6.712535197736252401e-01,4.042559751991148254e-01,8.366055134856753561e-01,-4.273386697913567622e-01,-4.346245204214772007e-01,8.396483949834484539e-01,3.724854608198592820e-01,-3.236584021031359004e-01,5.885505612703498812e-01,6.711826425432524390e-01,-9.226811837131256022e-02,8.644148540076096454e-01,-3.050125607377787360e-02,-5.525654038283335234e-01,5.153386321037116691e-01,6.533350280012587552e-01,-4.172196466231008899e-02,-6.272438234570909543e-01,6.022506797713198662e-02,6.247430657124793951e-01,1.458259404796193037e-01,1.043376839472109768e-01,2.230833786661985396e-01,-3.582560857765451634e-01,-6.117878399748216678e-01,-3.160438064667327462e-01,9.689057176578752539e-02,5.613007085573293864e-01,1.226987380287816315e-01,2.934859279927747727e-02,4.514644875857158901e-01,3.245609635483749922e-01,1.916299307599085011e-01,4.348089692858415067e-01,8.574313343832591638e-02,-4.681067675030531339e-02,-6.969348337294491158e-02,-3.994058676349183656e-01,4.791728965657156558e-01,4.191843113161435874e-01,-5.691367979805477262e-01,1.301236055046471329e-01,4.037785781362531190e-01,-3.588978177689566285e-01,-3.167091641564397930e-01,3.180277556344446865e-01,-1.694239622325957317e-01,-1.069103538378152890e-01,3.018297405775596798e-01,-3.728266029504451184e-01,-5.877401651783475955e-01,-1.586039103773238257e-01,-1.916481423297724737e-02,-3.642713197135283298e-01,-5.694324865344007058e-01,-3.500706889636365782e-01,-1.411259290645422715e-01,-2.524208682845768825e-01,-2.789804948328093448e-01,-5.571524124525937260e-01,-6.624420943928766015e-01,1.432150853724213080e-01,5.410883888708191251e-03,-7.670641846248300588e-01,-3.543370741813239855e-01,2.941191302266814578e-01,-5.930957663788021250e-01,-7.089408198071167622e-01,2.372482188286388072e-01,5.490164159404137961e-02,-8.465034810900264883e-01,-1.322668015020603827e-01,9.267342253198750102e-02,5.766314131297326506e-01,3.525776032896286716e-01,-4.179093585547334899e-01,-3.383672058136470706e-02,-6.795095196412057614e-01,-6.017097409450042900e-01,-4.444337169175244795e-01,-1.675512894925272334e-01,-3.605210873970097762e-01
-6.364171717894105962e-01,-4.709155986369230051e-01,-3.737126786600296624e-01,2.847621454413143405e-01,1.060317694845716030e-01,1.000000000000000000e+00,4.611376455424819054e-02,-6.368470101378288506e-01,5.802491218410713580e-01,7.729742535517105662e-01,-5.107144178232700948e-01,-2.505455220563764795e-01,9.263050730524284848e-01,1.297021757912638074e-01,-5.380917640590611173e-01,4.128957719687806338e-01,9.185758763430625917e-01,2.307182767892012876e-01,-3.334081068888096189e-01,5.795515497705151509e-01,7.502671484452481110e-01,-2.901983501951130306e-01,2.336492815142849344e-01,6.579121781828221882e-02,5.439980461797034872e-01,4.449780462884220245e-01,8.205571604043513378e-01,4.494354347845768149e-01,3.345224127405840853e-01,1.603473239434554942e-01,-2.438877220024917580e-01,-1.063147294692482758e-01,-2.647858224897860213e-02,4.078928436858085815e-01,-3.517768602812259005e-01,-3.293463318833842468e-01,4.612282257677142727e-01,2.158793548698625941e-01,-5.250964250955809653e-01,1.275059256795487150e-01,3.857386073006429106e-01,-1.763312034989792110e-01,-4.735582560156410548e-01,-4.834631714504931121e-01,-1.056319569235528166e-01,3.500132308281758142e-01,-2.235671530957363262e-01,-3.687893667002374309e-01,5.638621810739364859e-01,2.479845194580806156e-01,-2.607386915646732750e-01,1.753050751969579824e-01,8.199477784934247615e-02,-5.210825675421524306e-01,4.022768775495082910e-02,-5.728851639033598619e-01,-2.971767268019158137e-01,-8.194928453030064786e-01,3.181618490435688673e-01,5.631102566359755812e-01,-6.613752269458850197e-01,-1.805857206376254576e-02,8.597218377184535631e-01,2.891025411824904925e-02,-7.171521736572100680e-01,-4.913729597007616134e-01,4.340228513996826076e-01,-1.467611621247272846e-01,-8.995752470656839250e-01,-5.968121173450251921e-02,3.591495740938107084e-01,-6.118280566014375754e-01,-6.750159766059989908e-01,4.453899447277694934e-01,3.417664514206766174e-02,-8.887928922442176471e-01,-1.234642472219566189e-01,-5.552917361238423472e-02,-4.863867645587814925e-01,-1.751516098335731408e-01,5.905599600688167250e-01,5.035291253271207967e-01,2.105153970804674313e-01,1.923969628637867413e-01,-2.405054073299294493e-01,1.832322694583828349e-01,-3.620634404250839267e-01,-3.385648633204831892e-01
-4.718020228624810741e-01,-6.134028636307322646e-01,-3.695023893009634075e-01,-7.937093928990112124e-01,-6.712535197736252401e-01,4.611376455424819054e-02,1.000000000000000000e+00,2.876015558664430857e-02,-5.612845497947174245e-01,6.105586549930868134e-01,7.701527709211231087e-01,-4.392535969135099583e-01,-1.467538036395996393e-01,8.546706557218094469e-01,-2.667730218293490885e-01,-7.823854454532391811e-01,2.148324710438861695e-01,-6.604309631803886305e-01,-6.023444918497763423e-01,3.318135013921350018e-01,-1.133050813473551605e-01,-7.890165438981997514e-01,-4.988631333958359337e-01,5.845752222250317764e-01,3.934983609986673625e-01,-5.400662287244230031e-01,1.421836608681293079e-01,-1.761508832852229367e-01,1.641222696639499934e-01,1.671504144429378225e-02,3.622610889554406244e-01,-4.193893871339694074e-02,-3.578164296780164122e-01,-2.855682282588615228e-01,3.695578266651967231e-02,-3.497055309469743190e-01,-3.578018404868593683e-01,1.194793777923154887e-01,-1.890390345737721078e-01,-4.683338590331022067e-01,1.651809699485743410e-01,2.664697561556774175e-01,1.762475100260695385e-02,4.984123307870042541e-01,-4.071789883937381727e-01,-6.837237183470760982e-02,6.458714883299171428e-01,1.395227979245538541e-01,-1.230609169493492722e-01,2.824451890825076528e-01,5.583802855425604728e-01,3.553299327729331734e-03,4.512078169367205738e-01,4.456987055348573395e-02,-4.493198838333690159e-01,1.297742132512706703e-02,1.897175634166560487e-01,2.408611564067702770e-01,5.000989039041162654e-01,1.908464750098906038e-01,2.087982218309264726e-01,8.334258315735492140e-01,1.503450800541404342e-01,-4.233887876435559749e-01,-2.772910368874518250e-01,7.177215480681793380e-01,3.858452471372975090e-01,-7.433086780653561654e-01,-4.777481995997183428e-02,8.544643975730112917e-01,-1.834773076955101556e-01,-6.999537173678224145e-01,5.958525758386958859e-01,4.226761840587129893e-01,-7.881127184536862451e-01,-1.695571325287731912e-01,4.474760392491378691e-01,-5.456585945841632146e-01,-5.548820716171616318e-01,-7.057226195061668816e-01,-2.770454282605332441e-01,5.013500035064708538e-01,6.125467401689619340e-01,4.098816864523145420e-01,3.643209131306844872e-01,3.059546358408262584e-02,-2.121713679216863935e-01,1.780537286653998130e-01
1.350812432434347066e-01,4.941068654888793321e-01,-3.127502886661157055e-01,-2.600098502567139147e-01,4.042559751991148254e-01,-6.368470101378288506e-01,2.876015558664430857e-02,1.000000000000000000e+00,-1.203540075025335589e-02,-6.165142842666065937e-01,5.744195596494842126e-01,7.839953281119529382e-01,-4.758088374443081858e-01,2.359223578554149603e-01,8.885093846273683926e-01,-2.345048323271221868e-01,-6.885426502334189847e-01,2.323785302427148758e-01,-2.576034693969542211e-01,-8.310469933232108586e-01,-1.377718903746674162e-01,3.280525091219717582e-01,-6.576690468359815966e-01,-2.783230236854581929e-01,-6.671655449967557605e-02,-1.347452300595244068e-01,-4.192650067211987630e-01,-4.087112902738888054e-01,7.675329568073188669e-02,-5.530221164560753522e-01,-2.139798796030555617e-01,-3.300796970649286233e-01,-1.806154139690227534e-01,7.359912549641015045e-02,4.801095172761727925e-01,3.531371879363562056e-05,-1.688957996777692983e-01,3.115226740015223372e-01,4.958721191500603531e-01,-2.804599151477644731e-04,-4.246869129664939541e-02,3.416610177229026934e-01,3.316516008586986031e-01,3.639850917071681957e-01,2.984003345936362961e-01,1.070861323981245478e-01,7.442038521903558690e-02,5.811832497799717112e-01,-1.057929582493627174e-01,-3.996519885852411469e-01,3.201550686368905274e-01,2.565234617151587737e-01,1.229185655165806468e-01,3.879141051039242116e-01,-4.165162375253891880e-02,6.207042394043782441e-02,-2.712482945376532562e-01,7.099588083534656979e-01,1.292774519248832410e-01,-7.340804921279462381e-01,7.874793212447009361e-02,3.105196003330111254e-01,-7.448546685483568019e-01,-6.580450875742359651e-01,4.875087184514557970e-02,3.771191524688869423e-01,-7.937437828378558491e-01,-3.327485053436853302e-01,7.187359335762848467e-01,-1.091195977777548870e-01,-8.544714622554449024e-01,2.623848500173190934e-01,3.954016871608384553e-01,-8.033786853767764802e-01,-4.127733696430664345e-01,6.543101357448656286e-01,-4.817392698344429847e-01,-5.248928091409014174e-01,1.030846888462757516e-01,2.317068406382706003e-01,-3.552875306921235432e-01,-5.188368485357388593e-01,2.505462059733675195e-01,-5.871491786532764268e-01,-1.250351263468466312e-01,-6.362575913513610626e-01,-5.152810739829191689e-02,7.235063315748392621e-02
-2.995459789654726923e-01,2.335176160202870055e-01,-3.927077719541377521e-01,6.267199451015413869e-01,8.366055134856753561e-01,5.802491218410713580e-01,-5.612845497947174245e-01,-1.203540075025335589e-02,1.000000000000000000e+00,1.801522754930712927e-02,-6.585354644594897389e-01,5.682140566391655767e-01,7.813218332864922955e-01,-2.475554986917770373e-01,2.117479713121897256e-01,7.968337322762427677e-01,3.860812750227637369e-01,8.499746695687790954e-01,-1.623465422463196417e-01,-1.660341342719846291e-01,8.084307459892251524e-01,4.275032829357048314e-01,1.157731946787495247e-01,-5.082162556873258685e-01,3.059510889806090761e-01,7.486616642425064638e-01,5.096985536821779794e-01,3.237871364496575088e-01,3.184934529932653136e-01,-2.191959548803242563e-01,-6.557464389569918062e-01,-3.189733957518198215e-01,8.952492394043755353e-02,6.900494332287414601e-01,-8.094325422560862127e-02,-1.276833318044107990e-01,6.287897031310807350e-01,3.757512600411078707e-01,-1.037200927867298200e-01,4.529046155688734032e-01,2.844243126472956185e-01,-1.318696000688285852e-01,-2.997898437588411569e-01,-5.986566613589693331e-01,3.545511024015017831e-01,4.913494262914384070e-01,-6.079989109062322594e-01,-9.042205045574774891e-02,6.173561376524021593e-01,-1.872700397355387680e-01,-4.257218791679649450e-01,3.673464619306401335e-01,-1.318368321420909928e-01,-3.373214710950676043e-01,3.176449346113153771e-01,-5.851988124179505757e-01,-6.403797949515432908e-01,-5.560408633845475013e-01,1.130350450322223227e-01,-2.593437905685567341e-02,-8.078883586959327845e-01,-3.401720056481353782e-01,3.196564204240943674e-01,-1.616993390054020652e-01,-5.772374345426045661e-01,-7.463422970543220902e-01,-3.360900622456176601e-01,8.732817661761824168e-02,-4.531306645412082057e-01,-7.018110218990911697e-01,-8.869066680878302800e-02,-3.351393620533353601e-02,-8.524271010352618694e-01,-3.476527062356036812e-01,2.595253508348907556e-01,-4.087485782223775899e-01,-7.774536574997747973e-01,-8.692604718339702607e-02,-1.110250088807548663e-01,4.082636163911561589e-01,5.688403260564105501e-01,-1.247607406074228154e-01,2.239735016922168864e-02,-4.548238230113610392e-01,-5.755401234650181497e-01,-2.576107290309614939e-01,-2.901481947122946936e-01,-4.262062782327457056e-01
-7.068237247163782211e-01,-7.680755274096368046e-01,-3.644541504918386576e-01,-2.353108310389763480e-01,-4.273386697913567622e-01,7.729742535517105662e-01,6.105586549930868134e-01,-6.165142842666065937e-01,1.801522754930712927e-02,1.000000000000000000e+00,5.763033021457816298e-03,-6.139768768836117996e-01,6.015182453163907539e-01,5.348123080548674579e-01,-7.133400936052604058e-01,-1.596145750674044794e-01,8.654081789094467680e-01,-3.150234032844675403e-01,-5.043872361046809472e-01,7.637019236507819331e-01,4.269713087121704276e-01,-7.366033423342467357e-01,3.279109290071260951e-03,4.612648772406343078e-01,5.889902871347499902e-01,-1.362771109783614785e-02,6.938782939225541790e-01,2.748806814116566688e-01,2.853734814464870539e-01,2.489153726535330291e-01,1.190858553151407928e-01,-4.558537602341778544e-03,-1.844691299276047525e-01,6.164022454517541216e-02,-3.189773411631204314e-01,-4.153879346111972182e-01,1.124961166900385612e-01,1.260113113711330834e-01,-5.628804833672748087e-01,-2.062627982632128099e-01,3.472370400371419530e-01,-3.342906140506620577e-02,-3.630474793387163390e-01,-8.934191027336309265e-02,-3.885433143776497178e-01,1.448145153653836725e-01,2.370523374987175969e-01,-2.910478266366670064e-01,2.935419263398038048e-01,4.263367907653403122e-01,1.003840475225072498e-01,4.753875068526580011e-02,2.908808276614289756e-01,-3.918692823421117688e-01,-2.327199511537419718e-01,-3.590610909616276381e-01,3.006439218501814805e-03,-5.367630794737372479e-01,4.642090672304414745e-01,6.490453357441091642e-01,-2.986382539999195562e-01,4.137381467992115036e-01,8.021681821433798154e-01,-7.382923174860955839e-02,-6.218589695547014351e-01,3.498383634999348984e-02,6.987317152747899440e-01,-4.557716819352348181e-01,-7.631337648306008026e-01,5.063008766039168718e-01,3.248000069916427979e-01,-8.660679288881354410e-01,-1.597225710480212058e-01,7.297068797674690632e-01,-3.490520285142590384e-01,-8.170039781842867166e-01,3.054940865674958816e-01,-2.278642153755281452e-01,-6.472526981025114035e-01,-5.804950390187337828e-01,2.787303808168489216e-01,7.331462706258335960e-01,4.298404061335062698e-01,5.037233683032582565e-01,1.034579163472369168e-01,2.850992502816536711e-01,-3.381221844543261801e-01,-1.139414914791659628e-01
-1.033158151225117283e-01,-1.565994981051065937e-01,-2.542526727995109703e-01,-8.003374334848202265e-01,-4.346245204214772007e-01,-5.107144178232700948e-01,7.701527709211231087e-01,5.744195596494842126e-01,-6.585354644594897389e-01,5.763033021457816298e-03,1.000000000000000000e+00,-3.779824145866369535e-03,-6.123918944784846330e-01,7.267477721599630014e-01,2.773238041615413985e-01,-8.602661206088255685e-01,-3.900537792810552240e-01,-5.393082503682490314e-01,-4.539810023007710971e-01,-2.243613312933107062e-01,-4.139134762544835477e-01,-4.271628771110975720e-01,-7.164157672444612102e-01,3.488600020620792885e-01,8.474148775075705797e-02,-6.401796371083271486e-01,-3.198126049073472532e-01,-4.492921330578203976e-01,3.520845044760225612e-02,-2.442109610946282539e-01,3.068617517480169421e-01,-1.194430843945190335e-01,-3.656731032075885568e-01,-3.544892172809555042e-01,3.373745020027660857e-01,-1.774752811193382740e-01,-5.258847053310500286e-01,1.362738445568660861e-01,2.054951449424359256e-01,-4.440194336569239231e-01,-1.905942348039339415e-02,4.123114064962144498e-01,3.105363551114121989e-01,7.062334700825527722e-01,-1.832956040697964195e-01,-1.280954502167516718e-01,6.229314628865355585e-01,4.510261022179143375e-01,-3.224313379690701420e-01,-1.860343885700854001e-03,6.637066915930651678e-01,4.042401002427348233e-02,3.907656137456905765e-01,3.617153451465704994e-01,-3.953351141459575668e-01,2.210938741328861423e-01,1.611876286858090757e-01,7.283092662112438109e-01,3.473549909475625030e-01,-2.921892686179668464e-01,4.288381153089096398e-01,7.848430061490316856e-01,-4.342162868330547987e-01,-5.745743089538981607e-01,5.237709377337384370e-02,8.925531127621542105e-01,-1.127030817272043212e-01,-6.641371143589070991e-01,5.320172861103799056e-01,6.800903450293513952e-01,-5.700254513886505725e-01,-2.577465469569906742e-01,8.503518809729182504e-01,-9.039538198311475314e-02,-7.808934237140154888e-01,3.987530813554075459e-01,2.485102872639316229e-01,-5.750312832368807969e-01,-2.096409057897461181e-01,-3.964962486382845319e-01,-5.509202669380420803e-01,2.725775829327280533e-02,4.770405211235544396e-01,5.007445430449235235e-02,3.242750421927136362e-01,-2.616690684212478746e-01,-6.447856817468095025e-02,2.710505071679670253e-01
7.734345957597431320e-02,6.262621877249586744e-01,-3.468454146396112159e-01,2.452072651503698908e-01,8.396483949834484539e-01,-2.505455220563764795e-01,-4.392535969135099583e-01,7.839953281119529382e-01,5.682140566391655767e-01,-6.139768768836117996e-01,-3.779824145866369535e-03,1.000000000000000000e+00,7.603112663634723975e-03,-1.026704681951754461e-01,8.800183954136576725e-01,3.518635204677891815e-01,-4.237780295167418720e-01,7.311955369980460695e-01,-1.581550746581160127e-01,-8.274760985831089988e-01,2.930935727985687911e-01,6.408956360908257821e-01,-3.762046069623844469e-01,-5.814123682085140521e-01,2.312778974016953173e-03,3.433320224788426467e-01,-1.396303431905719095e-01,-1.371229920198579200e-01,1.632831503817165630e-01,-5.735317462951011747e-01,-5.702404726254891587e-01,-4.183842248373492723e-01,-2.822489686778089854e-02,4.534471714132889408e-01,3.598764705150685472e-01,1.874842513591147911e-02,2.346659183044543240e-01,4.135802147134494677e-01,4.072866146183748426e-01,3.132739573239177178e-01,6.653958066207943389e-02,1.739824390119777686e-01,1.398019469864446029e-01,-8.552887042244448901e-02,5.070060443269300832e-01,3.137220879894889736e-01,-3.730286397901920736e-01,4.076491157774317364e-01,2.242794207268918316e-01,-4.912232888836554068e-01,-6.460262555337956125e-02,3.927033095424589670e-01,-7.136670819311966008e-02,1.513844843019388486e-01,2.279425408115843821e-01,-2.191033168093365346e-01,-5.717742595937840289e-01,2.711426548272932169e-01,5.305378407689177039e-02,-6.621902230294006708e-01,-3.647587709108660037e-01,-8.384404644805111551e-02,-4.853285057669252667e-01,-5.228491748799976024e-01,-1.730154117808262726e-01,-1.927439781351883152e-01,-8.901579325987178937e-01,-7.452831112585796280e-02,3.882679930900865273e-01,-5.988775960180973135e-01,-7.040955960146161319e-01,3.475067369800758921e-01,-1.954751388761217790e-01,-8.995421468468006720e-01,-4.581542995541858926e-02,3.802526124319605128e-01,-8.398196911476071280e-01,-3.448172838093604975e-01,1.556135562044093090e-01,5.178521576458466891e-01,2.926873389554125043e-02,-5.902703673785354432e-01,7.579995886877506639e-02,-7.639451351319113126e-01,-4.267240973045284269e-01,-6.356580697730276341e-01,-1.301125318444088519e-01,-1.683428786266836785e-01
-5.948900471496111342e-01,-2.638484275246859578e-01,-4.262645896186978978e-01,4.153670658403687543e-01,3.724854608198592820e-01,9.263050730524284848e-01,-1.467538036395996393e-01,-4.758088374443081858e-01,7.813218332864922955e-01,6.015182453163907539e-01,-6.123918944784846330e-01,7.603112663634723975e-03,1.000000000000000000e+00,2.056911903610890782e-02,-3.386991886318924672e-01,5.954032282430812284e-01,8.485015402993458800e-01,4.787820645122509711e-01,-3.288533162587956027e-01,3.829652495923258626e-01,8.711141826753237005e-01,-7.402943497006254925e-02,2.065275176935411905e-01,-1.321134384170747078e-01,5.337531969868299919e-01,6.053711120534402967e-01,8.089791673024072649e-01,4.641576754262661808e-01,3.762130211130626511e-01,3.771904831549770243e-02,-4.336139259309099714e-01,-1.973761584535284330e-01,2.188786076259019095e-02,5.700876800316608817e-01,-3.041477633929133839e-01,-2.972755134982462133e-01,5.882939232019886999e-01,3.042534751298845430e-01,-4.388792410403496436e-01,2.679136410382391698e-01,4.008753827547557047e-01,-1.860501370414042177e-01,-4.746407979804321831e-01,-5.858010084942030238e-01,3.995228028001433784e-02,4.362627217581440120e-01,-3.784907657186252772e-01,-3.117706913228406318e-01,6.424122635274819304e-01,1.211539574307791273e-01,-3.474433971605754290e-01,2.761075613374670557e-01,6.566146396317112076e-03,-5.174521593172870526e-01,1.569955371116303067e-01,-6.450495151581460140e-01,-4.616593795552583201e-01,-8.183818400754555578e-01,2.934671581635304172e-01,4.157208912690799618e-01,-7.997966940047849249e-01,-1.230879470384232399e-01,7.727776289869634496e-01,-4.746623492794648652e-02,-7.647929186622361986e-01,-6.386249090448504750e-01,2.081047400337927011e-01,-9.415677094440971784e-02,-8.495120305483491174e-01,-2.900597046362643483e-01,2.339901002631280258e-01,-4.909428099295043424e-01,-8.136522125306163700e-01,2.201183094747444779e-01,1.058879415128481383e-01,-8.277306171414905434e-01,-3.774286530932770001e-01,-8.708393882392737040e-02,-4.116582677834164650e-01,8.484090703348569178e-04,6.356144102768424009e-01,3.437033219213785351e-01,1.827723279543101986e-01,-1.152209807034389188e-02,-3.717079949673269268e-01,4.458824714347348062e-02,-3.753891339070501987e-01,-3.822116679898530656e-01
-5.991877844034602107e-01,-4.144352314666572834e-01,-5.767291928615437824e-01,-6.714244621144748182e-01,-3.236584021031359004e-01,1.297021757912638074e-01,8.546706557218094469e-01,2.359223578554149603e-01,-2.475554986917770373e-01,5.348123080548674579e-01,7.267477721599630014e-01,-1.026704681951754461e-01,2.056911903610890782e-02,1.000000000000000000e+00,-2.257939291838509041e-02,-6.758555071619416488e-01,2.389542317167683561e-01,-3.782902171400080449e-01,-8.469937822162499907e-01,1.058224028148154194e-01,1.395547320364316501e-01,-6.904226460238841456e-01,-7.168663468860662080e-01,3.703081225115820718e-01,4.663702207973249858e-01,-3.871985470569888066e-01,2.388549320164916612e-01,-2.472985988385675293e-01,2.847455401091983918e-01,-2.539917400474850373e-01,7.982516957301824534e-02,-3.440026867659792820e-01,-5.009624608279653613e-01,-2.766090410354167875e-02,2.210428165475047113e-01,-4.939730707542133170e-01,-2.567121157059757963e-01,4.234823203779236045e-01,-1.092959547897480038e-01,-4.025703640759880630e-01,2.921683204012239798e-01,3.711216410857628989e-01,3.389326479850171656e-04,4.678689503011110307e-01,-1.873175064517282329e-01,1.990840533922904887e-01,5.148788964465362827e-01,3.455460980935891047e-01,1.282828673614439530e-01,1.202184662164894197e-01,5.993312456683239642e-01,2.925593724379521032e-01,5.263339913279502236e-01,8.162627539377090291e-02,-3.401899292981862555e-01,-2.595907586699151004e-01,-1.408186810943163059e-01,2.323614065868767620e-01,7.129723446462876701e-01,3.886644519544952409e-02,-8.608229042508656892e-02,8.923915369576130852e-01,1.423660389230123891e-01,-7.038568286425697096e-01,-5.159462121171306537e-01,6.602977213981698901e-01,1.262787147799742105e-01,-9.213430346859249331e-01,-4.405028147320630416e-02,7.126084451078564808e-01,-4.631996896982557010e-01,-7.685291471822371934e-01,4.439789684752561971e-01,1.658168495935872511e-01,-9.033712799374229441e-01,-2.174758056125911665e-01,8.794459489767364468e-02,-7.203176482477163800e-01,-5.667551589726370631e-01,-5.212461081236953175e-01,-1.879333260841968001e-01,3.725710499133031983e-01,7.286445207598903906e-01,1.279578526884721512e-01,1.272947347002500451e-01,-2.214785102016585128e-01,-3.606066042173689534e-01,4.645658464379390923e-02
2.745948280715233558e-01,6.283964087213906868e-01,-1.853132481288748967e-01,5.594020814093690619e-02,5.885505612703498812e-01,-5.380917640590611173e-01,-2.667730218293490885e-01,8.885093846273683926e-01,2.117479713121897256e-01,-7.133400936052604058e-01,2.773238041615413985e-01,8.800183954136576725e-01,-3.386991886318924672e-01,-2.257939291838509041e-02,1.000000000000000000e+00,8.276981425593969710e-02,-6.771670750070450939e-01,5.127330746064286959e-01,-1.229016177511475655e-01,-9.474015583902877236e-01,6.782310447924846247e-03,6.033998122624973925e-01,-5.104160170304318234e-01,-4.915747824705602453e-01,-1.379755610257880072e-01,5.790831752009761857e-02,-4.304046696486887313e-01,-2.334505387251128716e-01,2.972833367780451739e-03,-6.218510524488994884e-01,-4.028806736982535885e-01,-3.363402921100302478e-01,-1.645974901452816608e-02,2.387831953444071176e-01,5.047968357602574674e-01,1.493631370462225882e-01,-2.706438452838612774e-03,3.134465149170781451e-01,5.914452122735777140e-01,1.723029895838325831e-01,-1.021597707549895123e-01,2.830408766181825575e-01,3.677138615283834788e-01,1.668485361531410194e-01,4.815988128724620898e-01,8.623809761504475091e-02,-2.286482606846610421e-01,5.539496131382892763e-01,-2.876403520002208600e-02,-5.650506142582404356e-01,1.161511862686985253e-01,3.291891758070074059e-01,-1.207822185081675187e-01,2.968715501854468641e-01,2.116806556158749020e-01,3.845211210840485117e-02,-4.298759944622061457e-01,5.749117188862560290e-01,2.342236570358034037e-02,-8.024085889755955270e-01,-1.028026484677245500e-01,4.981342884126520321e-02,-6.843254444982478368e-01,-5.511016378901063550e-01,6.407085889747575480e-02,1.119580878251597439e-01,-9.365404826607623967e-01,-1.232926960349682716e-01,6.943163467168755876e-01,-4.106872022454755577e-01,-8.198284015866968977e-01,4.489673680497106023e-01,1.639838058328570158e-01,-9.149222241051472304e-01,-1.625495223468927664e-01,6.553601906499971763e-01,-5.755169528198135209e-01,-3.335867116455882853e-01,2.447083355953516837e-01,4.353999265089956161e-01,-1.927879519014487897e-01,-6.327779044107664230e-01,5.099746833511545341e-02,-6.731500333735915831e-01,-2.658844346061258190e-01,-5.973378749038456004e-01,-3.324524476490370306e-02,-4.527620855326169175e-02
9.351795752057970312e-02,2.884275830591758738e-01,5.929439938520568443e-02,8.013923925966144335e-01,6.711826425432524390e-01,4.128957719687806338e-01,-7.823854454532391811e-01,-2.345048323271221868e-01,7.968337322762427677e-01,-1.596145750674044794e-01,-8.602661206088255685e-01,3.518635204677891815e-01,5.954032282430812284e-01,-6.758555071619416488e-01,8.276981425593969710e-02,1.000000000000000000e+00,2.312750612524529237e-01,8.198719788342765380e-01,3.414954804102706687e-01,-9.713723059340376165e-02,5.482798896447390602e-01,6.667593508855409468e-01,5.287170818914611603e-01,-4.272032268535861377e-01,-1.374219841606263634e-02,6.701090208066839971e-01,2.673649637642047661e-01,4.625197849313736898e-01,-9.006257083200977509e-03,-6.494163604293366754e-02,-5.536489417608586594e-01,-1.911268236459762529e-02,3.877987900083580963e-01,5.427852857157046129e-01,-1.364037724887171843e-01,2.303376146162522120e-01,5.991261066071326136e-01,4.079011217069679340e-02,3.987498904854361315e-02,5.498392241391628632e-01,1.339721970903967347e-03,-2.644624155916475150e-01,-1.512504645066772846e-01,-6.820038728504843606e-01,4.207615339724528614e-01,1.287491250876696691e-01,-8.062790385435573137e-01,-2.522024951067154963e-01,3.339907915867554866e-01,-2.953429230419769014e-01,-6.986439811248487119e-01,1.323494131815191044e-01,-4.695610100764331385e-01,-3.328496381245873437e-01,5.138981439545964314e-01,-2.423130538908320475e-01,-4.433253370348204658e-01,-5.451372505388425438e-01,-3.066143365080243877e-01,-6.514159991049287002e-02,-5.902266693522013608e-01,-7.416772278413615860e-01,2.265573289460349471e-01,2.926396441616944122e-01,-1.716293265810651392e-01,-8.898563823126801609e-01,-2.548610772386145085e-01,5.326361471494945876e-01,-3.488670832047028325e-01,-8.464350521105846736e-01,2.175867255479658480e-01,3.314159958635505276e-01,-8.173003256571431674e-01,-2.720950726438897127e-01,6.318726813392818720e-01,-2.154165150703593601e-01,-4.896028344170001989e-01,3.259669324317783223e-01,1.577059885121174787e-01,4.694253996528965911e-01,5.631746044056070710e-01,-2.230108077039116010e-01,-3.610179632776270853e-01,-3.160369126860086419e-01,-4.316812617615127801e-01,2.344177535173627442e-03,-3.860152868680492063e-03,-3.036273410588151700e-01
-6.623108907114564348e-01,-5.719635571121672868e-01,-3.395663781978825457e-01,1.053991531308076240e-01,-9.226811837131256022e-02,9.185758763430625917e-01,2.148324710438861695e-01,-6.885426502334189847e-01,3.860812750227637369e-01,8.654081789094467680e-01,-3.900537792810552240e-01,-4.237780295167418720e-01,8.485015402993458800e-01,2.389542317167683561e-01,-6.771670750070450939e-01,2.312750612524529237e-01,1.000000000000000000e+00,2.857750475440061846e-02,-4.003457611867959898e-01,7.113245839656914260e-01,6.706382815936228203e-01,-4.780510790722520276e-01,1.945290631884480093e-01,1.744418992356114029e-01,5.485762089648629214e-01,3.146392997201407082e-01,8.023640758737493606e-01,4.157605622187429129e-01,3.226405591915835758e-01,2.254713024828436385e-01,-1.488413798976355729e-01,-7.361378998543072205e-02,-6.724509152428775893e-02,3.209829394844687100e-01,-3.719550294542059987e-01,-3.596917871939538935e-01,3.836851715211213043e-01,1.774814867913986904e-01,-5.784666647661433903e-01,6.604319439422205729e-02,3.916513106374656661e-01,-2.009473784803428587e-01,-5.153246956932433509e-01,-3.985728018745940404e-01,-2.117600119606006803e-01,3.093236669535595618e-01,-6.702457472787798354e-02,-3.733350622939084484e-01,5.280760707009979349e-01,3.481888824808067051e-01,-1.924527855297988033e-01,1.466509062881035941e-01,1.280352129034961484e-01,-4.561713757917811307e-01,5.323820561438549238e-03,-5.423817012588416642e-01,-2.190693558472012747e-01,-7.743990826638125213e-01,3.888689211713219351e-01,6.236337869997907735e-01,-5.774971902290818582e-01,1.073980310564805890e-01,9.234680576572971145e-01,3.851707489224646258e-02,-7.027223244850234751e-01,-3.520733824591116834e-01,5.690760276841771992e-01,-2.271606577416128148e-01,-9.034368879675527264e-01,1.307720590854128118e-01,4.014082888986847397e-01,-7.145432409894630910e-01,-5.361062088741764819e-01,6.043094685241381381e-01,-5.747863558678258100e-02,-9.131921747265098199e-01,4.015418308282401455e-02,-6.638914824061661890e-02,-5.069305843306483039e-01,-3.328510514242082885e-01,4.929914151473822059e-01,6.131362817211247762e-01,2.700642577251337051e-01,3.474957669183258990e-01,-9.557790257941181644e-02,2.676513670184124671e-01,-3.281164343587748000e-01,-2.127321665930461958e-01
6.038725375709395188e-02,4.882146244321209916e-01,-1.934336420135999157e-01,6.677872769386450358e-01,8.644148540076096454e-01,2.307182767892012876e-01,-6.604309631803886305e-01,2.323785302427148758e-01,8.499746695687790954e-01,-3.150234032844675403e-01,-5.393082503682490314e-01,7.311955369980460695e-01,4.787820645122509711e-01,-3.782902171400080449e-01,5.127330746064286959e-01,8.198719788342765380e-01,2.857750475440061846e-02,1.000000000000000000e+00,-2.547398381055666385e-04,-5.044726228556407621e-01,6.548576821960728767e-01,7.446632183521555426e-01,6.270883357023290805e-02,-5.925191295721502494e-01,1.077005033465020661e-01,6.374584812556688407e-01,1.728750540056137319e-01,2.935720474124318691e-01,1.072639330957955023e-01,-4.211281027114549547e-01,-7.445478371940931206e-01,-3.061840205322845510e-01,2.173162385594051560e-01,7.002640388632541679e-01,1.391065863563005212e-01,1.151954177234777998e-01,5.657375510263058516e-01,3.495086126985056385e-01,2.465840863440082187e-01,5.368617587190950280e-01,8.361372760583195285e-02,-3.819422935798440222e-02,-2.270192113579069457e-02,-5.042259412277645403e-01,5.906946704290788608e-01,2.670859899625067646e-01,-7.749058325824784710e-01,9.765870770232155940e-02,4.097907863314709243e-01,-5.050348677662439556e-01,-4.791928262681784956e-01,4.004438688116594980e-01,-3.581404586973831461e-01,-1.971222730731675421e-01,5.141484099278347264e-01,-3.411575999467211240e-01,-7.167591510571487134e-01,-2.577298654038777670e-01,-5.520409017452542616e-02,-3.994339014202060723e-01,-7.152594700490988444e-01,-4.577494218249175684e-01,1.145694518891507939e-03,-1.821560565860906034e-01,-3.319401552235485275e-01,-6.699119230742199838e-01,-6.447130779172615123e-01,1.932388381297988345e-01,-8.069138112028428900e-02,-8.371464834187003490e-01,-2.914901091220929441e-01,2.829924202113528464e-01,-6.484875384074808569e-01,-6.260138111080943979e-01,2.906018785293993378e-01,-2.225948920619057539e-02,-7.614859629998579349e-01,-3.498783580721946673e-02,9.019614359112367030e-02,5.425556853300024240e-01,4.689954508500542296e-01,-3.938864497320537783e-01,-1.196664083756976138e-01,-5.998592446426060931e-01,-5.520371007779819594e-01,-3.650307510390130017e-01,-1.284217109720292016e-01,-3.234274506617220712e-01
6.758539006096261348e-01,2.593016341025075611e-01,7.258994218077098326e-01,4.285186697443669201e-01,-3.050125607377787360e-02,-3.334081068888096189e-01,-6.023444918497763423e-01,-2.576034693969542211e-01,-1.623465422463196417e-01,-5.043872361046809472e-01,-4.539810023007710971e-01,-1.581550746581160127e-01,-3.288533162587956027e-01,-8.469937822162499907e-01,-1.229016177511475655e-01,3.414954804102706687e-01,-4.003457611867959898e-01,-2.547398381055666385e-04,1.000000000000000000e+00,3.930936700782733384e-02,-5.170945034160614462e-01,5.026979556194988152e-01,7.565048126398355999e-01,-6.015917197477383543e-02,-6.067747280537795218e-01,6.864862586256470500e-02,-4.084515528849288479e-01,1.021119852120645766e-01,-4.182122656891198997e-01,3.864826854003764467e-01,2.485889668933708718e-01,5.379983721980085010e-01,4.746824772148374172e-01,-3.007926258385533735e-01,-2.416059669333242566e-01,5.361720357373751522e-01,-1.019356753064476657e-02,-6.225868985522385879e-01,9.628588027490778134e-02,2.009097750074806676e-01,-4.039766175002215687e-01,-3.416617346378016951e-01,1.091596408827795878e-01,-2.340559472187464796e-01,1.902678976834439387e-02,-4.007180570559665811e-01,-2.532789828841694457e-01,-3.758906628532296401e-01,-4.355133680326845891e-01,-1.094121505531220166e-02,-4.575083872114276695e-01,-5.311734657598100595e-01,-4.186464275240892596e-01,3.559790037776373178e-02,1.282757737702404088e-01,5.095902972766049865e-01,4.776605814128022653e-01,-4.139500580429798099e-02,-8.213593226589538387e-01,3.157062634099930265e-02,4.648107486016060386e-01,-8.005760125908081282e-01,-2.912625880511156562e-01,8.336974008843313078e-01,7.827061127281528252e-01,-3.652323835569656896e-01,8.345828559776119482e-02,9.026220960618022149e-01,1.825030892170831642e-01,-3.968657862078496246e-01,5.652169854488797718e-01,7.548342504618648086e-01,-9.726037238220547332e-02,5.934944099298412531e-03,7.806040317012769014e-01,3.488114479084913344e-01,2.351626159104685254e-01,7.208081760431223062e-01,5.416093507423491715e-01,3.104114664756528752e-01,-3.061874077959613263e-02,-2.791056564579391108e-01,-7.242277551040828820e-01,8.041724621889415059e-02,1.231249109617892079e-01,3.394119824192396995e-01,4.612501899757190382e-01,9.440757237199459695e-02
-3.948422440773725062e-01,-6.644961408869728414e-01,3.416069886862482113e-02,-1.315199241475820124e-01,-5.525654038283335234e-01,5.795515497705151509e-01,3.318135013921350018e-01,-8.310469933232108586e-01,-1.660341342719846291e-01,7.637019236507819331e-01,-2.243613312933107062e-01,-8.274760985831089988e-01,3.829652495923258626e-01,1.058224028148154194e-01,-9.474015583902877236e-01,-9.713723059340376165e-02,7.113245839656914260e-01,-5.044726228556407621e-01,3.930936700782733384e-02,1.000000000000000000e+00,4.579809685788115148e-02,-6.681749369150079554e-01,4.869088505867479322e-01,5.781619126711483592e-01,2.083181488955676286e-01,-6.776256778115803681e-02,5.186036241316044348e-01,2.145829949455398677e-01,6.216872747510965302e-02,5.905873437515946067e-01,3.749275372471218004e-01,2.993448459153896790e-01,-2.365785449380046132e-02,-2.091072221640274953e-01,-5.212970426118458400e-01,-2.255383965999565865e-01,2.575614464080860574e-02,-2.568277981013213362e-01,-6.451414994467912223e-01,-1.750964639667386136e-01,1.748692929937089580e-01,-2.776922196305433022e-01,-4.265991773919610708e-01,-1.657008533457973720e-01,-4.730960151081347043e-01,-7.512116763458000050e-03,2.607935256597446183e-01,-5.470587013710818125e-01,6.629461531997911383e-02,5.809848509706218023e-01,-1.166173580465861975e-01,-3.169209377283866980e-01,2.124677527330436633e-01,-2.810895027120540735e-01,-2.843568891350988781e-01,-1.098056957838221132e-01,4.010453384033615953e-01,-5.973840782129936633e-01,2.391066465637789115e-02,8.154242025796946125e-01,5.950595023063640077e-02,8.147733945311584972e-03,6.888092775833887238e-01,4.731825231536388454e-01,-1.740318030061394350e-01,-1.050846652510925433e-01,9.405495317642772468e-01,2.535353798327984187e-02,-7.443587138368029654e-01,4.372241648707329564e-01,7.667405014883575953e-01,-5.392242714843389351e-01,-1.760988280146539298e-01,8.907313083396030118e-01,6.634264932423555861e-02,-6.971413600175431213e-01,5.032774021648719343e-01,1.915462596754733959e-01,-3.721385431049241133e-01,-5.069463748140555781e-01,2.004081109778923231e-01,6.947098939994884592e-01,7.473020003262136057e-02,6.572234229542318618e-01,2.540430005508393929e-01,5.534966853377853990e-01,-1.593252782590337188e-02,3.240184285113920787e-02
-5.205070348271376712e-01,-9.777400823194840052e-02,-5.417098445632584358e-01,3.606409132899060510e-01,5.153386321037116691e-01,7.502671484452481110e-01,-1.133050813473551605e-01,-1.377718903746674162e-01,8.084307459892251524e-01,4.269713087121704276e-01,-4.139134762544835477e-01,2.930935727985687911e-01,8.711141826753237005e-01,1.395547320364316501e-01,6.782310447924846247e-03,5.482798896447390602e-01,6.706382815936228203e-01,6.548576821960728767e-01,-5.170945034160614462e-01,4.579809685788115148e-02,1.000000000000000000e+00,1.010504329975253357e-01,-7.312375272029135453e-02,-2.933677444236821308e-01,6.647659927902759280e-01,6.134001678026120841e-01,6.980981557704335483e-01,4.677813092797943884e-01,4.147957189620627982e-01,-1.995440327339432218e-01,-6.139617319534208528e-01,-3.240651361382399509e-01,2.860704597027371662e-02,7.128349813378612732e-01,-1.264731955490717985e-01,-2.509998981700087284e-01,6.347564533503166073e-01,4.568790437072987598e-01,-2.163015555097706488e-01,3.690426918283004620e-01,3.909214299284622940e-01,-8.611639851282779090e-02,-3.493510174200643026e-01,-5.230112713048494788e-01,1.820586358162609719e-01,3.987629937706104188e-01,-4.626531860917245664e-01,-1.155358473571263811e-01,6.356732089787825446e-01,-8.290018256281836417e-02,-2.910243238408965483e-01,4.325678026238569673e-01,-8.668514118852375938e-02,-4.789866944546519734e-01,2.810299809983416441e-01,-5.835853645719504268e-01,-6.609617611960972861e-01,-5.974779724468413100e-01,3.300298570429245348e-01,8.961487732703737885e-02,-8.774852423547104818e-01,7.003679583771960093e-03,5.741850869226234888e-01,-3.468796299038130471e-01,-8.439300000585816530e-01,-5.582068017694594708e-01,-1.374908131313005988e-01,-2.435566250758928464e-01,-6.162763188082565069e-01,-3.853798868132673472e-01,-1.260380830734509905e-01,-4.193339847730360725e-01,-6.851015396577844196e-01,-8.743311814406111437e-02,-7.589588533167825057e-02,-6.081850825092299795e-01,-5.411415784677009455e-01,-2.825673391874817808e-01,-4.274695667461215209e-01,5.443670851750428280e-02,6.508239486359392867e-01,1.596068292458358573e-01,2.819088926598255496e-01,-2.326370045260923725e-01,-4.557527442966969322e-01,-2.058137041992003924e-01,-4.113269774626315822e-01,-3.620833362259211485e-01
5.637800181757582907e-01,6.390818477288964239e-01,2.707477340878053917e-01,6.321303695478576179e-01,6.533350280012587552e-01,-2.901983501951130306e-01,-7.890165438981997514e-01,3.280525091219717582e-01,4.275032829357048314e-01,-7.366033423342467357e-01,-4.271628771110975720e-01,6.408956360908257821e-01,-7.402943497006254925e-02,-6.904226460238841456e-01,6.033998122624973925e-01,6.667593508855409468e-01,-4.780510790722520276e-01,7.446632183521555426e-01,5.026979556194988152e-01,-6.681749369150079554e-01,1.010504329975253357e-01,1.000000000000000000e+00,2.358659230769962201e-01,-6.092404281749149719e-01,-2.723573010605768729e-01,4.217863352860152792e-01,-3.487686054117126733e-01,2.173467700759457166e-01,-1.927385150695888894e-01,-2.559655509807352014e-01,-4.453882691997990695e-01,5.009589426959758229e-02,4.557687088957491639e-01,3.275056886853093263e-01,1.295297376442587078e-01,4.982507209169581563e-01,3.442315243494301624e-01,-6.862303052070126141e-02,4.657973972550517039e-01,5.296584455625120702e-01,-2.546184462700005757e-01,-1.295594247176193314e-01,2.307491275346933157e-01,-3.612222437962228638e-01,5.062898230057862881e-01,-1.539204673891809427e-01,-6.963713184251726362e-01,3.319000072740187907e-02,-7.677345103724533826e-02,-5.304787009991788205e-01,-4.924945376275800535e-01,3.774250180166030533e-02,-5.873351669401629671e-01,-2.076846001288606275e-02,5.126776219113703403e-01,2.114386873650878074e-01,-2.904511210694845080e-01,9.058816877459453798e-02,-5.381803476522861729e-01,-5.670009226291035098e-01,-1.582522333684706350e-01,-6.685344599964274659e-01,-4.354108160935669103e-01,1.414597203899253530e-01,2.985231466390945720e-01,-5.339128056326933880e-01,-7.065626638702104945e-01,5.828191544160115090e-01,3.617184217806356794e-01,-8.632347702421753199e-01,-1.782570335036661735e-01,7.835375334717959994e-01,-3.103164811083489183e-01,-7.034959701245370178e-01,5.335970952373384479e-01,4.747984883960230107e-01,-4.670696539429649019e-01,2.807885191173395967e-01,4.623678116600842825e-01,6.222699587053990289e-01,1.908669190601799959e-01,-6.476977008695982141e-01,-4.827130276311297208e-01,-5.309496358722096687e-01,-3.082756073351091697e-01,-2.378932419934912668e-01,1.730548599352190187e-01,-1.227250187621618804e-01
2.519446248013746392e-01,-6.256987845708816831e-02,4.694637762535829872e-01,4.909498633104554255e-01,-4.172196466231008899e-02,2.336492815142849344e-01,-4.988631333958359337e-01,-6.576690468359815966e-01,1.157731946787495247e-01,3.279109290071260951e-03,-7.164157672444612102e-01,-3.762046069623844469e-01,2.065275176935411905e-01,-7.168663468860662080e-01,-5.104160170304318234e-01,5.287170818914611603e-01,1.945290631884480093e-01,6.270883357023290805e-02,7.565048126398355999e-01,4.869088505867479322e-01,-7.312375272029135453e-02,2.358659230769962201e-01,1.000000000000000000e+00,7.437978252190437234e-02,-2.865708016653406021e-01,2.573303185340504173e-01,9.519661576201730868e-02,3.659691399465962447e-01,-2.787762945660058334e-01,5.256637537883298572e-01,1.470971773043675546e-01,4.897946624559054718e-01,4.781528044640037667e-01,-1.012490403043688342e-01,-4.526803571550905292e-01,3.756985746651663183e-01,2.336383972069779880e-01,-5.410508563750792144e-01,-2.037559028078987089e-01,2.872858001119696358e-01,-2.286094902020479047e-01,-5.034356812128908398e-01,-1.890098668193638254e-01,-4.758226655441236130e-01,-3.922706359583085639e-02,-2.484555289458954264e-01,-3.526355685286117758e-01,-5.928344255957056497e-01,-1.437645162709611513e-01,1.451641031015764305e-01,-6.214162627810908557e-01,-4.567102559131832051e-01,-3.832028578123483076e-01,-2.449753297846314626e-01,1.835233781361406413e-01,2.043421542233562482e-01,3.309205942221670194e-01,-5.415016484905098570e-01,-6.527052364262180273e-01,3.910363501803380548e-01,9.253196908484025152e-02,-7.860499173315542709e-01,2.429691432524947736e-01,8.759571799565931682e-01,3.411461377742381340e-01,-6.257064450828582203e-01,4.240112600649949548e-01,7.865911264964154936e-01,-3.858891141385535350e-01,-3.573993604819153957e-01,8.174226578104147878e-01,3.366332001266863494e-01,-4.472292597286699478e-01,3.340159289101501949e-01,7.452133424964161312e-01,-1.979217152247377542e-01,2.215101890807150975e-01,6.264339774759769552e-01,1.499123866722354981e-01,5.669432795476249398e-02,3.378699227847171138e-01,1.403911420328332327e-01,-5.037645668835478707e-01,2.729430598821108167e-01,3.179502834312124965e-02,5.062670417113914745e-01,2.989524906912873203e-01,-3.146209371669049515e-02
-2.143511784910429319e-01,-4.634505155479778371e-01,5.833543730451273314e-03,-5.061393070292743435e-01,-6.272438234570909543e-01,6.579121781828221882e-02,5.845752222250317764e-01,-2.783230236854581929e-01,-5.082162556873258685e-01,4.612648772406343078e-01,3.488600020620792885e-01,-5.814123682085140521e-01,-1.321134384170747078e-01,3.703081225115820718e-01,-4.915747824705602453e-01,-4.272032268535861377e-01,1.744418992356114029e-01,-5.925191295721502494e-01,-6.015917197477383543e-02,5.781619126711483592e-01,-2.933677444236821308e-01,-6.092404281749149719e-01,7.437978252190437234e-02,1.000000000000000000e+00,8.394363058504980546e-03,-6.683470969146896312e-01,1.022364580582489912e-01,-1.067509758438980466e-01,-2.237354569498836432e-01,1.618335342426261148e-01,3.834458742412907295e-01,1.441487525140094095e-01,-1.466851630520176197e-01,-3.797903040671166686e-01,4.812248732056976759e-04,-1.305343805867907603e-01,-4.021918966688786123e-01,-1.197899121523480354e-01,-8.813778409191358465e-02,-4.591379383022565763e-01,-8.811310153153233127e-02,2.225083246595858377e-01,1.465118316846821811e-01,3.908071159067497691e-01,-1.644961944537628173e-01,-3.197287162683432604e-01,3.287581604476813579e-01,-1.237430203265231683e-02,-3.403743752619620144e-01,1.188836675906657231e-01,1.922081676370752390e-01,-2.013773551294437691e-01,2.475081721407633994e-01,7.344871093654808947e-02,-3.007469029058907339e-01,2.124119855672819135e-01,3.450491171462968243e-01,9.199603035678845242e-02,5.421538974454227083e-02,2.509790428223908076e-01,3.269254363701976640e-01,2.723382973588349687e-01,8.800552883741424859e-02,1.282351670920099940e-01,5.536072157378947936e-03,4.385034814142009241e-01,5.941531439008974624e-01,-2.887757606774329910e-01,-1.546244143859066278e-01,6.734081637601426751e-01,2.449513950804869389e-01,-4.268387534934687810e-01,4.092269835746596418e-01,5.127946184239348115e-01,-3.612276806634846515e-01,-1.554257376719388739e-01,5.494602212705522737e-01,-1.347959466384827942e-01,-3.561992719414323050e-01,-5.609437017688941873e-01,-1.790975199031836773e-01,4.168826520396845536e-01,2.654348478917172294e-01,4.462204893346820023e-01,3.753332044292993497e-01,3.033028285218155040e-01,1.034172952037610421e-01,1.925103586207937700e-01
-6.044961089431326595e-01,-4.475046562263341188e-01,-5.977911273993675723e-01,-1.195895370641637256e-01,6.022506797713198662e-02,5.439980461797034872e-01,3.934983609986673625e-01,-6.671655449967557605e-02,3.059510889806090761e-01,5.889902871347499902e-01,8.474148775075705797e-02,2.312778974016953173e-03,5.337531969868299919e-01,4.663702207973249858e-01,-1.379755610257880072e-01,-1.374219841606263634e-02,5.485762089648629214e-01,1.077005033465020661e-01,-6.067747280537795218e-01,2.083181488955676286e-01,6.647659927902759280e-01,-2.723573010605768729e-01,-2.865708016653406021e-01,8.394363058504980546e-03,1.000000000000000000e+00,3.704817240235635523e-01,6.402686619338824325e-01,4.301881793664451004e-01,6.008750834109943817e-01,1.141927205977687071e-01,-1.294787275441858510e-01,1.430652548569253182e-02,6.540161029708762425e-03,2.963931546627736058e-01,-3.750087193100146710e-01,-2.723959081670642157e-01,4.075941588847485919e-01,1.732383686033499570e-01,-4.074096299636970619e-01,1.051953686230992918e-01,3.461768256835545676e-01,-1.087887092843119741e-01,-3.335691539040961939e-01,-2.820445892303662383e-01,-3.627459731190235126e-01,1.885944491886811791e-01,5.353530026852484219e-02,-3.237783787245471778e-01,2.538312966017883809e-01,3.026696148957829791e-01,5.452146548569008350e-02,4.594495881115830821e-02,1.121795785046684479e-01,-5.713978309012169854e-01,-2.004567257719384599e-01,-2.408919688826269001e-01,-1.575572665634341618e-01,-3.456420519314919448e-01,2.831464749705718820e-01,2.476244816290229800e-01,-3.724072335490167251e-01,4.349745063809119516e-01,4.285312429588529759e-01,-4.407384443983520250e-01,-7.319927005116982910e-01,-1.506237716876702992e-01,1.054329606612532805e-01,-4.282640745830122442e-01,-5.013723290445261105e-01,5.652630495639927172e-02,-9.807632084508222103e-02,-5.714760751097212044e-01,-2.457164426541167401e-01,1.415450805799720047e-01,-3.499279959710518972e-01,-5.019005093481380131e-01,-1.840895013824614124e-01,-4.458879146493043844e-01,-5.968533782628787643e-01,-2.957047908441844952e-01,3.708951613083275589e-01,3.085994783459573010e-01,4.381559426210110408e-01,4.648008319363949176e-02,-8.276767503314612362e-02,-1.655122216758556086e-01,-4.796813834998350790e-01,-2.440870979559483511e-01
-1.235667477383980833e-01,1.203419940810147165e-01,-2.032363078669495449e-01,6.422171054351983877e-01,6.247430657124793951e-01,4.449780462884220245e-01,-5.400662287244230031e-01,-1.347452300595244068e-01,7.486616642425064638e-01,-1.362771109783614785e-02,-6.401796371083271486e-01,3.433320224788426467e-01,6.053711120534402967e-01,-3.871985470569888066e-01,5.790831752009761857e-02,6.701090208066839971e-01,3.146392997201407082e-01,6.374584812556688407e-01,6.864862586256470500e-02,-6.776256778115803681e-02,6.134001678026120841e-01,4.217863352860152792e-01,2.573303185340504173e-01,-6.683470969146896312e-01,3.704817240235635523e-01,1.000000000000000000e+00,4.922679504608652445e-01,4.865775158711603265e-01,5.108271695185574446e-01,1.529525508455904792e-01,-4.063931486829190365e-01,5.890020858489253275e-02,2.827815268805207172e-01,5.353957118213361621e-01,-4.764772480469511295e-01,-4.878572333428253180e-03,7.567910931426896637e-01,4.435612719880707711e-02,-3.639674385536786905e-01,5.807407469614292994e-01,2.784324040519560173e-01,-4.741515094981819667e-01,-5.012648618274111456e-01,-8.004165428211292843e-01,-5.466885902501030653e-02,4.379913564510272139e-01,-4.496891335307499626e-01,-5.037425015346419510e-01,4.550179725959776489e-01,1.537439526519657484e-01,-4.988855719087847973e-01,-3.823789937846318147e-03,-1.994636203381059403e-01,-5.330632937707311392e-01,1.074488838921933004e-01,-3.882649246090422723e-01,-2.672327516552567839e-01,-6.331867263946480140e-01,-1.086815443946077542e-01,2.001922483853690593e-01,-5.332657104233022860e-01,-3.979051764019817528e-01,3.328323942872585262e-01,6.512341457285365787e-02,-3.359692090913996010e-01,-7.826603915602886596e-01,-1.913088459868171887e-01,3.281576904461545041e-01,-4.299994549527374477e-01,-6.875482625436513118e-01,1.482532536936971568e-01,1.137872807450852342e-01,-7.861214483087440863e-01,-1.745543372535132975e-01,4.506820201545777560e-01,-3.490088880597392862e-01,-5.536331507786936834e-01,1.319454126811533401e-01,1.739034632205042896e-02,4.052770251852585992e-01,5.260657439287425019e-01,-1.184194166200639026e-01,-1.644216739746055811e-01,-2.840014795087618671e-01,-4.320035897380156142e-01,-1.375647738609170057e-01,-2.455099576263926608e-01,-3.767751801839957504e-01
-6.818834708577364845e-01,-4.347796608001871510e-01,-5.198012501631028570e-01,1.536905493060954364e-01,1.458259404796193037e-01,8.205571604043513378e-01,1.421836608681293079e-01,-4.192650067211987630e-01,5.096985536821779794e-01,6.938782939225541790e-01,-3.198126049073472532e-01,-1.396303431905719095e-01,8.089791673024072649e-01,2.388549320164916612e-01,-4.304046696486887313e-01,2.673649637642047661e-01,8.023640758737493606e-01,1.728750540056137319e-01,-4.084515528849288479e-01,5.186036241316044348e-01,6.980981557704335483e-01,-3.487686054117126733e-01,9.519661576201730868e-02,1.022364580582489912e-01,6.402686619338824325e-01,4.922679504608652445e-01,1.000000000000000000e+00,3.899592839467877492e-01,5.986478994927914021e-01,1.687362001087564511e-01,-2.314602746680321510e-01,-1.204832928060565328e-01,-1.154628681925225914e-01,4.259097907956330697e-01,-4.675967391974500953e-01,-4.928927467047426458e-01,5.064011928201291868e-01,2.878834293257067634e-01,-6.549830950323248802e-01,8.999082044010454917e-02,5.195100574305994146e-01,-1.461993817533996376e-01,-5.485897337323388800e-01,-4.955404370499400524e-01,-2.577481609022143072e-01,4.804691458884349786e-01,-8.053321263696607002e-02,-4.500630298456102518e-01,5.481862640133620124e-01,3.738098260560600572e-01,-2.181305679342641357e-01,8.879210989423728939e-02,2.204334613399815956e-01,-5.911476058921695254e-01,-2.226967963571449549e-01,-5.412082362620158626e-01,-2.005167546220284203e-01,-7.219788709033759799e-01,3.246082788043043177e-01,5.507473677262447742e-01,-5.654054085337094637e-01,1.131232817202899171e-01,7.136990421918771865e-01,-1.031942370519356861e-01,-7.460711546870492095e-01,-3.966299180296651850e-01,3.658788940473140516e-01,-2.462942923270179107e-01,-8.129699267100278792e-01,-5.606568077946157483e-03,2.388379247728822929e-01,-6.269755977072296593e-01,-5.766400097397822444e-01,3.561993733711498744e-01,-8.030001905796997630e-02,-8.052610005521593228e-01,-2.133276863244667199e-01,-2.060910194542888707e-01,-5.278078745805026006e-01,-1.663117681833366779e-01,5.027519103749562568e-01,4.219199706683354756e-01,3.263578948321271822e-01,8.011993225383565176e-02,-2.622845469157037424e-01,7.327805176417877264e-02,-3.741156343481451541e-01,-3.310504127276138187e-01
-8.261046515054586148e-02,-2.533888317651878386e-01,2.575031521355420835e-03,3.774949000752604866e-01,1.043376839472109768e-01,4.494354347845768149e-01,-1.761508832852229367e-01,-4.087112902738888054e-01,3.237871364496575088e-01,2.748806814116566688e-01,-4.492921330578203976e-01,-1.371229920198579200e-01,4.641576754262661808e-01,-2.472985988385675293e-01,-2.334505387251128716e-01,4.625197849313736898e-01,4.157605622187429129e-01,2.935720474124318691e-01,1.021119852120645766e-01,2.145829949455398677e-01,4.677813092797943884e-01,2.173467700759457166e-01,3.659691399465962447e-01,-1.067509758438980466e-01,4.301881793664451004e-01,4.865775158711603265e-01,3.899592839467877492e-01,1.000000000000000000e+00,1.544679706853201440e-01,2.503081176541638864e-01,-2.358888466560409014e-01,4.679112168363444013e-01,6.674198460095640550e-01,2.870211501758067607e-01,-4.744712389181154344e-01,4.005868244453337224e-01,6.052042310675491699e-01,-3.142527749218542721e-01,-1.633180086928310293e-01,4.816637917339156028e-01,-1.426626544828135668e-01,-5.097374302313452121e-01,-2.040417220577078472e-01,-6.380992757331851450e-01,-1.402349688662837546e-01,-2.331692180461559238e-01,-4.663618174966565055e-01,-5.615627690837308172e-01,-4.919900818716915064e-02,4.026665726806974432e-02,-4.695322212838485831e-01,-2.527135768118742853e-01,-6.092685267695174822e-01,-6.533247657392206031e-01,3.366593178191426561e-01,1.188685622200123526e-01,-6.076589339072745871e-02,-4.925192611743459126e-01,-2.487998599255815679e-01,1.900726951970865275e-01,-3.089021770500701702e-01,-2.809035335825493807e-01,4.328734806664454871e-01,2.084585374586829243e-01,-2.305540065547530271e-01,-5.619993025299587774e-01,9.835100517327666214e-02,2.852161119071116580e-01,-4.197839883110626724e-01,-3.688836652717575326e-01,3.081248133803051181e-01,9.916719541528040346e-03,-4.468868880326055670e-01,1.238123552492268326e-01,3.051600832489178572e-01,-3.014569449068827955e-01,3.736696778759963922e-02,1.403555573955302949e-01,-1.643895890631872081e-01,-2.359257113573332010e-02,4.890599243091642845e-01,1.259766644111251777e-01,-1.339311740974258591e-01,1.535084776555399322e-01,-5.728948108114235993e-02,2.284363464546861622e-01,-2.082534781025610071e-01,-2.701873267509499188e-01
-4.771946512913385896e-01,-2.084695134169119168e-01,-5.639993781960309649e-01,-3.439376463239075810e-02,2.230833786661985396e-01,3.345224127405840853e-01,1.641222696639499934e-01,7.675329568073188669e-02,3.184934529932653136e-01,2.853734814464870539e-01,3.520845044760225612e-02,1.632831503817165630e-01,3.762130211130626511e-01,2.847455401091983918e-01,2.972833367780451739e-03,-9.006257083200977509e-03,3.226405591915835758e-01,1.072639330957955023e-01,-4.182122656891198997e-01,6.216872747510965302e-02,4.147957189620627982e-01,-1.927385150695888894e-01,-2.787762945660058334e-01,-2.237354569498836432e-01,6.008750834109943817e-01,5.108271695185574446e-01,5.986478994927914021e-01,1.544679706853201440e-01,1.000000000000000000e+00,8.382263507997929353e-02,-1.863100636020912637e-01,-5.270809343905957095e-02,-1.185100359220862265e-01,3.575808755775355952e-01,-4.745827378396484941e-01,-4.172544385361388053e-01,4.978909757870785269e-01,2.316969946549500836e-01,-5.485828980006829392e-01,2.125069463798042457e-01,5.135440707677010330e-01,-2.292387310600660366e-01,-5.701306485342743091e-01,-4.119513351281519076e-01,-4.503277583520794991e-01,5.833242387622251668e-01,1.934102862770413211e-01,-3.793428798816035896e-01,3.829999682939091432e-01,4.292403167501435135e-01,-1.448310087965818012e-02,-1.662779515503227251e-02,3.220037321965391608e-01,-4.250303394318102890e-01,-4.316357530148724475e-01,-4.289915879738505633e-01,-9.229211198729618537e-02,-2.944477987433130606e-01,3.404860233756256127e-01,2.664813334146400314e-01,-2.902659963276453259e-01,3.240247643896939089e-01,2.802663077822762916e-01,-3.651251293691997746e-01,-5.198369785200864790e-01,-1.401957696934219011e-01,-1.022746367903137714e-02,-2.886674092914964240e-01,-3.261666316758060069e-01,-2.608592552968419173e-02,-1.220055466045922438e-01,-3.598210092127778759e-01,-2.721767107530269625e-01,7.573846089588801185e-03,-1.903298493204242936e-01,-3.496417937350021488e-01,-3.207607209903358125e-01,-3.250445615879772321e-01,-3.117643285612121118e-01,5.938831400485803692e-03,1.859478720979813593e-01,1.212206885010250340e-01,3.038784482008989873e-01,-1.052357071432786229e-01,-1.856016905910513881e-01,-2.308255256213778972e-01,-4.042063032418346524e-01,-2.357742098424488453e-01
1.019350786674633885e-02,-3.282806223135469881e-01,2.623629351297045442e-01,1.671125933295583219e-02,-3.582560857765451634e-01,1.603473239434554942e-01,1.671504144429378225e-02,-5.530221164560753522e-01,-2.191959548803242563e-01,2.489153726535330291e-01,-2.442109610946282539e-01,-5.735317462951011747e-01,3.771904831549770243e-02,-2.539917400474850373e-01,-6.218510524488994884e-01,-6.494163604293366754e-02,2.254713024828436385e-01,-4.211281027114549547e-01,3.864826854003764467e-01,5.905873437515946067e-01,-1.995440327339432218e-01,-2.559655509807352014e-01,5.256637537883298572e-01,1.618335342426261148e-01,1.141927205977687071e-01,1.529525508455904792e-01,1.687362001087564511e-01,2.503081176541638864e-01,8.382263507997929353e-02,1.000000000000000000e+00,6.600247139175982047e-01,7.036774572864071819e-01,2.839959696374333986e-01,-4.864070382230835099e-01,-7.447935909609904037e-01,1.525373862429443839e-01,1.142440412752131554e-02,-7.213201890699094676e-01,-5.725467701857607228e-01,-5.583299479799379988e-02,-1.653639108355761667e-01,-5.646684347690155148e-01,-3.921879060211759804e-01,-2.547173829366369824e-01,-6.630342259480076494e-01,-1.456309846385133722e-01,2.953626498080136331e-01,-6.873673861494977722e-01,-2.316475499802751470e-01,7.251956351892046015e-01,-7.302751217186399801e-02,-6.892009874149840343e-01,-5.906219701612347092e-03,-3.131244443053436965e-01,-3.431927590852639764e-01,2.309193822864249457e-01,6.972922540715245088e-01,-3.976259471570579573e-01,-3.693865061891940527e-01,6.796650434944511154e-01,4.172671374344568140e-01,-1.911150998359246733e-01,2.654634534096460552e-01,5.904545062811767941e-01,2.432826282882236402e-01,-2.106051065830361335e-01,6.311082283665487846e-01,4.210320918620528152e-01,-3.762724071773765333e-01,1.087846695928308544e-01,7.309165735526691465e-01,3.784191248668787935e-03,-1.369051626526187337e-01,5.462221210856756937e-01,3.792911268049382056e-01,-2.524737398508881681e-01,4.148692435124845534e-01,3.788172439656615209e-01,-7.258067224239186932e-02,-1.962361094954100382e-01,1.300951172748112394e-01,3.813688864041084869e-01,-2.036590512909269568e-01,4.845269580077219418e-01,1.751696406082045021e-01,4.692991528121008282e-01,1.037497380900716248e-01,3.138066267048059133e-02
7.241702000912925152e-02,-3.399311926031484687e-01,2.762433929554332646e-01,-3.655378404699611283e-01,-6.117878399748216678e-01,-2.438877220024917580e-01,3.622610889554406244e-01,-2.139798796030555617e-01,-6.557464389569918062e-01,1.190858553151407928e-01,3.068617517480169421e-01,-5.702404726254891587e-01,-4.336139259309099714e-01,7.982516957301824534e-02,-4.028806736982535885e-01,-5.536489417608586594e-01,-1.488413798976355729e-01,-7.445478371940931206e-01,2.485889668933708718e-01,3.749275372471218004e-01,-6.139617319534208528e-01,-4.453882691997990695e-01,1.470971773043675546e-01,3.834458742412907295e-01,-1.294787275441858510e-01,-4.063931486829190365e-01,-2.314602746680321510e-01,-2.358888466560409014e-01,-1.863100636020912637e-01,6.600247139175982047e-01,1.000000000000000000e+00,5.283428462534269787e-01,-9.018659590578906315e-02,-8.893065241011343103e-01,-2.345598907181263293e-01,7.261144997209301177e-02,-6.204524462809185570e-01,-5.963104436704236289e-01,-2.213998702982137579e-01,-5.615866251410935872e-01,-2.991240542168807082e-01,-3.154265291312373376e-02,1.153986036261904768e-01,4.070936454858484765e-01,-5.829111360414118703e-01,-3.156875350135722735e-01,6.313195953929846560e-01,-1.944271218689105629e-01,-4.753853112611134968e-01,5.320804076934045890e-01,4.236141836252512727e-01,-5.312134043394896032e-01,2.228532463377115858e-01,8.049429593724462262e-02,-4.863136128661208479e-01,3.942940629456310186e-01,7.498932998371505843e-01,1.611468545203914304e-01,-1.846224362810303388e-01,3.902017967833974477e-01,7.292138987048708554e-01,1.880312359004782941e-01,-1.066433588850507347e-01,3.232001733398696119e-01,4.511386409262911901e-01,4.014893760597000316e-01,5.154720881628155338e-01,8.949164999618740290e-02,8.638713576294616836e-02,5.197293659066033467e-01,3.772688677826380732e-01,-2.081294301365091415e-02,4.258368709429678489e-01,4.465212613218989546e-01,-4.794510536542257763e-03,1.006820314089385965e-01,6.195889829380445413e-01,1.655356207053867712e-01,-2.860326619780890686e-02,-3.451479994710859311e-01,-2.795079005236183467e-01,2.970399163606460835e-01,-7.572221594269294698e-02,4.718677256279802945e-01,3.543978430826648096e-01,3.347207641875141748e-01,1.887480044302978222e-01,1.977708376949979807e-01
2.429612669791310076e-01,-2.446060495081828490e-01,3.692104744805593253e-01,4.219903307057435576e-02,-3.160438064667327462e-01,-1.063147294692482758e-01,-4.193893871339694074e-02,-3.300796970649286233e-01,-3.189733957518198215e-01,-4.558537602341778544e-03,-1.194430843945190335e-01,-4.183842248373492723e-01,-1.973761584535284330e-01,-3.440026867659792820e-01,-3.363402921100302478e-01,-1.911268236459762529e-02,-7.361378998543072205e-02,-3.061840205322845510e-01,5.379983721980085010e-01,2.993448459153896790e-01,-3.240651361382399509e-01,5.009589426959758229e-02,4.897946624559054718e-01,1.441487525140094095e-01,1.430652548569253182e-02,5.890020858489253275e-02,-1.204832928060565328e-01,4.679112168363444013e-01,-5.270809343905957095e-02,7.036774572864071819e-01,5.283428462534269787e-01,1.000000000000000000e+00,6.600950833088615743e-01,-5.091802489149548361e-01,-6.098492732506261005e-01,5.865037817511626894e-01,2.671484259637326580e-02,-8.940946898185598846e-01,-1.964400014394767635e-01,9.814851159854380558e-02,-4.697181537525247363e-01,-5.768347596332364935e-01,-7.134959769268565954e-02,-2.332249129248938624e-01,-5.004421952103599303e-01,-4.784813576855390660e-01,8.155293317552957111e-02,-6.008802358472445926e-01,-5.497071920845620907e-01,3.704965719179311723e-01,-1.472475369520581112e-01,-7.451031242445547154e-01,-3.582272747135042401e-01,-2.799568237328354248e-01,-1.134153006781343648e-01,5.361180258274104160e-01,6.347796775351730592e-01,-1.115410891003781324e-01,-5.766315858841557507e-01,2.926020091711179494e-01,4.985604666249446315e-01,-2.798695674598136729e-01,-1.677479734221237057e-02,5.461272217065635814e-01,4.358447645571141282e-01,-1.591946186474627323e-01,3.231492815415889508e-01,5.100442211061581022e-01,-3.043293897163510189e-02,-3.941067639431655723e-02,5.191187462897273175e-01,2.990248180846235004e-01,5.741244111084469609e-02,2.553724333072966424e-01,3.730894157677259737e-01,1.182476793559789907e-01,4.639698081639523353e-01,3.312276984718296458e-01,2.637724634503743615e-02,-1.441241228457170731e-01,4.510980801199367812e-02,1.477533661533727838e-01,-3.193426890291419240e-01,4.091291021151358120e-01,2.642321877340448322e-01,4.226043695566767955e-01,1.328792341927530485e-01,2.345159631198451972e-02
3.073119430632212934e-01,6.725643005973463984e-02,2.704885222233374131e-01,3.113747863310938890e-01,9.689057176578752539e-02,-2.647858224897860213e-02,-3.578164296780164122e-01,-1.806154139690227534e-01,8.952492394043755353e-02,-1.844691299276047525e-01,-3.656731032075885568e-01,-2.822489686778089854e-02,2.188786076259019095e-02,-5.009624608279653613e-01,-1.645974901452816608e-02,3.877987900083580963e-01,-6.724509152428775893e-02,2.173162385594051560e-01,4.746824772148374172e-01,-2.365785449380046132e-02,2.860704597027371662e-02,4.557687088957491639e-01,4.781528044640037667e-01,-1.466851630520176197e-01,6.540161029708762425e-03,2.827815268805207172e-01,-1.154628681925225914e-01,6.674198460095640550e-01,-1.185100359220862265e-01,2.839959696374333986e-01,-9.018659590578906315e-02,6.600950833088615743e-01,1.000000000000000000e+00,2.744975701719364666e-03,-4.123069737416438230e-01,8.209601210072050570e-01,4.138670633173366920e-01,-6.602816373242724746e-01,1.321505942107112641e-01,5.455321877602146152e-01,-5.061981439091711721e-01,-6.239950816593964333e-01,-6.882562176705730832e-03,-4.961581015806770245e-01,-1.494871477928001388e-02,-4.409261667094999670e-01,-4.570982250249486234e-01,-4.235976082522129316e-01,-3.787749315744386447e-01,-1.076927729722392257e-01,-4.663312343522226788e-01,-4.580675272014030908e-01,-6.810701246069676973e-01,-3.058733240607197090e-01,3.604093026337719663e-01,4.249157585122435021e-01,1.609311435910772137e-01,-1.449003985858831056e-01,-5.796097790103450498e-01,-6.969104209548826478e-02,7.229339797767710130e-02,-5.032844982878348361e-01,-2.972421873208419552e-02,4.065655016944599298e-01,2.685069395279742199e-01,-4.542242280060565518e-01,-7.658485332052732131e-02,5.708265838568262751e-01,5.343162926540656957e-03,-4.684695098383768186e-01,2.840208936056747291e-01,4.647940519798408610e-01,-2.019431392610428755e-01,-1.073305312211054324e-01,4.721175241127678057e-01,1.740098081315894496e-01,8.110179672414814800e-02,2.397031763122521864e-01,6.901131499789446566e-02,6.171196556957769114e-02,1.998604504250464653e-01,-6.399165955791112637e-02,-2.870293371304424301e-01,1.162431975405842921e-01,8.278371345281819449e-02,2.514416190059288736e-01,5.087217895674859408e-02,-1.110189826068473246e-01
-1.780737830946955980e-01,2.213165394342065107e-01,-3.460891024667274718e-01,3.911879877367717140e-01,5.613007085573293864e-01,4.078928436858085815e-01,-2.855682282588615228e-01,7.359912549641015045e-02,6.900494332287414601e-01,6.164022454517541216e-02,-3.544892172809555042e-01,4.534471714132889408e-01,5.700876800316608817e-01,-2.766090410354167875e-02,2.387831953444071176e-01,5.427852857157046129e-01,3.209829394844687100e-01,7.002640388632541679e-01,-3.007926258385533735e-01,-2.091072221640274953e-01,7.128349813378612732e-01,3.275056886853093263e-01,-1.012490403043688342e-01,-3.797903040671166686e-01,2.963931546627736058e-01,5.353957118213361621e-01,4.259097907956330697e-01,2.870211501758067607e-01,3.575808755775355952e-01,-4.864070382230835099e-01,-8.893065241011343103e-01,-5.091802489149548361e-01,2.744975701719364666e-03,1.000000000000000000e+00,4.571997911036705122e-04,-2.617369785826436090e-01,7.798123042313827025e-01,6.282905375713994101e-01,-5.495391102520290338e-02,6.000336638344117013e-01,4.903004681360484951e-01,-6.300927037536177555e-02,-3.334688553182993953e-01,-5.513192513621826274e-01,4.009645052204847682e-01,4.369061844076823631e-01,-5.565115383790320003e-01,4.654792561548927628e-03,5.673874315781635147e-01,-3.173602017742916392e-01,-4.521657001680348675e-01,4.575495926965169602e-01,-1.244376667741011466e-01,-2.401118380539299102e-01,3.190911364706666142e-01,-4.968867980946214402e-01,-6.955263889355504103e-01,-3.475151470973970591e-01,2.550645037026282869e-01,-1.736996350072638751e-01,-7.811986583242493953e-01,-1.370405485055352923e-01,2.899396405495233697e-01,-2.996124640004000361e-01,-5.595262933696609764e-01,-4.639019585983394922e-01,-3.413314925565258950e-01,-1.204301097581179925e-01,-2.926686208061998196e-01,-4.574623221690905517e-01,-2.450607497330706541e-01,-1.402613112187728051e-01,-5.289749905697950227e-01,-2.772387808080620242e-01,2.254710320887024031e-03,-3.060880017128921882e-01,-6.092188950123991198e-01,-1.896019603473296511e-01,-1.350364447783565236e-01,2.444688825712601488e-01,3.740804550886334123e-01,-1.127646965545152508e-01,1.589997563369058009e-01,-3.545310566129299401e-01,-3.621292972175082503e-01,-2.901478292014947891e-01,-2.713467286588149285e-01,-2.541045827692555714e-01
1.341556696549857097e-01,3.406673018709484024e-01,-1.689119708222103222e-02,-1.499027765387157540e-01,1.226987380287816315e-01,-3.517768602812259005e-01,3.695578266651967231e-02,4.801095172761727925e-01,-8.094325422560862127e-02,-3.189773411631204314e-01,3.373745020027660857e-01,3.598764705150685472e-01,-3.041477633929133839e-01,2.210428165475047113e-01,5.047968357602574674e-01,-1.364037724887171843e-01,-3.719550294542059987e-01,1.391065863563005212e-01,-2.416059669333242566e-01,-5.212970426118458400e-01,-1.264731955490717985e-01,1.295297376442587078e-01,-4.526803571550905292e-01,4.812248732056976759e-04,-3.750087193100146710e-01,-4.764772480469511295e-01,-4.675967391974500953e-01,-4.744712389181154344e-01,-4.745827378396484941e-01,-7.447935909609904037e-01,-2.345598907181263293e-01,-6.098492732506261005e-01,-4.123069737416438230e-01,4.571997911036705122e-04,1.000000000000000000e+00,-2.795284961618827412e-03,-5.317350536393561367e-01,4.666947164754297606e-01,7.664295281807251836e-01,-2.873204425770936599e-01,-2.076352592064156510e-01,6.688251140514658299e-01,6.567528744627306736e-01,6.379362784982990364e-01,6.682564770018535327e-01,-1.050618384080826140e-01,-1.186538418183170907e-01,8.650237240110196790e-01,3.769220444016156951e-03,-6.735021372911480508e-01,3.175705671458468049e-01,5.582600586315242808e-01,-7.213407946456161512e-03,5.112861832436085274e-01,3.588032813530504517e-01,-2.518911583048120267e-02,-4.756258315862213482e-01,5.712326301930892303e-01,2.866496063197622735e-01,-6.519950698668923739e-01,-1.093667296477755235e-01,1.991041162220363037e-01,-3.861311992878785349e-01,-4.171005265817012697e-01,5.642879989173494454e-02,4.329972409532293898e-01,-4.739525213232512191e-01,-3.440484150016942522e-01,5.268267648225869459e-01,1.014875879521135033e-01,-6.070327741264639476e-01,7.976094250258233820e-02,3.710230178510282584e-01,-4.163643436587428082e-01,-3.463191675172449524e-01,3.935936829548112859e-01,-1.142052669990417380e-01,-2.095972356060982478e-01,1.935040006436705151e-01,9.757319210805011356e-02,-2.616166686340374858e-01,-3.062963255998493728e-01,1.193135934581111557e-01,-3.253428129340550923e-01,-8.018102786841210805e-02,-2.970582818561549043e-01,9.850642636379693118e-02,1.147137737761935589e-01
4.815888080706389740e-01,1.974417947257770811e-01,4.041625014429237051e-01,1.972468214362980976e-01,2.934859279927747727e-02,-3.293463318833842468e-01,-3.497055309469743190e-01,3.531371879363562056e-05,-1.276833318044107990e-01,-4.153879346111972182e-01,-1.774752811193382740e-01,1.874842513591147911e-02,-2.972755134982462133e-01,-4.939730707542133170e-01,1.493631370462225882e-01,2.303376146162522120e-01,-3.596917871939538935e-01,1.151954177234777998e-01,5.361720357373751522e-01,-2.255383965999565865e-01,-2.509998981700087284e-01,4.982507209169581563e-01,3.756985746651663183e-01,-1.305343805867907603e-01,-2.723959081670642157e-01,-4.878572333428253180e-03,-4.928927467047426458e-01,4.005868244453337224e-01,-4.172544385361388053e-01,1.525373862429443839e-01,7.261144997209301177e-02,5.865037817511626894e-01,8.209601210072050570e-01,-2.617369785826436090e-01,-2.795284961618827412e-03,1.000000000000000000e+00,7.958040775783407558e-03,-7.089929325130880367e-01,5.208302402321318691e-01,3.491030327552132606e-01,-8.045374017995078342e-01,-4.051571429963904403e-01,3.665256021886449944e-01,-1.092729723827711164e-01,1.560751145260248773e-01,-6.320916997879698629e-01,-3.883225466582114205e-01,-9.455760736395002475e-02,-5.678037286509944881e-01,-3.087452812291956450e-01,-2.479190802130615268e-01,-3.951341151922265205e-01,-7.211808905745292764e-01,-2.959202806464989594e-02,4.506907113795511344e-01,5.787386208227696116e-01,1.616005445229195814e-01,1.901458559380242996e-01,-5.944877292835796245e-01,-3.230263396446785840e-01,2.572009155970325089e-01,-4.506510774839753153e-01,-2.992747120190141774e-01,3.666680293696032988e-01,5.168845135309076966e-01,-1.987537499116993622e-01,-2.098152205480410537e-01,5.604038055884058567e-01,3.387965408818918167e-01,-3.709977082827897177e-01,1.337162817068799636e-01,6.305151501162459260e-01,7.349468372842796193e-02,-2.349911309471404142e-01,4.144248655059771247e-01,4.675124706672730834e-01,1.946291839411320168e-01,2.652459858189346598e-01,2.487923564475600924e-01,6.158687156669720442e-02,-5.800509867860585179e-03,-1.868273090182846485e-01,-3.391232912993516480e-01,8.551765007125790297e-02,1.534874092754191233e-01,2.093174677222818247e-01,1.983201151080818958e-01,7.867351930710596991e-03
-1.377906030335964427e-01,4.203255344498472990e-02,-2.289398192038267776e-01,4.686387295340218584e-01,4.514644875857158901e-01,4.612282257677142727e-01,-3.578018404868593683e-01,-1.688957996777692983e-01,6.287897031310807350e-01,1.124961166900385612e-01,-5.258847053310500286e-01,2.346659183044543240e-01,5.882939232019886999e-01,-2.567121157059757963e-01,-2.706438452838612774e-03,5.991261066071326136e-01,3.836851715211213043e-01,5.657375510263058516e-01,-1.019356753064476657e-02,2.575614464080860574e-02,6.347564533503166073e-01,3.442315243494301624e-01,2.336383972069779880e-01,-4.021918966688786123e-01,4.075941588847485919e-01,7.567910931426896637e-01,5.064011928201291868e-01,6.052042310675491699e-01,4.978909757870785269e-01,1.142440412752131554e-02,-6.204524462809185570e-01,2.671484259637326580e-02,4.138670633173366920e-01,7.798123042313827025e-01,-5.317350536393561367e-01,7.958040775783407558e-03,1.000000000000000000e+00,1.294451368944287972e-01,-3.522518160605020987e-01,7.940188480860357334e-01,3.727809798716777978e-01,-5.377696121082728986e-01,-5.845852906715269803e-01,-8.703285672486448243e-01,6.960557715477141104e-03,3.148266301818698487e-01,-5.056498864796411530e-01,-5.028759810895715443e-01,3.707226627163816013e-01,2.964610280805532114e-02,-6.314241877259838542e-01,-7.820533921418799505e-04,-2.636235812922637645e-01,-4.965052961857836511e-01,1.772737295304290528e-01,-2.925070389960773842e-01,-3.087318405516277231e-01,-5.631565922029986293e-01,-7.740122879908198361e-02,1.183856348598847641e-01,-5.567944349724054387e-01,-3.218748626081785469e-01,3.757824590976414081e-01,3.061150381727341385e-02,-3.974216094474645189e-01,-6.915889111675398437e-01,-1.194268213226374331e-01,2.104771488340199115e-01,-4.458825909158548595e-01,-5.578061006585370851e-01,1.245154072397069156e-01,-5.284116876401786372e-03,-6.457729228820141554e-01,-9.287108254249415440e-02,2.867077784560561060e-01,-3.579999412980974793e-01,-4.454166371887029463e-01,-2.454851268500255965e-03,-1.552284552651684579e-01,1.854456397003377000e-01,4.758315138723747117e-01,1.496605034022102437e-04,-3.208848046811117304e-03,-1.448080109202478372e-01,-2.510567833249565117e-01,-7.509649990176792134e-02,-2.668602095166880406e-01,-2.924950616317948393e-01
-3.269956400796026896e-01,1.389906716599972059e-01,-4.586139695684804951e-01,-1.630764915079114391e-02,3.245609635483749922e-01,2.158793548698625941e-01,1.194793777923154887e-01,3.115226740015223372e-01,3.757512600411078707e-01,1.260113113711330834e-01,1.362738445568660861e-01,4.135802147134494677e-01,3.042534751298845430e-01,4.234823203779236045e-01,3.134465149170781451e-01,4.079011217069679340e-02,1.774814867913986904e-01,3.495086126985056385e-01,-6.225868985522385879e-01,-2.568277981013213362e-01,4.568790437072987598e-01,-6.862303052070126141e-02,-5.410508563750792144e-01,-1.197899121523480354e-01,1.732383686033499570e-01,4.435612719880707711e-02,2.878834293257067634e-01,-3.142527749218542721e-01,2.316969946549500836e-01,-7.213201890699094676e-01,-5.963104436704236289e-01,-8.940946898185598846e-01,-6.602816373242724746e-01,6.282905375713994101e-01,4.666947164754297606e-01,-7.089929325130880367e-01,1.294451368944287972e-01,1.000000000000000000e+00,4.868005882675725121e-02,-4.255205260943621670e-02,6.388586142905229304e-01,5.547919397551626108e-01,-4.393738548697932039e-02,9.396490447487103326e-02,4.028785429574006649e-01,5.266305878681861730e-01,-9.952183959023948312e-02,4.759974006552691872e-01,6.063933259749830773e-01,-3.138320341649154521e-01,9.565266249963728928e-02,7.431021051715112069e-01,3.687206418570104782e-01,1.199332076176630874e-01,4.075852440031625668e-02,-5.849068787451321416e-01,-6.746406371210362796e-01,2.390467248531088704e-02,6.284083584016055823e-01,-2.392118234311277902e-01,-5.900413611469538244e-01,3.415934021202659543e-01,1.099698212746014342e-01,-6.218920972351680287e-01,-5.782782623766015151e-01,1.191144449106809611e-01,-3.105419605151477080e-01,-5.969994256468496019e-01,-6.837368121732312343e-02,4.596728701230422959e-02,-5.425257491898146656e-01,-4.118891101317227466e-01,-1.058985866912196122e-01,-2.260330551111467690e-01,-4.494556210194406431e-01,-2.205192823227566101e-01,-4.854629206849232492e-01,-3.977473045044701006e-01,-1.422808471487211068e-01,1.293620805288379638e-01,5.950762006179843855e-02,-1.176996786462656264e-01,3.661685572755341012e-01,-4.172175016641526124e-01,-3.136987612300587980e-01,-4.498691842997115109e-01,-2.352371201356119323e-01,-9.146776329160964669e-02
4.040153847228890593e-01,4.717480908789384308e-01,1.738460965730368457e-01,-4.506046985897752856e-03,1.916299307599085011e-01,-5.250964250955809653e-01,-1.890390345737721078e-01,4.958721191500603531e-01,-1.037200927867298200e-01,-5.628804833672748087e-01,2.054951449424359256e-01,4.072866146183748426e-01,-4.388792410403496436e-01,-1.092959547897480038e-01,5.914452122735777140e-01,3.987498904854361315e-02,-5.784666647661433903e-01,2.465840863440082187e-01,9.628588027490778134e-02,-6.451414994467912223e-01,-2.163015555097706488e-01,4.657973972550517039e-01,-2.037559028078987089e-01,-8.813778409191358465e-02,-4.074096299636970619e-01,-3.639674385536786905e-01,-6.549830950323248802e-01,-1.633180086928310293e-01,-5.485828980006829392e-01,-5.725467701857607228e-01,-2.213998702982137579e-01,-1.964400014394767635e-01,1.321505942107112641e-01,-5.495391102520290338e-02,7.664295281807251836e-01,5.208302402321318691e-01,-3.522518160605020987e-01,4.868005882675725121e-02,1.000000000000000000e+00,1.677728475576200848e-02,-6.168390919088626578e-01,3.628204500780254360e-01,7.711742088005054674e-01,4.215019037956630465e-01,6.365220122333148378e-01,-4.556293944214648284e-01,-3.520474962477591063e-01,6.364849233992406763e-01,-3.420585306940840953e-01,-7.684692754657357350e-01,9.044942694640945025e-02,2.312424291203138693e-01,-4.134173548144618460e-01,3.555893444930876002e-01,5.112996089209174144e-01,3.519972351390741605e-01,-3.023902777755161919e-01,6.244680925414923811e-01,-1.471695650980950620e-01,-7.889287549726513582e-01,6.585178354993188876e-02,-9.087135989452578555e-02,-5.798586082444679990e-01,-1.910960651352396344e-01,3.220975618557179732e-01,2.234460908342680019e-01,-5.923995231141800932e-01,3.394536345543452266e-02,6.636164028861487596e-01,-1.846475544851448047e-01,-4.861009180719218503e-01,4.636442884746712068e-01,3.414053439341474538e-01,-5.754540376757970588e-01,-6.344278986028172029e-02,6.451378900902725588e-01,-6.930599494564244900e-02,-6.211482819249478787e-02,2.916957561472898752e-01,1.773205799603776167e-01,-2.140755120332404615e-01,-4.466340667955456811e-01,-8.068508339615132474e-02,-3.232945468143841317e-01,-2.167407388925529036e-03,-2.280422012500745998e-01,1.766735962447942565e-01,7.999114031038899453e-02
1.342211262925190607e-01,2.526014195626103409e-01,-5.310338046176076021e-02,4.178693469965237828e-01,4.348089692858415067e-01,1.275059256795487150e-01,-4.683338590331022067e-01,-2.804599151477644731e-04,4.529046155688734032e-01,-2.062627982632128099e-01,-4.440194336569239231e-01,3.132739573239177178e-01,2.679136410382391698e-01,-4.025703640759880630e-01,1.723029895838325831e-01,5.498392241391628632e-01,6.604319439422205729e-02,5.368617587190950280e-01,2.009097750074806676e-01,-1.750964639667386136e-01,3.690426918283004620e-01,5.296584455625120702e-01,2.872858001119696358e-01,-4.591379383022565763e-01,1.051953686230992918e-01,5.807407469614292994e-01,8.999082044010454917e-02,4.816637917339156028e-01,2.125069463798042457e-01,-5.583299479799379988e-02,-5.615866251410935872e-01,9.814851159854380558e-02,5.455321877602146152e-01,6.000336638344117013e-01,-2.873204425770936599e-01,3.491030327552132606e-01,7.940188480860357334e-01,-4.255205260943621670e-02,1.677728475576200848e-02,1.000000000000000000e+00,5.871521863920330098e-02,-6.634599218179230151e-01,-4.208253054690038186e-01,-7.190195676497829202e-01,1.901880874375289632e-01,1.088956558557236803e-01,-5.493327308013498111e-01,-3.199323460165321986e-01,1.322407909861987307e-01,-1.728908339846340625e-01,-6.603274042683371370e-01,-8.765208732917401102e-02,-4.323835986842508028e-01,-2.167238137924104302e-01,3.447112675713864260e-01,-6.951875556929895672e-02,-2.614812958326560577e-01,-2.859730582092204210e-01,-2.695154112384267053e-01,-1.562343240640948205e-01,-3.578956679902695059e-01,-4.391648517869501944e-01,7.971899484190360374e-02,1.154273159329065185e-01,-6.535347734078671145e-02,-5.869029552839473141e-01,-2.778683001422384558e-01,3.674341648761811352e-01,-1.196541885792778703e-01,-6.064180770961402622e-01,5.773408071651801171e-02,2.936789440757382463e-01,-4.313566719241264669e-01,-2.720828913970022578e-01,3.440925904992983009e-01,-1.122655612017586270e-02,-3.731984438441374174e-01,4.758854875580541266e-02,5.708503003284798837e-03,1.884476615547983347e-01,3.459708861822573533e-01,-1.110366717706632589e-01,-7.627064108853130742e-02,-1.637675642607313575e-01,-1.845285612011434428e-01,-7.851252312162651514e-02,-6.139130811451757458e-02,-1.484413756311991628e-01
-3.802084615030630332e-01,-1.896396029608509448e-01,-3.617118997947398329e-01,-6.518498983981653276e-03,8.574313343832591638e-02,3.857386073006429106e-01,1.651809699485743410e-01,-4.246869129664939541e-02,2.844243126472956185e-01,3.472370400371419530e-01,-1.905942348039339415e-02,6.653958066207943389e-02,4.008753827547557047e-01,2.921683204012239798e-01,-1.021597707549895123e-01,1.339721970903967347e-03,3.916513106374656661e-01,8.361372760583195285e-02,-4.039766175002215687e-01,1.748692929937089580e-01,3.909214299284622940e-01,-2.546184462700005757e-01,-2.286094902020479047e-01,-8.811310153153233127e-02,3.461768256835545676e-01,2.784324040519560173e-01,5.195100574305994146e-01,-1.426626544828135668e-01,5.135440707677010330e-01,-1.653639108355761667e-01,-2.991240542168807082e-01,-4.697181537525247363e-01,-5.061981439091711721e-01,4.903004681360484951e-01,-2.076352592064156510e-01,-8.045374017995078342e-01,3.727809798716777978e-01,6.388586142905229304e-01,-6.168390919088626578e-01,5.871521863920330098e-02,1.000000000000000000e+00,1.260108386877708819e-01,-5.786538115428748741e-01,-2.610941870498983963e-01,-1.707504906430122038e-01,6.259134684077813926e-01,1.676531914927841815e-01,-1.325309010354196182e-01,5.934493905374010891e-01,2.537424060722203167e-01,-6.041060509026232456e-02,3.693944654721635357e-01,5.135660249698703606e-01,-8.990103408365865412e-02,-3.126747099116798934e-01,-5.516146088443721895e-01,-2.197164173475311955e-01,-3.254166701128178296e-01,4.148976530920263084e-01,2.753121216778253721e-01,-3.729458585856551545e-01,2.493308704182223279e-01,3.445580956193521338e-01,-2.788036112468407768e-01,-5.247824845338399102e-01,-7.641414056421855228e-02,9.909196636857638130e-02,-3.624194399128715660e-01,-3.937007962850317400e-01,9.192365397563893870e-02,-7.532192663279058120e-02,-4.822819810546307151e-01,-2.391207399850205639e-01,1.691436797307242779e-01,-2.409895347128147569e-01,-4.724484136258867428e-01,-3.150205301858562401e-01,-1.815204000073917523e-01,-1.832648238427068699e-01,2.685463106710609185e-02,1.316665454886307429e-01,8.061937410520778058e-02,2.118949953268146336e-01,-1.438284560115627164e-01,-1.639276289480962601e-01,-2.249816677505041829e-01,-2.208335590821299543e-01,-2.919695722338339072e-02
-5.569523535059950348e-02,5.490626170062869182e-02,-9.436658275598130974e-02,-2.341921041312104157e-01,-4.681067675030531339e-02,-1.763312034989792110e-01,2.664697561556774175e-01,3.416610177229026934e-01,-1.318696000688285852e-01,-3.342906140506620577e-02,4.123114064962144498e-01,1.739824390119777686e-01,-1.860501370414042177e-01,3.711216410857628989e-01,2.830408766181825575e-01,-2.644624155916475150e-01,-2.009473784803428587e-01,-3.819422935798440222e-02,-3.416617346378016951e-01,-2.776922196305433022e-01,-8.611639851282779090e-02,-1.295594247176193314e-01,-5.034356812128908398e-01,2.225083246595858377e-01,-1.087887092843119741e-01,-4.741515094981819667e-01,-1.461993817533996376e-01,-5.097374302313452121e-01,-2.292387310600660366e-01,-5.646684347690155148e-01,-3.154265291312373376e-02,-5.768347596332364935e-01,-6.239950816593964333e-01,-6.300927037536177555e-02,6.688251140514658299e-01,-4.051571429963904403e-01,-5.377696121082728986e-01,5.547919397551626108e-01,3.628204500780254360e-01,-6.634599218179230151e-01,1.260108386877708819e-01,1.000000000000000000e+00,6.085916486168742034e-01,6.233249929571548220e-01,2.988699758155357600e-01,-5.147702221575417569e-02,1.185247474617940194e-01,6.171956879984537014e-01,5.070415970841431197e-02,-3.662032507666441727e-01,4.592503134219198535e-01,5.191641093093809500e-01,2.762067198868725093e-01,2.518658670425889534e-01,-4.605702267726657223e-02,-4.630929242762669290e-02,-2.669894077963668177e-01,4.410998398858639868e-01,3.589194521972967622e-01,-3.469127896448956361e-01,-2.122291190772373701e-02,3.744491986811929740e-01,-2.556823113606807030e-01,-4.286362967018187420e-01,-1.120790996110619248e-01,4.758436026713258604e-01,-2.253154451844277262e-01,-4.782979191916673090e-01,2.954087077879447021e-01,2.916863055408098204e-01,-4.797919835904312924e-01,-1.807886407611900281e-01,3.410639885097133117e-01,-1.647776059407861926e-01,-4.312563846204625628e-01,1.509138422034140004e-01,-4.936806280667269814e-02,-2.066054779168941258e-01,7.301065696585139209e-02,5.395671255049501458e-02,-2.833140613854703282e-01,-2.445526711305849588e-01,1.327274760423315381e-01,-2.694633635990130727e-01,-1.524158177566993164e-02,-2.783938410816096387e-01,-2.856283104496238311e-03,7.981790658187801202e-02
3.331739972967848185e-01,2.090610178733453839e-01,2.554736924329346071e-01,-1.008613885065261090e-01,-6.969348337294491158e-02,-4.735582560156410548e-01,1.762475100260695385e-02,3.316516008586986031e-01,-2.997898437588411569e-01,-3.630474793387163390e-01,3.105363551114121989e-01,1.398019469864446029e-01,-4.746407979804321831e-01,3.389326479850171656e-04,3.677138615283834788e-01,-1.512504645066772846e-01,-5.153246956932433509e-01,-2.270192113579069457e-02,1.091596408827795878e-01,-4.265991773919610708e-01,-3.493510174200643026e-01,2.307491275346933157e-01,-1.890098668193638254e-01,1.465118316846821811e-01,-3.335691539040961939e-01,-5.012648618274111456e-01,-5.485897337323388800e-01,-2.040417220577078472e-01,-5.701306485342743091e-01,-3.921879060211759804e-01,1.153986036261904768e-01,-7.134959769268565954e-02,-6.882562176705730832e-03,-3.334688553182993953e-01,6.567528744627306736e-01,3.665256021886449944e-01,-5.845852906715269803e-01,-4.393738548697932039e-02,7.711742088005054674e-01,-4.208253054690038186e-01,-5.786538115428748741e-01,6.085916486168742034e-01,1.000000000000000000e+00,5.949801079471882526e-01,3.690845897665313013e-01,-6.068624286304383775e-01,-1.341991907292670871e-01,5.095870679845203588e-01,-4.723802535845824102e-01,-5.772122358887729066e-01,3.046596349446879515e-01,1.471473464028734690e-01,-2.793901910721932613e-01,2.396764317218954277e-01,2.728497159362036073e-01,4.696052696272217108e-01,-5.034635577422574837e-02,6.057662096321476675e-01,-1.551447172157285892e-01,-5.619384954352614203e-01,2.628557006864981060e-01,3.224924442545553521e-02,-5.135388463108424562e-01,-1.107435328412381681e-01,3.460696092545258451e-01,3.620883077009975359e-01,-3.425633017414406178e-01,-2.514296492152165094e-02,5.802613893543626666e-01,5.300726492135129225e-02,-3.376839028217697991e-01,3.232523363877757849e-01,4.330589862426443837e-01,-3.190066990200353669e-01,-9.095993943982236263e-02,5.402355260546743976e-01,1.599381093155828049e-01,9.230869911564557398e-03,2.631095882245558792e-01,5.210876687881432767e-02,-3.201770759708065239e-01,-3.598763442273208990e-01,-1.524214894381244190e-01,-1.338437980639914093e-01,1.735347190973394182e-01,-8.525831570068649612e-02,1.717234927091392527e-01,8.134515533606204163e-02
4.817609548110167450e-02,-1.222700842557512997e-02,3.727477944508650332e-02,-5.968859017044653159e-01,-3.994058676349183656e-01,-4.834631714504931121e-01,4.984123307870042541e-01,3.639850917071681957e-01,-5.986566613589693331e-01,-8.934191027336309265e-02,7.062334700825527722e-01,-8.552887042244448901e-02,-5.858010084942030238e-01,4.678689503011110307e-01,1.668485361531410194e-01,-6.820038728504843606e-01,-3.985728018745940404e-01,-5.042259412277645403e-01,-2.340559472187464796e-01,-1.657008533457973720e-01,-5.230112713048494788e-01,-3.612222437962228638e-01,-4.758226655441236130e-01,3.908071159067497691e-01,-2.820445892303662383e-01,-8.004165428211292843e-01,-4.955404370499400524e-01,-6.380992757331851450e-01,-4.119513351281519076e-01,-2.547173829366369824e-01,4.070936454858484765e-01,-2.332249129248938624e-01,-4.961581015806770245e-01,-5.513192513621826274e-01,6.379362784982990364e-01,-1.092729723827711164e-01,-8.703285672486448243e-01,9.396490447487103326e-02,4.215019037956630465e-01,-7.190195676497829202e-01,-2.610941870498983963e-01,6.233249929571548220e-01,5.949801079471882526e-01,1.000000000000000000e+00,7.480825795199190498e-02,-2.833502709910500905e-01,5.332417976729786346e-01,6.784649578477811582e-01,-3.297358318337314520e-01,-1.747305753289569719e-01,6.855546697685622748e-01,1.636504978821149425e-01,2.860332787574744740e-01,5.191997760266680029e-01,-1.368805478781935925e-01,2.474920926750166505e-01,1.291438406653087623e-01,6.789323208140427557e-01,2.419892363240088717e-01,-2.824886352236837816e-01,4.334433882830464047e-01,5.204827492274048950e-01,-4.229326198876007803e-01,-3.118114504754322391e-01,2.297053646204769428e-01,8.127955791744367886e-01,-2.593650947107084548e-02,-4.463616756601038182e-01,5.158598275675975176e-01,6.112843898387262387e-01,-3.771151652960482159e-01,-1.131707448422149265e-01,7.296655262878757320e-01,-2.702249915754553061e-02,-5.177704207783352386e-01,3.826840893470541127e-01,3.244621566872580853e-01,-2.480649518916930307e-01,1.935750000177269975e-02,-2.550185048380557151e-01,-5.046028531213800905e-01,1.927769448968670368e-03,2.167004645794701478e-01,6.651915400704301595e-02,2.245624151323175888e-01,-5.925425008244456643e-02,1.765251756618071155e-01,2.837016111324934253e-01
2.249110176993153742e-01,5.306841394731124373e-01,1.665635454297149931e-02,2.926261584066860433e-01,4.791728965657156558e-01,-1.056319569235528166e-01,-4.071789883937381727e-01,2.984003345936362961e-01,3.545511024015017831e-01,-3.885433143776497178e-01,-1.832956040697964195e-01,5.070060443269300832e-01,3.995228028001433784e-02,-1.873175064517282329e-01,4.815988128724620898e-01,4.207615339724528614e-01,-2.117600119606006803e-01,5.906946704290788608e-01,1.902678976834439387e-02,-4.730960151081347043e-01,1.820586358162609719e-01,5.062898230057862881e-01,-3.922706359583085639e-02,-1.644961944537628173e-01,-3.627459731190235126e-01,-5.466885902501030653e-02,-2.577481609022143072e-01,-1.402349688662837546e-01,-4.503277583520794991e-01,-6.630342259480076494e-01,-5.829111360414118703e-01,-5.004421952103599303e-01,-1.494871477928001388e-02,4.009645052204847682e-01,6.682564770018535327e-01,1.560751145260248773e-01,6.960557715477141104e-03,4.028785429574006649e-01,6.365220122333148378e-01,1.901880874375289632e-01,-1.707504906430122038e-01,2.988699758155357600e-01,3.690845897665313013e-01,7.480825795199190498e-02,1.000000000000000000e+00,2.668628889934803600e-02,-6.749808375802892613e-01,5.893120026377708376e-01,2.076048197713507848e-01,-7.874000873714097626e-01,-2.608397680522031026e-01,4.795652568591284859e-01,-2.389753141722356922e-01,3.213007700457178872e-01,5.789402580989500002e-01,-1.451242913053278627e-01,-6.429938439078909385e-01,1.720883452379561307e-01,1.785121610448125312e-02,-6.078087610868808666e-01,-4.207416355789533324e-01,-3.182849354663142560e-01,-2.268580625576454568e-01,-1.417139636592956442e-01,-1.333387603207029058e-02,-1.305461619177694932e-01,-5.245862869467334821e-01,1.885433427660482622e-02,2.616494778758114981e-01,-3.831289317996335875e-01,-3.798199180916859152e-01,2.661162670872414537e-01,-1.191057900475074038e-01,-5.223335494498345666e-01,3.899960227880666652e-02,2.449199415287764137e-01,-3.815313540032369555e-01,-4.817275758245629508e-02,1.587843959526394899e-01,2.902285170734146269e-01,9.864637502621734222e-02,-3.191709692258165587e-01,-1.723793161204737259e-02,-4.150222950152837043e-01,-2.832703559527202652e-01,-2.212580939055440454e-01,1.246192380454777537e-01,-5.848894159250329211e-02
-4.398471343763801777e-01,8.075569027165405145e-02,-5.042639232505372604e-01,1.139576377452339168e-01,4.191843113161435874e-01,3.500132308281758142e-01,-6.837237183470760982e-02,1.070861323981245478e-01,4.913494262914384070e-01,1.448145153653836725e-01,-1.280954502167516718e-01,3.137220879894889736e-01,4.362627217581440120e-01,1.990840533922904887e-01,8.623809761504475091e-02,1.287491250876696691e-01,3.093236669535595618e-01,2.670859899625067646e-01,-4.007180570559665811e-01,-7.512116763458000050e-03,3.987629937706104188e-01,-1.539204673891809427e-01,-2.484555289458954264e-01,-3.197287162683432604e-01,1.885944491886811791e-01,4.379913564510272139e-01,4.804691458884349786e-01,-2.331692180461559238e-01,5.833242387622251668e-01,-1.456309846385133722e-01,-3.156875350135722735e-01,-4.784813576855390660e-01,-4.409261667094999670e-01,4.369061844076823631e-01,-1.050618384080826140e-01,-6.320916997879698629e-01,3.148266301818698487e-01,5.266305878681861730e-01,-4.556293944214648284e-01,1.088956558557236803e-01,6.259134684077813926e-01,-5.147702221575417569e-02,-6.068624286304383775e-01,-2.833502709910500905e-01,2.668628889934803600e-02,1.000000000000000000e+00,7.310238245010994285e-02,2.902235478833486287e-03,7.482085989075053511e-01,2.483901187828966850e-01,-3.912763843021258015e-02,3.021601087316478917e-01,5.424109106431501681e-01,2.876371820991277528e-02,-2.721001186912500036e-01,-8.014076386701142196e-01,-3.761696418392327379e-01,-3.250483241317407845e-01,5.355975341000145384e-01,1.977830536530569283e-01,-4.966253923396747871e-01,1.543991104261188685e-01,2.884625522973546241e-01,-3.343052901530028653e-01,-4.913138610474702128e-01,-1.487155232933148330e-01,-8.219083874899962838e-02,-2.992955522848010919e-01,-3.048747718112239102e-01,-8.241838005173511561e-02,-1.810313908186575726e-01,-3.380103407395849691e-01,-3.965898464749686991e-01,-8.425739793261052824e-02,-1.269828001210837054e-01,-3.865205536759536153e-01,-5.299779494394863955e-01,-2.867762898115291947e-01,-1.577630251074134682e-01,1.861937671018999152e-01,1.248096275971504326e-01,6.961315292614826677e-02,2.918429516972314008e-01,-2.642545612370315600e-01,-3.630010829519342286e-01,-3.019865714578484628e-01,-2.732756110839275054e-01,-2.135158621675188328e-01
-2.181092684683626493e-01,-3.463512638014546452e-01,-1.025201457766130864e-01,-6.706516179432624458e-01,-5.691367979805477262e-01,-2.235671530957363262e-01,6.458714883299171428e-01,7.442038521903558690e-02,-6.079989109062322594e-01,2.370523374987175969e-01,6.229314628865355585e-01,-3.730286397901920736e-01,-3.784907657186252772e-01,5.148788964465362827e-01,-2.286482606846610421e-01,-8.062790385435573137e-01,-6.702457472787798354e-02,-7.749058325824784710e-01,-2.532789828841694457e-01,2.607935256597446183e-01,-4.626531860917245664e-01,-6.963713184251726362e-01,-3.526355685286117758e-01,3.287581604476813579e-01,5.353530026852484219e-02,-4.496891335307499626e-01,-8.053321263696607002e-02,-4.663618174966565055e-01,1.934102862770413211e-01,2.953626498080136331e-01,6.313195953929846560e-01,8.155293317552957111e-02,-4.570982250249486234e-01,-5.565115383790320003e-01,-1.186538418183170907e-01,-3.883225466582114205e-01,-5.056498864796411530e-01,-9.952183959023948312e-02,-3.520474962477591063e-01,-5.493327308013498111e-01,1.676531914927841815e-01,1.185247474617940194e-01,-1.341991907292670871e-01,5.332417976729786346e-01,-6.749808375802892613e-01,7.310238245010994285e-02,1.000000000000000000e+00,3.438389824402497685e-02,-1.969337645893968203e-01,5.894618096235825222e-01,6.435757936061788920e-01,-2.126334741137373141e-01,5.780342299393120831e-01,2.466689550092304173e-01,-6.471534522802857570e-01,4.844800203304228808e-02,5.140366774237630221e-01,2.795981145608110729e-01,3.042646010929788702e-01,3.263404083406600265e-01,5.348184673798119793e-01,6.361295837287084254e-01,-7.097190273577480557e-02,-1.645242446067441688e-01,9.111323739413813849e-02,6.553897013819295347e-01,3.851836385379534544e-01,-4.000816715628390252e-01,1.024457717449617083e-01,7.324286006239645319e-01,-7.124980706906619554e-03,-3.677809670884826243e-01,5.423512480461885055e-01,3.744508785994234423e-01,-4.433351604780736976e-01,2.836581929187262201e-03,3.790558086523436732e-01,-2.248960624052733226e-01,-1.543748645390150553e-01,-3.864905261370275569e-01,-4.610526606136239325e-01,3.035743820961994688e-01,2.765910487024416664e-01,3.367303530066453887e-01,3.292475966038682089e-01,4.442133103363464508e-02,-2.924184591348330531e-02,2.580772060241641741e-01
6.665146017854862992e-02,3.605480518472015117e-01,-1.248111934248998800e-01,-2.694505594636090184e-01,1.301236055046471329e-01,-3.687893667002374309e-01,1.395227979245538541e-01,5.811832497799717112e-01,-9.042205045574774891e-02,-2.910478266366670064e-01,4.510261022179143375e-01,4.076491157774317364e-01,-3.117706913228406318e-01,3.455460980935891047e-01,5.539496131382892763e-01,-2.522024951067154963e-01,-3.733350622939084484e-01,9.765870770232155940e-02,-3.758906628532296401e-01,-5.470587013710818125e-01,-1.155358473571263811e-01,3.319000072740187907e-02,-5.928344255957056497e-01,-1.237430203265231683e-02,-3.237783787245471778e-01,-5.037425015346419510e-01,-4.500630298456102518e-01,-5.615627690837308172e-01,-3.793428798816035896e-01,-6.873673861494977722e-01,-1.944271218689105629e-01,-6.008802358472445926e-01,-4.235976082522129316e-01,4.654792561548927628e-03,8.650237240110196790e-01,-9.455760736395002475e-02,-5.028759810895715443e-01,4.759974006552691872e-01,6.364849233992406763e-01,-3.199323460165321986e-01,-1.325309010354196182e-01,6.171956879984537014e-01,5.095870679845203588e-01,6.784649578477811582e-01,5.893120026377708376e-01,2.902235478833486287e-03,3.438389824402497685e-02,1.000000000000000000e+00,4.329567371357367217e-02,-5.989251422345267528e-01,4.605396354992091212e-01,5.882299553416205917e-01,1.346379499736505003e-01,5.846386342848970408e-01,2.472313876627505735e-01,-1.088568256688349362e-01,-4.733599961660905908e-01,6.025573924699796358e-01,4.162368110506981522e-01,-6.187402729458527650e-01,-1.061832995359330289e-01,3.339521665755357249e-01,-4.003295976791348965e-01,-5.404797375043003393e-01,-2.065416321788051193e-02,5.215139832937092379e-01,-4.832131508162503808e-01,-4.747191233086672790e-01,5.358396905567207602e-01,1.788039760125685329e-01,-7.011353669310999015e-01,-9.934290523621911589e-03,4.115776046757695927e-01,-4.465755434562829196e-01,-4.766063114934462330e-01,3.896111839402992549e-01,-1.713146869248745596e-01,-3.590845854508852297e-01,7.266937725292754724e-02,6.147109439534653025e-02,-3.087987086367128264e-01,-2.070700093832592847e-01,2.712317189481558977e-01,-3.118882697788000202e-01,-1.143000897940099209e-01,-3.353768228708040589e-01,6.686444930135622411e-02,1.425698138788043801e-01
-4.241989580731682641e-01,-2.276605866426751473e-02,-4.144006588044865658e-01,2.637200018043731609e-01,4.037785781362531190e-01,5.638621810739364859e-01,-1.230609169493492722e-01,-1.057929582493627174e-01,6.173561376524021593e-01,2.935419263398038048e-01,-3.224313379690701420e-01,2.242794207268918316e-01,6.424122635274819304e-01,1.282828673614439530e-01,-2.876403520002208600e-02,3.339907915867554866e-01,5.280760707009979349e-01,4.097907863314709243e-01,-4.355133680326845891e-01,6.629461531997911383e-02,6.356732089787825446e-01,-7.677345103724533826e-02,-1.437645162709611513e-01,-3.403743752619620144e-01,2.538312966017883809e-01,4.550179725959776489e-01,5.481862640133620124e-01,-4.919900818716915064e-02,3.829999682939091432e-01,-2.316475499802751470e-01,-4.753853112611134968e-01,-5.497071920845620907e-01,-3.787749315744386447e-01,5.673874315781635147e-01,3.769220444016156951e-03,-5.678037286509944881e-01,3.707226627163816013e-01,6.063933259749830773e-01,-3.420585306940840953e-01,1.322407909861987307e-01,5.934493905374010891e-01,5.070415970841431197e-02,-4.723802535845824102e-01,-3.297358318337314520e-01,2.076048197713507848e-01,7.482085989075053511e-01,-1.969337645893968203e-01,4.329567371357367217e-02,1.000000000000000000e+00,8.951773663593608210e-02,-2.307913412028087530e-01,5.019894434010540030e-01,3.300753943521995692e-01,-1.220654386502555283e-01,1.528680333663563241e-02,-7.986126935051282016e-01,-5.718531731067575397e-01,-4.849600848462467528e-01,5.108035399113675101e-01,1.755202711506957391e-01,-7.202687837653750647e-01,5.394361883519366296e-02,5.101794834324876460e-01,-2.747558554227983452e-01,-6.206238224011427773e-01,-3.130443173315306526e-01,-6.044862436431828329e-02,-2.538622287682644196e-01,-4.579005420422692096e-01,-1.859774898614703909e-01,-1.077376237464066633e-01,-3.827439803711015776e-01,-5.365426095846422827e-01,1.909200864438819357e-03,-4.644769451470095317e-02,-5.329218410663274508e-01,-4.645294169683097385e-01,-1.417345543535832864e-01,-1.634348925634060146e-01,1.653494383689667890e-01,3.495386919114074065e-01,1.082505526064306139e-01,1.900094133331243496e-01,-2.148203397351118316e-01,-4.373931232133620450e-01,-1.458829473477187277e-01,-2.305395096810378408e-01,-2.260601074654088605e-01
-3.004026846814530916e-01,-4.509817044161760768e-01,-6.379557707726553339e-02,-1.879381542776487890e-01,-3.588978177689566285e-01,2.479845194580806156e-01,2.824451890825076528e-01,-3.996519885852411469e-01,-1.872700397355387680e-01,4.263367907653403122e-01,-1.860343885700854001e-03,-4.912232888836554068e-01,1.211539574307791273e-01,1.202184662164894197e-01,-5.650506142582404356e-01,-2.953429230419769014e-01,3.481888824808067051e-01,-5.050348677662439556e-01,-1.094121505531220166e-02,5.809848509706218023e-01,-8.290018256281836417e-02,-5.304787009991788205e-01,1.451641031015764305e-01,1.188836675906657231e-01,3.026696148957829791e-01,1.537439526519657484e-01,3.738098260560600572e-01,4.026665726806974432e-02,4.292403167501435135e-01,7.251956351892046015e-01,5.320804076934045890e-01,3.704965719179311723e-01,-1.076927729722392257e-01,-3.173602017742916392e-01,-6.735021372911480508e-01,-3.087452812291956450e-01,2.964610280805532114e-02,-3.138320341649154521e-01,-7.684692754657357350e-01,-1.728908339846340625e-01,2.537424060722203167e-01,-3.662032507666441727e-01,-5.772122358887729066e-01,-1.747305753289569719e-01,-7.874000873714097626e-01,2.483901187828966850e-01,5.894618096235825222e-01,-5.989251422345267528e-01,8.951773663593608210e-02,1.000000000000000000e+00,1.497062828256308653e-01,-5.568628898762345569e-01,3.651772366239965373e-01,-2.599125784794260041e-01,-6.269706524052344188e-01,-1.127666101630320217e-01,5.694758591379660562e-01,-3.720376048986227535e-01,5.894843226000653219e-02,7.457632907411766432e-01,2.829981226242294645e-01,1.998143717001530095e-01,3.598621483171026703e-01,2.251830508346174264e-01,-4.696298736338339747e-02,-7.703467974152302528e-03,6.095582176013916165e-01,2.314762283147349387e-02,-4.294080569088309374e-01,3.237166717396756099e-01,4.866165729906274939e-01,-3.305876892155057423e-01,-7.567507637065187809e-02,5.890037788394485441e-01,5.002046894325015702e-02,-4.255771370462174130e-01,2.658395748416680915e-01,8.902006860829818347e-02,-2.107152146619735988e-01,-2.412352806987421439e-01,2.024145718247221531e-02,4.316831239898636374e-01,5.881812004797504212e-02,4.010921722916018783e-01,1.256870953549505954e-01,2.585858662953358644e-01,-1.542346764067744069e-01,-2.907979866844192379e-02
-1.825427297602981447e-01,-1.251981767812977153e-01,-1.662282176242567688e-01,-5.623236976487878680e-01,-3.167091641564397930e-01,-2.607386915646732750e-01,5.583802855425604728e-01,3.201550686368905274e-01,-4.257218791679649450e-01,1.003840475225072498e-01,6.637066915930651678e-01,-6.460262555337956125e-02,-3.474433971605754290e-01,5.993312456683239642e-01,1.161511862686985253e-01,-6.986439811248487119e-01,-1.924527855297988033e-01,-4.791928262681784956e-01,-4.575083872114276695e-01,-1.166173580465861975e-01,-2.910243238408965483e-01,-4.924945376275800535e-01,-6.214162627810908557e-01,1.922081676370752390e-01,5.452146548569008350e-02,-4.988855719087847973e-01,-2.181305679342641357e-01,-4.695322212838485831e-01,-1.448310087965818012e-02,-7.302751217186399801e-02,4.236141836252512727e-01,-1.472475369520581112e-01,-4.663312343522226788e-01,-4.521657001680348675e-01,3.175705671458468049e-01,-2.479190802130615268e-01,-6.314241877259838542e-01,9.565266249963728928e-02,9.044942694640945025e-02,-6.603274042683371370e-01,-6.041060509026232456e-02,4.592503134219198535e-01,3.046596349446879515e-01,6.855546697685622748e-01,-2.608397680522031026e-01,-3.912763843021258015e-02,6.435757936061788920e-01,4.605396354992091212e-01,-2.307913412028087530e-01,1.497062828256308653e-01,1.000000000000000000e+00,1.464539686641364857e-01,4.092834396157229437e-01,2.248452299680528399e-01,-3.457470400397082422e-01,2.598662266951188432e-03,1.490742283482045516e-01,4.531916810371566795e-01,4.455470379467396103e-01,-1.475830098765272547e-02,3.100145248496473105e-01,6.843268352517523079e-01,-2.075713288048928740e-01,-4.577315677995689169e-01,-3.015610445987322238e-02,7.060921598861779058e-01,2.777999489567042901e-02,-5.680318313811669739e-01,2.844962471343862598e-01,5.991786897513525778e-01,-3.735146060308457971e-01,-3.176279415676828699e-01,5.582478746192629515e-01,4.922617559254173492e-02,-5.798979445404585098e-01,1.404572430284993512e-01,1.790009256846563923e-01,-3.415915658672739053e-01,-1.077394550958146319e-01,-1.979336013415553541e-01,-4.337422320745348281e-01,9.717947121726784598e-02,3.176973942035408172e-01,5.624230915597139974e-02,1.363884623998899703e-01,-1.658400577856743441e-01,-1.493168117974177644e-01,7.515641319762358941e-02
-1.930753547930552649e-01,1.566234447174866540e-01,-2.802546411654660563e-01,5.798523190922789255e-02,3.180277556344446865e-01,1.753050751969579824e-01,3.553299327729331734e-03,2.565234617151587737e-01,3.673464619306401335e-01,4.753875068526580011e-02,4.042401002427348233e-02,3.927033095424589670e-01,2.761075613374670557e-01,2.925593724379521032e-01,3.291891758070074059e-01,1.323494131815191044e-01,1.466509062881035941e-01,4.004438688116594980e-01,-5.311734657598100595e-01,-3.169209377283866980e-01,4.325678026238569673e-01,3.774250180166030533e-02,-4.567102559131832051e-01,-2.013773551294437691e-01,4.594495881115830821e-02,-3.823789937846318147e-03,8.879210989423728939e-02,-2.527135768118742853e-01,-1.662779515503227251e-02,-6.892009874149840343e-01,-5.312134043394896032e-01,-7.451031242445547154e-01,-4.580675272014030908e-01,4.575495926965169602e-01,5.582600586315242808e-01,-3.951341151922265205e-01,-7.820533921418799505e-04,7.431021051715112069e-01,2.312424291203138693e-01,-8.765208732917401102e-02,3.693944654721635357e-01,5.191641093093809500e-01,1.471473464028734690e-01,1.636504978821149425e-01,4.795652568591284859e-01,3.021601087316478917e-01,-2.126334741137373141e-01,5.882299553416205917e-01,5.019894434010540030e-01,-5.568628898762345569e-01,1.464539686641364857e-01,1.000000000000000000e+00,1.804531497123115225e-01,1.905101274140491574e-01,3.502654545412611231e-01,-4.992455171755436072e-01,-7.451325430770002756e-01,5.112298436420230352e-02,5.255052014456754739e-01,-3.401688019730285117e-01,-6.021079244719477197e-01,2.230117047497294225e-01,1.146619300390912255e-01,-5.339233188341966363e-01,-4.959289389051881880e-01,7.039974018208548789e-02,-3.797226963380464504e-01,-4.686395443746960709e-01,8.636526164483652665e-03,-5.715877428423329215e-02,-5.242367226873531072e-01,-2.574803921209923296e-01,-1.073300615654297213e-01,-2.912363019619237936e-01,-3.307503383609636249e-01,-1.033349356673196051e-01,-4.086469797056113129e-01,-2.583568320440513544e-01,1.334080005942701007e-02,1.675986365823330937e-01,7.088977071004284869e-02,-1.823397226030945006e-01,1.865219990838678232e-01,-3.830061457298036820e-01,-2.757821525187565959e-01,-3.616006129648614009e-01,-7.015896666042235885e-02,1.897070119739396876e-02
-4.086961591626622203e-01,-1.840883519951620750e-01,-3.649871344531097628e-01,-4.277392888016853245e-01,-1.694239622325957317e-01,8.199477784934247615e-02,4.512078169367205738e-01,1.229185655165806468e-01,-1.318368321420909928e-01,2.908808276614289756e-01,3.907656137456905765e-01,-7.136670819311966008e-02,6.566146396317112076e-03,5.263339913279502236e-01,-1.207822185081675187e-01,-4.695610100764331385e-01,1.280352129034961484e-01,-3.581404586973831461e-01,-4.186464275240892596e-01,2.124677527330436633e-01,-8.668514118852375938e-02,-5.873351669401629671e-01,-3.832028578123483076e-01,2.475081721407633994e-01,1.121795785046684479e-01,-1.994636203381059403e-01,2.204334613399815956e-01,-6.092685267695174822e-01,3.220037321965391608e-01,-5.906219701612347092e-03,2.228532463377115858e-01,-3.582272747135042401e-01,-6.810701246069676973e-01,-1.244376667741011466e-01,-7.213407946456161512e-03,-7.211808905745292764e-01,-2.636235812922637645e-01,3.687206418570104782e-01,-4.134173548144618460e-01,-4.323835986842508028e-01,5.135660249698703606e-01,2.762067198868725093e-01,-2.793901910721932613e-01,2.860332787574744740e-01,-2.389753141722356922e-01,5.424109106431501681e-01,5.780342299393120831e-01,1.346379499736505003e-01,3.300753943521995692e-01,3.651772366239965373e-01,4.092834396157229437e-01,1.804531497123115225e-01,1.000000000000000000e+00,2.643693595327651913e-01,-7.231928689663610355e-01,-4.670269270175815834e-01,1.110703982779082249e-01,2.221410200141630056e-02,5.211046254476688899e-01,3.181777732352384369e-01,7.209732137447359690e-02,5.086557286367056063e-01,6.426975644481687511e-02,-3.117720944230399915e-01,-2.769597976759521352e-01,4.240564837405818577e-01,2.538706583989022714e-01,-5.444019619435145341e-01,-1.347454138623632447e-01,5.313620034521715496e-01,-1.340569281123329959e-01,-5.301164070606606549e-01,1.729351553550416976e-01,2.149116552212999853e-01,-4.617591343277245297e-01,-2.425958233636810180e-01,-6.602246975321940381e-02,-3.354395093510575410e-01,-2.387176587402199679e-01,-1.475801618830438477e-01,-2.471142850596291518e-01,2.078862944133978152e-01,3.633765812840020204e-01,-3.708621174522078049e-04,2.641968519766178108e-02,-2.148021767388870740e-01,-1.016292082950415732e-01,9.198939236937238306e-02
2.577770346821272596e-01,3.104878785901337146e-01,1.768309611857638575e-01,-3.250204477727513530e-01,-1.069103538378152890e-01,-5.210825675421524306e-01,4.456987055348573395e-02,3.879141051039242116e-01,-3.373214710950676043e-01,-3.918692823421117688e-01,3.617153451465704994e-01,1.513844843019388486e-01,-5.174521593172870526e-01,8.162627539377090291e-02,2.968715501854468641e-01,-3.328496381245873437e-01,-4.561713757917811307e-01,-1.971222730731675421e-01,3.559790037776373178e-02,-2.810895027120540735e-01,-4.789866944546519734e-01,-2.076846001288606275e-02,-2.449753297846314626e-01,7.344871093654808947e-02,-5.713978309012169854e-01,-5.330632937707311392e-01,-5.911476058921695254e-01,-6.533247657392206031e-01,-4.250303394318102890e-01,-3.131244443053436965e-01,8.049429593724462262e-02,-2.799568237328354248e-01,-3.058733240607197090e-01,-2.401118380539299102e-01,5.112861832436085274e-01,-2.959202806464989594e-02,-4.965052961857836511e-01,1.199332076176630874e-01,3.555893444930876002e-01,-2.167238137924104302e-01,-8.990103408365865412e-02,2.518658670425889534e-01,2.396764317218954277e-01,5.191997760266680029e-01,3.213007700457178872e-01,2.876371820991277528e-02,2.466689550092304173e-01,5.846386342848970408e-01,-1.220654386502555283e-01,-2.599125784794260041e-01,2.248452299680528399e-01,1.905101274140491574e-01,2.643693595327651913e-01,1.000000000000000000e+00,4.874171987895110220e-02,-2.794862580142645075e-02,-5.572094931732334000e-02,5.566189566719386139e-01,1.149673827729753989e-01,-4.067704993482753051e-01,2.602282359719081395e-01,1.007362753418469675e-01,-4.389139425417865059e-01,-1.028095552340425600e-01,3.341003603869154848e-01,4.680275644765815590e-01,-2.159862113320714094e-01,-1.318683659621085746e-01,5.358739486179930900e-01,2.195206376739980147e-01,-3.238820903763270365e-01,1.823694012393896891e-01,4.616990504561153674e-01,-2.144239611769846454e-01,-1.952929912944144919e-01,4.531007956384647817e-01,1.362465838820201870e-02,-9.063929920804671136e-02,2.842105909430588939e-01,-1.120553671224087207e-03,-5.101572365787940821e-01,-2.035564083643895961e-01,1.790394766863069240e-02,-8.579747918919236604e-02,2.211466861829139152e-01,-1.925908864056744829e-01,2.536436122314598141e-01,3.915466104689053206e-01
2.766607177330830947e-01,3.119224149061902707e-01,2.563618453244255746e-01,4.069683466076423062e-01,3.018297405775596798e-01,4.022768775495082910e-02,-4.493198838333690159e-01,-4.165162375253891880e-02,3.176449346113153771e-01,-2.327199511537419718e-01,-3.953351141459575668e-01,2.279425408115843821e-01,1.569955371116303067e-01,-3.401899292981862555e-01,2.116806556158749020e-01,5.138981439545964314e-01,5.323820561438549238e-03,5.141484099278347264e-01,1.282757737702404088e-01,-2.843568891350988781e-01,2.810299809983416441e-01,5.126776219113703403e-01,1.835233781361406413e-01,-3.007469029058907339e-01,-2.004567257719384599e-01,1.074488838921933004e-01,-2.226967963571449549e-01,3.366593178191426561e-01,-4.316357530148724475e-01,-3.431927590852639764e-01,-4.863136128661208479e-01,-1.134153006781343648e-01,3.604093026337719663e-01,3.190911364706666142e-01,3.588032813530504517e-01,4.506907113795511344e-01,1.772737295304290528e-01,4.075852440031625668e-02,5.112996089209174144e-01,3.447112675713864260e-01,-3.126747099116798934e-01,-4.605702267726657223e-02,2.728497159362036073e-01,-1.368805478781935925e-01,5.789402580989500002e-01,-2.721001186912500036e-01,-6.471534522802857570e-01,2.472313876627505735e-01,1.528680333663563241e-02,-6.269706524052344188e-01,-3.457470400397082422e-01,3.502654545412611231e-01,-7.231928689663610355e-01,4.874171987895110220e-02,1.000000000000000000e+00,6.342108390402625973e-02,-5.231754545514786248e-01,-4.110060997286599932e-02,-1.722388592447256228e-01,-4.311073702390801343e-01,-4.031698159048838770e-01,-4.170814373649306961e-01,4.960727098711836813e-02,8.216174339748481825e-02,1.577153010062684949e-02,-3.541650459742242130e-01,-3.708911149877454072e-01,2.733806504224753353e-01,9.492853853290171562e-02,-4.939520615953039151e-01,-9.175176495114349684e-02,3.363228325647917849e-01,-2.370584274883705544e-01,-2.992190129930645259e-01,2.779743452316155161e-01,1.259873405275096780e-01,-1.496003933916376372e-01,2.176064848184492140e-01,2.653497262332323858e-01,2.170658282458255983e-01,2.541071534083935157e-01,-2.438030899089602133e-01,-2.710853462227204580e-01,-1.619131742959198650e-01,-1.118956065030618230e-01,2.591180246045509880e-02,1.089006263617571385e-01,1.256844715484534310e-02
5.404189451435712499e-01,6.927700894507020368e-02,5.067281970853034778e-01,-1.461273598742151014e-01,-3.728266029504451184e-01,-5.728851639033598619e-01,1.297742132512706703e-02,6.207042394043782441e-02,-5.851988124179505757e-01,-3.590610909616276381e-01,2.210938741328861423e-01,-2.191033168093365346e-01,-6.450495151581460140e-01,-2.595907586699151004e-01,3.845211210840485117e-02,-2.423130538908320475e-01,-5.423817012588416642e-01,-3.411575999467211240e-01,5.095902972766049865e-01,-1.098056957838221132e-01,-5.835853645719504268e-01,2.114386873650878074e-01,2.043421542233562482e-01,2.124119855672819135e-01,-2.408919688826269001e-01,-3.882649246090422723e-01,-5.412082362620158626e-01,1.188685622200123526e-01,-4.289915879738505633e-01,2.309193822864249457e-01,3.942940629456310186e-01,5.361180258274104160e-01,4.249157585122435021e-01,-4.968867980946214402e-01,-2.518911583048120267e-02,5.787386208227696116e-01,-2.925070389960773842e-01,-5.849068787451321416e-01,3.519972351390741605e-01,-6.951875556929895672e-02,-5.516146088443721895e-01,-4.630929242762669290e-02,4.696052696272217108e-01,2.474920926750166505e-01,-1.451242913053278627e-01,-8.014076386701142196e-01,4.844800203304228808e-02,-1.088568256688349362e-01,-7.986126935051282016e-01,-1.127666101630320217e-01,2.598662266951188432e-03,-4.992455171755436072e-01,-4.670269270175815834e-01,-2.794862580142645075e-02,6.342108390402625973e-02,1.000000000000000000e+00,6.002142275987666364e-01,4.643444935027864484e-01,-7.018119371249493810e-01,-2.205381219609723609e-01,7.304387071355566974e-01,-1.683165660867669278e-01,-5.252386795896257787e-01,3.563587988506893289e-01,6.781835728749134873e-01,1.972410451242637419e-01,4.388789289741015613e-03,3.984218325092729329e-01,4.723173140222110544e-01,4.570585207564435704e-02,1.570918966640688919e-01,5.111541223412506829e-01,4.762634643956030200e-01,-3.806615027328607431e-02,1.859055705266911829e-01,5.753277299270642686e-01,4.856886980847660573e-01,2.934055035883990081e-01,2.485978889232427491e-01,-7.603065381652167332e-02,-2.172929403379233182e-01,-1.980452644986826771e-01,-3.272766426333053591e-01,1.680796551741050859e-01,3.417434678792323210e-01,2.343891989616341542e-01,3.573448132174583680e-01,2.358873442036734103e-01
2.267724359708425119e-01,-2.444240320643555897e-01,4.092692880145138434e-01,-2.726785585311822246e-01,-5.877401651783475955e-01,-2.971767268019158137e-01,1.897175634166560487e-01,-2.712482945376532562e-01,-6.403797949515432908e-01,3.006439218501814805e-03,1.611876286858090757e-01,-5.717742595937840289e-01,-4.616593795552583201e-01,-1.408186810943163059e-01,-4.298759944622061457e-01,-4.433253370348204658e-01,-2.190693558472012747e-01,-7.167591510571487134e-01,4.776605814128022653e-01,4.010453384033615953e-01,-6.609617611960972861e-01,-2.904511210694845080e-01,3.309205942221670194e-01,3.450491171462968243e-01,-1.575572665634341618e-01,-2.672327516552567839e-01,-2.005167546220284203e-01,-6.076589339072745871e-02,-9.229211198729618537e-02,6.972922540715245088e-01,7.498932998371505843e-01,6.347796775351730592e-01,1.609311435910772137e-01,-6.955263889355504103e-01,-4.756258315862213482e-01,1.616005445229195814e-01,-3.087318405516277231e-01,-6.746406371210362796e-01,-3.023902777755161919e-01,-2.614812958326560577e-01,-2.197164173475311955e-01,-2.669894077963668177e-01,-5.034635577422574837e-02,1.291438406653087623e-01,-6.429938439078909385e-01,-3.761696418392327379e-01,5.140366774237630221e-01,-4.733599961660905908e-01,-5.718531731067575397e-01,5.694758591379660562e-01,1.490742283482045516e-01,-7.451325430770002756e-01,1.110703982779082249e-01,-5.572094931732334000e-02,-5.231754545514786248e-01,6.002142275987666364e-01,1.000000000000000000e+00,6.111608268495585111e-02,-5.038007745002973659e-01,4.854994167082962164e-01,8.591362317594214426e-01,-4.910527069522850618e-02,-1.772873010323492426e-01,5.452912672691936358e-01,5.754891918668346706e-01,2.020359175511054761e-01,5.374109483229269069e-01,3.467693437856186889e-01,5.430212279340591863e-02,3.485657789381801375e-01,5.468275541328802003e-01,1.581927142328837799e-01,3.353354017719984981e-01,4.450416735782919964e-01,2.065954430241424000e-01,1.430808949841514410e-01,5.894854788221558506e-01,3.521279609688709455e-01,1.167685369117580085e-01,-1.932239152662750536e-01,-2.838984088156712993e-01,1.532632333312259065e-01,-2.676443846320417097e-01,4.378628166354271989e-01,4.145131696268934962e-01,3.782999419012662012e-01,2.363590865521228990e-01,1.845565410257974104e-01
3.501215375880112335e-01,2.969015603307677553e-01,9.839843909948167711e-02,-4.857941279222772746e-01,-1.586039103773238257e-01,-8.194928453030064786e-01,2.408611564067702770e-01,7.099588083534656979e-01,-5.560408633845475013e-01,-5.367630794737372479e-01,7.283092662112438109e-01,2.711426548272932169e-01,-8.183818400754555578e-01,2.323614065868767620e-01,5.749117188862560290e-01,-5.451372505388425438e-01,-7.743990826638125213e-01,-2.577298654038777670e-01,-4.139500580429798099e-02,-5.973840782129936633e-01,-5.974779724468413100e-01,9.058816877459453798e-02,-5.415016484905098570e-01,9.199603035678845242e-02,-3.456420519314919448e-01,-6.331867263946480140e-01,-7.219788709033759799e-01,-4.925192611743459126e-01,-2.944477987433130606e-01,-3.976259471570579573e-01,1.611468545203914304e-01,-1.115410891003781324e-01,-1.449003985858831056e-01,-3.475151470973970591e-01,5.712326301930892303e-01,1.901458559380242996e-01,-5.631565922029986293e-01,2.390467248531088704e-02,6.244680925414923811e-01,-2.859730582092204210e-01,-3.254166701128178296e-01,4.410998398858639868e-01,6.057662096321476675e-01,6.789323208140427557e-01,1.720883452379561307e-01,-3.250483241317407845e-01,2.795981145608110729e-01,6.025573924699796358e-01,-4.849600848462467528e-01,-3.720376048986227535e-01,4.531916810371566795e-01,5.112298436420230352e-02,2.221410200141630056e-02,5.566189566719386139e-01,-4.110060997286599932e-02,4.643444935027864484e-01,6.111608268495585111e-02,1.000000000000000000e+00,7.669841331055817467e-04,-7.284338033801588397e-01,5.132302666559868110e-01,3.649938991638164154e-01,-8.036132469226687780e-01,-3.748341788098684679e-01,4.469867296009542024e-01,7.161318569495779274e-01,-4.695604410690525921e-01,-2.426469432604857757e-01,8.836852558792004375e-01,2.679180996776631685e-01,-6.106577273006781326e-01,3.132938831197333296e-01,7.900994296240880788e-01,-4.435996103899882970e-01,-3.848795701519415746e-01,7.926972693318955487e-01,1.240323506547727356e-01,-2.495228345657632407e-01,2.469567612360834830e-01,-2.183606651578393412e-02,-6.023504688452825384e-01,-3.951562413202268642e-01,9.632082532320976331e-02,-1.905553779830848338e-01,2.533663575461226891e-01,-2.840745977591521698e-01,1.771088406898335410e-01,3.000559227344072322e-01
-5.728544624811879871e-01,-2.106815362299313266e-01,-5.557963585464897882e-01,-3.376595180869553792e-01,-1.916481423297724737e-02,3.181618490435688673e-01,5.000989039041162654e-01,1.292774519248832410e-01,1.130350450322223227e-01,4.642090672304414745e-01,3.473549909475625030e-01,5.305378407689177039e-02,2.934671581635304172e-01,7.129723446462876701e-01,2.342236570358034037e-02,-3.066143365080243877e-01,3.888689211713219351e-01,-5.520409017452542616e-02,-8.213593226589538387e-01,2.391066465637789115e-02,3.300298570429245348e-01,-5.381803476522861729e-01,-6.527052364262180273e-01,5.421538974454227083e-02,2.831464749705718820e-01,-1.086815443946077542e-01,3.246082788043043177e-01,-2.487998599255815679e-01,3.404860233756256127e-01,-3.693865061891940527e-01,-1.846224362810303388e-01,-5.766315858841557507e-01,-5.796097790103450498e-01,2.550645037026282869e-01,2.866496063197622735e-01,-5.944877292835796245e-01,-7.740122879908198361e-02,6.284083584016055823e-01,-1.471695650980950620e-01,-2.695154112384267053e-01,4.148976530920263084e-01,3.589194521972967622e-01,-1.551447172157285892e-01,2.419892363240088717e-01,1.785121610448125312e-02,5.355975341000145384e-01,3.042646010929788702e-01,4.162368110506981522e-01,5.108035399113675101e-01,5.894843226000653219e-02,4.455470379467396103e-01,5.255052014456754739e-01,5.211046254476688899e-01,1.149673827729753989e-01,-1.722388592447256228e-01,-7.018119371249493810e-01,-5.038007745002973659e-01,7.669841331055817467e-04,1.000000000000000000e+00,6.511239811595946614e-02,-4.796162048028633218e-01,7.070639996136475203e-01,3.763004785532331198e-01,-6.800509446280433856e-01,-6.384793439020116645e-01,4.010283822115244257e-01,1.801172426486290570e-02,-8.174642614038639676e-01,-1.754896275121111959e-01,4.552672267495647129e-01,-4.413973008416795518e-01,-7.148222585665389150e-01,6.667472821579020770e-02,1.064841514288116658e-01,-6.444884386320828273e-01,-3.812478791278839374e-01,-1.596139896766373967e-01,-5.513234872222766425e-01,-3.650560246293058086e-01,-2.132391162684608987e-01,-1.159001868143813979e-01,3.009309688721854004e-01,6.058144237388541908e-01,7.996305540120460936e-03,-9.337713613878408092e-02,-2.356299865018532114e-01,-4.008607418942344847e-01,-7.197371945125467796e-02
-3.551226386247399169e-01,-5.214134783636326098e-01,1.545137308838718214e-02,1.625413716314874288e-02,-3.642713197135283298e-01,5.631102566359755812e-01,1.908464750098906038e-01,-7.340804921279462381e-01,-2.593437905685567341e-02,6.490453357441091642e-01,-2.921892686179668464e-01,-6.621902230294006708e-01,4.157208912690799618e-01,3.886644519544952409e-02,-8.024085889755955270e-01,-6.514159991049287002e-02,6.236337869997907735e-01,-3.994339014202060723e-01,3.157062634099930265e-02,8.154242025796946125e-01,8.961487732703737885e-02,-5.670009226291035098e-01,3.910363501803380548e-01,2.509790428223908076e-01,2.476244816290229800e-01,2.001922483853690593e-01,5.507473677262447742e-01,1.900726951970865275e-01,2.664813334146400314e-01,6.796650434944511154e-01,3.902017967833974477e-01,2.926020091711179494e-01,-6.969104209548826478e-02,-1.736996350072638751e-01,-6.519950698668923739e-01,-3.230263396446785840e-01,1.183856348598847641e-01,-2.392118234311277902e-01,-7.889287549726513582e-01,-1.562343240640948205e-01,2.753121216778253721e-01,-3.469127896448956361e-01,-5.619384954352614203e-01,-2.824886352236837816e-01,-6.078087610868808666e-01,1.977830536530569283e-01,3.263404083406600265e-01,-6.187402729458527650e-01,1.755202711506957391e-01,7.457632907411766432e-01,-1.475830098765272547e-02,-3.401688019730285117e-01,3.181777732352384369e-01,-4.067704993482753051e-01,-4.311073702390801343e-01,-2.205381219609723609e-01,4.854994167082962164e-01,-7.284338033801588397e-01,6.511239811595946614e-02,1.000000000000000000e+00,5.093643891874881369e-02,-6.336398624815581249e-03,6.791203531869255405e-01,4.263230715491488354e-01,-1.857556356224479288e-01,-2.029150602222204447e-01,8.236586011298118182e-01,8.100902068672281853e-02,-7.396584638419597679e-01,2.968788401861389148e-01,7.202306659843853431e-01,-4.651602264384067653e-01,-3.198524559787084276e-01,7.698764420558287247e-01,1.649111370084960504e-01,-6.972991921425860662e-01,3.177993978621287963e-01,2.477192292070492241e-01,-2.512312645169373360e-01,-2.279455046220765779e-01,2.003808505038973675e-01,5.745474457130073098e-01,-2.123029907783978085e-02,5.007923419225975836e-01,7.601256877480717933e-02,4.289210812135806350e-01,-1.057648053185126502e-01,-9.861421721348126446e-02
4.194241049525245235e-01,-3.901431484681346790e-02,4.699093221573483192e-01,-4.122689046354495179e-01,-5.694324865344007058e-01,-6.613752269458850197e-01,2.087982218309264726e-01,7.874793212447009361e-02,-8.078883586959327845e-01,-2.986382539999195562e-01,4.288381153089096398e-01,-3.647587709108660037e-01,-7.997966940047849249e-01,-8.608229042508656892e-02,-1.028026484677245500e-01,-5.902266693522013608e-01,-5.774971902290818582e-01,-7.152594700490988444e-01,4.648107486016060386e-01,5.950595023063640077e-02,-8.774852423547104818e-01,-1.582522333684706350e-01,9.253196908484025152e-02,3.269254363701976640e-01,-3.724072335490167251e-01,-5.332657104233022860e-01,-5.654054085337094637e-01,-3.089021770500701702e-01,-2.902659963276453259e-01,4.172671374344568140e-01,7.292138987048708554e-01,4.985604666249446315e-01,7.229339797767710130e-02,-7.811986583242493953e-01,-1.093667296477755235e-01,2.572009155970325089e-01,-5.567944349724054387e-01,-5.900413611469538244e-01,6.585178354993188876e-02,-3.578956679902695059e-01,-3.729458585856551545e-01,-2.122291190772373701e-02,2.628557006864981060e-01,4.334433882830464047e-01,-4.207416355789533324e-01,-4.966253923396747871e-01,5.348184673798119793e-01,-1.061832995359330289e-01,-7.202687837653750647e-01,2.829981226242294645e-01,3.100145248496473105e-01,-6.021079244719477197e-01,7.209732137447359690e-02,2.602282359719081395e-01,-4.031698159048838770e-01,7.304387071355566974e-01,8.591362317594214426e-01,5.132302666559868110e-01,-4.796162048028633218e-01,5.093643891874881369e-02,1.000000000000000000e+00,4.953319014863777348e-02,-5.552194545899935552e-01,3.609135934249396716e-01,7.661661730924165248e-01,4.801547806054266010e-01,2.322338409577290597e-01,2.523641488511065845e-01,4.819089456714211184e-01,3.843349905750937379e-01,2.143651346716598516e-01,3.457077500668299108e-01,6.481430157185590346e-01,1.636462833070074230e-01,5.863822307646834181e-02,5.225436278845172478e-01,5.735137772846466975e-01,2.568333557738428641e-01,2.788733147346990071e-01,-1.395016263684095426e-01,-5.160190560767502488e-01,-8.603601399995992882e-02,-2.560545271135643564e-01,2.779262703530267498e-01,4.720820715615682284e-01,2.097835894361077536e-01,3.436680440633885780e-01,3.281731755903690706e-01
-5.013317652245525835e-01,-3.860652961978427999e-01,-5.295236350244330037e-01,-7.213569683185451220e-01,-3.500706889636365782e-01,-1.805857206376254576e-02,8.334258315735492140e-01,3.105196003330111254e-01,-3.401720056481353782e-01,4.137381467992115036e-01,7.848430061490316856e-01,-8.384404644805111551e-02,-1.230879470384232399e-01,8.923915369576130852e-01,4.981342884126520321e-02,-7.416772278413615860e-01,1.073980310564805890e-01,-4.577494218249175684e-01,-8.005760125908081282e-01,8.147733945311584972e-03,7.003679583771960093e-03,-6.685344599964274659e-01,-7.860499173315542709e-01,2.723382973588349687e-01,4.349745063809119516e-01,-3.979051764019817528e-01,1.131232817202899171e-01,-2.809035335825493807e-01,3.240247643896939089e-01,-1.911150998359246733e-01,1.880312359004782941e-01,-2.798695674598136729e-01,-5.032844982878348361e-01,-1.370405485055352923e-01,1.991041162220363037e-01,-4.506510774839753153e-01,-3.218748626081785469e-01,3.415934021202659543e-01,-9.087135989452578555e-02,-4.391648517869501944e-01,2.493308704182223279e-01,3.744491986811929740e-01,3.224924442545553521e-02,5.204827492274048950e-01,-3.182849354663142560e-01,1.543991104261188685e-01,6.361295837287084254e-01,3.339521665755357249e-01,5.394361883519366296e-02,1.998143717001530095e-01,6.843268352517523079e-01,2.230117047497294225e-01,5.086557286367056063e-01,1.007362753418469675e-01,-4.170814373649306961e-01,-1.683165660867669278e-01,-4.910527069522850618e-02,3.649938991638164154e-01,7.070639996136475203e-01,-6.336398624815581249e-03,4.953319014863777348e-02,1.000000000000000000e+00,3.729210480991482918e-02,-7.508957482043180365e-01,-4.191143152007825168e-01,7.336527662602777555e-01,6.675026469459310885e-02,-8.713591059805335659e-01,9.023864013790874883e-02,7.134828559199760667e-01,-4.906953158067315912e-01,-6.509672927435388168e-01,5.142734180187551463e-01,1.309435380096715951e-01,-8.326362411701413446e-01,-8.462391637974853165e-02,1.307711892199011627e-01,-6.582316228276423598e-01,-4.383551996596992129e-01,-4.719372323890128618e-01,-3.058541292470833284e-01,2.876246126036651751e-01,6.570026622151389217e-01,1.288845993282849156e-01,1.758775835903386986e-01,-2.233879942489000736e-01,-3.238614565463509010e-01,9.414845924751467920e-02
-5.166374374423230442e-01,-5.314389702828783424e-01,-1.917642702511308528e-01,1.779749647724704065e-01,-1.411259290645422715e-01,8.597218377184535631e-01,1.503450800541404342e-01,-7.448546685483568019e-01,3.196564204240943674e-01,8.021681821433798154e-01,-4.342162868330547987e-01,-4.853285057669252667e-01,7.727776289869634496e-01,1.423660389230123891e-01,-6.843254444982478368e-01,2.265573289460349471e-01,9.234680576572971145e-01,1.145694518891507939e-03,-2.912625880511156562e-01,6.888092775833887238e-01,5.741850869226234888e-01,-4.354108160935669103e-01,2.429691432524947736e-01,8.800552883741424859e-02,4.285312429588529759e-01,3.328323942872585262e-01,7.136990421918771865e-01,4.328734806664454871e-01,2.802663077822762916e-01,2.654634534096460552e-01,-1.066433588850507347e-01,-1.677479734221237057e-02,-2.972421873208419552e-02,2.899396405495233697e-01,-3.861311992878785349e-01,-2.992747120190141774e-01,3.757824590976414081e-01,1.099698212746014342e-01,-5.798586082444679990e-01,7.971899484190360374e-02,3.445580956193521338e-01,-2.556823113606807030e-01,-5.135388463108424562e-01,-4.229326198876007803e-01,-2.268580625576454568e-01,2.884625522973546241e-01,-7.097190273577480557e-02,-4.003295976791348965e-01,5.101794834324876460e-01,3.598621483171026703e-01,-2.075713288048928740e-01,1.146619300390912255e-01,6.426975644481687511e-02,-4.389139425417865059e-01,4.960727098711836813e-02,-5.252386795896257787e-01,-1.772873010323492426e-01,-8.036132469226687780e-01,3.763004785532331198e-01,6.791203531869255405e-01,-5.552194545899935552e-01,3.729210480991482918e-02,1.000000000000000000e+00,1.333872668064242373e-01,-5.891991113672109259e-01,-3.616819079900595590e-01,5.846963493904726583e-01,-1.210797312387397184e-01,-8.519591616671724488e-01,1.138768887835836380e-01,4.642055089214645602e-01,-6.167257916744888213e-01,-5.227493500704876173e-01,6.299669856092519060e-01,4.594911113377677520e-02,-8.600429763871673128e-01,1.253933691715399534e-01,6.942366353657150602e-02,-3.830559016857746912e-01,-2.702022068302265545e-01,4.496723833349449140e-01,5.928413654432506119e-01,1.493380397704290041e-01,4.069719955924078203e-01,-7.458334826920863525e-02,3.417559799731165748e-01,-2.867926039997912846e-01,-2.175351360044535387e-01
4.147321437865100768e-01,-3.502593921603550792e-02,6.799342604553044733e-01,3.705856529493882778e-01,-2.524208682845768825e-01,2.891025411824904925e-02,-4.233887876435559749e-01,-6.580450875742359651e-01,-1.616993390054020652e-01,-7.382923174860955839e-02,-5.745743089538981607e-01,-5.228491748799976024e-01,-4.746623492794648652e-02,-7.038568286425697096e-01,-5.511016378901063550e-01,2.926396441616944122e-01,3.851707489224646258e-02,-1.821560565860906034e-01,8.336974008843313078e-01,4.731825231536388454e-01,-3.468796299038130471e-01,1.414597203899253530e-01,8.759571799565931682e-01,1.282351670920099940e-01,-4.407384443983520250e-01,6.512341457285365787e-02,-1.031942370519356861e-01,2.084585374586829243e-01,-3.651251293691997746e-01,5.904545062811767941e-01,3.232001733398696119e-01,5.461272217065635814e-01,4.065655016944599298e-01,-2.996124640004000361e-01,-4.171005265817012697e-01,3.666680293696032988e-01,3.061150381727341385e-02,-6.218920972351680287e-01,-1.910960651352396344e-01,1.154273159329065185e-01,-2.788036112468407768e-01,-4.286362967018187420e-01,-1.107435328412381681e-01,-3.118114504754322391e-01,-1.417139636592956442e-01,-3.343052901530028653e-01,-1.645242446067441688e-01,-5.404797375043003393e-01,-2.747558554227983452e-01,2.251830508346174264e-01,-4.577315677995689169e-01,-5.339233188341966363e-01,-3.117720944230399915e-01,-1.028095552340425600e-01,8.216174339748481825e-02,3.563587988506893289e-01,5.452912672691936358e-01,-3.748341788098684679e-01,-6.800509446280433856e-01,4.263230715491488354e-01,3.609135934249396716e-01,-7.508957482043180365e-01,1.333872668064242373e-01,1.000000000000000000e+00,5.799955328282031530e-01,-4.224152954831624784e-01,4.958232897490069679e-01,8.134258450403692997e-01,-2.183049350540608446e-01,-1.869237254356943823e-01,8.479414212070814916e-01,4.044678510123639881e-01,-2.214711003390295585e-01,4.178305640915222496e-01,7.352310683131654256e-01,-5.656947785944615309e-02,4.272822036353411401e-01,7.757197978150300877e-01,3.362192472966897272e-01,9.134859077264143035e-02,1.185562222831198220e-01,8.037144749805413824e-02,-6.201265381959755185e-01,3.639485408913056830e-01,1.710395911894657950e-01,5.706961047478250615e-01,3.857694012845832021e-01,8.109977920057215295e-02
7.512525265907656902e-01,3.033608911188615531e-01,7.303762380450165015e-01,3.226847035870647473e-02,-2.789804948328093448e-01,-7.171521736572100680e-01,-2.772910368874518250e-01,4.875087184514557970e-02,-5.772374345426045661e-01,-6.218589695547014351e-01,5.237709377337384370e-02,-1.730154117808262726e-01,-7.647929186622361986e-01,-5.159462121171306537e-01,6.407085889747575480e-02,-1.716293265810651392e-01,-7.027223244850234751e-01,-3.319401552235485275e-01,7.827061127281528252e-01,-1.740318030061394350e-01,-8.439300000585816530e-01,2.985231466390945720e-01,3.411461377742381340e-01,5.536072157378947936e-03,-7.319927005116982910e-01,-3.359692090913996010e-01,-7.460711546870492095e-01,-2.305540065547530271e-01,-5.198369785200864790e-01,2.432826282882236402e-01,4.511386409262911901e-01,4.358447645571141282e-01,2.685069395279742199e-01,-5.595262933696609764e-01,5.642879989173494454e-02,5.168845135309076966e-01,-3.974216094474645189e-01,-5.782782623766015151e-01,3.220975618557179732e-01,-6.535347734078671145e-02,-5.247824845338399102e-01,-1.120790996110619248e-01,3.460696092545258451e-01,2.297053646204769428e-01,-1.333387603207029058e-02,-4.913138610474702128e-01,9.111323739413813849e-02,-2.065416321788051193e-02,-6.206238224011427773e-01,-4.696298736338339747e-02,-3.015610445987322238e-02,-4.959289389051881880e-01,-2.769597976759521352e-01,3.341003603869154848e-01,1.577153010062684949e-02,6.781835728749134873e-01,5.754891918668346706e-01,4.469867296009542024e-01,-6.384793439020116645e-01,-1.857556356224479288e-01,7.661661730924165248e-01,-4.191143152007825168e-01,-5.891991113672109259e-01,5.799955328282031530e-01,1.000000000000000000e+00,1.799193959910475593e-01,-1.957751171677778526e-02,6.147904917625067744e-01,5.976136430293074175e-01,-3.179860984167454802e-02,2.453904554495587309e-01,7.269635188504195433e-01,4.215552840232884568e-01,-6.212248983430351118e-02,4.250216303940271834e-01,6.580011618735858159e-01,4.288378101171841372e-01,5.345298580872367422e-01,5.814944988842881690e-01,1.778881998175649848e-01,-3.847013784967124317e-01,-3.140107218741471917e-01,-5.415599311629325507e-01,1.041690631444081444e-01,2.723260828515087772e-01,2.444586485477014681e-01,4.969852582460703716e-01,2.620129514224771583e-01
-1.881124104830331212e-02,-1.442661217219869396e-01,-5.356243577368084707e-02,-7.548636473396761470e-01,-5.571524124525937260e-01,-4.913729597007616134e-01,7.177215480681793380e-01,3.771191524688869423e-01,-7.463422970543220902e-01,3.498383634999348984e-02,8.925531127621542105e-01,-1.927439781351883152e-01,-6.386249090448504750e-01,6.602977213981698901e-01,1.119580878251597439e-01,-8.898563823126801609e-01,-3.520733824591116834e-01,-6.699119230742199838e-01,-3.652323835569656896e-01,-1.050846652510925433e-01,-5.582068017694594708e-01,-5.339128056326933880e-01,-6.257064450828582203e-01,4.385034814142009241e-01,-1.506237716876702992e-01,-7.826603915602886596e-01,-3.966299180296651850e-01,-5.619993025299587774e-01,-1.401957696934219011e-01,-2.106051065830361335e-01,4.014893760597000316e-01,-1.591946186474627323e-01,-4.542242280060565518e-01,-4.639019585983394922e-01,4.329972409532293898e-01,-1.987537499116993622e-01,-6.915889111675398437e-01,1.191144449106809611e-01,2.234460908342680019e-01,-5.869029552839473141e-01,-7.641414056421855228e-02,4.758436026713258604e-01,3.620883077009975359e-01,8.127955791744367886e-01,-1.305461619177694932e-01,-1.487155232933148330e-01,6.553897013819295347e-01,5.215139832937092379e-01,-3.130443173315306526e-01,-7.703467974152302528e-03,7.060921598861779058e-01,7.039974018208548789e-02,4.240564837405818577e-01,4.680275644765815590e-01,-3.541650459742242130e-01,1.972410451242637419e-01,2.020359175511054761e-01,7.161318569495779274e-01,4.010283822115244257e-01,-2.029150602222204447e-01,4.801547806054266010e-01,7.336527662602777555e-01,-3.616819079900595590e-01,-4.224152954831624784e-01,1.799193959910475593e-01,1.000000000000000000e+00,4.783308818930607359e-02,-6.238248969467343752e-01,5.254646571817130907e-01,8.131340553803262372e-01,-4.319797276130784569e-01,-2.688184606111059805e-01,8.771484189965417233e-01,7.990919397047802075e-02,-6.960711704081166129e-01,3.492904175084550755e-01,4.224757932473502953e-01,-3.683695848543729334e-01,-8.052799412325248318e-02,-3.725323231498515741e-01,-6.000022096204096211e-01,8.763708691306322518e-02,3.722164083099232523e-01,1.591980167060201290e-01,3.402585180554887900e-01,-8.978899794992066530e-02,5.585871481518789317e-02,3.119601789146205784e-01
-2.894381625005200132e-01,-6.139784875086011784e-01,1.365008621360435659e-01,-2.051932656382169373e-01,-6.624420943928766015e-01,4.340228513996826076e-01,3.858452471372975090e-01,-7.937437828378558491e-01,-3.360900622456176601e-01,6.987317152747899440e-01,-1.127030817272043212e-01,-8.901579325987178937e-01,2.081047400337927011e-01,1.262787147799742105e-01,-9.365404826607623967e-01,-2.548610772386145085e-01,5.690760276841771992e-01,-6.447130779172615123e-01,8.345828559776119482e-02,9.405495317642772468e-01,-1.374908131313005988e-01,-7.065626638702104945e-01,4.240112600649949548e-01,5.941531439008974624e-01,1.054329606612532805e-01,-1.913088459868171887e-01,3.658788940473140516e-01,9.835100517327666214e-02,-1.022746367903137714e-02,6.311082283665487846e-01,5.154720881628155338e-01,3.231492815415889508e-01,-7.658485332052732131e-02,-3.413314925565258950e-01,-4.739525213232512191e-01,-2.098152205480410537e-01,-1.194268213226374331e-01,-3.105419605151477080e-01,-5.923995231141800932e-01,-2.778683001422384558e-01,9.909196636857638130e-02,-2.253154451844277262e-01,-3.425633017414406178e-01,-2.593650947107084548e-02,-5.245862869467334821e-01,-8.219083874899962838e-02,3.851836385379534544e-01,-4.832131508162503808e-01,-6.044862436431828329e-02,6.095582176013916165e-01,2.777999489567042901e-02,-3.797226963380464504e-01,2.538706583989022714e-01,-2.159862113320714094e-01,-3.708911149877454072e-01,4.388789289741015613e-03,5.374109483229269069e-01,-4.695604410690525921e-01,1.801172426486290570e-02,8.236586011298118182e-01,2.322338409577290597e-01,6.675026469459310885e-02,5.846963493904726583e-01,4.958232897490069679e-01,-1.957751171677778526e-02,4.783308818930607359e-02,1.000000000000000000e+00,2.197272555852454803e-02,-6.359312706207359556e-01,5.644289321678183091e-01,7.749125868337016776e-01,-5.082646226757235874e-01,-2.929372770534771978e-02,9.247133943106288223e-01,3.899067933850155349e-02,-6.017297425909927666e-01,6.082833438817837335e-01,2.329497774785492525e-01,-3.113275365791067784e-01,-5.053364611122869166e-01,7.363739187380709261e-02,6.907486868778457412e-01,6.024821958559341967e-02,6.978622973750298053e-01,3.021180134854589694e-01,5.698091925001930180e-01,4.528384416395963424e-02,7.997120764578317942e-02
5.918341920284084789e-01,2.860032185485536504e-01,6.411330154856866859e-01,5.811195977768388587e-01,1.432150853724213080e-01,-1.467611621247272846e-01,-7.433086780653561654e-01,-3.327485053436853302e-01,8.732817661761824168e-02,-4.557716819352348181e-01,-6.641371143589070991e-01,-7.452831112585796280e-02,-9.415677094440971784e-02,-9.213430346859249331e-01,-1.232926960349682716e-01,5.326361471494945876e-01,-2.271606577416128148e-01,1.932388381297988345e-01,9.026220960618022149e-01,2.535353798327984187e-02,-2.435566250758928464e-01,5.828191544160115090e-01,7.865911264964154936e-01,-2.887757606774329910e-01,-4.282640745830122442e-01,3.281576904461545041e-01,-2.462942923270179107e-01,2.852161119071116580e-01,-2.886674092914964240e-01,4.210320918620528152e-01,8.949164999618740290e-02,5.100442211061581022e-01,5.708265838568262751e-01,-1.204301097581179925e-01,-3.440484150016942522e-01,5.604038055884058567e-01,2.104771488340199115e-01,-5.969994256468496019e-01,3.394536345543452266e-02,3.674341648761811352e-01,-3.624194399128715660e-01,-4.782979191916673090e-01,-2.514296492152165094e-02,-4.463616756601038182e-01,1.885433427660482622e-02,-2.992955522848010919e-01,-4.000816715628390252e-01,-4.747191233086672790e-01,-2.538622287682644196e-01,2.314762283147349387e-02,-5.680318313811669739e-01,-4.686395443746960709e-01,-5.444019619435145341e-01,-1.318683659621085746e-01,2.733806504224753353e-01,3.984218325092729329e-01,3.467693437856186889e-01,-2.426469432604857757e-01,-8.174642614038639676e-01,8.100902068672281853e-02,2.523641488511065845e-01,-8.713591059805335659e-01,-1.210797312387397184e-01,8.134258450403692997e-01,6.147904917625067744e-01,-6.238248969467343752e-01,2.197272555852454803e-02,1.000000000000000000e+00,1.544145333617555522e-02,-6.237305544287773396e-01,6.055155477085428783e-01,7.613106288771493979e-01,-3.563844533433653816e-01,-3.339963475716942881e-02,9.028118175017195712e-01,2.082469743329224687e-01,7.514919784033026462e-02,7.428144844042408046e-01,5.164163785426979514e-01,3.858671659480171767e-01,1.593772731705698498e-01,-2.691136646876074456e-01,-7.374445643429623498e-01,3.521995108851960071e-02,6.060911650380517227e-03,3.262896865922200740e-01,3.652506905224212064e-01,-1.610525404830898816e-02
5.804295122008255037e-01,4.745823094851848167e-01,2.715313994195248659e-01,-2.264370077266777415e-01,5.410883888708191251e-03,-8.995752470656839250e-01,-4.777481995997183428e-02,7.187359335762848467e-01,-4.531306645412082057e-01,-7.631337648306008026e-01,5.320172861103799056e-01,3.882679930900865273e-01,-8.495120305483491174e-01,-4.405028147320630416e-02,6.943163467168755876e-01,-3.488670832047028325e-01,-9.034368879675527264e-01,-8.069138112028428900e-02,1.825030892170831642e-01,-7.443587138368029654e-01,-6.162763188082565069e-01,3.617184217806356794e-01,-3.858891141385535350e-01,-1.546244143859066278e-01,-5.013723290445261105e-01,-4.299994549527374477e-01,-8.129699267100278792e-01,-4.197839883110626724e-01,-3.261666316758060069e-01,-3.762724071773765333e-01,8.638713576294616836e-02,-3.043293897163510189e-02,5.343162926540656957e-03,-2.926686208061998196e-01,5.268267648225869459e-01,3.387965408818918167e-01,-4.458825909158548595e-01,-6.837368121732312343e-02,6.636164028861487596e-01,-1.196541885792778703e-01,-3.937007962850317400e-01,2.954087077879447021e-01,5.802613893543626666e-01,5.158598275675975176e-01,2.616494778758114981e-01,-3.048747718112239102e-01,1.024457717449617083e-01,5.358396905567207602e-01,-4.579005420422692096e-01,-4.294080569088309374e-01,2.844962471343862598e-01,8.636526164483652665e-03,-1.347454138623632447e-01,5.358739486179930900e-01,9.492853853290171562e-02,4.723173140222110544e-01,5.430212279340591863e-02,8.836852558792004375e-01,-1.754896275121111959e-01,-7.396584638419597679e-01,4.819089456714211184e-01,9.023864013790874883e-02,-8.519591616671724488e-01,-2.183049350540608446e-01,5.976136430293074175e-01,5.254646571817130907e-01,-6.359312706207359556e-01,1.544145333617555522e-02,1.000000000000000000e+00,-8.884137411461017451e-04,-5.884190173292036530e-01,6.004597196900358647e-01,6.678436146646471450e-01,-6.006967761459751642e-01,-1.276667741818394430e-01,9.217128313586505639e-01,4.726497319241249051e-02,-4.972232552658858301e-02,4.648408896896608633e-01,2.204664877075195595e-01,-5.392537738812759329e-01,-5.713887655451010961e-01,-1.479738480665400147e-01,-3.028378978486838680e-01,1.394934118985476923e-01,-2.726635963170476185e-01,2.554804321895220443e-01,2.477179262083167854e-01
-3.044661310033119905e-01,-5.019566112283792014e-01,-1.022685753252336460e-01,-7.429074160026911677e-01,-7.670641846248300588e-01,-5.968121173450251921e-02,8.544643975730112917e-01,-1.091195977777548870e-01,-7.018110218990911697e-01,5.063008766039168718e-01,6.800903450293513952e-01,-5.988775960180973135e-01,-2.900597046362643483e-01,7.126084451078564808e-01,-4.106872022454755577e-01,-8.464350521105846736e-01,1.307720590854128118e-01,-8.371464834187003490e-01,-3.968657862078496246e-01,4.372241648707329564e-01,-3.853798868132673472e-01,-8.632347702421753199e-01,-3.573993604819153957e-01,6.734081637601426751e-01,5.652630495639927172e-02,-6.875482625436513118e-01,-5.606568077946157483e-03,-3.688836652717575326e-01,-2.608592552968419173e-02,1.087846695928308544e-01,5.197293659066033467e-01,-3.941067639431655723e-02,-4.684695098383768186e-01,-4.574623221690905517e-01,1.014875879521135033e-01,-3.709977082827897177e-01,-5.578061006585370851e-01,4.596728701230422959e-02,-1.846475544851448047e-01,-6.064180770961402622e-01,9.192365397563893870e-02,2.916863055408098204e-01,5.300726492135129225e-02,6.112843898387262387e-01,-3.831289317996335875e-01,-8.241838005173511561e-02,7.324286006239645319e-01,1.788039760125685329e-01,-1.859774898614703909e-01,3.237166717396756099e-01,5.991786897513525778e-01,-5.715877428423329215e-02,5.313620034521715496e-01,2.195206376739980147e-01,-4.939520615953039151e-01,4.570585207564435704e-02,3.485657789381801375e-01,2.679180996776631685e-01,4.552672267495647129e-01,2.968788401861389148e-01,3.843349905750937379e-01,7.134828559199760667e-01,1.138768887835836380e-01,-1.869237254356943823e-01,-3.179860984167454802e-02,8.131340553803262372e-01,5.644289321678183091e-01,-6.237305544287773396e-01,-8.884137411461017451e-04,1.000000000000000000e+00,7.225743897680491322e-04,-6.328906161284379994e-01,6.514197481672655554e-01,5.689979425071550745e-01,-6.481144773578325635e-01,-1.428621160233055631e-01,6.002933678199957601e-01,-2.786379518390709742e-01,-3.335094668729939871e-01,-6.111807226930298098e-01,-3.923149818877260109e-01,4.909796254447450492e-01,4.412426323515291071e-01,4.802186506373639086e-01,3.977741667809102100e-01,1.735065554862290360e-01,-2.814885019973462771e-02,2.599432912070787638e-01
6.004300852723547244e-02,-3.161599790046382141e-01,4.281689711156799749e-01,2.493984731928274023e-01,-3.543370741813239855e-01,3.591495740938107084e-01,-1.834773076955101556e-01,-8.544714622554449024e-01,-8.869066680878302800e-02,3.248000069916427979e-01,-5.700254513886505725e-01,-7.040955960146161319e-01,2.339901002631280258e-01,-4.631996896982557010e-01,-8.198284015866968977e-01,2.175867255479658480e-01,4.014082888986847397e-01,-2.914901091220929441e-01,5.652169854488797718e-01,7.667405014883575953e-01,-1.260380830734509905e-01,-1.782570335036661735e-01,8.174226578104147878e-01,2.449513950804869389e-01,-9.807632084508222103e-02,1.482532536936971568e-01,2.388379247728822929e-01,3.081248133803051181e-01,-1.220055466045922438e-01,7.309165735526691465e-01,3.772688677826380732e-01,5.191187462897273175e-01,2.840208936056747291e-01,-2.450607497330706541e-01,-6.070327741264639476e-01,1.337162817068799636e-01,1.245154072397069156e-01,-5.425257491898146656e-01,-4.861009180719218503e-01,5.773408071651801171e-02,-7.532192663279058120e-02,-4.797919835904312924e-01,-3.376839028217697991e-01,-3.771151652960482159e-01,-3.798199180916859152e-01,-1.810313908186575726e-01,-7.124980706906619554e-03,-7.011353669310999015e-01,-1.077376237464066633e-01,4.866165729906274939e-01,-3.735146060308457971e-01,-5.242367226873531072e-01,-1.340569281123329959e-01,-3.238820903763270365e-01,-9.175176495114349684e-02,1.570918966640688919e-01,5.468275541328802003e-01,-6.106577273006781326e-01,-4.413973008416795518e-01,7.202306659843853431e-01,2.143651346716598516e-01,-4.906953158067315912e-01,4.642055089214645602e-01,8.479414212070814916e-01,2.453904554495587309e-01,-4.319797276130784569e-01,7.749125868337016776e-01,6.055155477085428783e-01,-5.884190173292036530e-01,7.225743897680491322e-04,1.000000000000000000e+00,1.013179660681952539e-02,-3.568513746819143018e-01,7.044818935955329264e-01,5.954303864879352259e-01,-4.423374969858029915e-01,4.323928460602401436e-01,6.128672115474624871e-01,2.824643994293342744e-02,-1.401594218024185545e-01,2.347176908113276783e-01,3.921401905655913511e-01,-3.845257767456762843e-01,5.395478914871082443e-01,1.926090806896090246e-01,6.145219317636116951e-01,2.016245602221160282e-01,1.018540370319746943e-03
7.796254977952605802e-01,5.898871382167253374e-01,5.664140266455472972e-01,4.013839010925898676e-01,2.941191302266814578e-01,-6.118280566014375754e-01,-6.999537173678224145e-01,2.623848500173190934e-01,-3.351393620533353601e-02,-8.660679288881354410e-01,-2.577465469569906742e-01,3.475067369800758921e-01,-4.909428099295043424e-01,-7.685291471822371934e-01,4.489673680497106023e-01,3.314159958635505276e-01,-7.145432409894630910e-01,2.829924202113528464e-01,7.548342504618648086e-01,-5.392242714843389351e-01,-4.193339847730360725e-01,7.835375334717959994e-01,3.366332001266863494e-01,-4.268387534934687810e-01,-5.714760751097212044e-01,1.137872807450852342e-01,-6.269755977072296593e-01,9.916719541528040346e-03,-3.598210092127778759e-01,3.784191248668787935e-03,-2.081294301365091415e-02,2.990248180846235004e-01,4.647940519798408610e-01,-1.402613112187728051e-01,7.976094250258233820e-02,6.305151501162459260e-01,-5.284116876401786372e-03,-4.118891101317227466e-01,4.636442884746712068e-01,2.936789440757382463e-01,-4.822819810546307151e-01,-1.807886407611900281e-01,3.232523363877757849e-01,-1.131707448422149265e-01,2.661162670872414537e-01,-3.380103407395849691e-01,-3.677809670884826243e-01,-9.934290523621911589e-03,-3.827439803711015776e-01,-3.305876892155057423e-01,-3.176279415676828699e-01,-2.574803921209923296e-01,-5.301164070606606549e-01,1.823694012393896891e-01,3.363228325647917849e-01,5.111541223412506829e-01,1.581927142328837799e-01,3.132938831197333296e-01,-7.148222585665389150e-01,-4.651602264384067653e-01,3.457077500668299108e-01,-6.509672927435388168e-01,-6.167257916744888213e-01,4.044678510123639881e-01,7.269635188504195433e-01,-2.688184606111059805e-01,-5.082646226757235874e-01,7.613106288771493979e-01,6.004597196900358647e-01,-6.328906161284379994e-01,1.013179660681952539e-02,1.000000000000000000e+00,8.774097800628335997e-03,-5.413393522005430780e-01,6.440779849984652472e-01,7.227568365334595679e-01,-8.963769882228664332e-02,4.816418504249275756e-01,6.724967977689807475e-01,5.258686709858374497e-01,-1.331848066799695418e-01,-6.342711194769748984e-01,-6.443873725688519238e-01,-2.898001394243552298e-01,-1.544700904422868261e-02,-1.655123207169403865e-02,3.752004815958183692e-01,6.585625243151793651e-02
2.153627822904851941e-01,-8.865025750169974739e-02,1.365491588038459381e-01,-6.948428881153813075e-01,-5.930957663788021250e-01,-6.750159766059989908e-01,5.958525758386958859e-01,3.954016871608384553e-01,-8.524271010352618694e-01,-1.597225710480212058e-01,8.503518809729182504e-01,-1.954751388761217790e-01,-8.136522125306163700e-01,4.439789684752561971e-01,1.639838058328570158e-01,-8.173003256571431674e-01,-5.361062088741764819e-01,-6.484875384074808569e-01,-9.726037238220547332e-02,-1.760988280146539298e-01,-6.851015396577844196e-01,-3.103164811083489183e-01,-4.472292597286699478e-01,4.092269835746596418e-01,-2.457164426541167401e-01,-7.861214483087440863e-01,-5.766400097397822444e-01,-4.468868880326055670e-01,-2.721767107530269625e-01,-1.369051626526187337e-01,4.258368709429678489e-01,5.741244111084469609e-02,-2.019431392610428755e-01,-5.289749905697950227e-01,3.710230178510282584e-01,7.349468372842796193e-02,-6.457729228820141554e-01,-1.058985866912196122e-01,3.414053439341474538e-01,-4.313566719241264669e-01,-2.391207399850205639e-01,3.410639885097133117e-01,4.330589862426443837e-01,7.296655262878757320e-01,-1.191057900475074038e-01,-3.965898464749686991e-01,5.423512480461885055e-01,4.115776046757695927e-01,-5.365426095846422827e-01,-7.567507637065187809e-02,5.582478746192629515e-01,-1.073300615654297213e-01,1.729351553550416976e-01,4.616990504561153674e-01,-2.370584274883705544e-01,4.762634643956030200e-01,3.353354017719984981e-01,7.900994296240880788e-01,6.667472821579020770e-02,-3.198524559787084276e-01,6.481430157185590346e-01,5.142734180187551463e-01,-5.227493500704876173e-01,-2.214711003390295585e-01,4.215552840232884568e-01,8.771484189965417233e-01,-2.929372770534771978e-02,-3.563844533433653816e-01,6.678436146646471450e-01,6.514197481672655554e-01,-3.568513746819143018e-01,8.774097800628335997e-03,1.000000000000000000e+00,-4.695504347590448262e-03,-5.645399646962598883e-01,5.840145087501984467e-01,5.279751434131502164e-01,-2.184435721692562504e-01,3.448383778214617057e-02,-3.576385375778249887e-01,-5.987942308846849748e-01,-2.418322681400968815e-02,2.010853100598821164e-01,1.795217879659139759e-01,4.189581648342077802e-01,-1.293456977697422447e-02,1.709125803815427502e-01,3.810529477770175921e-01
-2.841458813675577511e-01,-6.583888886872231172e-01,1.624818330388481669e-01,-2.157281948866464072e-01,-7.089408198071167622e-01,4.453899447277694934e-01,4.226761840587129893e-01,-8.033786853767764802e-01,-3.476527062356036812e-01,7.297068797674690632e-01,-9.039538198311475314e-02,-8.995421468468006720e-01,2.201183094747444779e-01,1.658168495935872511e-01,-9.149222241051472304e-01,-2.720950726438897127e-01,6.043094685241381381e-01,-6.260138111080943979e-01,5.934944099298412531e-03,8.907313083396030118e-01,-8.743311814406111437e-02,-7.034959701245370178e-01,3.340159289101501949e-01,5.127946184239348115e-01,1.415450805799720047e-01,-1.745543372535132975e-01,3.561993733711498744e-01,1.238123552492268326e-01,7.573846089588801185e-03,5.462221210856756937e-01,4.465212613218989546e-01,2.553724333072966424e-01,-1.073305312211054324e-01,-2.772387808080620242e-01,-4.163643436587428082e-01,-2.349911309471404142e-01,-9.287108254249415440e-02,-2.260330551111467690e-01,-5.754540376757970588e-01,-2.720828913970022578e-01,1.691436797307242779e-01,-1.647776059407861926e-01,-3.190066990200353669e-01,-2.702249915754553061e-02,-5.223335494498345666e-01,-8.425739793261052824e-02,3.744508785994234423e-01,-4.465755434562829196e-01,1.909200864438819357e-03,5.890037788394485441e-01,4.922617559254173492e-02,-2.912363019619237936e-01,2.149116552212999853e-01,-2.144239611769846454e-01,-2.992190129930645259e-01,-3.806615027328607431e-02,4.450416735782919964e-01,-4.435996103899882970e-01,1.064841514288116658e-01,7.698764420558287247e-01,1.636462833070074230e-01,1.309435380096715951e-01,6.299669856092519060e-01,4.178305640915222496e-01,-6.212248983430351118e-02,7.990919397047802075e-02,9.247133943106288223e-01,-3.339963475716942881e-02,-6.006967761459751642e-01,5.689979425071550745e-01,7.044818935955329264e-01,-5.413393522005430780e-01,-4.695504347590448262e-03,1.000000000000000000e+00,1.342180961470872992e-02,-6.500827014895601552e-01,6.198308535845322709e-01,2.630128597531122825e-01,-2.417143477535977081e-01,-4.974470453237838097e-01,5.218937521209930652e-02,6.431180323618767014e-01,2.665980598340968871e-02,7.035989227076573371e-01,3.437492498538989860e-01,5.525144854443115872e-01,-1.405206715137376173e-04,8.351739503606560311e-02
4.698600054475803867e-01,2.626941759619713657e-01,5.557037297523245156e-01,6.575255949138417710e-01,2.372482188286388072e-01,3.417664514206766174e-02,-7.881127184536862451e-01,-4.127733696430664345e-01,2.595253508348907556e-01,-3.490520285142590384e-01,-7.808934237140154888e-01,-4.581542995541858926e-02,1.058879415128481383e-01,-9.033712799374229441e-01,-1.625495223468927664e-01,6.318726813392818720e-01,-5.747863558678258100e-02,2.906018785293993378e-01,7.806040317012769014e-01,6.634264932423555861e-02,-7.589588533167825057e-02,5.335970952373384479e-01,7.452133424964161312e-01,-3.612276806634846515e-01,-3.499279959710518972e-01,4.506820201545777560e-01,-8.030001905796997630e-02,3.051600832489178572e-01,-1.903298493204242936e-01,3.792911268049382056e-01,-4.794510536542257763e-03,3.730894157677259737e-01,4.721175241127678057e-01,2.254710320887024031e-03,-3.463191675172449524e-01,4.144248655059771247e-01,2.867077784560561060e-01,-4.494556210194406431e-01,-6.344278986028172029e-02,3.440925904992983009e-01,-2.409895347128147569e-01,-4.312563846204625628e-01,-9.095993943982236263e-02,-5.177704207783352386e-01,3.899960227880666652e-02,-1.269828001210837054e-01,-4.433351604780736976e-01,-4.766063114934462330e-01,-4.644769451470095317e-02,5.002046894325015702e-02,-5.798979445404585098e-01,-3.307503383609636249e-01,-4.617591343277245297e-01,-1.952929912944144919e-01,2.779743452316155161e-01,1.859055705266911829e-01,2.065954430241424000e-01,-3.848795701519415746e-01,-6.444884386320828273e-01,1.649111370084960504e-01,5.863822307646834181e-02,-8.326362411701413446e-01,4.594911113377677520e-02,7.352310683131654256e-01,4.250216303940271834e-01,-6.960711704081166129e-01,3.899067933850155349e-02,9.028118175017195712e-01,-1.276667741818394430e-01,-6.481144773578325635e-01,5.954303864879352259e-01,6.440779849984652472e-01,-5.645399646962598883e-01,1.342180961470872992e-02,1.000000000000000000e+00,1.302373119161664462e-02,-5.835036593378804121e-02,7.298775747286175841e-01,5.100052334661393516e-01,4.399591659227880536e-01,2.031430982508864169e-01,-2.442495854522077903e-01,-7.327910833148054692e-01,2.135359809852965460e-02,-3.772390840243721594e-02,2.946183879644242443e-01,2.763036792280779141e-01,-9.146775963831500766e-02
6.500970966978627530e-01,4.916558131056665282e-01,3.219670790299047347e-01,-1.311011020018880979e-01,5.490164159404137961e-02,-8.887928922442176471e-01,-1.695571325287731912e-01,6.543101357448656286e-01,-4.087485782223775899e-01,-8.170039781842867166e-01,3.987530813554075459e-01,3.802526124319605128e-01,-8.277306171414905434e-01,-2.174758056125911665e-01,6.553601906499971763e-01,-2.154165150703593601e-01,-9.131921747265098199e-01,-2.225948920619057539e-02,3.488114479084913344e-01,-6.971413600175431213e-01,-6.081850825092299795e-01,4.747984883960230107e-01,-1.979217152247377542e-01,-1.554257376719388739e-01,-5.019005093481380131e-01,-3.490088880597392862e-01,-8.052610005521593228e-01,-3.014569449068827955e-01,-3.496417937350021488e-01,-2.524737398508881681e-01,1.006820314089385965e-01,1.182476793559789907e-01,1.740098081315894496e-01,-3.060880017128921882e-01,3.935936829548112859e-01,4.675124706672730834e-01,-3.579999412980974793e-01,-2.205192823227566101e-01,6.451378900902725588e-01,-1.122655612017586270e-02,-4.724484136258867428e-01,1.509138422034140004e-01,5.402355260546743976e-01,3.826840893470541127e-01,2.449199415287764137e-01,-3.865205536759536153e-01,2.836581929187262201e-03,3.896111839402992549e-01,-5.329218410663274508e-01,-4.255771370462174130e-01,1.404572430284993512e-01,-1.033349356673196051e-01,-2.425958233636810180e-01,4.531007956384647817e-01,1.259873405275096780e-01,5.753277299270642686e-01,1.430808949841514410e-01,7.926972693318955487e-01,-3.812478791278839374e-01,-6.972991921425860662e-01,5.225436278845172478e-01,-8.462391637974853165e-02,-8.600429763871673128e-01,-5.656947785944615309e-02,6.580011618735858159e-01,3.492904175084550755e-01,-6.017297425909927666e-01,2.082469743329224687e-01,9.217128313586505639e-01,-1.428621160233055631e-01,-4.423374969858029915e-01,7.227568365334595679e-01,5.840145087501984467e-01,-6.500827014895601552e-01,1.302373119161664462e-02,1.000000000000000000e+00,7.029387475903781102e-02,3.797389795687541869e-02,4.547430452419025659e-01,2.345027370340925510e-01,-4.501113603613912106e-01,-5.676522082746155995e-01,-2.351262204647575904e-01,-2.789549192632951868e-01,1.268674173056602850e-01,-1.984055575546026795e-01,3.178206360960947885e-01,2.464452846566276556e-01
1.670886422678179994e-01,-4.911192553977606345e-01,4.492484256913215623e-01,-3.271048668651795333e-01,-8.465034810900264883e-01,-1.234642472219566189e-01,4.474760392491378691e-01,-4.817392698344429847e-01,-7.774536574997747973e-01,3.054940865674958816e-01,2.485102872639316229e-01,-8.398196911476071280e-01,-3.774286530932770001e-01,8.794459489767364468e-02,-5.755169528198135209e-01,-4.896028344170001989e-01,4.015418308282401455e-02,-7.614859629998579349e-01,2.351626159104685254e-01,5.032774021648719343e-01,-5.411415784677009455e-01,-4.670696539429649019e-01,2.215101890807150975e-01,5.494602212705522737e-01,-1.840895013824614124e-01,-5.536331507786936834e-01,-2.133276863244667199e-01,3.736696778759963922e-02,-3.207607209903358125e-01,4.148692435124845534e-01,6.195889829380445413e-01,4.639698081639523353e-01,8.110179672414814800e-02,-6.092188950123991198e-01,-1.142052669990417380e-01,1.946291839411320168e-01,-4.454166371887029463e-01,-4.854629206849232492e-01,-6.930599494564244900e-02,-3.731984438441374174e-01,-3.150205301858562401e-01,-4.936806280667269814e-02,1.599381093155828049e-01,3.244621566872580853e-01,-3.815313540032369555e-01,-5.299779494394863955e-01,3.790558086523436732e-01,-1.713146869248745596e-01,-4.645294169683097385e-01,2.658395748416680915e-01,1.790009256846563923e-01,-4.086469797056113129e-01,-6.602246975321940381e-02,1.362465838820201870e-02,-1.496003933916376372e-01,4.856886980847660573e-01,5.894854788221558506e-01,1.240323506547727356e-01,-1.596139896766373967e-01,3.177993978621287963e-01,5.735137772846466975e-01,1.307711892199011627e-01,1.253933691715399534e-01,4.272822036353411401e-01,4.288378101171841372e-01,4.224757932473502953e-01,6.082833438817837335e-01,7.514919784033026462e-02,4.726497319241249051e-02,6.002933678199957601e-01,4.323928460602401436e-01,-8.963769882228664332e-02,5.279751434131502164e-01,6.198308535845322709e-01,-5.835036593378804121e-02,7.029387475903781102e-02,1.000000000000000000e+00,3.487539221451609883e-01,-2.753145476949296275e-03,-4.595664926688249330e-01,-1.728783888113417100e-01,3.782465088295053901e-01,-1.322222888217780834e-01,6.540515035097597130e-01,4.303635281931584844e-01,5.942989047078650611e-01,2.477071655696262975e-01,2.515678111498307890e-01
5.744429367217060989e-01,1.206811009862097800e-01,7.946537944559655120e-01,5.057632056026842848e-01,-1.322668015020603827e-01,-5.552917361238423472e-02,-5.456585945841632146e-01,-5.248928091409014174e-01,-8.692604718339702607e-02,-2.278642153755281452e-01,-5.750312832368807969e-01,-3.448172838093604975e-01,-8.708393882392737040e-02,-7.203176482477163800e-01,-3.335867116455882853e-01,3.259669324317783223e-01,-6.638914824061661890e-02,-3.498783580721946673e-02,7.208081760431223062e-01,1.915462596754733959e-01,-2.825673391874817808e-01,2.807885191173395967e-01,6.264339774759769552e-01,-1.347959466384827942e-01,-4.458879146493043844e-01,1.319454126811533401e-01,-2.060910194542888707e-01,1.403555573955302949e-01,-3.250445615879772321e-01,3.788172439656615209e-01,1.655356207053867712e-01,3.312276984718296458e-01,2.397031763122521864e-01,-1.896019603473296511e-01,-2.095972356060982478e-01,2.652459858189346598e-01,-2.454851268500255965e-03,-3.977473045044701006e-01,-6.211482819249478787e-02,4.758854875580541266e-02,-1.815204000073917523e-01,-2.066054779168941258e-01,9.230869911564557398e-03,-2.480649518916930307e-01,-4.817275758245629508e-02,-2.867762898115291947e-01,-2.248960624052733226e-01,-3.590845854508852297e-01,-1.417345543535832864e-01,8.902006860829818347e-02,-3.415915658672739053e-01,-2.583568320440513544e-01,-3.354395093510575410e-01,-9.063929920804671136e-02,2.176064848184492140e-01,2.934055035883990081e-01,3.521279609688709455e-01,-2.495228345657632407e-01,-5.513234872222766425e-01,2.477192292070492241e-01,2.568333557738428641e-01,-6.582316228276423598e-01,6.942366353657150602e-02,7.757197978150300877e-01,5.345298580872367422e-01,-3.683695848543729334e-01,2.329497774785492525e-01,7.428144844042408046e-01,-4.972232552658858301e-02,-2.786379518390709742e-01,6.128672115474624871e-01,4.816418504249275756e-01,-2.184435721692562504e-01,2.630128597531122825e-01,7.298775747286175841e-01,3.797389795687541869e-02,3.487539221451609883e-01,1.000000000000000000e+00,6.584296319540281495e-01,4.167830481973963108e-01,1.435539526256824350e-01,-2.331703771897390143e-01,-8.343845124505593347e-01,1.150279240575434597e-01,1.211863254408758819e-02,4.248511239479628165e-01,3.926696002190520618e-01,5.755451506241906351e-02
6.557431609486198409e-01,4.211179823187464200e-01,6.715415546280906200e-01,3.232432068702104644e-01,9.267342253198750102e-02,-4.863867645587814925e-01,-5.548820716171616318e-01,1.030846888462757516e-01,-1.110250088807548663e-01,-6.472526981025114035e-01,-2.096409057897461181e-01,1.556135562044093090e-01,-4.116582677834164650e-01,-5.667551589726370631e-01,2.447083355953516837e-01,1.577059885121174787e-01,-5.069305843306483039e-01,9.019614359112367030e-02,5.416093507423491715e-01,-3.721385431049241133e-01,-4.274695667461215209e-01,4.623678116600842825e-01,1.499123866722354981e-01,-3.561992719414323050e-01,-5.968533782628787643e-01,1.739034632205042896e-02,-5.278078745805026006e-01,-1.643895890631872081e-01,-3.117643285612121118e-01,-7.258067224239186932e-02,-2.860326619780890686e-02,2.637724634503743615e-02,6.901131499789446566e-02,-1.350364447783565236e-01,1.935040006436705151e-01,2.487923564475600924e-01,-1.552284552651684579e-01,-1.422808471487211068e-01,2.916957561472898752e-01,5.708503003284798837e-03,-1.832648238427068699e-01,7.301065696585139209e-02,2.631095882245558792e-01,1.935750000177269975e-02,1.587843959526394899e-01,-1.577630251074134682e-01,-1.543748645390150553e-01,7.266937725292754724e-02,-1.634348925634060146e-01,-2.107152146619735988e-01,-1.077394550958146319e-01,1.334080005942701007e-02,-2.387176587402199679e-01,2.842105909430588939e-01,2.653497262332323858e-01,2.485978889232427491e-01,1.167685369117580085e-01,2.469567612360834830e-01,-3.650560246293058086e-01,-2.512312645169373360e-01,2.788733147346990071e-01,-4.383551996596992129e-01,-3.830559016857746912e-01,3.362192472966897272e-01,5.814944988842881690e-01,-8.052799412325248318e-02,-3.113275365791067784e-01,5.164163785426979514e-01,4.648408896896608633e-01,-3.335094668729939871e-01,2.824643994293342744e-02,6.724967977689807475e-01,3.448383778214617057e-02,-2.417143477535977081e-01,5.100052334661393516e-01,4.547430452419025659e-01,-2.753145476949296275e-03,6.584296319540281495e-01,1.000000000000000000e+00,6.734768604385078516e-01,-3.095770910322077074e-01,-7.468809189140626081e-01,-7.922693375102651814e-01,-2.923304611774953377e-01,7.200395654204849727e-02,-5.409598774724752590e-02,3.708819866462348958e-01,1.687971281581585603e-01
4.332700633976848126e-01,6.169859531269897834e-01,2.908273280532693295e-01,6.002604376706879297e-01,5.766314131297326506e-01,-1.751516098335731408e-01,-7.057226195061668816e-01,2.317068406382706003e-01,4.082636163911561589e-01,-5.804950390187337828e-01,-3.964962486382845319e-01,5.178521576458466891e-01,8.484090703348569178e-04,-5.212461081236953175e-01,4.353999265089956161e-01,4.694253996528965911e-01,-3.328510514242082885e-01,5.425556853300024240e-01,3.104114664756528752e-01,-5.069463748140555781e-01,5.443670851750428280e-02,6.222699587053990289e-01,5.669432795476249398e-02,-5.609437017688941873e-01,-2.957047908441844952e-01,4.052770251852585992e-01,-1.663117681833366779e-01,-2.359257113573332010e-02,5.938831400485803692e-03,-1.962361094954100382e-01,-3.451479994710859311e-01,-1.441241228457170731e-01,6.171196556957769114e-02,2.444688825712601488e-01,9.757319210805011356e-02,6.158687156669720442e-02,1.854456397003377000e-01,1.293620805288379638e-01,1.773205799603776167e-01,1.884476615547983347e-01,2.685463106710609185e-02,5.395671255049501458e-02,5.210876687881432767e-02,-2.550185048380557151e-01,2.902285170734146269e-01,1.861937671018999152e-01,-3.864905261370275569e-01,6.147109439534653025e-02,1.653494383689667890e-01,-2.412352806987421439e-01,-1.979336013415553541e-01,1.675986365823330937e-01,-1.475801618830438477e-01,-1.120553671224087207e-03,2.170658282458255983e-01,-7.603065381652167332e-02,-1.932239152662750536e-01,-2.183606651578393412e-02,-2.132391162684608987e-01,-2.279455046220765779e-01,-1.395016263684095426e-01,-4.719372323890128618e-01,-2.702022068302265545e-01,9.134859077264143035e-02,1.778881998175649848e-01,-3.725323231498515741e-01,-5.053364611122869166e-01,3.858671659480171767e-01,2.204664877075195595e-01,-6.111807226930298098e-01,-1.401594218024185545e-01,5.258686709858374497e-01,-3.576385375778249887e-01,-4.974470453237838097e-01,4.399591659227880536e-01,2.345027370340925510e-01,-4.595664926688249330e-01,4.167830481973963108e-01,6.734768604385078516e-01,1.000000000000000000e+00,1.350140658149721062e-01,-7.710399290996142740e-01,-5.952422767173287665e-01,-7.056489124066012142e-01,-4.924315999274931355e-01,-3.448252585871038334e-01,1.555516022200142401e-01,-1.554481576506341056e-01
-1.780033647683865183e-01,-5.939941536097242958e-02,-1.532854980061542916e-01,5.460264131846955804e-01,3.525776032896286716e-01,5.905599600688167250e-01,-2.770454282605332441e-01,-3.552875306921235432e-01,5.688403260564105501e-01,2.787303808168489216e-01,-5.509202669380420803e-01,2.926873389554125043e-02,6.356144102768424009e-01,-1.879333260841968001e-01,-1.927879519014487897e-01,5.631746044056070710e-01,4.929914151473822059e-01,4.689954508500542296e-01,-3.061874077959613263e-02,2.004081109778923231e-01,6.508239486359392867e-01,1.908669190601799959e-01,3.378699227847171138e-01,-1.790975199031836773e-01,3.708951613083275589e-01,5.260657439287425019e-01,5.027519103749562568e-01,4.890599243091642845e-01,1.859478720979813593e-01,1.300951172748112394e-01,-2.795079005236183467e-01,4.510980801199367812e-02,1.998604504250464653e-01,3.740804550886334123e-01,-2.616166686340374858e-01,-5.800509867860585179e-03,4.758315138723747117e-01,5.950762006179843855e-02,-2.140755120332404615e-01,3.459708861822573533e-01,1.316665454886307429e-01,-2.833140613854703282e-01,-3.201770759708065239e-01,-5.046028531213800905e-01,9.864637502621734222e-02,1.248096275971504326e-01,-4.610526606136239325e-01,-3.087987086367128264e-01,3.495386919114074065e-01,2.024145718247221531e-02,-4.337422320745348281e-01,7.088977071004284869e-02,-2.471142850596291518e-01,-5.101572365787940821e-01,2.541071534083935157e-01,-2.172929403379233182e-01,-2.838984088156712993e-01,-6.023504688452825384e-01,-1.159001868143813979e-01,2.003808505038973675e-01,-5.160190560767502488e-01,-3.058541292470833284e-01,4.496723833349449140e-01,1.185562222831198220e-01,-3.847013784967124317e-01,-6.000022096204096211e-01,7.363739187380709261e-02,1.593772731705698498e-01,-5.392537738812759329e-01,-3.923149818877260109e-01,2.347176908113276783e-01,-1.331848066799695418e-01,-5.987942308846849748e-01,5.218937521209930652e-02,2.031430982508864169e-01,-4.501113603613912106e-01,-1.728783888113417100e-01,1.435539526256824350e-01,-3.095770910322077074e-01,1.350140658149721062e-01,1.000000000000000000e+00,1.620076599204071377e-01,-6.092861824775419599e-02,-2.053664747602943486e-01,-6.252761826171524540e-01,5.563681301467402612e-02,-6.026516372490451495e-02,-3.044742780241884161e-01
-5.145497546156281299e-01,-5.502299332869611259e-01,-2.965369079996678647e-01,-3.047687792955849351e-01,-4.179093585547334899e-01,5.035291253271207967e-01,5.013500035064708538e-01,-5.188368485357388593e-01,-1.247607406074228154e-01,7.331462706258335960e-01,2.725775829327280533e-02,-5.902703673785354432e-01,3.437033219213785351e-01,3.725710499133031983e-01,-6.327779044107664230e-01,-2.230108077039116010e-01,6.131362817211247762e-01,-3.938864497320537783e-01,-2.791056564579391108e-01,6.947098939994884592e-01,1.596068292458358573e-01,-6.476977008695982141e-01,1.403911420328332327e-01,4.168826520396845536e-01,3.085994783459573010e-01,-1.184194166200639026e-01,4.219199706683354756e-01,1.259766644111251777e-01,1.212206885010250340e-01,3.813688864041084869e-01,2.970399163606460835e-01,1.477533661533727838e-01,-6.399165955791112637e-02,-1.127646965545152508e-01,-3.062963255998493728e-01,-1.868273090182846485e-01,1.496605034022102437e-04,-1.176996786462656264e-01,-4.466340667955456811e-01,-1.110366717706632589e-01,8.061937410520778058e-02,-2.445526711305849588e-01,-3.598763442273208990e-01,1.927769448968670368e-03,-3.191709692258165587e-01,6.961315292614826677e-02,3.035743820961994688e-01,-2.070700093832592847e-01,1.082505526064306139e-01,4.316831239898636374e-01,9.717947121726784598e-02,-1.823397226030945006e-01,2.078862944133978152e-01,-2.035564083643895961e-01,-2.438030899089602133e-01,-1.980452644986826771e-01,1.532632333312259065e-01,-3.951562413202268642e-01,3.009309688721854004e-01,5.745474457130073098e-01,-8.603601399995992882e-02,2.876246126036651751e-01,5.928413654432506119e-01,8.037144749805413824e-02,-3.140107218741471917e-01,8.763708691306322518e-02,6.907486868778457412e-01,-2.691136646876074456e-01,-5.713887655451010961e-01,4.909796254447450492e-01,3.921401905655913511e-01,-6.342711194769748984e-01,-2.418322681400968815e-02,6.431180323618767014e-01,-2.442495854522077903e-01,-5.676522082746155995e-01,3.782465088295053901e-01,-2.331703771897390143e-01,-7.468809189140626081e-01,-7.710399290996142740e-01,1.620076599204071377e-01,1.000000000000000000e+00,5.326986232505999119e-01,7.223516436640327054e-01,1.534272768336022996e-01,4.811832174893264646e-01,-1.985305198601869936e-01,-3.861563487449803933e-02
-6.393459893438516728e-01,-2.366080839251441248e-01,-7.612582356177217680e-01,-5.198233163955419123e-01,-3.383672058136470706e-02,2.105153970804674313e-01,6.125467401689619340e-01,2.505462059733675195e-01,2.239735016922168864e-02,4.298404061335062698e-01,4.770405211235544396e-01,7.579995886877506639e-02,1.827723279543101986e-01,7.286445207598903906e-01,5.099746833511545341e-02,-3.610179632776270853e-01,2.700642577251337051e-01,-1.196664083756976138e-01,-7.242277551040828820e-01,7.473020003262136057e-02,2.819088926598255496e-01,-4.827130276311297208e-01,-5.037645668835478707e-01,2.654348478917172294e-01,4.381559426210110408e-01,-1.644216739746055811e-01,3.263578948321271822e-01,-1.339311740974258591e-01,3.038784482008989873e-01,-2.036590512909269568e-01,-7.572221594269294698e-02,-3.193426890291419240e-01,-2.870293371304424301e-01,1.589997563369058009e-01,1.193135934581111557e-01,-3.391232912993516480e-01,-3.208848046811117304e-03,3.661685572755341012e-01,-8.068508339615132474e-02,-7.627064108853130742e-02,2.118949953268146336e-01,1.327274760423315381e-01,-1.524214894381244190e-01,2.167004645794701478e-01,-1.723793161204737259e-02,2.918429516972314008e-01,2.765910487024416664e-01,2.712317189481558977e-01,1.900094133331243496e-01,5.881812004797504212e-02,3.176973942035408172e-01,1.865219990838678232e-01,3.633765812840020204e-01,1.790394766863069240e-02,-2.710853462227204580e-01,-3.272766426333053591e-01,-2.676443846320417097e-01,9.632082532320976331e-02,6.058144237388541908e-01,-2.123029907783978085e-02,-2.560545271135643564e-01,6.570026622151389217e-01,1.493380397704290041e-01,-6.201265381959755185e-01,-5.415599311629325507e-01,3.722164083099232523e-01,6.024821958559341967e-02,-7.374445643429623498e-01,-1.479738480665400147e-01,4.412426323515291071e-01,-3.845257767456762843e-01,-6.443873725688519238e-01,2.010853100598821164e-01,2.665980598340968871e-02,-7.327910833148054692e-01,-2.351262204647575904e-01,-1.322222888217780834e-01,-8.343845124505593347e-01,-7.922693375102651814e-01,-5.952422767173287665e-01,-6.092861824775419599e-02,5.326986232505999119e-01,1.000000000000000000e+00,9.706289069727057350e-02,-4.488859066653314717e-02,-1.799838198779376564e-01,-4.177366999723539642e-01,-5.762207951243759202e-02
-1.402599927865224028e-01,-5.597533771005999137e-01,1.607243459798539942e-01,-3.423122949975210272e-01,-6.795095196412057614e-01,1.923969628637867413e-01,4.098816864523145420e-01,-5.871491786532764268e-01,-4.548238230113610392e-01,5.037233683032582565e-01,5.007445430449235235e-02,-7.639451351319113126e-01,-1.152209807034389188e-02,1.279578526884721512e-01,-6.731500333735915831e-01,-3.160369126860086419e-01,3.474957669183258990e-01,-5.998592446426060931e-01,8.041724621889415059e-02,6.572234229542318618e-01,-2.326370045260923725e-01,-5.309496358722096687e-01,2.729430598821108167e-01,4.462204893346820023e-01,4.648008319363949176e-02,-2.840014795087618671e-01,8.011993225383565176e-02,1.535084776555399322e-01,-1.052357071432786229e-01,4.845269580077219418e-01,4.718677256279802945e-01,4.091291021151358120e-01,1.162431975405842921e-01,-3.545310566129299401e-01,-3.253428129340550923e-01,8.551765007125790297e-02,-1.448080109202478372e-01,-4.172175016641526124e-01,-3.232945468143841317e-01,-1.637675642607313575e-01,-1.438284560115627164e-01,-2.694633635990130727e-01,-1.338437980639914093e-01,6.651915400704301595e-02,-4.150222950152837043e-01,-2.642545612370315600e-01,3.367303530066453887e-01,-3.118882697788000202e-01,-2.148203397351118316e-01,4.010921722916018783e-01,5.624230915597139974e-02,-3.830061457298036820e-01,-3.708621174522078049e-04,-8.579747918919236604e-02,-1.619131742959198650e-01,1.680796551741050859e-01,4.378628166354271989e-01,-1.905553779830848338e-01,7.996305540120460936e-03,5.007923419225975836e-01,2.779262703530267498e-01,1.288845993282849156e-01,4.069719955924078203e-01,3.639485408913056830e-01,1.041690631444081444e-01,1.591980167060201290e-01,6.978622973750298053e-01,3.521995108851960071e-02,-3.028378978486838680e-01,4.802186506373639086e-01,5.395478914871082443e-01,-2.898001394243552298e-01,1.795217879659139759e-01,7.035989227076573371e-01,2.135359809852965460e-02,-2.789549192632951868e-01,6.540515035097597130e-01,1.150279240575434597e-01,-2.923304611774953377e-01,-7.056489124066012142e-01,-2.053664747602943486e-01,7.223516436640327054e-01,9.706289069727057350e-02,1.000000000000000000e+00,6.215847201158104518e-01,6.766680000636962067e-01,-4.262946473372010957e-03,1.214967635435594689e-01
5.992508730648937049e-02,-3.074180009290540250e-01,2.253376876266975359e-01,-5.073109686644355909e-01,-6.017097409450042900e-01,-2.405054073299294493e-01,3.643209131306844872e-01,-1.250351263468466312e-01,-5.755401234650181497e-01,1.034579163472369168e-01,3.242750421927136362e-01,-4.267240973045284269e-01,-3.717079949673269268e-01,1.272947347002500451e-01,-2.658844346061258190e-01,-4.316812617615127801e-01,-9.557790257941181644e-02,-5.520371007779819594e-01,1.231249109617892079e-01,2.540430005508393929e-01,-4.557527442966969322e-01,-3.082756073351091697e-01,3.179502834312124965e-02,3.753332044292993497e-01,-8.276767503314612362e-02,-4.320035897380156142e-01,-2.622845469157037424e-01,-5.728948108114235993e-02,-1.856016905910513881e-01,1.751696406082045021e-01,3.543978430826648096e-01,2.642321877340448322e-01,8.278371345281819449e-02,-3.621292972175082503e-01,-8.018102786841210805e-02,1.534874092754191233e-01,-2.510567833249565117e-01,-3.136987612300587980e-01,-2.167407388925529036e-03,-1.845285612011434428e-01,-1.639276289480962601e-01,-1.524158177566993164e-02,1.735347190973394182e-01,2.245624151323175888e-01,-2.832703559527202652e-01,-3.630010829519342286e-01,3.292475966038682089e-01,-1.143000897940099209e-01,-4.373931232133620450e-01,1.256870953549505954e-01,1.363884623998899703e-01,-2.757821525187565959e-01,2.641968519766178108e-02,2.211466861829139152e-01,-1.118956065030618230e-01,3.417434678792323210e-01,4.145131696268934962e-01,2.533663575461226891e-01,-9.337713613878408092e-02,7.601256877480717933e-02,4.720820715615682284e-01,1.758775835903386986e-01,-7.458334826920863525e-02,1.710395911894657950e-01,2.723260828515087772e-01,3.402585180554887900e-01,3.021180134854589694e-01,6.060911650380517227e-03,1.394934118985476923e-01,3.977741667809102100e-01,1.926090806896090246e-01,-1.544700904422868261e-02,4.189581648342077802e-01,3.437492498538989860e-01,-3.772390840243721594e-02,1.268674173056602850e-01,4.303635281931584844e-01,1.211863254408758819e-02,7.200395654204849727e-02,-4.924315999274931355e-01,-6.252761826171524540e-01,1.534272768336022996e-01,-4.488859066653314717e-02,6.215847201158104518e-01,1.000000000000000000e+00,2.110272762826696791e-01,5.056097136185543593e-03,3.352037666064506261e-01
7.704816831152815071e-02,-3.624467557736402723e-01,3.587981733480239965e-01,2.611768266813447453e-02,-4.444337169175244795e-01,1.832322694583828349e-01,3.059546358408262584e-02,-6.362575913513610626e-01,-2.576107290309614939e-01,2.850992502816536711e-01,-2.616690684212478746e-01,-6.356580697730276341e-01,4.458824714347348062e-02,-2.214785102016585128e-01,-5.973378749038456004e-01,2.344177535173627442e-03,2.676513670184124671e-01,-3.650307510390130017e-01,3.394119824192396995e-01,5.534966853377853990e-01,-2.058137041992003924e-01,-2.378932419934912668e-01,5.062670417113914745e-01,3.033028285218155040e-01,-1.655122216758556086e-01,-1.375647738609170057e-01,7.327805176417877264e-02,2.284363464546861622e-01,-2.308255256213778972e-01,4.692991528121008282e-01,3.347207641875141748e-01,4.226043695566767955e-01,2.514416190059288736e-01,-2.901478292014947891e-01,-2.970582818561549043e-01,2.093174677222818247e-01,-7.509649990176792134e-02,-4.498691842997115109e-01,-2.280422012500745998e-01,-7.851252312162651514e-02,-2.249816677505041829e-01,-2.783938410816096387e-01,-8.525831570068649612e-02,-5.925425008244456643e-02,-2.212580939055440454e-01,-3.019865714578484628e-01,4.442133103363464508e-02,-3.353768228708040589e-01,-1.458829473477187277e-01,2.585858662953358644e-01,-1.658400577856743441e-01,-3.616006129648614009e-01,-2.148021767388870740e-01,-1.925908864056744829e-01,2.591180246045509880e-02,2.343891989616341542e-01,3.782999419012662012e-01,-2.840745977591521698e-01,-2.356299865018532114e-01,4.289210812135806350e-01,2.097835894361077536e-01,-2.233879942489000736e-01,3.417559799731165748e-01,5.706961047478250615e-01,2.444586485477014681e-01,-8.978899794992066530e-02,5.698091925001930180e-01,3.262896865922200740e-01,-2.726635963170476185e-01,1.735065554862290360e-01,6.145219317636116951e-01,-1.655123207169403865e-02,-1.293456977697422447e-02,5.525144854443115872e-01,2.946183879644242443e-01,-1.984055575546026795e-01,5.942989047078650611e-01,4.248511239479628165e-01,-5.409598774724752590e-02,-3.448252585871038334e-01,5.563681301467402612e-02,4.811832174893264646e-01,-1.799838198779376564e-01,6.766680000636962067e-01,2.110272762826696791e-01,1.000000000000000000e+00,2.386541041144581154e-01,3.906807363572425279e-02
4.966296200703834152e-01,2.281921244809246574e-01,5.043009571488623610e-01,5.880565279149985863e-02,-1.675512894925272334e-01,-3.620634404250839267e-01,-2.121713679216863935e-01,-5.152810739829191689e-02,-2.901481947122946936e-01,-3.381221844543261801e-01,-6.447856817468095025e-02,-1.301125318444088519e-01,-3.753891339070501987e-01,-3.606066042173689534e-01,-3.324524476490370306e-02,-3.860152868680492063e-03,-3.281164343587748000e-01,-1.284217109720292016e-01,4.612501899757190382e-01,-1.593252782590337188e-02,-4.113269774626315822e-01,1.730548599352190187e-01,2.989524906912873203e-01,1.034172952037610421e-01,-4.796813834998350790e-01,-2.455099576263926608e-01,-3.741156343481451541e-01,-2.082534781025610071e-01,-4.042063032418346524e-01,1.037497380900716248e-01,1.887480044302978222e-01,1.328792341927530485e-01,5.087217895674859408e-02,-2.713467286588149285e-01,9.850642636379693118e-02,1.983201151080818958e-01,-2.668602095166880406e-01,-2.352371201356119323e-01,1.766735962447942565e-01,-6.139130811451757458e-02,-2.208335590821299543e-01,-2.856283104496238311e-03,1.717234927091392527e-01,1.765251756618071155e-01,1.246192380454777537e-01,-2.732756110839275054e-01,-2.924184591348330531e-02,6.686444930135622411e-02,-2.305395096810378408e-01,-1.542346764067744069e-01,-1.493168117974177644e-01,-7.015896666042235885e-02,-1.016292082950415732e-01,2.536436122314598141e-01,1.089006263617571385e-01,3.573448132174583680e-01,2.363590865521228990e-01,1.771088406898335410e-01,-4.008607418942344847e-01,-1.057648053185126502e-01,3.436680440633885780e-01,-3.238614565463509010e-01,-2.867926039997912846e-01,3.857694012845832021e-01,4.969852582460703716e-01,5.585871481518789317e-02,4.528384416395963424e-02,3.652506905224212064e-01,2.554804321895220443e-01,-2.814885019973462771e-02,2.016245602221160282e-01,3.752004815958183692e-01,1.709125803815427502e-01,-1.405206715137376173e-04,2.763036792280779141e-01,3.178206360960947885e-01,2.477071655696262975e-01,3.926696002190520618e-01,3.708819866462348958e-01,1.555516022200142401e-01,-6.026516372490451495e-02,-1.985305198601869936e-01,-4.177366999723539642e-01,-4.262946473372010957e-03,5.056097136185543593e-03,2.386541041144581154e-01,1.000000000000000000e+00,4.877504276867060118e-01
2.234021752127375027e-01,5.298079628737171511e-04,2.295399494611264912e-01,-3.446832206737822646e-01,-3.605210873970097762e-01,-3.385648633204831892e-01,1.780537286653998130e-01,7.235063315748392621e-02,-4.262062782327457056e-01,-1.139414914791659628e-01,2.710505071679670253e-01,-1.683428786266836785e-01,-3.822116679898530656e-01,4.645658464379390923e-02,-4.527620855326169175e-02,-3.036273410588151700e-01,-2.127321665930461958e-01,-3.234274506617220712e-01,9.440757237199459695e-02,3.240184285113920787e-02,-3.620833362259211485e-01,-1.227250187621618804e-01,-3.146209371669049515e-02,1.925103586207937700e-01,-2.440870979559483511e-01,-3.767751801839957504e-01,-3.310504127276138187e-01,-2.701873267509499188e-01,-2.357742098424488453e-01,3.138066267048059133e-02,1.977708376949979807e-01,2.345159631198451972e-02,-1.110189826068473246e-01,-2.541045827692555714e-01,1.147137737761935589e-01,7.867351930710596991e-03,-2.924950616317948393e-01,-9.146776329160964669e-02,7.999114031038899453e-02,-1.484413756311991628e-01,-2.919695722338339072e-02,7.981790658187801202e-02,8.134515533606204163e-02,2.837016111324934253e-01,-5.848894159250329211e-02,-2.135158621675188328e-01,2.580772060241641741e-01,1.425698138788043801e-01,-2.260601074654088605e-01,-2.907979866844192379e-02,7.515641319762358941e-02,1.897070119739396876e-02,9.198939236937238306e-02,3.915466104689053206e-01,1.256844715484534310e-02,2.358873442036734103e-01,1.845565410257974104e-01,3.000559227344072322e-01,-7.197371945125467796e-02,-9.861421721348126446e-02,3.281731755903690706e-01,9.414845924751467920e-02,-2.175351360044535387e-01,8.109977920057215295e-02,2.620129514224771583e-01,3.119601789146205784e-01,7.997120764578317942e-02,-1.610525404830898816e-02,2.477179262083167854e-01,2.599432912070787638e-01,1.018540370319746943e-03,6.585625243151793651e-02,3.810529477770175921e-01,8.351739503606560311e-02,-9.146775963831500766e-02,2.464452846566276556e-01,2.515678111498307890e-01,5.755451506241906351e-02,1.687971281581585603e-01,-1.554481576506341056e-01,-3.044742780241884161e-01,-3.861563487449803933e-02,-5.762207951243759202e-02,1.214967635435594689e-01,3.352037666064506261e-01,3.906807363572425279e-02,4.877504276867060118e-01,1.000000000000000000e+00
