1.000000000000000000e+00,4.810077951967770549e-01,5.321310236605114596e-01,4.726303081352163371e-01,4.065576219331408225e-01,2.487160096631914064e-01,-3.734899888922585398e-01,1.734152789224696067e-01,-2.410422235232045907e-01,2.503418591430755513e-01,5.264311404284659490e-01,1.733302657396618984e-01,1.882363109310926097e-01,6.156403779553117073e-02,-6.344977601560623792e-02,2.912336341840054965e-01,-1.044811463536477886e-01,-2.791031806994870301e-01,2.772953209588901458e-01,-6.992483600490249918e-02,-3.450438591445756931e-01,2.534385936343510060e-01,-8.762187602786209893e-04,3.135693738311376988e-01,3.529055666446752060e-01,5.014115183099469020e-01,-1.117999205084164865e-01,-3.894636970723036051e-01,-5.223509752316637389e-01,-2.285074094099182884e-01,-4.827245679137066592e-01,-2.944411422947130763e-01,-3.963713585057418998e-01,-3.322520400685907704e-01,-2.265642315375346882e-01,-3.769335811144725601e-01,4.608094378318981776e-02,-1.303682982131846302e-01,3.711853519677678626e-01,-1.864815847484100064e-01,-6.897868661889347726e-03,3.906612434863938055e-01,3.349109737635297956e-01,-8.599069896375938216e-02,-1.574317496998701993e-01,-4.932996768948513799e-01,-4.059063686572885188e-01,3.418671975061324253e-01,-2.391190751641899259e-01,1.972262043639528561e-01,-1.466116202464273488e-01,3.298619253338873070e-01,3.903182349527574146e-01,2.998312886800287846e-01,1.348160356870686527e-01,-2.547260374479727862e-01,-1.828470050364262578e-01,4.556428626465349185e-01,2.064866585490390816e-01,-3.948614040866010311e-01,1.096077694599936897e-01,5.346866658359979985e-01,-1.624888469967533111e-01,-3.787650434134840483e-01,4.067468810020229975e-01,3.345074653416585941e-01,-4.126719572319267892e-01,-1.320196656708127747e-01,5.063625705057576143e-01,4.766590988496860991e-03,-9.077875811213204083e-02,-6.599683908686169997e-02,1.546381310080286765e-02,-1.904047741525517201e-01,3.546917021794295799e-01,-1.178254737497471255e-01,1.001761964029553448e-01,-4.287545240563655491e-01,-3.334072614744306162e-01,-3.200435787476333394e-01,-8.844474299714619181e-02,-4.978214795236191037e-01,-1.703361296539382674e-01,-5.875360598989329275e-02,2.205732506347130722e-02,4.638956426913130038e-01,2.100320312871428730e-01,5.035543390264398678e-01,2.119501864169619498e-01,4.172774593277724375e-01,3.331898205648959332e-01,2.847813174159445904e-01,4.233505996753813561e-01,3.239531524681328323e-01,4.862562962124934440e-01,3.457302966362588159e-01,2.388384201934432849e-01,2.412766709302441304e-01
4.810077951967770549e-01,1.000000000000000000e+00,4.574064264653038281e-01,6.378716199666516484e-01,5.580941909699517200e-01,-3.024894496043689998e-02,-6.572025143945412484e-01,-1.491600369594721087e-01,-1.862246338514823296e-01,5.996169454630944085e-01,7.066613251511396632e-01,5.509010318242260063e-01,3.485833517634938650e-01,4.241170412515350430e-01,3.387756276411540979e-02,6.094486770809933729e-01,7.562737850068634859e-02,7.544748996889021064e-02,6.076216109067914539e-01,2.466644546978212504e-01,-1.691821956985680234e-02,4.816674835922962195e-01,2.773134364963256715e-01,4.413186397227380348e-02,1.114056707244246158e-01,6.608667975682782636e-01,-1.242792218086428979e-01,-6.935090034599349362e-01,-5.174854690597376905e-01,-4.932453334367786768e-01,-7.109438799023731770e-01,-6.194427161431931284e-01,-4.977904488392875804e-01,-6.628975042616305213e-01,-2.987180826928229060e-01,-6.391219244558160595e-01,-2.562093597404986600e-02,-3.876900085492903103e-01,1.696071080277927745e-01,-2.267019314638568650e-01,-3.100676197094861530e-01,6.027731821934645406e-01,3.985163293225522652e-01,2.897597092713713463e-01,7.421095704143097944e-03,-3.428643955854664416e-01,-2.808150724398773002e-01,4.892793677053590695e-01,-1.209250762434429527e-01,3.299025351384791138e-01,-3.286921225070503771e-01,5.383098873636680270e-01,6.921599850480140148e-01,4.328466566484180933e-01,5.009893307161006337e-01,-9.677615923206027426e-02,-2.655492560523017853e-01,5.641454892882989958e-01,-1.241567498533725777e-01,-5.972722824133613884e-01,3.361160643339545784e-01,4.145435186647386527e-01,-5.411761423034366913e-01,-3.260001389560949758e-01,5.661864125685774907e-01,2.438526148369870791e-02,-6.805270805509987531e-01,4.122938220085652083e-02,3.841757659304183559e-01,-3.592301544164024363e-01,-4.191803723308450413e-01,-4.561203685959869802e-01,-3.231662537839591898e-01,-5.625459568297780377e-01,1.275143479276849845e-01,-3.959041624413258131e-01,9.210954154217058931e-02,-4.184273883833620200e-01,-2.384278530049294409e-01,-5.177098351377875524e-02,1.308557692221619106e-01,-5.147229456936572856e-01,1.687278947655007633e-01,2.632639212545300790e-03,2.917091307457251315e-01,5.305612292931344287e-01,4.469712007794547914e-01,6.751158564515742366e-01,4.616712724599261741e-01,6.932365103470080614e-01,5.423245731751922261e-01,6.493690516066437102e-01,5.659951786544822339e-01,6.479568684448404614e-01,4.411306121554963711e-01,4.856478710014624500e-01,1.958540228601168831e-01,2.915548482899283922e-01
5.321310236605114596e-01,4.574064264653038281e-01,1.000000000000000000e+00,6.550879493352343985e-01,7.278120380639387932e-01,4.026976913399378244e-01,-2.942339097997392350e-01,5.346388159352414293e-01,-9.689287515755996654e-05,2.842334718725936238e-01,6.960074340740468601e-01,1.373631786248269981e-01,5.624294150697539685e-01,-1.970698580114901843e-01,-5.236473566590258422e-01,1.488540809603497439e-01,-5.535246515214075069e-01,-5.566450586261063593e-01,2.067992267062998824e-01,-4.757101016174773989e-01,-4.251108968077975669e-01,4.175651218006273258e-01,-4.270841251408519779e-01,1.846853920576438934e-01,7.714882791380179849e-01,4.566740471930028633e-01,-5.538829102561139139e-01,-4.249454633115305469e-01,-8.587316305879708622e-01,-3.979998653511807039e-01,-5.371978561078841752e-01,-1.463411066885052514e-01,-2.668680412995202422e-01,-2.701538995356261852e-01,5.701752817742742480e-02,-2.585480642156579578e-01,4.889674535964383395e-01,2.085502628588123686e-01,8.082082545314741573e-01,1.104081306521834394e-01,3.616576248521889414e-01,6.824658256410318646e-01,1.607099270169300154e-01,-3.540500424810076319e-01,-6.326310485565758146e-01,-7.691232569824618670e-01,-8.650288389411383561e-01,1.532887073853249071e-01,-7.248821419854365455e-01,-1.155504345369303826e-01,-4.674259702774462011e-01,1.260508523540472547e-01,4.262217866761924823e-01,6.058054933053571428e-02,-9.912098508115360640e-02,-1.132352391499004546e-01,1.397448170915818744e-01,8.169969214198882224e-01,5.597145344772056497e-01,-2.526421431364372916e-01,3.721774948113662496e-01,8.107187061393630323e-01,-1.201635026590099492e-01,-2.419515783224850947e-01,7.562226848654647338e-01,5.076858315062657834e-01,-4.343280299994983218e-01,1.237344615508264578e-01,8.886739052861278854e-01,-4.362118389027563881e-02,2.185748609244387852e-01,-2.723868375942038733e-02,3.564334745353690548e-01,-1.826733965567474138e-01,4.360795847064763420e-01,2.011136231874134372e-01,4.975509563434001858e-01,-4.283114135227288344e-01,-7.809840692849066013e-01,-6.622707871479307506e-01,-5.193562516632436177e-01,-8.775890099853990156e-01,-5.007596625316929062e-01,-4.754342242110115024e-01,-3.663212745350166166e-01,4.055904117486721083e-01,-1.007473920183433874e-01,5.443756881371680789e-01,-7.158082336430722503e-02,5.688010044872844340e-01,1.422798787110322316e-01,2.926287720543730986e-01,3.241313144757458908e-01,3.217304265201474389e-01,8.695162599757346733e-01,2.373100154794107464e-01,2.695749143197291586e-02,3.411480180529273543e-02
4.726303081352163371e-01,6.378716199666516484e-01,6.550879493352343985e-01,1.000000000000000000e+00,7.421159170598338184e-01,2.573908629722531649e-01,-7.458906155873722410e-01,5.622767093733386373e-02,-3.294407161877614398e-01,5.920495117160154974e-01,9.129177304603609544e-01,5.084299571865716905e-01,4.093116198475824086e-01,3.336534891808970449e-01,-5.933120383953248422e-02,6.474915273461840926e-01,-5.458383261597859332e-02,-1.874987047739908597e-01,6.586388817732610201e-01,8.723310686539545444e-02,-2.318997848420405461e-01,5.610692950907069099e-01,1.523845328436687074e-01,1.655881929242711270e-01,3.156759824688062377e-01,7.944526915580403248e-01,-2.594593708201282101e-01,-7.854154990819316451e-01,-6.789095867689229902e-01,-4.500817160505385939e-01,-8.886490255734920130e-01,-6.552319662519057175e-01,-6.710368334517330391e-01,-7.287403672222610984e-01,-3.792609191109783118e-01,-7.418812474799153511e-01,4.496868679296406324e-02,-3.582887881822455767e-01,4.554745187313301025e-01,-3.099257175704489553e-01,-2.005960570457348546e-01,7.463783802000787393e-01,5.649762988326729740e-01,1.107810472876931546e-01,-1.507983334472202397e-01,-6.704671778394650783e-01,-5.595309231216962775e-01,6.196468782819533061e-01,-3.084263629082721891e-01,3.721240975785949923e-01,-3.643239386315947348e-01,6.288988471950404113e-01,7.986154333960285845e-01,5.347717788456444188e-01,4.388298574874185953e-01,-2.694382247257443019e-01,-3.079078013523498525e-01,7.866111328533711422e-01,1.161810712617525609e-01,-7.152276855409088752e-01,3.318931901433749276e-01,7.502387749735739408e-01,-5.070890918428793137e-01,-5.391557522393345403e-01,7.467963665322006062e-01,3.106012289606952526e-01,-8.241044051759816025e-01,-6.687546649033411506e-02,7.117712632814189311e-01,-2.561854483515001446e-01,-3.439224393584124906e-01,-3.646317990771018036e-01,-1.910091897556908114e-01,-5.269383016357701566e-01,3.998713731672604577e-01,-3.446828806496019526e-01,1.500178164027631544e-01,-6.675988061785974592e-01,-4.575579738955608544e-01,-3.283019677496291644e-01,4.367768368115076678e-04,-8.048967111387577145e-01,-4.608082757777242494e-02,-4.831076399260090387e-02,1.990625159172023650e-01,7.363511939447890953e-01,4.550729086189404526e-01,8.838813847521551637e-01,4.818310648635230620e-01,8.435473097321228853e-01,6.403668042845810371e-01,6.918575750268568525e-01,7.495468770092172939e-01,7.677510150072625050e-01,7.480749483420359169e-01,6.249448428973136682e-01,2.065109679955961230e-01,3.312492542960173147e-01
4.065576219331408225e-01,5.580941909699517200e-01,7.278120380639387932e-01,7.421159170598338184e-01,1.000000000000000000e+00,-2.758397060088603470e-02,-4.733770551695491990e-01,2.158844733807075977e-01,3.062831009105304592e-01,6.598035220602181949e-01,7.612440316054882583e-01,5.367286746152016841e-01,8.549824874897260507e-01,1.125546358011493692e-01,-5.825038047559568666e-01,3.593351355613027542e-01,-5.162240053492034297e-01,-1.251238367012117159e-01,4.770975142028872629e-01,-2.457835693016554857e-01,-4.579654487043086086e-02,6.638683880935447590e-01,-2.199589218792682987e-01,-1.936158410032811916e-01,5.061007802373100883e-01,4.628836611983418448e-01,-6.863125332904200793e-01,-7.619918059474861671e-01,-7.954025605729068138e-01,-7.797407200033389385e-01,-6.178215045272569261e-01,-3.551778147573893540e-01,-1.129588609879599442e-01,-5.100434666487079216e-01,2.429082180279381609e-01,-3.579554158441569101e-01,5.984528224776325400e-01,1.135274454295248647e-01,5.646897585878097869e-01,3.251856259977409791e-01,1.559460449363464785e-01,9.320410648738625126e-01,-4.145597507778580465e-02,5.202726950864577926e-02,-5.744672359057991784e-01,-4.390238390194616813e-01,-7.191855041625148104e-01,6.455705660064613161e-02,-6.983281512906314159e-01,-2.227971484157540982e-01,-8.247536959342195440e-01,1.275344162590366648e-01,6.612622985618940019e-01,-4.603967950353714950e-02,1.971401368925197184e-01,3.061310804657297324e-01,3.005146657798421495e-01,9.250693068639707084e-01,1.873577394787014350e-01,-2.467226692746639638e-01,7.748878041600392175e-01,5.269784869028691920e-01,-5.219488937739761303e-01,5.780787533341790602e-02,9.372908286384578069e-01,3.484801880375860972e-02,-5.971447451989557731e-01,5.176679025107606691e-01,6.806467369079017837e-01,-5.356453272088043116e-01,-1.215161776139787528e-02,-4.825519823160029920e-01,8.017401507733579180e-02,-5.810435726917897448e-01,-2.471627636744142334e-02,5.521637288611862260e-02,6.823449644161352357e-01,-1.694638867671706406e-01,-7.429390365862953427e-01,-2.946098641160494469e-01,-4.200945919671308371e-01,-8.649537586138297263e-01,-1.470214267869255909e-01,-6.149618453887952807e-01,-2.130457942305496732e-01,2.171435985452362938e-01,-3.317034672891003982e-02,5.361089446366297251e-01,-6.873736937365088409e-03,8.034083742586434207e-01,1.317920927945458731e-01,6.378140976151398522e-01,2.507119387340721040e-01,5.374219528070049989e-01,7.632142704745836781e-01,3.159776220516544165e-01,-1.175283230069001927e-02,1.977155418097581441e-01
2.487160096631914064e-01,-3.024894496043689998e-02,4.026976913399378244e-01,2.573908629722531649e-01,-2.758397060088603470e-02,1.000000000000000000e+00,1.998197119573842107e-01,7.288988272189697026e-01,-4.897850683654783599e-01,-5.665448069672658349e-01,9.087678776562149729e-02,-6.460545950580026675e-01,-3.125449506423808588e-01,-6.018122893033502896e-01,-8.289067001964099679e-02,-3.068494870410653497e-01,-2.524391456800718081e-01,-8.872423578636824404e-01,-4.063874274821522858e-01,-4.861383319265998315e-01,-8.647509645571836989e-01,-4.532045288374483283e-01,-3.565096328946467108e-01,7.655817199477529256e-01,4.718024970417302177e-01,1.946601653384359421e-01,1.651955185324481268e-01,2.457706383294111507e-01,-2.038874826067055557e-01,5.566812431222259994e-01,-7.890505394655039639e-02,3.011467465937145427e-01,-3.346156261849398406e-01,3.068611096913149150e-01,-2.695449056649210640e-01,8.602770282745807184e-02,-3.047610713912967013e-03,2.454777103534487859e-01,6.910809028462174819e-01,-2.930505197099512182e-01,4.846373745022178881e-01,-1.701200311876484295e-01,3.686325348019495185e-01,-8.051564260730426081e-01,-3.195977834852923305e-01,-8.068404491752820817e-01,-5.439308797870618939e-01,1.781926004420349430e-01,-3.006504987286765518e-01,1.207992276840411661e-01,4.172154306760447739e-01,2.448467316040849051e-02,-2.498053127187387645e-01,1.791974229446516853e-01,-5.225616120941277698e-01,-7.069534634370515658e-01,-1.972504077530618793e-01,1.007492463120891468e-01,8.019578561424332008e-01,-7.763946650254642534e-02,-5.416772955338801099e-01,7.154327520311474231e-01,6.442431292479947613e-01,-5.484331230329592133e-01,-7.329572630555017398e-02,9.526322061377291428e-01,1.562139238183955781e-01,-6.006895708714072857e-01,6.199426089606302481e-01,8.003753632903595205e-01,4.764391129201556718e-01,7.653979456046665630e-01,5.982653644949237348e-01,6.314316069716259250e-01,8.996751338941796350e-01,3.414290264209627335e-01,-1.287627236033749845e-01,-5.738506288650967457e-01,-3.275300630209743158e-01,-8.335495252262611343e-01,-3.617418227996505586e-01,-3.344046702454758768e-01,-7.945643956449274237e-01,3.435388293073595584e-02,-3.941631353597137566e-01,4.195632633098914654e-01,-1.540146036345185487e-01,1.789382781880373974e-01,-1.364006822976516209e-01,-1.756189971951139517e-01,6.069965226839241224e-02,-4.404461573166144617e-01,2.120560042311262772e-01,-2.539083793749495888e-01,4.290632513750736732e-01,-5.955248635002560048e-02,-5.660644793433731309e-02,-2.212303539845178191e-01
-3.734899888922585398e-01,-6.572025143945412484e-01,-2.942339097997392350e-01,-7.458906155873722410e-01,-4.733770551695491990e-01,1.998197119573842107e-01,1.000000000000000000e+00,5.218642644563102895e-01,4.026743319903429152e-01,-8.162744361200278131e-01,-8.310187314088877120e-01,-8.210569233114063392e-01,-2.353623809049528448e-01,-8.110527038575959802e-01,-3.674827173367439248e-01,-9.332051871735708160e-01,-4.386071655280493475e-01,-3.544494114042954780e-01,-9.333786856566367307e-01,-6.180708253105188232e-01,-2.087240785780334618e-01,-6.721824247579103462e-01,-6.236768123444460521e-01,5.815541878771030709e-02,1.334898662539961700e-01,-8.339273114953145161e-01,-7.283065291686337435e-03,8.410685872215617476e-01,4.269130414537815610e-01,5.390803927573480925e-01,9.004156568941401595e-01,9.534417741694792836e-01,7.508211862327107688e-01,9.626093289360263539e-01,5.906039847694167788e-01,9.527707959342071042e-01,3.477675240347590235e-01,7.859041796327891349e-01,1.223114148353703218e-01,5.193226689584242717e-01,7.199982717752758665e-01,-6.152743020744827485e-01,-6.598980177509005118e-01,-6.360382406265068234e-01,-3.694004702255615502e-01,2.242906718617211081e-01,2.369851840127094530e-02,-7.992725406197291882e-01,-2.000181495080632643e-01,-6.589016687066823197e-01,2.455144471125486894e-01,-8.696046053812090948e-01,-9.253884628680837388e-01,-7.460835396365689265e-01,-8.702336399150275570e-01,1.929803878457952704e-01,5.658688510199721966e-01,-5.072431449870190567e-01,4.522671048551543671e-01,8.910835857413129668e-01,-3.108476495304292597e-01,-3.418298311928331112e-01,8.175994215808878307e-01,5.269697045144697833e-01,-5.414927724805398412e-01,1.442083177011641015e-01,9.473257048899580424e-01,8.961890734894814581e-02,-2.291523308513950530e-01,5.164295294105814005e-01,8.198348495263692026e-01,7.052267712937827504e-01,7.264233603402691086e-01,8.094959923222350140e-01,-6.549253667616396213e-02,7.814878193016137065e-01,1.525300008407146635e-01,5.469589104487868614e-01,-1.242341761728728115e-02,-2.175244939636752084e-01,-5.172700216444118260e-01,4.251131905749080397e-01,-5.320254756925664186e-01,-3.267427164359774094e-01,-7.026110029080592234e-01,-7.310693227425478780e-01,-8.250721624143606547e-01,-8.796906810235410878e-01,-8.386158593677961459e-01,-8.473960026468846385e-01,-8.631308516960725097e-01,-8.944956444632253811e-01,-8.429481547074106906e-01,-9.496152320724866591e-01,-3.263214738161743234e-01,-7.944043542275798231e-01,-3.706649636148147131e-01,-4.706031430013299377e-01
1.734152789224696067e-01,-1.491600369594721087e-01,5.346388159352414293e-01,5.622767093733386373e-02,2.158844733807075977e-01,7.288988272189697026e-01,5.218642644563102895e-01,1.000000000000000000e+00,1.227951587435565650e-01,-5.362646734022096240e-01,-4.823801909194148224e-02,-6.661860093486158263e-01,1.391332320641716636e-01,-8.831470975960072911e-01,-6.439809379020505764e-01,-6.229149364188666382e-01,-7.675521430492966424e-01,-9.070522219676934172e-01,-6.192612216227014743e-01,-8.976030794159240989e-01,-7.443756990917149707e-01,-3.283518990628141454e-01,-8.127892005625296790e-01,4.398965845839024613e-01,7.515554049015211735e-01,-1.707514324122098304e-01,-3.234079547096884721e-01,3.061543311626209740e-01,-3.566021057567101415e-01,2.573219163536327181e-01,2.016824143229820065e-01,6.344162243726906292e-01,2.226166772209707267e-01,5.564317338789372958e-01,3.632867840133864878e-01,4.916149117809728852e-01,5.856573565014067118e-01,7.622784523646350952e-01,8.726719849834930764e-01,3.470447481651011690e-01,8.978256077170941873e-01,1.862818627930172902e-02,-2.271931553657005332e-01,-9.344075206301706293e-01,-7.992289006317624400e-01,-6.405790656922473181e-01,-7.672978522470851326e-01,-3.844409353727634149e-01,-7.457787118568465212e-01,-4.963123109908324504e-01,-4.219345572243955733e-02,-4.961980367523043944e-01,-4.025601006313744845e-01,-4.123342963104713599e-01,-8.221127648922978981e-01,-1.603302725216927405e-01,4.270228622643150174e-01,2.689790349058933105e-01,9.508588254374025217e-01,4.045740824670848168e-01,-1.131134389114974714e-01,5.564551814049135681e-01,6.729565135362250983e-01,2.245002550981083089e-02,1.395554239152581311e-01,7.516347633501443415e-01,3.904864664988417222e-01,-3.616481642942717678e-02,6.603907564526773077e-01,5.681779942481619550e-01,8.634847738224892266e-01,7.007364148946072513e-01,9.355655461039754650e-01,6.221042157512838289e-01,5.381936448100566039e-01,7.842317202213553440e-01,4.190040467844431959e-01,-1.103050155321339959e-01,-6.653350774514869004e-01,-8.740664222131048211e-01,-8.369976332161445098e-01,-4.413214118558079768e-01,-9.656279526704819594e-01,-5.582798474815208190e-01,-8.627825831042142957e-01,-8.591019710449798730e-02,-6.799216635135012510e-01,-1.588357485492108423e-01,-6.645006230460177576e-01,-2.218612414354320383e-01,-4.685491620415542235e-01,-5.298995261785400812e-01,-2.807596181111819966e-01,-4.996928400899067202e-01,5.200661732427775963e-01,-3.954627406456535099e-01,-2.398804173873653467e-01,-3.598421493560490791e-01
-2.410422235232045907e-01,-1.862246338514823296e-01,-9.689287515755996654e-05,-3.294407161877614398e-01,3.062831009105304592e-01,-4.897850683654783599e-01,4.026743319903429152e-01,1.227951587435565650e-01,1.000000000000000000e+00,1.314698045988672015e-01,-2.647614128905784181e-01,9.203459721077419942e-02,6.625754284600687827e-01,-2.634187856732130295e-01,-7.425358134308360780e-01,-4.032535632903958001e-01,-6.425729267596915761e-01,1.923244960098797751e-01,-2.352987694883451608e-01,-4.292481862599193398e-01,4.137279964274598321e-01,1.769169255542596408e-01,-5.117238897526096286e-01,-6.722157547911250530e-01,1.726422069048780539e-01,-5.633901395079600194e-01,-6.544139463008767921e-01,4.689044136739742991e-02,-6.386030568610234770e-02,-4.759524664114931358e-01,4.291110597708709395e-01,4.241684925906414882e-01,8.582390659768124319e-01,3.065648418994333380e-01,9.415746107802339671e-01,5.716178069645228010e-01,8.003278791654536706e-01,6.663211060148973575e-01,7.157095783719009952e-02,9.536833379402700483e-01,4.684400080965127611e-01,2.564757859391263994e-01,-9.190984631756825562e-01,-1.911070949367615294e-03,-5.768907632395451346e-01,4.389883670847685715e-01,-1.543913809021608685e-01,-8.388784959589333790e-01,-5.222166061036778162e-01,-8.872418369648723546e-01,-7.000236684286500477e-01,-7.505545930597453674e-01,-1.950243208679584561e-01,-8.733369806478761266e-01,-3.110658198122748241e-01,9.161083035365032989e-01,9.155597126790497864e-01,1.661385999382370970e-01,1.389878939494376513e-02,7.151069674367714901e-01,6.859091869411397813e-01,-4.201315606572580408e-01,-7.703006055105519889e-02,9.392979091953911341e-01,2.634258387006206958e-01,-5.090288522130854698e-01,3.315741508698923923e-01,9.159214717828298991e-01,-1.268605632249226733e-01,-4.897123959643228663e-01,4.400945863779555101e-01,-2.426580637247182648e-01,3.333512805149312364e-01,-1.241260977190195153e-01,-7.160330729596289245e-01,5.513500273361906512e-01,7.678885640980768201e-01,7.935181711385123071e-01,-3.585345913179091570e-01,1.458483022863438783e-01,-5.642074522494328059e-01,-3.079426446394171318e-02,-6.179375767795033253e-02,-8.132850381826207675e-01,-5.601506553313992942e-01,-8.235995194631835492e-01,-7.087632015173227495e-01,-5.504874979477087926e-01,-7.073871667831631571e-01,-5.903858654838348846e-02,-7.594122635435246460e-01,-4.795300936163274241e-02,-7.611662122755881166e-01,-3.059741156024248232e-01,-3.260094088473886043e-02,-4.778093022502776788e-01,-3.674617404262490172e-01,-1.903152252379330667e-01
2.503418591430755513e-01,5.996169454630944085e-01,2.842334718725936238e-01,5.920495117160154974e-01,6.598035220602181949e-01,-5.665448069672658349e-01,-8.162744361200278131e-01,-5.362646734022096240e-01,1.314698045988672015e-01,1.000000000000000000e+00,7.444015079523130796e-01,9.725710199594760352e-01,6.396957882525843297e-01,7.664603752747157772e-01,-1.555681607464823139e-02,8.115524723428140241e-01,1.310238015229551189e-01,5.431178695922578292e-01,9.047185293108104265e-01,4.470485697008103054e-01,5.185208870796179648e-01,8.799324368224396009e-01,3.903653185905230916e-01,-4.962404137096605439e-01,-5.153112082417761475e-02,5.557606436649031867e-01,-3.874843291446235516e-01,-8.725495855910274656e-01,-4.946484937316009689e-01,-8.813390699772850612e-01,-7.212984875656598405e-01,-8.116501294577658232e-01,-3.119174508773394638e-01,-8.871916306001818020e-01,-9.841818052234117820e-02,-7.160906793485743993e-01,6.838425654376185936e-02,-4.944443264596135590e-01,-1.382938696503530629e-01,-1.425618828231428603e-02,-5.462550182279872768e-01,8.133503249480880104e-01,1.809150550462879925e-01,7.374758089604100952e-01,9.792125186996446240e-02,5.192770851848745733e-02,-7.590188053571403359e-02,3.877195154609140992e-01,-5.443527179354991363e-02,2.123709604701926879e-01,-6.788167265934271777e-01,5.214579568615973493e-01,9.080916617561556325e-01,3.100167145153127635e-01,7.972613443851701565e-01,3.443162404166096313e-01,-9.217687524384550468e-02,6.320567192659763966e-01,-5.323091208459449497e-01,-5.598621636204007546e-01,7.493832365357627756e-01,9.145645418990930309e-02,-9.673903727242568751e-01,-1.551254804962614101e-02,7.368959595329818146e-01,-4.971954862349654558e-01,-8.498228026644539801e-01,4.475820643405521437e-01,1.393301146370206911e-01,-8.790829084496279977e-01,-6.708083397995346919e-01,-9.417732483854366343e-01,-6.339422971306674093e-01,-9.826486186391609756e-01,-3.775232023914440460e-01,-5.589289900430874924e-01,2.660674954512708967e-01,-1.141486469181882124e-01,-1.619960888249143138e-01,3.666179952030121925e-01,2.664728962205344387e-01,-4.525632595550627135e-01,5.861191943113356340e-01,-9.744064703022346785e-02,4.723658893804372760e-01,3.043778977979134659e-01,5.064695598859214609e-01,6.324381836994190653e-01,5.199210736048672787e-01,8.913287703241674631e-01,5.039007328527896901e-01,9.632817631774258649e-01,4.759057856602282310e-01,8.722304989001072872e-01,3.171296970349664068e-01,6.078801001549246630e-01,2.235129248814350933e-01,4.369803748633755425e-01
5.264311404284659490e-01,7.066613251511396632e-01,6.960074340740468601e-01,9.129177304603609544e-01,7.612440316054882583e-01,9.087678776562149729e-02,-8.310187314088877120e-01,-4.823801909194148224e-02,-2.647614128905784181e-01,7.444015079523130796e-01,1.000000000000000000e+00,6.558921223234687181e-01,5.083492020528611599e-01,4.487918629237917512e-01,-6.746876843899911325e-02,7.501574401281954074e-01,-3.122582034407379512e-02,-7.194497792890154619e-02,7.780477172634728822e-01,1.459491646867052961e-01,-8.191459282230752204e-02,7.303537355785676422e-01,1.738620007796000677e-01,3.551636894268925954e-02,3.586572399752676610e-01,8.395339671224145706e-01,-3.455746448323212539e-01,-8.433745796251320703e-01,-7.977690768720597791e-01,-6.178511121861949285e-01,-9.475047806731314859e-01,-7.542245796042429395e-01,-6.719978376915323182e-01,-8.362550744202804642e-01,-3.634979489214525961e-01,-8.159676006804411630e-01,6.223370597010956934e-02,-4.175938754493713212e-01,3.942238422571911483e-01,-2.819419286721102647e-01,-2.838360306844632253e-01,8.451379684284332505e-01,5.442884300010559784e-01,2.412161024619907668e-01,-1.275689355934078451e-01,-6.070204808248185202e-01,-5.329404580151220205e-01,6.388629706647810380e-01,-3.006197717324778362e-01,3.790548912239606327e-01,-4.685064247604581178e-01,6.749122769785725895e-01,9.071345555115531978e-01,5.455974995873664746e-01,5.487731579081147615e-01,-1.825780922979930998e-01,-2.971586295054918225e-01,8.499585514770812145e-01,1.019045272424139170e-02,-7.637834792111015680e-01,4.553805465249219364e-01,7.094865589667282979e-01,-6.520039011345745150e-01,-4.928239754825906593e-01,8.354436773898288315e-01,1.860762613975461000e-01,-9.188231369953651084e-01,3.103365817053109141e-02,6.821574438881171654e-01,-4.040333226033172576e-01,-4.399024637307884511e-01,-5.171645844144048265e-01,-2.920407613696435201e-01,-6.803427804998263273e-01,2.941226740845656606e-01,-4.196392356322795059e-01,2.042561986314853362e-01,-6.295474094272568433e-01,-4.614775485277653466e-01,-2.401135259003092381e-01,4.346870852663300977e-02,-8.195399569768309078e-01,7.305186886370619581e-02,-6.791449896809180486e-02,2.667877782074734028e-01,7.356086321256454230e-01,5.084338343573266972e-01,9.327361689002935385e-01,5.368989806725781300e-01,9.404909902537744726e-01,6.798641514283652043e-01,8.099235148504189130e-01,7.738529936663617326e-01,8.607590810365821632e-01,7.441141323190528789e-01,7.002614386908526667e-01,2.731343109912388045e-01,3.557441971324106778e-01
1.733302657396618984e-01,5.509010318242260063e-01,1.373631786248269981e-01,5.084299571865716905e-01,5.367286746152016841e-01,-6.460545950580026675e-01,-8.210569233114063392e-01,-6.661860093486158263e-01,9.203459721077419942e-02,9.725710199594760352e-01,6.558921223234687181e-01,1.000000000000000000e+00,5.368213709091635977e-01,8.533816144460648623e-01,1.158542767845511801e-01,8.331917936009238801e-01,2.690078658604533324e-01,6.611571687232635774e-01,9.169992278381098316e-01,5.739992626183374469e-01,6.082075748342056221e-01,8.364840427623553287e-01,5.069754786066771324e-01,-5.278375520397089460e-01,-2.031098416935412099e-01,5.172123796490241121e-01,-2.761588680670067353e-01,-8.281170861377539216e-01,-3.543031753107221959e-01,-8.237842319600092722e-01,-6.716097488634096280e-01,-8.386146464965066327e-01,-3.151241509926765438e-01,-8.889085975692634367e-01,-1.563333198021357173e-01,-7.248540750606874417e-01,-5.660976909320081241e-02,-5.858998510802205795e-01,-2.992460624503362476e-01,-7.902761717169286271e-02,-6.614819849447119982e-01,7.091052295507940251e-01,2.012932494083649049e-01,8.372996305725612931e-01,2.477121619254545049e-01,1.787886817543099804e-01,8.976707925418113410e-02,4.142897877697725995e-01,1.026690805939509815e-01,2.834227195486905271e-01,-5.886526923960616609e-01,5.540898804546653400e-01,8.751327015979356583e-01,3.522447108590850973e-01,8.647403836401998944e-01,3.382727880368308071e-01,-1.631157333269604437e-01,4.987917887962013963e-01,-6.580130382390777521e-01,-5.692471042353917099e-01,6.818586041222930438e-01,-3.593309208785089304e-02,-9.844059597702617959e-01,-1.410835427169182012e-02,6.169264747891066714e-01,-5.909305244920656230e-01,-8.222101556192393801e-01,4.036136140102771774e-01,-1.445220478078459818e-02,-8.873199540713302413e-01,-7.628222815604231988e-01,-9.729364382569350989e-01,-7.480811779027317643e-01,-9.890265641198081603e-01,-4.493197221267043462e-01,-6.490455541836331887e-01,1.514689520970509407e-01,-7.369044179144448870e-02,-7.536685434035794717e-03,5.056832843145829814e-01,4.059435255234984385e-01,-3.035924238575816725e-01,7.118568521864535592e-01,2.610144068589786287e-02,5.873010883765550361e-01,2.794332010044543457e-01,5.791853326330833607e-01,5.837750193956563471e-01,5.884515576083075850e-01,8.261738266980244161e-01,5.338266992847838788e-01,9.523163989254703754e-01,4.709769108974051766e-01,8.660494133597638200e-01,1.690508848597714053e-01,6.069349408083229980e-01,2.421203913690510579e-01,4.517017867983656454e-01
1.882363109310926097e-01,3.485833517634938650e-01,5.624294150697539685e-01,4.093116198475824086e-01,8.549824874897260507e-01,-3.125449506423808588e-01,-2.353623809049528448e-01,1.391332320641716636e-01,6.625754284600687827e-01,6.396957882525843297e-01,5.083492020528611599e-01,5.368213709091635977e-01,1.000000000000000000e+00,5.086393734074986378e-02,-7.608130614765293842e-01,1.709165581237206966e-01,-6.396094934941288779e-01,6.033618108648631378e-02,3.436955985533025615e-01,-3.284325953367638329e-01,2.666735175209854480e-01,6.953843094270025782e-01,-3.800122150735924520e-01,-5.539522573216181245e-01,4.670887745273110125e-01,1.089497695347739908e-01,-8.722654200052208928e-01,-5.648074667577234198e-01,-6.666416280234688241e-01,-8.576104285085340839e-01,-3.205734459215321408e-01,-1.541118493552428026e-01,2.631489325390782841e-01,-3.246521815148483148e-01,5.773037246498209374e-01,-7.985405099858264300e-02,7.889555105811273394e-01,3.197266136901738554e-01,4.152458412711417801e-01,6.487743365462318446e-01,2.543471766726871364e-01,8.627875908731580390e-01,-4.118313247330013249e-01,1.218254825185113438e-01,-6.550942679801412538e-01,-1.116416312884929429e-01,-5.860905520996706475e-01,-2.804874598533235730e-01,-7.343349363055038381e-01,-5.266439013025927540e-01,-9.716213504805268908e-01,-1.833241318922622376e-01,4.859815067425826141e-01,-3.834452367471266054e-01,8.704758708763596364e-02,6.603062172873689351e-01,6.094345976809733001e-01,8.033019478232356070e-01,8.187426866339915510e-02,8.031072792982067721e-02,9.409693258920781567e-01,2.003822394409011942e-01,-5.190627727009738956e-01,4.575349815121000918e-01,8.737150583356069200e-01,-2.606604459641896354e-01,-3.789081485017820605e-01,8.307692408968490039e-01,4.446475703942356916e-01,-7.024020955681913314e-01,1.107736174057846190e-01,-5.668911262961536801e-01,1.309416798161385509e-01,-5.855530861841046208e-01,-3.798429297231657453e-01,2.150767273629084209e-01,8.558160464383576249e-01,2.218005452405481803e-01,-7.048539218090384972e-01,-9.969885802542249875e-02,-5.147195048912034387e-01,-6.750886961170949885e-01,-5.840320429092595023e-02,-7.989833192361974756e-01,-3.453582981492917536e-01,-1.771571669725624520e-01,-2.854872509844280093e-01,2.088270483095343855e-01,-2.608745791345850051e-01,6.435265574764065244e-01,-1.873402139885571027e-01,5.351520226902131139e-01,-1.017714512697841661e-01,3.542076829580988462e-01,5.679363427971666489e-01,8.442034935666013762e-02,-1.207986104464145866e-01,9.168774349914732280e-02
6.156403779553117073e-02,4.241170412515350430e-01,-1.970698580114901843e-01,3.336534891808970449e-01,1.125546358011493692e-01,-6.018122893033502896e-01,-8.110527038575959802e-01,-8.831470975960072911e-01,-2.634187856732130295e-01,7.664603752747157772e-01,4.487918629237917512e-01,8.533816144460648623e-01,5.086393734074986378e-02,1.000000000000000000e+00,5.822794662472553506e-01,8.733177225308503822e-01,6.972624277703985962e-01,7.631961352766506446e-01,8.727794048493739965e-01,8.752010215649489444e-01,5.917218952803370291e-01,5.778462196441422893e-01,8.201092793056237173e-01,-3.272664691730584052e-01,-5.309868124437322479e-01,5.198952226795238163e-01,1.810712156171376264e-01,-6.288919833052996067e-01,-3.796234106805515280e-03,-4.645581968356767288e-01,-5.814446061670851540e-01,-8.886541301161802187e-01,-5.038746868923656974e-01,-8.470079251111786167e-01,-5.085042586095079864e-01,-7.919713012694239440e-01,-5.298578888020256672e-01,-8.744016107854357678e-01,-6.206311786352756155e-01,-4.611048778496044109e-01,-9.338623223982028820e-01,3.143713498689120756e-01,4.591419450665516488e-01,9.296346488395041963e-01,6.862476272137272293e-01,3.074190751352664508e-01,4.729611424223879035e-01,6.350593143005310859e-01,5.644614701297790971e-01,6.318053647916274107e-01,-1.243432363372317245e-01,7.455230407234095802e-01,7.331581879010073965e-01,6.238399584227913852e-01,9.679390257646630635e-01,3.231082605850930933e-02,-5.378331499855421027e-01,9.774859674143641930e-02,-8.405615423293443245e-01,-6.996570114991066403e-01,2.561576171894145437e-01,-1.905411438789580136e-01,-8.579027903946193634e-01,-2.613995949257713614e-01,2.018603920521845063e-01,-5.703859128479329410e-01,-7.344449705357359859e-01,4.945002633057187826e-03,-3.049253187970970003e-01,-6.468022890607122433e-01,-9.702195202112366967e-01,-8.256386663436819928e-01,-9.644275033706093403e-01,-8.190636989280837277e-01,-3.332260946350137365e-01,-8.863918257313231353e-01,-3.244250639534616565e-01,-1.903744040453815289e-01,4.207744935407971565e-01,6.768852470266550903e-01,7.854270471626939587e-01,6.280058066911428649e-02,8.905408017896506712e-01,5.008667890177708193e-01,8.977835377020655372e-01,4.074219044066045847e-01,8.420774999988598353e-01,5.423096326499321496e-01,8.381502521078211254e-01,5.818133414010070448e-01,7.230239807472019775e-01,8.014787677819619205e-01,5.942457079453477009e-01,8.033416586017378958e-01,-1.584438551459049771e-01,6.559936489129524206e-01,3.479046010177132553e-01,4.693330364831704848e-01
-6.344977601560623792e-02,3.387756276411540979e-02,-5.236473566590258422e-01,-5.933120383953248422e-02,-5.825038047559568666e-01,-8.289067001964099679e-02,-3.674827173367439248e-01,-6.439809379020505764e-01,-7.425358134308360780e-01,-1.555681607464823139e-02,-6.746876843899911325e-02,1.158542767845511801e-01,-7.608130614765293842e-01,5.822794662472553506e-01,1.000000000000000000e+00,4.484692314819438419e-01,9.527699674227724236e-01,3.905815905876848793e-01,3.021285710973101724e-01,8.156420479775886578e-01,1.102655084113195322e-01,-1.806713825316585975e-01,8.315148246169876689e-01,2.885239644055861419e-01,-6.782708665199630449e-01,3.063477706507497511e-01,8.212034321657266656e-01,1.674394126024133719e-02,4.819372585856425695e-01,3.894280611211697329e-01,-1.701007731769789977e-01,-4.731667950881462970e-01,-5.916531199686037024e-01,-3.106625497077747378e-01,-8.296260894205023106e-01,-4.845871646524846366e-01,-9.787963707159822446e-01,-8.325207163577462710e-01,-6.802977959513978323e-01,-8.535881524764235007e-01,-7.990694573147294477e-01,-4.629990317698612912e-01,6.783869611211412742e-01,4.715255239710207102e-01,9.510360410415260590e-01,2.159042377215965036e-01,7.248384573606069248e-01,6.795378390436298544e-01,9.282955320583673453e-01,8.609419132318744117e-01,7.053024071173000786e-01,6.664407877343565545e-01,1.134117255991603235e-01,7.524407197125027036e-01,5.555966579984223941e-01,-5.626853793247906799e-01,-8.676767570221920467e-01,-5.384515315319581275e-01,-5.663434444574075854e-01,-5.604937515025183448e-01,-6.044827259821612397e-01,-2.111295101316543743e-01,-1.321206106087670362e-01,-5.953754588506275924e-01,-5.402183884740731079e-01,-9.579949746084012729e-02,-2.055260266306516981e-01,-7.037028901734286856e-01,-4.912195285316449667e-01,1.754298928701383542e-01,-7.115912963763020294e-01,-5.919729029633712808e-02,-7.121213760965363626e-01,-5.594183527093326419e-02,1.541221854948027215e-01,-7.508060823238298376e-01,-8.979312457811041703e-01,-3.637619202413513442e-01,7.994548785579893568e-01,4.615223180104508494e-01,9.070340790081379279e-01,5.282255090962663102e-01,5.867959279242542792e-01,9.691526698497006098e-01,8.527001110542660189e-01,4.670860197059939489e-01,7.938705583871479288e-01,2.386822346600282752e-01,7.733526893511333267e-01,-1.068758083423886479e-01,6.580669757501860229e-01,1.028703340152597734e-01,5.168312397415719683e-01,2.605198794131121653e-01,-5.031044939148289208e-01,3.837888312593878970e-01,3.353764202711123077e-01,2.337070872091936979e-01
2.912336341840054965e-01,6.094486770809933729e-01,1.488540809603497439e-01,6.474915273461840926e-01,3.593351355613027542e-01,-3.068494870410653497e-01,-9.332051871735708160e-01,-6.229149364188666382e-01,-4.032535632903958001e-01,8.115524723428140241e-01,7.501574401281954074e-01,8.331917936009238801e-01,1.709165581237206966e-01,8.733177225308503822e-01,4.484692314819438419e-01,1.000000000000000000e+00,5.264175931546356546e-01,4.605615188309049590e-01,9.441998975647384329e-01,6.971319969668492433e-01,3.058917187099702839e-01,6.753788066242454313e-01,6.825633765982144219e-01,-1.195348481871040258e-01,-2.210907743829418348e-01,7.715543374808181420e-01,5.257453052985119890e-02,-7.854854691201763606e-01,-3.344885899704705956e-01,-5.175233341394557263e-01,-8.447047343624188853e-01,-9.679438185732810451e-01,-7.267486924315326169e-01,-9.599257022467396760e-01,-6.086639175875364627e-01,-9.466623098246670365e-01,-4.245648596472387237e-01,-8.427942847676753724e-01,-2.583569456588915569e-01,-5.440921383018400004e-01,-8.021901522702409304e-01,5.369164134287757184e-01,6.471565959007004043e-01,7.290047538593302789e-01,4.754830959703293392e-01,-1.036885834111572896e-01,1.098488991697453288e-01,7.978098904150615622e-01,3.140039244338166946e-01,6.916270189932941514e-01,-1.987801968531306418e-01,8.775212945921231356e-01,9.010624544429297611e-01,7.541187073195629864e-01,9.199293190548397670e-01,-1.637447827912078546e-01,-5.987401739956615954e-01,4.075002706629465843e-01,-5.607767940968134690e-01,-8.796944482466063642e-01,2.836984336143508756e-01,2.194506702496456241e-01,-8.459298332976500356e-01,-4.942066777021740243e-01,4.571687761397679184e-01,-2.448676242848748519e-01,-9.218560529912794843e-01,-9.387453768835352097e-02,9.612088701734575191e-02,-5.515243534577798368e-01,-8.885645137673970906e-01,-7.402558138646557762e-01,-8.058381935851944844e-01,-8.184457077161864103e-01,-1.274264279089336316e-02,-8.389511788913707191e-01,-2.223614994151594804e-01,-4.895414434056672981e-01,1.277786390362952440e-01,3.354921941601996527e-01,6.130740157841945148e-01,-2.991087121683100314e-01,6.324628808634609189e-01,4.046608093579328602e-01,7.812446198776318296e-01,6.826466964685804495e-01,8.659613129251991781e-01,8.256113050939479781e-01,8.751005522259728275e-01,7.985582753592889160e-01,8.662794778694408171e-01,8.884093097876911704e-01,8.191631813245916494e-01,9.409850123873547689e-01,2.194421837534629161e-01,7.960075151039325281e-01,4.054781526796062407e-01,4.971666362444973619e-01
-1.044811463536477886e-01,7.562737850068634859e-02,-5.535246515214075069e-01,-5.458383261597859332e-02,-5.162240053492034297e-01,-2.524391456800718081e-01,-4.386071655280493475e-01,-7.675521430492966424e-01,-6.425729267596915761e-01,1.310238015229551189e-01,-3.122582034407379512e-02,2.690078658604533324e-01,-6.396094934941288779e-01,6.972624277703985962e-01,9.527699674227724236e-01,5.264175931546356546e-01,1.000000000000000000e+00,5.554336125748136066e-01,4.100545144548738419e-01,8.934988842835543954e-01,2.707976578538472956e-01,-5.742968608033539174e-02,8.866205174601503591e-01,1.301755685780330851e-01,-7.401072334674552167e-01,3.034877955473800903e-01,7.503720022657329736e-01,-7.616588405020284502e-02,4.757511688364460811e-01,2.453190575246827487e-01,-2.024312077047378255e-01,-5.569151200524322665e-01,-5.478300911634427228e-01,-4.053783496681264142e-01,-7.746202655445001417e-01,-5.309207798200071826e-01,-9.454287766669082771e-01,-8.768764826025173820e-01,-7.689308253826582229e-01,-7.874738875687498085e-01,-8.817262818852427131e-01,-3.696148119932469167e-01,6.146921445520409089e-01,6.248341809714353934e-01,9.764023017488411282e-01,3.296975078907610768e-01,7.759738555515000025e-01,6.603341488798903924e-01,9.422444493891471984e-01,8.338149323001904367e-01,5.799031453495506749e-01,6.791075100382484298e-01,2.066964473113978573e-01,7.251562534305198149e-01,6.672943124242748381e-01,-4.193331534751041367e-01,-8.208359508224285506e-01,-4.963712807586950215e-01,-7.026378518093029379e-01,-5.709346739040397356e-01,-4.592085107877564853e-01,-3.063128241563534138e-01,-2.838105869801749725e-01,-4.953970952208850420e-01,-4.693140006622845695e-01,-2.670891438087980019e-01,-2.733550404170476678e-01,-5.629381052950841458e-01,-5.642550290329557683e-01,-6.955678826083924217e-03,-8.019227355329291429e-01,-2.317385531954131161e-01,-8.172753663346128405e-01,-2.104133387272900668e-01,-7.258013924621194504e-03,-8.159220881364208644e-01,-8.348283657696882187e-01,-2.737385678148166468e-01,8.120942032456589521e-01,5.926585459004634071e-01,9.490439826696625003e-01,5.322571193102574316e-01,7.231890551607694784e-01,9.289371339416429008e-01,9.165419405845877110e-01,4.122976262722980456e-01,8.266047808929479768e-01,2.478362939685900268e-01,8.065999402938085483e-01,-1.868597376843364119e-02,6.654463116140527656e-01,2.284615493926656360e-01,5.020766594361470991e-01,3.489970814367561180e-01,-5.330614109096819542e-01,4.239050394657434273e-01,3.446811789745389820e-01,2.863168533888205136e-01
-2.791031806994870301e-01,7.544748996889021064e-02,-5.566450586261063593e-01,-1.874987047739908597e-01,-1.251238367012117159e-01,-8.872423578636824404e-01,-3.544494114042954780e-01,-9.070522219676934172e-01,1.923244960098797751e-01,5.431178695922578292e-01,-7.194497792890154619e-02,6.611571687232635774e-01,6.033618108648631378e-02,7.631961352766506446e-01,3.905815905876848793e-01,4.605615188309049590e-01,5.554336125748136066e-01,1.000000000000000000e+00,5.186380141016059264e-01,7.546902460025919357e-01,8.532221194583250456e-01,3.451463051897610823e-01,6.478990517069147526e-01,-6.319698185841530202e-01,-7.191680060439785693e-01,-3.351857071834230678e-02,1.339009537592853460e-01,-2.846491716046614107e-01,3.713453422135831739e-01,-3.928334338060520681e-01,-3.551154487745935423e-02,-4.736448372703922494e-01,7.967731657773297060e-02,-4.295051207496450307e-01,-4.539682442463006257e-02,-2.787446985481444872e-01,-3.240069752632722677e-01,-5.261971869862253071e-01,-8.527049458347489841e-01,-2.474675120067880082e-02,-7.293560588932130884e-01,3.969520362494453197e-02,-9.085278259591553218e-02,9.175175286286303411e-01,6.106877565719419643e-01,7.967512771871477772e-01,7.251529341516382843e-01,9.104735771875777095e-02,5.807410408105095900e-01,1.959051148922107133e-01,-1.719242645379523426e-01,2.315109192934153293e-01,3.104330139977592995e-01,1.089146161763048237e-01,7.034491036690192489e-01,4.696028025093491043e-01,-1.222746550526162684e-01,-2.401235673663182635e-01,-9.433681887202056693e-01,-1.485529673990702293e-01,3.232866054435051262e-01,-7.184808916795132339e-01,-6.761612158207793710e-01,3.057375350558122484e-01,-8.242847363307302666e-02,-9.238721678204625531e-01,-2.463385233821702158e-01,3.365632369446123207e-01,-7.270037278114992452e-01,-7.135680578001711849e-01,-6.969095352068604976e-01,-7.529212666210814975e-01,-8.068119759271450420e-01,-6.309704900150328033e-01,-7.749571660518189686e-01,-5.887520191752708687e-01,-1.764849777742678871e-01,3.868251963436827867e-01,5.572111711240136378e-01,9.229059901360354701e-01,6.438524660895615925e-01,4.509114770296159813e-01,9.341473135837685682e-01,2.894617163623061651e-01,6.642734157181899857e-01,-2.061854686369170297e-01,4.298210530691728981e-01,-4.931113886773506871e-02,4.150453148357617361e-01,1.739065293186893846e-01,1.994909826407665066e-01,4.901066826572903490e-01,7.095789094453551667e-03,3.686945806258301039e-01,-5.542686770398884688e-01,2.104754248421055463e-01,1.260152929685242895e-01,2.864806737491903399e-01
2.772953209588901458e-01,6.076216109067914539e-01,2.067992267062998824e-01,6.586388817732610201e-01,4.770975142028872629e-01,-4.063874274821522858e-01,-9.333786856566367307e-01,-6.192612216227014743e-01,-2.352987694883451608e-01,9.047185293108104265e-01,7.780477172634728822e-01,9.169992278381098316e-01,3.436955985533025615e-01,8.727794048493739965e-01,3.021285710973101724e-01,9.441998975647384329e-01,4.100545144548738419e-01,5.186380141016059264e-01,1.000000000000000000e+00,6.404728769406270450e-01,3.992252417577156209e-01,7.799720890483887725e-01,6.031744714366782389e-01,-2.647129568165677016e-01,-1.714088810775419858e-01,7.269009399799273297e-01,-1.071579350501621342e-01,-8.494007470775990498e-01,-4.037249519737310943e-01,-6.655713638809972466e-01,-8.390865373457022658e-01,-9.544776487184496450e-01,-6.123872929413516353e-01,-9.742399448611587243e-01,-4.563572044623290247e-01,-9.039158533981946908e-01,-2.701243550575386232e-01,-7.550933504528196671e-01,-2.248103835005813844e-01,-3.826440200673442704e-01,-7.468124647622630397e-01,6.539064459140363494e-01,5.132287709652383345e-01,7.610664406574243479e-01,3.619555730861165888e-01,-5.474553342984189025e-02,4.918258132547816130e-02,6.876497448918867939e-01,1.977762634979380596e-01,5.531491632973304373e-01,-3.735755784950328673e-01,7.892651382684549022e-01,9.389558286094901174e-01,6.298372974517004730e-01,9.154929431029884546e-01,7.420074512334229322e-03,-4.486751231701993636e-01,5.040217780454967489e-01,-5.728689229978617403e-01,-8.037702661352262856e-01,4.613278463288723596e-01,1.883702542536278834e-01,-9.287599898523076769e-01,-3.475316495080018608e-01,5.788815792038716213e-01,-3.457124072214712296e-01,-9.379255441153747652e-01,9.480391254813567981e-02,1.168142225318148930e-01,-6.910642288834272229e-01,-8.470212824319358624e-01,-8.413925683041362236e-01,-7.793632659523734851e-01,-9.090435651002918283e-01,-1.393634641597669699e-01,-7.772020243247512727e-01,-6.262000525053577904e-02,-3.796667664100876194e-01,3.205375998996308484e-02,3.592082800393744946e-01,5.180940089983219199e-01,-3.662000219257671163e-01,6.435256765896302245e-01,2.481740263635259236e-01,7.054867936203242929e-01,5.781854657796655639e-01,7.737065058250923721e-01,7.916584030449261844e-01,7.876837000612371131e-01,8.637096959356386217e-01,7.764892430475985874e-01,9.528754886169434890e-01,7.367634510765816991e-01,9.596081199896242531e-01,2.628015065169428399e-01,7.654314539412592211e-01,3.557834471622537409e-01,4.905591142895955881e-01
-6.992483600490249918e-02,2.466644546978212504e-01,-4.757101016174773989e-01,8.723310686539545444e-02,-2.457835693016554857e-01,-4.861383319265998315e-01,-6.180708253105188232e-01,-8.976030794159240989e-01,-4.292481862599193398e-01,4.470485697008103054e-01,1.459491646867052961e-01,5.739992626183374469e-01,-3.284325953367638329e-01,8.752010215649489444e-01,8.156420479775886578e-01,6.971319969668492433e-01,8.934988842835543954e-01,7.546902460025919357e-01,6.404728769406270450e-01,1.000000000000000000e+00,5.089155516861452178e-01,1.841601615101741141e-01,9.525834825650800752e-01,-1.346918218785025101e-01,-7.871077514799703634e-01,3.924375463757218685e-01,5.556140346093244586e-01,-3.632572064133952616e-01,3.477181743846134987e-01,-9.778910562254031213e-02,-3.626314062716204933e-01,-7.334682461633601491e-01,-4.948397839752342597e-01,-6.228740890743694747e-01,-6.373391921541711191e-01,-6.458682566311941819e-01,-7.795571373306772189e-01,-9.039110850317897405e-01,-7.899058524535549353e-01,-6.198106468582004203e-01,-9.587090039199731573e-01,-7.391054757373660689e-02,5.089688349336635165e-01,8.385608408838929329e-01,8.978025076826231521e-01,4.178565242089771758e-01,7.193288116772839080e-01,6.276380940967140054e-01,8.279798318135417334e-01,7.414489142590394710e-01,2.481407136578400452e-01,7.055254733194379346e-01,4.501308323184289861e-01,6.652593617214360711e-01,8.592651138173016401e-01,-1.495224039647912173e-01,-6.898363500483117861e-01,-2.749333738484854850e-01,-8.652352525352468016e-01,-6.155083910108734013e-01,-1.065131965685726378e-01,-3.552931744893475519e-01,-5.919634710236173492e-01,-3.270936981845427027e-01,-1.988226598354033148e-01,-5.087457682967873041e-01,-4.684324830953365826e-01,-2.603202589899665798e-01,-5.444983598759329801e-01,-3.587186129004898416e-01,-9.187739526996332451e-01,-5.551669123974742881e-01,-9.452952225983066725e-01,-5.252516286869638451e-01,-2.465778343695802233e-01,-8.859042333994119334e-01,-6.146641050652051907e-01,-1.698607547900581050e-01,6.951384768864278252e-01,7.261748384886601571e-01,9.245058182359651155e-01,3.845471779275957958e-01,8.813164840457459182e-01,7.489542887426944295e-01,9.542259608849148478e-01,3.577997605446516238e-01,8.493229762490603907e-01,3.403741436287753275e-01,8.404392891814421729e-01,2.447486665220470203e-01,6.892784489999288500e-01,5.204938030769299395e-01,5.124497404139607415e-01,5.610696051583100585e-01,-4.625453825056263790e-01,5.174046537543303126e-01,3.305729464680741692e-01,3.763846759582693546e-01
-3.450438591445756931e-01,-1.691821956985680234e-02,-4.251108968077975669e-01,-2.318997848420405461e-01,-4.579654487043086086e-02,-8.647509645571836989e-01,-2.087240785780334618e-01,-7.443756990917149707e-01,4.137279964274598321e-01,5.185208870796179648e-01,-8.191459282230752204e-02,6.082075748342056221e-01,2.666735175209854480e-01,5.917218952803370291e-01,1.102655084113195322e-01,3.058917187099702839e-01,2.707976578538472956e-01,8.532221194583250456e-01,3.992252417577156209e-01,5.089155516861452178e-01,1.000000000000000000e+00,4.404386925115815199e-01,3.492116120883554387e-01,-8.910839017834448761e-01,-5.102435608501930675e-01,-2.025062257305316749e-01,-1.779286702761048999e-01,-1.721610596847622243e-01,2.496571954691885753e-01,-4.670183380671841245e-01,5.416381274102553128e-02,-3.046207202052219620e-01,2.679124672739623958e-01,-3.073272696552699634e-01,2.102065406767417988e-01,-1.053064057510361001e-01,-3.470498098018672678e-02,-2.691849902484098611e-01,-6.680882148403179954e-01,2.254042575832845841e-01,-4.895942059627201859e-01,1.421813588423647134e-01,-2.931923638528882159e-01,7.675386422686852894e-01,3.339548942667410203e-01,7.488653804722104068e-01,5.327244865159481702e-01,-1.283629197074852013e-01,3.146425654433684382e-01,-7.024353865398307029e-02,-3.603354450551779498e-01,1.210023788965525725e-02,2.470963075877934678e-01,-1.263711568110645334e-01,5.137028059843115058e-01,6.342749476124768249e-01,1.467291518670995054e-01,-1.087916508387282571e-01,-7.752785161556143834e-01,4.563203968087015117e-02,4.852982139374183435e-01,-6.737032616049616340e-01,-6.121568654122108155e-01,4.929861315250017584e-01,5.306244476020521156e-02,-8.995257533063225619e-01,-1.616176650618179056e-01,5.426487981208814038e-01,-5.990404294256446160e-01,-7.525513890920244586e-01,-4.752853569909651910e-01,-7.244014109889685971e-01,-5.922899539019245152e-01,-5.932586530062499142e-01,-8.245315997286619680e-01,-3.593683473021231922e-01,7.796235785183291966e-02,5.089588388575702060e-01,3.386206006953418335e-01,7.933404273169387677e-01,3.807953719289903782e-01,3.256829380258208784e-01,7.668028273279839935e-01,2.583026645705436067e-02,4.041787454228988885e-01,-3.672023750758797167e-01,1.692231938147855941e-01,-1.516409654832533704e-01,1.693034458404893139e-01,1.693872518821261941e-01,-1.678469102742904603e-02,4.254111532933745332e-01,-1.682057121229831587e-01,2.829107187298910420e-01,-4.452336831018005037e-01,9.491869889657429671e-02,1.387428858122379677e-02,1.551423414438229953e-01
2.534385936343510060e-01,4.816674835922962195e-01,4.175651218006273258e-01,5.610692950907069099e-01,6.638683880935447590e-01,-4.532045288374483283e-01,-6.721824247579103462e-01,-3.283518990628141454e-01,1.769169255542596408e-01,8.799324368224396009e-01,7.303537355785676422e-01,8.364840427623553287e-01,6.953843094270025782e-01,5.778462196441422893e-01,-1.806713825316585975e-01,6.753788066242454313e-01,-5.742968608033539174e-02,3.451463051897610823e-01,7.799720890483887725e-01,1.841601615101741141e-01,4.404386925115815199e-01,1.000000000000000000e+00,9.812360247743839858e-02,-5.253750601488895722e-01,2.524521214097970589e-01,4.229708610088928067e-01,-6.152552939492643702e-01,-7.132237653070208072e-01,-6.474882771323419162e-01,-8.578004192757326951e-01,-6.386766205467794277e-01,-6.559536025530083858e-01,-2.327524569809707733e-01,-7.515177347924255624e-01,1.003616556487161270e-02,-5.895669814643066386e-01,2.225257863900111654e-01,-3.103772820678614708e-01,4.758590928906435147e-02,8.358366865237232268e-02,-3.421733653775335116e-01,8.181267825073572642e-01,1.120044883158060334e-01,5.384734883516423265e-01,-9.391422980072078319e-02,-7.447884224422822441e-02,-2.425932535281550284e-01,2.799260768224138829e-01,-2.349313162675990274e-01,7.402575314381835969e-02,-7.073457984085010919e-01,3.901627342767851059e-01,8.127949426346779971e-01,1.944848355999987954e-01,5.968218524171914341e-01,3.364704783575380720e-01,3.263391548931315195e-02,7.038584164865654413e-01,-3.126841427923465755e-01,-4.435921373524098765e-01,7.433158041610450351e-01,2.106058996231447156e-01,-8.298242241636115679e-01,9.282567249741552340e-03,7.878962979266163069e-01,-3.480859291726578486e-01,-7.690000053764876053e-01,4.678071500557633433e-01,2.914257104031570123e-01,-7.755493344433753711e-01,-4.765955675998464480e-01,-8.043422839901869237e-01,-4.248899546700182217e-01,-8.553302853909701131e-01,-2.778538192619290359e-01,-3.797697081933339436e-01,3.779166601393055269e-01,-1.213746293544716304e-01,-3.177762402207764958e-01,1.830796953477628886e-01,7.572342295525230638e-02,-5.506010301232305837e-01,3.831503188661501413e-01,-2.270750537992700657e-01,2.703288291463307180e-01,2.612814154500850417e-01,3.344088101901834253e-01,5.844504360919946517e-01,3.468838254640367880e-01,8.378762566938903200e-01,3.689711293959354044e-01,8.364188660786420204e-01,3.996177446705020952e-01,7.738461130335229088e-01,4.714558037677585856e-01,5.052924650799476280e-01,2.107402293148431804e-01,3.806296939256166301e-01
-8.762187602786209893e-04,2.773134364963256715e-01,-4.270841251408519779e-01,1.523845328436687074e-01,-2.199589218792682987e-01,-3.565096328946467108e-01,-6.236768123444460521e-01,-8.127892005625296790e-01,-5.117238897526096286e-01,3.903653185905230916e-01,1.738620007796000677e-01,5.069754786066771324e-01,-3.800122150735924520e-01,8.201092793056237173e-01,8.315148246169876689e-01,6.825633765982144219e-01,8.866205174601503591e-01,6.478990517069147526e-01,6.031744714366782389e-01,9.525834825650800752e-01,3.492116120883554387e-01,9.812360247743839858e-02,1.000000000000000000e+00,1.227130356550650177e-02,-7.833490708969024219e-01,4.744649453784978710e-01,6.347756635782033641e-01,-3.933425096562417345e-01,3.370745985023694269e-01,-3.567449709509135786e-02,-4.017639593879972493e-01,-7.216457946322768491e-01,-5.630549430936604427e-01,-6.097570017200375503e-01,-6.959268586306289750e-01,-6.640775233025096869e-01,-8.027629072187445480e-01,-9.003115886887973485e-01,-7.099684244701703895e-01,-6.797480869414710414e-01,-9.203209917035545251e-01,-8.687168033101359821e-02,5.773479015940751191e-01,7.530308694336868003e-01,8.795668743159474889e-01,3.106403432994308544e-01,6.563009281086542579e-01,6.774731206008683948e-01,8.071637612637037051e-01,7.832664831471185529e-01,3.053524723398986507e-01,7.369202600092725763e-01,4.406566251326137218e-01,7.152417346686237298e-01,8.206476694906976732e-01,-2.542368759470049477e-01,-7.396318997077458990e-01,-2.600190401330454426e-01,-7.822234782487393900e-01,-6.553399831301828238e-01,-1.812809212668168579e-01,-2.567550642380465598e-01,-5.224808104300501244e-01,-4.225223636181687503e-01,-2.091415133622235578e-01,-3.833079237478087542e-01,-4.680766265590378672e-01,-3.564531396426948717e-01,-4.666516225038562782e-01,-2.567221870167467057e-01,-8.844073863999231122e-01,-4.672189859921651034e-01,-8.908078607036675756e-01,-4.580507329422067175e-01,-1.254068291401351232e-01,-8.679794692322081451e-01,-6.465610210599811447e-01,-2.597814514829050458e-01,6.618857639857583797e-01,6.280376711318597094e-01,8.988314040663738513e-01,3.383574907813670096e-01,7.925076497463464653e-01,7.672118346849809978e-01,9.290317611032823386e-01,4.358273878581901406e-01,8.617571298084821807e-01,3.869759945337941098e-01,8.519488412206257522e-01,2.397175885547197516e-01,7.256657321239550207e-01,4.881632063817138989e-01,5.615444377593636904e-01,5.446687276553726642e-01,-4.128745033449534030e-01,5.346915192174939158e-01,3.190430931595750752e-01,3.676045967531552106e-01
3.135693738311376988e-01,4.413186397227380348e-02,1.846853920576438934e-01,1.655881929242711270e-01,-1.936158410032811916e-01,7.655817199477529256e-01,5.815541878771030709e-02,4.398965845839024613e-01,-6.722157547911250530e-01,-4.962404137096605439e-01,3.551636894268925954e-02,-5.278375520397089460e-01,-5.539522573216181245e-01,-3.272664691730584052e-01,2.885239644055861419e-01,-1.195348481871040258e-01,1.301755685780330851e-01,-6.319698185841530202e-01,-2.647129568165677016e-01,-1.346918218785025101e-01,-8.910839017834448761e-01,-5.253750601488895722e-01,1.227130356550650177e-02,1.000000000000000000e+00,1.928921581454009215e-01,3.210587652988183271e-01,5.277742259445357131e-01,1.657240925116914010e-01,-4.668266467505403222e-02,5.815523963677212693e-01,-1.144673680336385363e-01,9.909427883926935632e-02,-4.783273981238058692e-01,1.707386968748816347e-01,-5.245361363364285934e-01,-8.654190661266769613e-02,-3.603303337120582484e-01,-7.618212055744628952e-02,3.446517265335614089e-01,-5.439795356440003671e-01,1.412470476033090006e-01,-3.272380050165836773e-01,5.342239851563567177e-01,-5.297347366386974121e-01,7.008588498417947510e-02,-6.013725277123015411e-01,-1.999733966931008800e-01,3.823099516967899958e-01,8.259892078242153657e-02,4.075455431504921289e-01,6.239568771846140116e-01,2.490344178174402900e-01,-1.951665360542917116e-01,4.129165890479785106e-01,-2.589201975785728194e-01,-8.139245295551900128e-01,-4.839699466039769082e-01,-1.271811199644003187e-01,4.927095798054966225e-01,-2.611612547441354848e-01,-6.967273508427256345e-01,5.276395718398287915e-01,5.237124868163832714e-01,-6.854381438179114605e-01,-2.786743698368451261e-01,7.916267157396341680e-01,8.548563507384775162e-02,-7.838147493369068686e-01,3.474918618615328580e-01,7.751645327209267800e-01,1.665421716637476846e-01,6.568899520632479616e-01,2.713427756384760858e-01,5.380233971910949320e-01,8.223028279664793549e-01,4.148096673947382351e-02,-4.331718926929593039e-01,-6.072360099596982863e-01,1.010269838617566807e-02,-5.501239397494526173e-01,5.616152260781158076e-03,-7.781913950090482701e-02,-4.808267394625276303e-01,3.592068692993538037e-01,-3.944357423255302059e-02,5.199047675642249899e-01,1.545329045475828389e-01,2.240099511758829320e-01,1.468114149532245838e-01,-2.126157698411461905e-01,2.736703365530307464e-01,-3.637516579122539451e-01,3.531810425182093649e-01,-1.785368730160692974e-01,1.926843255118503573e-01,5.410004594754502794e-02,1.326069643828679256e-01,-4.890190323658541449e-02
3.529055666446752060e-01,1.114056707244246158e-01,7.714882791380179849e-01,3.156759824688062377e-01,5.061007802373100883e-01,4.718024970417302177e-01,1.334898662539961700e-01,7.515554049015211735e-01,1.726422069048780539e-01,-5.153112082417761475e-02,3.586572399752676610e-01,-2.031098416935412099e-01,4.670887745273110125e-01,-5.309868124437322479e-01,-6.782708665199630449e-01,-2.210907743829418348e-01,-7.401072334674552167e-01,-7.191680060439785693e-01,-1.714088810775419858e-01,-7.871077514799703634e-01,-5.102435608501930675e-01,2.524521214097970589e-01,-7.833490708969024219e-01,1.928921581454009215e-01,1.000000000000000000e+00,8.295406863723431279e-02,-6.535374570115106696e-01,-2.059714886708265830e-02,-7.848205926709604929e-01,-2.031314322592535637e-01,-1.496298041413076652e-01,2.539426000317639431e-01,4.467670663325855329e-02,1.344523711120643727e-01,3.002554870060641368e-01,1.349706860041821055e-01,6.389594689113836656e-01,5.376638616080685606e-01,8.647940781436793678e-01,3.243379675518376914e-01,6.650419204180898491e-01,4.282690317883484643e-01,-1.099165644837169359e-01,-6.215628628648216525e-01,-7.947762623638039425e-01,-6.882524936105650637e-01,-8.616805887651199924e-01,-1.764242268421522541e-01,-8.185350180690497135e-01,-3.913091362469240941e-01,-3.661523310753611593e-01,-2.351271626107162283e-01,4.124826439953081791e-02,-2.471299183880896477e-01,-4.781399406723690348e-01,-4.708636164203545277e-02,3.789166012259493899e-01,6.256083474078273365e-01,7.742394331175721511e-01,1.173096301441001327e-01,2.406487142699487991e-01,6.852364257710428230e-01,2.198761302907771276e-01,-3.305931621615140759e-02,5.440445390816752713e-01,5.781342538121053698e-01,-5.002369266261486730e-02,1.562519235432494880e-01,8.120733590814811498e-01,1.724385295598255541e-01,5.598221001882779380e-01,2.663435361667754742e-01,6.626719419396508437e-01,1.537250808616438813e-01,4.196104979609829311e-01,5.339538947148427805e-01,5.631216247936922104e-01,-2.193120006333448280e-01,-7.912658516249903018e-01,-7.624419700033627789e-01,-7.364245908453690426e-01,-7.078994156764701895e-01,-7.292820613219138659e-01,-6.106614211343254217e-01,-6.606993859362388921e-01,1.086516625380980067e-01,-4.414692867729185233e-01,1.875514235145323005e-01,-4.248574956216432663e-01,2.220103486687646788e-01,-2.204775318792563665e-01,-8.867886639262091697e-02,-1.670667943107640233e-02,-7.197779730205570992e-02,7.792373220512204268e-01,-9.360562526287333207e-02,-7.115394973832281367e-02,-1.418705197971784904e-01
5.014115183099469020e-01,6.608667975682782636e-01,4.566740471930028633e-01,7.944526915580403248e-01,4.628836611983418448e-01,1.946601653384359421e-01,-8.339273114953145161e-01,-1.707514324122098304e-01,-5.633901395079600194e-01,5.557606436649031867e-01,8.395339671224145706e-01,5.172123796490241121e-01,1.089497695347739908e-01,5.198952226795238163e-01,3.063477706507497511e-01,7.715543374808181420e-01,3.034877955473800903e-01,-3.351857071834230678e-02,7.269009399799273297e-01,3.924375463757218685e-01,-2.025062257305316749e-01,4.229708610088928067e-01,4.744649453784978710e-01,3.210587652988183271e-01,8.295406863723431279e-02,1.000000000000000000e+00,9.625548513754146607e-02,-7.628081066234717600e-01,-5.566865002754485259e-01,-3.308678256650037786e-01,-9.195359279841617273e-01,-7.967738933661459022e-01,-8.597702393449728753e-01,-8.040060837840705688e-01,-6.713616449465860114e-01,-8.833695912457908417e-01,-3.199839557665995482e-01,-6.419529931641407838e-01,1.861177660535698331e-01,-6.070844747222735593e-01,-4.782871103430378357e-01,5.355926256964794741e-01,7.737738100483591008e-01,2.743114150420248865e-01,2.063293701447677930e-01,-5.597816587968880153e-01,-2.678827999541410487e-01,8.377707913988508004e-01,5.058912032719366930e-02,6.767863940428984204e-01,-8.030590828131876913e-02,8.440334713918540288e-01,7.944677915161240112e-01,7.860110461205163102e-01,6.211729251266264740e-01,-4.778952210955209612e-01,-6.226934224249630612e-01,5.472961760475694160e-01,-9.420352048489630259e-02,-8.959359805545524802e-01,9.313874204110468569e-02,6.335013719852709002e-01,-5.245447574747739150e-01,-7.282229131740924899e-01,5.039198952896036809e-01,2.573898516362797539e-01,-8.455603207321086279e-01,-3.268750013380328778e-01,4.852497764304687378e-01,-1.675463477413683677e-01,-5.810214943777813890e-01,-3.590120872940826824e-01,-4.339723960118531121e-01,-5.144125250027405949e-01,4.365274990584617210e-01,-5.976241760490196286e-01,-1.789231188619644641e-01,-7.639132102379280198e-01,-1.455681039590701886e-01,-1.495850558318629064e-01,3.287254838058700224e-01,-5.527276768022821862e-01,1.684687768902863036e-01,3.021980605474152703e-01,4.965529178057118687e-01,8.776009073828300311e-01,7.241898308042354904e-01,9.267832726160514234e-01,7.463990222133084496e-01,7.523108540227684271e-01,8.581971649489117393e-01,6.840927488028759607e-01,8.943472604812777726e-01,7.938179485184463369e-01,4.873567937505407510e-01,7.707506248690039197e-01,3.273109726682900122e-01,3.204614443499739784e-01
-1.117999205084164865e-01,-1.242792218086428979e-01,-5.538829102561139139e-01,-2.594593708201282101e-01,-6.863125332904200793e-01,1.651955185324481268e-01,-7.283065291686337435e-03,-3.234079547096884721e-01,-6.544139463008767921e-01,-3.874843291446235516e-01,-3.455746448323212539e-01,-2.761588680670067353e-01,-8.722654200052208928e-01,1.810712156171376264e-01,8.212034321657266656e-01,5.257453052985119890e-02,7.503720022657329736e-01,1.339009537592853460e-01,-1.071579350501621342e-01,5.556140346093244586e-01,-1.779286702761048999e-01,-6.152552939492643702e-01,6.347756635782033641e-01,5.277742259445357131e-01,-6.535374570115106696e-01,9.625548513754146607e-02,1.000000000000000000e+00,2.614552465733470110e-01,6.336950764566554595e-01,6.513757037606017208e-01,1.079396394019810912e-01,-9.331456153473353943e-02,-3.755927852735846950e-01,7.288936171156290555e-02,-6.544526232343949035e-01,-1.336414267322493243e-01,-8.446264858725794911e-01,-5.038399854193101879e-01,-5.132017347618342828e-01,-6.960509289128917754e-01,-4.531438998683239294e-01,-6.902250884192510094e-01,4.834706435927284551e-01,1.120363022783252283e-01,7.568513120401811900e-01,1.663648788661585831e-01,6.319665178860002230e-01,4.150774563950415108e-01,7.986888551179397444e-01,6.401746490246689181e-01,8.426290031892497145e-01,3.584630933724010093e-01,-2.475943364958278214e-01,5.086327930714703571e-01,1.727880861224135034e-01,-5.964592179749930168e-01,-6.933453975603436348e-01,-6.982265743581315132e-01,-2.865603472884881708e-01,-2.617521772314024830e-01,-7.862708843048050733e-01,-2.260755511504311532e-01,2.610502589106692972e-01,-4.779580314611823200e-01,-7.440187323607544423e-01,1.016457683505960358e-01,1.688007784986283732e-01,-7.529633630877263784e-01,-4.794083179982556731e-01,4.829858912455821107e-01,-3.303351744882316865e-01,3.125645167227560917e-01,-3.486233652546362749e-01,3.283670715586531896e-01,2.609769702832664406e-01,-4.063484132174217112e-01,-8.465036499375939716e-01,-2.464878248129007410e-01,7.292949270327440114e-01,2.490101885105641399e-01,6.487971164085586384e-01,6.198723548734684785e-01,2.585637988610521298e-01,8.266580932850444707e-01,5.288099684966303116e-01,2.704327220422105826e-01,4.730463563856809883e-01,-4.607629202090573334e-02,4.529690136004777545e-01,-4.267018586648951839e-01,3.652589038202122551e-01,-2.689228686794357670e-01,2.390525358582815119e-01,-1.358061975617104178e-01,-5.796038687727562699e-01,8.723662505334199568e-02,1.531498988179871568e-01,1.894876183581459608e-02
-3.894636970723036051e-01,-6.935090034599349362e-01,-4.249454633115305469e-01,-7.854154990819316451e-01,-7.619918059474861671e-01,2.457706383294111507e-01,8.410685872215617476e-01,3.061543311626209740e-01,4.689044136739742991e-02,-8.725495855910274656e-01,-8.433745796251320703e-01,-8.281170861377539216e-01,-5.648074667577234198e-01,-6.288919833052996067e-01,1.674394126024133719e-02,-7.854854691201763606e-01,-7.616588405020284502e-02,-2.846491716046614107e-01,-8.494007470775990498e-01,-3.632572064133952616e-01,-1.721610596847622243e-01,-7.132237653070208072e-01,-3.933425096562417345e-01,1.657240925116914010e-01,-2.059714886708265830e-02,-7.628081066234717600e-01,2.614552465733470110e-01,1.000000000000000000e+00,5.625474569957092941e-01,7.576044117448964554e-01,8.478126679961964784e-01,8.001228996050321340e-01,4.771980216181890277e-01,8.761399518108302642e-01,2.222868971292416562e-01,7.696516777621309480e-01,-5.241873493297564968e-02,4.692312701906408701e-01,-9.354946076339673566e-02,1.377989869267840228e-01,4.389209668570607792e-01,-8.278322055413250835e-01,-3.434194531016873664e-01,-5.253294838280840873e-01,-1.387645441584139071e-02,2.344752587368549301e-01,2.726620373042855094e-01,-5.046601851007497253e-01,1.502836033286011064e-01,-2.959178875592959890e-01,5.838792948842284058e-01,-5.982288110519652369e-01,-9.119464284561232814e-01,-4.204643647882864155e-01,-7.082533147354106440e-01,-1.142964146382137447e-01,1.943344653923110843e-01,-7.225519140778340343e-01,3.088864757283723006e-01,6.609518882655875949e-01,-6.164216143042569040e-01,-3.544048175799184297e-01,8.297480108900211482e-01,2.298199991763051619e-01,-7.648769713451131214e-01,1.982809455336784765e-01,8.772896301808252861e-01,-2.538916573948418187e-01,-3.624027648471759289e-01,6.653036515899157788e-01,5.780029579434834419e-01,7.496520403753282880e-01,4.884637293704180983e-01,8.407772327166760373e-01,8.335103747332953117e-02,5.055429126898994818e-01,-2.303285923591970874e-01,3.446618023993895941e-01,2.875725750330428432e-01,-1.077295201112553058e-01,-1.757306067570022778e-01,6.118066748317128045e-01,-3.595875022481919148e-01,8.801052205026092812e-02,-3.904182583205476065e-01,-4.972916989435570700e-01,-5.215930419815110186e-01,-7.671809381218552826e-01,-5.412508590305659117e-01,-9.205469805889650026e-01,-5.961222194387819640e-01,-9.152438687936845785e-01,-6.111826817426273539e-01,-8.674705562021597371e-01,-4.852289631496355948e-01,-6.628814036956306444e-01,-2.042196048415849119e-01,-4.093277787994396566e-01
-5.223509752316637389e-01,-5.174854690597376905e-01,-8.587316305879708622e-01,-6.789095867689229902e-01,-7.954025605729068138e-01,-2.038874826067055557e-01,4.269130414537815610e-01,-3.566021057567101415e-01,-6.386030568610234770e-02,-4.946484937316009689e-01,-7.977690768720597791e-01,-3.543031753107221959e-01,-6.666416280234688241e-01,-3.796234106805515280e-03,4.819372585856425695e-01,-3.344885899704705956e-01,4.757511688364460811e-01,3.713453422135831739e-01,-4.037249519737310943e-01,3.477181743846134987e-01,2.496571954691885753e-01,-6.474882771323419162e-01,3.370745985023694269e-01,-4.668266467505403222e-02,-7.848205926709604929e-01,-5.566865002754485259e-01,6.336950764566554595e-01,5.625474569957092941e-01,1.000000000000000000e+00,6.206918141630964891e-01,6.479744844166259732e-01,3.198085193018119776e-01,3.018527656342457344e-01,4.482673923013490991e-01,-4.088242690308281635e-02,3.971099781729773848e-01,-4.711042795106026304e-01,-8.169283212041811293e-02,-6.957206568944352965e-01,-1.118436579295475491e-01,-2.040371212690129665e-01,-8.107733385308817375e-01,-1.712093936998421440e-01,1.411368770838585252e-01,5.576648446117936642e-01,6.765983929208543302e-01,7.993999458871824393e-01,-2.170549412950233126e-01,6.780324514576437922e-01,6.684562537729338283e-02,5.938542742234149685e-01,-2.269949827146047205e-01,-5.966890995267242204e-01,-1.162270487484956399e-01,-8.835763940219786006e-02,1.429310377207353329e-02,-1.182640490404881090e-01,-9.021748344067647141e-01,-3.900035096056316819e-01,3.526639347780315958e-01,-5.244253810952846928e-01,-7.485165102765193312e-01,3.423299923077385842e-01,2.083953101110249673e-01,-8.644118514898714301e-01,-3.291216188214922123e-01,5.897369076484083594e-01,-2.301955485145183444e-01,-8.331550363715616303e-01,2.572949887743885555e-01,-4.305166754631344767e-02,2.519422801477298468e-01,-1.779336893721058521e-01,3.972971792030750571e-01,-2.931180924762631368e-01,-6.114115310011068727e-02,-5.253344651861586723e-01,4.080126358031622713e-01,7.489957593123121038e-01,5.084523991730981463e-01,4.127280908392208514e-01,8.930119407249563768e-01,3.160935791901969827e-01,4.670791529351235316e-01,2.274943659711287092e-01,-4.273246556145139929e-01,-2.243801397327918612e-02,-6.352753532535200254e-01,-4.831215752886075521e-02,-7.274864833181691193e-01,-2.377514394074253801e-01,-4.883579249597235217e-01,-3.953740132990357647e-01,-4.849612406932082287e-01,-8.702664968447993976e-01,-3.536631135638959589e-01,-1.016049136113999218e-01,-1.273347284990425654e-01
-2.285074094099182884e-01,-4.932453334367786768e-01,-3.979998653511807039e-01,-4.500817160505385939e-01,-7.797407200033389385e-01,5.566812431222259994e-01,5.390803927573480925e-01,2.573219163536327181e-01,-4.759524664114931358e-01,-8.813390699772850612e-01,-6.178511121861949285e-01,-8.237842319600092722e-01,-8.576104285085340839e-01,-4.645581968356767288e-01,3.894280611211697329e-01,-5.175233341394557263e-01,2.453190575246827487e-01,-3.928334338060520681e-01,-6.655713638809972466e-01,-9.778910562254031213e-02,-4.670183380671841245e-01,-8.578004192757326951e-01,-3.567449709509135786e-02,5.815523963677212693e-01,-2.031314322592535637e-01,-3.308678256650037786e-01,6.513757037606017208e-01,7.576044117448964554e-01,6.206918141630964891e-01,1.000000000000000000e+00,5.127869409538348133e-01,5.081302393056094102e-01,-3.107624456470393232e-02,6.339932046790328624e-01,-2.899413898602385964e-01,3.980740158318424871e-01,-4.507056049916173812e-01,9.595165799001044438e-02,-7.414391711143655805e-02,-3.721180288307953665e-01,1.821746706348095213e-01,-8.677461531974799414e-01,1.757116507882830192e-01,-5.110958772379619042e-01,2.617555548072008631e-01,-5.843500251420821051e-02,2.852553009874161383e-01,-1.644201187329546315e-02,3.812385615723065668e-01,1.911031575479947564e-01,8.883118616386114219e-01,-1.512908966149938417e-01,-7.214945870788012083e-01,7.670947017679281832e-02,-4.917996442968612381e-01,-5.997592928104209520e-01,-3.012479903993043329e-01,-7.214540264043957096e-01,3.006540971627227887e-01,2.198405987856547616e-01,-9.198789693524963562e-01,-6.800192072625763084e-02,8.142705414571235201e-01,-2.943581076519195538e-01,-8.222994610694434048e-01,4.860571684789428692e-01,6.253763006644017519e-01,-7.182941471487759300e-01,-2.303623287364986727e-01,8.822496953551405285e-01,3.202463944926440265e-01,8.350339543496290151e-01,3.032946107328034491e-01,8.517649250228374047e-01,4.834963214871260129e-01,1.947309600431153531e-01,-5.957326716233921626e-01,-1.260117226934656387e-01,4.159076812674294410e-01,-2.187472639104392769e-01,1.026943849858582003e-01,5.346458118050718689e-01,-3.384826567369229600e-01,4.795467218551457966e-01,-8.764882618781920376e-02,-7.356879543324135878e-03,-1.132973690008742401e-01,-3.947256035600996693e-01,-1.268332284529040954e-01,-7.894883197090910576e-01,-1.348818088518771163e-01,-7.987366141297272959e-01,-1.446185175753319230e-01,-6.263344349663950705e-01,-4.042240192953700517e-01,-3.373171857648317173e-01,-5.071114846052594827e-02,-2.918936230198510007e-01
-4.827245679137066592e-01,-7.109438799023731770e-01,-5.371978561078841752e-01,-8.886490255734920130e-01,-6.178215045272569261e-01,-7.890505394655039639e-02,9.004156568941401595e-01,2.016824143229820065e-01,4.291110597708709395e-01,-7.212984875656598405e-01,-9.475047806731314859e-01,-6.716097488634096280e-01,-3.205734459215321408e-01,-5.814446061670851540e-01,-1.701007731769789977e-01,-8.447047343624188853e-01,-2.024312077047378255e-01,-3.551154487745935423e-02,-8.390865373457022658e-01,-3.626314062716204933e-01,5.416381274102553128e-02,-6.386766205467794277e-01,-4.017639593879972493e-01,-1.144673680336385363e-01,-1.496298041413076652e-01,-9.195359279841617273e-01,1.079396394019810912e-01,8.478126679961964784e-01,6.479744844166259732e-01,5.127869409538348133e-01,1.000000000000000000e+00,8.588911077378492687e-01,8.048368760299607905e-01,8.990649889030238873e-01,5.544358585435543718e-01,9.178357363012776826e-01,1.731281200691411060e-01,6.088791797207284695e-01,-2.233509563164811362e-01,4.789594550602587208e-01,4.709455298419190639e-01,-7.183078385233176988e-01,-6.933716433784821165e-01,-3.530572400756961660e-01,-1.048811900297361571e-01,5.410701067003769182e-01,3.487116932545761827e-01,-7.884249736021905486e-01,7.136139502749883068e-02,-5.785153385753567523e-01,2.948208216438361617e-01,-8.224228807777794747e-01,-9.196194162397267613e-01,-7.157211618714410806e-01,-6.777612786149349589e-01,3.113278403291916963e-01,5.013332458596375663e-01,-7.058644782755599811e-01,1.278810375587991210e-01,8.865428703617161954e-01,-3.059812427953726433e-01,-6.381997663011690358e-01,6.741424395020113591e-01,6.191891101669771968e-01,-6.862889774062347348e-01,-1.522261099389101147e-01,9.466372361656385515e-01,1.333102550333906400e-01,-5.413985685604039144e-01,3.589366362099251084e-01,6.029276912940999544e-01,5.245866074536277290e-01,4.567157037767418104e-01,6.769668019397904191e-01,-3.166151559388128978e-01,5.904908867853987386e-01,1.346808586574763794e-02,7.001400486251462274e-01,2.604674670413993365e-01,1.190262903495282604e-01,-2.607210606481792925e-01,6.739464165307815779e-01,-2.118017110595979691e-01,-1.621961508750900949e-01,-4.650135118266637835e-01,-8.299674848822700124e-01,-6.888422960694448038e-01,-9.708581310338119108e-01,-7.160668411483001039e-01,-9.033290756149344736e-01,-8.329709126806360553e-01,-8.320149332101482997e-01,-8.885247937385865047e-01,-9.119710172533419534e-01,-5.944684102861883535e-01,-7.808494903928275832e-01,-3.417704412719130280e-01,-3.933411377714895463e-01
-2.944411422947130763e-01,-6.194427161431931284e-01,-1.463411066885052514e-01,-6.552319662519057175e-01,-3.551778147573893540e-01,3.011467465937145427e-01,9.534417741694792836e-01,6.344162243726906292e-01,4.241684925906414882e-01,-8.116501294577658232e-01,-7.542245796042429395e-01,-8.386146464965066327e-01,-1.541118493552428026e-01,-8.886541301161802187e-01,-4.731667950881462970e-01,-9.679438185732810451e-01,-5.569151200524322665e-01,-4.736448372703922494e-01,-9.544776487184496450e-01,-7.334682461633601491e-01,-3.046207202052219620e-01,-6.559536025530083858e-01,-7.216457946322768491e-01,9.909427883926935632e-02,2.539426000317639431e-01,-7.967738933661459022e-01,-9.331456153473353943e-02,8.001228996050321340e-01,3.198085193018119776e-01,5.081302393056094102e-01,8.588911077378492687e-01,1.000000000000000000e+00,7.463456672069440634e-01,9.718922927497857245e-01,6.324234729323267024e-01,9.625363396808884753e-01,4.484934895434100621e-01,8.638262073842091215e-01,2.679395822690309181e-01,5.654873457764496569e-01,8.205846141498254198e-01,-5.306197972409962826e-01,-6.692373174987128470e-01,-7.339962142938455392e-01,-4.958754768332458429e-01,1.044799462541623342e-01,-1.219234244162557129e-01,-8.176831520410972054e-01,-3.341252973032328155e-01,-7.166943642296484951e-01,1.839076868914300278e-01,-9.002187180118278453e-01,-9.120995084509754269e-01,-7.805397327640262173e-01,-9.391024344875269492e-01,1.829881910372982701e-01,6.270004780498439345e-01,-3.994645140575098230e-01,5.795750615019156227e-01,9.018719147208213993e-01,-2.694550503305717104e-01,-2.186755490261994284e-01,8.479299651436428276e-01,5.118259302148143730e-01,-4.441238688830064230e-01,2.435060939815098802e-01,9.251945042063074442e-01,1.125410899595847697e-01,-8.756454319801940112e-02,5.405392693449238006e-01,9.020736419508070814e-01,7.399138011693154882e-01,8.229335930760723894e-01,8.208063694715541647e-01,4.535537378223039769e-03,8.572490578756739588e-01,2.438552196275523831e-01,5.039190699149432850e-01,-1.419474661885679889e-01,-3.398335403998143378e-01,-6.324905219888592445e-01,2.937469013870518397e-01,-6.444281188377068981e-01,-4.250894534906806688e-01,-8.006436393417794006e-01,-6.996952003680054766e-01,-8.865647789306881910e-01,-8.366626043973589555e-01,-8.979604901714061116e-01,-7.987540433976997312e-01,-8.919628221588328243e-01,-8.997959774996636684e-01,-8.386395926053586969e-01,-9.497613789150827213e-01,-1.964495918382816730e-01,-8.000489824873355804e-01,-4.102952147895762569e-01,-4.943987544937231138e-01
-3.963713585057418998e-01,-4.977904488392875804e-01,-2.668680412995202422e-01,-6.710368334517330391e-01,-1.129588609879599442e-01,-3.346156261849398406e-01,7.508211862327107688e-01,2.226166772209707267e-01,8.582390659768124319e-01,-3.119174508773394638e-01,-6.719978376915323182e-01,-3.151241509926765438e-01,2.631489325390782841e-01,-5.038746868923656974e-01,-5.916531199686037024e-01,-7.267486924315326169e-01,-5.478300911634427228e-01,7.967731657773297060e-02,-6.123872929413516353e-01,-4.948397839752342597e-01,2.679124672739623958e-01,-2.327524569809707733e-01,-5.630549430936604427e-01,-4.783273981238058692e-01,4.467670663325855329e-02,-8.597702393449728753e-01,-3.755927852735846950e-01,4.771980216181890277e-01,3.018527656342457344e-01,-3.107624456470393232e-02,8.048368760299607905e-01,7.463456672069440634e-01,1.000000000000000000e+00,6.906034022714523379e-01,9.165956528690173410e-01,8.712376318354497773e-01,6.278466985489827845e-01,7.762910215159281035e-01,-4.699272489951841769e-02,8.835880489949452521e-01,5.788536383544451436e-01,-2.115492327553339380e-01,-9.703660206203068572e-01,-2.148160659534113781e-01,-4.521236752860892660e-01,5.538316491784430751e-01,6.265944619853577868e-02,-9.731145461746033565e-01,-3.228598479231363783e-01,-8.976760404927651704e-01,-3.006897195091610686e-01,-9.368229582351051965e-01,-6.260708461732386043e-01,-9.642949336994018905e-01,-5.820352337381003993e-01,7.622492239183868978e-01,8.752514122305109501e-01,-2.568080535452472168e-01,1.030552214579046888e-01,9.466995078986762957e-01,2.829986490150973033e-01,-5.961456252642157727e-01,3.239264439275758578e-01,9.372372891800337946e-01,-1.877956270478262912e-01,-3.890602511630603111e-01,7.257014218835838859e-01,6.630094812493645406e-01,-3.496454976038098073e-01,-1.108830029911500870e-01,6.285638377417323008e-01,1.405172751096162298e-01,4.831662207558867217e-01,2.935263487652971515e-01,-6.167219977406439568e-01,6.876819918301277923e-01,5.159136300992472890e-01,8.834708147911093379e-01,-1.122251525938793293e-01,1.373069262666270773e-01,-5.272502241003956813e-01,3.199149952575022771e-01,-1.799869881013818618e-01,-6.303058912874078823e-01,-6.335895416644101719e-01,-9.768799471469087337e-01,-8.437348136011039168e-01,-8.758862986694251340e-01,-8.595135486867793162e-01,-5.229939172403987868e-01,-9.519113915248784696e-01,-4.809194734477693634e-01,-9.696222654720894063e-01,-6.910735216745218512e-01,-3.194367252698085968e-01,-7.341865851564438605e-01,-4.135425167836480065e-01,-3.220524939933235853e-01
-3.322520400685907704e-01,-6.628975042616305213e-01,-2.701538995356261852e-01,-7.287403672222610984e-01,-5.100434666487079216e-01,3.068611096913149150e-01,9.626093289360263539e-01,5.564317338789372958e-01,3.065648418994333380e-01,-8.871916306001818020e-01,-8.362550744202804642e-01,-8.889085975692634367e-01,-3.246521815148483148e-01,-8.470079251111786167e-01,-3.106625497077747378e-01,-9.599257022467396760e-01,-4.053783496681264142e-01,-4.295051207496450307e-01,-9.742399448611587243e-01,-6.228740890743694747e-01,-3.073272696552699634e-01,-7.515177347924255624e-01,-6.097570017200375503e-01,1.707386968748816347e-01,1.344523711120643727e-01,-8.040060837840705688e-01,7.288936171156290555e-02,8.761399518108302642e-01,4.482673923013490991e-01,6.339932046790328624e-01,8.990649889030238873e-01,9.718922927497857245e-01,6.906034022714523379e-01,1.000000000000000000e+00,5.136836414460703715e-01,9.465575707817697193e-01,2.827934898434762978e-01,7.660492495580436545e-01,1.482215193124714891e-01,4.377394997671915089e-01,7.258170069002930491e-01,-6.753971980411622722e-01,-5.876560503636985011e-01,-7.002398612638489617e-01,-3.409663305942855493e-01,1.607098222052105452e-01,2.035288734171421601e-02,-7.485690047886421894e-01,-1.683211276659013766e-01,-5.994203164623862490e-01,3.489754867235913549e-01,-8.398336309803661193e-01,-9.685984703472088064e-01,-6.908373313981946984e-01,-9.044457549783045947e-01,8.220236331998674595e-02,4.979188048851116988e-01,-5.472423496897279582e-01,5.088025056520261158e-01,8.626819958450874237e-01,-4.195913073459965337e-01,-2.860326218747905602e-01,8.948719310569908103e-01,4.354104172542590523e-01,-5.978571042331979335e-01,2.426670837126474467e-01,9.662369575426770218e-01,-2.296091285278816299e-02,-2.000051002581314519e-01,6.243842291012269285e-01,8.342911001339538002e-01,7.928439659781724158e-01,7.471442177257888728e-01,8.818611759819866558e-01,3.523559728978169908e-02,7.765435524774800813e-01,7.746683571327311890e-02,4.740158309452836560e-01,1.238779324550560133e-02,-2.729447601096486320e-01,-4.981429708200464934e-01,4.319902303210084171e-01,-5.778359833735103868e-01,-2.600320495919268837e-01,-6.928966157388509739e-01,-6.642704299107941024e-01,-7.984237694947996511e-01,-8.613449107742338073e-01,-8.169598191258083952e-01,-8.956761303905635963e-01,-8.300092444632063415e-01,-9.534599525041975721e-01,-8.019392577661399457e-01,-9.785024797530128549e-01,-3.234848187295595867e-01,-7.978582602467696461e-01,-3.626498261846811677e-01,-4.885590068256715490e-01
-2.265642315375346882e-01,-2.987180826928229060e-01,5.701752817742742480e-02,-3.792609191109783118e-01,2.429082180279381609e-01,-2.695449056649210640e-01,5.906039847694167788e-01,3.632867840133864878e-01,9.415746107802339671e-01,-9.841818052234117820e-02,-3.634979489214525961e-01,-1.563333198021357173e-01,5.773037246498209374e-01,-5.085042586095079864e-01,-8.296260894205023106e-01,-6.086639175875364627e-01,-7.746202655445001417e-01,-4.539682442463006257e-02,-4.563572044623290247e-01,-6.373391921541711191e-01,2.102065406767417988e-01,1.003616556487161270e-02,-6.959268586306289750e-01,-5.245361363364285934e-01,3.002554870060641368e-01,-6.713616449465860114e-01,-6.544526232343949035e-01,2.222868971292416562e-01,-4.088242690308281635e-02,-2.899413898602385964e-01,5.544358585435543718e-01,6.324234729323267024e-01,9.165956528690173410e-01,5.136836414460703715e-01,1.000000000000000000e+00,7.386326330924165573e-01,8.671271687171435705e-01,8.428386898112855130e-01,2.340077154000824999e-01,9.863098013774108663e-01,6.808005653371764776e-01,1.405198227282273560e-01,-9.539004338122539783e-01,-2.612341034613746560e-01,-7.078073136577308633e-01,3.121624148287500122e-01,-2.673571747896397177e-01,-9.330794745936059620e-01,-6.259231542765543166e-01,-9.799686581482420777e-01,-5.983829558926286873e-01,-8.882039048436340956e-01,-3.817414235779155729e-01,-9.629165662552681137e-01,-5.512805654979207048e-01,8.191972144792125654e-01,9.790369113117394217e-01,1.207108044819227843e-01,2.467913485504259763e-01,8.430260109544219782e-01,5.456878516976402249e-01,-3.245175378441119141e-01,1.721042126275275086e-01,9.149793479670031981e-01,1.798116180165491296e-01,-2.960523694472670386e-01,5.018787151626110665e-01,8.200976102525244782e-01,-2.835989920514287929e-02,-2.571668276164220668e-01,6.638576896184247289e-01,1.217434414371385172e-02,5.657768772277971259e-01,1.160847358849928929e-01,-5.509119078228825739e-01,7.374222861039499977e-01,7.775928325763760141e-01,7.698920432383609125e-01,-4.355387880715582694e-01,-5.052685744330143863e-02,-7.240930651468923118e-01,-4.714174572919377360e-02,-3.026507127513006767e-01,-8.678764155011065018e-01,-7.529520707573094107e-01,-8.583763223279234911e-01,-8.754815851855626274e-01,-6.511429154253487450e-01,-8.755162184301044093e-01,-2.168369922792062754e-01,-8.908015007524935358e-01,-2.670639584556688817e-01,-8.499725986856703219e-01,-4.950063552550028056e-01,1.852894005066067079e-02,-6.112505742277659637e-01,-4.151074160987884287e-01,-2.809722518719665607e-01
-3.769335811144725601e-01,-6.391219244558160595e-01,-2.585480642156579578e-01,-7.418812474799153511e-01,-3.579554158441569101e-01,8.602770282745807184e-02,9.527707959342071042e-01,4.916149117809728852e-01,5.716178069645228010e-01,-7.160906793485743993e-01,-8.159676006804411630e-01,-7.248540750606874417e-01,-7.985405099858264300e-02,-7.919713012694239440e-01,-4.845871646524846366e-01,-9.466623098246670365e-01,-5.309207798200071826e-01,-2.787446985481444872e-01,-9.039158533981946908e-01,-6.458682566311941819e-01,-1.053064057510361001e-01,-5.895669814643066386e-01,-6.640775233025096869e-01,-8.654190661266769613e-02,1.349706860041821055e-01,-8.833695912457908417e-01,-1.336414267322493243e-01,7.696516777621309480e-01,3.971099781729773848e-01,3.980740158318424871e-01,9.178357363012776826e-01,9.625363396808884753e-01,8.712376318354497773e-01,9.465575707817697193e-01,7.386326330924165573e-01,1.000000000000000000e+00,4.799569789180618273e-01,8.544552686384958573e-01,1.169013488951580054e-01,6.747578363631665521e-01,7.500118244152554903e-01,-5.118697437200706579e-01,-7.994360225060681557e-01,-5.775758187027318913e-01,-4.505932181435919337e-01,3.080196089322732034e-01,5.270616197811244267e-04,-9.104849458255055428e-01,-2.845409644194332732e-01,-7.912040274387717176e-01,8.193416881793563755e-02,-9.564583356459469554e-01,-8.939206956918925862e-01,-8.682652758148785566e-01,-8.575430752171722126e-01,3.733880441753266166e-01,7.120366276417506857e-01,-4.378229054111836827e-01,4.097447504322099254e-01,9.695458846637341477e-01,-1.432080457793740436e-01,-4.080507126221590841e-01,7.325420214737812241e-01,6.807615789985890231e-01,-4.461268325710740501e-01,2.018691208782919314e-02,9.369990966885507477e-01,2.735946773909307406e-01,-2.428087801517003208e-01,3.689648212974334096e-01,8.376192675586254799e-01,5.903905434371466976e-01,7.235914462880650433e-01,7.087935530918217930e-01,-2.188251293580767143e-01,8.228149790853759304e-01,2.947798623202149693e-01,6.744102919093443171e-01,-7.473952304354022913e-02,-1.550188508616094918e-01,-5.828170843868147877e-01,3.852287221058189326e-01,-4.873440825577732283e-01,-4.640588117073002894e-01,-7.517697286230174969e-01,-8.451856215838906561e-01,-9.028811255344572073e-01,-9.273571965899287672e-01,-9.161357852867620943e-01,-7.929101800033858671e-01,-9.520054761085546824e-01,-8.285327390151666638e-01,-9.340309038693226373e-01,-9.332882118727068299e-01,-3.155171185171830039e-01,-8.323836383988104659e-01,-4.205036494497184085e-01,-4.639730162846319450e-01
4.608094378318981776e-02,-2.562093597404986600e-02,4.889674535964383395e-01,4.496868679296406324e-02,5.984528224776325400e-01,-3.047610713912967013e-03,3.477675240347590235e-01,5.856573565014067118e-01,8.003278791654536706e-01,6.838425654376185936e-02,6.223370597010956934e-02,-5.660976909320081241e-02,7.889555105811273394e-01,-5.298578888020256672e-01,-9.787963707159822446e-01,-4.245648596472387237e-01,-9.454287766669082771e-01,-3.240069752632722677e-01,-2.701243550575386232e-01,-7.795571373306772189e-01,-3.470498098018672678e-02,2.225257863900111654e-01,-8.027629072187445480e-01,-3.603303337120582484e-01,6.389594689113836656e-01,-3.199839557665995482e-01,-8.446264858725794911e-01,-5.241873493297564968e-02,-4.711042795106026304e-01,-4.507056049916173812e-01,1.731281200691411060e-01,4.484934895434100621e-01,6.278466985489827845e-01,2.827934898434762978e-01,8.671271687171435705e-01,4.799569789180618273e-01,1.000000000000000000e+00,8.200955680402191028e-01,6.265315193138880634e-01,8.916570153598460946e-01,7.636524864488666298e-01,4.869722998473553499e-01,-7.190557818316598571e-01,-4.024916505203193218e-01,-9.331481399336797322e-01,-1.457631432804424865e-01,-6.862105510882975379e-01,-7.059647000861715149e-01,-9.179884771703737956e-01,-8.858938181514860455e-01,-7.586779453111106575e-01,-6.770746433883935156e-01,-8.690893241525403379e-02,-7.773908087735292849e-01,-5.129143294308704526e-01,6.349722169211887701e-01,9.000958578901121498e-01,5.428991825535145477e-01,5.013510677277568384e-01,5.744976115043028964e-01,6.636943317082140137e-01,1.513566741630882062e-01,7.511299895651792069e-02,6.495793217383235563e-01,5.552290383730821288e-01,1.279211723470623577e-02,1.908293659519483265e-01,7.641791126895871589e-01,4.429992298424695885e-01,-2.495807190017417521e-01,6.732201884084686450e-01,-1.002654955821464557e-02,6.643959833187720321e-01,-1.550656267777635652e-03,-2.379801370038114039e-01,7.286478030609301326e-01,9.236993453481392446e-01,4.189013767688171130e-01,-7.827290096499246452e-01,-3.914137920001124482e-01,-8.863428049617124715e-01,-5.087046129239308767e-01,-5.204193171193257639e-01,-9.872477336220208954e-01,-8.285393396397111587e-01,-5.117465719253542211e-01,-7.907002203827636633e-01,-2.549110859074713020e-01,-7.705550974935239106e-01,1.301213539150787024e-01,-6.700286628228415697e-01,-5.804019966447920842e-02,-5.412920504746016048e-01,-2.369704049047736683e-01,4.720712996627563496e-01,-3.849984282955110637e-01,-3.462988278861717784e-01,-2.209107485615954269e-01
-1.303682982131846302e-01,-3.876900085492903103e-01,2.085502628588123686e-01,-3.582887881822455767e-01,1.135274454295248647e-01,2.454777103534487859e-01,7.859041796327891349e-01,7.622784523646350952e-01,6.663211060148973575e-01,-4.944443264596135590e-01,-4.175938754493713212e-01,-5.858998510802205795e-01,3.197266136901738554e-01,-8.744016107854357678e-01,-8.325207163577462710e-01,-8.427942847676753724e-01,-8.768764826025173820e-01,-5.261971869862253071e-01,-7.550933504528196671e-01,-9.039110850317897405e-01,-2.691849902484098611e-01,-3.103772820678614708e-01,-9.003115886887973485e-01,-7.618212055744628952e-02,5.376638616080685606e-01,-6.419529931641407838e-01,-5.038399854193101879e-01,4.692312701906408701e-01,-8.169283212041811293e-02,9.595165799001044438e-02,6.088791797207284695e-01,8.638262073842091215e-01,7.762910215159281035e-01,7.660492495580436545e-01,8.428386898112855130e-01,8.544552686384958573e-01,8.200955680402191028e-01,1.000000000000000000e+00,5.563310743649597656e-01,8.156230723819680728e-01,9.530695121334966657e-01,-6.570589102395843484e-02,-7.783107015598587086e-01,-7.243551152878807686e-01,-8.384134150739170899e-01,-7.228691810383064409e-02,-4.906483162657123143e-01,-8.751253811953066952e-01,-7.292233689773039984e-01,-9.134249603954242014e-01,-2.790231042120782656e-01,-9.154600366911526121e-01,-6.154830511794904258e-01,-8.881390462376492767e-01,-8.858564961004096183e-01,4.125741329827432580e-01,8.594847204181493838e-01,6.503606792156840788e-02,6.799624156510762907e-01,8.557481469643452021e-01,1.662116395755474096e-01,-1.306631335109823726e-03,5.996468639751898477e-01,6.316893065002591179e-01,3.106524443465704527e-02,2.199981755274871831e-01,6.781366315600784178e-01,4.486586919139660679e-01,2.335754174672209638e-01,2.466782877742230706e-01,9.527208686575998620e-01,4.972504581552742997e-01,9.081998828400758006e-01,5.416327440086439182e-01,-6.675489402881054635e-02,9.466067099250209393e-01,6.493478499614919741e-01,4.977982968711821554e-01,-5.418538846785161400e-01,-4.802080347263836257e-01,-8.981430302221011797e-01,-1.239902497215149696e-01,-7.337798973679908743e-01,-8.020171495752408397e-01,-9.727182147142462432e-01,-6.784076623634772707e-01,-9.847034475327669512e-01,-6.359882677141009966e-01,-9.785196168760401658e-01,-4.247454465390821943e-01,-9.030679386621135452e-01,-6.047901599889696778e-01,-7.900511849232819683e-01,-7.250391566400574694e-01,1.679611254571668766e-01,-7.041750402708030210e-01,-4.323427684760017820e-01,-4.336125281568690149e-01
3.711853519677678626e-01,1.696071080277927745e-01,8.082082545314741573e-01,4.554745187313301025e-01,5.646897585878097869e-01,6.910809028462174819e-01,1.223114148353703218e-01,8.726719849834930764e-01,7.157095783719009952e-02,-1.382938696503530629e-01,3.942238422571911483e-01,-2.992460624503362476e-01,4.152458412711417801e-01,-6.206311786352756155e-01,-6.802977959513978323e-01,-2.583569456588915569e-01,-7.689308253826582229e-01,-8.527049458347489841e-01,-2.248103835005813844e-01,-7.899058524535549353e-01,-6.680882148403179954e-01,4.758590928906435147e-02,-7.099684244701703895e-01,3.446517265335614089e-01,8.647940781436793678e-01,1.861177660535698331e-01,-5.132017347618342828e-01,-9.354946076339673566e-02,-6.957206568944352965e-01,-7.414391711143655805e-02,-2.233509563164811362e-01,2.679395822690309181e-01,-4.699272489951841769e-02,1.482215193124714891e-01,2.340077154000824999e-01,1.169013488951580054e-01,6.265315193138880634e-01,5.563310743649597656e-01,1.000000000000000000e+00,2.560411783943413733e-01,7.290275216622399412e-01,4.246643441520944195e-01,-2.306320507745424075e-02,-7.477457927846102859e-01,-8.392000106749410993e-01,-8.431114912225146085e-01,-9.670380986697146852e-01,-1.181609704368973418e-01,-8.650833496383614207e-01,-3.460435686412223766e-01,-3.053159880968727147e-01,-1.999000723980271510e-01,3.402075857480221788e-02,-1.903510216989230952e-01,-5.279591122465172592e-01,-1.685298857445232668e-01,3.235839728928663339e-01,6.546193465925037591e-01,8.844275801411952687e-01,7.225199826118000601e-02,1.569993907748305773e-01,8.120176365161663190e-01,3.119362489228623692e-01,-1.367309496788302048e-01,5.368964353737155637e-01,7.396426618463471936e-01,-4.230008350850233967e-02,5.236960961515083057e-02,9.147747127475562845e-01,2.970568968858737224e-01,6.226953071693972497e-01,3.845955375736983539e-01,7.489151407180735243e-01,2.476080935248938242e-01,5.776868681928375437e-01,5.704072468963435893e-01,5.393941342401539218e-01,-3.342220475731890739e-01,-8.522374800680937446e-01,-9.052068210075387977e-01,-7.909598121300985829e-01,-7.875138024317388519e-01,-8.588956912338612248e-01,-6.030972721065201991e-01,-7.129970212930952789e-01,2.024646101610644844e-01,-4.446802009408255540e-01,2.454395941857985264e-01,-4.146108861371339271e-01,2.274557202651124599e-01,-1.707375710259124713e-01,-1.163256814038714226e-01,4.564941430661250549e-02,-7.883275099939471287e-02,8.193641460129617027e-01,-7.462459425198834928e-02,-1.459745874616851513e-01,-1.918365630406607403e-01
-1.864815847484100064e-01,-2.267019314638568650e-01,1.104081306521834394e-01,-3.099257175704489553e-01,3.251856259977409791e-01,-2.930505197099512182e-01,5.193226689584242717e-01,3.470447481651011690e-01,9.536833379402700483e-01,-1.425618828231428603e-02,-2.819419286721102647e-01,-7.902761717169286271e-02,6.487743365462318446e-01,-4.611048778496044109e-01,-8.535881524764235007e-01,-5.440921383018400004e-01,-7.874738875687498085e-01,-2.474675120067880082e-02,-3.826440200673442704e-01,-6.198106468582004203e-01,2.254042575832845841e-01,8.358366865237232268e-02,-6.797480869414710414e-01,-5.439795356440003671e-01,3.243379675518376914e-01,-6.070844747222735593e-01,-6.960509289128917754e-01,1.377989869267840228e-01,-1.118436579295475491e-01,-3.721180288307953665e-01,4.789594550602587208e-01,5.654873457764496569e-01,8.835880489949452521e-01,4.377394997671915089e-01,9.863098013774108663e-01,6.747578363631665521e-01,8.916570153598460946e-01,8.156230723819680728e-01,2.560411783943413733e-01,1.000000000000000000e+00,6.584593370399048906e-01,2.277001106196168689e-01,-9.394639214337713318e-01,-2.235483707654502827e-01,-7.289083191339466028e-01,2.864737427486045984e-01,-3.085403258194698295e-01,-8.999719954141252032e-01,-6.596142437587042551e-01,-9.658597146815611767e-01,-6.638758798064107181e-01,-8.418754942419823806e-01,-2.977944229034000245e-01,-9.368276074738445258e-01,-4.953263592106214031e-01,8.400290060653505808e-01,9.752708991692012885e-01,1.989443749470475864e-01,2.283966974048164400e-01,7.901625970599710502e-01,6.150493093492124252e-01,-2.884931518508057069e-01,9.567663020043309929e-02,9.065301265143330678e-01,2.628715406377284958e-01,-3.142661584989775991e-01,4.240835430590654820e-01,8.593088616363822041e-01,1.611688089153369072e-02,-3.229823357964594077e-01,6.256835639753092204e-01,-5.847900594024733889e-02,5.341155991851694873e-01,3.642503816826633128e-02,-5.651042469527842727e-01,7.073616919905280076e-01,8.183836572882507987e-01,7.466799331828936070e-01,-4.783178233420912751e-01,-4.750320728708667256e-02,-7.265164546009035273e-01,-1.161269629632717959e-01,-2.824925929182656725e-01,-8.993969140981397103e-01,-7.345328686235326199e-01,-8.199204361534541130e-01,-8.398096106614335588e-01,-5.807536041477908695e-01,-8.373540245641720725e-01,-1.288173894806970976e-01,-8.471413722150098469e-01,-1.839927669513065633e-01,-8.024396968455588253e-01,-4.202658999033356269e-01,7.286065654603823827e-02,-5.633070116955342099e-01,-4.000715125369056491e-01,-2.428797187301057758e-01
-6.897868661889347726e-03,-3.100676197094861530e-01,3.616576248521889414e-01,-2.005960570457348546e-01,1.559460449363464785e-01,4.846373745022178881e-01,7.199982717752758665e-01,8.978256077170941873e-01,4.684400080965127611e-01,-5.462550182279872768e-01,-2.838360306844632253e-01,-6.614819849447119982e-01,2.543471766726871364e-01,-9.338623223982028820e-01,-7.990694573147294477e-01,-8.021901522702409304e-01,-8.817262818852427131e-01,-7.293560588932130884e-01,-7.468124647622630397e-01,-9.587090039199731573e-01,-4.895942059627201859e-01,-3.421733653775335116e-01,-9.203209917035545251e-01,1.412470476033090006e-01,6.650419204180898491e-01,-4.782871103430378357e-01,-4.531438998683239294e-01,4.389209668570607792e-01,-2.040371212690129665e-01,1.821746706348095213e-01,4.709455298419190639e-01,8.205846141498254198e-01,5.788536383544451436e-01,7.258170069002930491e-01,6.808005653371764776e-01,7.500118244152554903e-01,7.636524864488666298e-01,9.530695121334966657e-01,7.290275216622399412e-01,6.584593370399048906e-01,1.000000000000000000e+00,-4.028014132906135997e-02,-5.854700369614584954e-01,-8.693038360523636099e-01,-8.733680944799315782e-01,-3.284586031481742663e-01,-6.399088432059830689e-01,-7.110647402147077800e-01,-7.781019954452066401e-01,-7.844011542048369146e-01,-1.843861313829668891e-01,-7.883198126501334002e-01,-5.649595959285002023e-01,-7.324416873427614938e-01,-9.165695516333988158e-01,1.792847155389565572e-01,7.207147459250142774e-01,1.542559834288030618e-01,8.432899966352986887e-01,7.111171613151758830e-01,4.610362544667336721e-02,2.440628767048223513e-01,6.745147079403782664e-01,4.008240292629020041e-01,7.558774508978689799e-02,4.704285678543869142e-01,5.977250947126692138e-01,2.591523075354261740e-01,4.344940386272902466e-01,4.098321049251655301e-01,9.744916303054125262e-01,6.223715573840771231e-01,9.781117003998502923e-01,6.151406437489477241e-01,1.991949251141513222e-01,9.389508838293486592e-01,5.862477729703529095e-01,2.620678483054879604e-01,-6.265037971273664796e-01,-6.849468855063614026e-01,-9.279626831714180568e-01,-2.696564826114172808e-01,-8.872720813164303166e-01,-7.420187711480399351e-01,-9.842342991819923448e-01,-4.578322514308779678e-01,-9.108401912066632633e-01,-4.677304261753200687e-01,-9.010672411088324063e-01,-3.671637550740523004e-01,-7.681655523652918260e-01,-6.147862424790389024e-01,-6.149646134767555727e-01,-6.734190956791921145e-01,3.312555567247827959e-01,-6.144464234225508470e-01,-3.835723817604461683e-01,-4.306235359416076269e-01
3.906612434863938055e-01,6.027731821934645406e-01,6.824658256410318646e-01,7.463783802000787393e-01,9.320410648738625126e-01,-1.701200311876484295e-01,-6.152743020744827485e-01,1.862818627930172902e-02,2.564757859391263994e-01,8.133503249480880104e-01,8.451379684284332505e-01,7.091052295507940251e-01,8.627875908731580390e-01,3.143713498689120756e-01,-4.629990317698612912e-01,5.369164134287757184e-01,-3.696148119932469167e-01,3.969520362494453197e-02,6.539064459140363494e-01,-7.391054757373660689e-02,1.421813588423647134e-01,8.181267825073572642e-01,-8.687168033101359821e-02,-3.272380050165836773e-01,4.282690317883484643e-01,5.355926256964794741e-01,-6.902250884192510094e-01,-8.278322055413250835e-01,-8.107733385308817375e-01,-8.677461531974799414e-01,-7.183078385233176988e-01,-5.306197972409962826e-01,-2.115492327553339380e-01,-6.753971980411622722e-01,1.405198227282273560e-01,-5.118697437200706579e-01,4.869722998473553499e-01,-6.570589102395843484e-02,4.246643441520944195e-01,2.277001106196168689e-01,-4.028014132906135997e-02,1.000000000000000000e+00,4.480025377505317957e-02,2.437069051260256081e-01,-4.320105246548248124e-01,-3.661733093836040953e-01,-6.098281200432864591e-01,1.907040640895152350e-01,-5.750774720414357777e-01,-9.441957674076968676e-02,-8.446625855449668707e-01,2.744391897463672181e-01,8.043188483409248191e-01,7.871647282573018822e-02,3.889037211635781310e-01,3.129108348085415381e-01,1.919536195794283306e-01,9.357273773763291613e-01,9.765993627675944797e-03,-3.817168917606764689e-01,8.245620892573660710e-01,4.761301888078466327e-01,-6.965962830368108705e-01,1.276164531601920761e-02,9.722896174502673183e-01,-9.324550173492833494e-02,-7.404732352333196488e-01,5.230841984806149370e-01,6.060920986246204345e-01,-6.705520443963461918e-01,-2.091361643523462210e-01,-6.511455712181752897e-01,-1.201127829618528764e-01,-7.480916482687415270e-01,-9.943674200592551859e-02,-1.297079204529539009e-01,6.145403489820309151e-01,-2.002036811405852879e-01,-6.505510404783370060e-01,-1.495269584241209759e-01,-2.551311712618523631e-01,-8.378947141060806292e-01,4.619904636693724503e-02,-4.994426081872517797e-01,-2.660842124994461377e-02,2.915982845227534370e-01,1.324765457616540743e-01,6.365939159660992663e-01,1.621515144536163633e-01,9.109079782365068212e-01,2.745862742983335991e-01,7.889441210327129417e-01,3.668932131854424905e-01,7.013962580297846694e-01,7.169203399620586170e-01,4.483389054057293488e-01,7.899295340730611015e-02,2.666633508072361880e-01
3.349109737635297956e-01,3.985163293225522652e-01,1.607099270169300154e-01,5.649762988326729740e-01,-4.145597507778580465e-02,3.686325348019495185e-01,-6.598980177509005118e-01,-2.271931553657005332e-01,-9.190984631756825562e-01,1.809150550462879925e-01,5.442884300010559784e-01,2.012932494083649049e-01,-4.118313247330013249e-01,4.591419450665516488e-01,6.783869611211412742e-01,6.471565959007004043e-01,6.146921445520409089e-01,-9.085278259591553218e-02,5.132287709652383345e-01,5.089688349336635165e-01,-2.931923638528882159e-01,1.120044883158060334e-01,5.773479015940751191e-01,5.342239851563567177e-01,-1.099165644837169359e-01,7.737738100483591008e-01,4.834706435927284551e-01,-3.434194531016873664e-01,-1.712093936998421440e-01,1.757116507882830192e-01,-6.933716433784821165e-01,-6.692373174987128470e-01,-9.703660206203068572e-01,-5.876560503636985011e-01,-9.539004338122539783e-01,-7.994360225060681557e-01,-7.190557818316598571e-01,-7.783107015598587086e-01,-2.306320507745424075e-02,-9.394639214337713318e-01,-5.854700369614584954e-01,4.480025377505317957e-02,1.000000000000000000e+00,1.705933946211571350e-01,5.299162426255366043e-01,-5.035466175002069056e-01,3.752913525019261481e-02,9.581846163999020449e-01,4.238231943421085779e-01,9.266985825191520476e-01,4.475793553263089364e-01,9.054635296970362512e-01,4.993700167162068437e-01,9.612956286885793178e-01,5.259750820414937911e-01,-8.222353832611786206e-01,-9.179691359965256314e-01,1.055418031590698164e-01,-1.064885926131571153e-01,-8.957882285634369834e-01,-4.234376481427796768e-01,5.274635293910227007e-01,-2.146658430089314340e-01,-9.555713334199306130e-01,3.099702565012645364e-02,4.123686269663634496e-01,-6.159700153680028878e-01,-7.615316563594098920e-01,2.591001500319986550e-01,2.250264065136980962e-01,-6.022686266136262345e-01,-3.408799313626399013e-02,-4.726975451546549523e-01,-1.748231837108197295e-01,6.482271111632224025e-01,-6.801926552944103088e-01,-6.304562485657487780e-01,-8.716299317783573475e-01,2.223163517746804818e-01,-1.171423223664398439e-01,5.813347904063291827e-01,-1.871375930686097755e-01,1.746876803889044760e-01,7.269245715847206801e-01,6.492430929592930555e-01,9.447138817540242650e-01,8.348893167778025370e-01,7.835533664922096353e-01,8.436751246981603058e-01,3.774735172168345310e-01,9.152767135271583365e-01,3.563239687816999735e-01,9.217523514378088700e-01,5.861101469033490607e-01,2.113423251729718566e-01,6.634693363002636124e-01,4.065866551258172090e-01,2.811810815213534598e-01
-8.599069896375938216e-02,2.897597092713713463e-01,-3.540500424810076319e-01,1.107810472876931546e-01,5.202726950864577926e-02,-8.051564260730426081e-01,-6.360382406265068234e-01,-9.344075206301706293e-01,-1.911070949367615294e-03,7.374758089604100952e-01,2.412161024619907668e-01,8.372996305725612931e-01,1.218254825185113438e-01,9.296346488395041963e-01,4.715255239710207102e-01,7.290047538593302789e-01,6.248341809714353934e-01,9.175175286286303411e-01,7.610664406574243479e-01,8.385608408838929329e-01,7.675386422686852894e-01,5.384734883516423265e-01,7.530308694336868003e-01,-5.297347366386974121e-01,-6.215628628648216525e-01,2.743114150420248865e-01,1.120363022783252283e-01,-5.253294838280840873e-01,1.411368770838585252e-01,-5.110958772379619042e-01,-3.530572400756961660e-01,-7.339962142938455392e-01,-2.148160659534113781e-01,-7.002398612638489617e-01,-2.612341034613746560e-01,-5.775758187027318913e-01,-4.024916505203193218e-01,-7.243551152878807686e-01,-7.477457927846102859e-01,-2.235483707654502827e-01,-8.693038360523636099e-01,2.437069051260256081e-01,1.705933946211571350e-01,1.000000000000000000e+00,6.442615244122148477e-01,5.680137828128879462e-01,5.909249571940270451e-01,3.729026917465546043e-01,5.560942579349907877e-01,4.082932001558606250e-01,-2.185935160319603943e-01,5.106420241291296236e-01,5.879667180276340055e-01,3.692004538266627223e-01,8.901155442597556977e-01,3.001412989969927114e-01,-3.146867010248633467e-01,-1.844093953829801374e-02,-9.338035934087038914e-01,-4.497809371014539481e-01,3.643681057901668741e-01,-4.565727866985209160e-01,-8.447992881249741792e-01,3.940176611892361874e-02,1.225872547876445812e-01,-7.959572200890090432e-01,-5.499526266281151710e-01,2.225283457837855805e-01,-5.084981924975748857e-01,-7.611107868277300348e-01,-8.776951617198132105e-01,-8.683883660808663363e-01,-9.270190595917702225e-01,-8.056613037407526212e-01,-6.012914520307488520e-01,-7.735630071079095949e-01,-2.117506723572443184e-01,1.097163104705485004e-01,4.682578333516532743e-01,8.344928586633911793e-01,7.238359886849655700e-01,2.223204163395354205e-01,9.605240278754605399e-01,3.697782500140163742e-01,8.070795004171547049e-01,1.043928336894439507e-01,6.593780977354236628e-01,2.830549332197909163e-01,6.499858070952034828e-01,4.452634399448028857e-01,4.815324020442929842e-01,7.193160654009301824e-01,3.196257641358857815e-01,6.462051746383683515e-01,-3.302299083787519351e-01,4.770693222746013595e-01,2.479854545930330889e-01,4.197175652387694078e-01
-1.574317496998701993e-01,7.421095704143097944e-03,-6.326310485565758146e-01,-1.507983334472202397e-01,-5.744672359057991784e-01,-3.195977834852923305e-01,-3.694004702255615502e-01,-7.992289006317624400e-01,-5.768907632395451346e-01,9.792125186996446240e-02,-1.275689355934078451e-01,2.477121619254545049e-01,-6.550942679801412538e-01,6.862476272137272293e-01,9.510360410415260590e-01,4.754830959703293392e-01,9.764023017488411282e-01,6.106877565719419643e-01,3.619555730861165888e-01,8.978025076826231521e-01,3.339548942667410203e-01,-9.391422980072078319e-02,8.795668743159474889e-01,7.008588498417947510e-02,-7.947762623638039425e-01,2.063293701447677930e-01,7.568513120401811900e-01,-1.387645441584139071e-02,5.576648446117936642e-01,2.617555548072008631e-01,-1.048811900297361571e-01,-4.958754768332458429e-01,-4.521236752860892660e-01,-3.409663305942855493e-01,-7.078073136577308633e-01,-4.505932181435919337e-01,-9.331481399336797322e-01,-8.384134150739170899e-01,-8.392000106749410993e-01,-7.289083191339466028e-01,-8.733680944799315782e-01,-4.320105246548248124e-01,5.299162426255366043e-01,6.442615244122148477e-01,1.000000000000000000e+00,4.335479536282037527e-01,8.468165841627458557e-01,5.766154766805793308e-01,9.719435605255946076e-01,7.748598725260124054e-01,5.840936456511592878e-01,6.018773871711747825e-01,1.354136444122195360e-01,6.483343787334110431e-01,6.405981759205118253e-01,-3.460786291180761864e-01,-7.651138439965381455e-01,-5.743107813320553756e-01,-7.448011506378576785e-01,-4.831892985836028220e-01,-4.544469917148439286e-01,-4.135286520788159503e-01,-2.645978301319753534e-01,-4.035363696678249679e-01,-5.296354671581117168e-01,-3.434292452724043154e-01,-1.966911518195694764e-01,-5.151589839689086903e-01,-6.558239606856923753e-01,-2.369348971244448002e-02,-7.797190827180998651e-01,-2.316836028504756229e-01,-8.171432847384163534e-01,-1.873994752816966480e-01,-9.332011591047637000e-02,-7.871620915496716497e-01,-8.323505092801755101e-01,-1.749310831746545558e-01,8.643248963384635442e-01,6.613529583454693661e-01,9.555659845114722328e-01,6.223931258191919280e-01,7.557009164177866944e-01,9.173378509408400827e-01,9.022661210691949041e-01,3.081110609363600372e-01,7.734041638758590853e-01,1.442142079413646361e-01,7.504164467188616516e-01,-9.411779121349161947e-02,5.845026906577613923e-01,1.786094705335495025e-01,4.071148169158481100e-01,2.808642013104945545e-01,-6.209294786904170360e-01,3.592323285000895150e-01,3.184295988756371543e-01,2.696078958474847354e-01
-4.932996768948513799e-01,-3.428643955854664416e-01,-7.691232569824618670e-01,-6.704671778394650783e-01,-4.390238390194616813e-01,-8.068404491752820817e-01,2.242906718617211081e-01,-6.405790656922473181e-01,4.389883670847685715e-01,5.192770851848745733e-02,-6.070204808248185202e-01,1.787886817543099804e-01,-1.116416312884929429e-01,3.074190751352664508e-01,2.159042377215965036e-01,-1.036885834111572896e-01,3.296975078907610768e-01,7.967512771871477772e-01,-5.474553342984189025e-02,4.178565242089771758e-01,7.488653804722104068e-01,-7.447884224422822441e-02,3.106403432994308544e-01,-6.013725277123015411e-01,-6.882524936105650637e-01,-5.597816587968880153e-01,1.663648788661585831e-01,2.344752587368549301e-01,6.765983929208543302e-01,-5.843500251420821051e-02,5.410701067003769182e-01,1.044799462541623342e-01,5.538316491784430751e-01,1.607098222052105452e-01,3.121624148287500122e-01,3.080196089322732034e-01,-1.457631432804424865e-01,-7.228691810383064409e-02,-8.431114912225146085e-01,2.864737427486045984e-01,-3.284586031481742663e-01,-3.661733093836040953e-01,-5.035466175002069056e-01,5.680137828128879462e-01,4.335479536282037527e-01,1.000000000000000000e+00,8.032378117872298606e-01,-4.047648681006654758e-01,5.095456307836775389e-01,-1.979516811173481217e-01,-3.581607667323647836e-03,-3.009934115377113639e-01,-2.686449694081690098e-01,-3.456632220605092010e-01,1.945605639271772436e-01,6.001536956465012285e-01,2.159349111857357950e-01,-5.960468096596978071e-01,-7.182948429374669264e-01,4.031946853078776649e-01,1.196734798449385906e-01,-9.766174390040346376e-01,-1.832739866243591476e-01,6.325342154581271581e-01,-4.516501167692471008e-01,-8.716994013909350469e-01,3.404868310236814910e-01,3.814618260824050311e-01,-9.168789038840245986e-01,-4.043346735285751059e-01,-2.284477557065715536e-01,-3.417283920455986834e-01,-4.071787978001311648e-01,-1.497946679129530112e-01,-8.554340537740355854e-01,-1.405421598912114101e-01,-1.144953696154602102e-01,7.503921047338052430e-01,6.045466447330134496e-01,8.488778061433311928e-01,3.732876107482179240e-01,7.604125479274840282e-01,6.604888828502299969e-01,1.203387259054730513e-01,2.740142309926660302e-01,-6.738723608683512278e-01,-5.390643270782633639e-02,-6.127197874729390925e-01,-8.358741628897493892e-02,-3.682165069867364693e-01,-3.311317183266717645e-01,-5.972312627845232508e-02,-5.213368824308204363e-01,-2.192965661191723648e-01,-8.056616115487270635e-01,-2.801172903391756508e-01,-9.244079431636890998e-02,2.223525045990223242e-02
-4.059063686572885188e-01,-2.808150724398773002e-01,-8.650288389411383561e-01,-5.595309231216962775e-01,-7.191855041625148104e-01,-5.439308797870618939e-01,2.369851840127094530e-02,-7.672978522470851326e-01,-1.543913809021608685e-01,-7.590188053571403359e-02,-5.329404580151220205e-01,8.976707925418113410e-02,-5.860905520996706475e-01,4.729611424223879035e-01,7.248384573606069248e-01,1.098488991697453288e-01,7.759738555515000025e-01,7.251529341516382843e-01,4.918258132547816130e-02,7.193288116772839080e-01,5.327244865159481702e-01,-2.425932535281550284e-01,6.563009281086542579e-01,-1.999733966931008800e-01,-8.616805887651199924e-01,-2.678827999541410487e-01,6.319665178860002230e-01,2.726620373042855094e-01,7.993999458871824393e-01,2.852553009874161383e-01,3.487116932545761827e-01,-1.219234244162557129e-01,6.265944619853577868e-02,2.035288734171421601e-02,-2.673571747896397177e-01,5.270616197811244267e-04,-6.862105510882975379e-01,-4.906483162657123143e-01,-9.670380986697146852e-01,-3.085403258194698295e-01,-6.399088432059830689e-01,-6.098281200432864591e-01,3.752913525019261481e-02,5.909249571940270451e-01,8.468165841627458557e-01,8.032378117872298606e-01,1.000000000000000000e+00,8.145475183341913117e-02,9.018590761046135773e-01,3.512718898674563883e-01,4.868882809393910160e-01,1.335732461183272712e-01,-2.130003533785674863e-01,1.752052982068417752e-01,3.769631532982889999e-01,4.249965469371205090e-02,-3.557392595701422411e-01,-7.936717425579767893e-01,-7.720966136428548676e-01,4.149518093842654611e-03,-3.528667918257479830e-01,-8.039571599430788140e-01,-1.044443597442911292e-01,8.478390992875174670e-02,-7.039898666146303663e-01,-6.036300277377772971e-01,1.999326809681811479e-01,-1.994815803658045728e-01,-9.330585668010811240e-01,-8.373993267584733946e-02,-5.057800523825392025e-01,-1.720746542303464299e-01,-6.329905738649486135e-01,-3.442483119282952614e-02,-4.549931619877934375e-01,-4.826641041136746080e-01,-6.388188025046122043e-01,3.110802481949772047e-01,9.061696962083010121e-01,8.166933539900618211e-01,7.646403498130810439e-01,8.806176273075982941e-01,7.382991820718820541e-01,6.684731390248292993e-01,6.439983641807544013e-01,-2.177320861663450124e-01,3.786687716487103783e-01,-3.452090423496352312e-01,3.450002089652648429e-01,-4.100061239564979920e-01,1.083375164230706705e-01,-8.288878235882411738e-02,-1.013478747030230331e-01,-8.680771123812641710e-02,-8.818307547265565871e-01,-2.251677996433360668e-02,1.193007203107627756e-01,1.125819407278847439e-01
3.418671975061324253e-01,4.892793677053590695e-01,1.532887073853249071e-01,6.196468782819533061e-01,6.455705660064613161e-02,1.781926004420349430e-01,-7.992725406197291882e-01,-3.844409353727634149e-01,-8.388784959589333790e-01,3.877195154609140992e-01,6.388629706647810380e-01,4.142897877697725995e-01,-2.804874598533235730e-01,6.350593143005310859e-01,6.795378390436298544e-01,7.978098904150615622e-01,6.603341488798903924e-01,9.104735771875777095e-02,6.876497448918867939e-01,6.276380940967140054e-01,-1.283629197074852013e-01,2.799260768224138829e-01,6.774731206008683948e-01,3.823099516967899958e-01,-1.764242268421522541e-01,8.377707913988508004e-01,4.150774563950415108e-01,-5.046601851007497253e-01,-2.170549412950233126e-01,-1.644201187329546315e-02,-7.884249736021905486e-01,-8.176831520410972054e-01,-9.731145461746033565e-01,-7.485690047886421894e-01,-9.330794745936059620e-01,-9.104849458255055428e-01,-7.059647000861715149e-01,-8.751253811953066952e-01,-1.181609704368973418e-01,-8.999719954141252032e-01,-7.110647402147077800e-01,1.907040640895152350e-01,9.581846163999020449e-01,3.729026917465546043e-01,5.766154766805793308e-01,-4.047648681006654758e-01,8.145475183341913117e-02,1.000000000000000000e+00,4.473602885672212093e-01,9.386719450110934115e-01,2.984765846279016088e-01,9.734170024252163378e-01,6.570489848438736402e-01,9.802732258031461310e-01,6.985467065755240901e-01,-6.883234891348822826e-01,-9.034299956873634851e-01,1.865091116495181667e-01,-2.728047140845590302e-01,-9.650269615886216679e-01,-2.508006018130966575e-01,4.558972567391471054e-01,-4.267048532973075070e-01,-8.889883410191093960e-01,1.452127480241218183e-01,2.293132534998356120e-01,-7.522156223190850088e-01,-6.237477680865846086e-01,2.053098256589741821e-01,4.868804596619603561e-03,-7.508160583958882750e-01,-2.566097199634730375e-01,-6.269704614273488019e-01,-3.861763026949189825e-01,4.852518186825995894e-01,-7.923509092737893722e-01,-5.694406417994074543e-01,-8.145061184385073982e-01,2.317195765414073738e-01,3.090126814934108720e-02,6.534264976261822122e-01,-2.168391637356774371e-01,3.465480254324133091e-01,7.006861151524018672e-01,7.575445235605946515e-01,9.382821400567683545e-01,9.230914931243020538e-01,8.520411014963871210e-01,9.313139697243590920e-01,5.253965192604781453e-01,9.776144306658957062e-01,5.452503509530336467e-01,9.624907816359085100e-01,7.379209119465254263e-01,2.058082790824947717e-01,7.595967801388665563e-01,4.407584442756789511e-01,3.700341888823967529e-01
-2.391190751641899259e-01,-1.209250762434429527e-01,-7.248821419854365455e-01,-3.084263629082721891e-01,-6.983281512906314159e-01,-3.006504987286765518e-01,-2.000181495080632643e-01,-7.457787118568465212e-01,-5.222166061036778162e-01,-5.443527179354991363e-02,-3.006197717324778362e-01,1.026690805939509815e-01,-7.343349363055038381e-01,5.644614701297790971e-01,9.282955320583673453e-01,3.140039244338166946e-01,9.422444493891471984e-01,5.807410408105095900e-01,1.977762634979380596e-01,8.279798318135417334e-01,3.146425654433684382e-01,-2.349313162675990274e-01,8.071637612637037051e-01,8.259892078242153657e-02,-8.185350180690497135e-01,5.058912032719366930e-02,7.986888551179397444e-01,1.502836033286011064e-01,6.780324514576437922e-01,3.812385615723065668e-01,7.136139502749883068e-02,-3.341252973032328155e-01,-3.228598479231363783e-01,-1.683211276659013766e-01,-6.259231542765543166e-01,-2.845409644194332732e-01,-9.179884771703737956e-01,-7.292233689773039984e-01,-8.650833496383614207e-01,-6.596142437587042551e-01,-7.781019954452066401e-01,-5.750774720414357777e-01,4.238231943421085779e-01,5.560942579349907877e-01,9.719435605255946076e-01,5.095456307836775389e-01,9.018590761046135773e-01,4.473602885672212093e-01,1.000000000000000000e+00,6.831809732351996622e-01,6.622984079635375609e-01,4.586849249301964138e-01,-4.293648201468872744e-02,5.325184018396453833e-01,5.059693992254389316e-01,-3.210935382973067465e-01,-6.914500382054579175e-01,-7.102670597287686904e-01,-7.035585435276014987e-01,-3.309836942026804785e-01,-5.390536299877529691e-01,-5.108936334733190643e-01,-1.208952061605555184e-01,-3.144015840469696621e-01,-6.655044424373035561e-01,-3.420304745009399849e-01,-1.961782403642762032e-02,-5.168707379755475007e-01,-7.400111845840559033e-01,7.190679728207714783e-02,-6.591364840588452845e-01,-1.091444182397343365e-01,-7.212282838684719311e-01,-4.122175131817632648e-02,-1.197069993699578089e-01,-6.748671118374186539e-01,-8.456561428331400565e-01,-6.972056961769602934e-02,9.121801912384277511e-01,6.607118500181476950e-01,9.061205251742422417e-01,7.411118045576451374e-01,6.960008344859055507e-01,9.007012956025741701e-01,8.132826008475153579e-01,1.756616613173041797e-01,6.523913896420042713e-01,-2.740470240719891648e-02,6.252120195627433041e-01,-2.689184386554904771e-01,4.429623888107975249e-01,1.247207028430983959e-02,2.574156303665270373e-01,1.065875014045512686e-01,-7.247925358666438278e-01,2.122907400696362468e-01,2.593648722398982920e-01,1.868188605392421819e-01
1.972262043639528561e-01,3.299025351384791138e-01,-1.155504345369303826e-01,3.721240975785949923e-01,-2.227971484157540982e-01,1.207992276840411661e-01,-6.589016687066823197e-01,-4.963123109908324504e-01,-8.872418369648723546e-01,2.123709604701926879e-01,3.790548912239606327e-01,2.834227195486905271e-01,-5.266439013025927540e-01,6.318053647916274107e-01,8.609419132318744117e-01,6.916270189932941514e-01,8.338149323001904367e-01,1.959051148922107133e-01,5.531491632973304373e-01,7.414489142590394710e-01,-7.024353865398307029e-02,7.402575314381835969e-02,7.832664831471185529e-01,4.075455431504921289e-01,-3.913091362469240941e-01,6.767863940428984204e-01,6.401746490246689181e-01,-2.959178875592959890e-01,6.684562537729338283e-02,1.911031575479947564e-01,-5.785153385753567523e-01,-7.166943642296484951e-01,-8.976760404927651704e-01,-5.994203164623862490e-01,-9.799686581482420777e-01,-7.912040274387717176e-01,-8.858938181514860455e-01,-9.134249603954242014e-01,-3.460435686412223766e-01,-9.658597146815611767e-01,-7.844011542048369146e-01,-9.441957674076968676e-02,9.266985825191520476e-01,4.082932001558606250e-01,7.748598725260124054e-01,-1.979516811173481217e-01,3.512718898674563883e-01,9.386719450110934115e-01,6.831809732351996622e-01,1.000000000000000000e+00,5.260374693722035255e-01,9.187529946920560686e-01,4.556789453780182297e-01,9.671031141942504350e-01,6.671849746205499310e-01,-7.207504126992626547e-01,-9.747978688923639723e-01,-1.205982318777357731e-01,-3.905118342285179289e-01,-8.669273842919120732e-01,-4.548094789274428895e-01,2.257339001592156835e-01,-3.009859673392051294e-01,-8.538495674679812408e-01,-1.528810887549493513e-01,1.453187964563784629e-01,-5.608385736438681324e-01,-7.354573478869481651e-01,-6.092019900390240050e-02,1.178722037203097373e-01,-7.695280972230470473e-01,-1.532939991826989812e-01,-6.861008986629262285e-01,-2.402892020271906459e-01,4.189431413158647421e-01,-8.219599781995594601e-01,-7.685113669773474543e-01,-7.047858272227135457e-01,4.890330102152385949e-01,1.862202269311717673e-01,8.022960790623885341e-01,8.455611929698286788e-02,4.439375673230634423e-01,8.793905501163791216e-01,8.422841676446296555e-01,8.237579804783362603e-01,9.321529525505705127e-01,6.563493581533298427e-01,9.313797328441530965e-01,2.757536405514248723e-01,9.182074129333116508e-01,3.695137027001223484e-01,8.516368897278819849e-01,5.710163240287955411e-01,-7.734245429381468584e-02,6.517845546942464541e-01,4.355237360817296177e-01,3.311292167681779697e-01
-1.466116202464273488e-01,-3.286921225070503771e-01,-4.674259702774462011e-01,-3.643239386315947348e-01,-8.247536959342195440e-01,4.172154306760447739e-01,2.455144471125486894e-01,-4.219345572243955733e-02,-7.000236684286500477e-01,-6.788167265934271777e-01,-4.685064247604581178e-01,-5.886526923960616609e-01,-9.716213504805268908e-01,-1.243432363372317245e-01,7.053024071173000786e-01,-1.987801968531306418e-01,5.799031453495506749e-01,-1.719242645379523426e-01,-3.735755784950328673e-01,2.481407136578400452e-01,-3.603354450551779498e-01,-7.073457984085010919e-01,3.053524723398986507e-01,6.239568771846140116e-01,-3.661523310753611593e-01,-8.030590828131876913e-02,8.426290031892497145e-01,5.838792948842284058e-01,5.938542742234149685e-01,8.883118616386114219e-01,2.948208216438361617e-01,1.839076868914300278e-01,-3.006897195091610686e-01,3.489754867235913549e-01,-5.983829558926286873e-01,8.193416881793563755e-02,-7.586779453111106575e-01,-2.790231042120782656e-01,-3.053159880968727147e-01,-6.638758798064107181e-01,-1.843861313829668891e-01,-8.446625855449668707e-01,4.475793553263089364e-01,-2.185935160319603943e-01,5.840936456511592878e-01,-3.581607667323647836e-03,4.868882809393910160e-01,2.984765846279016088e-01,6.622984079635375609e-01,5.260374693722035255e-01,1.000000000000000000e+00,1.843994310789687785e-01,-5.007126024129409103e-01,3.947693836755087893e-01,-1.496056183087066949e-01,-7.287501468794304049e-01,-6.153746469652263684e-01,-7.550696819806222981e-01,3.064955666994449712e-02,-9.227887524218852944e-02,-9.723827997682946700e-01,-9.168872327411664580e-02,5.752094882093035100e-01,-5.131693209624679231e-01,-8.368078349273234684e-01,3.743090259921609264e-01,3.736739049031578830e-01,-8.706470967238552072e-01,-3.383397577356226926e-01,7.713141174860542737e-01,-4.702467272748280663e-02,6.314833968872001213e-01,-5.118597746959882566e-02,6.336621081452246118e-01,4.799063220379489181e-01,-1.645591475775478318e-01,-8.348832966559941449e-01,-2.892342897678594205e-01,6.295069161471574803e-01,-1.363077425417033757e-02,4.483486046907377842e-01,6.008211830622887106e-01,-4.226907089163180892e-02,7.734864679857905712e-01,2.846293770720760286e-01,2.333807093419843492e-01,2.590704887952563484e-01,-1.690101791598398739e-01,2.371521131298473806e-01,-6.367868949404091872e-01,1.910511043370445028e-01,-5.698283107432841055e-01,1.303988153232755742e-01,-3.681896317949204800e-01,-4.800153885866502157e-01,-8.603361643664905745e-02,1.181556842559370740e-01,-1.200601715635386396e-01
3.298619253338873070e-01,5.383098873636680270e-01,1.260508523540472547e-01,6.288988471950404113e-01,1.275344162590366648e-01,2.448467316040849051e-02,-8.696046053812090948e-01,-4.961980367523043944e-01,-7.505545930597453674e-01,5.214579568615973493e-01,6.749122769785725895e-01,5.540898804546653400e-01,-1.833241318922622376e-01,7.455230407234095802e-01,6.664407877343565545e-01,8.775212945921231356e-01,6.791075100382484298e-01,2.315109192934153293e-01,7.892651382684549022e-01,7.055254733194379346e-01,1.210023788965525725e-02,3.901627342767851059e-01,7.369202600092725763e-01,2.490344178174402900e-01,-2.351271626107162283e-01,8.440334713918540288e-01,3.584630933724010093e-01,-5.982288110519652369e-01,-2.269949827146047205e-01,-1.512908966149938417e-01,-8.224228807777794747e-01,-9.002187180118278453e-01,-9.368229582351051965e-01,-8.398336309803661193e-01,-8.882039048436340956e-01,-9.564583356459469554e-01,-6.770746433883935156e-01,-9.154600366911526121e-01,-1.999000723980271510e-01,-8.418754942419823806e-01,-7.883198126501334002e-01,2.744391897463672181e-01,9.054635296970362512e-01,5.106420241291296236e-01,6.018773871711747825e-01,-3.009934115377113639e-01,1.335732461183272712e-01,9.734170024252163378e-01,4.586849249301964138e-01,9.187529946920560686e-01,1.843994310789687785e-01,1.000000000000000000e+00,7.455701429757687348e-01,9.603042864485270558e-01,8.050337999217171969e-01,-5.604231247641944247e-01,-8.687332684584899711e-01,2.258990670859187255e-01,-4.005146920889903206e-01,-9.789416415932821192e-01,-1.190829275780633800e-01,3.729395709432303807e-01,-5.675492013444733974e-01,-8.054154116334569791e-01,2.123736095494347387e-01,7.739566465317194999e-02,-8.201626187917157029e-01,-5.015421260182824081e-01,1.445378262379335144e-01,-1.569646895998844383e-01,-8.369569095071063280e-01,-4.113934657574924159e-01,-7.265802845068011218e-01,-5.266681499908097974e-01,3.429350604222251575e-01,-8.543519730601070172e-01,-5.157145284905794158e-01,-7.398603449939542553e-01,2.463066075918260711e-01,1.510705647411843544e-01,6.947429170102418228e-01,-2.155294068899671067e-01,4.705986383746535995e-01,6.661700102063154993e-01,8.170434650353812778e-01,8.913281405773159083e-01,9.560686272922714890e-01,8.650745999264872754e-01,9.643508184370963576e-01,6.079124243813419648e-01,9.883117250434996226e-01,6.626752588736816163e-01,9.542383460174405085e-01,8.194334742253021053e-01,1.777977311345309008e-01,7.994565079436685151e-01,4.501289704570792249e-01,4.290150339673964308e-01
3.903182349527574146e-01,6.921599850480140148e-01,4.262217866761924823e-01,7.986154333960285845e-01,6.612622985618940019e-01,-2.498053127187387645e-01,-9.253884628680837388e-01,-4.025601006313744845e-01,-1.950243208679584561e-01,9.080916617561556325e-01,9.071345555115531978e-01,8.751327015979356583e-01,4.859815067425826141e-01,7.331581879010073965e-01,1.134117255991603235e-01,9.010624544429297611e-01,2.066964473113978573e-01,3.104330139977592995e-01,9.389558286094901174e-01,4.501308323184289861e-01,2.470963075877934678e-01,8.127949426346779971e-01,4.406566251326137218e-01,-1.951665360542917116e-01,4.124826439953081791e-02,7.944677915161240112e-01,-2.475943364958278214e-01,-9.119464284561232814e-01,-5.966890995267242204e-01,-7.214945870788012083e-01,-9.196194162397267613e-01,-9.120995084509754269e-01,-6.260708461732386043e-01,-9.685984703472088064e-01,-3.817414235779155729e-01,-8.939206956918925862e-01,-8.690893241525403379e-02,-6.154830511794904258e-01,3.402075857480221788e-02,-2.977944229034000245e-01,-5.649595959285002023e-01,8.043188483409248191e-01,4.993700167162068437e-01,5.879667180276340055e-01,1.354136444122195360e-01,-2.686449694081690098e-01,-2.130003533785674863e-01,6.570489848438736402e-01,-4.293648201468872744e-02,4.556789453780182297e-01,-5.007126024129409103e-01,7.455701429757687348e-01,1.000000000000000000e+00,5.821550841601650372e-01,8.017460176503345970e-01,-1.168309956868650475e-02,-3.522824022755159379e-01,7.035591427360452510e-01,-3.686317582528733650e-01,-7.981049626024676602e-01,5.390129639461462840e-01,3.945580143398891293e-01,-8.768317881779447154e-01,-3.687721858547846066e-01,7.448673898213333811e-01,-1.743585343515654806e-01,-9.686187560498193960e-01,1.366567066146598119e-01,3.578198292373185319e-01,-6.467462585101169115e-01,-6.995562802479704523e-01,-7.773707630049013773e-01,-5.989038318687028850e-01,-8.813601403760535913e-01,-1.230912126576169489e-02,-6.374075570101189747e-01,1.044928034318847176e-01,-4.599207989753431036e-01,-2.084564453975422116e-01,1.346498475065866784e-01,3.072103983021696183e-01,-5.935985504202601071e-01,4.349369803269500512e-01,6.793083379812385469e-02,5.236402334414635984e-01,6.300012855869047135e-01,6.649121704169066449e-01,8.739826606139354803e-01,6.873370711123244492e-01,9.580216903051703703e-01,7.417077202853308293e-01,9.605384962361487311e-01,7.525890011811875446e-01,9.652412686596246738e-01,4.800778111172838702e-01,7.569752806124431244e-01,3.138558392792398233e-01,4.578741179711970366e-01
2.998312886800287846e-01,4.328466566484180933e-01,6.058054933053571428e-02,5.347717788456444188e-01,-4.603967950353714950e-02,1.791974229446516853e-01,-7.460835396365689265e-01,-4.123342963104713599e-01,-8.733369806478761266e-01,3.100167145153127635e-01,5.455974995873664746e-01,3.522447108590850973e-01,-3.834452367471266054e-01,6.238399584227913852e-01,7.524407197125027036e-01,7.541187073195629864e-01,7.251562534305198149e-01,1.089146161763048237e-01,6.298372974517004730e-01,6.652593617214360711e-01,-1.263711568110645334e-01,1.944848355999987954e-01,7.152417346686237298e-01,4.129165890479785106e-01,-2.471299183880896477e-01,7.860110461205163102e-01,5.086327930714703571e-01,-4.204643647882864155e-01,-1.162270487484956399e-01,7.670947017679281832e-02,-7.157211618714410806e-01,-7.805397327640262173e-01,-9.642949336994018905e-01,-6.908373313981946984e-01,-9.629165662552681137e-01,-8.682652758148785566e-01,-7.773908087735292849e-01,-8.881390462376492767e-01,-1.903510216989230952e-01,-9.368276074738445258e-01,-7.324416873427614938e-01,7.871647282573018822e-02,9.612956286885793178e-01,3.692004538266627223e-01,6.483343787334110431e-01,-3.456632220605092010e-01,1.752052982068417752e-01,9.802732258031461310e-01,5.325184018396453833e-01,9.671031141942504350e-01,3.947693836755087893e-01,9.603042864485270558e-01,5.821550841601650372e-01,1.000000000000000000e+00,6.790608262718580423e-01,-7.304581523052929848e-01,-9.454378434619145066e-01,7.397694589821879330e-02,-3.012224121438860092e-01,-9.377712276497564003e-01,-3.447922627342397961e-01,3.896840085935190934e-01,-3.640504086274456430e-01,-8.956518638145813949e-01,3.030873795211086116e-02,2.227560618809822368e-01,-6.797944748230163592e-01,-6.850510393114191965e-01,1.204124929369714964e-01,6.816953440041098600e-02,-7.510323041990066839e-01,-2.006558868831172793e-01,-6.395342060597332123e-01,-3.183249130521860759e-01,4.836215466810289687e-01,-8.005218851577162731e-01,-6.513301657767451847e-01,-7.905052846014943846e-01,3.233318421848132562e-01,7.097936514327203572e-02,7.055223556582328470e-01,-1.115531690223238864e-01,3.675717963333486327e-01,7.737229399249460071e-01,7.849142005120567367e-01,9.092136632165246368e-01,9.280002724022293759e-01,7.877376505695579123e-01,9.341136542285927158e-01,4.310471083326548047e-01,9.665082599483011405e-01,4.720916542562639262e-01,9.334927146687646005e-01,6.740025846322014180e-01,1.078919950557625518e-01,7.229206162350397813e-01,4.413387419929357680e-01,3.589500310059864918e-01
1.348160356870686527e-01,5.009893307161006337e-01,-9.912098508115360640e-02,4.388298574874185953e-01,1.971401368925197184e-01,-5.225616120941277698e-01,-8.702336399150275570e-01,-8.221127648922978981e-01,-3.110658198122748241e-01,7.972613443851701565e-01,5.487731579081147615e-01,8.647403836401998944e-01,8.704758708763596364e-02,9.679390257646630635e-01,5.555966579984223941e-01,9.199293190548397670e-01,6.672943124242748381e-01,7.034491036690192489e-01,9.154929431029884546e-01,8.592651138173016401e-01,5.137028059843115058e-01,5.968218524171914341e-01,8.206476694906976732e-01,-2.589201975785728194e-01,-4.781399406723690348e-01,6.211729251266264740e-01,1.727880861224135034e-01,-7.082533147354106440e-01,-8.835763940219786006e-02,-4.917996442968612381e-01,-6.777612786149349589e-01,-9.391024344875269492e-01,-5.820352337381003993e-01,-9.044457549783045947e-01,-5.512805654979207048e-01,-8.575430752171722126e-01,-5.129143294308704526e-01,-8.858564961004096183e-01,-5.279591122465172592e-01,-4.953263592106214031e-01,-9.165695516333988158e-01,3.889037211635781310e-01,5.259750820414937911e-01,8.901155442597556977e-01,6.405981759205118253e-01,1.945605639271772436e-01,3.769631532982889999e-01,6.985467065755240901e-01,5.059693992254389316e-01,6.671849746205499310e-01,-1.496056183087066949e-01,8.050337999217171969e-01,8.017460176503345970e-01,6.790608262718580423e-01,1.000000000000000000e+00,-2.226695750994565209e-02,-5.787621695599954874e-01,1.870232284532806488e-01,-7.904738887739424236e-01,-7.738223544884569316e-01,2.727141547589398418e-01,-7.956866180108236597e-02,-8.769703500379582017e-01,-3.322767356678042461e-01,2.770457194721897554e-01,-4.919127105002402689e-01,-8.009046211114879688e-01,-2.389651822039246323e-02,-2.015237616132274645e-01,-6.321744161387443661e-01,-9.631677380948883149e-01,-8.146744966674538402e-01,-9.393860319540322523e-01,-8.371281798143026531e-01,-2.457449295008948542e-01,-8.953490636759919852e-01,-3.030638980149523709e-01,-2.821976581156622754e-01,3.437735265915219940e-01,5.910032662605405607e-01,7.522213700944873072e-01,-4.292665315965066286e-02,8.337600639755949894e-01,4.820414795989971801e-01,8.842378258304492977e-01,4.971579840028235164e-01,8.692328723181635963e-01,6.373060170608714214e-01,8.718944438022065979e-01,6.595463153324848671e-01,7.861110883376765113e-01,8.510537314414420296e-01,6.745912551088613096e-01,8.612910063698135943e-01,-6.303303851771870081e-02,7.113356915013132609e-01,3.686804305797701242e-01,4.871803502624030280e-01
-2.547260374479727862e-01,-9.677615923206027426e-02,-1.132352391499004546e-01,-2.694382247257443019e-01,3.061310804657297324e-01,-7.069534634370515658e-01,1.929803878457952704e-01,-1.603302725216927405e-01,9.161083035365032989e-01,3.443162404166096313e-01,-1.825780922979930998e-01,3.382727880368308071e-01,6.603062172873689351e-01,3.231082605850930933e-02,-5.626853793247906799e-01,-1.637447827912078546e-01,-4.193331534751041367e-01,4.696028025093491043e-01,7.420074512334229322e-03,-1.495224039647912173e-01,6.342749476124768249e-01,3.364704783575380720e-01,-2.542368759470049477e-01,-8.139245295551900128e-01,-4.708636164203545277e-02,-4.778952210955209612e-01,-5.964592179749930168e-01,-1.142964146382137447e-01,1.429310377207353329e-02,-5.997592928104209520e-01,3.113278403291916963e-01,1.829881910372982701e-01,7.622492239183868978e-01,8.220236331998674595e-02,8.191972144792125654e-01,3.733880441753266166e-01,6.349722169211887701e-01,4.125741329827432580e-01,-1.685298857445232668e-01,8.400290060653505808e-01,1.792847155389565572e-01,3.129108348085415381e-01,-8.222353832611786206e-01,3.001412989969927114e-01,-3.460786291180761864e-01,6.001536956465012285e-01,4.249965469371205090e-02,-6.883234891348822826e-01,-3.210935382973067465e-01,-7.207504126992626547e-01,-7.287501468794304049e-01,-5.604231247641944247e-01,-1.168309956868650475e-02,-7.304581523052929848e-01,-2.226695750994565209e-02,1.000000000000000000e+00,7.693093244947167841e-01,1.384558827029656325e-01,-2.841274076104202684e-01,5.502511722564943364e-01,7.619618645113244160e-01,-5.507025697424113853e-01,-3.314771464402171408e-01,9.085578542203921470e-01,2.798720283993456071e-01,-7.319655043042628817e-01,1.508438739067602119e-01,9.382647646050891188e-01,-2.847699816472407108e-01,-6.960413035586675568e-01,1.500322635254961734e-01,-4.930926360601940450e-01,2.981174896365591104e-02,-3.630985670023624268e-01,-8.667198764866924643e-01,2.807853547445752218e-01,6.576899783545373523e-01,7.944961043373118814e-01,-1.883583026626182155e-01,4.051647517656754571e-01,-3.106799771836792901e-01,4.166380000578590037e-02,2.376262081939484738e-01,-6.558226943923320951e-01,-2.835742566153679478e-01,-7.593611390040192477e-01,-4.753612791499085555e-01,-4.459779722505425870e-01,-4.787203011263085339e-01,7.267141324868846286e-02,-5.849407397272855524e-01,1.732609014898596200e-01,-6.319365359333807275e-01,-9.216497985050151054e-02,-1.371590386107605919e-01,-3.159820138047269023e-01,-2.665386631164868847e-01,-2.333112812025808433e-02
-1.828470050364262578e-01,-2.655492560523017853e-01,1.397448170915818744e-01,-3.079078013523498525e-01,3.005146657798421495e-01,-1.972504077530618793e-01,5.658688510199721966e-01,4.270228622643150174e-01,9.155597126790497864e-01,-9.217687524384550468e-02,-2.971586295054918225e-01,-1.631157333269604437e-01,6.094345976809733001e-01,-5.378331499855421027e-01,-8.676767570221920467e-01,-5.987401739956615954e-01,-8.208359508224285506e-01,-1.222746550526162684e-01,-4.486751231701993636e-01,-6.898363500483117861e-01,1.467291518670995054e-01,3.263391548931315195e-02,-7.396318997077458990e-01,-4.839699466039769082e-01,3.789166012259493899e-01,-6.226934224249630612e-01,-6.933453975603436348e-01,1.943344653923110843e-01,-1.182640490404881090e-01,-3.012479903993043329e-01,5.013332458596375663e-01,6.270004780498439345e-01,8.752514122305109501e-01,4.979188048851116988e-01,9.790369113117394217e-01,7.120366276417506857e-01,9.000958578901121498e-01,8.594847204181493838e-01,3.235839728928663339e-01,9.752708991692012885e-01,7.207147459250142774e-01,1.919536195794283306e-01,-9.179691359965256314e-01,-3.146867010248633467e-01,-7.651138439965381455e-01,2.159349111857357950e-01,-3.557392595701422411e-01,-9.034299956873634851e-01,-6.914500382054579175e-01,-9.747978688923639723e-01,-6.153746469652263684e-01,-8.687332684584899711e-01,-3.522824022755159379e-01,-9.454378434619145066e-01,-5.787621695599954874e-01,7.693093244947167841e-01,1.000000000000000000e+00,1.929440667216682781e-01,3.189335219436157942e-01,8.108237957721754485e-01,5.504347367588910966e-01,-2.293915488582807249e-01,1.816098181661920385e-01,8.663813828940014616e-01,2.397438858191277000e-01,-2.181491424266944756e-01,4.631952986310519105e-01,8.021563571924930081e-01,6.878030977388167877e-02,-2.332609962955801697e-01,6.902362596467767064e-01,3.362859826728591822e-02,6.098404170809555991e-01,1.195228901144013561e-01,-4.793880150815931773e-01,7.590380313515161514e-01,8.064933420832980371e-01,7.044033785918751844e-01,-5.076403993448976859e-01,-1.319607374299958391e-01,-7.719815134102113729e-01,-1.331714250949701528e-01,-3.684568851687469726e-01,-8.977668924893226210e-01,-7.886251490603591874e-01,-8.001984510060579092e-01,-8.785585228333984142e-01,-5.903714480522483932e-01,-8.761054563861462308e-01,-1.719233030979867849e-01,-8.704280845771847908e-01,-2.538744151581927566e-01,-8.095647593733634739e-01,-4.705088410361144557e-01,1.070913001353128446e-01,-5.889367768881361709e-01,-4.193097355373395230e-01,-2.825492945834613967e-01
4.556428626465349185e-01,5.641454892882989958e-01,8.169969214198882224e-01,7.866111328533711422e-01,9.250693068639707084e-01,1.007492463120891468e-01,-5.072431449870190567e-01,2.689790349058933105e-01,1.661385999382370970e-01,6.320567192659763966e-01,8.499585514770812145e-01,4.987917887962013963e-01,8.033019478232356070e-01,9.774859674143641930e-02,-5.384515315319581275e-01,4.075002706629465843e-01,-4.963712807586950215e-01,-2.401235673663182635e-01,5.040217780454967489e-01,-2.749333738484854850e-01,-1.087916508387282571e-01,7.038584164865654413e-01,-2.600190401330454426e-01,-1.271811199644003187e-01,6.256083474078273365e-01,5.472961760475694160e-01,-6.982265743581315132e-01,-7.225519140778340343e-01,-9.021748344067647141e-01,-7.214540264043957096e-01,-7.058644782755599811e-01,-3.994645140575098230e-01,-2.568080535452472168e-01,-5.472423496897279582e-01,1.207108044819227843e-01,-4.378229054111836827e-01,5.428991825535145477e-01,6.503606792156840788e-02,6.546193465925037591e-01,1.989443749470475864e-01,1.542559834288030618e-01,9.357273773763291613e-01,1.055418031590698164e-01,-1.844093953829801374e-02,-5.743107813320553756e-01,-5.960468096596978071e-01,-7.936717425579767893e-01,1.865091116495181667e-01,-7.102670597287686904e-01,-1.205982318777357731e-01,-7.550696819806222981e-01,2.258990670859187255e-01,7.035591427360452510e-01,7.397694589821879330e-02,1.870232284532806488e-01,1.384558827029656325e-01,1.929440667216682781e-01,1.000000000000000000e+00,2.686601927865970851e-01,-3.555344172939770009e-01,6.927277729805828566e-01,6.809185889942808156e-01,-4.880652238195951620e-01,-1.027397308581388669e-01,9.636709671469778637e-01,1.849021696161602113e-01,-6.640211063064881403e-01,3.864414426925365520e-01,7.984591366234922161e-01,-4.385476043183254569e-01,-2.164293008143909278e-02,-4.151058114031667134e-01,1.022714341323011922e-01,-5.447760217376172998e-01,1.472794874651315589e-01,2.348875726345698092e-02,6.224153858060755828e-01,-3.307419673414300210e-01,-7.801352629841029618e-01,-4.117311127284148387e-01,-4.106722798027457322e-01,-9.391753574252901249e-01,-2.177702555048894317e-01,-5.431484280982219470e-01,-1.984399154348966410e-01,3.674903152825466091e-01,2.833230714170985667e-02,6.523401618059125884e-01,6.247153114954427655e-02,8.440345044018716658e-01,2.368697691661869886e-01,6.352117541839165105e-01,3.814665613749739226e-01,5.916020161908296382e-01,8.635160877337065832e-01,3.856155298061453296e-01,5.751998382542841681e-02,1.754735851704150584e-01
2.064866585490390816e-01,-1.241567498533725777e-01,5.597145344772056497e-01,1.161810712617525609e-01,1.873577394787014350e-01,8.019578561424332008e-01,4.522671048551543671e-01,9.508588254374025217e-01,1.389878939494376513e-02,-5.323091208459449497e-01,1.019045272424139170e-02,-6.580130382390777521e-01,8.187426866339915510e-02,-8.405615423293443245e-01,-5.663434444574075854e-01,-5.607767940968134690e-01,-7.026378518093029379e-01,-9.433681887202056693e-01,-5.728689229978617403e-01,-8.652352525352468016e-01,-7.752785161556143834e-01,-3.126841427923465755e-01,-7.822234782487393900e-01,4.927095798054966225e-01,7.742394331175721511e-01,-9.420352048489630259e-02,-2.865603472884881708e-01,3.088864757283723006e-01,-3.900035096056316819e-01,3.006540971627227887e-01,1.278810375587991210e-01,5.795750615019156227e-01,1.030552214579046888e-01,5.088025056520261158e-01,2.467913485504259763e-01,4.097447504322099254e-01,5.013510677277568384e-01,6.799624156510762907e-01,8.844275801411952687e-01,2.283966974048164400e-01,8.432899966352986887e-01,9.765993627675944797e-03,-1.064885926131571153e-01,-9.338035934087038914e-01,-7.448011506378576785e-01,-7.182948429374669264e-01,-7.720966136428548676e-01,-2.728047140845590302e-01,-7.035585435276014987e-01,-3.905118342285179289e-01,3.064955666994449712e-02,-4.005146920889903206e-01,-3.686317582528733650e-01,-3.012224121438860092e-01,-7.904738887739424236e-01,-2.841274076104202684e-01,3.189335219436157942e-01,2.686601927865970851e-01,1.000000000000000000e+00,3.099725627952458207e-01,-1.842324232190430400e-01,6.358560577783262113e-01,6.711717054717653008e-01,-1.019526117780430868e-01,1.377480747043789699e-01,8.243399270831597292e-01,3.261461413903954387e-01,-1.407172913243917578e-01,7.052627302371287099e-01,6.164032497853076942e-01,8.053805322674413292e-01,7.158769945229330744e-01,8.941406054679461590e-01,6.198966934644135618e-01,6.323949065524601121e-01,7.159852858711321932e-01,3.439286637321782858e-01,-2.208639905838260253e-01,-6.395684036629207814e-01,-9.074186865770501598e-01,-7.754530297018833451e-01,-4.621405064540569652e-01,-9.629600128479401944e-01,-4.652362722036045284e-01,-7.969627802711163334e-01,3.201242640583790156e-02,-5.917960242460056364e-01,-6.946144744959362183e-02,-5.761599371601859865e-01,-1.920645974937998379e-01,-3.676987990916303350e-01,-5.141328589019928952e-01,-1.703612014403261543e-01,-4.400065549954403910e-01,5.589399001353214658e-01,-3.195561626119294840e-01,-2.070103570199102461e-01,-3.406305595923301843e-01
-3.948614040866010311e-01,-5.972722824133613884e-01,-2.526421431364372916e-01,-7.152276855409088752e-01,-2.467226692746639638e-01,-7.763946650254642534e-02,8.910835857413129668e-01,4.045740824670848168e-01,7.151069674367714901e-01,-5.598621636204007546e-01,-7.637834792111015680e-01,-5.692471042353917099e-01,8.031072792982067721e-02,-6.996570114991066403e-01,-5.604937515025183448e-01,-8.796944482466063642e-01,-5.709346739040397356e-01,-1.485529673990702293e-01,-8.037702661352262856e-01,-6.155083910108734013e-01,4.563203968087015117e-02,-4.435921373524098765e-01,-6.553399831301828238e-01,-2.611612547441354848e-01,1.173096301441001327e-01,-8.959359805545524802e-01,-2.617521772314024830e-01,6.609518882655875949e-01,3.526639347780315958e-01,2.198405987856547616e-01,8.865428703617161954e-01,9.018719147208213993e-01,9.466995078986762957e-01,8.626819958450874237e-01,8.430260109544219782e-01,9.695458846637341477e-01,5.744976115043028964e-01,8.557481469643452021e-01,7.225199826118000601e-02,7.901625970599710502e-01,7.111171613151758830e-01,-3.817168917606764689e-01,-8.957882285634369834e-01,-4.497809371014539481e-01,-4.831892985836028220e-01,4.031946853078776649e-01,4.149518093842654611e-03,-9.650269615886216679e-01,-3.309836942026804785e-01,-8.669273842919120732e-01,-9.227887524218852944e-02,-9.789416415932821192e-01,-7.981049626024676602e-01,-9.377712276497564003e-01,-7.738223544884569316e-01,5.502511722564943364e-01,8.108237957721754485e-01,-3.555344172939770009e-01,3.099725627952458207e-01,1.000000000000000000e+00,3.999342762348661456e-02,-4.830340869526813519e-01,5.803790872652352384e-01,8.073251170775526120e-01,-3.316328898127585689e-01,-1.413071088890424931e-01,8.659971565137808414e-01,4.531839075831902708e-01,-2.736328174348574560e-01,1.729422295145915667e-01,7.815157335357082458e-01,4.154233396479190543e-01,6.541352096956072337e-01,5.495530789677856021e-01,-3.858548896807783568e-01,7.979140480225100918e-01,4.142213974894076167e-01,7.770901600615234273e-01,-1.138107664282794473e-01,-5.264559020815180734e-02,-5.936127024343589298e-01,3.458964425638761386e-01,-3.848338540079431769e-01,-5.629994948083607564e-01,-7.366453047812623334e-01,-9.207097214847557165e-01,-9.116256677204961356e-01,-9.217735405314757546e-01,-9.251963705906551816e-01,-6.871436644346817779e-01,-9.815463717457311166e-01,-6.998257996744048359e-01,-9.718422139940277038e-01,-8.493133382095907624e-01,-3.042309307980939903e-01,-8.120480474940416915e-01,-4.303109208918406980e-01,-4.179628652505103514e-01
1.096077694599936897e-01,3.361160643339545784e-01,3.721774948113662496e-01,3.318931901433749276e-01,7.748878041600392175e-01,-5.416772955338801099e-01,-3.108476495304292597e-01,-1.131134389114974714e-01,6.859091869411397813e-01,7.493832365357627756e-01,4.553805465249219364e-01,6.818586041222930438e-01,9.409693258920781567e-01,2.561576171894145437e-01,-6.044827259821612397e-01,2.836984336143508756e-01,-4.592085107877564853e-01,3.232866054435051262e-01,4.613278463288723596e-01,-1.065131965685726378e-01,4.852982139374183435e-01,7.433158041610450351e-01,-1.812809212668168579e-01,-6.967273508427256345e-01,2.406487142699487991e-01,9.313874204110468569e-02,-7.862708843048050733e-01,-6.164216143042569040e-01,-5.244253810952846928e-01,-9.198789693524963562e-01,-3.059812427953726433e-01,-2.694550503305717104e-01,2.829986490150973033e-01,-4.195913073459965337e-01,5.456878516976402249e-01,-1.432080457793740436e-01,6.636943317082140137e-01,1.662116395755474096e-01,1.569993907748305773e-01,6.150493093492124252e-01,4.610362544667336721e-02,8.245620892573660710e-01,-4.234376481427796768e-01,3.643681057901668741e-01,-4.544469917148439286e-01,1.196734798449385906e-01,-3.528667918257479830e-01,-2.508006018130966575e-01,-5.390536299877529691e-01,-4.548094789274428895e-01,-9.723827997682946700e-01,-1.190829275780633800e-01,5.390129639461462840e-01,-3.447922627342397961e-01,2.727141547589398418e-01,7.619618645113244160e-01,5.504347367588910966e-01,6.927277729805828566e-01,-1.842324232190430400e-01,3.999342762348661456e-02,1.000000000000000000e+00,-1.718158617639639965e-02,-6.776350684027956373e-01,5.252248339759817419e-01,8.013666722338376180e-01,-5.046384476720707779e-01,-4.183886916522701060e-01,8.808281452694457503e-01,2.173597497831225300e-01,-8.592632224664301654e-01,-8.225601554457874498e-02,-7.354501895749969709e-01,-9.305277848889816072e-02,-7.206080572605098045e-01,-5.745115318046790653e-01,4.686260583381979261e-02,7.640623307277450982e-01,3.214799086371584180e-01,-5.147691799981847227e-01,1.604546502920181361e-01,-3.139877023618374841e-01,-5.117758265090954772e-01,1.974378070338403124e-01,-6.833527677380966114e-01,-1.509108753206869213e-01,-2.353215983890135921e-01,-1.606324047520678033e-01,1.741163264921177234e-01,-1.415962872307612030e-01,6.508148038358693155e-01,-1.325486332937252931e-01,6.368497350648726352e-01,-1.036749413877408182e-01,4.270297159503137485e-01,3.782272987388377028e-01,1.378978524053260102e-01,-8.225617891918030056e-02,1.634823309592580431e-01
5.346866658359979985e-01,4.145435186647386527e-01,8.107187061393630323e-01,7.502387749735739408e-01,5.269784869028691920e-01,7.154327520311474231e-01,-3.418298311928331112e-01,5.564551814049135681e-01,-4.201315606572580408e-01,9.145645418990930309e-02,7.094865589667282979e-01,-3.593309208785089304e-02,2.003822394409011942e-01,-1.905411438789580136e-01,-2.111295101316543743e-01,2.194506702496456241e-01,-3.063128241563534138e-01,-7.184808916795132339e-01,1.883702542536278834e-01,-3.552931744893475519e-01,-6.737032616049616340e-01,2.106058996231447156e-01,-2.567550642380465598e-01,5.276395718398287915e-01,6.852364257710428230e-01,6.335013719852709002e-01,-2.260755511504311532e-01,-3.544048175799184297e-01,-7.485165102765193312e-01,-6.800192072625763084e-02,-6.381997663011690358e-01,-2.186755490261994284e-01,-5.961456252642157727e-01,-2.860326218747905602e-01,-3.245175378441119141e-01,-4.080507126221590841e-01,1.513566741630882062e-01,-1.306631335109823726e-03,8.120176365161663190e-01,-2.884931518508057069e-01,2.440628767048223513e-01,4.761301888078466327e-01,5.274635293910227007e-01,-4.565727866985209160e-01,-4.135286520788159503e-01,-9.766174390040346376e-01,-8.039571599430788140e-01,4.558972567391471054e-01,-5.108936334733190643e-01,2.257339001592156835e-01,-9.168872327411664580e-02,3.729395709432303807e-01,3.945580143398891293e-01,3.896840085935190934e-01,-7.956866180108236597e-02,-5.507025697424113853e-01,-2.293915488582807249e-01,6.809185889942808156e-01,6.358560577783262113e-01,-4.830340869526813519e-01,-1.718158617639639965e-02,1.000000000000000000e+00,4.112317786946229764e-02,-6.417422650674800000e-01,5.585612294877810857e-01,7.995273270205377480e-01,-4.678156698721484541e-01,-3.213797597465902767e-01,9.352410239068724707e-01,2.772874895299318743e-01,1.270909700617339766e-01,2.041750283425886603e-01,3.100247038176635606e-01,6.654788083206878910e-03,7.957427060257925566e-01,5.456022352716459467e-02,1.466798307789128064e-01,-7.627959337652913119e-01,-6.185904448482725249e-01,-7.866582408311708630e-01,-3.266934226666776686e-01,-8.165822759001019060e-01,-5.687890089509259894e-01,-1.293269855482131192e-01,-2.007016559618303442e-01,7.129677163017852370e-01,1.289451551605095836e-01,6.989155146695289478e-01,1.583531366274177066e-01,4.915563566474364654e-01,4.013882033377129122e-01,1.943770944715716154e-01,5.879062132354432313e-01,3.434610782737709256e-01,8.502804917699577913e-01,3.695056464121055373e-01,1.171971698197915301e-01,4.539410417631339206e-02
-1.624888469967533111e-01,-5.411761423034366913e-01,-1.201635026590099492e-01,-5.070890918428793137e-01,-5.219488937739761303e-01,6.442431292479947613e-01,8.175994215808878307e-01,6.729565135362250983e-01,-7.703006055105519889e-02,-9.673903727242568751e-01,-6.520039011345745150e-01,-9.844059597702617959e-01,-5.190627727009738956e-01,-8.579027903946193634e-01,-1.321206106087670362e-01,-8.459298332976500356e-01,-2.838105869801749725e-01,-6.761612158207793710e-01,-9.287599898523076769e-01,-5.919634710236173492e-01,-6.121568654122108155e-01,-8.298242241636115679e-01,-5.224808104300501244e-01,5.237124868163832714e-01,2.198761302907771276e-01,-5.245447574747739150e-01,2.610502589106692972e-01,8.297480108900211482e-01,3.423299923077385842e-01,8.142705414571235201e-01,6.741424395020113591e-01,8.479299651436428276e-01,3.239264439275758578e-01,8.948719310569908103e-01,1.721042126275275086e-01,7.325420214737812241e-01,7.511299895651792069e-02,5.996468639751898477e-01,3.119362489228623692e-01,9.567663020043309929e-02,6.745147079403782664e-01,-6.965962830368108705e-01,-2.146658430089314340e-01,-8.447992881249741792e-01,-2.645978301319753534e-01,-1.832739866243591476e-01,-1.044443597442911292e-01,-4.267048532973075070e-01,-1.208952061605555184e-01,-3.009859673392051294e-01,5.752094882093035100e-01,-5.675492013444733974e-01,-8.768317881779447154e-01,-3.640504086274456430e-01,-8.769703500379582017e-01,-3.314771464402171408e-01,1.816098181661920385e-01,-4.880652238195951620e-01,6.711717054717653008e-01,5.803790872652352384e-01,-6.776350684027956373e-01,4.112317786946229764e-02,1.000000000000000000e+00,2.137768974457894544e-02,-6.105413639615958621e-01,5.983982491810656557e-01,8.275681203605382841e-01,-3.931533827554817284e-01,2.556516949793157314e-02,8.872294911932578909e-01,7.731301838692973272e-01,9.678992691977214013e-01,7.556155287637271734e-01,9.823845595779809869e-01,4.414555855439916687e-01,6.639919122144160024e-01,-1.324547762467723766e-01,8.206025917620803078e-02,-6.914116544895052355e-03,-5.111685608730802688e-01,-4.210653003201102473e-01,2.934915287181519283e-01,-7.205084882528264290e-01,-4.499190865108782661e-02,-6.017361500601703383e-01,-2.856973526598640123e-01,-5.920296880922804039e-01,-5.867113160961662244e-01,-6.025688429810626134e-01,-8.227855081446748819e-01,-5.457382263681070933e-01,-9.541605511786134253e-01,-4.801857211001411829e-01,-8.706035781307456256e-01,-1.575142570408687714e-01,-6.153953293678274816e-01,-2.445163712681918400e-01,-4.557091842421532868e-01
-3.787650434134840483e-01,-3.260001389560949758e-01,-2.419515783224850947e-01,-5.391557522393345403e-01,5.780787533341790602e-02,-5.484331230329592133e-01,5.269697045144697833e-01,2.245002550981083089e-02,9.392979091953911341e-01,-1.551254804962614101e-02,-4.928239754825906593e-01,-1.410835427169182012e-02,4.575349815121000918e-01,-2.613995949257713614e-01,-5.953754588506275924e-01,-4.942066777021740243e-01,-4.953970952208850420e-01,3.057375350558122484e-01,-3.475316495080018608e-01,-3.270936981845427027e-01,4.929861315250017584e-01,9.282567249741552340e-03,-4.225223636181687503e-01,-6.854381438179114605e-01,-3.305931621615140759e-02,-7.282229131740924899e-01,-4.779580314611823200e-01,2.298199991763051619e-01,2.083953101110249673e-01,-2.943581076519195538e-01,6.191891101669771968e-01,5.118259302148143730e-01,9.372372891800337946e-01,4.354104172542590523e-01,9.149793479670031981e-01,6.807615789985890231e-01,6.495793217383235563e-01,6.316893065002591179e-01,-1.367309496788302048e-01,9.065301265143330678e-01,4.008240292629020041e-01,1.276164531601920761e-02,-9.555713334199306130e-01,3.940176611892361874e-02,-4.035363696678249679e-01,6.325342154581271581e-01,8.478390992875174670e-02,-8.889883410191093960e-01,-3.144015840469696621e-01,-8.538495674679812408e-01,-5.131693209624679231e-01,-8.054154116334569791e-01,-3.687721858547846066e-01,-8.956518638145813949e-01,-3.322767356678042461e-01,9.085578542203921470e-01,8.663813828940014616e-01,-1.027397308581388669e-01,-1.019526117780430868e-01,8.073251170775526120e-01,5.252248339759817419e-01,-6.417422650674800000e-01,2.137768974457894544e-02,1.000000000000000000e+00,5.827858213868174903e-03,-6.082582719639291202e-01,5.023381191538107693e-01,8.419947253007975529e-01,-3.754907094804160739e-01,-4.097162141375260691e-01,4.201140340508663362e-01,-1.665029870595672590e-01,2.732712978771436041e-01,-8.630388887048446103e-03,-7.919975699694430382e-01,5.180142227147807032e-01,5.992651139934688231e-01,9.054925367050512541e-01,-1.304317768566058966e-01,3.002854793805131983e-01,-4.315900322242172682e-01,2.321756166762043161e-01,3.459357991593881021e-02,-6.607859722274884717e-01,-4.830800533516975692e-01,-9.367750667306772305e-01,-7.055369811267110380e-01,-7.301576311636706063e-01,-7.122774907713987913e-01,-2.749801744983883522e-01,-8.207426951995369091e-01,-1.927847155429524006e-01,-8.655357340325230409e-01,-4.441059322962984113e-01,-2.853959548965570026e-01,-5.786826578373315266e-01,-3.643436460516598641e-01,-2.118212054515442311e-01
4.067468810020229975e-01,5.661864125685774907e-01,7.562226848654647338e-01,7.467963665322006062e-01,9.372908286384578069e-01,-7.329572630555017398e-02,-5.414927724805398412e-01,1.395554239152581311e-01,2.634258387006206958e-01,7.368959595329818146e-01,8.354436773898288315e-01,6.169264747891066714e-01,8.737150583356069200e-01,2.018603920521845063e-01,-5.402183884740731079e-01,4.571687761397679184e-01,-4.693140006622845695e-01,-8.242847363307302666e-02,5.788815792038716213e-01,-1.988226598354033148e-01,5.306244476020521156e-02,7.878962979266163069e-01,-2.091415133622235578e-01,-2.786743698368451261e-01,5.440445390816752713e-01,5.039198952896036809e-01,-7.440187323607544423e-01,-7.648769713451131214e-01,-8.644118514898714301e-01,-8.222994610694434048e-01,-6.862889774062347348e-01,-4.441238688830064230e-01,-1.877956270478262912e-01,-5.978571042331979335e-01,1.798116180165491296e-01,-4.461268325710740501e-01,5.552290383730821288e-01,3.106524443465704527e-02,5.368964353737155637e-01,2.628715406377284958e-01,7.558774508978689799e-02,9.722896174502673183e-01,3.099702565012645364e-02,1.225872547876445812e-01,-5.296354671581117168e-01,-4.516501167692471008e-01,-7.039898666146303663e-01,1.452127480241218183e-01,-6.655044424373035561e-01,-1.528810887549493513e-01,-8.368078349273234684e-01,2.123736095494347387e-01,7.448673898213333811e-01,3.030873795211086116e-02,2.770457194721897554e-01,2.798720283993456071e-01,2.397438858191277000e-01,9.636709671469778637e-01,1.377480747043789699e-01,-3.316328898127585689e-01,8.013666722338376180e-01,5.585612294877810857e-01,-6.105413639615958621e-01,5.827858213868174903e-03,1.000000000000000000e+00,7.312854009901972180e-03,-6.992605929789006414e-01,5.125260162698788147e-01,6.961645823821479562e-01,-5.927831216816170645e-01,-9.972025159000084960e-02,-5.559603213257677812e-01,1.160853773039481705e-03,-6.613214788334349503e-01,-1.924402404023044938e-02,-3.188378529958067753e-02,6.561085455111900222e-01,-2.220416362901877216e-01,-7.274128321535332509e-01,-2.638102226801647965e-01,-3.533478514709165186e-01,-8.848303216205110067e-01,-7.997349010074981945e-02,-5.601172692845515222e-01,-1.363291051027370471e-01,2.846467404110059607e-01,4.503267534266028327e-02,6.157881299087112348e-01,7.698480220307327149e-02,8.741584104582292847e-01,2.154734695379550424e-01,7.106100971013424861e-01,3.352117553104606018e-01,6.353775209392416023e-01,7.909941129168444052e-01,3.980589651642288396e-01,4.462441746384078478e-02,2.098615830925749104e-01
3.345074653416585941e-01,2.438526148369870791e-02,5.076858315062657834e-01,3.106012289606952526e-01,3.484801880375860972e-02,9.526322061377291428e-01,1.442083177011641015e-01,7.516347633501443415e-01,-5.090288522130854698e-01,-4.971954862349654558e-01,1.860762613975461000e-01,-5.909305244920656230e-01,-2.606604459641896354e-01,-5.703859128479329410e-01,-9.579949746084012729e-02,-2.448676242848748519e-01,-2.670891438087980019e-01,-9.238721678204625531e-01,-3.457124072214712296e-01,-5.087457682967873041e-01,-8.995257533063225619e-01,-3.480859291726578486e-01,-3.833079237478087542e-01,7.916267157396341680e-01,5.781342538121053698e-01,2.573898516362797539e-01,1.016457683505960358e-01,1.982809455336784765e-01,-3.291216188214922123e-01,4.860571684789428692e-01,-1.522261099389101147e-01,2.435060939815098802e-01,-3.890602511630603111e-01,2.426670837126474467e-01,-2.960523694472670386e-01,2.018691208782919314e-02,1.279211723470623577e-02,2.199981755274871831e-01,7.396426618463471936e-01,-3.142661584989775991e-01,4.704285678543869142e-01,-9.324550173492833494e-02,4.123686269663634496e-01,-7.959572200890090432e-01,-3.434292452724043154e-01,-8.716994013909350469e-01,-6.036300277377772971e-01,2.293132534998356120e-01,-3.420304745009399849e-01,1.453187964563784629e-01,3.743090259921609264e-01,7.739566465317194999e-02,-1.743585343515654806e-01,2.227560618809822368e-01,-4.919127105002402689e-01,-7.319655043042628817e-01,-2.181491424266944756e-01,1.849021696161602113e-01,8.243399270831597292e-01,-1.413071088890424931e-01,-5.046384476720707779e-01,7.995273270205377480e-01,5.983982491810656557e-01,-6.082582719639291202e-01,7.312854009901972180e-03,1.000000000000000000e+00,7.185700818011991897e-02,-6.108243287282743017e-01,7.052178274637190825e-01,7.775988666972052377e-01,4.471342895201515510e-01,7.275743625378015000e-01,5.860683686205135912e-01,5.749324144503095146e-01,9.353199309065423073e-01,3.160929947973746823e-01,-1.006201387437440226e-01,-6.341081704843133382e-01,-3.830308934512816621e-01,-8.714482019922940026e-01,-3.714536096280068311e-01,-4.125826626948623788e-01,-7.975124364852296255e-01,2.064086046251323650e-02,-3.832283984550839406e-01,4.885509075655447009e-01,-1.167879752686181022e-01,2.643736642992205454e-01,-1.024014116348284653e-01,-9.816417117717701757e-02,1.111202667834672170e-01,-3.844751196686887473e-01,2.807603235832441535e-01,-1.896859676158464403e-01,5.231086655322292334e-01,-2.620672025784060322e-04,1.567159894529271749e-02,-1.834566606142364886e-01
-4.126719572319267892e-01,-6.805270805509987531e-01,-4.343280299994983218e-01,-8.241044051759816025e-01,-5.971447451989557731e-01,1.562139238183955781e-01,9.473257048899580424e-01,3.904864664988417222e-01,3.315741508698923923e-01,-8.498228026644539801e-01,-9.188231369953651084e-01,-8.222101556192393801e-01,-3.789081485017820605e-01,-7.344449705357359859e-01,-2.055260266306516981e-01,-9.218560529912794843e-01,-2.733550404170476678e-01,-2.463385233821702158e-01,-9.379255441153747652e-01,-4.684324830953365826e-01,-1.616176650618179056e-01,-7.690000053764876053e-01,-4.680766265590378672e-01,8.548563507384775162e-02,-5.002369266261486730e-02,-8.455603207321086279e-01,1.688007784986283732e-01,8.772896301808252861e-01,5.897369076484083594e-01,6.253763006644017519e-01,9.466372361656385515e-01,9.251945042063074442e-01,7.257014218835838859e-01,9.662369575426770218e-01,5.018787151626110665e-01,9.369990966885507477e-01,1.908293659519483265e-01,6.781366315600784178e-01,-4.230008350850233967e-02,4.240835430590654820e-01,5.977250947126692138e-01,-7.404732352333196488e-01,-6.159700153680028878e-01,-5.499526266281151710e-01,-1.966911518195694764e-01,3.404868310236814910e-01,1.999326809681811479e-01,-7.522156223190850088e-01,-1.961782403642762032e-02,-5.608385736438681324e-01,3.736739049031578830e-01,-8.201626187917157029e-01,-9.686187560498193960e-01,-6.797944748230163592e-01,-8.009046211114879688e-01,1.508438739067602119e-01,4.631952986310519105e-01,-6.640211063064881403e-01,3.261461413903954387e-01,8.659971565137808414e-01,-4.183886916522701060e-01,-4.678156698721484541e-01,8.275681203605382841e-01,5.023381191538107693e-01,-6.992605929789006414e-01,7.185700818011991897e-02,1.000000000000000000e+00,3.693693201264329484e-03,-3.952410003675920214e-01,5.455341474627197762e-01,7.259639279492625663e-01,7.034146732358099730e-01,6.092810412867694092e-01,8.234929639434204196e-01,-1.072434049774247528e-01,6.827312183212173036e-01,4.179622051139784272e-03,5.688848113301168130e-01,1.627932701364220858e-01,-8.950882738685855822e-02,-3.657476759700381552e-01,5.805691218076104443e-01,-4.106014345130929444e-01,-1.767686276200908790e-01,-5.730139111569702015e-01,-7.318762371703093628e-01,-7.334723471803686889e-01,-9.246959720239049663e-01,-7.534983252963929345e-01,-9.309360072590044943e-01,-8.153327445887098568e-01,-9.203098834267440242e-01,-8.347686659775345186e-01,-9.692570336690911059e-01,-4.928838509656640610e-01,-7.982849020076167035e-01,-3.463752769958683975e-01,-4.559040880413826047e-01
-1.320196656708127747e-01,4.122938220085652083e-02,1.237344615508264578e-01,-6.687546649033411506e-02,5.176679025107606691e-01,-6.006895708714072857e-01,8.961890734894814581e-02,-3.616481642942717678e-02,9.159214717828298991e-01,4.475820643405521437e-01,3.103365817053109141e-02,4.036136140102771774e-01,8.307692408968490039e-01,4.945002633057187826e-03,-7.037028901734286856e-01,-9.387453768835352097e-02,-5.629381052950841458e-01,3.365632369446123207e-01,9.480391254813567981e-02,-2.603202589899665798e-01,5.426487981208814038e-01,4.678071500557633433e-01,-3.564531396426948717e-01,-7.838147493369068686e-01,1.562519235432494880e-01,-3.268750013380328778e-01,-7.529633630877263784e-01,-2.538916573948418187e-01,-2.301955485145183444e-01,-7.182941471487759300e-01,1.333102550333906400e-01,1.125410899595847697e-01,6.630094812493645406e-01,-2.296091285278816299e-02,8.200976102525244782e-01,2.735946773909307406e-01,7.641791126895871589e-01,4.486586919139660679e-01,5.236960961515083057e-02,8.593088616363822041e-01,2.591523075354261740e-01,5.230841984806149370e-01,-7.615316563594098920e-01,2.225283457837855805e-01,-5.151589839689086903e-01,3.814618260824050311e-01,-1.994815803658045728e-01,-6.237477680865846086e-01,-5.168707379755475007e-01,-7.354573478869481651e-01,-8.706470967238552072e-01,-5.015421260182824081e-01,1.366567066146598119e-01,-6.850510393114191965e-01,-2.389651822039246323e-02,9.382647646050891188e-01,8.021563571924930081e-01,3.864414426925365520e-01,-1.407172913243917578e-01,4.531839075831902708e-01,8.808281452694457503e-01,-3.213797597465902767e-01,-3.931533827554817284e-01,8.419947253007975529e-01,5.125260162698788147e-01,-6.108243287282743017e-01,3.693693201264329484e-03,1.000000000000000000e+00,-4.065770797199521475e-02,-7.405425224511447135e-01,1.859481165777929490e-01,-5.297016004501107211e-01,1.064666272520993079e-01,-4.399980993352075043e-01,-7.523140894785327326e-01,3.176994659154506184e-01,7.979692618419292893e-01,6.633664831310219778e-01,-4.069102065070538399e-01,2.313063456449525046e-01,-4.408256228016321776e-01,-2.130819656930353079e-01,1.165965527511531874e-01,-7.806849946511271732e-01,-3.656506007496301280e-01,-6.299555959975313701e-01,-4.819131127479836518e-01,-2.705527039383102128e-01,-4.727870124945382502e-01,2.602205324036772627e-01,-5.170356063231873467e-01,2.846388078056219517e-01,-5.170383504018508658e-01,2.793374452104020050e-02,1.065300560279380665e-01,-2.264244138844820342e-01,-2.524127394279052639e-01,-2.015988110031309913e-02
5.063625705057576143e-01,3.841757659304183559e-01,8.886739052861278854e-01,7.117712632814189311e-01,6.806467369079017837e-01,6.199426089606302481e-01,-2.291523308513950530e-01,6.603907564526773077e-01,-1.268605632249226733e-01,1.393301146370206911e-01,6.821574438881171654e-01,-1.445220478078459818e-02,4.446475703942356916e-01,-3.049253187970970003e-01,-4.912195285316449667e-01,9.612088701734575191e-02,-5.642550290329557683e-01,-7.270037278114992452e-01,1.168142225318148930e-01,-5.444983598759329801e-01,-5.990404294256446160e-01,2.914257104031570123e-01,-4.666516225038562782e-01,3.474918618615328580e-01,8.120733590814811498e-01,4.852497764304687378e-01,-4.794083179982556731e-01,-3.624027648471759289e-01,-8.331550363715616303e-01,-2.303623287364986727e-01,-5.413985685604039144e-01,-8.756454319801940112e-02,-3.496454976038098073e-01,-2.000051002581314519e-01,-2.835989920514287929e-02,-2.428087801517003208e-01,4.429992298424695885e-01,2.335754174672209638e-01,9.147747127475562845e-01,1.611688089153369072e-02,4.344940386272902466e-01,6.060920986246204345e-01,2.591001500319986550e-01,-5.084981924975748857e-01,-6.558239606856923753e-01,-9.168789038840245986e-01,-9.330585668010811240e-01,2.053098256589741821e-01,-7.400111845840559033e-01,-6.092019900390240050e-02,-3.383397577356226926e-01,1.445378262379335144e-01,3.578198292373185319e-01,1.204124929369714964e-01,-2.015237616132274645e-01,-2.847699816472407108e-01,6.878030977388167877e-02,7.984591366234922161e-01,7.052627302371287099e-01,-2.736328174348574560e-01,2.173597497831225300e-01,9.352410239068724707e-01,2.556516949793157314e-02,-3.754907094804160739e-01,6.961645823821479562e-01,7.052178274637190825e-01,-3.952410003675920214e-01,-4.065770797199521475e-02,1.000000000000000000e+00,1.357787626316915852e-01,2.963515049599756424e-01,1.446356083057299402e-01,4.584427253595587670e-01,-3.033716671341129753e-02,6.263768905372366635e-01,2.521915322536415482e-01,4.236371516082347854e-01,-5.611333592324263542e-01,-7.995609877558526035e-01,-8.114607659862392852e-01,-5.538654397336044699e-01,-9.068693760307977580e-01,-6.497385539594922044e-01,-4.228087782285591123e-01,-4.172555707658976987e-01,4.925628449454264035e-01,-1.090628286074442760e-01,5.702942105015151864e-01,-7.699393404214810444e-02,5.116099792380759403e-01,1.698582220298684720e-01,1.900183696721552684e-01,3.769461512720644336e-01,2.652762601727317038e-01,9.206087792664816583e-01,2.306394693877810431e-01,1.750246497501747531e-02,1.027476184514713011e-03
4.766590988496860991e-03,-3.592301544164024363e-01,-4.362118389027563881e-02,-2.561854483515001446e-01,-5.356453272088043116e-01,8.003753632903595205e-01,5.164295294105814005e-01,5.681779942481619550e-01,-4.897123959643228663e-01,-8.790829084496279977e-01,-4.040333226033172576e-01,-8.873199540713302413e-01,-7.024020955681913314e-01,-6.468022890607122433e-01,1.754298928701383542e-01,-5.515243534577798368e-01,-6.955678826083924217e-03,-7.135680578001711849e-01,-6.910642288834272229e-01,-3.587186129004898416e-01,-7.525513890920244586e-01,-7.755493344433753711e-01,-2.567221870167467057e-01,7.751645327209267800e-01,1.724385295598255541e-01,-1.675463477413683677e-01,4.829858912455821107e-01,6.653036515899157788e-01,2.572949887743885555e-01,8.822496953551405285e-01,3.589366362099251084e-01,5.405392693449238006e-01,-1.108830029911500870e-01,6.243842291012269285e-01,-2.571668276164220668e-01,3.689648212974334096e-01,-2.495807190017417521e-01,2.466782877742230706e-01,2.970568968858737224e-01,-3.229823357964594077e-01,4.098321049251655301e-01,-6.705520443963461918e-01,2.250264065136980962e-01,-7.611107868277300348e-01,-2.369348971244448002e-02,-4.043346735285751059e-01,-8.373993267584733946e-02,4.868804596619603561e-03,7.190679728207714783e-02,1.178722037203097373e-01,7.713141174860542737e-01,-1.569646895998844383e-01,-6.467462585101169115e-01,6.816953440041098600e-02,-6.321744161387443661e-01,-6.960413035586675568e-01,-2.332609962955801697e-01,-4.385476043183254569e-01,6.164032497853076942e-01,1.729422295145915667e-01,-8.592632224664301654e-01,2.772874895299318743e-01,8.872294911932578909e-01,-4.097162141375260691e-01,-5.927831216816170645e-01,7.775988666972052377e-01,5.455341474627197762e-01,-7.405425224511447135e-01,1.357787626316915852e-01,1.000000000000000000e+00,4.986903188745080429e-01,9.480025875760689225e-01,5.384550084962750338e-01,8.974591672428151590e-01,7.274124740835289371e-01,3.547658920053117226e-01,-4.140382702350667299e-01,-3.072224831892122476e-01,9.408417645048700040e-02,-5.584252530841968820e-01,-1.577313309806735175e-01,2.092099836572939575e-01,-6.380457399325478729e-01,2.791241814793917198e-01,-3.069246275186900408e-01,1.385065804454765070e-01,-2.118064660224041329e-01,-2.318293027141604123e-01,-2.193882943929937324e-01,-6.496464482573610644e-01,-1.320758121396327089e-01,-7.878585357051258731e-01,-6.308273788870538690e-02,-6.035599265372558753e-01,-6.364784700763337355e-02,-3.124838333488124675e-01,-5.667054377439500329e-02,-3.185036292095250743e-01
-9.077875811213204083e-02,-4.191803723308450413e-01,2.185748609244387852e-01,-3.439224393584124906e-01,-1.215161776139787528e-02,4.764391129201556718e-01,8.198348495263692026e-01,8.634847738224892266e-01,4.400945863779555101e-01,-6.708083397995346919e-01,-4.399024637307884511e-01,-7.628222815604231988e-01,1.107736174057846190e-01,-9.702195202112366967e-01,-7.115912963763020294e-01,-8.885645137673970906e-01,-8.019227355329291429e-01,-6.969095352068604976e-01,-8.470212824319358624e-01,-9.187739526996332451e-01,-4.752853569909651910e-01,-4.765955675998464480e-01,-8.844073863999231122e-01,1.665421716637476846e-01,5.598221001882779380e-01,-5.810214943777813890e-01,-3.303351744882316865e-01,5.780029579434834419e-01,-4.305166754631344767e-02,3.202463944926440265e-01,6.029276912940999544e-01,9.020736419508070814e-01,6.285638377417323008e-01,8.342911001339538002e-01,6.638576896184247289e-01,8.376192675586254799e-01,6.732201884084686450e-01,9.527208686575998620e-01,6.226953071693972497e-01,6.256835639753092204e-01,9.744916303054125262e-01,-2.091361643523462210e-01,-6.022686266136262345e-01,-8.776951617198132105e-01,-7.797190827180998651e-01,-2.284477557065715536e-01,-5.057800523825392025e-01,-7.508160583958882750e-01,-6.591364840588452845e-01,-7.695280972230470473e-01,-4.702467272748280663e-02,-8.369569095071063280e-01,-6.995562802479704523e-01,-7.510323041990066839e-01,-9.631677380948883149e-01,1.500322635254961734e-01,6.902362596467767064e-01,-2.164293008143909278e-02,8.053805322674413292e-01,7.815157335357082458e-01,-8.225601554457874498e-02,1.270909700617339766e-01,7.731301838692973272e-01,4.201140340508663362e-01,-9.972025159000084960e-02,4.471342895201515510e-01,7.259639279492625663e-01,1.859481165777929490e-01,2.963515049599756424e-01,4.986903188745080429e-01,1.000000000000000000e+00,7.090747237426203720e-01,9.715871830711430013e-01,7.231821149191286491e-01,1.798721139577672823e-01,9.426828601413889119e-01,4.766250055358784432e-01,3.174785547682541509e-01,-4.937749546306889892e-01,-6.235453589927085760e-01,-8.623328399031976454e-01,-1.028814612950950669e-01,-8.579981885281090515e-01,-6.479078983905529610e-01,-9.594575693941801431e-01,-5.268522358668660255e-01,-9.268858123452832221e-01,-5.897929508742572047e-01,-9.216252601901522290e-01,-5.254431532197439969e-01,-8.174510705369721908e-01,-7.388617783887356794e-01,-6.889567433737896485e-01,-7.889143768152320213e-01,1.767301858239394285e-01,-6.959770576360467809e-01,-4.007623192767300613e-01,-4.773402942813682603e-01
-6.599683908686169997e-02,-4.561203685959869802e-01,-2.723868375942038733e-02,-3.646317990771018036e-01,-4.825519823160029920e-01,7.653979456046665630e-01,7.052267712937827504e-01,7.007364148946072513e-01,-2.426580637247182648e-01,-9.417732483854366343e-01,-5.171645844144048265e-01,-9.729364382569350989e-01,-5.668911262961536801e-01,-8.256386663436819928e-01,-5.919729029633712808e-02,-7.402558138646557762e-01,-2.317385531954131161e-01,-7.529212666210814975e-01,-8.413925683041362236e-01,-5.551669123974742881e-01,-7.244014109889685971e-01,-8.043422839901869237e-01,-4.672189859921651034e-01,6.568899520632479616e-01,2.663435361667754742e-01,-3.590120872940826824e-01,3.125645167227560917e-01,7.496520403753282880e-01,2.519422801477298468e-01,8.350339543496290151e-01,5.245866074536277290e-01,7.399138011693154882e-01,1.405172751096162298e-01,7.928439659781724158e-01,1.217434414371385172e-02,5.903905434371466976e-01,-1.002654955821464557e-02,4.972504581552742997e-01,3.845955375736983539e-01,-5.847900594024733889e-02,6.223715573840771231e-01,-6.511455712181752897e-01,-3.408799313626399013e-02,-8.683883660808663363e-01,-2.316836028504756229e-01,-3.417283920455986834e-01,-1.720746542303464299e-01,-2.566097199634730375e-01,-1.091444182397343365e-01,-1.532939991826989812e-01,6.314833968872001213e-01,-4.113934657574924159e-01,-7.773707630049013773e-01,-2.006558868831172793e-01,-8.146744966674538402e-01,-4.930926360601940450e-01,3.362859826728591822e-02,-4.151058114031667134e-01,7.158769945229330744e-01,4.154233396479190543e-01,-7.354501895749969709e-01,2.041750283425886603e-01,9.678992691977214013e-01,-1.665029870595672590e-01,-5.559603213257677812e-01,7.275743625378015000e-01,7.034146732358099730e-01,-5.297016004501107211e-01,1.446356083057299402e-01,9.480025875760689225e-01,7.090747237426203720e-01,1.000000000000000000e+00,7.270439780505607574e-01,9.680337433943596581e-01,6.076868945132258837e-01,5.781162257682965766e-01,-2.068867806343766824e-01,-1.079429595625480548e-01,-3.286976206974186188e-02,-6.039160888789127934e-01,-3.747165089588838649e-01,1.945739377521426561e-01,-7.552553891739928194e-01,4.193091386924313602e-02,-5.354748420881978443e-01,-9.406996883692195222e-02,-4.695928164938645843e-01,-4.198773943108111695e-01,-4.759038820264440139e-01,-7.322891020482577007e-01,-3.870047128345867615e-01,-8.926451484250431667e-01,-3.029076167940311648e-01,-7.649985698028031189e-01,-5.356123593380372749e-02,-4.937093914114769611e-01,-1.813816425822263323e-01,-4.117360165053446930e-01
1.546381310080286765e-02,-3.231662537839591898e-01,3.564334745353690548e-01,-1.910091897556908114e-01,8.017401507733579180e-02,5.982653644949237348e-01,7.264233603402691086e-01,9.355655461039754650e-01,3.333512805149312364e-01,-6.339422971306674093e-01,-2.920407613696435201e-01,-7.480811779027317643e-01,1.309416798161385509e-01,-9.644275033706093403e-01,-7.121213760965363626e-01,-8.058381935851944844e-01,-8.172753663346128405e-01,-8.068119759271450420e-01,-7.793632659523734851e-01,-9.452952225983066725e-01,-5.922899539019245152e-01,-4.248899546700182217e-01,-8.908078607036675756e-01,2.713427756384760858e-01,6.626719419396508437e-01,-4.339723960118531121e-01,-3.486233652546362749e-01,4.884637293704180983e-01,-1.779336893721058521e-01,3.032946107328034491e-01,4.567157037767418104e-01,8.229335930760723894e-01,4.831662207558867217e-01,7.471442177257888728e-01,5.657768772277971259e-01,7.235914462880650433e-01,6.643959833187720321e-01,9.081998828400758006e-01,7.489151407180735243e-01,5.341155991851694873e-01,9.781117003998502923e-01,-1.201127829618528764e-01,-4.726975451546549523e-01,-9.270190595917702225e-01,-8.171432847384163534e-01,-4.071787978001311648e-01,-6.329905738649486135e-01,-6.269704614273488019e-01,-7.212282838684719311e-01,-6.861008986629262285e-01,-5.118597746959882566e-02,-7.265802845068011218e-01,-5.989038318687028850e-01,-6.395342060597332123e-01,-9.393860319540322523e-01,2.981174896365591104e-02,6.098404170809555991e-01,1.022714341323011922e-01,8.941406054679461590e-01,6.541352096956072337e-01,-9.305277848889816072e-02,3.100247038176635606e-01,7.556155287637271734e-01,2.732712978771436041e-01,1.160853773039481705e-03,5.860683686205135912e-01,6.092810412867694092e-01,1.064666272520993079e-01,4.584427253595587670e-01,5.384550084962750338e-01,9.715871830711430013e-01,7.270439780505607574e-01,1.000000000000000000e+00,7.045192277151987037e-01,3.315426138223133146e-01,9.142337298118882183e-01,4.767680842317536527e-01,1.545305253629518649e-01,-5.879425465617597046e-01,-7.521840610534888949e-01,-8.861768554546148868e-01,-2.483940965399777101e-01,-9.334922452040668173e-01,-6.368046231715872585e-01,-9.542086290023169548e-01,-3.637604417533028545e-01,-8.589626147154627578e-01,-4.314070830671776768e-01,-8.489031321685666098e-01,-4.148998511225966412e-01,-7.023345098980523504e-01,-6.756544160055807380e-01,-5.441389890137651175e-01,-6.936362493903607263e-01,3.292754514106100427e-01,-5.899946212522675371e-01,-3.484288076679566415e-01,-4.417337417624551121e-01
-1.904047741525517201e-01,-5.625459568297780377e-01,-1.826733965567474138e-01,-5.269383016357701566e-01,-5.810435726917897448e-01,6.314316069716259250e-01,8.094959923222350140e-01,6.221042157512838289e-01,-1.241260977190195153e-01,-9.826486186391609756e-01,-6.803427804998263273e-01,-9.890265641198081603e-01,-5.855530861841046208e-01,-8.190636989280837277e-01,-5.594183527093326419e-02,-8.184457077161864103e-01,-2.104133387272900668e-01,-6.309704900150328033e-01,-9.090435651002918283e-01,-5.252516286869638451e-01,-5.932586530062499142e-01,-8.553302853909701131e-01,-4.580507329422067175e-01,5.380233971910949320e-01,1.537250808616438813e-01,-5.144125250027405949e-01,3.283670715586531896e-01,8.407772327166760373e-01,3.972971792030750571e-01,8.517649250228374047e-01,6.769668019397904191e-01,8.208063694715541647e-01,2.935263487652971515e-01,8.818611759819866558e-01,1.160847358849928929e-01,7.087935530918217930e-01,-1.550656267777635652e-03,5.416327440086439182e-01,2.476080935248938242e-01,3.642503816826633128e-02,6.151406437489477241e-01,-7.480916482687415270e-01,-1.748231837108197295e-01,-8.056613037407526212e-01,-1.873994752816966480e-01,-1.497946679129530112e-01,-3.442483119282952614e-02,-3.861763026949189825e-01,-4.122175131817632648e-02,-2.402892020271906459e-01,6.336621081452246118e-01,-5.266681499908097974e-01,-8.813601403760535913e-01,-3.183249130521860759e-01,-8.371281798143026531e-01,-3.630985670023624268e-01,1.195228901144013561e-01,-5.447760217376172998e-01,6.198966934644135618e-01,5.495530789677856021e-01,-7.206080572605098045e-01,6.654788083206878910e-03,9.823845595779809869e-01,-8.630388887048446103e-03,-6.613214788334349503e-01,5.749324144503095146e-01,8.234929639434204196e-01,-4.399980993352075043e-01,-3.033716671341129753e-02,8.974591672428151590e-01,7.231821149191286491e-01,9.680337433943596581e-01,7.045192277151987037e-01,1.000000000000000000e+00,4.434401177446193887e-01,6.161919563964037838e-01,-2.089036398285813723e-01,6.634254320297899854e-02,6.483702082216921680e-02,-4.693899705848289527e-01,-3.533653233415692263e-01,3.492463769253421058e-01,-6.719638527069827783e-01,3.214271561307779912e-02,-5.386985957665170188e-01,-2.677408909458991459e-01,-5.397781883031343986e-01,-5.860837296212788594e-01,-5.506234751163525676e-01,-8.455396626531417326e-01,-5.064479966624917395e-01,-9.555357867238214453e-01,-4.546069681370082938e-01,-8.620348301483374831e-01,-2.134750780331647058e-01,-5.966713249863409008e-01,-2.266011257988093108e-01,-4.455118615505145874e-01
3.546917021794295799e-01,1.275143479276849845e-01,4.360795847064763420e-01,3.998713731672604577e-01,-2.471627636744142334e-02,8.996751338941796350e-01,-6.549253667616396213e-02,5.381936448100566039e-01,-7.160330729596289245e-01,-3.775232023914440460e-01,2.941226740845656606e-01,-4.493197221267043462e-01,-3.798429297231657453e-01,-3.332260946350137365e-01,1.541221854948027215e-01,-1.274264279089336316e-02,-7.258013924621194504e-03,-7.749571660518189686e-01,-1.393634641597669699e-01,-2.465778343695802233e-01,-8.245315997286619680e-01,-2.778538192619290359e-01,-1.254068291401351232e-01,8.223028279664793549e-01,4.196104979609829311e-01,4.365274990584617210e-01,2.609769702832664406e-01,8.335103747332953117e-02,-2.931180924762631368e-01,4.834963214871260129e-01,-3.166151559388128978e-01,4.535537378223039769e-03,-6.167219977406439568e-01,3.523559728978169908e-02,-5.509119078228825739e-01,-2.188251293580767143e-01,-2.379801370038114039e-01,-6.675489402881054635e-02,5.776868681928375437e-01,-5.651042469527842727e-01,1.991949251141513222e-01,-9.943674200592551859e-02,6.482271111632224025e-01,-6.012914520307488520e-01,-9.332011591047637000e-02,-8.554340537740355854e-01,-4.549931619877934375e-01,4.852518186825995894e-01,-1.197069993699578089e-01,4.189431413158647421e-01,4.799063220379489181e-01,3.429350604222251575e-01,-1.230912126576169489e-02,4.836215466810289687e-01,-2.457449295008948542e-01,-8.667198764866924643e-01,-4.793880150815931773e-01,1.472794874651315589e-01,6.323949065524601121e-01,-3.858548896807783568e-01,-5.745115318046790653e-01,7.957427060257925566e-01,4.414555855439916687e-01,-7.919975699694430382e-01,-1.924402404023044938e-02,9.353199309065423073e-01,-1.072434049774247528e-01,-7.523140894785327326e-01,6.263768905372366635e-01,7.274124740835289371e-01,1.798721139577672823e-01,6.076868945132258837e-01,3.315426138223133146e-01,4.434401177446193887e-01,1.000000000000000000e+00,4.692665636551401204e-02,-3.160507476406655414e-01,-7.967522161578428630e-01,-2.115162310137776447e-01,-7.527712771375391076e-01,-1.097711249014165502e-01,-3.622880713073782788e-01,-5.945001637701335939e-01,2.681445579215639974e-01,-1.035493579090877442e-01,6.870090101520679449e-01,1.655368120481657546e-01,4.398414723683674588e-01,1.796830247954133708e-01,4.522806538871563566e-03,3.717763623883036939e-01,-2.290454147553049880e-01,5.074970439486683471e-01,5.652984602431822964e-03,4.653682753136000327e-01,1.973783796906034005e-01,1.420438014937374094e-01,-6.768075647829176200e-02
-1.178254737497471255e-01,-3.959041624413258131e-01,2.011136231874134372e-01,-3.446828806496019526e-01,5.521637288611862260e-02,3.414290264209627335e-01,7.814878193016137065e-01,7.842317202213553440e-01,5.513500273361906512e-01,-5.589289900430874924e-01,-4.196392356322795059e-01,-6.490455541836331887e-01,2.150767273629084209e-01,-8.863918257313231353e-01,-7.508060823238298376e-01,-8.389511788913707191e-01,-8.159220881364208644e-01,-5.887520191752708687e-01,-7.772020243247512727e-01,-8.859042333994119334e-01,-3.593683473021231922e-01,-3.797697081933339436e-01,-8.679794692322081451e-01,4.148096673947382351e-02,5.339538947148427805e-01,-5.976241760490196286e-01,-4.063484132174217112e-01,5.055429126898994818e-01,-6.114115310011068727e-02,1.947309600431153531e-01,5.904908867853987386e-01,8.572490578756739588e-01,6.876819918301277923e-01,7.765435524774800813e-01,7.374222861039499977e-01,8.228149790853759304e-01,7.286478030609301326e-01,9.466067099250209393e-01,5.704072468963435893e-01,7.073616919905280076e-01,9.389508838293486592e-01,-1.297079204529539009e-01,-6.801926552944103088e-01,-7.735630071079095949e-01,-7.871620915496716497e-01,-1.405421598912114101e-01,-4.826641041136746080e-01,-7.923509092737893722e-01,-6.748671118374186539e-01,-8.219599781995594601e-01,-1.645591475775478318e-01,-8.543519730601070172e-01,-6.374075570101189747e-01,-8.005218851577162731e-01,-8.953490636759919852e-01,2.807853547445752218e-01,7.590380313515161514e-01,2.348875726345698092e-02,7.159852858711321932e-01,7.979140480225100918e-01,4.686260583381979261e-02,5.456022352716459467e-02,6.639919122144160024e-01,5.180142227147807032e-01,-3.188378529958067753e-02,3.160929947973746823e-01,6.827312183212173036e-01,3.176994659154506184e-01,2.521915322536415482e-01,3.547658920053117226e-01,9.426828601413889119e-01,5.781162257682965766e-01,9.142337298118882183e-01,6.161919563964037838e-01,4.692665636551401204e-02,1.000000000000000000e+00,5.574955648296523458e-01,3.876214746867308047e-01,-5.179573822618180889e-01,-5.646055298810259693e-01,-8.792593143095190911e-01,-1.173806522957776682e-01,-7.696621456358102575e-01,-7.074769791123818319e-01,-9.381710357862317329e-01,-5.907831506844399838e-01,-9.290098749508350906e-01,-5.977191929923826308e-01,-9.251229347858003216e-01,-4.593640672297106819e-01,-8.391179051297364966e-01,-6.490528834402919944e-01,-7.224810370220684508e-01,-7.355619359947460634e-01,1.671425898606191951e-01,-6.820502263474761406e-01,-4.078043928504267446e-01,-4.545021746930080209e-01
1.001761964029553448e-01,9.210954154217058931e-02,4.975509563434001858e-01,1.500178164027631544e-01,6.823449644161352357e-01,-1.287627236033749845e-01,1.525300008407146635e-01,4.190040467844431959e-01,7.678885640980768201e-01,2.660674954512708967e-01,2.042561986314853362e-01,1.514689520970509407e-01,8.558160464383576249e-01,-3.244250639534616565e-01,-8.979312457811041703e-01,-2.223614994151594804e-01,-8.348283657696882187e-01,-1.764849777742678871e-01,-6.262000525053577904e-02,-6.146641050652051907e-01,7.796235785183291966e-02,3.779166601393055269e-01,-6.465610210599811447e-01,-4.331718926929593039e-01,5.631216247936922104e-01,-1.789231188619644641e-01,-8.465036499375939716e-01,-2.303285923591970874e-01,-5.253344651861586723e-01,-5.957326716233921626e-01,1.346808586574763794e-02,2.438552196275523831e-01,5.159136300992472890e-01,7.746683571327311890e-02,7.775928325763760141e-01,2.947798623202149693e-01,9.236993453481392446e-01,6.493478499614919741e-01,5.393941342401539218e-01,8.183836572882507987e-01,5.862477729703529095e-01,6.145403489820309151e-01,-6.304562485657487780e-01,-2.117506723572443184e-01,-8.323505092801755101e-01,-1.144953696154602102e-01,-6.388188025046122043e-01,-5.694406417994074543e-01,-8.456561428331400565e-01,-7.685113669773474543e-01,-8.348832966559941449e-01,-5.157145284905794158e-01,1.044928034318847176e-01,-6.513301657767451847e-01,-3.030638980149523709e-01,6.576899783545373523e-01,8.064933420832980371e-01,6.224153858060755828e-01,3.439286637321782858e-01,4.142213974894076167e-01,7.640623307277450982e-01,1.466798307789128064e-01,-1.324547762467723766e-01,5.992651139934688231e-01,6.561085455111900222e-01,-1.006201387437440226e-01,4.179622051139784272e-03,7.979692618419292893e-01,4.236371516082347854e-01,-4.140382702350667299e-01,4.766250055358784432e-01,-2.068867806343766824e-01,4.767680842317536527e-01,-2.089036398285813723e-01,-3.160507476406655414e-01,5.574955648296523458e-01,1.000000000000000000e+00,3.701971452714657440e-01,-7.989702335572189673e-01,-2.973336971043474275e-01,-7.719565202033980000e-01,-5.561975269891614726e-01,-3.481492703574884939e-01,-9.254057269774857986e-01,-6.589015505972385389e-01,-4.115539134896054052e-01,-6.185425602119103416e-01,-1.090706927399062581e-01,-5.984923580871711613e-01,2.999914581128899638e-01,-5.125963996006088763e-01,1.451389886953854680e-01,-4.027491272897003594e-01,-3.991710066224966880e-02,4.842477408233776259e-01,-2.237302759781522599e-01,-2.679246016626388172e-01,-1.203037539692349001e-01
-4.287545240563655491e-01,-4.184273883833620200e-01,-4.283114135227288344e-01,-6.675988061785974592e-01,-1.694638867671706406e-01,-5.738506288650967457e-01,5.469589104487868614e-01,-1.103050155321339959e-01,7.935181711385123071e-01,-1.141486469181882124e-01,-6.295474094272568433e-01,-7.369044179144448870e-02,2.218005452405481803e-01,-1.903744040453815289e-01,-3.637619202413513442e-01,-4.895414434056672981e-01,-2.737385678148166468e-01,3.868251963436827867e-01,-3.796667664100876194e-01,-1.698607547900581050e-01,5.089588388575702060e-01,-1.213746293544716304e-01,-2.597814514829050458e-01,-6.072360099596982863e-01,-2.193120006333448280e-01,-7.639132102379280198e-01,-2.464878248129007410e-01,3.446618023993895941e-01,4.080126358031622713e-01,-1.260117226934656387e-01,7.001400486251462274e-01,5.039190699149432850e-01,8.834708147911093379e-01,4.740158309452836560e-01,7.698920432383609125e-01,6.744102919093443171e-01,4.189013767688171130e-01,4.977982968711821554e-01,-3.342220475731890739e-01,7.466799331828936070e-01,2.620678483054879604e-01,-2.002036811405852879e-01,-8.716299317783573475e-01,1.097163104705485004e-01,-1.749310831746545558e-01,7.503921047338052430e-01,3.110802481949772047e-01,-8.145061184385073982e-01,-6.972056961769602934e-02,-7.047858272227135457e-01,-2.892342897678594205e-01,-7.398603449939542553e-01,-4.599207989753431036e-01,-7.905052846014943846e-01,-2.821976581156622754e-01,7.944961043373118814e-01,7.044033785918751844e-01,-3.307419673414300210e-01,-2.208639905838260253e-01,7.770901600615234273e-01,3.214799086371584180e-01,-7.627959337652913119e-01,8.206025917620803078e-02,9.054925367050512541e-01,-2.220416362901877216e-01,-6.341081704843133382e-01,5.688848113301168130e-01,6.633664831310219778e-01,-5.611333592324263542e-01,-3.072224831892122476e-01,3.174785547682541509e-01,-1.079429595625480548e-01,1.545305253629518649e-01,6.634254320297899854e-02,-7.967522161578428630e-01,3.876214746867308047e-01,3.701971452714657440e-01,1.000000000000000000e+00,7.066816991428793993e-02,4.169812611756117948e-01,-2.520942895866989386e-01,4.452199342249920644e-01,1.507077407897446375e-01,-4.329891256882065220e-01,-3.261865356323170317e-01,-9.181259965060798445e-01,-5.897532238922545966e-01,-7.907372492230329009e-01,-6.070842421376615450e-01,-4.199109293071472959e-01,-7.572374758434993192e-01,-2.776452655391495883e-01,-8.412761363006756588e-01,-4.961067372643951923e-01,-4.835205039521280335e-01,-5.714370299889955929e-01,-3.002343657888370543e-01,-1.847053723320289387e-01
-3.334072614744306162e-01,-2.384278530049294409e-01,-7.809840692849066013e-01,-4.575579738955608544e-01,-7.429390365862953427e-01,-3.275300630209743158e-01,-1.242341761728728115e-02,-6.653350774514869004e-01,-3.585345913179091570e-01,-1.619960888249143138e-01,-4.614775485277653466e-01,-7.536685434035794717e-03,-7.048539218090384972e-01,4.207744935407971565e-01,7.994548785579893568e-01,1.277786390362952440e-01,8.120942032456589521e-01,5.572111711240136378e-01,3.205375998996308484e-02,6.951384768864278252e-01,3.386206006953418335e-01,-3.177762402207764958e-01,6.618857639857583797e-01,1.010269838617566807e-02,-7.912658516249903018e-01,-1.455681039590701886e-01,7.292949270327440114e-01,2.875725750330428432e-01,7.489957593123121038e-01,4.159076812674294410e-01,2.604674670413993365e-01,-1.419474661885679889e-01,-1.122251525938793293e-01,1.238779324550560133e-02,-4.355387880715582694e-01,-7.473952304354022913e-02,-7.827290096499246452e-01,-5.418538846785161400e-01,-8.522374800680937446e-01,-4.783178233420912751e-01,-6.265037971273664796e-01,-6.505510404783370060e-01,2.223163517746804818e-01,4.682578333516532743e-01,8.643248963384635442e-01,6.045466447330134496e-01,9.061696962083010121e-01,2.317195765414073738e-01,9.121801912384277511e-01,4.890330102152385949e-01,6.295069161471574803e-01,2.463066075918260711e-01,-2.084564453975422116e-01,3.233318421848132562e-01,3.437735265915219940e-01,-1.883583026626182155e-01,-5.076403993448976859e-01,-7.801352629841029618e-01,-6.395684036629207814e-01,-1.138107664282794473e-01,-5.147691799981847227e-01,-6.185904448482725249e-01,-6.914116544895052355e-03,-1.304317768566058966e-01,-7.274128321535332509e-01,-3.830308934512816621e-01,1.627932701364220858e-01,-4.069102065070538399e-01,-7.995609877558526035e-01,9.408417645048700040e-02,-4.937749546306889892e-01,-3.286976206974186188e-02,-5.879425465617597046e-01,6.483702082216921680e-02,-2.115162310137776447e-01,-5.179573822618180889e-01,-7.989702335572189673e-01,7.066816991428793993e-02,1.000000000000000000e+00,6.582534218570542661e-01,7.722256380388319297e-01,8.051943613779641851e-01,6.187319485042729328e-01,7.738585603107946964e-01,6.536099868460487627e-01,-3.123583579644684943e-02,4.518968576059716469e-01,-2.255709657306155524e-01,4.220622984943647737e-01,-4.102908821343948520e-01,2.271028017135205412e-01,-1.305254715147192990e-01,4.534797917540412532e-02,-6.919461666247306297e-02,-7.847333586678264528e-01,4.476430346583955278e-02,1.586819873540363246e-01,1.097949199403778220e-01
-3.200435787476333394e-01,-5.177098351377875524e-02,-6.622707871479307506e-01,-3.283019677496291644e-01,-2.946098641160494469e-01,-8.335495252262611343e-01,-2.175244939636752084e-01,-8.740664222131048211e-01,1.458483022863438783e-01,3.666179952030121925e-01,-2.401135259003092381e-01,5.056832843145829814e-01,-9.969885802542249875e-02,6.768852470266550903e-01,4.615223180104508494e-01,3.354921941601996527e-01,5.926585459004634071e-01,9.229059901360354701e-01,3.592082800393744946e-01,7.261748384886601571e-01,7.933404273169387677e-01,1.830796953477628886e-01,6.280376711318597094e-01,-5.501239397494526173e-01,-7.624419700033627789e-01,-1.495850558318629064e-01,2.490101885105641399e-01,-1.077295201112553058e-01,5.084523991730981463e-01,-2.187472639104392769e-01,1.190262903495282604e-01,-3.398335403998143378e-01,1.373069262666270773e-01,-2.729447601096486320e-01,-5.052685744330143863e-02,-1.550188508616094918e-01,-3.914137920001124482e-01,-4.802080347263836257e-01,-9.052068210075387977e-01,-4.750320728708667256e-02,-6.849468855063614026e-01,-1.495269584241209759e-01,-1.171423223664398439e-01,8.344928586633911793e-01,6.613529583454693661e-01,8.488778061433311928e-01,8.166933539900618211e-01,3.090126814934108720e-02,6.607118500181476950e-01,1.862202269311717673e-01,-1.363077425417033757e-02,1.510705647411843544e-01,1.346498475065866784e-01,7.097936514327203572e-02,5.910032662605405607e-01,4.051647517656754571e-01,-1.319607374299958391e-01,-4.117311127284148387e-01,-9.074186865770501598e-01,-5.264559020815180734e-02,1.604546502920181361e-01,-7.866582408311708630e-01,-5.111685608730802688e-01,3.002854793805131983e-01,-2.638102226801647965e-01,-8.714482019922940026e-01,-8.950882738685855822e-02,2.313063456449525046e-01,-8.114607659862392852e-01,-5.584252530841968820e-01,-6.235453589927085760e-01,-6.039160888789127934e-01,-7.521840610534888949e-01,-4.693899705848289527e-01,-7.527712771375391076e-01,-5.646055298810259693e-01,-2.973336971043474275e-01,4.169812611756117948e-01,6.582534218570542661e-01,1.000000000000000000e+00,6.768098778233802015e-01,5.963257725253394703e-01,8.838305770034461384e-01,3.581433077436228518e-01,6.337246878607095679e-01,-2.716945972555130928e-01,3.745618730530002050e-01,-1.836417926740256945e-01,3.511666190898223849e-01,-1.360344347993768140e-02,1.189952021383448161e-01,3.126934166658787984e-01,-8.037895860205521159e-02,2.082578730460079575e-01,-6.696544716307631928e-01,1.121804582677869144e-01,1.079486928091227815e-01,2.512626086531526415e-01
-8.844474299714619181e-02,1.308557692221619106e-01,-5.193562516632436177e-01,4.367768368115076678e-04,-4.200945919671308371e-01,-3.617418227996505586e-01,-5.172700216444118260e-01,-8.369976332161445098e-01,-5.642074522494328059e-01,2.664728962205344387e-01,4.346870852663300977e-02,4.059435255234984385e-01,-5.147195048912034387e-01,7.854270471626939587e-01,9.070340790081379279e-01,6.130740157841945148e-01,9.490439826696625003e-01,6.438524660895615925e-01,5.180940089983219199e-01,9.245058182359651155e-01,3.807953719289903782e-01,7.572342295525230638e-02,8.988314040663738513e-01,5.616152260781158076e-03,-7.364245908453690426e-01,3.287254838058700224e-01,6.487971164085586384e-01,-1.757306067570022778e-01,4.127280908392208514e-01,1.026943849858582003e-01,-2.607210606481792925e-01,-6.324905219888592445e-01,-5.272502241003956813e-01,-4.981429708200464934e-01,-7.240930651468923118e-01,-5.828170843868147877e-01,-8.863428049617124715e-01,-8.981430302221011797e-01,-7.909598121300985829e-01,-7.265164546009035273e-01,-9.279626831714180568e-01,-2.551311712618523631e-01,5.813347904063291827e-01,7.238359886849655700e-01,9.555659845114722328e-01,3.732876107482179240e-01,7.646403498130810439e-01,6.534264976261822122e-01,9.061205251742422417e-01,8.022960790623885341e-01,4.483486046907377842e-01,6.947429170102418228e-01,3.072103983021696183e-01,7.055223556582328470e-01,7.522213700944873072e-01,-3.106799771836792901e-01,-7.719815134102113729e-01,-4.106722798027457322e-01,-7.754530297018833451e-01,-5.936127024343589298e-01,-3.139877023618374841e-01,-3.266934226666776686e-01,-4.210653003201102473e-01,-4.315900322242172682e-01,-3.533478514709165186e-01,-3.714536096280068311e-01,-3.657476759700381552e-01,-4.408256228016321776e-01,-5.538654397336044699e-01,-1.577313309806735175e-01,-8.623328399031976454e-01,-3.747165089588838649e-01,-8.861768554546148868e-01,-3.533653233415692263e-01,-1.097711249014165502e-01,-8.792593143095190911e-01,-7.719565202033980000e-01,-2.520942895866989386e-01,7.722256380388319297e-01,6.768098778233802015e-01,1.000000000000000000e+00,4.944781496132932830e-01,7.951495930516878641e-01,8.635582339013023745e-01,9.427699883970502848e-01,3.932025050685359346e-01,8.443726408394316429e-01,2.877640409835793833e-01,8.272163215893780785e-01,8.912633763658321662e-02,6.768460703912168031e-01,3.483677731727530258e-01,5.104002158006949452e-01,4.418646682842980455e-01,-4.986951821217682768e-01,4.656332636679318404e-01,3.419344721788247776e-01,3.344352431385007596e-01
-4.978214795236191037e-01,-5.147229456936572856e-01,-8.775890099853990156e-01,-8.048967111387577145e-01,-8.649537586138297263e-01,-3.344046702454758768e-01,4.251131905749080397e-01,-4.413214118558079768e-01,-3.079426446394171318e-02,-4.525632595550627135e-01,-8.195399569768309078e-01,-3.035924238575816725e-01,-6.750886961170949885e-01,6.280058066911428649e-02,5.282255090962663102e-01,-2.991087121683100314e-01,5.322571193102574316e-01,4.509114770296159813e-01,-3.662000219257671163e-01,3.845471779275957958e-01,3.256829380258208784e-01,-5.506010301232305837e-01,3.383574907813670096e-01,-7.781913950090482701e-02,-7.078994156764701895e-01,-5.527276768022821862e-01,6.198723548734684785e-01,6.118066748317128045e-01,8.930119407249563768e-01,5.346458118050718689e-01,6.739464165307815779e-01,2.937469013870518397e-01,3.199149952575022771e-01,4.319902303210084171e-01,-4.714174572919377360e-02,3.852287221058189326e-01,-5.087046129239308767e-01,-1.239902497215149696e-01,-7.875138024317388519e-01,-1.161269629632717959e-01,-2.696564826114172808e-01,-8.378947141060806292e-01,-1.871375930686097755e-01,2.223204163395354205e-01,6.223931258191919280e-01,7.604125479274840282e-01,8.806176273075982941e-01,-2.168391637356774371e-01,7.411118045576451374e-01,8.455611929698286788e-02,6.008211830622887106e-01,-2.155294068899671067e-01,-5.935985504202601071e-01,-1.115531690223238864e-01,-4.292665315965066286e-02,4.166380000578590037e-02,-1.331714250949701528e-01,-9.391753574252901249e-01,-4.621405064540569652e-01,3.458964425638761386e-01,-5.117758265090954772e-01,-8.165822759001019060e-01,2.934915287181519283e-01,2.321756166762043161e-01,-8.848303216205110067e-01,-4.125826626948623788e-01,5.805691218076104443e-01,-2.130819656930353079e-01,-9.068693760307977580e-01,2.092099836572939575e-01,-1.028814612950950669e-01,1.945739377521426561e-01,-2.483940965399777101e-01,3.492463769253421058e-01,-3.622880713073782788e-01,-1.173806522957776682e-01,-5.561975269891614726e-01,4.452199342249920644e-01,8.051943613779641851e-01,5.963257725253394703e-01,4.944781496132932830e-01,1.000000000000000000e+00,3.957322857360029422e-01,4.936170830811351662e-01,2.826824930422991988e-01,-4.475334676456983463e-01,1.433388500908888870e-02,-6.549716590266856375e-01,-2.006031753086972083e-02,-7.409778452281402528e-01,-2.309607424558272615e-01,-4.784253572304864588e-01,-4.085737997378151021e-01,-4.888752492854527842e-01,-9.180774459706964041e-01,-3.535654935506911123e-01,-5.019116189492153768e-02,-1.339238615744599015e-01
-1.703361296539382674e-01,1.687278947655007633e-01,-5.007596625316929062e-01,-4.608082757777242494e-02,-1.470214267869255909e-01,-7.945643956449274237e-01,-5.320254756925664186e-01,-9.656279526704819594e-01,-6.179375767795033253e-02,5.861191943113356340e-01,7.305186886370619581e-02,7.118568521864535592e-01,-5.840320429092595023e-02,8.905408017896506712e-01,5.867959279242542792e-01,6.324628808634609189e-01,7.231890551607694784e-01,9.341473135837685682e-01,6.435256765896302245e-01,8.813164840457459182e-01,7.668028273279839935e-01,3.831503188661501413e-01,7.925076497463464653e-01,-4.808267394625276303e-01,-7.292820613219138659e-01,1.684687768902863036e-01,2.585637988610521298e-01,-3.595875022481919148e-01,3.160935791901969827e-01,-3.384826567369229600e-01,-2.118017110595979691e-01,-6.444281188377068981e-01,-1.799869881013818618e-01,-5.778359833735103868e-01,-3.026507127513006767e-01,-4.873440825577732283e-01,-5.204193171193257639e-01,-7.337798973679908743e-01,-8.588956912338612248e-01,-2.824925929182656725e-01,-8.872720813164303166e-01,4.619904636693724503e-02,1.746876803889044760e-01,9.605240278754605399e-01,7.557009164177866944e-01,6.604888828502299969e-01,7.382991820718820541e-01,3.465480254324133091e-01,6.960008344859055507e-01,4.439375673230634423e-01,-4.226907089163180892e-02,4.705986383746535995e-01,4.349369803269500512e-01,3.675717963333486327e-01,8.337600639755949894e-01,2.376262081939484738e-01,-3.684568851687469726e-01,-2.177702555048894317e-01,-9.629600128479401944e-01,-3.848338540079431769e-01,1.974378070338403124e-01,-5.687890089509259894e-01,-7.205084882528264290e-01,3.459357991593881021e-02,-7.997349010074981945e-02,-7.975124364852296255e-01,-4.106014345130929444e-01,1.165965527511531874e-01,-6.497385539594922044e-01,-6.380457399325478729e-01,-8.579981885281090515e-01,-7.552553891739928194e-01,-9.334922452040668173e-01,-6.719638527069827783e-01,-5.945001637701335939e-01,-7.696621456358102575e-01,-3.481492703574884939e-01,1.507077407897446375e-01,6.187319485042729328e-01,8.838305770034461384e-01,7.951495930516878641e-01,3.957322857360029422e-01,1.000000000000000000e+00,4.924595737177515642e-01,8.390912077301447836e-01,4.886113100559669187e-02,6.522021177915802159e-01,1.587031432668803976e-01,6.366040868989579771e-01,2.639489629471011289e-01,4.401240261549857480e-01,5.716634704029776026e-01,2.541428886800929376e-01,5.184053805636055223e-01,-4.978623081359555003e-01,3.935787782244430377e-01,2.417234231034387504e-01,3.667628848504635442e-01
-5.875360598989329275e-02,2.632639212545300790e-03,-4.754342242110115024e-01,-4.831076399260090387e-02,-6.149618453887952807e-01,3.435388293073595584e-02,-3.267427164359774094e-01,-5.582798474815208190e-01,-8.132850381826207675e-01,-9.744064703022346785e-02,-6.791449896809180486e-02,2.610144068589786287e-02,-7.989833192361974756e-01,5.008667890177708193e-01,9.691526698497006098e-01,4.046608093579328602e-01,9.289371339416429008e-01,2.894617163623061651e-01,2.481740263635259236e-01,7.489542887426944295e-01,2.583026645705436067e-02,-2.270750537992700657e-01,7.672118346849809978e-01,3.592068692993538037e-01,-6.106614211343254217e-01,3.021980605474152703e-01,8.266580932850444707e-01,8.801052205026092812e-02,4.670791529351235316e-01,4.795467218551457966e-01,-1.621961508750900949e-01,-4.250894534906806688e-01,-6.303058912874078823e-01,-2.600320495919268837e-01,-8.678764155011065018e-01,-4.640588117073002894e-01,-9.872477336220208954e-01,-8.020171495752408397e-01,-6.030972721065201991e-01,-8.993969140981397103e-01,-7.420187711480399351e-01,-4.994426081872517797e-01,7.269245715847206801e-01,3.697782500140163742e-01,9.173378509408400827e-01,1.203387259054730513e-01,6.684731390248292993e-01,7.006861151524018672e-01,9.007012956025741701e-01,8.793905501163791216e-01,7.734864679857905712e-01,6.661700102063154993e-01,6.793083379812385469e-02,7.737229399249460071e-01,4.820414795989971801e-01,-6.558226943923320951e-01,-8.977668924893226210e-01,-5.431484280982219470e-01,-4.652362722036045284e-01,-5.629994948083607564e-01,-6.833527677380966114e-01,-1.293269855482131192e-01,-4.499190865108782661e-02,-6.607859722274884717e-01,-5.601172692845515222e-01,2.064086046251323650e-02,-1.767686276200908790e-01,-7.806849946511271732e-01,-4.228087782285591123e-01,2.791241814793917198e-01,-6.479078983905529610e-01,4.193091386924313602e-02,-6.368046231715872585e-01,3.214271561307779912e-02,2.681445579215639974e-01,-7.074769791123818319e-01,-9.254057269774857986e-01,-4.329891256882065220e-01,7.738585603107946964e-01,3.581433077436228518e-01,8.635582339013023745e-01,4.936170830811351662e-01,4.924595737177515642e-01,1.000000000000000000e+00,8.070705055066765832e-01,5.135289482957920981e-01,7.689773792614940096e-01,2.510879526609068324e-01,7.532211475679152501e-01,-1.457103969493978302e-01,6.601168303785061031e-01,3.152710407479156207e-02,5.398803992153082820e-01,2.230454070207678052e-01,-4.566573420595814170e-01,3.783220692129015683e-01,3.458371860422040367e-01,2.003603534317824342e-01
2.205732506347130722e-02,2.917091307457251315e-01,-3.663212745350166166e-01,1.990625159172023650e-01,-2.130457942305496732e-01,-3.941631353597137566e-01,-7.026110029080592234e-01,-8.627825831042142957e-01,-5.601506553313992942e-01,4.723658893804372760e-01,2.667877782074734028e-01,5.873010883765550361e-01,-3.453582981492917536e-01,8.977835377020655372e-01,8.527001110542660189e-01,7.812446198776318296e-01,9.165419405845877110e-01,6.642734157181899857e-01,7.054867936203242929e-01,9.542259608849148478e-01,4.041787454228988885e-01,2.703288291463307180e-01,9.290317611032823386e-01,-3.944357423255302059e-02,-6.606993859362388921e-01,4.965529178057118687e-01,5.288099684966303116e-01,-3.904182583205476065e-01,2.274943659711287092e-01,-8.764882618781920376e-02,-4.650135118266637835e-01,-8.006436393417794006e-01,-6.335895416644101719e-01,-6.928966157388509739e-01,-7.529520707573094107e-01,-7.517697286230174969e-01,-8.285393396397111587e-01,-9.727182147142462432e-01,-7.129970212930952789e-01,-7.345328686235326199e-01,-9.842342991819923448e-01,-2.660842124994461377e-02,6.492430929592930555e-01,8.070795004171547049e-01,9.022661210691949041e-01,2.740142309926660302e-01,6.439983641807544013e-01,7.575445235605946515e-01,8.132826008475153579e-01,8.422841676446296555e-01,2.846293770720760286e-01,8.170434650353812778e-01,5.236402334414635984e-01,7.849142005120567367e-01,8.842378258304492977e-01,-2.835742566153679478e-01,-7.886251490603591874e-01,-1.984399154348966410e-01,-7.969627802711163334e-01,-7.366453047812623334e-01,-1.509108753206869213e-01,-2.007016559618303442e-01,-6.017361500601703383e-01,-4.830800533516975692e-01,-1.363291051027370471e-01,-3.832283984550839406e-01,-5.730139111569702015e-01,-3.656506007496301280e-01,-4.172555707658976987e-01,-3.069246275186900408e-01,-9.594575693941801431e-01,-5.354748420881978443e-01,-9.542086290023169548e-01,-5.386985957665170188e-01,-1.035493579090877442e-01,-9.381710357862317329e-01,-6.589015505972385389e-01,-3.261865356323170317e-01,6.536099868460487627e-01,6.337246878607095679e-01,9.427699883970502848e-01,2.826824930422991988e-01,8.390912077301447836e-01,8.070705055066765832e-01,1.000000000000000000e+00,5.127811149138653546e-01,9.338277859737386111e-01,4.787663757783420793e-01,9.225679875541017427e-01,3.187233055492388334e-01,7.984044202796583001e-01,5.547217771841622680e-01,6.507375689235354033e-01,6.415207525945955114e-01,-3.342940267301546808e-01,6.174506138260202892e-01,3.975600652820894254e-01,4.232246812406826875e-01
4.638956426913130038e-01,5.305612292931344287e-01,4.055904117486721083e-01,7.363511939447890953e-01,2.171435985452362938e-01,4.195632633098914654e-01,-7.310693227425478780e-01,-8.591019710449798730e-02,-8.235995194631835492e-01,3.043778977979134659e-01,7.356086321256454230e-01,2.794332010044543457e-01,-1.771571669725624520e-01,4.074219044066045847e-01,4.670860197059939489e-01,6.826466964685804495e-01,4.122976262722980456e-01,-2.061854686369170297e-01,5.781854657796655639e-01,3.577997605446516238e-01,-3.672023750758797167e-01,2.612814154500850417e-01,4.358273878581901406e-01,5.199047675642249899e-01,1.086516625380980067e-01,8.776009073828300311e-01,2.704327220422105826e-01,-4.972916989435570700e-01,-4.273246556145139929e-01,-7.356879543324135878e-03,-8.299674848822700124e-01,-6.996952003680054766e-01,-9.768799471469087337e-01,-6.642704299107941024e-01,-8.583763223279234911e-01,-8.451856215838906561e-01,-5.117465719253542211e-01,-6.784076623634772707e-01,2.024646101610644844e-01,-8.199204361534541130e-01,-4.578322514308779678e-01,2.915982845227534370e-01,9.447138817540242650e-01,1.043928336894439507e-01,3.081110609363600372e-01,-6.738723608683512278e-01,-2.177320861663450124e-01,9.382821400567683545e-01,1.756616613173041797e-01,8.237579804783362603e-01,2.333807093419843492e-01,8.913281405773159083e-01,6.300012855869047135e-01,9.092136632165246368e-01,4.971579840028235164e-01,-7.593611390040192477e-01,-8.001984510060579092e-01,3.674903152825466091e-01,3.201242640583790156e-02,-9.207097214847557165e-01,-2.353215983890135921e-01,7.129677163017852370e-01,-2.856973526598640123e-01,-9.367750667306772305e-01,2.846467404110059607e-01,4.885509075655447009e-01,-7.318762371703093628e-01,-6.299555959975313701e-01,4.925628449454264035e-01,1.385065804454765070e-01,-5.268522358668660255e-01,-9.406996883692195222e-02,-3.637604417533028545e-01,-2.677408909458991459e-01,6.870090101520679449e-01,-5.907831506844399838e-01,-4.115539134896054052e-01,-9.181259965060798445e-01,-3.123583579644684943e-02,-2.716945972555130928e-01,3.932025050685359346e-01,-4.475334676456983463e-01,4.886113100559669187e-02,5.135289482957920981e-01,5.127811149138653546e-01,1.000000000000000000e+00,7.636730880757097717e-01,9.050657804749387969e-01,7.779252087944944494e-01,5.584892599605401076e-01,9.034970642777119254e-01,4.664812512407923717e-01,9.586195925966979337e-01,6.743283132733260965e-01,4.540328076153366532e-01,7.133908506428336960e-01,3.909298714297106958e-01,2.996897745785970235e-01
2.100320312871428730e-01,4.469712007794547914e-01,-1.007473920183433874e-01,4.550729086189404526e-01,-3.317034672891003982e-02,-1.540146036345185487e-01,-8.250721624143606547e-01,-6.799216635135012510e-01,-7.087632015173227495e-01,5.064695598859214609e-01,5.084338343573266972e-01,5.791853326330833607e-01,-2.854872509844280093e-01,8.420774999988598353e-01,7.938705583871479288e-01,8.659613129251991781e-01,8.266047808929479768e-01,4.298210530691728981e-01,7.737065058250923721e-01,8.493229762490603907e-01,1.692231938147855941e-01,3.344088101901834253e-01,8.617571298084821807e-01,1.545329045475828389e-01,-4.414692867729185233e-01,7.241898308042354904e-01,4.730463563856809883e-01,-5.215930419815110186e-01,-2.243801397327918612e-02,-1.132973690008742401e-01,-6.888422960694448038e-01,-8.865647789306881910e-01,-8.437348136011039168e-01,-7.984237694947996511e-01,-8.754815851855626274e-01,-9.028811255344572073e-01,-7.907002203827636633e-01,-9.847034475327669512e-01,-4.446802009408255540e-01,-8.398096106614335588e-01,-9.108401912066632633e-01,1.324765457616540743e-01,8.348893167778025370e-01,6.593780977354236628e-01,7.734041638758590853e-01,-5.390643270782633639e-02,3.786687716487103783e-01,9.230914931243020538e-01,6.523913896420042713e-01,9.321529525505705127e-01,2.590704887952563484e-01,9.560686272922714890e-01,6.649121704169066449e-01,9.280002724022293759e-01,8.692328723181635963e-01,-4.753612791499085555e-01,-8.785585228333984142e-01,2.833230714170985667e-02,-5.917960242460056364e-01,-9.116256677204961356e-01,-1.606324047520678033e-01,1.289451551605095836e-01,-5.920296880922804039e-01,-7.055369811267110380e-01,4.503267534266028327e-02,-1.167879752686181022e-01,-7.334723471803686889e-01,-4.819131127479836518e-01,-1.090628286074442760e-01,-2.118064660224041329e-01,-9.268858123452832221e-01,-4.695928164938645843e-01,-8.589626147154627578e-01,-5.397781883031343986e-01,1.655368120481657546e-01,-9.290098749508350906e-01,-6.185425602119103416e-01,-5.897532238922545966e-01,4.518968576059716469e-01,3.745618730530002050e-01,8.443726408394316429e-01,1.433388500908888870e-02,6.522021177915802159e-01,7.689773792614940096e-01,9.338277859737386111e-01,7.636730880757097717e-01,1.000000000000000000e+00,7.223460440733693311e-01,9.880908782879610497e-01,4.877546154404818202e-01,9.454562219288022984e-01,6.281541801608244713e-01,8.576941986863784173e-01,7.620099409282514724e-01,-5.388946566919367021e-02,7.443145195596939656e-01,4.441218967835366405e-01,4.427421948522515249e-01
5.035543390264398678e-01,6.751158564515742366e-01,5.443756881371680789e-01,8.838813847521551637e-01,5.361089446366297251e-01,1.789382781880373974e-01,-8.796906810235410878e-01,-1.588357485492108423e-01,-5.504874979477087926e-01,6.324381836994190653e-01,9.327361689002935385e-01,5.837750193956563471e-01,2.088270483095343855e-01,5.423096326499321496e-01,2.386822346600282752e-01,8.256113050939479781e-01,2.478362939685900268e-01,-4.931113886773506871e-02,7.916584030449261844e-01,3.403741436287753275e-01,-1.516409654832533704e-01,5.844504360919946517e-01,3.869759945337941098e-01,2.240099511758829320e-01,1.875514235145323005e-01,9.267832726160514234e-01,-4.607629202090573334e-02,-7.671809381218552826e-01,-6.352753532535200254e-01,-3.947256035600996693e-01,-9.708581310338119108e-01,-8.366626043973589555e-01,-8.758862986694251340e-01,-8.613449107742338073e-01,-6.511429154253487450e-01,-9.273571965899287672e-01,-2.549110859074713020e-01,-6.359882677141009966e-01,2.454395941857985264e-01,-5.807536041477908695e-01,-4.677304261753200687e-01,6.365939159660992663e-01,7.835533664922096353e-01,2.830549332197909163e-01,1.442142079413646361e-01,-6.127197874729390925e-01,-3.452090423496352312e-01,8.520411014963871210e-01,-2.740470240719891648e-02,6.563493581533298427e-01,-1.690101791598398739e-01,8.650745999264872754e-01,8.739826606139354803e-01,7.877376505695579123e-01,6.373060170608714214e-01,-4.459779722505425870e-01,-5.903714480522483932e-01,6.523401618059125884e-01,-6.946144744959362183e-02,-9.217735405314757546e-01,1.741163264921177234e-01,6.989155146695289478e-01,-5.867113160961662244e-01,-7.301576311636706063e-01,6.157881299087112348e-01,2.643736642992205454e-01,-9.246959720239049663e-01,-2.705527039383102128e-01,5.702942105015151864e-01,-2.318293027141604123e-01,-5.897929508742572047e-01,-4.198773943108111695e-01,-4.314070830671776768e-01,-5.860837296212788594e-01,4.398414723683674588e-01,-5.977191929923826308e-01,-1.090706927399062581e-01,-7.907372492230329009e-01,-2.255709657306155524e-01,-1.836417926740256945e-01,2.877640409835793833e-01,-6.549716590266856375e-01,1.587031432668803976e-01,2.510879526609068324e-01,4.787663757783420793e-01,9.050657804749387969e-01,7.223460440733693311e-01,1.000000000000000000e+00,7.450819676618630760e-01,8.412547556285308037e-01,8.699744427112146017e-01,7.512070309648497535e-01,9.339435725466704863e-01,8.749597718842995198e-01,6.028121467322038463e-01,7.882873189986988605e-01,3.641641704764214116e-01,3.843214094311749873e-01
2.119501864169619498e-01,4.616712724599261741e-01,-7.158082336430722503e-02,4.818310648635230620e-01,-6.873736937365088409e-03,-1.364006822976516209e-01,-8.386158593677961459e-01,-6.645006230460177576e-01,-7.073871667831631571e-01,5.199210736048672787e-01,5.368989806725781300e-01,5.884515576083075850e-01,-2.608745791345850051e-01,8.381502521078211254e-01,7.733526893511333267e-01,8.751005522259728275e-01,8.065999402938085483e-01,4.150453148357617361e-01,7.876837000612371131e-01,8.404392891814421729e-01,1.693034458404893139e-01,3.468838254640367880e-01,8.519488412206257522e-01,1.468114149532245838e-01,-4.248574956216432663e-01,7.463990222133084496e-01,4.529690136004777545e-01,-5.412508590305659117e-01,-4.831215752886075521e-02,-1.268332284529040954e-01,-7.160668411483001039e-01,-8.979604901714061116e-01,-8.595135486867793162e-01,-8.169598191258083952e-01,-8.755162184301044093e-01,-9.161357852867620943e-01,-7.705550974935239106e-01,-9.785196168760401658e-01,-4.146108861371339271e-01,-8.373540245641720725e-01,-9.010672411088324063e-01,1.621515144536163633e-01,8.436751246981603058e-01,6.499858070952034828e-01,7.504164467188616516e-01,-8.358741628897493892e-02,3.450002089652648429e-01,9.313139697243590920e-01,6.252120195627433041e-01,9.313797328441530965e-01,2.371521131298473806e-01,9.643508184370963576e-01,6.873370711123244492e-01,9.341136542285927158e-01,8.718944438022065979e-01,-4.787203011263085339e-01,-8.761054563861462308e-01,6.247153114954427655e-02,-5.761599371601859865e-01,-9.251963705906551816e-01,-1.415962872307612030e-01,1.583531366274177066e-01,-6.025688429810626134e-01,-7.122774907713987913e-01,7.698480220307327149e-02,-1.024014116348284653e-01,-7.534983252963929345e-01,-4.727870124945382502e-01,-7.699393404214810444e-02,-2.193882943929937324e-01,-9.216252601901522290e-01,-4.759038820264440139e-01,-8.489031321685666098e-01,-5.506234751163525676e-01,1.796830247954133708e-01,-9.251229347858003216e-01,-5.984923580871711613e-01,-6.070842421376615450e-01,4.220622984943647737e-01,3.511666190898223849e-01,8.272163215893780785e-01,-2.006031753086972083e-02,6.366040868989579771e-01,7.532211475679152501e-01,9.225679875541017427e-01,7.779252087944944494e-01,9.880908782879610497e-01,7.450819676618630760e-01,1.000000000000000000e+00,5.161915275857014151e-01,9.580605761280732713e-01,6.460664981748397429e-01,8.737530131517878829e-01,7.819236496241587231e-01,-2.460655169449479235e-02,7.577514757073993135e-01,4.426422378448430228e-01,4.343974695727843005e-01
4.172774593277724375e-01,6.932365103470080614e-01,5.688010044872844340e-01,8.435473097321228853e-01,8.034083742586434207e-01,-1.756189971951139517e-01,-8.473960026468846385e-01,-2.218612414354320383e-01,-5.903858654838348846e-02,8.913287703241674631e-01,9.404909902537744726e-01,8.261738266980244161e-01,6.435265574764065244e-01,5.818133414010070448e-01,-1.068758083423886479e-01,7.985582753592889160e-01,-1.868597376843364119e-02,1.739065293186893846e-01,8.637096959356386217e-01,2.447486665220470203e-01,1.693872518821261941e-01,8.378762566938903200e-01,2.397175885547197516e-01,-2.126157698411461905e-01,2.220103486687646788e-01,7.523108540227684271e-01,-4.267018586648951839e-01,-9.205469805889650026e-01,-7.274864833181691193e-01,-7.894883197090910576e-01,-9.033290756149344736e-01,-7.987540433976997312e-01,-5.229939172403987868e-01,-8.956761303905635963e-01,-2.168369922792062754e-01,-7.929101800033858671e-01,1.301213539150787024e-01,-4.247454465390821943e-01,2.274557202651124599e-01,-1.288173894806970976e-01,-3.671637550740523004e-01,9.109079782365068212e-01,3.774735172168345310e-01,4.452634399448028857e-01,-9.411779121349161947e-02,-3.682165069867364693e-01,-4.100061239564979920e-01,5.253965192604781453e-01,-2.689184386554904771e-01,2.757536405514248723e-01,-6.367868949404091872e-01,6.079124243813419648e-01,9.580216903051703703e-01,4.310471083326548047e-01,6.595463153324848671e-01,7.267141324868846286e-02,-1.719233030979867849e-01,8.440345044018716658e-01,-1.920645974937998379e-01,-6.871436644346817779e-01,6.508148038358693155e-01,4.915563566474364654e-01,-8.227855081446748819e-01,-2.749801744983883522e-01,8.741584104582292847e-01,-9.816417117717701757e-02,-9.309360072590044943e-01,2.602205324036772627e-01,5.116099792380759403e-01,-6.496464482573610644e-01,-5.254431532197439969e-01,-7.322891020482577007e-01,-4.148998511225966412e-01,-8.455396626531417326e-01,4.522806538871563566e-03,-4.593640672297106819e-01,2.999914581128899638e-01,-4.199109293071472959e-01,-4.102908821343948520e-01,-1.360344347993768140e-02,8.912633763658321662e-02,-7.409778452281402528e-01,2.639489629471011289e-01,-1.457103969493978302e-01,3.187233055492388334e-01,5.584892599605401076e-01,4.877546154404818202e-01,8.412547556285308037e-01,5.161915275857014151e-01,1.000000000000000000e+00,6.075963580594881952e-01,9.256938733188503354e-01,6.603851223756828093e-01,9.059481959698406639e-01,6.303685354161815413e-01,6.735965920104471927e-01,2.385917698557298572e-01,3.924219649493147499e-01
3.331898205648959332e-01,5.423245731751922261e-01,1.422798787110322316e-01,6.403668042845810371e-01,1.317920927945458731e-01,6.069965226839241224e-02,-8.631308516960725097e-01,-4.685491620415542235e-01,-7.594122635435246460e-01,5.039007328527896901e-01,6.798641514283652043e-01,5.338266992847838788e-01,-1.873402139885571027e-01,7.230239807472019775e-01,6.580669757501860229e-01,8.662794778694408171e-01,6.654463116140527656e-01,1.994909826407665066e-01,7.764892430475985874e-01,6.892784489999288500e-01,-1.678469102742904603e-02,3.689711293959354044e-01,7.256657321239550207e-01,2.736703365530307464e-01,-2.204775318792563665e-01,8.581971649489117393e-01,3.652589038202122551e-01,-5.961222194387819640e-01,-2.377514394074253801e-01,-1.348818088518771163e-01,-8.329709126806360553e-01,-8.919628221588328243e-01,-9.519113915248784696e-01,-8.300092444632063415e-01,-8.908015007524935358e-01,-9.520054761085546824e-01,-6.700286628228415697e-01,-9.030679386621135452e-01,-1.707375710259124713e-01,-8.471413722150098469e-01,-7.681655523652918260e-01,2.745862742983335991e-01,9.152767135271583365e-01,4.815324020442929842e-01,5.845026906577613923e-01,-3.311317183266717645e-01,1.083375164230706705e-01,9.776144306658957062e-01,4.429623888107975249e-01,9.182074129333116508e-01,1.910511043370445028e-01,9.883117250434996226e-01,7.417077202853308293e-01,9.665082599483011405e-01,7.861110883376765113e-01,-5.849407397272855524e-01,-8.704280845771847908e-01,2.368697691661869886e-01,-3.676987990916303350e-01,-9.815463717457311166e-01,-1.325486332937252931e-01,4.013882033377129122e-01,-5.457382263681070933e-01,-8.207426951995369091e-01,2.154734695379550424e-01,1.111202667834672170e-01,-8.153327445887098568e-01,-5.170356063231873467e-01,1.698582220298684720e-01,-1.320758121396327089e-01,-8.174510705369721908e-01,-3.870047128345867615e-01,-7.023345098980523504e-01,-5.064479966624917395e-01,3.717763623883036939e-01,-8.391179051297364966e-01,-5.125963996006088763e-01,-7.572374758434993192e-01,2.271028017135205412e-01,1.189952021383448161e-01,6.768460703912168031e-01,-2.309607424558272615e-01,4.401240261549857480e-01,6.601168303785061031e-01,7.984044202796583001e-01,9.034970642777119254e-01,9.454562219288022984e-01,8.699744427112146017e-01,9.580605761280732713e-01,6.075963580594881952e-01,1.000000000000000000e+00,6.502325928774815855e-01,9.617171593702249499e-01,8.126838815505563751e-01,1.960161397559719021e-01,7.930411802967747281e-01,4.478638768457434693e-01,4.107371695283616453e-01
2.847813174159445904e-01,6.493690516066437102e-01,2.926287720543730986e-01,6.918575750268568525e-01,6.378140976151398522e-01,-4.404461573166144617e-01,-8.944956444632253811e-01,-5.298995261785400812e-01,-4.795300936163274241e-02,9.632817631774258649e-01,8.099235148504189130e-01,9.523163989254703754e-01,5.351520226902131139e-01,8.014787677819619205e-01,1.028703340152597734e-01,8.884093097876911704e-01,2.284615493926656360e-01,4.901066826572903490e-01,9.528754886169434890e-01,5.204938030769299395e-01,4.254111532933745332e-01,8.364188660786420204e-01,4.881632063817138989e-01,-3.637516579122539451e-01,-8.867886639262091697e-02,6.840927488028759607e-01,-2.689228686794357670e-01,-9.152438687936845785e-01,-4.883579249597235217e-01,-7.987366141297272959e-01,-8.320149332101482997e-01,-8.997959774996636684e-01,-4.809194734477693634e-01,-9.534599525041975721e-01,-2.670639584556688817e-01,-8.285327390151666638e-01,-5.804019966447920842e-02,-6.047901599889696778e-01,-1.163256814038714226e-01,-1.839927669513065633e-01,-6.147862424790389024e-01,7.889441210327129417e-01,3.563239687816999735e-01,7.193160654009301824e-01,1.786094705335495025e-01,-5.972312627845232508e-02,-8.288878235882411738e-02,5.452503509530336467e-01,1.247207028430983959e-02,3.695137027001223484e-01,-5.698283107432841055e-01,6.626752588736816163e-01,9.605384962361487311e-01,4.720916542562639262e-01,8.510537314414420296e-01,1.732609014898596200e-01,-2.538744151581927566e-01,6.352117541839165105e-01,-5.141328589019928952e-01,-6.998257996744048359e-01,6.368497350648726352e-01,1.943770944715716154e-01,-9.541605511786134253e-01,-1.927847155429524006e-01,7.106100971013424861e-01,-3.844751196686887473e-01,-9.203098834267440242e-01,2.846388078056219517e-01,1.900183696721552684e-01,-7.878585357051258731e-01,-7.388617783887356794e-01,-8.926451484250431667e-01,-6.756544160055807380e-01,-9.555357867238214453e-01,-2.290454147553049880e-01,-6.490528834402919944e-01,1.451389886953854680e-01,-2.776452655391495883e-01,-1.305254715147192990e-01,3.126934166658787984e-01,3.483677731727530258e-01,-4.784253572304864588e-01,5.716634704029776026e-01,3.152710407479156207e-02,5.547217771841622680e-01,4.664812512407923717e-01,6.281541801608244713e-01,7.512070309648497535e-01,6.460664981748397429e-01,9.256938733188503354e-01,6.502325928774815855e-01,1.000000000000000000e+00,6.288417048733025982e-01,9.427634529323876134e-01,3.464435470692883157e-01,6.903308382652773023e-01,2.783046550912138262e-01,4.608625435267533765e-01
4.233505996753813561e-01,5.659951786544822339e-01,3.241313144757458908e-01,7.495468770092172939e-01,2.507119387340721040e-01,2.120560042311262772e-01,-8.429481547074106906e-01,-2.807596181111819966e-01,-7.611662122755881166e-01,4.759057856602282310e-01,7.738529936663617326e-01,4.709769108974051766e-01,-1.017714512697841661e-01,5.942457079453477009e-01,5.168312397415719683e-01,8.191631813245916494e-01,5.020766594361470991e-01,7.095789094453551667e-03,7.367634510765816991e-01,5.124497404139607415e-01,-1.682057121229831587e-01,3.996177446705020952e-01,5.615444377593636904e-01,3.531810425182093649e-01,-1.670667943107640233e-02,8.943472604812777726e-01,2.390525358582815119e-01,-6.111826817426273539e-01,-3.953740132990357647e-01,-1.446185175753319230e-01,-8.885247937385865047e-01,-8.386395926053586969e-01,-9.696222654720894063e-01,-8.019392577661399457e-01,-8.499725986856703219e-01,-9.340309038693226373e-01,-5.412920504746016048e-01,-7.900511849232819683e-01,4.564941430661250549e-02,-8.024396968455588253e-01,-6.149646134767555727e-01,3.668932131854424905e-01,9.217523514378088700e-01,3.196257641358857815e-01,4.071148169158481100e-01,-5.213368824308204363e-01,-1.013478747030230331e-01,9.624907816359085100e-01,2.574156303665270373e-01,8.516368897278819849e-01,1.303988153232755742e-01,9.542383460174405085e-01,7.525890011811875446e-01,9.334927146687646005e-01,6.745912551088613096e-01,-6.319365359333807275e-01,-8.095647593733634739e-01,3.814665613749739226e-01,-1.703612014403261543e-01,-9.718422139940277038e-01,-1.036749413877408182e-01,5.879062132354432313e-01,-4.801857211001411829e-01,-8.655357340325230409e-01,3.352117553104606018e-01,2.807603235832441535e-01,-8.347686659775345186e-01,-5.170383504018508658e-01,3.769461512720644336e-01,-6.308273788870538690e-02,-6.889567433737896485e-01,-3.029076167940311648e-01,-5.441389890137651175e-01,-4.546069681370082938e-01,5.074970439486683471e-01,-7.224810370220684508e-01,-4.027491272897003594e-01,-8.412761363006756588e-01,4.534797917540412532e-02,-8.037895860205521159e-02,5.104002158006949452e-01,-4.085737997378151021e-01,2.541428886800929376e-01,5.398803992153082820e-01,6.507375689235354033e-01,9.586195925966979337e-01,8.576941986863784173e-01,9.339435725466704863e-01,8.737530131517878829e-01,6.603851223756828093e-01,9.617171593702249499e-01,6.288417048733025982e-01,1.000000000000000000e+00,8.102910563198422178e-01,3.911457195073169135e-01,7.914322518595575673e-01,4.516939464536921522e-01,3.925952758349400273e-01
3.239531524681328323e-01,6.479568684448404614e-01,3.217304265201474389e-01,7.677510150072625050e-01,5.374219528070049989e-01,-2.539083793749495888e-01,-9.496152320724866591e-01,-4.996928400899067202e-01,-3.059741156024248232e-01,8.722304989001072872e-01,8.607590810365821632e-01,8.660494133597638200e-01,3.542076829580988462e-01,8.033416586017378958e-01,2.605198794131121653e-01,9.409850123873547689e-01,3.489970814367561180e-01,3.686945806258301039e-01,9.596081199896242531e-01,5.610696051583100585e-01,2.829107187298910420e-01,7.738461130335229088e-01,5.446687276553726642e-01,-1.785368730160692974e-01,-7.197779730205570992e-02,7.938179485184463369e-01,-1.358061975617104178e-01,-8.674705562021597371e-01,-4.849612406932082287e-01,-6.263344349663950705e-01,-9.119710172533419534e-01,-9.497613789150827213e-01,-6.910735216745218512e-01,-9.785024797530128549e-01,-4.950063552550028056e-01,-9.332882118727068299e-01,-2.369704049047736683e-01,-7.250391566400574694e-01,-7.883275099939471287e-02,-4.202658999033356269e-01,-6.734190956791921145e-01,7.013962580297846694e-01,5.861101469033490607e-01,6.462051746383683515e-01,2.808642013104945545e-01,-2.192965661191723648e-01,-8.680771123812641710e-02,7.379209119465254263e-01,1.065875014045512686e-01,5.710163240287955411e-01,-3.681896317949204800e-01,8.194334742253021053e-01,9.652412686596246738e-01,6.740025846322014180e-01,8.612910063698135943e-01,-9.216497985050151054e-02,-4.705088410361144557e-01,5.916020161908296382e-01,-4.400065549954403910e-01,-8.493133382095907624e-01,4.270297159503137485e-01,3.434610782737709256e-01,-8.706035781307456256e-01,-4.441059322962984113e-01,6.353775209392416023e-01,-1.896859676158464403e-01,-9.692570336690911059e-01,2.793374452104020050e-02,2.652762601727317038e-01,-6.035599265372558753e-01,-7.889143768152320213e-01,-7.649985698028031189e-01,-6.936362493903607263e-01,-8.620348301483374831e-01,5.652984602431822964e-03,-7.355619359947460634e-01,-3.991710066224966880e-02,-4.961067372643951923e-01,-6.919461666247306297e-02,2.082578730460079575e-01,4.418646682842980455e-01,-4.888752492854527842e-01,5.184053805636055223e-01,2.230454070207678052e-01,6.415207525945955114e-01,6.743283132733260965e-01,7.620099409282514724e-01,8.749597718842995198e-01,7.819236496241587231e-01,9.059481959698406639e-01,8.126838815505563751e-01,9.427634529323876134e-01,8.102910563198422178e-01,1.000000000000000000e+00,3.965813141916051943e-01,7.958764019407196244e-01,3.588254164712367800e-01,4.802620538332827427e-01
4.862562962124934440e-01,4.411306121554963711e-01,8.695162599757346733e-01,7.480749483420359169e-01,7.632142704745836781e-01,4.290632513750736732e-01,-3.263214738161743234e-01,5.200661732427775963e-01,-3.260094088473886043e-02,3.171296970349664068e-01,7.441141323190528789e-01,1.690508848597714053e-01,5.679363427971666489e-01,-1.584438551459049771e-01,-5.031044939148289208e-01,2.194421837534629161e-01,-5.330614109096819542e-01,-5.542686770398884688e-01,2.628015065169428399e-01,-4.625453825056263790e-01,-4.452336831018005037e-01,4.714558037677585856e-01,-4.128745033449534030e-01,1.926843255118503573e-01,7.792373220512204268e-01,4.873567937505407510e-01,-5.796038687727562699e-01,-4.852289631496355948e-01,-8.702664968447993976e-01,-4.042240192953700517e-01,-5.944684102861883535e-01,-1.964495918382816730e-01,-3.194367252698085968e-01,-3.234848187295595867e-01,1.852894005066067079e-02,-3.155171185171830039e-01,4.720712996627563496e-01,1.679611254571668766e-01,8.193641460129617027e-01,7.286065654603823827e-02,3.312555567247827959e-01,7.169203399620586170e-01,2.113423251729718566e-01,-3.302299083787519351e-01,-6.209294786904170360e-01,-8.056616115487270635e-01,-8.818307547265565871e-01,2.058082790824947717e-01,-7.247925358666438278e-01,-7.734245429381468584e-02,-4.800153885866502157e-01,1.777977311345309008e-01,4.800778111172838702e-01,1.078919950557625518e-01,-6.303303851771870081e-02,-1.371590386107605919e-01,1.070913001353128446e-01,8.635160877337065832e-01,5.589399001353214658e-01,-3.042309307980939903e-01,3.782272987388377028e-01,8.502804917699577913e-01,-1.575142570408687714e-01,-2.853959548965570026e-01,7.909941129168444052e-01,5.231086655322292334e-01,-4.928838509656640610e-01,1.065300560279380665e-01,9.206087792664816583e-01,-6.364784700763337355e-02,1.767301858239394285e-01,-5.356123593380372749e-02,3.292754514106100427e-01,-2.134750780331647058e-01,4.653682753136000327e-01,1.671425898606191951e-01,4.842477408233776259e-01,-4.835205039521280335e-01,-7.847333586678264528e-01,-6.696544716307631928e-01,-4.986951821217682768e-01,-9.180774459706964041e-01,-4.978623081359555003e-01,-4.566573420595814170e-01,-3.342940267301546808e-01,4.540328076153366532e-01,-5.388946566919367021e-02,6.028121467322038463e-01,-2.460655169449479235e-02,6.303685354161815413e-01,1.960161397559719021e-01,3.464435470692883157e-01,3.911457195073169135e-01,3.965813141916051943e-01,1.000000000000000000e+00,2.867478990624544033e-01,6.623793441387321179e-02,1.038662229020900218e-01
3.457302966362588159e-01,4.856478710014624500e-01,2.373100154794107464e-01,6.249448428973136682e-01,3.159776220516544165e-01,-5.955248635002560048e-02,-7.944043542275798231e-01,-3.954627406456535099e-01,-4.778093022502776788e-01,6.078801001549246630e-01,7.002614386908526667e-01,6.069349408083229980e-01,8.442034935666013762e-02,6.559936489129524206e-01,3.837888312593878970e-01,7.960075151039325281e-01,4.239050394657434273e-01,2.104754248421055463e-01,7.654314539412592211e-01,5.174046537543303126e-01,9.491869889657429671e-02,5.052924650799476280e-01,5.346915192174939158e-01,5.410004594754502794e-02,-9.360562526287333207e-02,7.707506248690039197e-01,8.723662505334199568e-02,-6.628814036956306444e-01,-3.536631135638959589e-01,-3.373171857648317173e-01,-7.808494903928275832e-01,-8.000489824873355804e-01,-7.341865851564438605e-01,-7.978582602467696461e-01,-6.112505742277659637e-01,-8.323836383988104659e-01,-3.849984282955110637e-01,-7.041750402708030210e-01,-7.462459425198834928e-02,-5.633070116955342099e-01,-6.144464234225508470e-01,4.483389054057293488e-01,6.634693363002636124e-01,4.770693222746013595e-01,3.592323285000895150e-01,-2.801172903391756508e-01,-2.251677996433360668e-02,7.595967801388665563e-01,2.122907400696362468e-01,6.517845546942464541e-01,-8.603361643664905745e-02,7.994565079436685151e-01,7.569752806124431244e-01,7.229206162350397813e-01,7.113356915013132609e-01,-3.159820138047269023e-01,-5.889367768881361709e-01,3.856155298061453296e-01,-3.195561626119294840e-01,-8.120480474940416915e-01,1.378978524053260102e-01,3.695056464121055373e-01,-6.153953293678274816e-01,-5.786826578373315266e-01,3.980589651642288396e-01,-2.620672025784060322e-04,-7.982849020076167035e-01,-2.264244138844820342e-01,2.306394693877810431e-01,-3.124838333488124675e-01,-6.959770576360467809e-01,-4.937093914114769611e-01,-5.899946212522675371e-01,-5.966713249863409008e-01,1.973783796906034005e-01,-6.820502263474761406e-01,-2.237302759781522599e-01,-5.714370299889955929e-01,4.476430346583955278e-02,1.121804582677869144e-01,4.656332636679318404e-01,-3.535654935506911123e-01,3.935787782244430377e-01,3.783220692129015683e-01,6.174506138260202892e-01,7.133908506428336960e-01,7.443145195596939656e-01,7.882873189986988605e-01,7.577514757073993135e-01,6.735965920104471927e-01,7.930411802967747281e-01,6.903308382652773023e-01,7.914322518595575673e-01,7.958764019407196244e-01,2.867478990624544033e-01,1.000000000000000000e+00,4.778877084454503654e-01,5.277464355484889902e-01
2.388384201934432849e-01,1.958540228601168831e-01,2.695749143197291586e-02,2.065109679955961230e-01,-1.175283230069001927e-02,-5.660644793433731309e-02,-3.706649636148147131e-01,-2.398804173873653467e-01,-3.674617404262490172e-01,2.235129248814350933e-01,2.731343109912388045e-01,2.421203913690510579e-01,-1.207986104464145866e-01,3.479046010177132553e-01,3.353764202711123077e-01,4.054781526796062407e-01,3.446811789745389820e-01,1.260152929685242895e-01,3.557834471622537409e-01,3.305729464680741692e-01,1.387428858122379677e-02,2.107402293148431804e-01,3.190430931595750752e-01,1.326069643828679256e-01,-7.115394973832281367e-02,3.273109726682900122e-01,1.531498988179871568e-01,-2.042196048415849119e-01,-1.016049136113999218e-01,-5.071114846052594827e-02,-3.417704412719130280e-01,-4.102952147895762569e-01,-4.135425167836480065e-01,-3.626498261846811677e-01,-4.151074160987884287e-01,-4.205036494497184085e-01,-3.462988278861717784e-01,-4.323427684760017820e-01,-1.459745874616851513e-01,-4.000715125369056491e-01,-3.835723817604461683e-01,7.899295340730611015e-02,4.065866551258172090e-01,2.479854545930330889e-01,3.184295988756371543e-01,-9.244079431636890998e-02,1.193007203107627756e-01,4.407584442756789511e-01,2.593648722398982920e-01,4.355237360817296177e-01,1.181556842559370740e-01,4.501289704570792249e-01,3.138558392792398233e-01,4.413387419929357680e-01,3.686804305797701242e-01,-2.665386631164868847e-01,-4.193097355373395230e-01,5.751998382542841681e-02,-2.070103570199102461e-01,-4.303109208918406980e-01,-8.225617891918030056e-02,1.171971698197915301e-01,-2.445163712681918400e-01,-3.643436460516598641e-01,4.462441746384078478e-02,1.567159894529271749e-02,-3.463752769958683975e-01,-2.524127394279052639e-01,1.750246497501747531e-02,-5.667054377439500329e-02,-4.007623192767300613e-01,-1.813816425822263323e-01,-3.484288076679566415e-01,-2.266011257988093108e-01,1.420438014937374094e-01,-4.078043928504267446e-01,-2.679246016626388172e-01,-3.002343657888370543e-01,1.586819873540363246e-01,1.079486928091227815e-01,3.419344721788247776e-01,-5.019116189492153768e-02,2.417234231034387504e-01,3.458371860422040367e-01,3.975600652820894254e-01,3.909298714297106958e-01,4.441218967835366405e-01,3.641641704764214116e-01,4.426422378448430228e-01,2.385917698557298572e-01,4.478638768457434693e-01,2.783046550912138262e-01,4.516939464536921522e-01,3.588254164712367800e-01,6.623793441387321179e-02,4.778877084454503654e-01,1.000000000000000000e+00,4.933784390850541324e-01
2.412766709302441304e-01,2.915548482899283922e-01,3.411480180529273543e-02,3.312492542960173147e-01,1.977155418097581441e-01,-2.212303539845178191e-01,-4.706031430013299377e-01,-3.598421493560490791e-01,-1.903152252379330667e-01,4.369803748633755425e-01,3.557441971324106778e-01,4.517017867983656454e-01,9.168774349914732280e-02,4.693330364831704848e-01,2.337070872091936979e-01,4.971666362444973619e-01,2.863168533888205136e-01,2.864806737491903399e-01,4.905591142895955881e-01,3.763846759582693546e-01,1.551423414438229953e-01,3.806296939256166301e-01,3.676045967531552106e-01,-4.890190323658541449e-02,-1.418705197971784904e-01,3.204614443499739784e-01,1.894876183581459608e-02,-4.093277787994396566e-01,-1.273347284990425654e-01,-2.918936230198510007e-01,-3.933411377714895463e-01,-4.943987544937231138e-01,-3.220524939933235853e-01,-4.885590068256715490e-01,-2.809722518719665607e-01,-4.639730162846319450e-01,-2.209107485615954269e-01,-4.336125281568690149e-01,-1.918365630406607403e-01,-2.428797187301057758e-01,-4.306235359416076269e-01,2.666633508072361880e-01,2.811810815213534598e-01,4.197175652387694078e-01,2.696078958474847354e-01,2.223525045990223242e-02,1.125819407278847439e-01,3.700341888823967529e-01,1.868188605392421819e-01,3.311292167681779697e-01,-1.200601715635386396e-01,4.290150339673964308e-01,4.578741179711970366e-01,3.589500310059864918e-01,4.871803502624030280e-01,-2.333112812025808433e-02,-2.825492945834613967e-01,1.754735851704150584e-01,-3.406305595923301843e-01,-4.179628652505103514e-01,1.634823309592580431e-01,4.539410417631339206e-02,-4.557091842421532868e-01,-2.118212054515442311e-01,2.098615830925749104e-01,-1.834566606142364886e-01,-4.559040880413826047e-01,-2.015988110031309913e-02,1.027476184514713011e-03,-3.185036292095250743e-01,-4.773402942813682603e-01,-4.117360165053446930e-01,-4.417337417624551121e-01,-4.455118615505145874e-01,-6.768075647829176200e-02,-4.545021746930080209e-01,-1.203037539692349001e-01,-1.847053723320289387e-01,1.097949199403778220e-01,2.512626086531526415e-01,3.344352431385007596e-01,-1.339238615744599015e-01,3.667628848504635442e-01,2.003603534317824342e-01,4.232246812406826875e-01,2.996897745785970235e-01,4.427421948522515249e-01,3.843214094311749873e-01,4.343974695727843005e-01,3.924219649493147499e-01,4.107371695283616453e-01,4.608625435267533765e-01,3.925952758349400273e-01,4.802620538332827427e-01,1.038662229020900218e-01,5.277464355484889902e-01,4.933784390850541324e-01,1.000000000000000000e+00
