1.000000000000000000e+00,2.566796378655223920e-01,-1.977112091535947747e-01,-4.602693136204984992e-01,-7.214599679312720948e-01,2.216789431465250870e-01,8.019963694897010997e-01,-3.025773849922636094e-01,-7.716618323949335778e-01,2.385565691990029491e-01,6.308313929190557667e-01,-5.134439720547024910e-01,-4.918621469778823307e-01,5.796060714848835227e-01,2.504886455322744010e-01,-5.378790180925736575e-01,1.977076926426148407e-01,6.106263664319653284e-01,-2.073139640783202287e-01,8.557274342729868921e-02,7.409675997608761167e-01,1.213458981423926886e-01,-4.001301324669705450e-01,5.352330859118160644e-01,5.375089181266172744e-01,-4.489862732722343375e-01,4.207823868744511864e-02,3.489501974961315423e-01,3.144405869956777844e-01,-3.635950392259618830e-02,1.947538094794508123e-01,2.883125018875776213e-01,5.533904151516407660e-02,-1.159282516209583225e-01,2.213302105920432472e-01,3.313893258127013075e-01,5.564915126600271378e-02,4.142430566580967283e-02,2.809421682463881242e-01,2.436372643164033958e-01,1.686445033994359577e-01,1.271454156117823309e-01,-6.396724599594194594e-02,-2.711506383606357429e-01,9.730806593468856180e-02,-4.839168509951643354e-02,-3.110225583835247720e-01,-1.378413514131829887e-01,2.923059154256850770e-02,-2.696614716821517654e-01,-3.569372291370183081e-01,7.317293895836335382e-02,1.394582678410380139e-01,-7.222585314037346937e-02,-2.572682699969690012e-01,-1.036721247333470264e-01,3.052006103191653441e-01,-5.036318582099614388e-02,2.575337979664287652e-02,3.474208998014710059e-01,-2.671860942065770739e-01,-2.795321227482574500e-01,4.202772869454851623e-01,5.042096234482513761e-01,-1.134620966134946146e-01,-2.003984180156855310e-01,3.275053936749850458e-01,2.571086021962525753e-02,2.074950874266461853e-01,4.727551402313820983e-01,2.797732924392243858e-01,-9.862762468303071239e-02,5.963969621719262815e-01,-1.428801354435048909e-01,-6.210240780471540933e-01,2.181194305884633922e-01,1.100103565727652555e-01,-4.162583615058654263e-01,-4.013819001490833704e-01,1.253565485112543010e-01,-4.453910883527318343e-01,-6.082643108942824561e-01,-2.803914447911140528e-01,-7.840213618507666515e-01,-4.184882669436502944e-02,2.658843885477593649e-01,5.051470990491820773e-02,3.280176885106026452e-01
2.566796378655223920e-01,1.000000000000000000e+00,6.695267326387298601e-01,4.241947107067001732e-01,-4.170509604654325519e-01,3.584456745514169596e-01,-1.198339506091053025e-01,-8.665505461976581447e-01,-2.275934568359246069e-01,3.517824669898001466e-01,-3.753061984128567841e-01,-8.120884295047288148e-01,1.030228482871005935e-01,8.889471226322241681e-02,-7.188486464617243055e-01,-5.273343575816724638e-01,3.841429922734796443e-01,-2.532400672563971389e-01,-7.749041827441263131e-01,-3.809408461554204539e-01,3.607291015302636628e-01,-3.243401499888287631e-01,-7.524980730948689356e-01,-2.042842011791954626e-01,2.956865986505120003e-01,-4.322812444372476359e-01,-4.602223912815541773e-01,-1.023602388795355894e-01,-1.566668428928272641e-02,-4.716119435974223256e-02,2.482274379964148070e-01,-2.732429996795144103e-02,-2.370904502729684615e-01,-1.166178218978024400e-01,2.179475073104962524e-01,-1.688611859814404259e-01,-2.376643283960280795e-01,3.165239385786779436e-01,9.408865057810415766e-02,-3.505121224860738294e-01,1.570897389284283963e-01,5.136589090486738396e-01,1.752116458908557772e-01,7.695122891577255153e-02,5.066893580983625744e-01,-6.447711428562408198e-02,-4.038711187250899615e-01,3.400035972394602757e-01,3.471198565734734398e-01,-4.609958493685049619e-01,7.320202514024851809e-03,5.235505636589709022e-01,2.912910483758144875e-01,-3.352588373147449841e-01,-2.214222203415660284e-01,3.590776805451186826e-01,2.899667278821504435e-01,1.571003202668392607e-01,3.679930639401980952e-01,6.266212105746982175e-01,4.413385386318677828e-01,9.102206779671136172e-02,-1.909846617368617452e-02,5.403303832056282063e-01,1.778007575120200412e-01,4.192396722430026812e-01,8.161565636753568276e-01,-1.937668057968518470e-03,-6.270347841399758204e-01,2.676135797218259227e-01,7.433875880723610496e-01,-2.210406338370003165e-01,5.608496194044210181e-01,5.671019370611445343e-01,-2.280549281405392925e-01,-2.415612208656464296e-02,7.563039028915941042e-01,2.102689422525917951e-01,-4.555137350710790067e-01,-9.462736216778869225e-02,-5.562292384619531294e-02,-1.771133679271431338e-01,-4.528691646875220855e-01,-4.405950168967972536e-01,-3.763951639757413536e-01,1.746956858236581589e-01,-5.039705549109249061e-01,-3.819803270524074063e-02
-1.977112091535947747e-01,6.695267326387298601e-01,1.000000000000000000e+00,2.432478494747021269e-01,-2.931502316060127233e-01,-2.445679336553568395e-01,-4.301331282610202922e-01,-4.650760790478062900e-01,-8.312071064375228802e-02,-1.084295168091588268e-01,-5.654075008617026610e-01,-4.582124895729583480e-01,-2.859552249356429529e-02,-3.842148232813120123e-01,-5.864562652113748387e-01,-3.773019865329887979e-01,-1.079798304873565498e-02,-4.242064380319095496e-01,-4.814042698264759945e-01,-6.520768186640004682e-01,3.981115544004284329e-02,-2.421682927450488632e-02,-5.654933348215248623e-01,-5.668458926005330856e-01,3.328276234702327030e-01,1.025379804105016335e-01,-3.311926640708003355e-01,-2.662925769621895533e-01,1.124468227844929724e-01,1.933365725933217094e-01,1.047043175429701878e-01,-6.616978485009103461e-02,6.662886201517713436e-02,-2.024969880745000617e-01,-1.532288127325028525e-02,3.329029658421759491e-02,-2.019676092901865339e-01,-1.517384608982177106e-02,1.214677154075728405e-01,-2.108541865211861210e-01,-1.146183951213563118e-01,2.827343944830226219e-01,2.421344777205784171e-01,1.799461622488608692e-01,2.211392883400719878e-01,-2.028830766411726660e-01,-1.443149256585573026e-01,2.625082121678567471e-01,3.306243983045861062e-02,-2.730153684826325811e-01,1.300866401822680374e-01,2.732826796121757273e-01,-2.284772059298612046e-02,-1.968855621936685674e-01,-9.261528687991389674e-02,2.638891820424050239e-01,-1.523707732360543576e-01,2.698369983336241229e-01,4.357077772378512015e-01,4.658253575712081318e-01,3.724429411415530189e-01,3.821929182471641151e-01,2.530994214857099772e-02,2.185353946706264927e-01,4.469495772054579014e-02,5.146579430933201360e-01,5.772913867829295720e-01,2.761784200145601664e-01,-5.757200868522206472e-01,-1.523267362896993937e-01,6.071248610954601554e-01,1.558806175516092019e-01,3.632577832279871299e-01,3.740626965936149073e-01,1.256904566107193977e-01,1.577117482359365330e-01,5.170737365848652178e-01,1.580003409734280495e-01,-4.381706506938018997e-01,-3.680759122131840866e-01,7.064742043816583765e-03,1.010498208151317662e-01,-7.432322729068978340e-02,-6.772371358395422314e-02,-4.543882665088873687e-03,3.941830181700136659e-01,-1.535960428633021957e-01,1.839420299936725678e-01
-4.602693136204984992e-01,4.241947107067001732e-01,2.432478494747021269e-01,1.000000000000000000e+00,5.499474523271666859e-01,5.357572815416837830e-01,-6.639288379312279220e-01,-4.768393255613623261e-01,6.101073947017676691e-01,4.774098289631347747e-01,-6.617575546163176892e-01,-2.155548508534850249e-01,7.782918146698598605e-01,-1.505646153259913335e-02,-7.636358710726710575e-01,2.192494004082439218e-01,4.731819284933953540e-01,-5.889442396052615436e-01,-4.905958282684828586e-01,7.886183834837451334e-02,-2.682459327556186435e-01,-6.652649367191967311e-01,-1.068832028194646733e-01,-2.863722707977215953e-01,-4.921761006765637547e-01,-2.520507695043249785e-01,-3.263650900526233745e-01,-3.201499606578280810e-01,-4.658733990021911575e-01,-2.238154804464331238e-01,-1.983156639413593408e-02,-2.864134634840849736e-01,-4.267988861422240543e-01,2.263311682539513037e-01,3.433201455762106835e-02,-6.471598125458446482e-01,-1.030034243420792084e-01,4.113322860292933925e-01,-3.682606741640201964e-01,-4.730840192242005693e-01,2.466939747257038129e-01,2.382222714947722642e-01,-1.129640695027128716e-02,1.525475763694592868e-01,3.570610445066224048e-01,2.344867958674989872e-01,-8.013664116098274948e-02,2.839830112484184044e-01,4.808542462563473174e-01,-3.125564082071707883e-02,2.522902271485206183e-01,2.933226694773009569e-01,3.347384710582809730e-01,-1.095862162051451927e-01,1.297067903182746174e-01,2.973416034365770622e-01,2.863683664197587686e-01,1.539774957659705568e-01,6.308419929286225580e-02,-4.170893168973013052e-04,5.973247628158244726e-01,-7.228399225178708254e-02,-6.037059212962520016e-01,6.754891039726705626e-02,4.575878552544357381e-01,3.025133078544607890e-01,2.145526379071721890e-01,-4.113779723662884247e-01,-5.812998025813135294e-01,8.088298818990312389e-02,1.151848322721010093e-01,-4.534494614502024290e-01,-2.138269295703137396e-01,6.619186055550629888e-01,1.759089547513716101e-01,-5.317310273353470507e-01,4.183953469836577121e-01,6.353997870710660356e-01,2.916226021457249407e-01,1.687510034433407080e-01,4.210789685753224543e-01,2.007667246305546715e-01,-4.193498528037916673e-01,2.466235069472637598e-01,-5.605674771149959934e-01,-5.008773281557397095e-01,-7.334009548880960905e-01,-6.504942137405791414e-01
-7.214599679312720948e-01,-4.170509604654325519e-01,-2.931502316060127233e-01,5.499474523271666859e-01,1.000000000000000000e+00,8.654908647236533858e-02,-6.452633673009692261e-01,3.533723922445010102e-01,8.354567860693289383e-01,7.327926743025527101e-02,-3.668796457729956995e-01,5.406042449038117592e-01,6.582820249671449409e-01,-1.615695144230156199e-01,-1.243499706908876429e-01,6.480968950788593697e-01,5.268636989780931673e-02,-3.897109319942597683e-01,2.220928184381429360e-01,3.092222180608388826e-01,-6.081891170578229699e-01,-3.009978094845751073e-01,5.199465928051567598e-01,-1.982181077104638034e-01,-7.290318319236719358e-01,1.840294339864794460e-01,6.693884229175746381e-02,-2.179240901011430254e-01,-4.630502135752026516e-01,-1.805735056726327503e-01,-1.816644935938669381e-01,-2.539359742526410835e-01,-2.455886410801781661e-01,2.744547598280969725e-01,-1.112734935160154953e-01,-4.792773120392000985e-01,1.809398686038750023e-02,1.336826588203685051e-01,-3.868672909148270223e-01,-2.150367561936521454e-01,9.837898718669134401e-02,-1.614234050687273492e-01,-1.079843472329421045e-01,1.271831987390079355e-01,-3.083338568553658718e-02,2.619297849886965124e-01,2.449604714737910194e-01,3.830360070590479310e-02,1.709208179345409473e-01,3.156460064300031787e-01,2.633301783841838217e-01,-1.031245752491072309e-01,5.381654217442224941e-02,1.124534855788932586e-01,2.727928443843435358e-01,2.851042322842992777e-02,-3.144447426474414331e-02,-3.626255568815424987e-03,-2.560732330541438673e-01,-5.208690915791869269e-01,2.448136245909197373e-01,-5.638785277903426291e-02,-5.955991496830117526e-01,-4.494527671477404618e-01,2.735931334943926818e-01,2.451492210533030500e-02,-4.907808962053455959e-01,-3.259800365916484810e-01,-4.942901136097273274e-02,-2.391896539667796584e-01,-5.135746317868263855e-01,-1.760933550152291027e-01,-7.474122244243146529e-01,1.422464455061432653e-01,4.683282232591730598e-01,-4.538221313225908049e-01,-2.255000407858048506e-01,4.469717210998662149e-01,6.742080191884379792e-01,1.585379535019843800e-01,4.827681016083221754e-01,3.679199027585585702e-01,-4.292409114536235165e-02,6.677490384545904378e-01,-1.672228736105555169e-01,-6.146311778887587618e-01,-2.766709063777954558e-01,-6.267803459880082473e-01
2.216789431465250870e-01,3.584456745514169596e-01,-2.445679336553568395e-01,5.357572815416837830e-01,8.654908647236533858e-02,1.000000000000000000e+00,5.109339053563550365e-02,-6.538902943407820523e-01,8.594073510605212962e-02,7.970617253966673088e-01,-2.904106988293225430e-02,-4.706427986716592571e-01,5.019215632118306791e-01,5.687777775169168271e-01,-4.177726167873813123e-01,6.211973399656219724e-02,6.970217571879518959e-01,-4.942439290226184612e-02,-5.077823933750424956e-01,5.137788096495786716e-01,2.029279412226414336e-01,-7.148070060042550633e-01,-1.277623234765021543e-01,3.480486704375256313e-01,-3.402271679405289850e-01,-6.511447783721507898e-01,-1.392867465719541120e-01,3.807863845927742658e-02,-2.844290361213822615e-01,-3.309974748493448304e-01,2.168189956689838341e-02,-9.352276903495840288e-02,-4.177173511469873812e-01,2.584383054404293389e-01,1.696945383051048362e-01,-4.872751495813931188e-01,7.103543991767134747e-02,4.561604778807990535e-01,-2.913353246672834573e-01,-2.259921695249745288e-01,4.011779386090396082e-01,2.254835770781486448e-01,-1.975326211266864584e-01,-1.509937431506613303e-01,3.389588152273576571e-01,3.107347100553008445e-01,-2.566272292780721886e-01,5.113239619744039399e-02,4.994467980216494851e-01,-4.508802368857292575e-02,-8.317468717465467676e-02,2.017448276792828399e-01,4.712932035158235444e-01,1.192158882424818739e-02,7.719031726439358476e-02,1.118799880174418254e-01,6.036992263290583693e-01,5.613514643318131409e-02,-1.271134179627027294e-01,5.932257572745843616e-02,2.243742852169249569e-01,-5.337017762686950828e-01,-2.424761578586560329e-01,4.337282607416659830e-01,4.030854082939510086e-01,-1.568254280766221143e-01,2.755319050187456931e-01,-6.114020126058857807e-01,-2.413839038633213696e-01,6.194191273196867353e-01,1.078085704077514639e-01,-7.172273053067678150e-01,1.089123486577465577e-01,4.958334485610774167e-01,-4.230626225351629133e-01,-5.358337570615639978e-01,3.297568106708558822e-01,3.652931278463239506e-01,2.011477319794562901e-01,5.566159847570576469e-01,1.535135305079037560e-01,-2.580901728101332449e-01,-4.659724369791778953e-01,-2.096814706991912414e-01,-7.048823499141897431e-01,-5.327359902424941840e-01,-5.567548912399374883e-01,-4.794235963483736707e-01
8.019963694897010997e-01,-1.198339506091053025e-01,-4.301331282610202922e-01,-6.639288379312279220e-01,-6.452633673009692261e-01,5.109339053563550365e-02,1.000000000000000000e+00,6.609695203639726069e-02,-6.952671029668046065e-01,9.381978828020627603e-02,7.982373699221132490e-01,-1.795757772161315213e-01,-5.382742202292059019e-01,5.473890665053331439e-01,5.315569620141531448e-01,-3.372393317295162563e-01,5.519886850210804080e-02,7.279981583999489692e-01,9.396969829743899438e-02,2.331666891294689459e-01,6.107895966509471197e-01,2.777969494934490746e-01,-1.046673709864607005e-01,6.072942944659777131e-01,4.496687036652203262e-01,-2.873862010598323136e-01,1.764576662964559561e-01,4.739630569366010127e-01,3.085398695714958728e-01,3.641568799828098085e-02,1.533803172624089717e-01,2.612382091874743129e-01,1.366809736337779302e-01,-1.527086838173900563e-01,1.365997405739906856e-01,4.307096687942190139e-01,7.003607919636188617e-02,-1.485445677925343044e-01,2.847948629630548401e-01,3.377946209582713410e-01,4.434703994919518555e-02,-8.067360666532855107e-02,-1.064355449555919320e-01,-2.350350311907953849e-01,-1.234345014002678487e-01,-5.082605363861525394e-02,-1.005437607766536540e-01,-2.246428584510125892e-01,-1.301814067139372977e-01,-7.782170293218849955e-02,-3.515882719546927770e-01,-1.241749701396658301e-01,-3.902105461702969069e-02,6.012921390788071238e-03,-8.542441975332869253e-02,-1.855106258298951649e-01,1.163187659458281564e-01,-1.467307150084116163e-01,-8.887499415509074463e-02,1.043102099224528234e-01,-5.298620993683271774e-01,-2.641524507253648624e-01,5.126848540139455901e-01,1.991492171647626375e-01,-3.026488028689676146e-01,-4.043396819533093267e-01,-4.860270514458993329e-02,1.305546067365993476e-02,5.215627202690399367e-01,3.686824216270344623e-01,-7.667026223797507312e-02,2.115677832516604101e-03,3.759237799402312952e-01,-4.443144048312426264e-01,-5.688024408246117325e-01,2.515381738394955602e-01,-2.320625752521963403e-01,-5.237217355744442360e-01,-3.003642237354863243e-01,1.925836341364376425e-01,-3.903410368228940608e-01,-4.353409103624993337e-01,7.207791304983882097e-02,-5.775450601211671309e-01,1.388213325414356381e-01,2.396698171343915051e-01,3.124747535680078570e-01,3.870172561113787713e-01
-3.025773849922636094e-01,-8.665505461976581447e-01,-4.650760790478062900e-01,-4.768393255613623261e-01,3.533723922445010102e-01,-6.538902943407820523e-01,6.609695203639726069e-02,1.000000000000000000e+00,2.245136453978287261e-01,-5.528447891767727107e-01,2.923091970330093936e-01,8.658019552415880948e-01,-1.982958388543286932e-01,-2.854524023484083517e-01,7.006194916679022722e-01,4.033456770367156441e-01,-5.521455458887565282e-01,2.124719619155076844e-01,8.063826341208826243e-01,9.375979489486876983e-02,-3.779491888042322278e-01,5.336364018602473003e-01,6.423029242869122690e-01,2.934256674133107080e-03,-1.386130943851246466e-01,5.980527299941913455e-01,3.912831799507766606e-01,8.118335138074637969e-02,8.018348604972351523e-02,1.208663839663574879e-01,-1.708685851443791925e-01,6.471505788103815160e-02,2.897399913191366916e-01,-9.801138281428909728e-04,-1.914271113301178329e-01,2.849751283086885967e-01,8.775009353439439108e-02,-3.946098804325687825e-01,7.024193749564981715e-02,2.977595499687152869e-01,-2.532009851637679887e-01,-4.589316758691068809e-01,-4.996770315888627439e-02,3.724542877022238296e-02,-4.875879914299630635e-01,-5.182454752059819508e-02,4.171479139011707860e-01,-2.327919198566557879e-01,-4.167918943310070512e-01,3.419532366555272929e-01,3.640467195906547243e-02,-4.210674066533655613e-01,-4.037118364755532540e-01,1.764756651071507365e-01,1.583828346057165604e-01,-3.014893501340173421e-01,-5.015756221539020565e-01,-2.102883427970360652e-01,-2.296486850295854920e-01,-5.444748703326264261e-01,-4.265386700228750994e-01,1.901272224246921272e-01,6.325997830810443923e-02,-6.931415420011053374e-01,-3.451466858548531413e-01,-2.547302846787702912e-01,-8.159934561334791780e-01,2.081509039280054207e-01,6.292512451139703478e-01,-4.783759909751676420e-01,-7.089658375180729610e-01,4.413338316387226956e-01,-5.741881063479001845e-01,-6.771842121344957555e-01,3.840053992959071016e-01,2.015557953133839397e-01,-7.419002915285003441e-01,-3.111650656551884775e-01,2.965880827045208057e-01,-1.468245464159918801e-01,4.641368300362069821e-02,3.033804176913035278e-01,5.234004298757767293e-01,4.694612376058089898e-01,5.875163392163235132e-01,4.505851392882757878e-02,5.516167233825143290e-01,1.369834950913895455e-01
-7.716618323949335778e-01,-2.275934568359246069e-01,-8.312071064375228802e-02,6.101073947017676691e-01,8.354567860693289383e-01,8.594073510605212962e-02,-6.952671029668046065e-01,2.245136453978287261e-01,1.000000000000000000e+00,6.402770178155484104e-02,-6.879723727123254751e-01,4.851837599368560294e-01,8.268850255522051107e-01,-3.757051318126155559e-01,-3.761152350681374879e-01,7.507588608925849227e-01,4.845211778643297718e-02,-6.538353224344314318e-01,1.679733045978132056e-01,2.160002051634920539e-01,-7.581048894989501630e-01,-3.693943710099505395e-01,5.467450337644821357e-01,-2.408428197910492952e-01,-7.107668570237433148e-01,2.128178293679058031e-01,-1.038038273753886798e-01,-4.987156612702153824e-01,-4.754782995512371602e-01,-2.814688415836149454e-02,-3.549651002334022198e-01,-3.946515933949033550e-01,-9.790540649196310952e-02,2.906221340187337687e-01,-3.365033350981549987e-01,-5.221524618920938554e-01,4.722433780294415379e-02,7.633343894073998763e-03,-4.970594805288137685e-01,-2.602338767799396435e-01,3.030203426888027074e-02,-2.428613607524101048e-01,-1.423841848158289569e-01,2.021983572937525730e-01,-1.272651928795154597e-01,2.972799772619353353e-01,3.914572672874080395e-01,8.186022882756567587e-02,1.842246004640023249e-01,4.331722569574964488e-01,4.275185147033523925e-01,-1.590626249434089756e-01,-3.900149193803879519e-03,1.283578331109470616e-01,3.854436197465517244e-01,1.106796254936891766e-01,-1.035423704909806952e-01,4.912146186797506503e-02,6.650284088780666902e-02,-4.982811014595533994e-01,3.855629162694811929e-01,1.088181777243671933e-01,-6.596449316091054227e-01,-5.111861803004601468e-01,3.068798701277869467e-01,1.775164646890983744e-01,-3.743545679488929356e-01,-3.268787124435226232e-01,-2.701396334815402422e-01,-3.026477723598313130e-01,-3.987523515525281947e-01,-2.101305148777601328e-01,-7.565002151503731342e-01,3.285274502234384886e-01,5.947599633260656216e-01,-5.346758779373114168e-01,-1.146000172598600486e-01,6.067511760135341214e-01,6.170456247154277873e-01,8.758001159030769089e-02,6.379763146910186755e-01,5.981274932061719785e-01,4.162971336179768778e-02,7.092095310677580811e-01,-1.712065668022292042e-01,-4.832225195370274951e-01,-3.221985694224732133e-01,-5.326916748276022684e-01
2.385565691990029491e-01,3.517824669898001466e-01,-1.084295168091588268e-01,4.774098289631347747e-01,7.327926743025527101e-02,7.970617253966673088e-01,9.381978828020627603e-02,-5.528447891767727107e-01,6.402770178155484104e-02,1.000000000000000000e+00,1.155086928520847843e-02,-6.140541088816319215e-01,5.780150044990073344e-01,7.516200595823363528e-01,-4.757741545257268556e-01,8.889530767957963542e-02,8.330231215316330484e-01,-2.995244093663561313e-02,-6.082899832892394443e-01,5.305507370100058795e-01,2.350371462565989389e-01,-7.465881025483206423e-01,-1.457091591737798286e-01,2.574543908492761823e-01,-2.839489167548342463e-01,-5.842588227180698368e-01,-1.730015923735656325e-01,-4.421245558993756181e-02,-3.088440378677675402e-01,-5.757306761327214695e-02,2.633605141506619590e-02,-2.834079281665249361e-01,-2.898307549352452384e-01,6.842818536926428830e-02,-3.538658887450839285e-02,-3.871654394177108105e-01,-1.236921746258879545e-02,1.556862587037594337e-01,-3.303831367710796663e-01,-1.900510872202419432e-01,3.999800659902309485e-01,5.407362991291770477e-02,-2.772356185022606390e-01,-7.221763923848717459e-02,2.336849672076741491e-01,4.128917726605256244e-01,-5.625712676966553027e-02,2.793368588307031802e-02,5.342500834902231821e-01,1.095599687678809053e-01,6.055097073742242951e-03,8.120185055784413797e-02,3.748704065868040947e-01,8.063456450343092774e-02,3.889701313498993840e-01,1.679181383928276539e-01,5.594082509472487752e-01,4.116030696773133601e-01,-8.180599188577571124e-02,-1.149283728671233462e-01,2.739579758850086977e-01,-6.070897945787796512e-01,-3.618775263389008012e-01,3.776875600798350052e-01,5.527914403656546405e-01,-1.885702304478531488e-01,1.717970452409161020e-01,-7.914829264652775143e-01,-1.621908497192327547e-01,7.642616088605067581e-01,-3.331009940742374331e-02,-8.397837838270147959e-01,5.694040892836242651e-02,5.002249272731119634e-01,-5.142264864627106302e-01,-6.766022498215162884e-01,2.095506045430437780e-01,4.089244965620842942e-01,3.066048318997120492e-01,6.786650991329162830e-01,3.315009441023274439e-01,-2.764192467870216774e-01,-4.784558996833293554e-01,-2.085182203426748093e-01,-7.554300659321406819e-01,-5.137347678491038794e-01,-6.124089796265183017e-01,-4.086030828888310151e-01
6.308313929190557667e-01,-3.753061984128567841e-01,-5.654075008617026610e-01,-6.617575546163176892e-01,-3.668796457729956995e-01,-2.904106988293225430e-02,7.982373699221132490e-01,2.923091970330093936e-01,-6.879723727123254751e-01,1.155086928520847843e-02,1.000000000000000000e+00,1.756649941855593575e-02,-6.339794876400580703e-01,5.800645359460175898e-01,7.630713203861843041e-01,-3.082757199709061369e-01,-4.517629289642634272e-02,8.558301192769229848e-01,2.386990613628958702e-01,2.714791747083363793e-01,5.503034967494624397e-01,3.645682385005002968e-01,-9.598293411197006061e-03,4.792132147819451737e-01,3.212877725541295471e-01,-1.235593863414791160e-01,3.678096092325985333e-01,6.392712622761851371e-01,3.010789871080903901e-01,-6.507509746093849412e-02,2.637394500133552477e-01,3.348270135922701285e-01,2.694327854582647536e-02,-1.614269583819658294e-01,2.810497171441859177e-01,4.329387271829312489e-01,2.894584152718812642e-02,-6.843915695835776913e-02,3.563759946801277612e-01,3.445796195330017020e-01,9.234664352730079587e-03,-3.789567858373527054e-02,-2.924960549978839267e-02,-2.295880314475513828e-01,-8.917991787355665501e-02,-1.208603466908899360e-01,-1.468918237099283430e-01,-2.361353599862467678e-01,-2.072893143102184366e-01,-1.275429621676417158e-01,-4.201589401557855874e-01,-9.430902988994942227e-02,-5.647383461764594881e-02,2.545202260594348412e-02,-1.294168443575060556e-01,-2.778865899167686782e-01,7.613776213131681625e-02,-1.611782011795526437e-01,-4.347407165504252324e-01,-3.213562871189015735e-02,-6.211179371470002541e-01,-3.458845137513537060e-01,4.880083270919904903e-01,1.315634703441513897e-01,-3.052689549592016438e-01,-5.486103349065003520e-01,-2.578873032091199002e-01,3.906149524794424316e-02,7.344982752369709766e-01,3.149793336994305970e-01,-2.589331110064565511e-01,8.848506814949023969e-02,2.495604986680039772e-01,-6.318774672227776001e-01,-5.494099295588901199e-01,3.129756379462012017e-01,-3.960019000613693718e-01,-6.385091727961769159e-01,-1.280866881593380469e-01,2.143043390141068649e-01,-4.573334696446592074e-01,-5.142825438563857210e-01,8.608971808175090723e-02,-4.074235591548628355e-01,1.973066293395549509e-01,7.827309396369118433e-02,4.112203878205998309e-01,2.731978897699358644e-01
-5.134439720547024910e-01,-8.120884295047288148e-01,-4.582124895729583480e-01,-2.155548508534850249e-01,5.406042449038117592e-01,-4.706427986716592571e-01,-1.795757772161315213e-01,8.658019552415880948e-01,4.851837599368560294e-01,-6.140541088816319215e-01,1.756649941855593575e-02,1.000000000000000000e+00,-2.139101299734351945e-03,-4.971672234974045534e-01,5.402159362114009600e-01,5.405704636511423633e-01,-5.751960850061873520e-01,-2.284180761279619443e-02,8.160150878340384217e-01,1.002442229145142361e-01,-5.746210287310167253e-01,3.980149753149606617e-01,7.211961810042029075e-01,-4.332479552828685798e-02,-3.333648479624615191e-01,5.756647164826138585e-01,3.392837337128232766e-01,-3.706228109014367972e-02,-2.098552954933281811e-02,-5.599525223703125804e-02,-2.685944005095766696e-01,6.675878296292392378e-02,1.735661833591450043e-01,1.983848003656680514e-01,-1.523935448877123122e-01,5.634622947079262478e-02,1.556920048621975583e-01,-1.773687345646371150e-01,-5.607842738904166013e-02,1.824561472286966579e-01,-2.209038296478601504e-01,-3.672031497875221095e-01,-3.007624567548140490e-02,3.630472371532709325e-02,-4.023000253314135133e-01,-3.548905023537087672e-02,3.479166830332632854e-01,-1.741232834671671004e-01,-3.518816484821790103e-01,3.264833189782028189e-01,9.918301643943504275e-02,-3.557483754415012855e-01,-3.134664419975825012e-01,1.592980762406032980e-01,5.408611936233023026e-02,-2.757265236776148543e-01,-4.743778160677878386e-01,-3.705946348050170869e-01,-1.892646376562238386e-01,-5.003135000457100690e-01,-2.949108528434605803e-01,2.570124545778588177e-01,-4.426643448628785060e-02,-7.193142502795428772e-01,-3.108106970990450746e-01,-1.339584858852716498e-01,-7.464287219434828646e-01,2.304153186400454967e-01,4.156330420092765321e-01,-6.174478440354292941e-01,-6.310484947518675281e-01,4.333294380948766733e-01,-6.732792653014902928e-01,-5.094890235478035656e-01,5.753582719957670566e-01,1.361217398369027332e-01,-6.092321640350444323e-01,-1.332764902954004793e-01,3.512185903481402360e-01,-2.045625644188689141e-01,9.726293562530764769e-02,4.409982674633212696e-01,4.946273257089206510e-01,6.162640101011924720e-01,5.174057914664206281e-01,-9.056965504114869447e-02,4.418749519567224393e-01,-5.787262612315730720e-02
-4.918621469778823307e-01,1.030228482871005935e-01,-2.859552249356429529e-02,7.782918146698598605e-01,6.582820249671449409e-01,5.019215632118306791e-01,-5.382742202292059019e-01,-1.982958388543286932e-01,8.268850255522051107e-01,5.780150044990073344e-01,-6.339794876400580703e-01,-2.139101299734351945e-03,1.000000000000000000e+00,5.411790526000392204e-02,-6.426127487995427767e-01,6.222958928230307718e-01,5.013747193860952356e-01,-6.056441863192640884e-01,-2.560427186756230600e-01,4.017432812658820462e-01,-4.806146076125583089e-01,-7.232548746068406809e-01,3.006390216086972655e-01,-8.775097920450940225e-02,-6.991324627715661544e-01,-1.612537001072631981e-01,-2.192710272838720442e-01,-4.708154917116324500e-01,-5.492460313021801932e-01,-5.654064144181787654e-02,-2.852838088014770790e-01,-4.715210890654691900e-01,-2.314528131720280657e-01,2.830178067277545062e-01,-2.928617623037956808e-01,-6.512508660761214818e-01,3.239634486087780707e-02,1.122914777004037079e-01,-5.888186068707289555e-01,-3.379413613638767577e-01,2.409614756141859049e-01,-1.299084112883366893e-01,-2.539408815194068025e-01,1.293681987095883223e-01,5.404569231503785626e-02,4.545289703286273242e-01,2.588608078232896292e-01,1.061482527961161160e-01,4.612711191597284044e-01,3.813425479258690798e-01,3.531054936290867752e-01,-4.856492765647132254e-02,2.249736935057896348e-01,1.358324714048919635e-01,4.954405664221196437e-01,2.031853439190972610e-01,2.245237810223873198e-01,2.676016984548322819e-01,7.405736654215069881e-02,-3.977761210547880455e-01,5.056233646655482472e-01,-1.937706683699025323e-01,-7.197389822105429991e-01,-1.692165465182791650e-01,5.493836164312034809e-01,1.058049592394312149e-01,-1.196185033654304369e-01,-6.609272878441098120e-01,-3.933181712227252769e-01,1.564370045917367336e-01,-2.493319151707697467e-01,-6.171367886530056968e-01,-5.282275663159391454e-01,6.005782067179379347e-01,2.174649961330143155e-01,-7.868679908225780784e-01,1.059126212902338215e-01,7.442194434527692470e-01,6.025850259079171822e-01,3.966555468352744862e-01,6.904948477588431777e-01,3.456033155979367777e-01,-2.391439081194563221e-01,4.397369807501002037e-01,-5.545381680702541338e-01,-6.134146443708243801e-01,-6.119187010589968168e-01,-6.264565762175946517e-01
5.796060714848835227e-01,8.889471226322241681e-02,-3.842148232813120123e-01,-1.505646153259913335e-02,-1.615695144230156199e-01,5.687777775169168271e-01,5.473890665053331439e-01,-2.854524023484083517e-01,-3.757051318126155559e-01,7.516200595823363528e-01,5.800645359460175898e-01,-4.971672234974045534e-01,5.411790526000392204e-02,1.000000000000000000e+00,7.758593357621611231e-02,-1.923851435461829129e-01,6.862714954470743312e-01,5.322792057186610526e-01,-4.118647412762127535e-01,5.794713568003768689e-01,5.906762769860217643e-01,-3.958839891834625702e-01,-1.968774180309822985e-01,5.333480797429099862e-01,-2.536364594862398642e-03,-6.275130902346395256e-01,1.097922845822525001e-01,3.814613499731578372e-01,-1.015371833487937470e-01,-1.718771004948775050e-01,1.835959514978509621e-01,1.623321317057034238e-02,-2.739339192521556554e-01,1.602967290956341939e-02,2.085781215391863397e-01,-1.022417782869237679e-01,2.955691898131214759e-02,1.821196367107253689e-01,-6.529622981953225880e-02,4.910622524196031624e-02,3.933080935244194776e-01,5.247402482350310010e-02,-2.947367777301015401e-01,-2.565896004334529690e-01,1.898446878533987525e-01,3.161248315098740269e-01,-1.978723572392007413e-01,-1.515784416647107669e-01,3.914821907798300415e-01,-1.610699043052182811e-02,-3.319096718197646623e-01,4.978839319952472336e-02,3.873068450873402013e-01,9.308413867744778913e-02,1.952458668508845196e-01,-6.150626242360818924e-02,5.714891791952032563e-01,2.004590121274887893e-01,-3.493522379527748689e-01,-3.705048975231384212e-02,-1.693247597360589551e-01,-7.066141719506964236e-01,3.798767396719137518e-02,4.290379383705319460e-01,2.145255411318329475e-01,-4.536470131542746365e-01,2.363115757074626608e-02,-5.625894404842747276e-01,3.047862566368734205e-01,7.955347863395255681e-01,-1.378694461650642189e-01,-5.893944315034442827e-01,2.390143456132392819e-01,1.978953882597582481e-02,-7.468934377808954528e-01,-3.193396579625317755e-01,-4.442078445155630412e-02,-7.692361243422947414e-02,1.170709472799631862e-01,6.356370853059346571e-01,-6.023343093117530106e-02,-6.035440570089061207e-01,-4.108438641116649026e-01,-4.615205169070384361e-01,-4.367984662457335410e-01,-2.963045181147547780e-01,-2.690613724266583962e-01,-1.314811213824183811e-01
2.504886455322744010e-01,-7.188486464617243055e-01,-5.864562652113748387e-01,-7.636358710726710575e-01,-1.243499706908876429e-01,-4.177726167873813123e-01,5.315569620141531448e-01,7.006194916679022722e-01,-3.761152350681374879e-01,-4.757741545257268556e-01,7.630713203861843041e-01,5.402159362114009600e-01,-6.426127487995427767e-01,7.758593357621611231e-02,1.000000000000000000e+00,1.450331291728150333e-02,-4.608316692452552044e-01,6.879406400591471238e-01,7.007732693761880016e-01,1.788435554509162639e-01,1.377532477936322663e-01,6.377603992267111277e-01,3.764772625916856241e-01,3.450048636094292798e-01,1.903765880108969633e-01,3.160868124872229235e-01,5.534691294148533780e-01,4.560923161512072110e-01,3.265428250999862225e-01,-4.473278598827836600e-02,-2.843264018346143909e-03,3.727134102829857132e-01,2.484761956728953891e-01,-6.706641220115490236e-03,1.025183209193747530e-01,4.809829305168831226e-01,1.917071114478177962e-01,-1.983289700754498619e-01,2.920119139457472701e-01,4.846094783776545012e-01,-1.949158061308206846e-01,-2.692287451487527794e-01,-2.441992016309661728e-02,-2.112012444232669595e-01,-3.761884109060484871e-01,-1.920415866717850306e-01,7.319362138045237831e-02,-3.563094037100387745e-01,-4.709447233180599213e-01,8.530200981863668430e-02,-3.262876853492491791e-01,-3.444059321671697482e-01,-2.626171806666123820e-01,1.748199145519754860e-01,-1.457564594628727450e-01,-4.648230120580792990e-01,-2.691130624767712476e-01,-3.584863664652025994e-01,-4.099465710478200076e-01,-2.487892231221049966e-01,-7.380097282730565533e-01,-3.105077865414557214e-02,4.913161928580550009e-01,-2.818428893253170364e-01,-4.883331788455977374e-01,-4.624579106658157635e-01,-5.642881574783490395e-01,2.882419867019929693e-01,7.864626019256579781e-01,-1.657980875014048172e-01,-4.652544957556012384e-01,4.189853295909607422e-01,-9.755401106850851434e-02,-7.994238883894111414e-01,-8.270379726974258494e-02,4.263776401965840845e-01,-6.473819940050544730e-01,-6.414162408850316854e-01,8.095065278664633282e-03,-3.662419370399200985e-02,-4.300695368655841344e-01,-1.888147776700219993e-01,3.916798039933717668e-01,-2.130320262498769379e-02,5.727053443209507710e-01,2.170300054919094279e-01,6.894237101152534963e-01,3.929750777461762934e-01
-5.378790180925736575e-01,-5.273343575816724638e-01,-3.773019865329887979e-01,2.192494004082439218e-01,6.480968950788593697e-01,6.211973399656219724e-02,-3.372393317295162563e-01,4.033456770367156441e-01,7.507588608925849227e-01,8.889530767957963542e-02,-3.082757199709061369e-01,5.405704636511423633e-01,6.222958928230307718e-01,-1.923851435461829129e-01,1.450331291728150333e-02,1.000000000000000000e+00,5.784136182871444168e-03,-4.498811612048370101e-01,4.257999005558845695e-01,4.771272581897974541e-01,-7.137682774832564414e-01,-2.501975486703989504e-01,8.077355395630699819e-01,-3.535238660449103402e-03,-6.824220619539335120e-01,2.699410856987937146e-01,8.892961003918066487e-02,-4.139697223571088824e-01,-3.768993328107174134e-01,1.436765621952455496e-01,-4.538168397007052990e-01,-4.313650070823638050e-01,1.078064378479738350e-01,2.346397672521798039e-01,-5.172219049211681519e-01,-3.388237041822396156e-01,2.012946033419167891e-01,-2.395874237528215489e-01,-5.429188367552566508e-01,-1.885101445945611826e-02,-5.685100936898050683e-02,-4.823874493987200252e-01,-2.273448823799174567e-01,1.273564609192945618e-01,-3.917560686337017151e-01,2.939612267097965748e-01,5.552835755101279691e-01,-1.072027397983723318e-01,9.180991731337433646e-04,6.493116760067775273e-01,3.979226846533270856e-01,-4.560072915089415924e-01,-1.491825066328522631e-01,3.383126324350054226e-01,5.256623473314575579e-01,-3.965986630427058984e-02,-1.039795604017412639e-01,1.223412150419050798e-01,-8.608998057736871878e-02,-7.421961127921096191e-01,1.288629847749797608e-01,-8.990579696350931016e-02,-5.382277506509571818e-01,-5.264197796203993196e-01,3.267865165611197886e-01,-1.294519159706532530e-01,-5.906918579823625670e-01,-4.308678561831696952e-01,1.000547323185132891e-02,-1.517026722524502380e-01,-6.050121374962277310e-01,-2.691024021359844087e-01,-7.613607535937038095e-01,1.567086891596264075e-01,4.085448709978964921e-01,-5.628106577497397067e-01,-4.034438328681159702e-01,4.771284494383148944e-01,7.442501349637238306e-01,2.940286697947473993e-01,5.372269660347807063e-01,4.872224643447028991e-01,2.231932558845189096e-01,6.457841333039616716e-01,-1.128860876541488839e-01,-4.413140299832897795e-01,-2.243217429088477377e-02,-2.645348335405445228e-01
1.977076926426148407e-01,3.841429922734796443e-01,-1.079798304873565498e-02,4.731819284933953540e-01,5.268636989780931673e-02,6.970217571879518959e-01,5.519886850210804080e-02,-5.521455458887565282e-01,4.845211778643297718e-02,8.330231215316330484e-01,-4.517629289642634272e-02,-5.751960850061873520e-01,5.013747193860952356e-01,6.862714954470743312e-01,-4.608316692452552044e-01,5.784136182871444168e-03,1.000000000000000000e+00,1.108802843026414874e-02,-7.568799984085384791e-01,5.258145083811379683e-01,3.436908204443223647e-01,-7.810517677198439701e-01,-2.452129693093712814e-01,2.912915569818942396e-01,-2.343446523693204775e-01,-6.465474864224751705e-01,-3.131973896546062092e-02,-3.054873854204652375e-03,-2.911591694016116838e-01,-1.802514453343386502e-01,-3.360276027212141109e-02,-1.992196326637750425e-01,-3.082421399093226433e-01,1.921433131931603311e-01,3.632680494663054899e-02,-4.508438013942465683e-01,9.122384801092264794e-02,3.020454282004526592e-01,-3.659769619621205949e-01,-1.478112315781428820e-01,4.571742808513286627e-01,5.948550150740516962e-02,-3.669804157316647331e-01,-1.942231946378534801e-01,2.458685630623929919e-01,4.524913346151716032e-01,-1.386554884758406103e-01,-7.839625948562894964e-02,5.944743811534407563e-01,1.091615858318335797e-01,-1.541015430780029172e-01,8.089590244104909178e-02,5.292329494885191776e-01,1.712132133704813153e-01,3.534948469013948769e-01,4.177808081089857961e-02,6.375715725140704837e-01,3.676671392491114854e-01,-1.583890045822693993e-01,-1.422057593099961686e-02,1.959938035098318376e-01,-6.275492711237652399e-01,-2.781202813901085813e-01,4.500161584642452528e-01,4.343499977181949911e-01,-2.314968847464006219e-01,1.966800110405959312e-01,-6.697194903250566211e-01,-1.415159029791444312e-01,7.068758984731741135e-01,3.060820512527580653e-02,-7.480849618598489625e-01,1.344857108075887819e-01,4.757460240249046790e-01,-5.082643408053176826e-01,-5.973272631558901313e-01,1.836736393232377973e-01,3.308964247190556707e-01,1.886884886302291342e-01,6.244550086505792352e-01,1.882575258046374767e-01,-3.487758698534580981e-01,-5.245790932010934160e-01,-2.374521928889861688e-01,-5.874321311226062825e-01,-3.605671817084759589e-01,-5.836180129372525727e-01,-3.150075604352606251e-01
6.106263664319653284e-01,-2.532400672563971389e-01,-4.242064380319095496e-01,-5.889442396052615436e-01,-3.897109319942597683e-01,-4.942439290226184612e-02,7.279981583999489692e-01,2.124719619155076844e-01,-6.538353224344314318e-01,-2.995244093663561313e-02,8.558301192769229848e-01,-2.284180761279619443e-02,-6.056441863192640884e-01,5.322792057186610526e-01,6.879406400591471238e-01,-4.498811612048370101e-01,1.108802843026414874e-02,1.000000000000000000e+00,1.391853229008569170e-01,2.500620033857008928e-01,6.578756809972584607e-01,3.547373947549181117e-01,-1.247636297938713862e-01,5.374148429630272172e-01,3.703805269306665870e-01,-1.448610710739871021e-01,4.977666153769677582e-01,6.288467833491347969e-01,3.513558077509739697e-01,-2.418213421470238322e-01,1.793353155190719472e-01,5.005217435770769052e-01,3.461916873286607910e-02,1.462188781599159555e-02,3.811172178839595248e-01,4.111809407522068471e-01,1.418003802743721953e-01,6.978014730445891711e-02,3.782802374188959371e-01,4.350297453594224595e-01,8.173815640918349890e-02,-3.575503145596155286e-02,-1.370298772131895437e-01,-3.918947836606074264e-01,-7.976553642449824011e-02,-7.191050278721593247e-02,-2.476419510881125441e-01,-3.664466449871957021e-01,-1.519825453716046326e-01,-1.412825450195308585e-01,-6.082023059860022229e-01,-1.089550490204346939e-01,8.230227242413240551e-02,1.142134830703856463e-01,-1.969789360572968551e-01,-4.428272244463644647e-01,7.066305941842354610e-02,-2.401395126630915255e-01,-4.335143937116759938e-01,4.818397793633252130e-02,-7.124826823295590250e-01,-3.036933155606736934e-01,6.032278480615707039e-01,1.593223351350301353e-01,-4.169754582020361866e-01,-5.059764624497871122e-01,-2.086843243227123890e-01,9.322214772055099907e-02,7.137393778096675634e-01,2.863086375301924225e-01,-2.095865823202549827e-01,1.200854419686633034e-01,2.817862485742000933e-01,-6.208225819921762145e-01,-5.299150388577296145e-01,3.406253244878137965e-01,-3.469942718615792177e-01,-6.623497303833116856e-01,-2.118459409028187745e-01,1.784725105236564524e-01,-5.213066990753660868e-01,-5.710986844883879643e-01,9.917105278090036086e-03,-4.183085747240121166e-01,2.777040516982478002e-01,1.681198622365452644e-01,3.787887429699199338e-01,2.886143041487303496e-01
-2.073139640783202287e-01,-7.749041827441263131e-01,-4.814042698264759945e-01,-4.905958282684828586e-01,2.220928184381429360e-01,-5.077823933750424956e-01,9.396969829743899438e-02,8.063826341208826243e-01,1.679733045978132056e-01,-6.082899832892394443e-01,2.386990613628958702e-01,8.160150878340384217e-01,-2.560427186756230600e-01,-4.118647412762127535e-01,7.007732693761880016e-01,4.257999005558845695e-01,-7.568799984085384791e-01,1.391853229008569170e-01,1.000000000000000000e+00,4.751748217832967025e-02,-4.542093095652643964e-01,6.322034978333187505e-01,7.178172390898140964e-01,6.379715418801169824e-02,-9.106783239559794463e-02,6.252456615656647454e-01,3.229938922949163183e-01,4.952640675740280218e-02,1.627684692983225045e-01,1.182371520887858379e-01,-1.983349142787905472e-01,1.249942103974907709e-01,3.462173838861339337e-01,1.881211821356603905e-02,-1.941943501778069237e-01,3.510308732459349601e-01,1.410758715214338321e-01,-3.677026227435054584e-01,1.229487412388619860e-01,3.290883397315186865e-01,-3.811399727102470769e-01,-4.115610799592396840e-01,8.287012788611736180e-02,5.039547762983236090e-02,-5.347671701322783688e-01,-2.167405488165109750e-01,3.829109383345778439e-01,-1.944694269885315629e-01,-5.765916870897584978e-01,2.924239883312312327e-01,1.045242314553094243e-01,-4.499019333545448140e-01,-5.029713241207636187e-01,1.273167503903065434e-01,-3.967189175956158109e-02,-2.794211895709585725e-01,-5.318632956379713006e-01,-3.813013261080436811e-01,-1.233450971327303830e-01,-4.446592958596422562e-01,-4.087939286743580980e-01,2.993181617166451591e-01,1.352266525660166807e-01,-6.506564802277046144e-01,-3.451742020095810437e-01,-1.389182204790278818e-01,-6.529322282586931259e-01,2.882637521645939338e-01,4.457892838201836794e-01,-5.428312843152588441e-01,-5.300668109645506609e-01,4.710281456040511516e-01,-4.864941757703602487e-01,-5.579157941844606894e-01,4.335533350643293593e-01,2.554740282789075279e-01,-5.895078006684801863e-01,-2.568543374175482064e-01,2.441940852623600555e-01,-2.119591051232189161e-01,-4.393747836952931196e-02,3.424966328923841341e-01,5.522190022265758280e-01,3.984153326862061584e-01,5.138130856520825018e-01,5.818077057576016148e-02,5.883516604194609645e-01,1.728723216459040202e-01
8.557274342729868921e-02,-3.809408461554204539e-01,-6.520768186640004682e-01,7.886183834837451334e-02,3.092222180608388826e-01,5.137788096495786716e-01,2.331666891294689459e-01,9.375979489486876983e-02,2.160002051634920539e-01,5.305507370100058795e-01,2.714791747083363793e-01,1.002442229145142361e-01,4.017432812658820462e-01,5.794713568003768689e-01,1.788435554509162639e-01,4.771272581897974541e-01,5.258145083811379683e-01,2.500620033857008928e-01,4.751748217832967025e-02,1.000000000000000000e+00,3.395819092134952366e-02,-5.334754902333040949e-01,4.779553506306043476e-01,6.396711391703260308e-01,-5.244821380784684406e-01,-3.579949740239406486e-01,4.246342712307917266e-01,8.932587391921173459e-02,-3.026181829646181765e-01,-1.977515274784342192e-01,-3.159301070385520660e-01,-1.437882009332197841e-01,-9.802806557494882223e-02,3.763851350065325341e-01,-1.452438425639037134e-01,-3.315597883579233240e-01,3.716404841563441530e-01,9.142220356761249223e-02,-4.723998858484935170e-01,1.859769700190379849e-01,3.181416875653826914e-01,-4.210414531223226065e-01,-5.741530267898331541e-01,-3.254623151501706002e-01,-2.520052072640506791e-01,5.233186138886581906e-01,2.163605816237088308e-01,-4.285570142514085745e-01,2.995735549907238005e-01,5.560230541655891701e-01,-1.946259820964574005e-01,-4.115385032908724372e-01,3.368414357604531117e-01,5.209714451446927352e-01,5.138690099989662308e-01,-3.352986200483889512e-01,4.523231477006675605e-01,9.754181783797706562e-02,-4.495757943074891183e-01,-4.719471404343443810e-01,-2.217640395167971845e-01,-7.120422119042403297e-01,-1.922837679400255795e-01,2.217430761980232479e-02,2.248028956192714423e-01,-6.198489561278996973e-01,-4.447830655993992854e-01,-6.702991188230653652e-01,3.370058107019550109e-01,4.935174633478042749e-01,-5.516215366664539710e-01,-5.911203461453037322e-01,-3.291719612825923513e-01,4.294171549935147519e-02,-3.090396749973756130e-01,-6.013838641577233801e-01,-4.327640532169869658e-01,1.844643775497677163e-01,5.671987664255113692e-01,7.379756056117801055e-01,2.339472771389161931e-01,-1.787032167413873107e-01,-1.180899191446656143e-01,8.963322513315900852e-02,-3.080905469390904372e-01,-5.202146879275664215e-01,-1.226489104587434875e-01,-2.745226274668784994e-01
7.409675997608761167e-01,3.607291015302636628e-01,3.981115544004284329e-02,-2.682459327556186435e-01,-6.081891170578229699e-01,2.029279412226414336e-01,6.107895966509471197e-01,-3.779491888042322278e-01,-7.581048894989501630e-01,2.350371462565989389e-01,5.503034967494624397e-01,-5.746210287310167253e-01,-4.806146076125583089e-01,5.906762769860217643e-01,1.377532477936322663e-01,-7.137682774832564414e-01,3.436908204443223647e-01,6.578756809972584607e-01,-4.542093095652643964e-01,3.395819092134952366e-02,1.000000000000000000e+00,4.503118140824934057e-02,-7.031125086546243796e-01,4.485510685609455095e-01,6.166881931229580838e-01,-5.310443613663031748e-01,1.881143580290116080e-01,5.808250947524515873e-01,3.393777826233106976e-01,-2.618036829424318368e-01,3.187312113413678372e-01,4.631634005886621219e-01,-1.120184916582306206e-01,-5.090312867279177256e-02,5.018214889826766445e-01,2.803680497774224123e-01,9.795208291125769018e-03,3.099627009669077005e-01,4.159627946785225960e-01,2.087916560590259429e-01,2.630292237883933293e-01,2.733479824873133457e-01,-8.475078034469071819e-02,-3.944871159862476384e-01,2.602229131527112882e-01,-5.080992871507915981e-02,-5.345290982665961144e-01,-1.920233282399602948e-01,1.273878977351704245e-01,-4.114667101738593291e-01,-6.180488444915041013e-01,1.958222428107473101e-01,3.339131392082219651e-01,-1.111540641768765381e-01,-2.815202930288475125e-01,-1.963132926216185070e-01,3.354164897240442533e-01,-7.863234849711786545e-02,-1.809525152850840479e-01,4.975075978436317437e-01,-3.660955575574824095e-01,-3.325740164510714858e-01,5.495413399570426849e-01,5.969614814451886797e-01,-2.817949672774123226e-01,-2.443056784572203710e-01,3.642081128939119727e-01,5.421766167796032015e-02,2.331266377426617076e-01,4.957926638626187765e-01,3.157152437031352510e-01,-7.691437622500527094e-02,6.591621051233104156e-01,-1.663746402510456468e-01,-6.905953685943210241e-01,2.602703794570224716e-01,1.499953292155676299e-01,-4.652119920368608108e-01,-5.231474837509157982e-01,1.500651205742459249e-01,-5.433846960710390084e-01,-7.330122354412497154e-01,-3.661815663716797564e-01,-7.523587276215231157e-01,2.858251142647651091e-03,2.729057181770341289e-01,-8.138641652611303817e-03,2.640507465499101203e-01
1.213458981423926886e-01,-3.243401499888287631e-01,-2.421682927450488632e-02,-6.652649367191967311e-01,-3.009978094845751073e-01,-7.148070060042550633e-01,2.777969494934490746e-01,5.336364018602473003e-01,-3.693943710099505395e-01,-7.465881025483206423e-01,3.645682385005002968e-01,3.980149753149606617e-01,-7.232548746068406809e-01,-3.958839891834625702e-01,6.377603992267111277e-01,-2.501975486703989504e-01,-7.810517677198439701e-01,3.547373947549181117e-01,6.322034978333187505e-01,-5.334754902333040949e-01,4.503118140824934057e-02,1.000000000000000000e+00,5.943564940575941924e-02,-1.165484266456051632e-01,5.529199546126819520e-01,5.799004982784746742e-01,1.600960766523331080e-01,3.080136946280760402e-01,5.051822137038968208e-01,1.374958335737854198e-01,1.875986127805383541e-01,4.206891753207860907e-01,3.403588385675074268e-01,-2.787859269244713500e-01,1.466836969002076052e-01,7.051671576961341392e-01,-1.128809630605196040e-01,-2.974068154835881606e-01,6.300007894683311571e-01,3.112301182137806599e-01,-4.686872073558134288e-01,-2.183539061334515904e-02,3.901306234649861704e-01,7.346117882654720765e-02,-2.528371679552873230e-01,-5.539481120351428256e-01,4.937828440658833216e-03,-2.276905556497163877e-02,-6.826793333095645400e-01,-2.413362048737549281e-01,-1.052476046094914935e-01,-9.932067011606424134e-02,-5.500063296146061598e-01,-2.396805947674875426e-01,-4.336457583821482498e-01,-1.630152619253379120e-01,-6.376968123596393756e-01,-4.197695994672036579e-01,3.434042862328075957e-02,5.318833672831168452e-02,-4.893881907198097125e-01,5.471228116684375697e-01,5.357632162244210239e-01,-3.679765451586659575e-01,-6.008235236282049030e-01,9.480356065286699163e-02,-1.997241680257331731e-01,6.602775002514421621e-01,3.845388913997637714e-01,-5.158443016712086493e-01,-5.169964422365892071e-02,7.327200756626526257e-01,7.064624508784678181e-02,-6.586507683051546769e-01,2.050232972074044480e-01,7.161246925625966986e-01,-2.536967080133428754e-01,-6.058290553128733436e-01,-3.517187088810005968e-01,-5.393375997408874634e-01,-4.409911983681114589e-01,5.423201519203319637e-02,4.274559934359828395e-01,-3.850054105156373863e-02,6.835049024762923642e-01,5.383672181105482180e-01,6.433534581266328045e-01,5.052214178726730509e-01
-4.001301324669705450e-01,-7.524980730948689356e-01,-5.654933348215248623e-01,-1.068832028194646733e-01,5.199465928051567598e-01,-1.277623234765021543e-01,-1.046673709864607005e-01,6.423029242869122690e-01,5.467450337644821357e-01,-1.457091591737798286e-01,-9.598293411197006061e-03,7.211961810042029075e-01,3.006390216086972655e-01,-1.968774180309822985e-01,3.764772625916856241e-01,8.077355395630699819e-01,-2.452129693093712814e-01,-1.247636297938713862e-01,7.178172390898140964e-01,4.779553506306043476e-01,-7.031125086546243796e-01,5.943564940575941924e-02,1.000000000000000000e+00,1.373626429957356676e-01,-5.688803261451672588e-01,4.357030980839898260e-01,2.748918914698698646e-01,-2.549941555529409709e-01,-1.974308464677125841e-01,1.728431337862603168e-01,-4.675194793923702630e-01,-2.713716272160651699e-01,2.694544038660168228e-01,2.025765284055441040e-01,-5.117055516438226981e-01,-8.117994942937659109e-02,2.889060644602922667e-01,-3.820202358499228401e-01,-4.044835583418311398e-01,2.049343658975385229e-01,-1.877920178580114452e-01,-6.021615228419445742e-01,-2.105851470876678455e-01,5.905577393980976364e-02,-5.786350789910035264e-01,1.741118030894562296e-01,6.091303705524495626e-01,-2.423659023711351723e-01,-2.430514082617289129e-01,6.765579037946315433e-01,2.885495294909760644e-01,-5.989486233687992822e-01,-3.086271729784577089e-01,4.065196433738896831e-01,4.099644137211421735e-01,-2.238211594989887310e-01,-2.305065881510803827e-01,-6.211374099860597631e-02,-1.535892879352810936e-01,-7.375107703804082426e-01,-1.457389697865608125e-01,-3.375918858625001628e-02,-3.009973891080343078e-01,-6.250113770280542047e-01,9.998342322105682745e-02,-2.567265123129004456e-01,-7.349817288939743953e-01,-2.210542763171300384e-01,2.855735418178063645e-01,-2.606290608885750704e-01,-6.986405490182409084e-01,-2.428628315867528698e-02,-7.165586482485369890e-01,-1.793317942792039543e-01,3.868911110836260603e-01,-3.033049612822076857e-01,-6.191525111312456975e-01,1.764188330798048265e-01,6.705716904468139727e-01,1.947904576162526602e-01,3.464655620923960955e-01,4.386051968415597413e-01,4.117657874601613477e-01,5.941997533435153800e-01,1.273398028088426615e-01,-3.062262540843466718e-01,2.504184046827129251e-01,-1.039515891780292411e-01
5.352330859118160644e-01,-2.042842011791954626e-01,-5.668458926005330856e-01,-2.863722707977215953e-01,-1.982181077104638034e-01,3.480486704375256313e-01,6.072942944659777131e-01,2.934256674133107080e-03,-2.408428197910492952e-01,2.574543908492761823e-01,4.792132147819451737e-01,-4.332479552828685798e-02,-8.775097920450940225e-02,5.333480797429099862e-01,3.450048636094292798e-01,-3.535238660449103402e-03,2.912915569818942396e-01,5.374148429630272172e-01,6.379715418801169824e-02,6.396711391703260308e-01,4.485510685609455095e-01,-1.165484266456051632e-01,1.373626429957356676e-01,1.000000000000000000e+00,5.364597787931653372e-02,-5.035101881463570628e-01,4.667590940030416080e-01,3.341069932421991129e-01,1.146726233913343412e-01,-3.674887143318332217e-01,-2.572977146268949911e-01,3.410487865918431782e-01,5.434485763804894343e-02,4.246832432924559919e-01,1.173240545845345845e-01,4.931137453484940592e-02,4.619177025837466477e-01,1.893042982332861224e-01,-6.916644586848337550e-02,4.718457761198616152e-01,3.632597922007912983e-01,-3.123633665595222930e-01,-5.650215996524329265e-01,-6.040246710553621723e-01,-2.121256522827810742e-01,3.800077185900603838e-01,-9.690359116473597212e-02,-5.915409334156560561e-01,1.570571221786232208e-01,2.646050850366841178e-01,-5.372102901093418481e-01,-3.754888930346607645e-01,3.674617691015288901e-01,3.491069257748695143e-01,6.189711355800279341e-02,-4.938959486989312198e-01,4.059236197624362941e-01,-2.714733237459510673e-01,-2.468184491614505705e-01,-4.181383497079360634e-02,-4.802752571363406719e-01,-5.562165349696616135e-01,3.062441643713036399e-01,2.261151028421460041e-01,-1.831968705894301552e-01,-4.944960723541574898e-01,-1.363582657730257330e-01,-2.551965822680581364e-01,3.788439201618259422e-01,4.389978552705431913e-01,-1.930090657146892597e-01,-2.759052013663036984e-01,8.857980235339525665e-02,-1.763512695169475175e-01,-4.294707660512337433e-01,-1.426017666598456413e-01,-2.930938347074242278e-01,-2.025739805233227053e-01,7.241105181949057668e-02,3.941804744041210173e-01,-1.711877474676734845e-01,-4.524226825670275565e-01,-1.914261960787817518e-01,-3.874520009392433129e-01,-3.221772629308129049e-02,-4.866500675114154156e-02,7.869098283628073176e-02,8.862002422637901833e-02
5.375089181266172744e-01,2.956865986505120003e-01,3.328276234702327030e-01,-4.921761006765637547e-01,-7.290318319236719358e-01,-3.402271679405289850e-01,4.496687036652203262e-01,-1.386130943851246466e-01,-7.107668570237433148e-01,-2.839489167548342463e-01,3.212877725541295471e-01,-3.333648479624615191e-01,-6.991324627715661544e-01,-2.536364594862398642e-03,1.903765880108969633e-01,-6.824220619539335120e-01,-2.343446523693204775e-01,3.703805269306665870e-01,-9.106783239559794463e-02,-5.244821380784684406e-01,6.166881931229580838e-01,5.529199546126819520e-01,-5.688803261451672588e-01,5.364597787931653372e-02,1.000000000000000000e+00,5.825171666563706829e-02,-5.049067091650100148e-02,3.167555262800202387e-01,7.062297402409396518e-01,1.451012459961053824e-01,2.232164073202715093e-01,4.706758632737799153e-01,3.500667930905677072e-01,-2.965592939189914956e-01,2.124772780573536135e-01,7.034779256746824805e-01,-7.741195162655585549e-02,-1.166516942497924925e-01,6.677748752469085947e-01,3.284294074895153792e-01,-1.826132853880285678e-01,1.357652385568710318e-01,2.513174011845152878e-01,-1.462093962667733726e-01,-1.755586956550826000e-02,-4.286559319227325471e-01,-2.909002900185969631e-01,-7.793917375879910736e-02,-3.796734260570036046e-01,-4.308455208816462378e-01,-3.150845542044534153e-01,6.639142509842713147e-02,-2.167770153379381115e-01,-3.035293666076737673e-01,-4.431736627245569382e-01,-1.034382878564105018e-01,-2.541430739143316631e-01,-1.673034686744524768e-01,2.863101243818679253e-01,5.303435496151207573e-01,-3.451316644357429464e-01,2.621157884206668509e-01,6.503759662484858151e-01,2.351236227000817469e-01,-4.669470454376679625e-01,1.537690691778201835e-01,3.803153370096072350e-01,5.445793220747621177e-01,1.136384651594821715e-01,-4.283777449667120624e-02,4.474936889570265142e-01,4.465904270938037546e-01,6.387672473694132602e-01,-3.044047312780139292e-01,-2.487537350584742568e-01,6.320076806148025028e-01,1.287836821365298534e-01,-5.798023135866408051e-01,-7.104259481508058416e-01,-3.819584572692193980e-01,-6.071337127927283195e-01,-4.085962023514916885e-01,-6.165562080618575830e-02,-6.128561652101187640e-01,4.086954179348177285e-01,6.786589696673620553e-01,2.916305834162109534e-01,5.943383427001311947e-01
-4.489862732722343375e-01,-4.322812444372476359e-01,1.025379804105016335e-01,-2.520507695043249785e-01,1.840294339864794460e-01,-6.511447783721507898e-01,-2.873862010598323136e-01,5.980527299941913455e-01,2.128178293679058031e-01,-5.842588227180698368e-01,-1.235593863414791160e-01,5.756647164826138585e-01,-1.612537001072631981e-01,-6.275130902346395256e-01,3.160868124872229235e-01,2.699410856987937146e-01,-6.465474864224751705e-01,-1.448610710739871021e-01,6.252456615656647454e-01,-3.579949740239406486e-01,-5.310443613663031748e-01,5.799004982784746742e-01,4.357030980839898260e-01,-5.035101881463570628e-01,5.825171666563706829e-02,1.000000000000000000e+00,1.759044194549991835e-01,-2.504476504642363932e-01,3.570255700025638523e-01,3.548723028712215122e-01,-2.015206450420214956e-01,6.557735660376784459e-02,5.416365373031027941e-01,-1.446086876057548487e-01,-3.226691645121530505e-01,4.535225927620516462e-01,4.478414123309555628e-02,-5.252717788334357873e-01,1.990742183407180066e-01,2.648595055047975877e-01,-5.490085534795082767e-01,-2.955567252286243618e-01,2.930065615005012503e-01,2.127024339325501723e-01,-4.849763449932759096e-01,-4.200706117542467033e-01,3.729847564151322348e-01,-4.150850795942790522e-02,-6.987803609518029591e-01,1.486751704434325083e-01,2.237872403537316257e-01,-3.318083131772375238e-01,-6.765388839301580415e-01,7.154051108783653079e-02,-3.527880568234349756e-02,-1.987068041847301902e-01,-8.152073477039100124e-01,-8.367401959075346229e-02,1.048748958456580116e-01,-3.421379041597619186e-01,-1.746418503531784461e-01,5.717082847112627819e-01,5.859582649630696444e-02,-6.270961434084656450e-01,-2.126848292389542094e-01,1.247858866573853115e-01,-4.299937296675896414e-01,3.854770312541516142e-01,1.937849524664848611e-01,-6.346938968409006065e-01,-2.978647484996672645e-01,5.373000417987633393e-01,-3.669231578451667697e-01,-3.527840930423657984e-01,5.361886758028783229e-01,2.814816880095460383e-01,-3.599009685251906010e-01,-1.563457650705963597e-01,9.103158073767630976e-02,-3.535781518790809264e-01,-2.197754453904146935e-02,4.441390643889222556e-01,5.403398834910375648e-01,5.020715017126728963e-01,5.340900283591751840e-01,2.228982007756763473e-01,4.587275774434609321e-01,2.264576143514386297e-01
4.207823868744511864e-02,-4.602223912815541773e-01,-3.311926640708003355e-01,-3.263650900526233745e-01,6.693884229175746381e-02,-1.392867465719541120e-01,1.764576662964559561e-01,3.912831799507766606e-01,-1.038038273753886798e-01,-1.730015923735656325e-01,3.678096092325985333e-01,3.392837337128232766e-01,-2.192710272838720442e-01,1.097922845822525001e-01,5.534691294148533780e-01,8.892961003918066487e-02,-3.131973896546062092e-02,4.977666153769677582e-01,3.229938922949163183e-01,4.246342712307917266e-01,1.881143580290116080e-01,1.600960766523331080e-01,2.748918914698698646e-01,4.667590940030416080e-01,-5.049067091650100148e-02,1.759044194549991835e-01,1.000000000000000000e+00,2.649465819338471251e-01,2.807367563965935675e-01,-3.557461491444459112e-01,-4.027091327191053560e-01,4.778742503981013856e-01,2.811859044150015197e-01,4.967186758914369782e-01,8.032629253843544259e-02,1.757712844330893698e-01,6.000395373575339031e-01,9.491258772123763177e-02,-1.095896201623100703e-02,6.533455704291554200e-01,9.717725938311320977e-02,-4.275571541858697588e-01,-4.793630812240353700e-01,-6.219624840652995257e-01,-4.492888164909292215e-01,1.507986530167386985e-01,-6.186112827487924223e-03,-7.527796203189772717e-01,-1.984156515922372022e-01,3.503080211215136575e-01,-6.389161968775227685e-01,-5.589995311680405754e-01,1.789866379558069376e-01,6.230368833746873225e-01,8.701312486351006625e-02,-8.640225185540475472e-01,-5.423230565647359225e-02,-2.362479997328328640e-01,-5.474338220671657318e-01,-1.889478465642982219e-01,-6.579000538419303989e-01,-2.942885430429382221e-01,3.988979769738789649e-01,-6.979859007584898745e-02,-4.012585547978974043e-01,-5.864694614371929182e-01,-4.574393215136012270e-01,4.304174406501447975e-02,5.598923304785060617e-01,1.245763033690294470e-03,-3.984546522403265567e-01,1.154801163047741025e-01,-1.474313586975312673e-01,-4.438416971872510830e-01,-9.986741175490569666e-02,6.880549650969411402e-02,-5.688753638527846990e-01,-3.511942883318349140e-01,1.193544502949001052e-01,2.162450365501766003e-01,-2.697612143737514456e-01,-2.381223084678815716e-01,1.566493042223500443e-01,7.435584312181814370e-02,4.026159006319821598e-01,7.029775183569780816e-02,3.821801480975475229e-01,1.660035115002667927e-01
3.489501974961315423e-01,-1.023602388795355894e-01,-2.662925769621895533e-01,-3.201499606578280810e-01,-2.179240901011430254e-01,3.807863845927742658e-02,4.739630569366010127e-01,8.118335138074637969e-02,-4.987156612702153824e-01,-4.421245558993756181e-02,6.392712622761851371e-01,-3.706228109014367972e-02,-4.708154917116324500e-01,3.814613499731578372e-01,4.560923161512072110e-01,-4.139697223571088824e-01,-3.054873854204652375e-03,6.288467833491347969e-01,4.952640675740280218e-02,8.932587391921173459e-02,5.808250947524515873e-01,3.080136946280760402e-01,-2.549941555529409709e-01,3.341069932421991129e-01,3.167555262800202387e-01,-2.504476504642363932e-01,2.649465819338471251e-01,1.000000000000000000e+00,1.808877239267411563e-01,-3.503334977561614050e-01,5.563582238239666022e-01,4.891758205877331789e-01,-3.285156314311497017e-01,-1.747463661369491883e-01,6.881196564806409954e-01,3.423844362604047120e-01,-2.355993382249668699e-01,2.788532460359861576e-01,6.055363178219526077e-01,7.014446411045925645e-02,-2.870485159841296846e-02,2.775676846896257821e-01,1.725600490327842129e-01,-1.375170033079910481e-01,1.629327766329874139e-01,-2.615114005462338409e-01,-3.642347481087611638e-01,-2.723480740744948017e-02,-1.470074044918958933e-01,-4.028319517934361715e-01,-5.010480827044397900e-01,1.913121472877849505e-01,2.007068328559157358e-02,-3.176894717479195052e-01,-2.747376215003375366e-01,-1.058965399417654413e-01,6.792925219670184478e-02,-4.457089446982538949e-01,-5.086612387876336960e-01,2.253032925410783649e-01,-5.649913713911225432e-01,-2.143994225544738896e-01,5.300973177171142137e-01,1.448624068444459845e-01,-4.828052839816138198e-01,-3.322438895148228100e-01,-5.774193440320229270e-02,6.591446174363163601e-02,4.602485584806901286e-01,2.222214752068929489e-01,-7.601442081817630370e-02,8.001533046504155644e-02,2.614219840094899050e-01,-4.632275907803644066e-01,-4.525760837651045532e-01,3.191156521211899744e-01,-1.035202995901994133e-01,-4.820937502087117577e-01,-2.664543625715269926e-01,1.029586410722790335e-01,-3.740941037152564763e-01,-4.013925811566310120e-01,2.407564755879201476e-02,-3.239913946577124837e-01,9.668577826644678130e-02,4.781382548060647553e-02,2.499036921360317798e-01,8.855725451590341912e-02
3.144405869956777844e-01,-1.566668428928272641e-02,1.124468227844929724e-01,-4.658733990021911575e-01,-4.630502135752026516e-01,-2.844290361213822615e-01,3.085398695714958728e-01,8.018348604972351523e-02,-4.754782995512371602e-01,-3.088440378677675402e-01,3.010789871080903901e-01,-2.098552954933281811e-02,-5.492460313021801932e-01,-1.015371833487937470e-01,3.265428250999862225e-01,-3.768993328107174134e-01,-2.911591694016116838e-01,3.513558077509739697e-01,1.627684692983225045e-01,-3.026181829646181765e-01,3.393777826233106976e-01,5.051822137038968208e-01,-1.974308464677125841e-01,1.146726233913343412e-01,7.062297402409396518e-01,3.570255700025638523e-01,2.807367563965935675e-01,1.808877239267411563e-01,1.000000000000000000e+00,4.244782126489644869e-02,-1.740967122970573933e-01,6.607515021939858180e-01,6.479864096097376347e-01,4.352437017589566581e-02,4.413460488167127854e-02,7.589498330794374192e-01,3.413531780540626781e-01,-1.973634727387481580e-01,5.225338641738156431e-01,6.763426235675837894e-01,-1.863082961263056447e-01,-9.823821798123248683e-02,8.475001948984778322e-02,-3.908653693375416238e-01,-2.938885331615537777e-01,-3.983458229502949699e-01,-2.244192074002261950e-01,-3.980241940513153942e-01,-6.113426385095025450e-01,-2.080588455861157593e-01,-4.125747568055750381e-01,-2.897991646783278918e-01,-3.270557562592500411e-01,2.882436373749923050e-02,-4.286549586631812625e-01,-4.689962942857283656e-01,-4.664789823528000534e-01,-2.491505271607919736e-01,1.274009250832176809e-01,2.329961717012918598e-01,-4.687804335888240415e-01,1.936199025856604750e-01,5.988011787335865144e-01,5.706129561470497241e-02,-4.241911976309551968e-01,-4.115520778370534982e-02,6.342362040065045725e-02,4.789566368723270351e-01,2.843773590103005899e-01,-1.555007678871585808e-01,1.524340078848379909e-01,4.546652932488243204e-01,3.405801871324881103e-01,-4.222127236707941544e-01,-8.968495881939467229e-02,5.254706094179462106e-01,-1.402133446381299831e-01,-5.527086900416495752e-01,-4.372923022931746728e-01,-2.607887016948418069e-01,-5.720188676469063482e-01,-3.038686484102802732e-01,1.077041497329118136e-01,-3.150057403519315180e-01,4.719931798024007974e-01,4.834772110888966856e-01,4.100324766810949928e-01,4.416846017961599258e-01
-3.635950392259618830e-02,-4.716119435974223256e-02,1.933365725933217094e-01,-2.238154804464331238e-01,-1.805735056726327503e-01,-3.309974748493448304e-01,3.641568799828098085e-02,1.208663839663574879e-01,-2.814688415836149454e-02,-5.757306761327214695e-02,-6.507509746093849412e-02,-5.599525223703125804e-02,-5.654064144181787654e-02,-1.718771004948775050e-01,-4.473278598827836600e-02,1.436765621952455496e-01,-1.802514453343386502e-01,-2.418213421470238322e-01,1.182371520887858379e-01,-1.977515274784342192e-01,-2.618036829424318368e-01,1.374958335737854198e-01,1.728431337862603168e-01,-3.674887143318332217e-01,1.451012459961053824e-01,3.548723028712215122e-01,-3.557461491444459112e-01,-3.503334977561614050e-01,4.244782126489644869e-02,1.000000000000000000e+00,1.572346325644517415e-02,-6.394102781929055235e-01,4.877487159197830269e-01,-7.017530914310695644e-01,-7.025853429989551424e-01,3.391678224476739056e-01,-2.457343728685901230e-01,-8.386331585251561860e-01,-6.588638797255748358e-02,-9.440775114907738741e-02,-5.377300066046540872e-01,-2.617948350042688666e-01,3.334256994060624257e-01,5.688277759615186779e-01,-3.870084997906169111e-01,-3.078013893648806620e-01,5.942643125793254377e-01,2.939012715439316970e-01,-4.013700479036468316e-01,2.297615010994393248e-01,6.498140895926629579e-01,-1.602389301967558077e-01,-6.512973474989567357e-01,6.885233370940644672e-03,3.639121108359620882e-01,3.605961547107349729e-01,-2.450224396766196855e-01,5.369768271022040684e-01,3.468935569897310667e-01,-1.656514100200378314e-01,2.570370992778167052e-01,2.038076688286942495e-01,-2.051251883121610053e-01,-1.211630103968190791e-01,2.669829186060690418e-01,7.000887109492552607e-02,-2.332620425366891889e-02,1.566270475106804061e-02,-1.079414949475215046e-01,-7.074407640985856671e-02,1.517980286678696084e-02,6.048297266940432654e-02,4.436318567997224634e-03,8.498392451687855620e-02,8.034749600477235354e-02,-2.379442869255118248e-02,-1.022676298599368150e-01,8.558449791186517608e-02,4.323670940464630075e-02,-3.820971491410347920e-02,1.516045134031440700e-01,2.756339396688299859e-01,2.678972045422960968e-01,8.148530959478840485e-02,1.627494087911277032e-02,1.628257825279260385e-01,1.052311070858212017e-01,3.022981458267656185e-01
1.947538094794508123e-01,2.482274379964148070e-01,1.047043175429701878e-01,-1.983156639413593408e-02,-1.816644935938669381e-01,2.168189956689838341e-02,1.533803172624089717e-01,-1.708685851443791925e-01,-3.549651002334022198e-01,2.633605141506619590e-02,2.637394500133552477e-01,-2.685944005095766696e-01,-2.852838088014770790e-01,1.835959514978509621e-01,-2.843264018346143909e-03,-4.538168397007052990e-01,-3.360276027212141109e-02,1.793353155190719472e-01,-1.983349142787905472e-01,-3.159301070385520660e-01,3.187312113413678372e-01,1.875986127805383541e-01,-4.675194793923702630e-01,-2.572977146268949911e-01,2.232164073202715093e-01,-2.015206450420214956e-01,-4.027091327191053560e-01,5.563582238239666022e-01,-1.740967122970573933e-01,1.572346325644517415e-02,1.000000000000000000e+00,-2.437473037530338976e-02,-6.303296811838319247e-01,-7.019069356807665638e-01,6.398443700144724744e-01,1.435163624987509934e-01,-8.448012024597945091e-01,1.762544730676953164e-01,5.947383088583201305e-01,-5.666085810170133907e-01,-2.314680572025621108e-01,6.029983553527584750e-01,5.976396884550239097e-01,5.005260597695608826e-01,4.748169343064626013e-01,-4.300864383138200964e-01,-2.314794993955326952e-01,6.489439661230586021e-01,5.936088749717476423e-03,-6.439545600900321576e-01,9.997323842810404426e-02,6.943464845733102742e-01,-1.278904982923646239e-01,-7.140403272512675370e-01,-2.552415322974394551e-01,5.845147911569417154e-01,8.405714667818214858e-02,-9.346702765239499333e-02,-1.642099827990952388e-01,3.224870673808151733e-01,6.076793304852277228e-02,6.824053634347675146e-02,1.034213728639894053e-01,1.726200689560134227e-01,-1.065555894946616095e-01,1.208700133421575368e-01,2.460111820235611479e-01,6.450193589393667104e-02,-1.456337203967983732e-02,1.202281282682027413e-01,2.094111381451525533e-01,3.684674214706568085e-02,2.977004661377209982e-01,-5.173307149234444846e-02,-2.586573039623764614e-01,2.372554730146614055e-01,3.404737548881754394e-01,-1.325630077491554704e-01,-3.022203140115293785e-01,-9.224552065596955397e-02,-1.015021742506293928e-01,-1.016866893249187276e-01,-7.668299025063536611e-02,-2.427889875288791466e-01,-1.834650961968961047e-01,-2.555841107630201989e-02,-3.835798653641816353e-02,-4.990822580640049549e-02
2.883125018875776213e-01,-2.732429996795144103e-02,-6.616978485009103461e-02,-2.864134634840849736e-01,-2.539359742526410835e-01,-9.352276903495840288e-02,2.612382091874743129e-01,6.471505788103815160e-02,-3.946515933949033550e-01,-2.834079281665249361e-01,3.348270135922701285e-01,6.675878296292392378e-02,-4.715210890654691900e-01,1.623321317057034238e-02,3.727134102829857132e-01,-4.313650070823638050e-01,-1.992196326637750425e-01,5.005217435770769052e-01,1.249942103974907709e-01,-1.437882009332197841e-01,4.631634005886621219e-01,4.206891753207860907e-01,-2.713716272160651699e-01,3.410487865918431782e-01,4.706758632737799153e-01,6.557735660376784459e-02,4.778742503981013856e-01,4.891758205877331789e-01,6.607515021939858180e-01,-6.394102781929055235e-01,-2.437473037530338976e-02,1.000000000000000000e+00,1.288167170876952650e-01,4.074975283454339015e-01,5.947171289514671111e-01,4.458688730316331950e-01,3.191980818092590710e-01,3.778684262917920145e-01,5.683792421404640915e-01,5.560641392158072183e-01,1.685348883595690905e-01,1.445269959340136356e-01,-8.901226829134006868e-02,-6.286752107830837488e-01,5.826845903860931181e-02,-1.628245275256735292e-01,-5.862709862998098931e-01,-4.530074052223004299e-01,-2.450737970631755580e-01,-3.934387926516713097e-01,-7.787501877144885620e-01,-4.830909337576431289e-02,1.367284369780091824e-01,-6.533886578591074912e-02,-6.268166013154528038e-01,-5.892356954206116049e-01,-2.388252166347131222e-01,-6.455524323404366882e-01,-1.646122672780298557e-01,3.020764947170068160e-01,-6.052323357434457041e-01,8.161165259754352141e-02,6.698183321468466067e-01,6.430803008875089766e-02,-6.068735960083730951e-01,-6.742683297107153473e-02,3.873599251995452075e-02,4.006090742053760589e-01,3.430381636579584725e-01,-9.937085422376194799e-02,8.556517203688432383e-02,3.663452110510344029e-01,2.513998907926454085e-01,-4.689971421223073089e-01,-1.184921097773630194e-01,4.891542955755356914e-01,-6.375269849520025234e-02,-5.486753798118314540e-01,-4.019200553446412583e-01,-2.278057233491712352e-01,-5.478817686498694828e-01,-4.043940402304657677e-01,-3.588529968059026021e-02,-3.082907298829667964e-01,4.060669660805975578e-01,3.235510761698358606e-01,2.942227274881487054e-01,1.851878290841482422e-01
5.533904151516407660e-02,-2.370904502729684615e-01,6.662886201517713436e-02,-4.267988861422240543e-01,-2.455886410801781661e-01,-4.177173511469873812e-01,1.366809736337779302e-01,2.897399913191366916e-01,-9.790540649196310952e-02,-2.898307549352452384e-01,2.694327854582647536e-02,1.735661833591450043e-01,-2.314528131720280657e-01,-2.739339192521556554e-01,2.484761956728953891e-01,1.078064378479738350e-01,-3.082421399093226433e-01,3.461916873286607910e-02,3.462173838861339337e-01,-9.802806557494882223e-02,-1.120184916582306206e-01,3.403588385675074268e-01,2.694544038660168228e-01,5.434485763804894343e-02,3.500667930905677072e-01,5.416365373031027941e-01,2.811859044150015197e-01,-3.285156314311497017e-01,6.479864096097376347e-01,4.877487159197830269e-01,-6.303296811838319247e-01,1.288167170876952650e-01,1.000000000000000000e+00,5.997966323023270346e-02,-6.595729199468485238e-01,5.904471003802057583e-01,5.413321631560570335e-01,-6.687879934971542317e-01,-1.536502060680249547e-02,6.998303995490695595e-01,-2.651208530527255358e-01,-5.456664732377596305e-01,-1.151686608150278290e-01,-2.298292240033633915e-01,-6.551832457131127052e-01,-1.618442489376033522e-01,3.016404457020465668e-01,-4.712007815647052955e-01,-6.016613949023988939e-01,3.498534382817096167e-01,-7.324919712514099852e-03,-6.502037373609431681e-01,-4.710209325637403910e-01,4.241335140147385330e-01,5.437548149099306199e-02,-4.696555977743737120e-01,-4.815548109513096975e-01,1.101488409053315298e-01,3.102591674578947800e-01,-1.560642216891370004e-01,-2.468305746093877873e-01,2.222627855541922659e-01,2.330508218076657867e-01,-1.912408543848569675e-01,-1.253773746913788290e-01,-6.567977498467263142e-02,-1.673554873848147051e-01,2.728909066110856707e-01,1.710823238195544882e-01,-2.268641917450953671e-01,-6.883921048287185152e-02,3.142502886563609543e-01,-6.059174121391197078e-03,-2.435354009216191551e-01,1.585177118212773850e-01,1.939782692969960198e-01,-3.778046782241619717e-01,-2.493727389554170060e-01,-5.785369285503896147e-02,-1.408474730081591131e-01,-1.963425346694572249e-01,3.835925336719094719e-02,2.945295619066856663e-01,1.447954085136181866e-02,4.383254403246164554e-01,4.125010122411106317e-01,3.509198410978732752e-01,4.635524811150687485e-01
-1.159282516209583225e-01,-1.166178218978024400e-01,-2.024969880745000617e-01,2.263311682539513037e-01,2.744547598280969725e-01,2.584383054404293389e-01,-1.527086838173900563e-01,-9.801138281428909728e-04,2.906221340187337687e-01,6.842818536926428830e-02,-1.614269583819658294e-01,1.983848003656680514e-01,2.830178067277545062e-01,1.602967290956341939e-02,-6.706641220115490236e-03,2.346397672521798039e-01,1.921433131931603311e-01,1.462188781599159555e-02,1.881211821356603905e-02,3.763851350065325341e-01,-5.090312867279177256e-02,-2.787859269244713500e-01,2.025765284055441040e-01,4.246832432924559919e-01,-2.965592939189914956e-01,-1.446086876057548487e-01,4.967186758914369782e-01,-1.747463661369491883e-01,4.352437017589566581e-02,-7.017530914310695644e-01,-7.019069356807665638e-01,4.074975283454339015e-01,5.997966323023270346e-02,1.000000000000000000e+00,2.664371653035790474e-02,-4.036864000279793419e-01,7.681657422372754063e-01,4.865634755691071733e-01,-4.281623301368783774e-01,4.262582724734679807e-01,5.657343600957603913e-01,-2.296562975899036629e-01,-6.639353973111351559e-01,-7.322509741479487078e-01,-4.119517538861110217e-02,5.457787388338670720e-01,-2.463917178500762140e-01,-6.402574362941547692e-01,3.253735365043491923e-01,3.023563369625754116e-01,-4.912598620272186634e-01,-3.624765034182537704e-01,5.759154355243659706e-01,5.012399051893156043e-01,-5.034180524394783751e-02,-6.252484960279954818e-01,1.601050282405021841e-01,-2.673535482775480365e-01,-1.323572297391034103e-01,-1.223265264115430129e-01,-1.723765803661931328e-01,-2.171094586648462388e-01,1.498004259099280748e-02,-1.442754500066008652e-02,-5.395272438913319840e-02,-1.285279305110234860e-01,-1.409272342545862255e-01,-1.027568740629076910e-01,4.803733449353467938e-02,-7.616536650230361881e-03,-1.509193483400100844e-01,-1.180170426776021853e-01,-2.148785220264424478e-01,2.608746877653252139e-02,1.128459247727929549e-01,-1.959865773762733132e-01,-1.391636559769567072e-01,7.638022375172459633e-02,2.093651909233397446e-01,1.224158112783933910e-01,-6.386882492319394429e-03,-1.226622831784419387e-01,-1.720178052649554423e-01,1.109065924577760792e-01,6.625287280801415990e-02,-1.271677032681208797e-01,-9.173844591172461427e-02,-2.011395384144175902e-01
2.213302105920432472e-01,2.179475073104962524e-01,-1.532288127325028525e-02,3.433201455762106835e-02,-1.112734935160154953e-01,1.696945383051048362e-01,1.365997405739906856e-01,-1.914271113301178329e-01,-3.365033350981549987e-01,-3.538658887450839285e-02,2.810497171441859177e-01,-1.523935448877123122e-01,-2.928617623037956808e-01,2.085781215391863397e-01,1.025183209193747530e-01,-5.172219049211681519e-01,3.632680494663054899e-02,3.811172178839595248e-01,-1.941943501778069237e-01,-1.452438425639037134e-01,5.018214889826766445e-01,1.466836969002076052e-01,-5.117055516438226981e-01,1.173240545845345845e-01,2.124772780573536135e-01,-3.226691645121530505e-01,8.032629253843544259e-02,6.881196564806409954e-01,4.413460488167127854e-02,-7.025853429989551424e-01,6.398443700144724744e-01,5.947171289514671111e-01,-6.595729199468485238e-01,2.664371653035790474e-02,1.000000000000000000e+00,1.874107409809945210e-02,-3.472046216329624513e-01,7.118389159739048067e-01,5.960381142122055387e-01,-1.867638585138168827e-01,1.664230337081908651e-01,5.797664081843402206e-01,1.801172670140954168e-01,-1.551669142325269035e-01,5.295108370575051238e-01,-1.661658802492817222e-01,-6.320887522715067375e-01,1.382863207002790473e-01,1.673531895668262659e-01,-6.528558642665419631e-01,-5.253482678612614309e-01,5.440173040806292049e-01,3.395719477722100588e-01,-4.721085649893601577e-01,-5.222040690332376833e-01,1.812273222539673850e-02,1.429803821714059897e-01,-5.182754056104219575e-01,-3.550990607740082683e-01,4.261008705909449246e-01,-2.676874096385464807e-01,-5.290511341226710601e-02,3.851606040963380106e-01,2.299649875846149771e-01,-4.042901558188354838e-01,8.964503503872959383e-03,2.118237477916392608e-01,1.616755724461555743e-01,1.294456738842888477e-01,9.261169441680693060e-02,1.827279851026787083e-01,9.871300422571654964e-02,2.922334037040972277e-01,-1.880377063334167653e-01,-2.569022897578163156e-01,3.078295002504026767e-01,2.786146799108935590e-01,-2.822485769092282215e-01,-3.669680065770728472e-01,-1.079948302248950609e-01,-3.151053170676382797e-01,-3.326365895209669188e-01,-2.193113651242251660e-01,-2.920877158635286630e-01,1.622110366918383588e-05,4.459809617760705238e-04,4.528821644774813117e-03,-1.345943858145517147e-01
3.313893258127013075e-01,-1.688611859814404259e-01,3.329029658421759491e-02,-6.471598125458446482e-01,-4.792773120392000985e-01,-4.872751495813931188e-01,4.307096687942190139e-01,2.849751283086885967e-01,-5.221524618920938554e-01,-3.871654394177108105e-01,4.329387271829312489e-01,5.634622947079262478e-02,-6.512508660761214818e-01,-1.022417782869237679e-01,4.809829305168831226e-01,-3.388237041822396156e-01,-4.508438013942465683e-01,4.111809407522068471e-01,3.510308732459349601e-01,-3.315597883579233240e-01,2.803680497774224123e-01,7.051671576961341392e-01,-8.117994942937659109e-02,4.931137453484940592e-02,7.034779256746824805e-01,4.535225927620516462e-01,1.757712844330893698e-01,3.423844362604047120e-01,7.589498330794374192e-01,3.391678224476739056e-01,1.435163624987509934e-01,4.458688730316331950e-01,5.904471003802057583e-01,-4.036864000279793419e-01,1.874107409809945210e-02,1.000000000000000000e+00,-2.034092513453573947e-02,-5.197450547564639312e-01,7.174380480890659717e-01,5.310713701391793773e-01,-4.558835243378087654e-01,-1.354730759202338319e-01,3.171602116698565288e-01,-4.922264731324457049e-02,-3.883555738013544922e-01,-5.777893027295851747e-01,1.708332016267240586e-02,-1.719987509433600348e-01,-7.764002637082235703e-01,-2.133997329348212568e-01,-1.907503267636988242e-01,-2.403311611016259730e-01,-6.321509306348780388e-01,-1.452448324422127568e-01,-2.986179077367693835e-01,-2.405574621298647298e-01,-5.514636165086868047e-01,-2.082125681072855561e-01,1.045088832258269790e-01,1.182168892125816800e-01,-5.039599808990720131e-01,2.804952897573897430e-01,5.801845637984338611e-01,-1.192936873829104488e-01,-4.576488398355912923e-01,-4.494750851782312179e-02,-6.753030265409218358e-02,4.300405995462250885e-01,3.725523961204275092e-01,-1.613583747075135189e-01,1.750816121757565319e-02,4.743968296090833037e-01,2.614484624957140180e-01,-5.129424002608157229e-01,-9.298636784587349657e-02,5.374658129672442719e-01,-2.416831694468277447e-01,-5.676561097644924336e-01,-3.785409421489712156e-01,-2.660374733236119948e-01,-4.504468923989474738e-01,-1.617979407872842945e-01,2.821451732224163345e-01,-2.640859240818242415e-01,4.764083126066256391e-01,4.904278272002510763e-01,4.979513781326270205e-01,5.261820352760966379e-01
5.564915126600271378e-02,-2.376643283960280795e-01,-2.019676092901865339e-01,-1.030034243420792084e-01,1.809398686038750023e-02,7.103543991767134747e-02,7.003607919636188617e-02,8.775009353439439108e-02,4.722433780294415379e-02,-1.236921746258879545e-02,2.894584152718812642e-02,1.556920048621975583e-01,3.239634486087780707e-02,2.955691898131214759e-02,1.917071114478177962e-01,2.012946033419167891e-01,9.122384801092264794e-02,1.418003802743721953e-01,1.410758715214338321e-01,3.716404841563441530e-01,9.795208291125769018e-03,-1.128809630605196040e-01,2.889060644602922667e-01,4.619177025837466477e-01,-7.741195162655585549e-02,4.478414123309555628e-02,6.000395373575339031e-01,-2.355993382249668699e-01,3.413531780540626781e-01,-2.457343728685901230e-01,-8.448012024597945091e-01,3.191980818092590710e-01,5.413321631560570335e-01,7.681657422372754063e-01,-3.472046216329624513e-01,-2.034092513453573947e-02,1.000000000000000000e+00,2.129032965344804240e-02,-4.462028993317224690e-01,7.522053870836209466e-01,3.289961379999203350e-01,-4.701208863777683877e-01,-6.311407168582735538e-01,-7.523656062320077664e-01,-3.928025809508486899e-01,3.647404953391817362e-01,-5.912715985858608969e-02,-8.090390628508955517e-01,-5.157810430744916991e-02,4.615245892264480676e-01,-4.222683009739045534e-01,-6.765216834953909908e-01,2.533482602154604191e-01,7.467219480675306720e-01,1.447588130781179289e-02,-7.440124664889503636e-01,4.081791536946696719e-02,-3.583279095075558862e-02,-7.799413191282306146e-02,-1.773793396685473811e-01,-2.790119827751830206e-01,-2.192927255434042322e-01,1.464409603819044337e-01,5.256961307621453583e-02,-7.695519311321540219e-03,-2.855094799390361371e-01,-1.807384411873322605e-01,-1.904127979314238286e-02,1.728223644646917079e-01,2.635445792277984339e-02,-1.450024818460680931e-01,-2.642500010043671854e-02,-8.304749302145505996e-02,-9.258432147078406171e-02,1.060535277516295311e-02,-9.525749607515052175e-02,-3.387510196952658315e-01,-8.891074011221729301e-02,1.659624878444625196e-01,1.571285566004384515e-01,-1.853344879288139624e-01,-1.911285982277624029e-01,9.171208670753546593e-04,8.300933738329381931e-03,2.030260283613888883e-01,6.937972872626628484e-02,1.224674917005702801e-01,1.244045763123135806e-01
4.142430566580967283e-02,3.165239385786779436e-01,-1.517384608982177106e-02,4.113322860292933925e-01,1.336826588203685051e-01,4.561604778807990535e-01,-1.485445677925343044e-01,-3.946098804325687825e-01,7.633343894073998763e-03,1.556862587037594337e-01,-6.843915695835776913e-02,-1.773687345646371150e-01,1.122914777004037079e-01,1.821196367107253689e-01,-1.983289700754498619e-01,-2.395874237528215489e-01,3.020454282004526592e-01,6.978014730445891711e-02,-3.677026227435054584e-01,9.142220356761249223e-02,3.099627009669077005e-01,-2.974068154835881606e-01,-3.820202358499228401e-01,1.893042982332861224e-01,-1.166516942497924925e-01,-5.252717788334357873e-01,9.491258772123763177e-02,2.788532460359861576e-01,-1.973634727387481580e-01,-8.386331585251561860e-01,1.762544730676953164e-01,3.778684262917920145e-01,-6.687879934971542317e-01,4.865634755691071733e-01,7.118389159739048067e-01,-5.197450547564639312e-01,2.129032965344804240e-02,1.000000000000000000e+00,3.153247729626890150e-02,-2.312986585605854850e-01,4.719659666146096555e-01,4.628576067377034864e-01,-1.601378329451234872e-01,-3.531341391651092176e-01,5.593191095033764881e-01,2.251445952637172732e-01,-6.203468939706290319e-01,-2.184840491716411037e-02,5.316627396605410061e-01,-3.572251937587087034e-01,-4.686590990406800938e-01,4.216336199157276199e-01,7.312618058091845397e-01,-1.590367959508351969e-01,-3.612867282566797345e-01,-7.514935077034771982e-02,4.494075340311310951e-01,-3.652790466123391755e-01,-3.030754214824090687e-01,3.579728098149451698e-01,2.041727106704364914e-02,-2.094858109188741102e-01,5.718481734934741795e-02,3.340451983736781316e-01,-1.083097362632373106e-01,3.434823861823317614e-02,2.823004056618584889e-01,-1.976575960512687649e-02,-1.535937820918100161e-01,1.257371080402732710e-01,2.382559095878221955e-01,-1.406013977973465667e-01,1.564886255823198791e-01,1.749361327000000521e-01,-1.239040919027393495e-01,-2.318248433624329335e-02,3.515353573227250061e-01,5.133929404762695853e-02,-1.258810030838098393e-01,1.949299545118617083e-02,-1.558875731934001863e-01,-2.877302217373758353e-01,-4.573058473850820649e-01,-1.802026453395447758e-01,-1.717738833127292752e-01,-1.730748428562799979e-01,-2.894387042490883521e-01,-3.272307888400119991e-01
2.809421682463881242e-01,9.408865057810415766e-02,1.214677154075728405e-01,-3.682606741640201964e-01,-3.868672909148270223e-01,-2.913353246672834573e-01,2.847948629630548401e-01,7.024193749564981715e-02,-4.970594805288137685e-01,-3.303831367710796663e-01,3.563759946801277612e-01,-5.607842738904166013e-02,-5.888186068707289555e-01,-6.529622981953225880e-02,2.920119139457472701e-01,-5.429188367552566508e-01,-3.659769619621205949e-01,3.782802374188959371e-01,1.229487412388619860e-01,-4.723998858484935170e-01,4.159627946785225960e-01,6.300007894683311571e-01,-4.044835583418311398e-01,-6.916644586848337550e-02,6.677748752469085947e-01,1.990742183407180066e-01,-1.095896201623100703e-02,6.055363178219526077e-01,5.225338641738156431e-01,-6.588638797255748358e-02,5.947383088583201305e-01,5.683792421404640915e-01,-1.536502060680249547e-02,-4.281623301368783774e-01,5.960381142122055387e-01,7.174380480890659717e-01,-4.462028993317224690e-01,3.153247729626890150e-02,1.000000000000000000e+00,8.659796790175085246e-02,-3.655643811483800243e-01,3.354514080098059958e-01,5.180476815554565517e-01,7.724161106283888856e-02,9.059381981957341512e-02,-6.285229033986075020e-01,-3.124614237456123100e-01,1.674171840631132058e-01,-4.831512822118306238e-01,-6.278469858726504205e-01,-2.917252555031584760e-01,2.907159738294080586e-01,-3.551927357157543264e-01,-5.861286136829163551e-01,-5.179541208312324896e-01,1.788358153601181041e-02,-3.912442816335251483e-01,-4.546735974177198436e-01,-1.966580330653560152e-02,3.773812226462082697e-01,-3.983717679591700089e-01,3.132389216577767810e-01,5.704992020837600375e-01,-1.739423549703227392e-02,-5.705369282101464545e-01,1.099716001389951237e-01,1.336568026762263994e-01,4.540179864697741485e-01,2.403979668101522693e-01,-1.494024213280383817e-01,1.790213997708537952e-01,4.444708044489427690e-01,3.409193957138292319e-01,-4.181280289957700624e-01,-1.222173565233016235e-01,5.908565795196487613e-01,8.974181571116651712e-02,-5.220764802888591127e-01,-5.232829571037634908e-01,-3.602838948355865378e-01,-4.386544520895457877e-01,-1.978999958973095274e-01,6.085255193536218132e-02,-3.119686521069381935e-01,3.457870485222885870e-01,3.717262820007525281e-01,3.187100853073693285e-01,2.745910637348707439e-01
2.436372643164033958e-01,-3.505121224860738294e-01,-2.108541865211861210e-01,-4.730840192242005693e-01,-2.150367561936521454e-01,-2.259921695249745288e-01,3.377946209582713410e-01,2.977595499687152869e-01,-2.602338767799396435e-01,-1.900510872202419432e-01,3.445796195330017020e-01,1.824561472286966579e-01,-3.379413613638767577e-01,4.910622524196031624e-02,4.846094783776545012e-01,-1.885101445945611826e-02,-1.478112315781428820e-01,4.350297453594224595e-01,3.290883397315186865e-01,1.859769700190379849e-01,2.087916560590259429e-01,3.112301182137806599e-01,2.049343658975385229e-01,4.718457761198616152e-01,3.284294074895153792e-01,2.648595055047975877e-01,6.533455704291554200e-01,7.014446411045925645e-02,6.763426235675837894e-01,-9.440775114907738741e-02,-5.666085810170133907e-01,5.560641392158072183e-01,6.998303995490695595e-01,4.262582724734679807e-01,-1.867638585138168827e-01,5.310713701391793773e-01,7.522053870836209466e-01,-2.312986585605854850e-01,8.659796790175085246e-02,1.000000000000000000e+00,8.527867733907310011e-02,-5.653314823542455736e-01,-4.468195941158702444e-01,-7.141414886865661282e-01,-5.635500050435120478e-01,8.253409504240476202e-02,-1.010891082562281017e-02,-8.450235206061128546e-01,-4.060077122019865592e-01,3.215240116951244564e-01,-5.416877449192463168e-01,-7.256024451626817973e-01,-7.683530528936366455e-02,5.374158245309172965e-01,-8.773508839739081744e-02,-7.836226381085745762e-01,-2.589283624926173588e-01,-1.484599416132907357e-01,-7.935668668940316917e-02,-1.516167966287577940e-01,-5.973020159833051235e-01,-1.002572990950139631e-01,4.600184836887539763e-01,-7.617938985715513867e-02,-3.060039687886216830e-01,-3.087420606753321084e-01,-2.767737899465215201e-01,1.764627130563227453e-01,4.618885886955408360e-01,-2.409759667217694842e-02,-2.112903774781974553e-01,2.220590974110992766e-01,4.035059157349015629e-02,-4.228041615862278002e-01,-7.811521501723332761e-02,2.008898150078020084e-01,-4.858099470212404736e-01,-4.206854796243306716e-01,-2.584825085300558947e-02,3.669064111075432538e-02,-3.724393826017569631e-01,-2.814480901216403486e-01,1.370795767560621936e-01,-1.269361356809217967e-01,4.393293264848568969e-01,2.794484093202418418e-01,3.919956808618292321e-01,3.582257708606979563e-01
1.686445033994359577e-01,1.570897389284283963e-01,-1.146183951213563118e-01,2.466939747257038129e-01,9.837898718669134401e-02,4.011779386090396082e-01,4.434703994919518555e-02,-2.532009851637679887e-01,3.030203426888027074e-02,3.999800659902309485e-01,9.234664352730079587e-03,-2.209038296478601504e-01,2.409614756141859049e-01,3.933080935244194776e-01,-1.949158061308206846e-01,-5.685100936898050683e-02,4.571742808513286627e-01,8.173815640918349890e-02,-3.811399727102470769e-01,3.181416875653826914e-01,2.630292237883933293e-01,-4.686872073558134288e-01,-1.877920178580114452e-01,3.632597922007912983e-01,-1.826132853880285678e-01,-5.490085534795082767e-01,9.717725938311320977e-02,-2.870485159841296846e-02,-1.863082961263056447e-01,-5.377300066046540872e-01,-2.314680572025621108e-01,1.685348883595690905e-01,-2.651208530527255358e-01,5.657343600957603913e-01,1.664230337081908651e-01,-4.558835243378087654e-01,3.289961379999203350e-01,4.719659666146096555e-01,-3.655643811483800243e-01,8.527867733907310011e-02,1.000000000000000000e+00,6.274119062979695294e-02,-6.659284183844456084e-01,-6.323238081690101264e-01,4.602330437664303719e-01,7.640706605410435559e-01,-4.939193267882670546e-01,-3.758847714421796882e-01,7.280069813750456031e-01,1.449280564160200513e-02,-4.352631655632147600e-01,5.269801439233223056e-02,7.229695092620103125e-01,1.485981291719374320e-01,1.273319167470590360e-02,-1.957617455241510707e-01,4.798771510039971933e-01,5.894566239058808728e-04,-7.242668989656014800e-02,1.142534568836342385e-01,5.335758122870467440e-02,-4.474433765788211059e-01,-5.457855065986796234e-02,3.194829931011444191e-01,1.307054373938596192e-01,-6.324812464970966386e-02,1.587796875487674231e-01,-2.616876123784837582e-01,-3.868738793766075823e-02,3.628201715230071622e-01,6.376012818864228160e-02,-3.423931895064942776e-01,3.120783366540627254e-02,1.405078610889775037e-01,-2.032232289371645462e-01,-2.621416271359023886e-01,9.145818903075376982e-02,1.102899973225299896e-01,9.474153199730538100e-02,2.504902045778778508e-01,6.285348929333951784e-02,-3.938078677157748619e-01,-4.144701009873538178e-01,-2.566056038551357554e-01,-2.623973005284863658e-01,-1.753442015174412061e-01,-3.577829312028245057e-01,-2.496198449514610840e-01
1.271454156117823309e-01,5.136589090486738396e-01,2.827343944830226219e-01,2.382222714947722642e-01,-1.614234050687273492e-01,2.254835770781486448e-01,-8.067360666532855107e-02,-4.589316758691068809e-01,-2.428613607524101048e-01,5.407362991291770477e-02,-3.789567858373527054e-02,-3.672031497875221095e-01,-1.299084112883366893e-01,5.247402482350310010e-02,-2.692287451487527794e-01,-4.823874493987200252e-01,5.948550150740516962e-02,-3.575503145596155286e-02,-4.115610799592396840e-01,-4.210414531223226065e-01,2.733479824873133457e-01,-2.183539061334515904e-02,-6.021615228419445742e-01,-3.123633665595222930e-01,1.357652385568710318e-01,-2.955567252286243618e-01,-4.275571541858697588e-01,2.775676846896257821e-01,-9.823821798123248683e-02,-2.617948350042688666e-01,6.029983553527584750e-01,1.445269959340136356e-01,-5.456664732377596305e-01,-2.296562975899036629e-01,5.797664081843402206e-01,-1.354730759202338319e-01,-4.701208863777683877e-01,4.628576067377034864e-01,3.354514080098059958e-01,-5.653314823542455736e-01,6.274119062979695294e-02,1.000000000000000000e+00,5.601411326256451328e-01,2.364784069935162714e-01,8.404656061757498353e-01,-3.685927284506086421e-01,-7.166097300439566720e-01,6.268475878599528706e-01,1.977979263859006021e-01,-8.599782438736177648e-01,-1.217780456321184389e-02,8.143326735302535146e-01,1.309131791130391798e-01,-6.304037658151154799e-01,-5.620954006729844687e-01,4.337451624447760112e-01,1.358872705065297393e-01,-1.952616291598503473e-01,2.160806554452734951e-02,5.188192527501299667e-01,2.439851438379314341e-01,1.758148049044324923e-01,8.177199018023885435e-02,3.469082336641220454e-01,1.295093749225384797e-02,3.142343484000571507e-01,5.246722906306763301e-01,1.330233746116950833e-01,-3.002773033626690014e-01,8.874974925658155045e-02,4.791349559246965151e-01,-1.944575893153875764e-03,3.676052903060988419e-01,1.394673862688836641e-01,-1.677444924763313860e-01,2.251524622837131340e-01,5.914587696016249119e-01,-4.248912906914392718e-02,-3.832361695879250019e-01,-1.882544197281800225e-01,-2.042564378498742672e-01,-1.935039974981025146e-01,-2.286467734735627422e-01,-2.826714845327671921e-01,-2.055416401596004972e-01,5.410344669732480849e-02,-2.337887603874561349e-01,-1.380349891623739444e-01
-6.396724599594194594e-02,1.752116458908557772e-01,2.421344777205784171e-01,-1.129640695027128716e-02,-1.079843472329421045e-01,-1.975326211266864584e-01,-1.064355449555919320e-01,-4.996770315888627439e-02,-1.423841848158289569e-01,-2.772356185022606390e-01,-2.924960549978839267e-02,-3.007624567548140490e-02,-2.539408815194068025e-01,-2.947367777301015401e-01,-2.441992016309661728e-02,-2.273448823799174567e-01,-3.669804157316647331e-01,-1.370298772131895437e-01,8.287012788611736180e-02,-5.741530267898331541e-01,-8.475078034469071819e-02,3.901306234649861704e-01,-2.105851470876678455e-01,-5.650215996524329265e-01,2.513174011845152878e-01,2.930065615005012503e-01,-4.793630812240353700e-01,1.725600490327842129e-01,8.475001948984778322e-02,3.334256994060624257e-01,5.976396884550239097e-01,-8.901226829134006868e-02,-1.151686608150278290e-01,-6.639353973111351559e-01,1.801172670140954168e-01,3.171602116698565288e-01,-6.311407168582735538e-01,-1.601378329451234872e-01,5.180476815554565517e-01,-4.468195941158702444e-01,-6.659284183844456084e-01,5.601411326256451328e-01,1.000000000000000000e+00,7.242481166960550443e-01,2.230581914837758972e-01,-8.719864324541627409e-01,-6.749622941303519419e-02,7.626259744427270615e-01,-4.851294175141011022e-01,-6.112060738942201032e-01,4.553851766855235850e-01,4.961964606957778301e-01,-5.969266017999874663e-01,-6.495390852857557684e-01,-4.104677786844799781e-01,5.243880493556670741e-01,-3.622326297229291892e-01,-9.741427156357218564e-02,1.558871343473523796e-01,1.946340125065616766e-01,1.858686772327488579e-01,5.206787814879676457e-01,5.050806262940216174e-03,-1.074652935282951749e-01,-3.100595421289626882e-02,3.707839943348252287e-01,1.964596695711496310e-01,2.951877826224438839e-01,-1.957972489528140569e-01,-2.808470714441653193e-01,2.427761709767210230e-01,2.937310417396321593e-01,1.540032158170046572e-01,-1.732985661276060033e-02,1.281674352321206800e-01,3.505634821036986426e-01,3.046766085182046613e-01,-8.710586959352416281e-02,-2.741540094708536657e-01,-3.542007153525318919e-01,-1.579189670124372946e-01,1.885137242618945552e-01,1.241520010173796096e-01,1.414593476917208256e-02,4.120163139068740155e-02,1.213373067377891273e-01,6.959484592956574622e-02,4.989738051742642622e-02
-2.711506383606357429e-01,7.695122891577255153e-02,1.799461622488608692e-01,1.525475763694592868e-01,1.271831987390079355e-01,-1.509937431506613303e-01,-2.350350311907953849e-01,3.724542877022238296e-02,2.021983572937525730e-01,-7.221763923848717459e-02,-2.295880314475513828e-01,3.630472371532709325e-02,1.293681987095883223e-01,-2.565896004334529690e-01,-2.112012444232669595e-01,1.273564609192945618e-01,-1.942231946378534801e-01,-3.918947836606074264e-01,5.039547762983236090e-02,-3.254623151501706002e-01,-3.944871159862476384e-01,7.346117882654720765e-02,5.905577393980976364e-02,-6.040246710553621723e-01,-1.462093962667733726e-01,2.127024339325501723e-01,-6.219624840652995257e-01,-1.375170033079910481e-01,-3.908653693375416238e-01,5.688277759615186779e-01,5.005260597695608826e-01,-6.286752107830837488e-01,-2.298292240033633915e-01,-7.322509741479487078e-01,-1.551669142325269035e-01,-4.922264731324457049e-02,-7.523656062320077664e-01,-3.531341391651092176e-01,7.724161106283888856e-02,-7.141414886865661282e-01,-6.323238081690101264e-01,2.364784069935162714e-01,7.242481166960550443e-01,1.000000000000000000e+00,5.704510576521274606e-02,-4.919272097158308710e-01,4.494072341702693985e-01,8.608353413694607159e-01,-1.821415450045096029e-01,-1.716769265377697251e-01,8.090529138463785630e-01,4.226220625763179584e-01,-5.207340352591527388e-01,-4.749502167393422902e-01,1.476019433080665022e-01,7.486926174834898084e-01,-1.669599004229788963e-01,2.405383475970532536e-01,1.892819280418902572e-01,-9.700099477606528853e-02,4.553742395806935073e-01,3.492568039276406910e-01,-4.104192826379734482e-01,-2.306900565114399226e-01,2.435226522201334731e-01,2.851835391301410505e-01,1.616531386843638590e-02,-3.566192784658197418e-02,-2.768663447319599791e-01,-1.955448244668080426e-01,1.874639284076318191e-02,2.549314651391106079e-02,-1.209730546910321031e-01,1.959382106612901908e-01,2.063436491176451060e-01,-3.314391379945672705e-02,2.180064464392376389e-01,2.559693802996599321e-01,5.145668341568858384e-02,-1.482262659398042304e-01,3.128304222557879433e-01,4.871988162117464882e-01,1.889512613177323774e-01,2.707402826063265433e-01,-1.891310030735645076e-01,-1.323725624796942835e-01,-9.238730082922796960e-02,-1.128465952502014508e-01
9.730806593468856180e-02,5.066893580983625744e-01,2.211392883400719878e-01,3.570610445066224048e-01,-3.083338568553658718e-02,3.389588152273576571e-01,-1.234345014002678487e-01,-4.875879914299630635e-01,-1.272651928795154597e-01,2.336849672076741491e-01,-8.917991787355665501e-02,-4.023000253314135133e-01,5.404569231503785626e-02,1.898446878533987525e-01,-3.761884109060484871e-01,-3.917560686337017151e-01,2.458685630623929919e-01,-7.976553642449824011e-02,-5.347671701322783688e-01,-2.520052072640506791e-01,2.602229131527112882e-01,-2.528371679552873230e-01,-5.786350789910035264e-01,-2.121256522827810742e-01,-1.755586956550826000e-02,-4.849763449932759096e-01,-4.492888164909292215e-01,1.629327766329874139e-01,-2.938885331615537777e-01,-3.870084997906169111e-01,4.748169343064626013e-01,5.826845903860931181e-02,-6.551832457131127052e-01,-4.119517538861110217e-02,5.295108370575051238e-01,-3.883555738013544922e-01,-3.928025809508486899e-01,5.593191095033764881e-01,9.059381981957341512e-02,-5.635500050435120478e-01,4.602330437664303719e-01,8.404656061757498353e-01,2.230581914837758972e-01,5.704510576521274606e-02,1.000000000000000000e+00,7.119066821617490992e-02,-7.532634397254011072e-01,4.831728399755148562e-01,5.553875252485569458e-01,-6.998735830894733390e-01,-8.207029458867555471e-02,7.931716386386146178e-01,4.219714927736760712e-01,-5.457104022869976312e-01,-4.016109001097817877e-01,4.195850354463652732e-01,3.217974872347928450e-01,-8.175830579583133473e-02,4.124650972556201389e-02,4.268747073763172750e-01,3.311344176726647159e-01,6.194980947962791702e-03,-6.309433820822872574e-02,3.609339100243210696e-01,1.554228209611346334e-01,3.402161503619884897e-01,5.162182642411783373e-01,-2.710660895250419436e-02,-3.209100984695207326e-01,2.194340540475960277e-01,4.280562182614238154e-01,-1.669317565799248448e-01,2.815183047430639962e-01,2.437614733595591665e-01,-1.689789839143014394e-01,3.934047329064512682e-02,5.824245635683223954e-01,9.492570586532735055e-02,-2.363206337805141832e-01,-8.817878247541141579e-02,-3.615442216373903478e-02,-2.566446937124511329e-01,-3.832835065922974849e-01,-2.696110396302520695e-01,-3.346601132154794489e-01,-8.579885251999808116e-02,-4.007962934598274241e-01,-2.797902024082946082e-01
-4.839168509951643354e-02,-6.447711428562408198e-02,-2.028830766411726660e-01,2.344867958674989872e-01,2.619297849886965124e-01,3.107347100553008445e-01,-5.082605363861525394e-02,-5.182454752059819508e-02,2.972799772619353353e-01,4.128917726605256244e-01,-1.208603466908899360e-01,-3.548905023537087672e-02,4.545289703286273242e-01,3.161248315098740269e-01,-1.920415866717850306e-01,2.939612267097965748e-01,4.524913346151716032e-01,-7.191050278721593247e-02,-2.167405488165109750e-01,5.233186138886581906e-01,-5.080992871507915981e-02,-5.539481120351428256e-01,1.741118030894562296e-01,3.800077185900603838e-01,-4.286559319227325471e-01,-4.200706117542467033e-01,1.507986530167386985e-01,-2.615114005462338409e-01,-3.983458229502949699e-01,-3.078013893648806620e-01,-4.300864383138200964e-01,-1.628245275256735292e-01,-1.618442489376033522e-01,5.457787388338670720e-01,-1.661658802492817222e-01,-5.777893027295851747e-01,3.647404953391817362e-01,2.251445952637172732e-01,-6.285229033986075020e-01,8.253409504240476202e-02,7.640706605410435559e-01,-3.685927284506086421e-01,-8.719864324541627409e-01,-4.919272097158308710e-01,7.119066821617490992e-02,1.000000000000000000e+00,3.843352957445549806e-02,-4.640676686449391464e-01,7.285733838927567207e-01,5.072175631194714152e-01,-2.167622363841077149e-01,-2.227608390779541869e-01,6.567905377837945924e-01,4.151221259428191646e-01,4.500011628519426377e-01,-1.867499748127600667e-01,4.769771270270975472e-01,1.875780119215597896e-01,-6.811819038963681794e-02,-2.120678695983976292e-01,1.009777192802860935e-01,-4.941704587997623466e-01,-2.678101794185870355e-01,8.889855446670179295e-02,2.465531806357002254e-01,-1.722784954283437253e-01,-1.002898513905931543e-01,-4.258927308415493274e-01,-7.335507812344910748e-05,3.193027423871130366e-01,-1.914916014743140160e-01,-4.357217854230228116e-01,-2.316211609520075487e-01,2.125222101417856557e-01,-6.243250037384547035e-02,-4.913633091321819024e-01,-1.154434635967787198e-01,3.094870016018856917e-01,3.812864559674675746e-01,3.479958600627620635e-01,3.708563139701385181e-01,-9.284871214527691541e-02,-2.357542735147946100e-01,5.342721825944594938e-02,-2.668517621198905343e-01,-2.836346714357079746e-01,-2.963713827385294208e-01,-2.477792240532294410e-01
-3.110225583835247720e-01,-4.038711187250899615e-01,-1.443149256585573026e-01,-8.013664116098274948e-02,2.449604714737910194e-01,-2.566272292780721886e-01,-1.005437607766536540e-01,4.171479139011707860e-01,3.914572672874080395e-01,-5.625712676966553027e-02,-1.468918237099283430e-01,3.479166830332632854e-01,2.588608078232896292e-01,-1.978723572392007413e-01,7.319362138045237831e-02,5.552835755101279691e-01,-1.386554884758406103e-01,-2.476419510881125441e-01,3.829109383345778439e-01,2.163605816237088308e-01,-5.345290982665961144e-01,4.937828440658833216e-03,6.091303705524495626e-01,-9.690359116473597212e-02,-2.909002900185969631e-01,3.729847564151322348e-01,-6.186112827487924223e-03,-3.642347481087611638e-01,-2.244192074002261950e-01,5.942643125793254377e-01,-2.314794993955326952e-01,-5.862709862998098931e-01,3.016404457020465668e-01,-2.463917178500762140e-01,-6.320887522715067375e-01,1.708332016267240586e-02,-5.912715985858608969e-02,-6.203468939706290319e-01,-3.124614237456123100e-01,-1.010891082562281017e-02,-4.939193267882670546e-01,-7.166097300439566720e-01,-6.749622941303519419e-02,4.494072341702693985e-01,-7.532634397254011072e-01,3.843352957445549806e-02,1.000000000000000000e+00,8.197066309667063941e-03,-2.551593335431641685e-01,7.079241040748631697e-01,5.552951856785648399e-01,-4.606023900080801203e-01,-4.187003672092857176e-01,3.098441303949335812e-01,6.637243966297033948e-01,1.035786650642380735e-01,-1.753149240826587241e-01,3.490940364309673694e-01,7.067394522344945529e-02,-5.400871612995482574e-01,9.890982317350623110e-02,2.097400882363304603e-02,-3.742298727904739275e-01,-4.422731324192413216e-01,1.676620401254136916e-01,-1.444857644510967043e-01,-4.736985796313366581e-01,-1.935277337289944000e-01,7.345314424986426616e-02,-1.846171991514249378e-01,-4.388355971221471474e-01,-3.545860675538718004e-02,-4.314260221401625683e-01,3.727155936784989215e-02,2.689546866181461438e-01,-2.819583691901061950e-01,-3.827899514463473651e-01,2.523259047289203028e-01,4.117202463794505385e-01,1.166823966472753660e-01,4.359811974463625450e-01,5.243938332880673237e-01,3.402707245753930354e-01,4.598720805745127316e-01,2.513694724312221657e-02,-1.611776531837443849e-01,1.397374505695236357e-01,3.272789295666199416e-02
-1.378413514131829887e-01,3.400035972394602757e-01,2.625082121678567471e-01,2.839830112484184044e-01,3.830360070590479310e-02,5.113239619744039399e-02,-2.246428584510125892e-01,-2.327919198566557879e-01,8.186022882756567587e-02,2.793368588307031802e-02,-2.361353599862467678e-01,-1.741232834671671004e-01,1.061482527961161160e-01,-1.515784416647107669e-01,-3.563094037100387745e-01,-1.072027397983723318e-01,-7.839625948562894964e-02,-3.664466449871957021e-01,-1.944694269885315629e-01,-4.285570142514085745e-01,-1.920233282399602948e-01,-2.276905556497163877e-02,-2.423659023711351723e-01,-5.915409334156560561e-01,-7.793917375879910736e-02,-4.150850795942790522e-02,-7.527796203189772717e-01,-2.723480740744948017e-02,-3.980241940513153942e-01,2.939012715439316970e-01,6.489439661230586021e-01,-4.530074052223004299e-01,-4.712007815647052955e-01,-6.402574362941547692e-01,1.382863207002790473e-01,-1.719987509433600348e-01,-8.090390628508955517e-01,-2.184840491716411037e-02,1.674171840631132058e-01,-8.450235206061128546e-01,-3.758847714421796882e-01,6.268475878599528706e-01,7.626259744427270615e-01,8.608353413694607159e-01,4.831728399755148562e-01,-4.640676686449391464e-01,8.197066309667063941e-03,1.000000000000000000e+00,4.882914015034854616e-02,-5.248724890006138954e-01,6.495682393680666245e-01,7.421184713703371516e-01,-2.860871046440834897e-01,-7.012331009362769985e-01,-1.330672304171132414e-01,8.291712979339666001e-01,-2.430997534838929414e-02,9.778624771376859259e-02,2.283800310005919543e-01,1.701917403343473634e-01,5.325162816830623091e-01,3.420923677541633512e-01,-3.383993595215382122e-01,-1.129465723855219324e-02,2.486225439469017529e-01,4.267188939202887221e-01,2.917845161924580433e-01,2.766297889809083213e-03,-4.077137519560263823e-01,-9.024593192687245524e-02,2.591021754312039516e-01,-2.350981682752675828e-02,6.842812106769881331e-02,2.800785938108326101e-01,9.890446163249874689e-02,3.426648696723792048e-02,4.912023347683563412e-01,2.362904900985748624e-01,-1.260728086954379101e-01,-2.106779561018963798e-01,2.028641542517230500e-01,2.996044542045786518e-01,-1.782664656843224379e-02,6.460426253789766649e-02,-2.993752913677820149e-01,-1.207885065370201960e-01,-2.565123215466222906e-01,-2.112770970810052551e-01
2.923059154256850770e-02,3.471198565734734398e-01,3.306243983045861062e-02,4.808542462563473174e-01,1.709208179345409473e-01,4.994467980216494851e-01,-1.301814067139372977e-01,-4.167918943310070512e-01,1.842246004640023249e-01,5.342500834902231821e-01,-2.072893143102184366e-01,-3.518816484821790103e-01,4.612711191597284044e-01,3.914821907798300415e-01,-4.709447233180599213e-01,9.180991731337433646e-04,5.944743811534407563e-01,-1.519825453716046326e-01,-5.765916870897584978e-01,2.995735549907238005e-01,1.273878977351704245e-01,-6.826793333095645400e-01,-2.430514082617289129e-01,1.570571221786232208e-01,-3.796734260570036046e-01,-6.987803609518029591e-01,-1.984156515922372022e-01,-1.470074044918958933e-01,-6.113426385095025450e-01,-4.013700479036468316e-01,5.936088749717476423e-03,-2.450737970631755580e-01,-6.016613949023988939e-01,3.253735365043491923e-01,1.673531895668262659e-01,-7.764002637082235703e-01,-5.157810430744916991e-02,5.316627396605410061e-01,-4.831512822118306238e-01,-4.060077122019865592e-01,7.280069813750456031e-01,1.977979263859006021e-01,-4.851294175141011022e-01,-1.821415450045096029e-01,5.553875252485569458e-01,7.285733838927567207e-01,-2.551593335431641685e-01,4.882914015034854616e-02,1.000000000000000000e+00,3.415009681800949132e-02,-1.210407870025884403e-01,3.452202052152251177e-01,8.135007338825956946e-01,1.587730929058511417e-02,2.431219368580564699e-01,1.896289112686813660e-01,6.733651934987201493e-01,2.051234446650148369e-01,-3.771825479692025168e-02,1.095826225842932294e-01,3.619865838423071414e-01,-4.271078600479912279e-01,-3.411871237462902329e-01,3.339420332817068515e-01,3.341251132211623953e-01,3.229309023426032293e-02,2.504744553376613281e-01,-4.240126019811253921e-01,-2.628187196657030267e-01,4.228762296516735963e-01,1.198263152698760825e-01,-5.190839823053042812e-01,2.044308117488307860e-02,4.312312716626605091e-01,-1.984059324645068290e-01,-4.459911453911235002e-01,3.062492654900934586e-01,3.766333098138584523e-01,1.410785470461109747e-01,2.809523065982906243e-01,3.166412014260198693e-01,-1.861062923803936953e-01,-4.770661464367690341e-01,-1.218303401342664960e-01,-4.707578651658977931e-01,-2.957020180515873009e-01,-5.334924562581814245e-01,-3.867313806446786018e-01
-2.696614716821517654e-01,-4.609958493685049619e-01,-2.730153684826325811e-01,-3.125564082071707883e-02,3.156460064300031787e-01,-4.508802368857292575e-02,-7.782170293218849955e-02,3.419532366555272929e-01,4.331722569574964488e-01,1.095599687678809053e-01,-1.275429621676417158e-01,3.264833189782028189e-01,3.813425479258690798e-01,-1.610699043052182811e-02,8.530200981863668430e-02,6.493116760067775273e-01,1.091615858318335797e-01,-1.412825450195308585e-01,2.924239883312312327e-01,5.560230541655891701e-01,-4.114667101738593291e-01,-2.413362048737549281e-01,6.765579037946315433e-01,2.646050850366841178e-01,-4.308455208816462378e-01,1.486751704434325083e-01,3.503080211215136575e-01,-4.028319517934361715e-01,-2.080588455861157593e-01,2.297615010994393248e-01,-6.439545600900321576e-01,-3.934387926516713097e-01,3.498534382817096167e-01,3.023563369625754116e-01,-6.528558642665419631e-01,-2.133997329348212568e-01,4.615245892264480676e-01,-3.572251937587087034e-01,-6.278469858726504205e-01,3.215240116951244564e-01,1.449280564160200513e-02,-8.599782438736177648e-01,-6.112060738942201032e-01,-1.716769265377697251e-01,-6.998735830894733390e-01,5.072175631194714152e-01,7.079241040748631697e-01,-5.248724890006138954e-01,3.415009681800949132e-02,1.000000000000000000e+00,1.478131320027132323e-01,-7.909960351710279003e-01,1.834843149623823985e-02,7.279310160692918918e-01,7.301017502660022140e-01,-2.992068436497625772e-01,5.979110135787303604e-02,3.327122301060371767e-01,-6.910721784474502249e-02,-5.841837679717387655e-01,-4.957190469608226124e-02,-2.872104808404082887e-01,-2.891750165513484738e-01,-2.858496658551972769e-01,2.023592855718016337e-01,-3.324242695400324576e-01,-5.007411357870401591e-01,-3.394327490168041472e-01,1.376947500145454806e-01,3.747363015552396259e-03,-4.923684478905967499e-01,-2.219181504327376042e-01,-4.683136878677574000e-01,7.772745390618250594e-02,1.652943337921569111e-01,-4.588993402577489777e-01,-5.023748647880807994e-01,2.906717775307612328e-01,5.512745525916054046e-01,3.438456029314401197e-01,4.032032050569873127e-01,2.816529672066809820e-01,2.069385509660651157e-01,4.224777310386216844e-01,-2.524821203123475948e-03,-2.381471766889962371e-01,1.028777949963594618e-01,-2.121151908053862251e-02
-3.569372291370183081e-01,7.320202514024851809e-03,1.300866401822680374e-01,2.522902271485206183e-01,2.633301783841838217e-01,-8.317468717465467676e-02,-3.515882719546927770e-01,3.640467195906547243e-02,4.275185147033523925e-01,6.055097073742242951e-03,-4.201589401557855874e-01,9.918301643943504275e-02,3.531054936290867752e-01,-3.319096718197646623e-01,-3.262876853492491791e-01,3.979226846533270856e-01,-1.541015430780029172e-01,-6.082023059860022229e-01,1.045242314553094243e-01,-1.946259820964574005e-01,-6.180488444915041013e-01,-1.052476046094914935e-01,2.885495294909760644e-01,-5.372102901093418481e-01,-3.150845542044534153e-01,2.237872403537316257e-01,-6.389161968775227685e-01,-5.010480827044397900e-01,-4.125747568055750381e-01,6.498140895926629579e-01,9.997323842810404426e-02,-7.787501877144885620e-01,-7.324919712514099852e-03,-4.912598620272186634e-01,-5.253482678612614309e-01,-1.907503267636988242e-01,-4.222683009739045534e-01,-4.686590990406800938e-01,-2.917252555031584760e-01,-5.416877449192463168e-01,-4.352631655632147600e-01,-1.217780456321184389e-02,4.553851766855235850e-01,8.090529138463785630e-01,-8.207029458867555471e-02,-2.167622363841077149e-01,5.552951856785648399e-01,6.495682393680666245e-01,-1.210407870025884403e-01,1.478131320027132323e-01,1.000000000000000000e+00,1.133566025389602938e-01,-5.136952753529246962e-01,-2.362276577822888524e-01,2.767730254999694606e-01,6.901677198421263260e-01,-1.428795398037154829e-01,3.813883842557661552e-01,3.931159042249400271e-01,-2.514596171825297932e-01,6.314257893517000175e-01,3.065794688068912976e-01,-6.307997455887595084e-01,-2.724785089383450210e-01,4.866484785821519887e-01,3.678470955709623458e-01,-2.208159869457400684e-02,-1.376396319806576507e-01,-4.378986178415534281e-01,-2.413687905424204416e-01,-1.771867367887721562e-02,-7.560441886964273939e-02,-3.056272511570050643e-01,3.657035079382721654e-01,3.869139032868740280e-01,-2.424860452560937685e-01,1.439486652784492116e-01,4.700773274305830585e-01,2.871522456290043768e-01,-1.048336779365867527e-01,4.831227248666453700e-01,5.842591536856882595e-01,1.440239265048999240e-01,3.643612525369038235e-01,-2.718362580526901273e-01,-2.237375767189606901e-01,-2.046413362024027682e-01,-1.746145081959006307e-01
7.317293895836335382e-02,5.235505636589709022e-01,2.732826796121757273e-01,2.933226694773009569e-01,-1.031245752491072309e-01,2.017448276792828399e-01,-1.241749701396658301e-01,-4.210674066533655613e-01,-1.590626249434089756e-01,8.120185055784413797e-02,-9.430902988994942227e-02,-3.557483754415012855e-01,-4.856492765647132254e-02,4.978839319952472336e-02,-3.444059321671697482e-01,-4.560072915089415924e-01,8.089590244104909178e-02,-1.089550490204346939e-01,-4.499019333545448140e-01,-4.115385032908724372e-01,1.958222428107473101e-01,-9.932067011606424134e-02,-5.989486233687992822e-01,-3.754888930346607645e-01,6.639142509842713147e-02,-3.318083131772375238e-01,-5.589995311680405754e-01,1.913121472877849505e-01,-2.897991646783278918e-01,-1.602389301967558077e-01,6.943464845733102742e-01,-4.830909337576431289e-02,-6.502037373609431681e-01,-3.624765034182537704e-01,5.440173040806292049e-01,-2.403311611016259730e-01,-6.765216834953909908e-01,4.216336199157276199e-01,2.907159738294080586e-01,-7.256024451626817973e-01,5.269801439233223056e-02,8.143326735302535146e-01,4.961964606957778301e-01,4.226220625763179584e-01,7.931716386386146178e-01,-2.227608390779541869e-01,-4.606023900080801203e-01,7.421184713703371516e-01,3.452202052152251177e-01,-7.909960351710279003e-01,1.133566025389602938e-01,1.000000000000000000e+00,1.927602897595527276e-01,-7.042119946538515363e-01,-3.986101290707740330e-01,5.788331452578536762e-01,2.172195416107711718e-01,-1.041714306678238888e-01,5.735078834797734115e-02,4.770080230656721376e-01,3.647233758977181384e-01,1.663407374087248480e-01,-6.682533128749110207e-02,2.922258864784625931e-01,4.708952629910485160e-02,3.362255846598111719e-01,5.073569125341109709e-01,1.102980834903212054e-01,-3.061630196109145219e-01,8.603544758316267194e-02,4.556611061335527069e-01,-9.275929726212800430e-03,3.235981228918045072e-01,1.818112508330519128e-01,-1.146558639056702439e-01,1.734264089820197197e-01,6.015402814886925409e-01,2.415824580793829099e-02,-3.477231312273312835e-01,-2.166622050092660012e-01,-4.156856978001501751e-02,-7.639817398577085361e-02,-2.606480717026985472e-01,-2.331546425873777806e-01,-2.664559298320257619e-01,-1.161777742487715009e-02,-3.359622021965213423e-01,-2.002017606316641996e-01
1.394582678410380139e-01,2.912910483758144875e-01,-2.284772059298612046e-02,3.347384710582809730e-01,5.381654217442224941e-02,4.712932035158235444e-01,-3.902105461702969069e-02,-4.037118364755532540e-01,-3.900149193803879519e-03,3.748704065868040947e-01,-5.647383461764594881e-02,-3.134664419975825012e-01,2.249736935057896348e-01,3.873068450873402013e-01,-2.626171806666123820e-01,-1.491825066328522631e-01,5.292329494885191776e-01,8.230227242413240551e-02,-5.029713241207636187e-01,3.368414357604531117e-01,3.339131392082219651e-01,-5.500063296146061598e-01,-3.086271729784577089e-01,3.674617691015288901e-01,-2.167770153379381115e-01,-6.765388839301580415e-01,1.789866379558069376e-01,2.007068328559157358e-02,-3.270557562592500411e-01,-6.512973474989567357e-01,-1.278904982923646239e-01,1.367284369780091824e-01,-4.710209325637403910e-01,5.759154355243659706e-01,3.395719477722100588e-01,-6.321509306348780388e-01,2.533482602154604191e-01,7.312618058091845397e-01,-3.551927357157543264e-01,-7.683530528936366455e-02,7.229695092620103125e-01,1.309131791130391798e-01,-5.969266017999874663e-01,-5.207340352591527388e-01,4.219714927736760712e-01,6.567905377837945924e-01,-4.187003672092857176e-01,-2.860871046440834897e-01,8.135007338825956946e-01,1.834843149623823985e-02,-5.136952753529246962e-01,1.927602897595527276e-01,1.000000000000000000e+00,2.309895801200593513e-01,1.733297749302726773e-02,-2.037339234512679231e-01,6.915175351038115314e-01,2.750413366103937043e-04,-2.477896745586209426e-01,2.281562800318026329e-01,7.215679273138941863e-02,-4.780800730289646583e-01,-3.784333784671047030e-02,4.477929583145103809e-01,8.560737849278070299e-02,-1.389124383147247455e-01,2.575909388971392433e-01,-2.280315779965442491e-01,-1.023853056492714103e-01,3.866701506367660746e-01,1.761835788434428229e-01,-3.597151299461382457e-01,1.705445927776604309e-01,2.666902887339435702e-01,-2.728789852795810433e-01,-2.541144061552795819e-01,2.209792194834453716e-01,1.404879456065649956e-01,1.982389393153976154e-03,2.376919388681188183e-01,4.302502429320540639e-03,-3.785468372002961934e-01,-4.905211920138213277e-01,-2.285220065040969306e-01,-2.556309979643902053e-01,-1.576308641908495123e-01,-3.507806637356780111e-01,-2.340203775799479247e-01
-7.222585314037346937e-02,-3.352588373147449841e-01,-1.968855621936685674e-01,-1.095862162051451927e-01,1.124534855788932586e-01,1.192158882424818739e-02,6.012921390788071238e-03,1.764756651071507365e-01,1.283578331109470616e-01,8.063456450343092774e-02,2.545202260594348412e-02,1.592980762406032980e-01,1.358324714048919635e-01,9.308413867744778913e-02,1.748199145519754860e-01,3.383126324350054226e-01,1.712132133704813153e-01,1.142134830703856463e-01,1.273167503903065434e-01,5.209714451446927352e-01,-1.111540641768765381e-01,-2.396805947674875426e-01,4.065196433738896831e-01,3.491069257748695143e-01,-3.035293666076737673e-01,7.154051108783653079e-02,6.230368833746873225e-01,-3.176894717479195052e-01,2.882436373749923050e-02,6.885233370940644672e-03,-7.140403272512675370e-01,-6.533886578591074912e-02,4.241335140147385330e-01,5.012399051893156043e-01,-4.721085649893601577e-01,-1.452448324422127568e-01,7.467219480675306720e-01,-1.590367959508351969e-01,-5.861286136829163551e-01,5.374158245309172965e-01,1.485981291719374320e-01,-6.304037658151154799e-01,-6.495390852857557684e-01,-4.749502167393422902e-01,-5.457104022869976312e-01,4.151221259428191646e-01,3.098441303949335812e-01,-7.012331009362769985e-01,1.587730929058511417e-02,7.279310160692918918e-01,-2.362276577822888524e-01,-7.042119946538515363e-01,2.309895801200593513e-01,1.000000000000000000e+00,4.101948316912942261e-01,-6.257267399827309839e-01,1.654938719039589501e-01,3.053469898365163138e-01,-2.553616502885081019e-01,-3.620684244530636975e-01,-2.023589842645796277e-01,-3.806697609782823677e-01,-1.734089003815161151e-02,3.304760007348627598e-02,1.221294748151378340e-01,-4.806608937940062831e-01,-3.244394181571771951e-01,-1.977483288347206825e-01,2.235009099640035413e-01,1.238837395846156958e-01,-3.013347343719161575e-01,-1.576591074478110310e-01,-1.770758605788905482e-01,-2.578637576589477842e-02,-6.135754442115741447e-02,-2.767249594961883608e-01,-4.295399401265727057e-01,4.882262524189507485e-02,3.232788600560432268e-01,3.593667481983647272e-01,4.105914434246075995e-02,-5.619434292327421532e-02,1.283228497748010732e-01,2.036486288988271498e-01,8.564756766879089156e-02,-8.041935376680917069e-02,1.539355715719036843e-01,8.079997171903681441e-02
-2.572682699969690012e-01,-2.214222203415660284e-01,-9.261528687991389674e-02,1.297067903182746174e-01,2.727928443843435358e-01,7.719031726439358476e-02,-8.542441975332869253e-02,1.583828346057165604e-01,3.854436197465517244e-01,3.889701313498993840e-01,-1.294168443575060556e-01,5.408611936233023026e-02,4.954405664221196437e-01,1.952458668508845196e-01,-1.457564594628727450e-01,5.256623473314575579e-01,3.534948469013948769e-01,-1.969789360572968551e-01,-3.967189175956158109e-02,5.138690099989662308e-01,-2.815202930288475125e-01,-4.336457583821482498e-01,4.099644137211421735e-01,6.189711355800279341e-02,-4.431736627245569382e-01,-3.527880568234349756e-02,8.701312486351006625e-02,-2.747376215003375366e-01,-4.286549586631812625e-01,3.639121108359620882e-01,-2.552415322974394551e-01,-6.268166013154528038e-01,5.437548149099306199e-02,-5.034180524394783751e-02,-5.222040690332376833e-01,-2.986179077367693835e-01,1.447588130781179289e-02,-3.612867282566797345e-01,-5.179541208312324896e-01,-8.773508839739081744e-02,1.273319167470590360e-02,-5.620954006729844687e-01,-4.104677786844799781e-01,1.476019433080665022e-01,-4.016109001097817877e-01,4.500011628519426377e-01,6.637243966297033948e-01,-1.330672304171132414e-01,2.431219368580564699e-01,7.301017502660022140e-01,2.767730254999694606e-01,-3.986101290707740330e-01,1.733297749302726773e-02,4.101948316912942261e-01,1.000000000000000000e+00,3.966868417116086593e-02,1.675521748438294489e-01,5.400785253947795184e-01,-8.390290265555833127e-02,-4.818127806860066364e-01,1.082033106120429689e-01,-3.925563608739165433e-01,-3.904791951994037169e-01,-1.687275957582753949e-01,3.015127488654703591e-01,-3.364296958030042473e-01,-3.661639745764820320e-01,-5.647237778693547927e-01,5.973083389532266030e-02,2.622001298224233001e-01,-4.410314104286134906e-01,-4.488107014054818489e-01,-3.794509104347181805e-01,1.965761612239462219e-01,-4.412035701509629815e-02,-5.867131380624387438e-01,-3.391525660887207416e-01,3.668590541544521910e-01,4.940365349684782692e-01,4.883837954714206342e-01,5.784441436789139468e-01,2.443799400421105272e-01,1.185602069684353610e-01,3.392879850755059490e-01,-2.367006396627702181e-01,-3.040765348482697417e-01,-8.937961303401804891e-02,-1.139398567814018798e-01
-1.036721247333470264e-01,3.590776805451186826e-01,2.638891820424050239e-01,2.973416034365770622e-01,2.851042322842992777e-02,1.118799880174418254e-01,-1.855106258298951649e-01,-3.014893501340173421e-01,1.106796254936891766e-01,1.679181383928276539e-01,-2.778865899167686782e-01,-2.757265236776148543e-01,2.031853439190972610e-01,-6.150626242360818924e-02,-4.648230120580792990e-01,-3.965986630427058984e-02,4.177808081089857961e-02,-4.428272244463644647e-01,-2.794211895709585725e-01,-3.352986200483889512e-01,-1.963132926216185070e-01,-1.630152619253379120e-01,-2.238211594989887310e-01,-4.938959486989312198e-01,-1.034382878564105018e-01,-1.987068041847301902e-01,-8.640225185540475472e-01,-1.058965399417654413e-01,-4.689962942857283656e-01,3.605961547107349729e-01,5.845147911569417154e-01,-5.892356954206116049e-01,-4.696555977743737120e-01,-6.252484960279954818e-01,1.812273222539673850e-02,-2.405574621298647298e-01,-7.440124664889503636e-01,-7.514935077034771982e-02,1.788358153601181041e-02,-7.836226381085745762e-01,-1.957617455241510707e-01,4.337451624447760112e-01,5.243880493556670741e-01,7.486926174834898084e-01,4.195850354463652732e-01,-1.867499748127600667e-01,1.035786650642380735e-01,8.291712979339666001e-01,1.896289112686813660e-01,-2.992068436497625772e-01,6.901677198421263260e-01,5.788331452578536762e-01,-2.037339234512679231e-01,-6.257267399827309839e-01,3.966868417116086593e-02,1.000000000000000000e+00,1.186605583039488654e-01,2.813640277000298839e-01,2.992856636011719251e-01,1.171795296724772589e-01,6.410383388132396831e-01,1.982519123139391271e-01,-4.461870881221368657e-01,6.311588677046468809e-02,4.015294999876147797e-01,4.421103510905441403e-01,3.359550518288128562e-01,-1.238999315609940061e-01,-4.850467242293132752e-01,2.283620637471623499e-02,2.764336421605630423e-01,-1.630426139879984082e-01,5.466646121077455706e-02,4.099607298830699187e-01,7.664804817611066412e-02,-1.254977408548163254e-01,4.940818685879815875e-01,3.827088620322591228e-01,-2.395948890727088096e-02,-1.228243922560664503e-01,3.522736955518210866e-01,2.992974804321602011e-01,-8.024346742363393237e-02,3.320026382782697433e-02,-4.371950028343788430e-01,-1.998555101386205179e-01,-3.167333823382935121e-01,-2.203123610321033321e-01
3.052006103191653441e-01,2.899667278821504435e-01,-1.523707732360543576e-01,2.863683664197587686e-01,-3.144447426474414331e-02,6.036992263290583693e-01,1.163187659458281564e-01,-5.015756221539020565e-01,-1.035423704909806952e-01,5.594082509472487752e-01,7.613776213131681625e-02,-4.743778160677878386e-01,2.245237810223873198e-01,5.714891791952032563e-01,-2.691130624767712476e-01,-1.039795604017412639e-01,6.375715725140704837e-01,7.066305941842354610e-02,-5.318632956379713006e-01,4.523231477006675605e-01,3.354164897240442533e-01,-6.376968123596393756e-01,-2.305065881510803827e-01,4.059236197624362941e-01,-2.541430739143316631e-01,-8.152073477039100124e-01,-5.423230565647359225e-02,6.792925219670184478e-02,-4.664789823528000534e-01,-2.450224396766196855e-01,8.405714667818214858e-02,-2.388252166347131222e-01,-4.815548109513096975e-01,1.601050282405021841e-01,1.429803821714059897e-01,-5.514636165086868047e-01,4.081791536946696719e-02,4.494075340311310951e-01,-3.912442816335251483e-01,-2.589283624926173588e-01,4.798771510039971933e-01,1.358872705065297393e-01,-3.622326297229291892e-01,-1.669599004229788963e-01,3.217974872347928450e-01,4.769771270270975472e-01,-1.753149240826587241e-01,-2.430997534838929414e-02,6.733651934987201493e-01,5.979110135787303604e-02,-1.428795398037154829e-01,2.172195416107711718e-01,6.915175351038115314e-01,1.654938719039589501e-01,1.675521748438294489e-01,1.186605583039488654e-01,1.000000000000000000e+00,2.315457615218058096e-01,-3.409697368459574385e-01,2.179998308974910870e-01,2.663890658521311794e-01,-7.213521011401612393e-01,-2.293770541904589233e-01,6.745959200151858681e-01,3.361945444812054484e-01,-3.210397810514415973e-01,3.129423906711553682e-01,-4.155717836560928746e-01,-1.715967224458218310e-01,5.906761150831466578e-01,2.181889482425061755e-01,-5.490298433918683330e-01,2.787170779227903239e-01,4.007150929835455178e-01,-4.781352268980054165e-01,-3.685780446479869354e-01,2.590585214798349356e-01,2.317506159907110341e-01,1.056031640124243665e-01,4.295579777439814118e-01,3.780399055738361408e-02,-3.950686669077783097e-01,-5.217042859215320627e-01,-3.626518579683401522e-01,-5.433068985698147335e-01,-3.073586674475913827e-01,-4.485816171219625947e-01,-2.192128153843040661e-01
-5.036318582099614388e-02,1.571003202668392607e-01,2.698369983336241229e-01,1.539774957659705568e-01,-3.626255568815424987e-03,5.613514643318131409e-02,-1.467307150084116163e-01,-2.102883427970360652e-01,4.912146186797506503e-02,4.116030696773133601e-01,-1.611782011795526437e-01,-3.705946348050170869e-01,2.676016984548322819e-01,2.004590121274887893e-01,-3.584863664652025994e-01,1.223412150419050798e-01,3.676671392491114854e-01,-2.401395126630915255e-01,-3.813013261080436811e-01,9.754181783797706562e-02,-7.863234849711786545e-02,-4.197695994672036579e-01,-6.211374099860597631e-02,-2.714733237459510673e-01,-1.673034686744524768e-01,-8.367401959075346229e-02,-2.362479997328328640e-01,-4.457089446982538949e-01,-2.491505271607919736e-01,5.369768271022040684e-01,-9.346702765239499333e-02,-6.455524323404366882e-01,1.101488409053315298e-01,-2.673535482775480365e-01,-5.182754056104219575e-01,-2.082125681072855561e-01,-3.583279095075558862e-02,-3.652790466123391755e-01,-4.546735974177198436e-01,-1.484599416132907357e-01,5.894566239058808728e-04,-1.952616291598503473e-01,-9.741427156357218564e-02,2.405383475970532536e-01,-8.175830579583133473e-02,1.875780119215597896e-01,3.490940364309673694e-01,9.778624771376859259e-02,2.051234446650148369e-01,3.327122301060371767e-01,3.813883842557661552e-01,-1.041714306678238888e-01,2.750413366103937043e-04,3.053469898365163138e-01,5.400785253947795184e-01,2.813640277000298839e-01,2.315457615218058096e-01,1.000000000000000000e+00,7.593917547355177877e-02,-2.451698562471931742e-01,4.821800193398623202e-01,-2.495995361922536959e-01,-4.755096828184672275e-01,2.307286298756940079e-01,6.397810765326266136e-01,-7.347883700081409009e-02,8.451224348948986609e-02,-3.719943420775940757e-01,-1.908432481491384169e-01,3.371432448939966631e-01,2.972044798780942507e-02,-3.716824969630493358e-01,4.534306712874627832e-02,3.847374876783515862e-01,-1.714939661640858259e-01,-3.847637196942720328e-01,5.335784383364161609e-02,3.054642268764655166e-01,2.221280965803072160e-01,2.964980487378982565e-01,3.017021450934149196e-01,2.083981238941385455e-02,-1.301685827824641262e-01,6.733856729794016061e-02,-3.547583953846005222e-01,-1.812076624436175787e-01,-2.411956001292633600e-01,-4.319251914164785183e-02
2.575337979664287652e-02,3.679930639401980952e-01,4.357077772378512015e-01,6.308419929286225580e-02,-2.560732330541438673e-01,-1.271134179627027294e-01,-8.887499415509074463e-02,-2.296486850295854920e-01,6.650284088780666902e-02,-8.180599188577571124e-02,-4.347407165504252324e-01,-1.892646376562238386e-01,7.405736654215069881e-02,-3.493522379527748689e-01,-4.099465710478200076e-01,-8.608998057736871878e-02,-1.583890045822693993e-01,-4.335143937116759938e-01,-1.233450971327303830e-01,-4.495757943074891183e-01,-1.809525152850840479e-01,3.434042862328075957e-02,-1.535892879352810936e-01,-2.468184491614505705e-01,2.863101243818679253e-01,1.048748958456580116e-01,-5.474338220671657318e-01,-5.086612387876336960e-01,1.274009250832176809e-01,3.468935569897310667e-01,-1.642099827990952388e-01,-1.646122672780298557e-01,3.102591674578947800e-01,-1.323572297391034103e-01,-3.550990607740082683e-01,1.045088832258269790e-01,-7.799413191282306146e-02,-3.030754214824090687e-01,-1.966580330653560152e-02,-7.935668668940316917e-02,-7.242668989656014800e-02,2.160806554452734951e-02,1.558871343473523796e-01,1.892819280418902572e-01,4.124650972556201389e-02,-6.811819038963681794e-02,7.067394522344945529e-02,2.283800310005919543e-01,-3.771825479692025168e-02,-6.910721784474502249e-02,3.931159042249400271e-01,5.735078834797734115e-02,-2.477896745586209426e-01,-2.553616502885081019e-01,-8.390290265555833127e-02,2.992856636011719251e-01,-3.409697368459574385e-01,7.593917547355177877e-02,1.000000000000000000e+00,2.056086477206056362e-01,3.492770625676351326e-01,5.373327006222730073e-01,-6.899603867207503016e-02,-1.224189010420091289e-01,1.307411678298467383e-01,6.721729413494115235e-01,3.855805548607760258e-01,2.023859126521653229e-01,-4.759508837098436751e-01,-1.996493121363874246e-01,3.847662702111578903e-01,1.285802593320448106e-01,1.082584619752795796e-01,2.765654840357101296e-01,2.880904970246004893e-01,6.758677574372695673e-02,3.055096018545668812e-01,1.702260002730541788e-01,-2.644844175915192497e-01,-3.890969769968184444e-01,1.569450298353846363e-01,2.219084918997939193e-01,-1.687050000806383093e-02,-1.075526032491892076e-01,3.911550097399599940e-02,3.371611077927703093e-01,-1.477292509749203731e-01,1.498094967353815199e-01
3.474208998014710059e-01,6.266212105746982175e-01,4.658253575712081318e-01,-4.170893168973013052e-04,-5.208690915791869269e-01,5.932257572745843616e-02,1.043102099224528234e-01,-5.444748703326264261e-01,-4.982811014595533994e-01,-1.149283728671233462e-01,-3.213562871189015735e-02,-5.003135000457100690e-01,-3.977761210547880455e-01,-3.705048975231384212e-02,-2.487892231221049966e-01,-7.421961127921096191e-01,-1.422057593099961686e-02,4.818397793633252130e-02,-4.446592958596422562e-01,-4.719471404343443810e-01,4.975075978436317437e-01,5.318833672831168452e-02,-7.375107703804082426e-01,-4.181383497079360634e-02,5.303435496151207573e-01,-3.421379041597619186e-01,-1.889478465642982219e-01,2.253032925410783649e-01,2.329961717012918598e-01,-1.656514100200378314e-01,3.224870673808151733e-01,3.020764947170068160e-01,-1.560642216891370004e-01,-1.223265264115430129e-01,4.261008705909449246e-01,1.182168892125816800e-01,-1.773793396685473811e-01,3.579728098149451698e-01,3.773812226462082697e-01,-1.516167966287577940e-01,1.142534568836342385e-01,5.188192527501299667e-01,1.946340125065616766e-01,-9.700099477606528853e-02,4.268747073763172750e-01,-2.120678695983976292e-01,-5.400871612995482574e-01,1.701917403343473634e-01,1.095826225842932294e-01,-5.841837679717387655e-01,-2.514596171825297932e-01,4.770080230656721376e-01,2.281562800318026329e-01,-3.620684244530636975e-01,-4.818127806860066364e-01,1.171795296724772589e-01,2.179998308974910870e-01,-2.451698562471931742e-01,2.056086477206056362e-01,1.000000000000000000e+00,5.432846242949683491e-02,5.281136770953617082e-02,4.590683742804423928e-01,6.201134375832982881e-01,-3.475593771116445296e-01,2.023632267075309576e-01,7.324088613616112076e-01,4.459635057449579110e-01,-3.348242540017202784e-01,2.363029425387031673e-02,7.592063585682807814e-01,2.312142227926363702e-01,6.937563077881911955e-01,1.009591898587849507e-01,-2.203702368236379050e-01,4.320536671261926420e-01,5.317578308948738286e-01,-2.057837001232083185e-01,-7.089551246178750210e-01,-3.417781559341331876e-01,-4.328498397207045101e-01,-3.446836102242031852e-01,-2.559839385558386748e-01,-5.834641655479373412e-01,2.553880732804540005e-02,4.170790442463035985e-01,-9.183070264032881791e-02,1.975511178957237712e-01
-2.671860942065770739e-01,4.413385386318677828e-01,3.724429411415530189e-01,5.973247628158244726e-01,2.448136245909197373e-01,2.243742852169249569e-01,-5.298620993683271774e-01,-4.265386700228750994e-01,3.855629162694811929e-01,2.739579758850086977e-01,-6.211179371470002541e-01,-2.949108528434605803e-01,5.056233646655482472e-01,-1.693247597360589551e-01,-7.380097282730565533e-01,1.288629847749797608e-01,1.959938035098318376e-01,-7.124826823295590250e-01,-4.087939286743580980e-01,-2.217640395167971845e-01,-3.660955575574824095e-01,-4.893881907198097125e-01,-1.457389697865608125e-01,-4.802752571363406719e-01,-3.451316644357429464e-01,-1.746418503531784461e-01,-6.579000538419303989e-01,-5.649913713911225432e-01,-4.687804335888240415e-01,2.570370992778167052e-01,6.076793304852277228e-02,-6.052323357434457041e-01,-2.468305746093877873e-01,-1.723765803661931328e-01,-2.676874096385464807e-01,-5.039599808990720131e-01,-2.790119827751830206e-01,2.041727106704364914e-02,-3.983717679591700089e-01,-5.973020159833051235e-01,5.335758122870467440e-02,2.439851438379314341e-01,1.858686772327488579e-01,4.553742395806935073e-01,3.311344176726647159e-01,1.009777192802860935e-01,9.890982317350623110e-02,5.325162816830623091e-01,3.619865838423071414e-01,-4.957190469608226124e-02,6.314257893517000175e-01,3.647233758977181384e-01,7.215679273138941863e-02,-2.023589842645796277e-01,1.082033106120429689e-01,6.410383388132396831e-01,2.663890658521311794e-01,4.821800193398623202e-01,3.492770625676351326e-01,5.432846242949683491e-02,1.000000000000000000e+00,7.659067777945346989e-02,-7.904607056328217807e-01,2.068946250093432471e-01,7.194490412705982774e-01,4.420502990894465412e-01,3.911084580015704582e-01,-1.958669306668773258e-01,-7.186410930852402679e-01,-7.661802108627008973e-03,3.491490485546364653e-01,-2.784022251621043886e-01,-7.122726539207092922e-02,7.090605984098744541e-01,2.702272831382304119e-01,-3.644421395954326459e-01,5.117118973607507337e-01,6.286385024001612809e-01,1.753987428775575785e-01,-8.562472890574386597e-02,4.449964512562943342e-01,3.068409553837241899e-01,-3.196487740471483097e-01,1.287869648972829462e-01,-5.217040437981168566e-01,-3.139185974658194600e-01,-5.908156061410878568e-01,-3.995169372113465123e-01
-2.795321227482574500e-01,9.102206779671136172e-02,3.821929182471641151e-01,-7.228399225178708254e-02,-5.638785277903426291e-02,-5.337017762686950828e-01,-2.641524507253648624e-01,1.901272224246921272e-01,1.088181777243671933e-01,-6.070897945787796512e-01,-3.458845137513537060e-01,2.570124545778588177e-01,-1.937706683699025323e-01,-7.066141719506964236e-01,-3.105077865414557214e-02,-8.990579696350931016e-02,-6.275492711237652399e-01,-3.036933155606736934e-01,2.993181617166451591e-01,-7.120422119042403297e-01,-3.325740164510714858e-01,5.471228116684375697e-01,-3.375918858625001628e-02,-5.562165349696616135e-01,2.621157884206668509e-01,5.717082847112627819e-01,-2.942885430429382221e-01,-2.143994225544738896e-01,1.936199025856604750e-01,2.038076688286942495e-01,6.824053634347675146e-02,8.161165259754352141e-02,2.222627855541922659e-01,-2.171094586648462388e-01,-5.290511341226710601e-02,2.804952897573897430e-01,-2.192927255434042322e-01,-2.094858109188741102e-01,3.132389216577767810e-01,-1.002572990950139631e-01,-4.474433765788211059e-01,1.758148049044324923e-01,5.206787814879676457e-01,3.492568039276406910e-01,6.194980947962791702e-03,-4.941704587997623466e-01,2.097400882363304603e-02,3.420923677541633512e-01,-4.271078600479912279e-01,-2.872104808404082887e-01,3.065794688068912976e-01,1.663407374087248480e-01,-4.780800730289646583e-01,-3.806697609782823677e-01,-3.925563608739165433e-01,1.982519123139391271e-01,-7.213521011401612393e-01,-2.495995361922536959e-01,5.373327006222730073e-01,5.281136770953617082e-02,7.659067777945346989e-02,1.000000000000000000e+00,8.771877381197661083e-02,-5.395107492710664587e-01,-2.301035948471661097e-01,6.903007857177754225e-01,7.179858031163031951e-02,5.594998293444106707e-01,-2.118179226351691868e-01,-6.673719032294784803e-01,1.745676035805205362e-01,5.804172037695081166e-01,-8.938140125588625584e-02,-1.213282549821155104e-01,5.741470456762332031e-01,4.447360124101945589e-01,1.500168369127940771e-01,-1.044560947739560514e-01,-2.991692120754159134e-01,-6.760351772244576063e-01,-4.255879734480205734e-02,4.663128734005707599e-01,3.173058165934828923e-01,2.422839359667573467e-01,4.448542387929311226e-01,4.205581545772950625e-01,1.847066457512690218e-01,1.891069743691952409e-01
4.202772869454851623e-01,-1.909846617368617452e-02,2.530994214857099772e-02,-6.037059212962520016e-01,-5.955991496830117526e-01,-2.424761578586560329e-01,5.126848540139455901e-01,6.325997830810443923e-02,-6.596449316091054227e-01,-3.618775263389008012e-01,4.880083270919904903e-01,-4.426643448628785060e-02,-7.197389822105429991e-01,3.798767396719137518e-02,4.913161928580550009e-01,-5.382277506509571818e-01,-2.781202813901085813e-01,6.032278480615707039e-01,1.352266525660166807e-01,-1.922837679400255795e-01,5.495413399570426849e-01,5.357632162244210239e-01,-3.009973891080343078e-01,3.062441643713036399e-01,6.503759662484858151e-01,5.859582649630696444e-02,3.988979769738789649e-01,5.300973177171142137e-01,5.988011787335865144e-01,-2.051251883121610053e-01,1.034213728639894053e-01,6.698183321468466067e-01,2.330508218076657867e-01,1.498004259099280748e-02,3.851606040963380106e-01,5.801845637984338611e-01,1.464409603819044337e-01,5.718481734934741795e-02,5.704992020837600375e-01,4.600184836887539763e-01,-5.457855065986796234e-02,8.177199018023885435e-02,5.050806262940216174e-03,-4.104192826379734482e-01,-6.309433820822872574e-02,-2.678101794185870355e-01,-3.742298727904739275e-01,-3.383993595215382122e-01,-3.411871237462902329e-01,-2.891750165513484738e-01,-6.307997455887595084e-01,-6.682533128749110207e-02,-3.784333784671047030e-02,-1.734089003815161151e-02,-3.904791951994037169e-01,-4.461870881221368657e-01,-2.293770541904589233e-01,-4.755096828184672275e-01,-6.899603867207503016e-02,4.590683742804423928e-01,-7.904607056328217807e-01,8.771877381197661083e-02,1.000000000000000000e+00,1.541191335800032314e-01,-7.827693155314497941e-01,-1.886220335967644657e-01,1.317086849349139444e-01,4.876980945048424720e-01,4.022511050649513753e-01,-8.885034871306785390e-03,1.908046529731191598e-01,4.299328069770000926e-01,4.906564069616290436e-01,-5.685448522581749708e-01,-3.337503943955885122e-01,6.284406263602461129e-01,-9.720549559777848236e-02,-6.758920888274341232e-01,-6.072042533304875533e-01,-1.976688535618944809e-01,-6.320073507535592938e-01,-4.170628019986414303e-01,2.368558492746286881e-01,-4.148282878702011511e-01,4.997419946579672589e-01,5.842796872836826250e-01,5.504750437169525501e-01,5.510575198809066766e-01
5.042096234482513761e-01,5.403303832056282063e-01,2.185353946706264927e-01,6.754891039726705626e-02,-4.494527671477404618e-01,4.337282607416659830e-01,1.991492171647626375e-01,-6.931415420011053374e-01,-5.111861803004601468e-01,3.776875600798350052e-01,1.315634703441513897e-01,-7.193142502795428772e-01,-1.692165465182791650e-01,4.290379383705319460e-01,-2.818428893253170364e-01,-5.264197796203993196e-01,4.500161584642452528e-01,1.593223351350301353e-01,-6.506564802277046144e-01,2.217430761980232479e-02,5.969614814451886797e-01,-3.679765451586659575e-01,-6.250113770280542047e-01,2.261151028421460041e-01,2.351236227000817469e-01,-6.270961434084656450e-01,-6.979859007584898745e-02,1.448624068444459845e-01,5.706129561470497241e-02,-1.211630103968190791e-01,1.726200689560134227e-01,6.430803008875089766e-02,-1.912408543848569675e-01,-1.442754500066008652e-02,2.299649875846149771e-01,-1.192936873829104488e-01,5.256961307621453583e-02,3.340451983736781316e-01,-1.739423549703227392e-02,-7.617938985715513867e-02,3.194829931011444191e-01,3.469082336641220454e-01,-1.074652935282951749e-01,-2.306900565114399226e-01,3.609339100243210696e-01,8.889855446670179295e-02,-4.422731324192413216e-01,-1.129465723855219324e-02,3.339420332817068515e-01,-2.858496658551972769e-01,-2.724785089383450210e-01,2.922258864784625931e-01,4.477929583145103809e-01,3.304760007348627598e-02,-1.687275957582753949e-01,6.311588677046468809e-02,6.745959200151858681e-01,2.307286298756940079e-01,-1.224189010420091289e-01,6.201134375832982881e-01,2.068946250093432471e-01,-5.395107492710664587e-01,1.541191335800032314e-01,1.000000000000000000e+00,1.779917562632888639e-01,-2.303468853724815468e-01,6.671130385965567955e-01,-6.906134239321988499e-02,-2.446379488604464580e-01,5.575415522242381794e-01,6.162905651383726591e-01,-2.905041089211473082e-01,6.860371011390200557e-01,3.136895342351017635e-01,-5.932885893068954308e-01,1.902755642171789600e-03,4.562362546823912068e-01,-2.607889010145965011e-02,-3.407192062409257760e-01,2.000405962727395681e-01,-3.224966308468225629e-01,-5.980489329284448541e-01,-4.669931537112876896e-01,-6.456229650772773443e-01,-3.903222271806611188e-01,4.333204788379447364e-02,-2.567989530795567465e-01,6.974285082930530011e-02
-1.134620966134946146e-01,1.778007575120200412e-01,4.469495772054579014e-02,4.575878552544357381e-01,2.735931334943926818e-01,4.030854082939510086e-01,-3.026488028689676146e-01,-3.451466858548531413e-01,3.068798701277869467e-01,5.527914403656546405e-01,-3.052689549592016438e-01,-3.108106970990450746e-01,5.493836164312034809e-01,2.145255411318329475e-01,-4.883331788455977374e-01,3.267865165611197886e-01,4.343499977181949911e-01,-4.169754582020361866e-01,-3.451742020095810437e-01,2.248028956192714423e-01,-2.817949672774123226e-01,-6.008235236282049030e-01,9.998342322105682745e-02,-1.831968705894301552e-01,-4.669470454376679625e-01,-2.126848292389542094e-01,-4.012585547978974043e-01,-4.828052839816138198e-01,-4.241911976309551968e-01,2.669829186060690418e-01,-1.065555894946616095e-01,-6.068735960083730951e-01,-1.253773746913788290e-01,-5.395272438913319840e-02,-4.042901558188354838e-01,-4.576488398355912923e-01,-7.695519311321540219e-03,-1.083097362632373106e-01,-5.705369282101464545e-01,-3.060039687886216830e-01,1.307054373938596192e-01,1.295093749225384797e-02,-3.100595421289626882e-02,2.435226522201334731e-01,1.554228209611346334e-01,2.465531806357002254e-01,1.676620401254136916e-01,2.486225439469017529e-01,3.341251132211623953e-01,2.023592855718016337e-01,4.866484785821519887e-01,4.708952629910485160e-02,8.560737849278070299e-02,1.221294748151378340e-01,3.015127488654703591e-01,4.015294999876147797e-01,3.361945444812054484e-01,6.397810765326266136e-01,1.307411678298467383e-01,-3.475593771116445296e-01,7.194490412705982774e-01,-2.301035948471661097e-01,-7.827693155314497941e-01,1.779917562632888639e-01,1.000000000000000000e+00,1.593631773964638565e-01,1.292195494567482950e-01,-5.755645028914010419e-01,-4.276926464707035414e-01,3.560730579316467859e-01,3.132690538028101018e-02,-6.005005785635966209e-01,-1.761130549182764182e-01,6.541050927562380712e-01,-1.674452530583217004e-03,-6.378624810930784150e-01,2.158564507161279955e-01,6.255236317568780846e-01,5.013449041918778271e-01,3.523202651835186661e-01,4.586718116124238187e-01,6.806768401896287624e-02,-3.276603131033831162e-01,1.234593537713574302e-01,-6.409150504517989733e-01,-4.912443046756491127e-01,-5.142843633260043568e-01,-3.627235559579681801e-01
-2.003984180156855310e-01,4.192396722430026812e-01,5.146579430933201360e-01,3.025133078544607890e-01,2.451492210533030500e-02,-1.568254280766221143e-01,-4.043396819533093267e-01,-2.547302846787702912e-01,1.775164646890983744e-01,-1.885702304478531488e-01,-5.486103349065003520e-01,-1.339584858852716498e-01,1.058049592394312149e-01,-4.536470131542746365e-01,-4.624579106658157635e-01,-1.294519159706532530e-01,-2.314968847464006219e-01,-5.059764624497871122e-01,-1.389182204790278818e-01,-6.198489561278996973e-01,-2.443056784572203710e-01,9.480356065286699163e-02,-2.567265123129004456e-01,-4.944960723541574898e-01,1.537690691778201835e-01,1.247858866573853115e-01,-5.864694614371929182e-01,-3.322438895148228100e-01,-4.115520778370534982e-02,7.000887109492552607e-02,1.208700133421575368e-01,-6.742683297107153473e-02,-6.567977498467263142e-02,-1.285279305110234860e-01,8.964503503872959383e-03,-4.494750851782312179e-02,-2.855094799390361371e-01,3.434823861823317614e-02,1.099716001389951237e-01,-3.087420606753321084e-01,-6.324812464970966386e-02,3.142343484000571507e-01,3.707839943348252287e-01,2.851835391301410505e-01,3.402161503619884897e-01,-1.722784954283437253e-01,-1.444857644510967043e-01,4.267188939202887221e-01,3.229309023426032293e-02,-3.324242695400324576e-01,3.678470955709623458e-01,3.362255846598111719e-01,-1.389124383147247455e-01,-4.806608937940062831e-01,-3.364296958030042473e-01,4.421103510905441403e-01,-3.210397810514415973e-01,-7.347883700081409009e-02,6.721729413494115235e-01,2.023632267075309576e-01,4.420502990894465412e-01,6.903007857177754225e-01,-1.886220335967644657e-01,-2.303468853724815468e-01,1.593631773964638565e-01,1.000000000000000000e+00,4.395166039442511274e-01,2.849578511676385539e-01,-6.508700301853059811e-01,-4.069143198067926015e-01,4.483172108751043994e-01,2.109621079986630232e-01,7.245570623413225345e-03,3.654243346370264489e-01,4.895154244661507059e-01,1.196959942485170819e-01,5.167036425937662214e-01,2.947323741088702098e-01,-2.146929039480830470e-01,-5.570345099186109206e-01,1.729185440870408264e-01,2.528747328541885442e-01,-1.813793146314386651e-01,3.503175418986764766e-02,-2.008998504543011224e-02,2.012072595333979086e-01,-2.456105667452448960e-01,-6.527228462981472801e-02
3.275053936749850458e-01,8.161565636753568276e-01,5.772913867829295720e-01,2.145526379071721890e-01,-4.907808962053455959e-01,2.755319050187456931e-01,-4.860270514458993329e-02,-8.159934561334791780e-01,-3.743545679488929356e-01,1.717970452409161020e-01,-2.578873032091199002e-01,-7.464287219434828646e-01,-1.196185033654304369e-01,2.363115757074626608e-02,-5.642881574783490395e-01,-5.906918579823625670e-01,1.966800110405959312e-01,-2.086843243227123890e-01,-6.529322282586931259e-01,-4.447830655993992854e-01,3.642081128939119727e-01,-1.997241680257331731e-01,-7.349817288939743953e-01,-1.363582657730257330e-01,3.803153370096072350e-01,-4.299937296675896414e-01,-4.574393215136012270e-01,-5.774193440320229270e-02,6.342362040065045725e-02,-2.332620425366891889e-02,2.460111820235611479e-01,3.873599251995452075e-02,-1.673554873848147051e-01,-1.409272342545862255e-01,2.118237477916392608e-01,-6.753030265409218358e-02,-1.807384411873322605e-01,2.823004056618584889e-01,1.336568026762263994e-01,-2.767737899465215201e-01,1.587796875487674231e-01,5.246722906306763301e-01,1.964596695711496310e-01,1.616531386843638590e-02,5.162182642411783373e-01,-1.002898513905931543e-01,-4.736985796313366581e-01,2.917845161924580433e-01,2.504744553376613281e-01,-5.007411357870401591e-01,-2.208159869457400684e-02,5.073569125341109709e-01,2.575909388971392433e-01,-3.244394181571771951e-01,-3.661639745764820320e-01,3.359550518288128562e-01,3.129423906711553682e-01,8.451224348948986609e-02,3.855805548607760258e-01,7.324088613616112076e-01,3.911084580015704582e-01,7.179858031163031951e-02,1.317086849349139444e-01,6.671130385965567955e-01,1.292195494567482950e-01,4.395166039442511274e-01,1.000000000000000000e+00,1.730027438644984872e-01,-6.757423223941966262e-01,2.557781482305450105e-01,9.488013581371262939e-01,-1.014838006348765254e-01,7.311526489524871053e-01,5.040657724814456842e-01,-2.733024858502206555e-01,1.505106683962390002e-01,8.084705117213671910e-01,1.057265806704826699e-01,-5.674500376396949264e-01,-2.060465722446802317e-01,-2.177319467900573347e-01,-3.348566273550755423e-01,-4.355267944877713182e-01,-5.926627856481728740e-01,-3.267223375802630891e-01,2.938075604939460184e-01,-3.475757078167807101e-01,1.174207625980862174e-01
2.571086021962525753e-02,-1.937668057968518470e-03,2.761784200145601664e-01,-4.113779723662884247e-01,-3.259800365916484810e-01,-6.114020126058857807e-01,1.305546067365993476e-02,2.081509039280054207e-01,-3.268787124435226232e-01,-7.914829264652775143e-01,3.906149524794424316e-02,2.304153186400454967e-01,-6.609272878441098120e-01,-5.625894404842747276e-01,2.882419867019929693e-01,-4.308678561831696952e-01,-6.697194903250566211e-01,9.322214772055099907e-02,2.882637521645939338e-01,-6.702991188230653652e-01,5.421766167796032015e-02,6.602775002514421621e-01,-2.210542763171300384e-01,-2.551965822680581364e-01,5.445793220747621177e-01,3.854770312541516142e-01,4.304174406501447975e-02,6.591446174363163601e-02,4.789566368723270351e-01,1.566270475106804061e-02,6.450193589393667104e-02,4.006090742053760589e-01,2.728909066110856707e-01,-1.027568740629076910e-01,1.616755724461555743e-01,4.300405995462250885e-01,-1.904127979314238286e-02,-1.976575960512687649e-02,4.540179864697741485e-01,1.764627130563227453e-01,-2.616876123784837582e-01,1.330233746116950833e-01,2.951877826224438839e-01,-3.566192784658197418e-02,-2.710660895250419436e-02,-4.258927308415493274e-01,-1.935277337289944000e-01,2.766297889809083213e-03,-4.240126019811253921e-01,-3.394327490168041472e-01,-1.376396319806576507e-01,1.102980834903212054e-01,-2.280315779965442491e-01,-1.977483288347206825e-01,-5.647237778693547927e-01,-1.238999315609940061e-01,-4.155717836560928746e-01,-3.719943420775940757e-01,2.023859126521653229e-01,4.459635057449579110e-01,-1.958669306668773258e-01,5.594998293444106707e-01,4.876980945048424720e-01,-6.906134239321988499e-02,-5.755645028914010419e-01,2.849578511676385539e-01,1.730027438644984872e-01,1.000000000000000000e+00,5.032890682667658100e-02,-7.000492051924782633e-01,3.847697609377107031e-01,9.328496774680877790e-01,3.032451073661804886e-01,-4.677014445634753437e-01,3.572880697072514100e-01,8.736506125395366862e-01,2.594868370108396535e-02,-5.488091402557643272e-01,-6.245983501137868377e-01,-8.100157011719426592e-01,-5.546344956723820996e-01,1.985312876026138276e-02,2.564555118631052788e-01,-1.253927243155539550e-01,6.790693578905121486e-01,6.202596701643612320e-01,4.690356367750306288e-01,4.485171190263241847e-01
2.074950874266461853e-01,-6.270347841399758204e-01,-5.757200868522206472e-01,-5.812998025813135294e-01,-4.942901136097273274e-02,-2.413839038633213696e-01,5.215627202690399367e-01,6.292512451139703478e-01,-2.701396334815402422e-01,-1.621908497192327547e-01,7.344982752369709766e-01,4.156330420092765321e-01,-3.933181712227252769e-01,3.047862566368734205e-01,7.864626019256579781e-01,1.000547323185132891e-02,-1.415159029791444312e-01,7.137393778096675634e-01,4.457892838201836794e-01,3.370058107019550109e-01,2.331266377426617076e-01,3.845388913997637714e-01,2.855735418178063645e-01,3.788439201618259422e-01,1.136384651594821715e-01,1.937849524664848611e-01,5.598923304785060617e-01,4.602485584806901286e-01,2.843773590103005899e-01,-1.079414949475215046e-01,-1.456337203967983732e-02,3.430381636579584725e-01,1.710823238195544882e-01,4.803733449353467938e-02,1.294456738842888477e-01,3.725523961204275092e-01,1.728223644646917079e-01,-1.535937820918100161e-01,2.403979668101522693e-01,4.618885886955408360e-01,-3.868738793766075823e-02,-3.002773033626690014e-01,-1.957972489528140569e-01,-2.768663447319599791e-01,-3.209100984695207326e-01,-7.335507812344910748e-05,7.345314424986426616e-02,-4.077137519560263823e-01,-2.628187196657030267e-01,1.376947500145454806e-01,-4.378986178415534281e-01,-3.061630196109145219e-01,-1.023853056492714103e-01,2.235009099640035413e-01,5.973083389532266030e-02,-4.850467242293132752e-01,-1.715967224458218310e-01,-1.908432481491384169e-01,-4.759508837098436751e-01,-3.348242540017202784e-01,-7.186410930852402679e-01,-2.118179226351691868e-01,4.022511050649513753e-01,-2.446379488604464580e-01,-4.276926464707035414e-01,-6.508700301853059811e-01,-6.757423223941966262e-01,5.032890682667658100e-02,1.000000000000000000e+00,7.918787359516839264e-02,-6.503371861370756957e-01,2.146946227259559636e-01,-1.288338830886519570e-01,-8.147648389331082486e-01,-2.679706351180259905e-01,2.566469307588485349e-01,-7.038367762232299318e-01,-6.459904881603657500e-01,8.443814305550888244e-02,1.889878072413002652e-01,-2.928670509242951026e-01,-2.008611751215917673e-01,3.355881938477112691e-01,3.873678387330285744e-02,4.551282376011694386e-01,2.747699206911818556e-02,5.070614808292646103e-01,1.943823418737394559e-01
4.727551402313820983e-01,2.676135797218259227e-01,-1.523267362896993937e-01,8.088298818990312389e-02,-2.391896539667796584e-01,6.194191273196867353e-01,3.686824216270344623e-01,-4.783759909751676420e-01,-3.026477723598313130e-01,7.642616088605067581e-01,3.149793336994305970e-01,-6.174478440354292941e-01,1.564370045917367336e-01,7.955347863395255681e-01,-1.657980875014048172e-01,-1.517026722524502380e-01,7.068758984731741135e-01,2.863086375301924225e-01,-5.428312843152588441e-01,4.935174633478042749e-01,4.957926638626187765e-01,-5.158443016712086493e-01,-2.606290608885750704e-01,4.389978552705431913e-01,-4.283777449667120624e-02,-6.346938968409006065e-01,1.245763033690294470e-03,2.222214752068929489e-01,-1.555007678871585808e-01,-7.074407640985856671e-02,1.202281282682027413e-01,-9.937085422376194799e-02,-2.268641917450953671e-01,-7.616536650230361881e-03,9.261169441680693060e-02,-1.613583747075135189e-01,2.635445792277984339e-02,1.257371080402732710e-01,-1.494024213280383817e-01,-2.409759667217694842e-02,3.628201715230071622e-01,8.874974925658155045e-02,-2.808470714441653193e-01,-1.955448244668080426e-01,2.194340540475960277e-01,3.193027423871130366e-01,-1.846171991514249378e-01,-9.024593192687245524e-02,4.228762296516735963e-01,3.747363015552396259e-03,-2.413687905424204416e-01,8.603544758316267194e-02,3.866701506367660746e-01,1.238837395846156958e-01,2.622001298224233001e-01,2.283620637471623499e-02,5.906761150831466578e-01,3.371432448939966631e-01,-1.996493121363874246e-01,2.363029425387031673e-02,-7.661802108627008973e-03,-6.673719032294784803e-01,-8.885034871306785390e-03,5.575415522242381794e-01,3.560730579316467859e-01,-4.069143198067926015e-01,2.557781482305450105e-01,-7.000492051924782633e-01,7.918787359516839264e-02,1.000000000000000000e+00,6.444969553783970462e-02,-7.934101607180625848e-01,3.515723245647058848e-01,2.859680029682037383e-01,-8.272164810421345216e-01,-4.688272285988950849e-01,1.539831790454020688e-01,9.870942511407990172e-02,1.073806972403816146e-01,7.198862816970477141e-01,5.683993375574009771e-02,-5.332379827216071622e-01,-3.838422645645711007e-01,-4.433567006197689508e-01,-5.775065929462461778e-01,-2.433763726001748062e-01,-3.418308780153658799e-01,-9.573596690991477420e-02
2.797732924392243858e-01,7.433875880723610496e-01,6.071248610954601554e-01,1.151848322721010093e-01,-5.135746317868263855e-01,1.078085704077514639e-01,-7.667026223797507312e-02,-7.089658375180729610e-01,-3.987523515525281947e-01,-3.331009940742374331e-02,-2.589331110064565511e-01,-6.310484947518675281e-01,-2.493319151707697467e-01,-1.378694461650642189e-01,-4.652544957556012384e-01,-6.050121374962277310e-01,3.060820512527580653e-02,-2.095865823202549827e-01,-5.300668109645506609e-01,-5.516215366664539710e-01,3.157152437031352510e-01,-5.169964422365892071e-02,-6.986405490182409084e-01,-1.930090657146892597e-01,4.474936889570265142e-01,-2.978647484996672645e-01,-3.984546522403265567e-01,-7.601442081817630370e-02,1.524340078848379909e-01,1.517980286678696084e-02,2.094111381451525533e-01,8.556517203688432383e-02,-6.883921048287185152e-02,-1.509193483400100844e-01,1.827279851026787083e-01,1.750816121757565319e-02,-1.450024818460680931e-01,2.382559095878221955e-01,1.790213997708537952e-01,-2.112903774781974553e-01,6.376012818864228160e-02,4.791349559246965151e-01,2.427761709767210230e-01,1.874639284076318191e-02,4.280562182614238154e-01,-1.914916014743140160e-01,-4.388355971221471474e-01,2.591021754312039516e-01,1.198263152698760825e-01,-4.923684478905967499e-01,-1.771867367887721562e-02,4.556611061335527069e-01,1.761835788434428229e-01,-3.013347343719161575e-01,-4.410314104286134906e-01,2.764336421605630423e-01,2.181889482425061755e-01,2.972044798780942507e-02,3.847662702111578903e-01,7.592063585682807814e-01,3.491490485546364653e-01,1.745676035805205362e-01,1.908046529731191598e-01,6.162905651383726591e-01,3.132690538028101018e-02,4.483172108751043994e-01,9.488013581371262939e-01,3.847697609377107031e-01,-6.503371861370756957e-01,6.444969553783970462e-02,1.000000000000000000e+00,1.129660543673530887e-01,7.476609826018981719e-01,4.018507324710061668e-01,-1.549598846439660116e-01,3.189070373957145765e-01,7.491278790579476432e-01,1.119244375956865954e-02,-6.427528814900212994e-01,-3.685157085319820114e-01,-3.274750799279651514e-01,-2.873502213480490508e-01,-3.336003019731200725e-01,-5.617073040846433107e-01,-1.679364163720342973e-01,4.086844271231641068e-01,-2.130489461177718924e-01,2.252262769006529441e-01
-9.862762468303071239e-02,-2.210406338370003165e-01,1.558806175516092019e-01,-4.534494614502024290e-01,-1.760933550152291027e-01,-7.172273053067678150e-01,2.115677832516604101e-03,4.413338316387226956e-01,-2.101305148777601328e-01,-8.397837838270147959e-01,8.848506814949023969e-02,4.333294380948766733e-01,-6.171367886530056968e-01,-5.893944315034442827e-01,4.189853295909607422e-01,-2.691024021359844087e-01,-7.480849618598489625e-01,1.200854419686633034e-01,4.710281456040511516e-01,-5.911203461453037322e-01,-7.691437622500527094e-02,7.327200756626526257e-01,-2.428628315867528698e-02,-2.759052013663036984e-01,4.465904270938037546e-01,5.373000417987633393e-01,1.154801163047741025e-01,8.001533046504155644e-02,4.546652932488243204e-01,6.048297266940432654e-02,3.684674214706568085e-02,3.663452110510344029e-01,3.142502886563609543e-01,-1.180170426776021853e-01,9.871300422571654964e-02,4.743968296090833037e-01,-2.642500010043671854e-02,-1.406013977973465667e-01,4.444708044489427690e-01,2.220590974110992766e-01,-3.423931895064942776e-01,-1.944575893153875764e-03,2.937310417396321593e-01,2.549314651391106079e-02,-1.669317565799248448e-01,-4.357217854230228116e-01,-3.545860675538718004e-02,-2.350981682752675828e-02,-5.190839823053042812e-01,-2.219181504327376042e-01,-7.560441886964273939e-02,-9.275929726212800430e-03,-3.597151299461382457e-01,-1.576591074478110310e-01,-4.488107014054818489e-01,-1.630426139879984082e-01,-5.490298433918683330e-01,-3.716824969630493358e-01,1.285802593320448106e-01,2.312142227926363702e-01,-2.784022251621043886e-01,5.804172037695081166e-01,4.299328069770000926e-01,-2.905041089211473082e-01,-6.005005785635966209e-01,2.109621079986630232e-01,-1.014838006348765254e-01,9.328496774680877790e-01,2.146946227259559636e-01,-7.934101607180625848e-01,1.129660543673530887e-01,1.000000000000000000e+00,8.954340793889803418e-02,-6.197161606180627835e-01,4.606675889425236869e-01,8.561621189905800344e-01,-1.864233503386512614e-01,-5.759309173707302110e-01,-4.744094415665393583e-01,-7.877228265301488008e-01,-4.569022593052542991e-01,1.556712692207603277e-01,4.048760488490606435e-01,6.735978499693988375e-02,7.462890558924152318e-01,5.257228512562933664e-01,5.609511221567293759e-01,4.003357946238280674e-01
5.963969621719262815e-01,5.608496194044210181e-01,3.632577832279871299e-01,-2.138269295703137396e-01,-7.474122244243146529e-01,1.089123486577465577e-01,3.759237799402312952e-01,-5.741881063479001845e-01,-7.565002151503731342e-01,5.694040892836242651e-02,2.495604986680039772e-01,-6.732792653014902928e-01,-5.282275663159391454e-01,2.390143456132392819e-01,-9.755401106850851434e-02,-7.613607535937038095e-01,1.344857108075887819e-01,2.817862485742000933e-01,-4.864941757703602487e-01,-3.291719612825923513e-01,6.591621051233104156e-01,7.064624508784678181e-02,-7.165586482485369890e-01,8.857980235339525665e-02,6.387672473694132602e-01,-3.669231578451667697e-01,-1.474313586975312673e-01,2.614219840094899050e-01,3.405801871324881103e-01,4.436318567997224634e-03,2.977004661377209982e-01,2.513998907926454085e-01,-6.059174121391197078e-03,-2.148785220264424478e-01,2.922334037040972277e-01,2.614484624957140180e-01,-8.304749302145505996e-02,1.564886255823198791e-01,3.409193957138292319e-01,4.035059157349015629e-02,3.120783366540627254e-02,3.676052903060988419e-01,1.540032158170046572e-01,-1.209730546910321031e-01,2.815183047430639962e-01,-2.316211609520075487e-01,-4.314260221401625683e-01,6.842812106769881331e-02,2.044308117488307860e-02,-4.683136878677574000e-01,-3.056272511570050643e-01,3.235981228918045072e-01,1.705445927776604309e-01,-1.770758605788905482e-01,-3.794509104347181805e-01,5.466646121077455706e-02,2.787170779227903239e-01,4.534306712874627832e-02,1.082584619752795796e-01,6.937563077881911955e-01,-7.122726539207092922e-02,-8.938140125588625584e-02,4.906564069616290436e-01,6.860371011390200557e-01,-1.761130549182764182e-01,7.245570623413225345e-03,7.311526489524871053e-01,3.032451073661804886e-01,-1.288338830886519570e-01,3.515723245647058848e-01,7.476609826018981719e-01,8.954340793889803418e-02,1.000000000000000000e+00,3.228228436116967887e-02,-6.277004512356446631e-01,4.683271427076920457e-01,5.025529775936817822e-01,-3.974125937759035998e-01,-7.551080368400407972e-01,-1.277581728132001493e-01,-5.911705053645458507e-01,-5.435524871410843950e-01,-2.254114452143604064e-01,-7.340111528745500991e-01,-5.491631795278167222e-02,4.366737974952968893e-01,8.326731982434420684e-03,3.814804756533775598e-01
-1.428801354435048909e-01,5.671019370611445343e-01,3.740626965936149073e-01,6.619186055550629888e-01,1.422464455061432653e-01,4.958334485610774167e-01,-4.443144048312426264e-01,-6.771842121344957555e-01,3.285274502234384886e-01,5.002249272731119634e-01,-6.318774672227776001e-01,-5.094890235478035656e-01,6.005782067179379347e-01,1.978953882597582481e-02,-7.994238883894111414e-01,1.567086891596264075e-01,4.757460240249046790e-01,-6.208225819921762145e-01,-5.579157941844606894e-01,4.294171549935147519e-02,-1.663746402510456468e-01,-6.586507683051546769e-01,-1.793317942792039543e-01,-1.763512695169475175e-01,-3.044047312780139292e-01,-3.527840930423657984e-01,-4.438416971872510830e-01,-4.632275907803644066e-01,-4.222127236707941544e-01,8.498392451687855620e-02,-5.173307149234444846e-02,-4.689971421223073089e-01,-2.435354009216191551e-01,2.608746877653252139e-02,-1.880377063334167653e-01,-5.129424002608157229e-01,-9.258432147078406171e-02,1.749361327000000521e-01,-4.181280289957700624e-01,-4.228041615862278002e-01,1.405078610889775037e-01,1.394673862688836641e-01,-1.732985661276060033e-02,1.959382106612901908e-01,2.437614733595591665e-01,2.125222101417856557e-01,3.727155936784989215e-02,2.800785938108326101e-01,4.312312716626605091e-01,7.772745390618250594e-02,3.657035079382721654e-01,1.818112508330519128e-01,2.666902887339435702e-01,-2.578637576589477842e-02,1.965761612239462219e-01,4.099607298830699187e-01,4.007150929835455178e-01,3.847374876783515862e-01,2.765654840357101296e-01,1.009591898587849507e-01,7.090605984098744541e-01,-1.213282549821155104e-01,-5.685448522581749708e-01,3.136895342351017635e-01,6.541050927562380712e-01,3.654243346370264489e-01,5.040657724814456842e-01,-4.677014445634753437e-01,-8.147648389331082486e-01,2.859680029682037383e-01,4.018507324710061668e-01,-6.197161606180627835e-01,3.228228436116967887e-02,1.000000000000000000e+00,3.346467622484982501e-02,-6.420234756795397679e-01,5.991240603885383820e-01,8.081347784028019010e-01,1.969231073374491658e-01,2.299420182217707942e-01,4.116391414264660153e-01,1.030231974132647110e-01,-4.864720757125494122e-01,-6.094238017353148518e-03,-6.508734237618570839e-01,-3.026036979718759179e-01,-6.440647718643246478e-01,-3.410537052756014709e-01
-6.210240780471540933e-01,-2.280549281405392925e-01,1.256904566107193977e-01,1.759089547513716101e-01,4.683282232591730598e-01,-4.230626225351629133e-01,-5.688024408246117325e-01,3.840053992959071016e-01,5.947599633260656216e-01,-5.142264864627106302e-01,-5.494099295588901199e-01,5.753582719957670566e-01,2.174649961330143155e-01,-7.468934377808954528e-01,-8.270379726974258494e-02,4.085448709978964921e-01,-5.082643408053176826e-01,-5.299150388577296145e-01,4.335533350643293593e-01,-3.090396749973756130e-01,-6.905953685943210241e-01,2.050232972074044480e-01,3.868911110836260603e-01,-4.294707660512337433e-01,-2.487537350584742568e-01,5.361886758028783229e-01,-9.986741175490569666e-02,-4.525760837651045532e-01,-8.968495881939467229e-02,8.034749600477235354e-02,-2.586573039623764614e-01,-1.184921097773630194e-01,1.585177118212773850e-01,1.128459247727929549e-01,-2.569022897578163156e-01,-9.298636784587349657e-02,1.060535277516295311e-02,-1.239040919027393495e-01,-1.222173565233016235e-01,-7.811521501723332761e-02,-2.032232289371645462e-01,-1.677444924763313860e-01,1.281674352321206800e-01,2.063436491176451060e-01,-1.689789839143014394e-01,-6.243250037384547035e-02,2.689546866181461438e-01,9.890446163249874689e-02,-1.984059324645068290e-01,1.652943337921569111e-01,3.869139032868740280e-01,-1.146558639056702439e-01,-2.728789852795810433e-01,-6.135754442115741447e-02,-4.412035701509629815e-02,7.664804817611066412e-02,-4.781352268980054165e-01,-1.714939661640858259e-01,2.880904970246004893e-01,-2.203702368236379050e-01,2.702272831382304119e-01,5.741470456762332031e-01,-3.337503943955885122e-01,-5.932885893068954308e-01,-1.674452530583217004e-03,4.895154244661507059e-01,-2.733024858502206555e-01,3.572880697072514100e-01,-2.679706351180259905e-01,-8.272164810421345216e-01,-1.549598846439660116e-01,4.606675889425236869e-01,-6.277004512356446631e-01,3.346467622484982501e-02,1.000000000000000000e+00,5.081136528630755822e-02,-1.541212206851628741e-01,2.824704165737140227e-01,2.448161095951631727e-01,-5.521297937225648766e-01,3.019368661848444435e-01,6.283828211674997721e-01,2.167810043852789192e-01,5.841124578237427700e-01,3.283784927659815778e-01,7.284043894789497299e-03,8.126428832747902009e-02,-1.188337644811474358e-01
2.181194305884633922e-01,-2.415612208656464296e-02,1.577117482359365330e-01,-5.317310273353470507e-01,-4.538221313225908049e-01,-5.358337570615639978e-01,2.515381738394955602e-01,2.015557953133839397e-01,-5.346758779373114168e-01,-6.766022498215162884e-01,3.129756379462012017e-01,1.361217398369027332e-01,-7.868679908225780784e-01,-3.193396579625317755e-01,4.263776401965840845e-01,-5.628106577497397067e-01,-5.973272631558901313e-01,3.406253244878137965e-01,2.554740282789075279e-01,-6.013838641577233801e-01,2.602703794570224716e-01,7.161246925625966986e-01,-3.033049612822076857e-01,-1.426017666598456413e-01,6.320076806148025028e-01,2.814816880095460383e-01,6.880549650969411402e-02,3.191156521211899744e-01,5.254706094179462106e-01,-2.379442869255118248e-02,2.372554730146614055e-01,4.891542955755356914e-01,1.939782692969960198e-01,-1.959865773762733132e-01,3.078295002504026767e-01,5.374658129672442719e-01,-9.525749607515052175e-02,-2.318248433624329335e-02,5.908565795196487613e-01,2.008898150078020084e-01,-2.621416271359023886e-01,2.251524622837131340e-01,3.505634821036986426e-01,-3.314391379945672705e-02,3.934047329064512682e-02,-4.913633091321819024e-01,-2.819583691901061950e-01,3.426648696723792048e-02,-4.459911453911235002e-01,-4.588993402577489777e-01,-2.424860452560937685e-01,1.734264089820197197e-01,-2.541144061552795819e-01,-2.767249594961883608e-01,-5.867131380624387438e-01,-1.254977408548163254e-01,-3.685780446479869354e-01,-3.847637196942720328e-01,6.758677574372695673e-02,4.320536671261926420e-01,-3.644421395954326459e-01,4.447360124101945589e-01,6.284406263602461129e-01,1.902755642171789600e-03,-6.378624810930784150e-01,1.196959942485170819e-01,1.505106683962390002e-01,8.736506125395366862e-01,2.566469307588485349e-01,-4.688272285988950849e-01,3.189070373957145765e-01,8.561621189905800344e-01,4.683271427076920457e-01,-6.420234756795397679e-01,5.081136528630755822e-02,1.000000000000000000e+00,2.642343586239338793e-02,-7.714289161944981599e-01,-7.164982231318089978e-01,-6.909671256918527016e-01,-6.609119760529851284e-01,-1.176817709180197485e-01,2.970667301172877917e-01,-2.530581799977966728e-01,6.027781340277614808e-01,5.811568701098449585e-01,5.142121846756148029e-01,4.564942643252652976e-01
1.100103565727652555e-01,7.563039028915941042e-01,5.170737365848652178e-01,4.183953469836577121e-01,-2.255000407858048506e-01,3.297568106708558822e-01,-2.320625752521963403e-01,-7.419002915285003441e-01,-1.146000172598600486e-01,2.095506045430437780e-01,-3.960019000613693718e-01,-6.092321640350444323e-01,1.059126212902338215e-01,-4.442078445155630412e-02,-6.473819940050544730e-01,-4.034438328681159702e-01,1.836736393232377973e-01,-3.469942718615792177e-01,-5.895078006684801863e-01,-4.327640532169869658e-01,1.499953292155676299e-01,-2.536967080133428754e-01,-6.191525111312456975e-01,-2.930938347074242278e-01,1.287836821365298534e-01,-3.599009685251906010e-01,-5.688753638527846990e-01,-1.035202995901994133e-01,-1.402133446381299831e-01,-1.022676298599368150e-01,3.404737548881754394e-01,-6.375269849520025234e-02,-3.778046782241619717e-01,-1.391636559769567072e-01,2.786146799108935590e-01,-2.416831694468277447e-01,-3.387510196952658315e-01,3.515353573227250061e-01,8.974181571116651712e-02,-4.858099470212404736e-01,9.145818903075376982e-02,5.914587696016249119e-01,3.046766085182046613e-01,2.180064464392376389e-01,5.824245635683223954e-01,-1.154434635967787198e-01,-3.827899514463473651e-01,4.912023347683563412e-01,3.062492654900934586e-01,-5.023748647880807994e-01,1.439486652784492116e-01,6.015402814886925409e-01,2.209792194834453716e-01,-4.295399401265727057e-01,-3.391525660887207416e-01,4.940818685879815875e-01,2.590585214798349356e-01,5.335784383364161609e-02,3.055096018545668812e-01,5.317578308948738286e-01,5.117118973607507337e-01,1.500168369127940771e-01,-9.720549559777848236e-02,4.562362546823912068e-01,2.158564507161279955e-01,5.167036425937662214e-01,8.084705117213671910e-01,2.594868370108396535e-02,-7.038367762232299318e-01,1.539831790454020688e-01,7.491278790579476432e-01,-1.864233503386512614e-01,5.025529775936817822e-01,5.991240603885383820e-01,-1.541212206851628741e-01,2.642343586239338793e-02,1.000000000000000000e+00,2.849180269561943923e-01,-4.383773556643409952e-01,-2.031024435637813208e-01,-2.747605262099759096e-02,-7.047903273467204244e-02,-3.908603836250278962e-01,-2.995974526931623472e-01,-4.539447148143017641e-01,2.363622137020992414e-02,-4.310128274633015510e-01,-1.677041288238370620e-01
-4.162583615058654263e-01,2.102689422525917951e-01,1.580003409734280495e-01,6.353997870710660356e-01,4.469717210998662149e-01,3.652931278463239506e-01,-5.237217355744442360e-01,-3.111650656551884775e-01,6.067511760135341214e-01,4.089244965620842942e-01,-6.385091727961769159e-01,-1.332764902954004793e-01,7.442194434527692470e-01,-7.692361243422947414e-02,-6.414162408850316854e-01,4.771284494383148944e-01,3.308964247190556707e-01,-6.623497303833116856e-01,-2.568543374175482064e-01,1.844643775497677163e-01,-4.652119920368608108e-01,-6.058290553128733436e-01,1.764188330798048265e-01,-2.025739805233227053e-01,-5.798023135866408051e-01,-1.563457650705963597e-01,-3.511942883318349140e-01,-4.820937502087117577e-01,-5.527086900416495752e-01,8.558449791186517608e-02,-1.325630077491554704e-01,-5.486753798118314540e-01,-2.493727389554170060e-01,7.638022375172459633e-02,-2.822485769092282215e-01,-5.676561097644924336e-01,-8.891074011221729301e-02,5.133929404762695853e-02,-5.220764802888591127e-01,-4.206854796243306716e-01,1.102899973225299896e-01,-4.248912906914392718e-02,-8.710586959352416281e-02,2.559693802996599321e-01,9.492570586532735055e-02,3.094870016018856917e-01,2.523259047289203028e-01,2.362904900985748624e-01,3.766333098138584523e-01,2.906717775307612328e-01,4.700773274305830585e-01,2.415824580793829099e-02,1.404879456065649956e-01,4.882262524189507485e-02,3.668590541544521910e-01,3.827088620322591228e-01,2.317506159907110341e-01,3.054642268764655166e-01,1.702260002730541788e-01,-2.057837001232083185e-01,6.286385024001612809e-01,-1.044560947739560514e-01,-6.758920888274341232e-01,-2.607889010145965011e-02,6.255236317568780846e-01,2.947323741088702098e-01,1.057265806704826699e-01,-5.488091402557643272e-01,-6.459904881603657500e-01,9.870942511407990172e-02,1.119244375956865954e-02,-5.759309173707302110e-01,-3.974125937759035998e-01,8.081347784028019010e-01,2.824704165737140227e-01,-7.714289161944981599e-01,2.849180269561943923e-01,1.000000000000000000e+00,5.060220115777797067e-01,2.589412503219706840e-01,6.542664093170139639e-01,3.533346416791011690e-01,-2.244370320718257206e-01,3.366228045358742316e-01,-5.894573350448862881e-01,-4.841023638930509465e-01,-5.120850448361098373e-01,-4.672085603433447920e-01
-4.013819001490833704e-01,-4.555137350710790067e-01,-4.381706506938018997e-01,2.916226021457249407e-01,6.742080191884379792e-01,2.011477319794562901e-01,-3.003642237354863243e-01,2.965880827045208057e-01,6.170456247154277873e-01,3.066048318997120492e-01,-1.280866881593380469e-01,3.512185903481402360e-01,6.025850259079171822e-01,1.170709472799631862e-01,8.095065278664633282e-03,7.442501349637238306e-01,1.886884886302291342e-01,-2.118459409028187745e-01,2.441940852623600555e-01,5.671987664255113692e-01,-5.231474837509157982e-01,-3.517187088810005968e-01,6.705716904468139727e-01,7.241105181949057668e-02,-7.104259481508058416e-01,9.103158073767630976e-02,1.193544502949001052e-01,-2.664543625715269926e-01,-4.372923022931746728e-01,4.323670940464630075e-02,-3.022203140115293785e-01,-4.019200553446412583e-01,-5.785369285503896147e-02,2.093651909233397446e-01,-3.669680065770728472e-01,-3.785409421489712156e-01,1.659624878444625196e-01,-1.258810030838098393e-01,-5.232829571037634908e-01,-2.584825085300558947e-02,9.474153199730538100e-02,-3.832361695879250019e-01,-2.741540094708536657e-01,5.145668341568858384e-02,-2.363206337805141832e-01,3.812864559674675746e-01,4.117202463794505385e-01,-1.260728086954379101e-01,1.410785470461109747e-01,5.512745525916054046e-01,2.871522456290043768e-01,-3.477231312273312835e-01,1.982389393153976154e-03,3.232788600560432268e-01,4.940365349684782692e-01,-2.395948890727088096e-02,1.056031640124243665e-01,2.221280965803072160e-01,-2.644844175915192497e-01,-7.089551246178750210e-01,1.753987428775575785e-01,-2.991692120754159134e-01,-6.072042533304875533e-01,-3.407192062409257760e-01,5.013449041918778271e-01,-2.146929039480830470e-01,-5.674500376396949264e-01,-6.245983501137868377e-01,8.443814305550888244e-02,1.073806972403816146e-01,-6.427528814900212994e-01,-4.744094415665393583e-01,-7.551080368400407972e-01,1.969231073374491658e-01,2.448161095951631727e-01,-7.164982231318089978e-01,-4.383773556643409952e-01,5.060220115777797067e-01,1.000000000000000000e+00,4.899958165333648252e-01,5.697731857193567562e-01,2.693902145165035789e-01,-1.169597725611525377e-02,5.272005492480130728e-01,-2.959196721239983896e-01,-6.178310567622056215e-01,-1.965058195368654670e-01,-4.067704370602939767e-01
1.253565485112543010e-01,-9.462736216778869225e-02,-3.680759122131840866e-01,1.687510034433407080e-01,1.585379535019843800e-01,5.566159847570576469e-01,1.925836341364376425e-01,-1.468245464159918801e-01,8.758001159030769089e-02,6.786650991329162830e-01,2.143043390141068649e-01,-2.045625644188689141e-01,3.966555468352744862e-01,6.356370853059346571e-01,-3.662419370399200985e-02,2.940286697947473993e-01,6.244550086505792352e-01,1.784725105236564524e-01,-2.119591051232189161e-01,7.379756056117801055e-01,1.500651205742459249e-01,-5.393375997408874634e-01,1.947904576162526602e-01,3.941804744041210173e-01,-3.819584572692193980e-01,-3.535781518790809264e-01,2.162450365501766003e-01,1.029586410722790335e-01,-2.607887016948418069e-01,-3.820971491410347920e-02,-9.224552065596955397e-02,-2.278057233491712352e-01,-1.408474730081591131e-01,1.224158112783933910e-01,-1.079948302248950609e-01,-2.660374733236119948e-01,1.571285566004384515e-01,1.949299545118617083e-02,-3.602838948355865378e-01,3.669064111075432538e-02,2.504902045778778508e-01,-1.882544197281800225e-01,-3.542007153525318919e-01,-1.482262659398042304e-01,-8.817878247541141579e-02,3.479958600627620635e-01,1.166823966472753660e-01,-2.106779561018963798e-01,2.809523065982906243e-01,3.438456029314401197e-01,-1.048336779365867527e-01,-2.166622050092660012e-01,2.376919388681188183e-01,3.593667481983647272e-01,4.883837954714206342e-01,-1.228243922560664503e-01,4.295579777439814118e-01,2.964980487378982565e-01,-3.890969769968184444e-01,-3.417781559341331876e-01,-8.562472890574386597e-02,-6.760351772244576063e-01,-1.976688535618944809e-01,2.000405962727395681e-01,3.523202651835186661e-01,-5.570345099186109206e-01,-2.060465722446802317e-01,-8.100157011719426592e-01,1.889878072413002652e-01,7.198862816970477141e-01,-3.685157085319820114e-01,-7.877228265301488008e-01,-1.277581728132001493e-01,2.299420182217707942e-01,-5.521297937225648766e-01,-6.909671256918527016e-01,-2.031024435637813208e-01,2.589412503219706840e-01,4.899958165333648252e-01,1.000000000000000000e+00,2.398066489061337903e-01,-2.663649133614950926e-01,-1.582860470593373259e-01,-4.396036117500807389e-02,-5.178360826216832358e-01,-4.743620247216511765e-01,-2.716062320838622535e-01,-2.577628130993426803e-01
-4.453910883527318343e-01,-5.562292384619531294e-02,7.064742043816583765e-03,4.210789685753224543e-01,4.827681016083221754e-01,1.535135305079037560e-01,-3.903410368228940608e-01,4.641368300362069821e-02,6.379763146910186755e-01,3.315009441023274439e-01,-4.573334696446592074e-01,9.726293562530764769e-02,6.904948477588431777e-01,-6.023343093117530106e-02,-4.300695368655841344e-01,5.372269660347807063e-01,1.882575258046374767e-01,-5.213066990753660868e-01,-4.393747836952931196e-02,2.339472771389161931e-01,-5.433846960710390084e-01,-4.409911983681114589e-01,3.464655620923960955e-01,-1.711877474676734845e-01,-6.071337127927283195e-01,-2.197754453904146935e-02,-2.697612143737514456e-01,-3.740941037152564763e-01,-5.720188676469063482e-01,1.516045134031440700e-01,-1.015021742506293928e-01,-5.478817686498694828e-01,-1.963425346694572249e-01,-6.386882492319394429e-03,-3.151053170676382797e-01,-4.504468923989474738e-01,-1.853344879288139624e-01,-1.558875731934001863e-01,-4.386544520895457877e-01,-3.724393826017569631e-01,6.285348929333951784e-02,-2.042564378498742672e-01,-1.579189670124372946e-01,3.128304222557879433e-01,-3.615442216373903478e-02,3.708563139701385181e-01,4.359811974463625450e-01,2.028641542517230500e-01,3.166412014260198693e-01,4.032032050569873127e-01,4.831227248666453700e-01,-4.156856978001501751e-02,4.302502429320540639e-03,4.105914434246075995e-02,5.784441436789139468e-01,3.522736955518210866e-01,3.780399055738361408e-02,3.017021450934149196e-01,1.569450298353846363e-01,-4.328498397207045101e-01,4.449964512562943342e-01,-4.255879734480205734e-02,-6.320073507535592938e-01,-3.224966308468225629e-01,4.586718116124238187e-01,1.729185440870408264e-01,-2.177319467900573347e-01,-5.546344956723820996e-01,-2.928670509242951026e-01,5.683993375574009771e-02,-3.274750799279651514e-01,-4.569022593052542991e-01,-5.911705053645458507e-01,4.116391414264660153e-01,3.019368661848444435e-01,-6.609119760529851284e-01,-2.747605262099759096e-02,6.542664093170139639e-01,5.697731857193567562e-01,2.398066489061337903e-01,1.000000000000000000e+00,5.394832026699314387e-01,2.260570379003723138e-02,4.999206884964346176e-01,-4.346624605772464456e-01,-4.842278572438058482e-01,-3.427811313239411128e-01,-4.655268780583494137e-01
-6.082643108942824561e-01,-1.771133679271431338e-01,1.010498208151317662e-01,2.007667246305546715e-01,3.679199027585585702e-01,-2.580901728101332449e-01,-4.353409103624993337e-01,3.033804176913035278e-01,5.981274932061719785e-01,-2.764192467870216774e-01,-5.142825438563857210e-01,4.409982674633212696e-01,3.456033155979367777e-01,-6.035440570089061207e-01,-1.888147776700219993e-01,4.872224643447028991e-01,-3.487758698534580981e-01,-5.710986844883879643e-01,3.424966328923841341e-01,-1.787032167413873107e-01,-7.330122354412497154e-01,5.423201519203319637e-02,4.386051968415597413e-01,-4.524226825670275565e-01,-4.085962023514916885e-01,4.441390643889222556e-01,-2.381223084678815716e-01,-4.013925811566310120e-01,-3.038686484102802732e-01,2.756339396688299859e-01,-1.016866893249187276e-01,-4.043940402304657677e-01,3.835925336719094719e-02,-1.226622831784419387e-01,-3.326365895209669188e-01,-1.617979407872842945e-01,-1.911285982277624029e-01,-2.877302217373758353e-01,-1.978999958973095274e-01,-2.814480901216403486e-01,-3.938078677157748619e-01,-1.935039974981025146e-01,1.885137242618945552e-01,4.871988162117464882e-01,-2.566446937124511329e-01,-9.284871214527691541e-02,5.243938332880673237e-01,2.996044542045786518e-01,-1.861062923803936953e-01,2.816529672066809820e-01,5.842591536856882595e-01,-7.639817398577085361e-02,-3.785468372002961934e-01,-5.619434292327421532e-02,2.443799400421105272e-01,2.992974804321602011e-01,-3.950686669077783097e-01,2.083981238941385455e-02,2.219084918997939193e-01,-3.446836102242031852e-01,3.068409553837241899e-01,4.663128734005707599e-01,-4.170628019986414303e-01,-5.980489329284448541e-01,6.806768401896287624e-02,2.528747328541885442e-01,-3.348566273550755423e-01,1.985312876026138276e-02,-2.008611751215917673e-01,-5.332379827216071622e-01,-2.873502213480490508e-01,1.556712692207603277e-01,-5.435524871410843950e-01,1.030231974132647110e-01,6.283828211674997721e-01,-1.176817709180197485e-01,-7.047903273467204244e-02,3.533346416791011690e-01,2.693902145165035789e-01,-2.663649133614950926e-01,5.394832026699314387e-01,1.000000000000000000e+00,5.175096347472307734e-01,7.277374463005037430e-01,2.297018732069926183e-02,-2.249479476554994140e-01,-1.290385168600683774e-03,-2.386559258687696028e-01
-2.803914447911140528e-01,-4.528691646875220855e-01,-7.432322729068978340e-02,-4.193498528037916673e-01,-4.292409114536235165e-02,-4.659724369791778953e-01,7.207791304983882097e-02,5.234004298757767293e-01,4.162971336179768778e-02,-4.784558996833293554e-01,8.608971808175090723e-02,4.946273257089206510e-01,-2.391439081194563221e-01,-4.108438641116649026e-01,3.916798039933717668e-01,2.231932558845189096e-01,-5.245790932010934160e-01,9.917105278090036086e-03,5.522190022265758280e-01,-1.180899191446656143e-01,-3.661815663716797564e-01,4.274559934359828395e-01,4.117657874601613477e-01,-1.914261960787817518e-01,-6.165562080618575830e-02,5.403398834910375648e-01,1.566493042223500443e-01,2.407564755879201476e-02,1.077041497329118136e-01,2.678972045422960968e-01,-7.668299025063536611e-02,-3.588529968059026021e-02,2.945295619066856663e-01,-1.720178052649554423e-01,-2.193113651242251660e-01,2.821451732224163345e-01,9.171208670753546593e-04,-4.573058473850820649e-01,6.085255193536218132e-02,1.370795767560621936e-01,-4.144701009873538178e-01,-2.286467734735627422e-01,1.241520010173796096e-01,1.889512613177323774e-01,-3.832835065922974849e-01,-2.357542735147946100e-01,3.402707245753930354e-01,-1.782664656843224379e-02,-4.770661464367690341e-01,2.069385509660651157e-01,1.440239265048999240e-01,-2.606480717026985472e-01,-4.905211920138213277e-01,1.283228497748010732e-01,1.185602069684353610e-01,-8.024346742363393237e-02,-5.217042859215320627e-01,-1.301685827824641262e-01,-1.687050000806383093e-02,-2.559839385558386748e-01,-3.196487740471483097e-01,3.173058165934828923e-01,2.368558492746286881e-01,-4.669931537112876896e-01,-3.276603131033831162e-01,-1.813793146314386651e-01,-4.355267944877713182e-01,2.564555118631052788e-01,3.355881938477112691e-01,-3.838422645645711007e-01,-3.336003019731200725e-01,4.048760488490606435e-01,-2.254114452143604064e-01,-4.864720757125494122e-01,2.167810043852789192e-01,2.970667301172877917e-01,-3.908603836250278962e-01,-2.244370320718257206e-01,-1.169597725611525377e-02,-1.582860470593373259e-01,2.260570379003723138e-02,5.175096347472307734e-01,1.000000000000000000e+00,4.174766951111063551e-01,3.216195991523593256e-01,1.408550445574797139e-01,5.470214372922903578e-01,2.294204010896088997e-01
-7.840213618507666515e-01,-4.405950168967972536e-01,-6.772371358395422314e-02,2.466235069472637598e-01,6.677490384545904378e-01,-2.096814706991912414e-01,-5.775450601211671309e-01,4.694612376058089898e-01,7.092095310677580811e-01,-2.085182203426748093e-01,-4.074235591548628355e-01,6.162640101011924720e-01,4.397369807501002037e-01,-4.615205169070384361e-01,-2.130320262498769379e-02,6.457841333039616716e-01,-2.374521928889861688e-01,-4.183085747240121166e-01,3.984153326862061584e-01,8.963322513315900852e-02,-7.523587276215231157e-01,-3.850054105156373863e-02,5.941997533435153800e-01,-3.874520009392433129e-01,-6.128561652101187640e-01,5.020715017126728963e-01,7.435584312181814370e-02,-3.239913946577124837e-01,-3.150057403519315180e-01,8.148530959478840485e-02,-2.427889875288791466e-01,-3.082907298829667964e-01,1.447954085136181866e-02,1.109065924577760792e-01,-2.920877158635286630e-01,-2.640859240818242415e-01,8.300933738329381931e-03,-1.802026453395447758e-01,-3.119686521069381935e-01,-1.269361356809217967e-01,-2.566056038551357554e-01,-2.826714845327671921e-01,1.414593476917208256e-02,2.707402826063265433e-01,-2.696110396302520695e-01,5.342721825944594938e-02,4.598720805745127316e-01,6.460426253789766649e-02,-1.218303401342664960e-01,4.224777310386216844e-01,3.643612525369038235e-01,-2.331546425873777806e-01,-2.285220065040969306e-01,2.036486288988271498e-01,3.392879850755059490e-01,3.320026382782697433e-02,-3.626518579683401522e-01,6.733856729794016061e-02,-1.075526032491892076e-01,-5.834641655479373412e-01,1.287869648972829462e-01,2.422839359667573467e-01,-4.148282878702011511e-01,-6.456229650772773443e-01,1.234593537713574302e-01,3.503175418986764766e-02,-5.926627856481728740e-01,-1.253927243155539550e-01,3.873678387330285744e-02,-4.433567006197689508e-01,-5.617073040846433107e-01,6.735978499693988375e-02,-7.340111528745500991e-01,-6.094238017353148518e-03,5.841124578237427700e-01,-2.530581799977966728e-01,-2.995974526931623472e-01,3.366228045358742316e-01,5.272005492480130728e-01,-4.396036117500807389e-02,4.999206884964346176e-01,7.277374463005037430e-01,4.174766951111063551e-01,1.000000000000000000e+00,9.130202652230620664e-02,-4.138084768694573756e-01,1.094824103106612906e-01,-3.533133167732109836e-01
-4.184882669436502944e-02,-3.763951639757413536e-01,-4.543882665088873687e-03,-5.605674771149959934e-01,-1.672228736105555169e-01,-7.048823499141897431e-01,1.388213325414356381e-01,5.875163392163235132e-01,-1.712065668022292042e-01,-7.554300659321406819e-01,1.973066293395549509e-01,5.174057914664206281e-01,-5.545381680702541338e-01,-4.367984662457335410e-01,5.727053443209507710e-01,-1.128860876541488839e-01,-5.874321311226062825e-01,2.777040516982478002e-01,5.138130856520825018e-01,-3.080905469390904372e-01,2.858251142647651091e-03,6.835049024762923642e-01,1.273398028088426615e-01,-3.221772629308129049e-02,4.086954179348177285e-01,5.340900283591751840e-01,4.026159006319821598e-01,9.668577826644678130e-02,4.719931798024007974e-01,1.627494087911277032e-02,-1.834650961968961047e-01,4.060669660805975578e-01,4.383254403246164554e-01,6.625287280801415990e-02,1.622110366918383588e-05,4.764083126066256391e-01,2.030260283613888883e-01,-1.717738833127292752e-01,3.457870485222885870e-01,4.393293264848568969e-01,-2.623973005284863658e-01,-2.055416401596004972e-01,4.120163139068740155e-02,-1.891310030735645076e-01,-3.346601132154794489e-01,-2.668517621198905343e-01,2.513694724312221657e-02,-2.993752913677820149e-01,-4.707578651658977931e-01,-2.524821203123475948e-03,-2.718362580526901273e-01,-2.664559298320257619e-01,-2.556309979643902053e-01,8.564756766879089156e-02,-2.367006396627702181e-01,-4.371950028343788430e-01,-5.433068985698147335e-01,-3.547583953846005222e-01,3.911550097399599940e-02,2.553880732804540005e-02,-5.217040437981168566e-01,4.448542387929311226e-01,4.997419946579672589e-01,-3.903222271806611188e-01,-6.409150504517989733e-01,-2.008998504543011224e-02,-3.267223375802630891e-01,6.790693578905121486e-01,4.551282376011694386e-01,-5.775065929462461778e-01,-1.679364163720342973e-01,7.462890558924152318e-01,-5.491631795278167222e-02,-6.508734237618570839e-01,3.283784927659815778e-01,6.027781340277614808e-01,-4.539447148143017641e-01,-5.894573350448862881e-01,-2.959196721239983896e-01,-5.178360826216832358e-01,-4.346624605772464456e-01,2.297018732069926183e-02,3.216195991523593256e-01,9.130202652230620664e-02,1.000000000000000000e+00,6.132313609419798306e-01,6.468246976949154625e-01,5.233100444044096466e-01
2.658843885477593649e-01,1.746956858236581589e-01,3.941830181700136659e-01,-5.008773281557397095e-01,-6.146311778887587618e-01,-5.327359902424941840e-01,2.396698171343915051e-01,4.505851392882757878e-02,-4.832225195370274951e-01,-5.137347678491038794e-01,7.827309396369118433e-02,-9.056965504114869447e-02,-6.134146443708243801e-01,-2.963045181147547780e-01,2.170300054919094279e-01,-4.413140299832897795e-01,-3.605671817084759589e-01,1.681198622365452644e-01,5.818077057576016148e-02,-5.202146879275664215e-01,2.729057181770341289e-01,5.383672181105482180e-01,-3.062262540843466718e-01,-4.866500675114154156e-02,6.786589696673620553e-01,2.228982007756763473e-01,7.029775183569780816e-02,4.781382548060647553e-02,4.834772110888966856e-01,1.628257825279260385e-01,-2.555841107630201989e-02,3.235510761698358606e-01,4.125010122411106317e-01,-1.271677032681208797e-01,4.459809617760705238e-04,4.904278272002510763e-01,6.937972872626628484e-02,-1.730748428562799979e-01,3.717262820007525281e-01,2.794484093202418418e-01,-1.753442015174412061e-01,5.410344669732480849e-02,1.213373067377891273e-01,-1.323725624796942835e-01,-8.579885251999808116e-02,-2.836346714357079746e-01,-1.611776531837443849e-01,-1.207885065370201960e-01,-2.957020180515873009e-01,-2.381471766889962371e-01,-2.237375767189606901e-01,-1.161777742487715009e-02,-1.576308641908495123e-01,-8.041935376680917069e-02,-3.040765348482697417e-01,-1.998555101386205179e-01,-3.073586674475913827e-01,-1.812076624436175787e-01,3.371611077927703093e-01,4.170790442463035985e-01,-3.139185974658194600e-01,4.205581545772950625e-01,5.842796872836826250e-01,4.333204788379447364e-02,-4.912443046756491127e-01,2.012072595333979086e-01,2.938075604939460184e-01,6.202596701643612320e-01,2.747699206911818556e-02,-2.433763726001748062e-01,4.086844271231641068e-01,5.257228512562933664e-01,4.366737974952968893e-01,-3.026036979718759179e-01,7.284043894789497299e-03,5.811568701098449585e-01,2.363622137020992414e-02,-4.841023638930509465e-01,-6.178310567622056215e-01,-4.743620247216511765e-01,-4.842278572438058482e-01,-2.249479476554994140e-01,1.408550445574797139e-01,-4.138084768694573756e-01,6.132313609419798306e-01,1.000000000000000000e+00,4.143722718515009396e-01,7.909054788475874398e-01
5.051470990491820773e-02,-5.039705549109249061e-01,-1.535960428633021957e-01,-7.334009548880960905e-01,-2.766709063777954558e-01,-5.567548912399374883e-01,3.124747535680078570e-01,5.516167233825143290e-01,-3.221985694224732133e-01,-6.124089796265183017e-01,4.112203878205998309e-01,4.418749519567224393e-01,-6.119187010589968168e-01,-2.690613724266583962e-01,6.894237101152534963e-01,-2.243217429088477377e-02,-5.836180129372525727e-01,3.787887429699199338e-01,5.883516604194609645e-01,-1.226489104587434875e-01,-8.138641652611303817e-03,6.433534581266328045e-01,2.504184046827129251e-01,7.869098283628073176e-02,2.916305834162109534e-01,4.587275774434609321e-01,3.821801480975475229e-01,2.499036921360317798e-01,4.100324766810949928e-01,1.052311070858212017e-01,-3.835798653641816353e-02,2.942227274881487054e-01,3.509198410978732752e-01,-9.173844591172461427e-02,4.528821644774813117e-03,4.979513781326270205e-01,1.224674917005702801e-01,-2.894387042490883521e-01,3.187100853073693285e-01,3.919956808618292321e-01,-3.577829312028245057e-01,-2.337887603874561349e-01,6.959484592956574622e-02,-9.238730082922796960e-02,-4.007962934598274241e-01,-2.963713827385294208e-01,1.397374505695236357e-01,-2.565123215466222906e-01,-5.334924562581814245e-01,1.028777949963594618e-01,-2.046413362024027682e-01,-3.359622021965213423e-01,-3.507806637356780111e-01,1.539355715719036843e-01,-8.937961303401804891e-02,-3.167333823382935121e-01,-4.485816171219625947e-01,-2.411956001292633600e-01,-1.477292509749203731e-01,-9.183070264032881791e-02,-5.908156061410878568e-01,1.847066457512690218e-01,5.504750437169525501e-01,-2.567989530795567465e-01,-5.142843633260043568e-01,-2.456105667452448960e-01,-3.475757078167807101e-01,4.690356367750306288e-01,5.070614808292646103e-01,-3.418308780153658799e-01,-2.130489461177718924e-01,5.609511221567293759e-01,8.326731982434420684e-03,-6.440647718643246478e-01,8.126428832747902009e-02,5.142121846756148029e-01,-4.310128274633015510e-01,-5.120850448361098373e-01,-1.965058195368654670e-01,-2.716062320838622535e-01,-3.427811313239411128e-01,-1.290385168600683774e-03,5.470214372922903578e-01,1.094824103106612906e-01,6.468246976949154625e-01,4.143722718515009396e-01,1.000000000000000000e+00,5.959106971795522512e-01
3.280176885106026452e-01,-3.819803270524074063e-02,1.839420299936725678e-01,-6.504942137405791414e-01,-6.267803459880082473e-01,-4.794235963483736707e-01,3.870172561113787713e-01,1.369834950913895455e-01,-5.326916748276022684e-01,-4.086030828888310151e-01,2.731978897699358644e-01,-5.787262612315730720e-02,-6.264565762175946517e-01,-1.314811213824183811e-01,3.929750777461762934e-01,-2.645348335405445228e-01,-3.150075604352606251e-01,2.886143041487303496e-01,1.728723216459040202e-01,-2.745226274668784994e-01,2.640507465499101203e-01,5.052214178726730509e-01,-1.039515891780292411e-01,8.862002422637901833e-02,5.943383427001311947e-01,2.264576143514386297e-01,1.660035115002667927e-01,8.855725451590341912e-02,4.416846017961599258e-01,3.022981458267656185e-01,-4.990822580640049549e-02,1.851878290841482422e-01,4.635524811150687485e-01,-2.011395384144175902e-01,-1.345943858145517147e-01,5.261820352760966379e-01,1.244045763123135806e-01,-3.272307888400119991e-01,2.745910637348707439e-01,3.582257708606979563e-01,-2.496198449514610840e-01,-1.380349891623739444e-01,4.989738051742642622e-02,-1.128465952502014508e-01,-2.797902024082946082e-01,-2.477792240532294410e-01,3.272789295666199416e-02,-2.112770970810052551e-01,-3.867313806446786018e-01,-2.121151908053862251e-02,-1.746145081959006307e-01,-2.002017606316641996e-01,-2.340203775799479247e-01,8.079997171903681441e-02,-1.139398567814018798e-01,-2.203123610321033321e-01,-2.192128153843040661e-01,-4.319251914164785183e-02,1.498094967353815199e-01,1.975511178957237712e-01,-3.995169372113465123e-01,1.891069743691952409e-01,5.510575198809066766e-01,6.974285082930530011e-02,-3.627235559579681801e-01,-6.527228462981472801e-02,1.174207625980862174e-01,4.485171190263241847e-01,1.943823418737394559e-01,-9.573596690991477420e-02,2.252262769006529441e-01,4.003357946238280674e-01,3.814804756533775598e-01,-3.410537052756014709e-01,-1.188337644811474358e-01,4.564942643252652976e-01,-1.677041288238370620e-01,-4.672085603433447920e-01,-4.067704370602939767e-01,-2.577628130993426803e-01,-4.655268780583494137e-01,-2.386559258687696028e-01,2.294204010896088997e-01,-3.533133167732109836e-01,5.233100444044096466e-01,7.909054788475874398e-01,5.959106971795522512e-01,1.000000000000000000e+00
