1.000000000000000000e+00,5.428223529414211157e-01,3.755931956958090678e-01,6.315479494894523649e-01,2.890090125128108034e-01,6.456759930753309951e-02,9.398407343430012495e-02,2.822524350726701159e-01,-6.977811780982422218e-02,-1.628017502063177080e-01,-1.222703262996100160e-01,-5.921997923176386056e-03,-1.833651189831659034e-01,-1.062403344252526860e-01,-7.529581617013504646e-02,-1.364168828754986351e-01,-2.464136317009722049e-02,-6.042266270562892533e-02,-4.340335079575116661e-02,5.907404426479145876e-02,6.847433329227343296e-03,-2.362039181729409798e-02,7.896653913793710844e-02,9.348094493227189494e-02,3.938049543963767496e-02,5.451064072903580304e-02,8.550898738530649315e-03,-1.278749832214057941e-02,4.305939298857444641e-02,-5.839611777955914726e-03,-5.622331787637543238e-02,-6.368485944159073958e-03,-2.131221857373809953e-02,-4.869755197536040220e-02,7.426623533585389667e-03,-2.229248245923371591e-03,-4.111409900115559068e-02,-1.067494452470919451e-03,9.357220945551844582e-03,-2.309054707050017113e-02,9.383989562723890837e-04,2.468258750198753029e-02,3.412601648135043814e-03,3.194810307568637237e-02,3.441058092440255761e-02,1.746284643181987561e-02,4.350097387781461100e-02,2.724564113446868371e-02,2.176516315447325767e-02,4.181449817712359213e-02,3.144552246612573876e-02,1.202483824803420552e-02,5.725843997141478320e-02,2.842536052865823545e-02,3.624169064192715728e-02,5.829001116381037073e-02,1.747146764714054348e-02,5.210027182416141628e-02,3.517211354452851740e-02,-1.285330673534734042e-02,1.495700215094434606e-02,-1.262240505143534183e-02,-3.695117550146156948e-02,-1.868164591730367072e-02,-7.222925312544567489e-02,-4.066761380847608298e-02,-5.423789808378599864e-02,-7.160433191947569720e-02,-1.312890079579448130e-02,-8.166256448358054365e-02,-6.755939340761972500e-02,-3.358800129363121584e-02,-9.631232359953112443e-02,-4.405814422840163141e-02,-7.436129477917534369e-02,-4.482866804253721194e-02,-7.204551578035812975e-02,-4.965563835794950531e-02,-5.708873391787752660e-02,-2.745030353439853119e-02,-3.237946848025239494e-02,-8.560707824858042325e-02,2.389504504878310967e-02,6.367056909310926660e-02,1.779411937507218919e-02,1.840751805511242623e-02,3.038908891626599523e-02,2.811640583764044368e-02,3.288287290822976359e-03,-1.667613016604603537e-02,-1.525945849213095756e-02,6.224394181275737757e-03,1.244782029500057612e-02,5.251261117259251043e-02,1.477581460915034124e-02,-1.705484783359319939e-02,-7.951052643671010708e-03,-3.070012530259421529e-02,-1.251449574427607528e-02,4.944234415755638943e-04
5.428223529414211157e-01,1.000000000000000000e+00,5.178908514346716174e-01,4.824689165073847708e-01,7.583413095942720394e-01,4.222042471655420570e-01,3.925763476830003706e-01,6.354470140001224898e-01,1.404088141050932048e-01,-1.218549275066266729e-01,-8.660546150656749098e-02,1.879817673092386843e-01,-2.114704706925335798e-01,-1.392824433206429902e-01,-1.540082579223088499e-01,-1.414628122224170503e-01,-8.815411185309746100e-02,-1.717311081607891254e-01,-1.492685245631368007e-01,-2.760497095083209312e-03,-8.454004487212411767e-02,-9.115907306892782891e-02,5.008880555517904176e-02,1.203302570916953002e-01,9.750657632870661506e-02,1.262878115092478104e-01,8.767394657473241704e-02,9.747129172544238829e-02,1.551196710869648943e-01,8.951097092916157627e-02,5.719366692045827621e-02,1.062800748240128462e-01,5.141519362651795350e-02,4.858511074156851572e-02,1.086134833835485786e-01,6.163366368099076897e-02,3.030894528327861964e-02,8.365472016143352119e-02,3.128601513413053342e-02,2.107171601587949986e-02,5.811791986485595474e-02,4.606172969911994514e-02,2.957813351778975849e-02,4.179867160308330110e-02,4.036831880829580554e-02,2.157519185361056122e-02,3.613112225766707680e-02,3.435567253545872973e-02,-1.226583851170109235e-02,2.485175811629364295e-02,3.703400489280552627e-02,-1.475922882639404965e-02,4.784858681208861014e-02,3.460657154813514408e-02,2.183344239132015488e-02,6.359742867496769037e-02,4.230074262649262395e-02,5.205875408847879249e-02,3.179065225391099897e-02,-3.559266102168917589e-02,-2.199160089506272536e-02,-4.230830848020838975e-02,-9.520188949281079005e-02,-4.094362926137691538e-02,-7.563465110370098943e-02,-7.909155630352319999e-02,-5.682035872154252154e-02,-7.767526220063115938e-02,-3.681153434520546136e-02,-7.650318279235983343e-02,-4.077293907150650321e-02,-1.864761816581889109e-02,-8.083140581093524457e-02,-2.644349537912167245e-02,-5.415275274903780939e-02,-5.403014604142341443e-02,-9.477859478485468891e-02,-3.283753416047239387e-02,-7.120026728766885860e-02,-6.719567751226092345e-02,-2.186680290080698918e-02,-9.843921119228922489e-02,2.979125118892306245e-02,5.387087090961082542e-02,-3.395834011184056117e-02,-3.089708886505316762e-02,-4.391131202536844441e-03,-4.566251152756590354e-02,-2.592220472147500551e-02,-1.728857498104533624e-02,-5.168628283187778893e-02,-4.141236421940661626e-03,3.946806994410207575e-02,4.543465085380160584e-02,1.675381335323889928e-02,-1.933770304420820429e-02,1.060959681916110245e-02,-2.627091740991594968e-02,-3.396124874928601396e-04,4.150775999827687433e-03
3.755931956958090678e-01,5.178908514346716174e-01,1.000000000000000000e+00,5.027873126010438121e-01,4.058812046276510377e-01,6.922890399277065177e-02,2.868368862487319371e-01,3.506658706485880628e-01,3.297724674095827042e-04,-1.672277049256451487e-01,-1.195340995341270980e-02,4.322270202305206199e-02,-1.430514431810349651e-01,-1.478383528836814398e-01,-7.270304528156942836e-02,-1.284213458851800882e-01,-1.019143135729198568e-01,-4.002616690862173532e-02,-1.153581425827348156e-01,3.098370384545111669e-02,-2.481109406391403607e-02,-9.268392771186349799e-02,8.215473357317044922e-02,3.876539800383730500e-02,4.401607720210290453e-02,5.008596325460045601e-02,1.032986442513532822e-03,3.260960891008684442e-02,7.481970061005255301e-02,-1.037061856189759775e-02,2.096759014744061303e-02,4.488079365112516289e-02,-1.285712033562891321e-02,1.958254662746186647e-02,4.992576675849615814e-02,-2.088053870362356970e-02,-1.896822135349640268e-02,4.512064655805083507e-03,-1.086265207078514206e-02,-2.150581635300865407e-02,-2.022528780323394268e-02,-2.800890901974670624e-02,-1.690034106928845620e-02,-2.100240270852004806e-02,-1.445036206728729684e-02,-2.456050937500289105e-02,-2.644325344742013556e-02,-1.653451902288464309e-02,-4.528312156646095710e-02,-3.472149300101145392e-02,3.508301656820879931e-03,-2.505694930994280603e-02,2.408512285925089238e-04,2.250070157053010202e-03,-7.280199238127729559e-03,8.767523616353805824e-03,-7.118854492110147751e-03,1.766652552290829889e-02,-2.157682830649347225e-02,-4.555924265813236784e-02,-2.598376711423813420e-02,-2.973153132999354492e-02,-8.624693158877672072e-02,2.114155002219752361e-02,-5.824920026951885960e-02,-2.567774569674957999e-02,-2.755102248268451876e-02,-5.025122233870950306e-02,-3.905088567322119973e-03,-5.440925742044106644e-02,-1.998017572150787707e-02,-1.458479487146165446e-02,-5.576322349549552027e-02,3.178014060778283287e-03,-2.930910565642299084e-02,-2.484255676779388577e-02,-5.428124098151169974e-02,-8.513290049651586625e-05,-7.661892823867903768e-02,-4.610915305714791829e-02,-2.109616248290229965e-02,-8.905129852664100953e-02,1.455437754361689311e-02,2.661536316179791140e-02,-4.685734773989147506e-02,-5.559454565950641518e-03,2.776392176313797686e-03,-2.826575942604469052e-02,-1.864556362291267325e-02,-5.542508498527276561e-02,-6.303256516107123841e-02,-2.764384951212367839e-02,2.055863694888956927e-02,7.215390297464330249e-02,3.440325644261949672e-02,-3.166034487518790824e-02,-1.497523354264158023e-02,-4.654539314114289339e-02,-1.639798818392857252e-02,-1.889481742060382038e-02
6.315479494894523649e-01,4.824689165073847708e-01,5.027873126010438121e-01,1.000000000000000000e+00,2.068034886754560042e-01,-3.326567809266565978e-02,-2.827422309143712287e-02,2.745289507788750138e-01,-1.662743281810576124e-01,-2.212091438787237574e-01,-1.888585090528727695e-01,-9.603622038777190340e-02,-1.998400941778426254e-01,-9.837982600134617672e-02,-6.812407550109418619e-02,-1.667264784606172501e-01,-9.525283986326807395e-03,-4.641594673078024841e-02,-6.692848127966573302e-02,5.531390842498468130e-02,-2.553523900515285161e-02,-6.992878861259035905e-02,8.337960789146461882e-02,8.960712662874278922e-02,4.652215053439754527e-02,2.071498779254885708e-02,1.148485590428833560e-02,-1.558365735373980904e-02,1.197092934652242008e-02,-2.564855421697001189e-02,-7.797320487678650880e-02,-3.894021614675014648e-02,-3.751982254428191249e-02,-7.896291889180455381e-02,-2.586638049212483872e-02,-2.124158962903395856e-02,-8.961157425568824775e-02,-3.424961992592537308e-02,-4.760207517486242899e-03,-6.757140160336297385e-02,-2.519946212655972684e-02,7.236366780290368061e-03,-1.205884147412250758e-02,7.891935307234355240e-03,2.044857217635187227e-02,7.204546449547556556e-04,1.791580184478266946e-02,1.305126911757606596e-02,5.416890000527113669e-03,2.370774763315634109e-02,3.205972397253180339e-02,6.160924729838711950e-03,4.016329029390585531e-02,3.068986186589956616e-02,2.671696834784754310e-02,3.501261065208838286e-02,2.476681228663157527e-02,4.835822961253779390e-02,2.532801810428077921e-02,7.578465614515267172e-03,1.401836205402613375e-02,-1.079783639215897706e-02,-2.129580742737529134e-02,2.352030584681681288e-03,-7.902470286860324711e-02,-2.171332547162620891e-02,-6.477060669785726643e-02,-6.310539646725382701e-02,1.357618300232904703e-02,-6.945861459993106501e-02,-5.368835417752977623e-02,-3.283246992807855539e-03,-8.683901708659266805e-02,-1.905305982037271487e-02,-5.650600473764712250e-02,-2.440771611063474733e-02,-5.903735401687996293e-02,-3.486649884586135589e-02,-5.838793592638397145e-02,-1.992336310179314979e-02,-5.256326460757468344e-02,-1.233399254267441431e-01,2.625612627303582081e-02,5.865756918742121018e-02,3.100941371806054873e-04,1.754145108352363897e-02,1.364347190850436105e-02,3.368335213222085900e-02,-6.383412950440879412e-03,-1.120917947790925351e-02,-4.501840412215763615e-02,-1.231202620892684306e-02,-1.509756688021577330e-02,2.690228891431821825e-02,2.032836088449895690e-02,-3.575536086900409777e-02,-3.331772238411200709e-02,-3.054204959114841661e-02,-2.886163746000061647e-02,-2.030473842319547445e-02
2.890090125128108034e-01,7.583413095942720394e-01,4.058812046276510377e-01,2.068034886754560042e-01,1.000000000000000000e+00,5.965596421054153442e-01,6.460517036692291493e-01,7.244216803866616594e-01,3.162551065536477468e-01,-6.341402236863739883e-02,1.326892527191149114e-03,3.218763999979976642e-01,-1.802297157434335217e-01,-1.308275475484374228e-01,-1.633402842037262881e-01,-9.110470575758307377e-02,-8.752031127077214423e-02,-1.889439705993804508e-01,-1.496062014000796858e-01,-4.705801115442547616e-02,-7.804430861693337218e-02,-8.667155472065551924e-02,6.103534758498025976e-04,9.547091906610000178e-02,1.111342889740861289e-01,1.443378268751727422e-01,1.122545030533560750e-01,1.505631864258665242e-01,1.886374237893738703e-01,1.275306437846309149e-01,1.305400469657772011e-01,1.578190958661546406e-01,8.775533548392738803e-02,1.111343427379766630e-01,1.400176020451069925e-01,9.564889877189525214e-02,8.342720658843605364e-02,1.335030737071541684e-01,6.454307666199655957e-02,6.178158847668578646e-02,9.279688319306274302e-02,7.370906363808869821e-02,4.558460783875890182e-02,6.300665250829351471e-02,5.486409652061866732e-02,3.206278956298517363e-02,5.354879302507748601e-02,3.805732701668200491e-02,-1.781860697791982917e-02,3.096139400706445985e-02,1.759772773059008547e-02,-1.394980123629026639e-02,5.268635460855719543e-02,1.115797324606972521e-02,3.675076158081012206e-02,7.237598660816961516e-02,3.188483409126697393e-02,7.358024850870507894e-02,4.335258888163850965e-02,-4.081260148718954262e-02,-6.337403704561103690e-02,-2.939560545526361673e-02,-1.219045556846131001e-01,-6.206196304404296149e-02,-4.654117819613821927e-02,-7.824840403640281883e-02,-4.457586059110311277e-02,-6.898997329123053579e-02,-4.929094741551127978e-02,-6.973512920390077807e-02,-2.164707539127539229e-02,-2.398530778480803538e-02,-7.185292965276676713e-02,-1.771412762885182096e-02,-2.251572302895503766e-02,-4.134918134982515370e-02,-7.013553543627479292e-02,-1.542475934916706301e-02,-6.280131971741069463e-02,-7.198579966204027292e-02,8.686837474028014094e-03,-5.783968436732419421e-02,1.581402628566245389e-02,4.912498225090402432e-02,-3.699107185656741459e-02,-5.873362154124345258e-02,-2.304373077247227897e-02,-7.115295946321195664e-02,-3.405767739138202549e-02,-2.489963006081294394e-02,-4.167237231233663491e-02,-1.170809278186024822e-02,5.986579552512041186e-02,5.470460533493008703e-02,1.918494018630863621e-02,-2.667444458765655738e-02,3.170170257703438382e-02,-3.112918626457916380e-02,1.460177824476551443e-02,1.663309406987702188e-02
6.456759930753309951e-02,4.222042471655420570e-01,6.922890399277065177e-02,-3.326567809266565978e-02,5.965596421054153442e-01,1.000000000000000000e+00,5.343683221604736966e-01,4.871369865368556096e-01,6.589533272841346934e-01,3.584166802917425065e-01,1.800780812733516756e-01,5.428733403065857388e-01,9.609007922893687825e-02,9.568033490014946074e-02,-7.728562939795757813e-02,1.313100926241700384e-01,1.741542952982691114e-02,-1.257153993470354059e-01,-1.136311688649527668e-01,-6.241825055047787313e-02,-8.167002039937711066e-02,-7.807262515333616981e-02,-5.698330704904535499e-02,3.785800920804518327e-02,7.364193449310578454e-02,1.442101973270162041e-01,1.092120355775018231e-01,1.943417335972494053e-01,1.998190278756376836e-01,1.488515034746588916e-01,1.978691884986165106e-01,1.927251011278333925e-01,1.164090670679190781e-01,1.647281540384596121e-01,1.475904678828445782e-01,1.083370702279195102e-01,1.031173240282498571e-01,1.133776079553085597e-01,8.311277128810887205e-02,8.667907618620544763e-02,8.074961779472127066e-02,7.905528108461500059e-02,4.486105799436076319e-02,6.235213857925456238e-02,5.648854256208951652e-02,2.449454668056054787e-02,6.538968473291949246e-02,3.249739532965312261e-02,-1.240921448793379234e-02,4.228071497524625577e-02,5.066590876614620459e-03,-1.907118439784335345e-02,5.213679142988997262e-02,-1.063680305154821211e-02,3.228004360816895402e-02,6.932821422292011204e-02,-1.003605709791303806e-02,6.399428972961335171e-02,6.346137815940201821e-02,-5.052419788157207214e-02,-8.503395525033122238e-02,-3.432641277292183130e-02,-9.920886800794523341e-02,-7.052665844206805479e-02,-3.325954802485483336e-02,-8.541064398977860073e-02,-7.972123901158899295e-02,-2.782442157123568224e-02,-8.436483581029383116e-02,-7.777621252151313558e-02,-4.517659364128463750e-02,-5.238994506122565675e-02,-7.127678277870597157e-02,-5.779683656635468264e-02,1.173506054338511280e-03,-1.254852687397108035e-02,-5.888529756281086353e-02,1.493935678322490419e-02,-2.600393056853486651e-02,-1.842868473139597577e-02,3.168992182561356646e-02,-1.390194877867201653e-02,1.793420040215880362e-02,2.213940924158038642e-02,-5.389870123381691053e-02,-7.926155349237298808e-02,-6.628637181831008307e-02,-9.511302135986625383e-02,-4.336634950898042573e-02,3.863715631431329650e-02,-2.021271541000762076e-02,2.506032468557189280e-02,1.797907732269631020e-02,-3.928689088751075031e-02,2.203308320981728699e-02,5.656044971565913487e-02,4.879811513614034507e-02,9.066571414585519739e-02,5.966062154928407357e-02,4.059717704622702039e-02
9.398407343430012495e-02,3.925763476830003706e-01,2.868368862487319371e-01,-2.827422309143712287e-02,6.460517036692291493e-01,5.343683221604736966e-01,1.000000000000000000e+00,4.578338529353804809e-01,5.064840817030120679e-01,-1.066551401974866545e-02,2.771351444494819516e-01,4.449855948187693144e-01,-9.763068613295504405e-02,-1.451205399618432368e-01,-1.733731487319337961e-01,-3.545402014886420844e-02,-1.299745998474244602e-01,-1.481816013566946144e-01,-1.397334312960545333e-01,-1.171204310255942183e-01,-5.100900821774254079e-02,-9.952659892405937847e-02,-6.402247522759703380e-02,4.266824968728569895e-02,1.279700613272562737e-01,1.379248379082329279e-01,8.849736853987454077e-02,1.696464396026599875e-01,2.012248180618229632e-01,1.279839308239915097e-01,2.032449869394782616e-01,1.967676161804706170e-01,9.779987402979711808e-02,1.739390935057719689e-01,1.585321343457063437e-01,1.013239803035173581e-01,1.245456189534256963e-01,1.244850571715591936e-01,6.023590841610249047e-02,8.047681651817469028e-02,6.727334045787808359e-02,4.853095266485708825e-02,4.026527498929481641e-02,2.875734526702218574e-02,3.878920131896090862e-02,1.470952847236829675e-02,3.247633234227418481e-02,1.811467506507993125e-02,-1.832913056997770990e-02,2.241566675552597934e-02,9.693363907034614063e-03,-2.383671419884392413e-03,5.578294818639887437e-02,1.883267051958479460e-02,5.028454683699655481e-02,6.941492854410148683e-02,3.354433545874271894e-02,8.200184967807111480e-02,3.908379773293264164e-02,-2.570957584151458905e-02,-5.801943875684630741e-02,-1.443595746627972937e-02,-1.266423079888629455e-01,-5.102481584535245585e-02,-1.728019852322594530e-02,-8.326113392726790241e-02,-2.628901896470385580e-02,-6.290447977614517516e-02,-5.784263312988797978e-02,-5.356581646351325082e-02,-1.625439195411800333e-02,-3.851008357973657176e-02,-7.277459688138067373e-02,-3.392604293178399372e-02,-2.396713657503073830e-02,-3.301256067867910232e-02,-5.859439141891303188e-02,-1.124765655783343567e-02,-7.856156323944055164e-02,-5.838337069823024833e-02,1.843922696114665832e-02,-3.097038508593656647e-02,-3.358850811796776359e-02,4.063225127298819572e-02,-3.270610917739290302e-02,-3.825279642039389888e-02,-2.892843640076644615e-02,-5.771424115989828851e-02,4.741719925530239396e-03,-2.626853028405491328e-02,-1.711023030416232438e-02,1.493132692318929061e-02,2.684260048351368513e-02,7.082211605015768796e-02,6.794110867669192477e-02,6.215216378664023718e-03,2.245917764274857689e-02,-1.767277357748360533e-02,-1.056657099755096106e-02,-1.255112300241420509e-02
2.822524350726701159e-01,6.354470140001224898e-01,3.506658706485880628e-01,2.745289507788750138e-01,7.244216803866616594e-01,4.871369865368556096e-01,4.578338529353804809e-01,1.000000000000000000e+00,1.214552659514771538e-01,-2.532842772185481262e-01,-2.485750277768769001e-01,1.720704568117781830e-01,-3.610529020434312675e-01,-1.742352066035306735e-01,-1.937851953643198177e-01,-2.114176269595459678e-01,-5.180922727293438973e-02,-2.335567203522415647e-01,-1.656664888109656841e-01,-1.008961818095171353e-02,-9.233726001405205552e-02,-8.935601068455566176e-02,5.951813959745660271e-02,1.457515352908960726e-01,1.466607016789895357e-01,1.636283086357014360e-01,1.424426974428844306e-01,1.578649438664731508e-01,1.997278895138142052e-01,1.452711032688760728e-01,8.237268051131556301e-02,1.393930009133904080e-01,1.023179678706497148e-01,6.799764896731887165e-02,1.298012556690733010e-01,8.956405486495920554e-02,3.657872966498549455e-02,1.164336109359341703e-01,4.294854272250058641e-02,3.078992350895254707e-02,8.480797629101129165e-02,4.289959481426936644e-02,2.635958131674377355e-02,5.144132593615197840e-02,1.614695689541912130e-02,2.270394856308135395e-02,3.525197186627408025e-02,1.635449382887546133e-04,-1.977974845680776847e-02,1.097086059001021151e-02,-1.083162384887867598e-02,-1.740429934253497068e-02,2.388385869735889719e-02,-8.880965116990003835e-03,3.681406634894655167e-02,3.816173615942809044e-02,9.473569870209004942e-03,6.424145441891855601e-02,1.109580585233281222e-02,-3.184472585663716826e-02,-4.329699701829087949e-02,-1.706445076511030334e-02,-8.190852663377273801e-02,-4.478716806105929177e-02,-4.100773770615807196e-02,-5.134560461901890860e-02,-3.913414420722600290e-02,-3.727744673866831282e-02,-2.584305196059689946e-02,-5.017177789616901473e-02,2.057395831412940721e-03,-9.303141321679959594e-03,-4.854106598914161713e-02,3.625501360157401889e-03,-1.413824702301286727e-02,-8.610436039534293982e-04,-3.074628719182967082e-02,3.812764410405509227e-04,-1.125272960347950719e-02,-4.362036881698298785e-02,1.714614484908373376e-03,-5.453319041046088972e-02,3.235590694245881610e-02,3.591220471243684875e-02,-2.902639749864273019e-02,-2.738035168873338698e-02,-2.239486231245998299e-02,-4.428157265931535053e-02,-9.214793559223147593e-03,5.512432462245800066e-03,-3.626046683919125629e-02,1.184008600732605436e-02,3.755755185514851602e-02,1.822140763917283815e-02,1.603745351477499012e-02,-1.239934707897282634e-02,2.270467118557629657e-02,-1.355767822676699590e-02,4.487890553466706949e-03,3.430830896736132129e-03
-6.977811780982422218e-02,1.404088141050932048e-01,3.297724674095827042e-04,-1.662743281810576124e-01,3.162551065536477468e-01,6.589533272841346934e-01,5.064840817030120679e-01,1.214552659514771538e-01,1.000000000000000000e+00,5.674623087483547934e-01,4.833257853231128776e-01,6.600726476504055196e-01,3.261994910206560405e-01,1.546065332472895404e-01,1.481630466819312993e-02,2.796195427208650885e-01,-2.483093421961211217e-03,8.524477647158960891e-03,-6.377126606390459695e-02,-1.174122149142414751e-01,-1.772724505276291468e-02,-6.205187283826418820e-02,-1.145963766962018737e-01,-7.769235705412515236e-02,9.074665968383776801e-03,6.084395592025324678e-02,1.179836148792838893e-02,1.577760455693615060e-01,1.171496230183062676e-01,7.333836286401558546e-02,2.210547076724603821e-01,1.609871924772924845e-01,6.738667266882278351e-02,1.903144063133019037e-01,1.170901432118571645e-01,7.142463433809005668e-02,1.346533532217529805e-01,8.249471627584922806e-02,6.867107258306430484e-02,1.093846863673556269e-01,5.460287554420046457e-02,7.308405929689927583e-02,5.980711102676949942e-02,3.045922547535865124e-02,7.484825826798113813e-02,3.358351986656002430e-02,4.968084628188190743e-02,5.238969342595490436e-02,2.505339890046830165e-03,3.681347084778519019e-02,3.434081169871618100e-02,-1.090668419673333951e-02,5.016909731762615732e-02,2.104415561401085794e-02,3.542977368617952066e-02,5.691311494361097484e-02,2.263233327375957851e-02,5.255660969479572509e-02,4.948653886951843300e-02,3.777519113251115207e-04,-4.846414556709206789e-02,1.440941131409167152e-02,-7.835328808522608324e-02,-2.514697061851345686e-02,2.583565333366708364e-02,-3.981338914113993765e-02,-1.838533011183631632e-02,2.404879409640217972e-02,-5.484508788437959109e-02,-2.459465985689291562e-02,-4.191979531976112311e-02,-3.725564831078375522e-02,-2.638934091149382904e-02,-7.010984041672591038e-02,-1.296192375323996192e-02,-3.056126872638971134e-02,-7.967289664623147805e-02,-2.638179903254626521e-02,-8.558810214915128778e-02,-5.454782958944568577e-02,1.671469414262502506e-02,-4.303049202783040122e-02,-7.817193726918799518e-03,3.149451108652605302e-02,-6.845207805565137194e-02,-9.760125880010565858e-02,-8.470593928542625994e-02,-1.077015751604876725e-01,-4.139947342989667295e-02,2.695160434397516139e-02,5.514768154044826128e-03,2.656710651548358990e-02,1.019386708056518702e-02,-1.185445184098293803e-02,6.036108929565101033e-02,4.607710678012349320e-02,2.246329475971626036e-02,6.249567346396345258e-02,3.467738410050678205e-02,1.498492393069191658e-02
-1.628017502063177080e-01,-1.218549275066266729e-01,-1.672277049256451487e-01,-2.212091438787237574e-01,-6.341402236863739883e-02,3.584166802917425065e-01,-1.066551401974866545e-02,-2.532842772185481262e-01,5.674623087483547934e-01,1.000000000000000000e+00,4.735463591398922367e-01,4.419275541416717301e-01,6.858444144407550569e-01,4.382796672961399298e-01,2.322345475265554515e-01,4.894577901856829172e-01,1.484602063599280708e-01,1.802489519747823565e-01,7.088442205180094102e-02,-1.307697512329382590e-02,2.367114495602044150e-02,1.527910689702686141e-02,-9.806714806516127203e-02,-1.191192531308882668e-01,-1.267148938541025893e-01,-3.821887098468929739e-02,-4.468243740466749242e-02,1.694823998810336338e-02,-8.257335042518623366e-03,2.054709301579526678e-02,1.191792557251158818e-01,5.954525592809056800e-02,3.892821127253355551e-02,9.718698255324585700e-02,2.732225700686481337e-02,2.329195083428940022e-02,2.929454358355287544e-02,7.053184155806749983e-03,3.347891109472717064e-02,2.118007095270907011e-02,-2.888553834055998613e-03,2.369081550193074745e-02,-3.297301522016578279e-02,-7.243824537722687827e-03,2.149744694242949547e-02,-3.125895228704780177e-02,1.397763734865033365e-02,1.475134231272277191e-02,-4.219737795300121386e-02,7.229854067729636971e-03,-1.806995021588834668e-02,-4.995556300062949789e-02,-3.255765312118877059e-03,-5.262842042079338839e-02,-2.222586393787973763e-02,-3.414527432983544084e-03,-6.716500163436452120e-02,-1.482777843884895350e-02,1.239852922697421908e-02,-3.918225534351775508e-02,-4.715803240331042923e-02,-1.097133155892715366e-02,-3.970047814627431643e-02,-3.347799406029346864e-02,-8.643030133493882078e-03,-2.414324405023253808e-02,-5.405077132230842046e-02,2.481561294400907308e-02,-5.979766631858725312e-02,-3.777230515700582408e-02,-4.667742547142557374e-02,-3.369475051667213117e-02,-2.523264311076398383e-02,-6.477705269662643872e-02,-5.005372718101702353e-03,-1.270617871728830020e-02,-7.082463209010192440e-02,-4.620535137448053206e-03,3.379375861279108363e-03,-5.090333420685586030e-03,5.365591262975564352e-02,6.951063366261543176e-03,3.844773737265037850e-02,3.879928489045665618e-02,-3.642905927397720178e-02,-7.291017519880230169e-02,-3.353019946765160852e-02,-7.279831403383341115e-02,-5.062692620592154635e-02,3.188568825392290237e-03,-2.073197339407850323e-02,3.665133227707314915e-03,-7.779131297461352318e-03,-3.426854015604365034e-02,4.504285145269307927e-02,3.817990750424599122e-02,3.331748127834315010e-02,8.426342501798117501e-02,4.210844449564290354e-02,1.661256391026436768e-02
-1.222703262996100160e-01,-8.660546150656749098e-02,-1.195340995341270980e-02,-1.888585090528727695e-01,1.326892527191149114e-03,1.800780812733516756e-01,2.771351444494819516e-01,-2.485750277768769001e-01,4.833257853231128776e-01,4.735463591398922367e-01,1.000000000000000000e+00,5.008862247887733155e-01,5.044683502770499484e-01,4.691308851292318172e-02,6.440122812762305582e-02,3.065856202862797808e-01,-1.521454360122167504e-01,1.287011825007529087e-01,-1.482687659101655613e-02,-9.205795270468045133e-02,2.847963206816424286e-02,-5.598884975388698088e-02,-8.349021942438622501e-02,-9.684264671033571137e-02,-2.022534627538894250e-02,1.668412747169541188e-02,-4.509432459251223879e-02,6.967894311916397743e-02,7.077678090418350332e-02,1.873733193536249999e-03,1.839451720804555213e-01,1.471803977688140308e-01,3.112122706919452989e-02,1.513276015634249794e-01,9.305220852223766714e-02,3.229384369737222510e-02,1.051710006838704886e-01,4.366758332910413570e-02,3.691285903268328589e-02,5.326698625537056031e-02,5.653392183575059807e-03,4.404823025431641587e-02,-9.148604909086462860e-04,-8.584968419805254908e-03,6.422417226899081177e-02,-2.480491538544562710e-02,1.269038599403421973e-02,5.527928687639335759e-02,-3.134499789755810367e-02,3.490508968842929299e-02,4.268756171526263965e-02,-1.554692246444467664e-02,3.072633424020340329e-02,1.224873112017712574e-02,-2.064788280371296705e-02,3.029537360162279369e-02,1.888863971627338873e-03,-1.057017526978312229e-02,2.235856898847432897e-02,-4.479483551226155075e-02,-5.597158096561862667e-02,-4.025756680017168049e-02,-8.831886671863835303e-02,-1.735247272068789551e-02,5.054943826586857231e-03,-6.276605353798621334e-02,-1.668158342237735167e-02,-1.637207626315561812e-02,-7.537015545932694571e-02,-2.912022770296100738e-02,-5.305668888386673616e-03,-4.856752223279514613e-02,-4.307144980407580370e-02,-2.856482856000427256e-02,-7.541937422393196234e-03,-5.954138163284342089e-02,-6.891595889784978002e-02,-4.382904525816221780e-02,-8.516010348819122444e-02,-3.033483955107952462e-02,7.116508872613906168e-03,-3.735010365762417728e-03,-2.972099509285055716e-02,4.602888585000646654e-02,2.364701847502669041e-03,-4.465480658324990498e-02,-2.139958682799325898e-02,-3.074252344052979397e-02,-4.210510871676626660e-02,-6.892036877349325130e-02,-3.504931577357146139e-02,-1.710798215526970062e-02,2.381054347373216806e-02,-1.155311877761580966e-02,3.981037535535397048e-03,2.472227808405883312e-02,2.750432875191017451e-02,3.708649709414278683e-02,2.952903049935691818e-02,2.149337639647632900e-02
-5.921997923176386056e-03,1.879817673092386843e-01,4.322270202305206199e-02,-9.603622038777190340e-02,3.218763999979976642e-01,5.428733403065857388e-01,4.449855948187693144e-01,1.720704568117781830e-01,6.600726476504055196e-01,4.419275541416717301e-01,5.008862247887733155e-01,1.000000000000000000e+00,1.871209228493568300e-01,1.422554458311995063e-01,-8.237087310470020407e-02,2.356032531906425698e-01,1.956401157746166797e-03,-1.093480140344452733e-01,-8.007599012626662183e-02,-1.166130420481865382e-01,-4.695250128930988920e-02,-7.659627235112859145e-02,-1.091301990690764223e-01,-2.570124979764994502e-02,5.062778021678492058e-02,1.207176198823273622e-01,8.377513109928795554e-02,1.971186199833158126e-01,1.907789311596310711e-01,1.525963245606697938e-01,2.599881137584036939e-01,2.177977935651155272e-01,1.526792436905518024e-01,2.120661202060844519e-01,1.618036749957791620e-01,1.249120668447096655e-01,1.439871289096336937e-01,1.316023273476880917e-01,1.145725079617610637e-01,1.165309868338034183e-01,1.060611433017958072e-01,1.071937116567696774e-01,6.879584289911018502e-02,6.291123144345495133e-02,9.047184177920493398e-02,4.396553885758155977e-02,6.062169035474479495e-02,6.305454969622660555e-02,1.502508838409122999e-02,4.009911659871163991e-02,3.710915067241873228e-02,8.334377543668697319e-03,4.872311698557503512e-02,2.611391873368357555e-02,3.197316044864671053e-02,4.259554284489356496e-02,5.657498221909730562e-03,3.082890772596099532e-02,1.855985019206932152e-02,-3.643496607194036951e-02,-8.057393571123802611e-02,-6.064382268750299898e-02,-1.218592202773303435e-01,-1.000538218046289896e-01,-2.150439926709878796e-02,-1.002732722446742081e-01,-6.854153423169555281e-02,-3.008549587747286203e-02,-9.899010129908288047e-02,-7.249773978832654842e-02,-3.795591932297990440e-02,-7.211368113522828582e-02,-6.695724748769976697e-02,-5.490286172838478029e-02,-2.965179610147383737e-02,-1.647384655630441605e-02,-8.855549203788244672e-02,2.692261159506252610e-02,-5.962622378688511166e-02,-6.291587920836305692e-02,1.068584099861089910e-02,1.721938311360596621e-02,-4.602258681534484794e-03,5.223997844001117968e-02,-2.783367220061452874e-02,-6.001846096717527307e-02,-4.345024296464635588e-02,-1.037046644125181050e-01,-1.901357489078573521e-02,1.369437512778844644e-02,9.273118950701595906e-03,4.579511577102412384e-02,4.616006748402274804e-03,-4.835897474226229231e-02,5.922399301376147368e-02,7.934622878152831904e-02,5.246596767501271463e-02,9.782296701247904236e-02,6.332869746932283384e-02,5.310420421478365821e-02
-1.833651189831659034e-01,-2.114704706925335798e-01,-1.430514431810349651e-01,-1.998400941778426254e-01,-1.802297157434335217e-01,9.609007922893687825e-02,-9.763068613295504405e-02,-3.610529020434312675e-01,3.261994910206560405e-01,6.858444144407550569e-01,5.044683502770499484e-01,1.871209228493568300e-01,1.000000000000000000e+00,5.071816059639853158e-01,4.834870002552731916e-01,5.827152447281643832e-01,1.832326853678147016e-01,4.114834843548173526e-01,1.916232987181444303e-01,5.083461967074436039e-02,1.343623133883585785e-01,9.277884772426821247e-02,-4.636871716273063132e-02,-1.120664639540464858e-01,-1.358711931490680092e-01,-7.827253078913735951e-02,-1.055008984989484200e-01,-5.941272095169437828e-02,-1.013797201614984600e-01,-9.017065774455777782e-02,2.816786723867378481e-02,-3.707774533539930084e-02,-6.463928643654504036e-02,1.465047066599064508e-02,-5.272589408317259613e-02,-4.368734983822536444e-02,-7.769797382036251754e-03,-6.412623716159955578e-02,-1.367501213172064509e-02,-1.723262758800759090e-02,-6.781802290580614401e-02,-1.755891187129936942e-02,-6.962730349940944585e-02,-5.485760572004082930e-02,-2.342630019836041723e-03,-6.338236415422936199e-02,-2.896806597608366646e-02,-8.561818597521916614e-04,-6.516528885435646234e-02,-2.399850020891712218e-02,-2.631115473859998999e-02,-7.924443584159954201e-02,-3.198971195163507336e-02,-7.139695501309419046e-02,-8.039581475542573186e-02,-3.407455618369113065e-02,-7.664188162696319861e-02,-7.235079879399236580e-02,-1.462338152165875479e-03,-4.130724447057115140e-02,-4.439198237217688997e-02,9.665264749728093643e-03,-3.940435157912656333e-02,-7.075113627017750283e-03,-1.860433554208969567e-02,-7.152628279178434127e-03,-5.311783003281175114e-02,6.786188892871200876e-03,-2.345263613346638618e-02,-6.166819805821131123e-02,-7.144065148839219559e-02,-7.846501807248011662e-02,-3.622647059409402764e-02,-1.046189407358420614e-01,-3.951778134945060222e-02,-4.239804313533344221e-02,-9.367764402173024696e-02,-2.332532261576741178e-02,-4.911298198489311845e-02,-1.111893849881741454e-02,5.454224493471497744e-03,-2.887819512604414621e-02,1.297084701915800740e-02,-5.671370546734780943e-03,-4.919140498360844577e-02,-6.541750787406727663e-02,-5.707556527566251536e-02,-5.970290661033802321e-02,-8.072839631731308641e-02,-4.212241391077941460e-02,-5.618725275095883681e-02,-2.295449430400602064e-02,2.047795762943365253e-02,5.808638930353751152e-03,9.533895792643571135e-03,3.539003750943055943e-02,1.876917497894656228e-02,5.640019128097755602e-02,4.663400305192691442e-02,-8.590355018528433168e-03
-1.062403344252526860e-01,-1.392824433206429902e-01,-1.478383528836814398e-01,-9.837982600134617672e-02,-1.308275475484374228e-01,9.568033490014946074e-02,-1.451205399618432368e-01,-1.742352066035306735e-01,1.546065332472895404e-01,4.382796672961399298e-01,4.691308851292318172e-02,1.422554458311995063e-01,5.071816059639853158e-01,1.000000000000000000e+00,5.218801330986734266e-01,5.896335175204866497e-01,7.072043044846569870e-01,3.211612007015278158e-01,3.057315287974119444e-01,1.856254250627225044e-01,1.930747654702923977e-01,2.115239099850655113e-01,4.398977184273724500e-02,2.620832158807402147e-03,-1.061804653360659684e-01,-2.723648890873623177e-02,-3.631448798129065930e-02,-3.732448234590467900e-02,-9.113213874519419944e-02,-2.421147218216378530e-02,-1.161766317176047766e-02,-6.831436741846287630e-02,-1.612538223685247921e-02,-2.876694303665961946e-02,-7.855153201734776935e-02,-2.846241234162684083e-02,-5.697659842594346435e-02,-7.040991778084002006e-02,-1.465263890903673039e-02,-3.245002005643994603e-02,-5.153341583916468127e-02,-4.327302348292530118e-03,-3.907639212610643231e-02,-3.339960623249595834e-02,1.075365968987774395e-02,-4.390636779561468174e-03,3.595180184413586302e-03,8.660494589667173948e-03,6.958356754652636131e-03,6.488456902534850759e-03,-7.064871034257415501e-05,2.319388415683487116e-03,4.987112120009094818e-03,-4.744930663387908476e-03,2.230817291657542778e-02,-8.412165278540428013e-04,-1.113546216946010615e-02,2.187412955544996637e-02,7.318169054760830655e-03,4.250704851660247474e-02,3.981890350717953893e-03,6.686803769936679187e-02,1.040973195880369809e-02,-1.915525311793836796e-02,-1.025131942306115214e-02,2.244296364654506729e-02,-7.244900914045580842e-02,1.080037149776986657e-02,6.388374560842102409e-03,-6.654712349864536081e-02,-9.674354911446050864e-02,-6.468757801578349509e-02,-4.677132313239135142e-02,-1.217923122834883437e-01,-5.569458950626546972e-02,-6.696955900224430686e-03,-6.757374040398131387e-02,1.430140302010576674e-02,8.112288036007071291e-04,2.329764357775179762e-02,3.454326334486847866e-02,-1.871843656561271441e-02,3.972711771320058816e-02,3.368622688507628016e-03,-5.073971431649810376e-02,-2.685702215453920905e-02,-5.399405493879454176e-02,-6.117104606254251953e-02,-1.668040836311903558e-02,9.060919755929362773e-02,2.794633485968898989e-02,6.408969423480762040e-02,2.386220365577273322e-02,1.200555497788255606e-02,3.487322364614329345e-02,6.040072868463790962e-02,1.222392100213895265e-02,3.639157568824207684e-02,2.396235127015852381e-02,-6.664649508331095019e-03
-7.529581617013504646e-02,-1.540082579223088499e-01,-7.270304528156942836e-02,-6.812407550109418619e-02,-1.633402842037262881e-01,-7.728562939795757813e-02,-1.733731487319337961e-01,-1.937851953643198177e-01,1.481630466819312993e-02,2.322345475265554515e-01,6.440122812762305582e-02,-8.237087310470020407e-02,4.834870002552731916e-01,5.218801330986734266e-01,1.000000000000000000e+00,5.476160655977061475e-01,4.906974188306276186e-01,6.748441725170003513e-01,4.351131279448935962e-01,2.746282375250629904e-01,3.455169045131624150e-01,2.838292019495328722e-01,1.755534592324589083e-01,6.055894996072622161e-02,-4.616941059199936026e-02,-3.544603389256706372e-02,-1.140659652247653089e-01,-1.066892372335970368e-01,-1.528944345813183225e-01,-1.400748798114709592e-01,-9.380199220880809652e-02,-1.111731768042606427e-01,-9.773999907161040612e-02,-8.603764859163434697e-02,-9.968551453905162563e-02,-5.698080502746664250e-02,-3.773484547658929184e-02,-8.054536067196640947e-02,-1.940191096807991275e-02,-3.713478608182698565e-02,-8.381339532576136120e-02,-1.460331347536143569e-02,-4.579623986191235646e-02,-6.171280189531911514e-02,1.455882248379466136e-02,-1.597575538360454517e-02,-3.252883738712637751e-02,3.975333173394683672e-02,-1.179890113964426022e-02,-7.318072769753805086e-03,4.109211740112654609e-02,-2.438176065254701874e-02,-1.803492207727650648e-02,1.149715156357385311e-02,-3.037445379034891743e-02,-1.301592182721686593e-02,1.578720957367429206e-02,-2.045927312436563936e-02,2.437785176307790541e-02,6.735191295286968582e-02,3.430591432372578214e-02,7.544441967234023771e-02,3.313573776673570809e-02,5.969257818077281647e-02,1.036334832372677161e-03,6.127834223736996350e-02,-2.895383469123170850e-02,3.048157199866421280e-02,6.464046535620528167e-02,-5.198099497201847524e-02,-9.004245428546420182e-02,-7.074111661987396438e-02,-2.747160722233658522e-02,-1.250746727161379523e-01,-5.934180029676053292e-02,-3.828527376400025356e-02,-7.360254689841357056e-02,-1.231208706000543572e-02,-5.705645357606117102e-02,-1.994604220019459417e-02,1.673604373682622756e-02,-7.201824780642177015e-02,-1.918980942158499819e-02,-2.467651626181114125e-02,-6.751779158035331463e-02,-1.095510607949590209e-01,-7.638247711206576362e-02,-7.165986070380994666e-02,-9.859804831513394041e-02,-4.599812413098749303e-02,-5.132235023954968833e-02,-3.311544204587408419e-02,-1.441799011198759833e-02,3.033268634601786126e-02,-1.495461089297749589e-02,-2.145224775762013050e-02,-1.700651723530372320e-02,-3.916193445107363225e-02,3.413901427782998349e-02,-2.310859603403016618e-02
-1.364168828754986351e-01,-1.414628122224170503e-01,-1.284213458851800882e-01,-1.667264784606172501e-01,-9.110470575758307377e-02,1.313100926241700384e-01,-3.545402014886420844e-02,-2.114176269595459678e-01,2.796195427208650885e-01,4.894577901856829172e-01,3.065856202862797808e-01,2.356032531906425698e-01,5.827152447281643832e-01,5.896335175204866497e-01,5.476160655977061475e-01,1.000000000000000000e+00,4.603946891759604365e-01,4.261267874110672427e-01,3.229980289512530134e-01,1.592374107655581961e-01,2.253005352574161124e-01,2.054871801236225204e-01,3.706879211696433030e-02,-1.194777676292487108e-02,-8.873227847321750461e-02,-2.183520261954183250e-02,-5.981535387670051940e-02,-4.249103327998800250e-02,-6.023614525433177574e-02,-3.254997986782585950e-02,2.864970771184307402e-02,-1.040377973793038015e-02,-5.919061219740577064e-03,1.555395016427198705e-02,-3.294018743461421539e-02,1.937891286112401745e-03,3.452698109315115258e-03,-2.980730485845534822e-02,2.559821994639241427e-02,6.208269152997233573e-03,-3.109817123959336335e-02,3.578722775475654677e-02,-2.594535729076586847e-02,-3.926744400554364745e-02,5.616887930377321286e-02,-9.386432636126914274e-04,2.620548450498142584e-03,6.404144963486896325e-02,-4.360137103392731049e-03,1.462253459412331431e-02,5.553237179696666331e-02,-1.390919194031568600e-02,2.093046243627511710e-02,2.679986824510707105e-02,-2.007713072731198700e-02,2.089185800393611459e-02,2.805854910961445153e-02,-3.024195004606457932e-03,4.671534727731452286e-02,3.805471493106143965e-02,-1.951832982064971578e-02,4.715522369323829621e-02,-1.068330485758840938e-02,-3.136726012308494230e-04,5.127909432762018001e-03,1.807740723833626065e-02,-5.147461566767953106e-02,3.288149984039179935e-02,-6.892127622692396406e-03,-4.381479766950104049e-02,-6.393493637331419677e-02,-4.928244366219702161e-02,-3.733165423673164007e-02,-9.424303423171227767e-02,-4.317517892550311320e-02,-6.304412519219723329e-03,-7.644529890245800596e-02,-1.729623500750503791e-03,-6.001723937614027171e-02,-2.560698131573584807e-02,3.282063374884208740e-02,-4.170282521474976550e-02,4.262184732301360635e-02,5.538674583438813609e-02,-5.807487524400224005e-02,-7.741577300710385245e-02,-4.154080286547914141e-02,-6.101089162153518208e-02,-6.346442462950889485e-02,-4.847783617483221279e-03,-2.857730462351023085e-02,-7.879746856379928749e-03,-3.669585629678063111e-03,3.259494523525179738e-02,2.887419329653551081e-02,7.548549362803268215e-03,1.276232241922035764e-02,2.326007975266072923e-03,-1.524485806534223642e-03,-3.716113949296606656e-02
-2.464136317009722049e-02,-8.815411185309746100e-02,-1.019143135729198568e-01,-9.525283986326807395e-03,-8.752031127077214423e-02,1.741542952982691114e-02,-1.299745998474244602e-01,-5.180922727293438973e-02,-2.483093421961211217e-03,1.484602063599280708e-01,-1.521454360122167504e-01,1.956401157746166797e-03,1.832326853678147016e-01,7.072043044846569870e-01,4.906974188306276186e-01,4.603946891759604365e-01,1.000000000000000000e+00,3.470736281801850009e-01,3.808234278657652849e-01,3.144665718408422572e-01,2.733543536158183351e-01,2.832138544514974376e-01,1.722577397365014362e-01,1.165375817057676816e-01,-4.116800327305288054e-02,2.923336643517072952e-02,-4.180572066010967980e-02,-4.322345657363246135e-02,-7.905942736167236029e-02,-4.069877776682819664e-02,-7.088326892322033279e-02,-9.723399449297692732e-02,-5.128116152374435910e-02,-7.415934116467828852e-02,-7.912355013302720119e-02,-3.792619984206312134e-02,-5.962078172321580438e-02,-6.749849338826224843e-02,-2.066259204235833605e-02,-3.191763382626275347e-02,-4.553039983135526159e-02,-8.092373719450512981e-03,-2.741764837719249878e-02,-2.959678986165686573e-02,1.280930705370079276e-02,8.425490253540040414e-03,2.094425260627794539e-03,1.704645645841647295e-02,1.826893529341996197e-02,8.488194418168034175e-03,1.853510376055073419e-02,1.512709943797239248e-02,1.402938541485905174e-02,2.306028079748291895e-02,2.700111301342361311e-02,1.114570550285527185e-02,1.901130041411271121e-02,2.795129703807235078e-02,2.725905797652520418e-02,7.402567976540296024e-02,4.219727673400134466e-02,8.457197037530433947e-02,4.311494986529393336e-02,1.940967212768868536e-02,-1.912782545607235631e-03,5.305458348178906935e-02,-5.498980092150680676e-02,2.218268924974989287e-02,4.676815824862909365e-02,-4.243626387117839516e-02,-7.826260683196185897e-02,-3.825849244337240634e-02,-2.143509549009114598e-02,-1.053276920294303753e-01,-6.564275069125426187e-02,7.089007286607035448e-03,-4.505187288870309698e-02,1.977490664284578190e-02,-2.770828255463627515e-02,1.170695330639221106e-02,1.269265886715910223e-02,-5.270704170728586491e-02,1.102079225730284370e-02,-1.945998789877086826e-02,-5.172209272754980242e-02,-1.570561978084289781e-02,-2.515082784511764313e-02,-3.728252374465254593e-02,1.403282186908969172e-02,8.995658716345134032e-02,4.244400859647350088e-02,6.590739286145623488e-02,2.080113920192404667e-02,2.417365767560153422e-02,7.234747821235354599e-03,3.164516008409461872e-02,1.111363222859118940e-02,-7.585040906015793130e-03,3.408162780010220994e-02,1.116941593769156527e-02
-6.042266270562892533e-02,-1.717311081607891254e-01,-4.002616690862173532e-02,-4.641594673078024841e-02,-1.889439705993804508e-01,-1.257153993470354059e-01,-1.481816013566946144e-01,-2.335567203522415647e-01,8.524477647158960891e-03,1.802489519747823565e-01,1.287011825007529087e-01,-1.093480140344452733e-01,4.114834843548173526e-01,3.211612007015278158e-01,6.748441725170003513e-01,4.261267874110672427e-01,3.470736281801850009e-01,1.000000000000000000e+00,4.848436967168374689e-01,4.092896449509071943e-01,4.783196819373753961e-01,2.850915892123485618e-01,2.924663925809975473e-01,8.735274431608214263e-02,-6.557557088308851867e-03,-1.165974149529928894e-02,-1.440545793740380942e-01,-1.027502086555161925e-01,-1.123186097342533524e-01,-1.549791310226034391e-01,-6.510548486520778555e-02,-7.213398534935895612e-02,-1.121695654853143154e-01,-5.490594731235683840e-02,-6.277413296697617606e-02,-7.522312216004151120e-02,-3.105853638242475623e-02,-7.270887855757122986e-02,-4.819923673936687275e-02,-3.239253297697960998e-02,-7.105219544468244219e-02,-5.598748357969214606e-02,-5.698984100369453021e-02,-6.220695323787912845e-02,-1.797646838289893717e-02,-4.829015890677289952e-02,-3.689777625279958700e-02,3.349897363187994553e-03,-2.793256896590383051e-02,-2.782559721159699739e-02,-1.300041284263615945e-03,-4.978346136016244261e-02,-3.468979272069527831e-02,-2.258557915887810658e-02,-4.087940974871229899e-02,-1.320366935007959326e-02,1.726301469562534913e-02,-2.360558386346905610e-02,3.076664668956904936e-02,7.283225765693618348e-02,5.263618645299943111e-02,1.025125355521170623e-01,4.912549680580836908e-02,1.005137422905494488e-01,7.563402232788030491e-03,1.118799924812231977e-01,2.750655212959782561e-02,8.167248062607904147e-02,1.249603473261754888e-01,8.860830224322461743e-03,-2.668401034092155941e-02,-1.849777278546207646e-02,2.857734586319285799e-02,-7.199577077950571058e-02,-1.697671810274513707e-02,6.527934425105666807e-03,-5.441621792157885773e-02,3.129955444238221446e-02,-6.076518217833652008e-02,1.286959831163438485e-03,5.426799732294984580e-03,-7.848836062565522909e-02,1.845667040084785979e-02,-2.568657905458932716e-02,-2.180398490047110935e-02,-4.231717602916801324e-02,-3.112704030015004883e-02,-2.674153138039797248e-02,-3.414117511226833629e-02,-6.853302465897042652e-03,-3.968665603360067851e-02,-1.539991568821225294e-02,1.880788443474041421e-02,5.504390176591625328e-02,9.405464376470508078e-03,-1.852315864120320996e-02,-2.641409859512498792e-02,-4.009554364283384603e-02,4.191093599253353091e-02,1.807136301244025587e-03
-4.340335079575116661e-02,-1.492685245631368007e-01,-1.153581425827348156e-01,-6.692848127966573302e-02,-1.496062014000796858e-01,-1.136311688649527668e-01,-1.397334312960545333e-01,-1.656664888109656841e-01,-6.377126606390459695e-02,7.088442205180094102e-02,-1.482687659101655613e-02,-8.007599012626662183e-02,1.916232987181444303e-01,3.057315287974119444e-01,4.351131279448935962e-01,3.229980289512530134e-01,3.808234278657652849e-01,4.848436967168374689e-01,1.000000000000000000e+00,5.511061720573865452e-01,5.901763938551692901e-01,7.251154936622580260e-01,2.976799861240920775e-01,2.282827402546230289e-01,7.962853482498762070e-03,1.032111821115038741e-01,1.840903023623778959e-02,-5.865800948048512792e-02,-2.392310195014523896e-02,-2.653493478894444410e-02,-6.377575319071505933e-02,-3.292888849432720755e-02,-1.717217625319904933e-02,-5.608330481714319388e-02,-3.891183522308318959e-02,-5.502321704702083267e-03,-3.210347402009370438e-02,-4.015850502422940727e-02,8.084576243086217390e-03,-1.658223619790064052e-02,-3.807470568575591768e-02,2.705786077508490553e-02,-2.693319526164630190e-02,-2.231021649642957530e-02,3.870385739194528996e-02,1.345341748230962850e-02,1.534474932377326122e-02,5.059586794072597205e-02,2.841416411619807417e-02,4.644657615975964632e-03,2.086217390601041721e-02,2.492642290746324360e-03,-5.715802440506001329e-03,-1.047496301385170483e-02,-2.354640956405582367e-02,-3.019141748440472284e-03,-1.140419374989524179e-03,-2.810706218672937365e-02,2.684617184880961141e-02,2.567104114450881325e-02,1.404886301360886575e-02,4.267827046060637675e-02,-1.867176686291319035e-03,-4.067939826740021858e-02,-5.075296893214023553e-02,8.792657219245816544e-03,-9.184688913896688067e-02,-2.517412813106406980e-02,1.389978910442116926e-04,-1.086086067606963496e-01,-9.711977780476878375e-02,-8.474332740525067353e-02,-6.144940770820157133e-02,-9.011859854895394595e-02,-7.144486882750616941e-02,-2.564862500865505018e-02,-7.250471571599770293e-02,3.483425884574113673e-03,-7.439211371193378552e-02,-6.640044260697909595e-02,1.840675604506458729e-02,-9.927743667735866584e-02,-2.076550393869505684e-02,-9.053565725512920104e-02,-7.846071114173508443e-02,-5.132735319190381840e-02,-3.845503188528500652e-03,2.053376793087235974e-02,-4.344818048622603457e-02,7.622980945494830553e-03,-1.052846113472001750e-02,7.600957379402487057e-02,8.118759811053052888e-02,-1.654482074512884015e-03,-1.334999893758292977e-02,4.073342445658455907e-02,5.870163619873092903e-02,2.298076928103642141e-02,6.617724641982471179e-02,7.214719118665857689e-02
5.907404426479145876e-02,-2.760497095083209312e-03,3.098370384545111669e-02,5.531390842498468130e-02,-4.705801115442547616e-02,-6.241825055047787313e-02,-1.171204310255942183e-01,-1.008961818095171353e-02,-1.174122149142414751e-01,-1.307697512329382590e-02,-9.205795270468045133e-02,-1.166130420481865382e-01,5.083461967074436039e-02,1.856254250627225044e-01,2.746282375250629904e-01,1.592374107655581961e-01,3.144665718408422572e-01,4.092896449509071943e-01,5.511061720573865452e-01,1.000000000000000000e+00,5.284289437475763185e-01,5.097996107901900942e-01,6.583120785995432156e-01,4.326501884743618187e-01,1.279670953561780067e-01,2.541333689693994202e-01,2.914516473953748105e-02,-1.531031507280932423e-02,8.151799327368036696e-02,-3.072523836764835814e-02,-7.751587566387015127e-02,2.247145319971689120e-02,-4.935003162438230534e-02,-7.075497699270009988e-02,2.496301039337114197e-02,-4.263145283081030967e-02,-5.617149175321900501e-02,-2.591279050812495682e-02,-3.751558454935110393e-02,-5.228716108049015487e-02,-3.212036733380310011e-02,-3.821272499048887494e-02,-9.306593645957839112e-02,-6.023461103563305247e-02,-3.852585825219578819e-02,-7.659456706277260885e-02,-3.624232910348394038e-02,-4.304006293923506171e-02,-8.850863197289510209e-02,-6.391284700220138670e-02,-7.165176925651629836e-02,-9.146045853301182360e-02,-6.677461332213134593e-02,-9.917654842455858599e-02,-7.832236000009630550e-02,-4.538958433524663272e-02,-7.167357328627053936e-02,-6.050875079735080347e-02,-2.911581739204597771e-02,8.920422240791590993e-04,4.230555229708848897e-02,4.416608695968244486e-02,1.983597129931161454e-02,3.730741524461276409e-02,-6.885930122028993683e-02,3.645402196237774312e-02,-5.342403524220566691e-02,5.837528153641626145e-03,7.035439440209631523e-02,-7.668665550630832106e-02,-3.116931246792251434e-02,-6.457054187187255545e-02,-2.136317788534145348e-02,-3.320694043007845625e-02,-5.611775328312588323e-02,-1.002118565001669515e-02,-3.383197237830291165e-02,2.874716851982241084e-02,-5.582954202603104821e-02,-4.833387823706009750e-02,3.288393225957887689e-02,-1.301904772526917275e-01,8.907836602133102633e-03,-7.065073230594891285e-02,-4.449931036960024650e-02,-2.800719146722520023e-02,1.293541147743783835e-02,2.771686825271309565e-02,-4.703450265471070119e-02,-4.211859357024586720e-02,-6.202347540694731765e-02,6.279477095399160248e-03,5.156215721787098943e-02,1.366646265295005588e-02,-3.788244852385264094e-02,-3.318702899528516975e-03,2.516897561166267505e-02,1.895144790293283935e-02,7.177953654714609721e-02,5.655039728338986937e-02
6.847433329227343296e-03,-8.454004487212411767e-02,-2.481109406391403607e-02,-2.553523900515285161e-02,-7.804430861693337218e-02,-8.167002039937711066e-02,-5.100900821774254079e-02,-9.233726001405205552e-02,-1.772724505276291468e-02,2.367114495602044150e-02,2.847963206816424286e-02,-4.695250128930988920e-02,1.343623133883585785e-01,1.930747654702923977e-01,3.455169045131624150e-01,2.253005352574161124e-01,2.733543536158183351e-01,4.783196819373753961e-01,5.901763938551692901e-01,5.284289437475763185e-01,1.000000000000000000e+00,4.780121611715445473e-01,4.702721847004560640e-01,2.806505885470562123e-01,1.109968730735349102e-01,1.748458761590084010e-01,-3.489732055988119946e-02,-3.755225844028280136e-02,3.771131033654420706e-02,-5.290337380682027385e-02,-4.572033626410782620e-02,2.605149832841929802e-02,-2.826217916766348912e-02,-3.424373088193821690e-02,1.717390253762475505e-02,1.366867780259845878e-02,2.633247966270240922e-02,1.549468707450211979e-02,5.170761417970821255e-02,3.053341558082046242e-02,8.766177583521191433e-03,5.951258613856693497e-02,8.187229137565123216e-03,1.871405802606083621e-04,6.355768580275431012e-02,3.906437696360331308e-02,3.132359418208600921e-02,6.449538116712584535e-02,2.642213597722505025e-02,4.844652588932478812e-03,4.135017302194216038e-02,1.525923697278100703e-03,-1.373110480345181642e-02,1.615120519976066468e-02,-2.920285065612021613e-02,-1.095180881338453718e-02,2.078696462721624227e-02,-2.500526919486096775e-02,-1.388299802683982389e-03,4.421377730512638521e-02,9.628512621312022846e-02,5.573637477804765233e-02,7.293080825116725341e-02,5.841908930376327191e-02,1.466161139174789949e-02,5.659664877479331224e-02,-8.963598740935031783e-03,4.345963068560191461e-02,4.298421701619079688e-02,-2.078446597391077344e-02,-3.720157666316564748e-02,-2.743104619366517130e-02,5.661492188357123041e-03,-4.970551002792900075e-02,-2.938764275656627345e-02,2.953573029131236968e-02,-2.728001854825593681e-02,4.111637346195398668e-02,-7.718000783920472840e-02,-2.752449019343929798e-02,1.349074042588442601e-02,-1.078810679236724135e-01,-2.479307519338867435e-02,-6.012468655680432844e-02,-6.657702632599357684e-02,-2.303200226042635690e-02,-1.674670922746703677e-02,1.803108527521083901e-02,-1.413154257135527253e-02,2.948872682245478813e-03,-2.180407362551944547e-02,2.289153624207912463e-02,6.964987719659390675e-02,3.178956018269959993e-02,-2.787634631832798526e-02,-2.678464369362542480e-02,1.767292807942543939e-02,-3.499330278175520614e-02,1.593787800193036119e-02,6.576789661940066201e-02
-2.362039181729409798e-02,-9.115907306892782891e-02,-9.268392771186349799e-02,-6.992878861259035905e-02,-8.667155472065551924e-02,-7.807262515333616981e-02,-9.952659892405937847e-02,-8.935601068455566176e-02,-6.205187283826418820e-02,1.527910689702686141e-02,-5.598884975388698088e-02,-7.659627235112859145e-02,9.277884772426821247e-02,2.115239099850655113e-01,2.838292019495328722e-01,2.054871801236225204e-01,2.832138544514974376e-01,2.850915892123485618e-01,7.251154936622580260e-01,5.097996107901900942e-01,4.780121611715445473e-01,1.000000000000000000e+00,2.724787287534733982e-01,2.659521990390880664e-01,-1.551656659699254641e-02,1.166078925440018343e-01,5.531926141317954765e-02,-4.601985581946350240e-02,2.475344696029423315e-03,2.970737541555854011e-02,-5.401149784710644608e-02,-5.545209464096486664e-03,2.637215008664709620e-02,-3.205010805366309556e-02,4.070184917176613432e-03,3.570152965700255226e-02,-1.588738158866645489e-02,-7.501156146120924531e-03,3.485234824668285297e-02,-1.406558584660785307e-03,-1.147072332314176199e-02,2.601293996559428390e-02,-1.682377445173677960e-02,-1.145694646282775959e-02,-4.436501260189464405e-03,-3.001761913518845998e-03,-3.001114332995662333e-03,-5.847599435211304694e-03,-4.247905790676025257e-03,-3.090081324549863451e-02,-3.741481421643153699e-02,-3.134666351073119722e-02,-3.667238370426553068e-02,-5.867910547277090105e-02,-5.198128686078087868e-02,-3.788728041211340825e-02,-5.568238926276476014e-02,-5.043970446903206506e-02,-1.415447264178000195e-02,-1.268940328971639685e-02,7.396223060926277425e-03,1.489506976692963648e-02,1.116077519357084290e-02,-5.475092123442536207e-02,-4.345284260809521848e-02,3.606169238980198866e-02,-7.446480655553414096e-02,3.869724723432609557e-03,2.768737247160648132e-02,-8.240888511267510652e-02,-5.978184895021410039e-02,-6.364072366896482424e-02,-2.974904506179768676e-02,-5.960934965052361312e-02,-4.871646047964805354e-02,-2.594122161777122001e-02,-4.307741274998656833e-02,7.101585806028317760e-04,-4.307703770659000037e-02,-3.902063638092856390e-02,4.266412400416340345e-02,-7.959216299315634291e-02,9.957175900292545775e-03,-6.536070769285001747e-02,-8.096375276947750943e-02,-7.023721433122358249e-02,-2.437992718781593904e-02,3.685460580426392491e-02,-6.937954185106073868e-02,-1.332924629869883422e-02,-3.942234222815949041e-02,8.655089112271585616e-02,5.881873039930627517e-02,-3.764005485483680989e-03,1.366374845623917651e-02,2.572427814393250800e-02,1.955125685310608527e-02,1.594735789281259350e-02,5.744512868285295976e-02,4.983827169929665873e-02
7.896653913793710844e-02,5.008880555517904176e-02,8.215473357317044922e-02,8.337960789146461882e-02,6.103534758498025976e-04,-5.698330704904535499e-02,-6.402247522759703380e-02,5.951813959745660271e-02,-1.145963766962018737e-01,-9.806714806516127203e-02,-8.349021942438622501e-02,-1.091301990690764223e-01,-4.636871716273063132e-02,4.398977184273724500e-02,1.755534592324589083e-01,3.706879211696433030e-02,1.722577397365014362e-01,2.924663925809975473e-01,2.976799861240920775e-01,6.583120785995432156e-01,4.702721847004560640e-01,2.724787287534733982e-01,1.000000000000000000e+00,4.830268069812757026e-01,3.389140516698089245e-01,3.226060443491661212e-01,1.473162267290929750e-02,8.796041606216598030e-02,1.739609509876474669e-01,-1.408410094054398862e-02,3.426842404293139327e-02,1.025405350890610107e-01,-2.705812072702862975e-02,2.271007843548973268e-02,7.726234520713880227e-02,-2.973320270655837455e-02,1.804866039176622125e-02,6.704930732945550177e-03,-2.171286326687966658e-02,-3.960517719408597134e-03,-8.844427962690372055e-03,-2.014684699679662044e-02,-6.618390018463718438e-02,-3.753056784218311570e-02,-1.277270195094719688e-02,-4.403677512681954120e-02,-2.713887796346931697e-02,-1.950078098642932939e-02,-4.609766311306036368e-02,-3.897943351861821865e-02,-2.662726359030918172e-02,-3.320484957937634707e-02,-4.231464209333845455e-02,-3.686649269116724914e-02,-2.907849147551834143e-02,-1.930199378354054834e-02,-1.700827075803655608e-02,-2.817913570964186362e-02,-1.921740847149268003e-02,2.390085399360545454e-02,1.061961294239581188e-01,4.986683676067498600e-02,6.759245986830861308e-02,7.567988860016343355e-02,-1.521225765794184843e-02,5.042389744401589574e-02,-5.911331801286988721e-03,4.472494159807507974e-02,6.944024135061131753e-02,-2.302134019195727424e-02,8.442909178092055170e-03,-1.225808176587988262e-02,2.212563564623915360e-02,-1.299107783581708933e-03,-4.715147328856859540e-03,1.204385754312689441e-03,-2.118966719225631040e-02,3.379802279652160957e-02,-5.709509660650596147e-02,-3.559672323575300418e-02,3.180944395749279487e-03,-1.135521891697540003e-01,-1.527290845105069156e-02,-6.978242364601894288e-02,-1.884236892759179674e-02,1.534049689226181339e-03,4.169658305446118096e-02,5.971166409023565859e-03,-2.724438923338209570e-02,-2.585253436766333721e-02,-3.907979678365211540e-02,-1.091025405273633037e-03,2.275658222389687416e-02,2.704477548673062809e-02,-2.992828937274029030e-02,1.797003328798266750e-03,3.292019877265679045e-02,-8.209651346234933186e-03,5.451142917969805518e-02,3.665226211189451244e-02
9.348094493227189494e-02,1.203302570916953002e-01,3.876539800383730500e-02,8.960712662874278922e-02,9.547091906610000178e-02,3.785800920804518327e-02,4.266824968728569895e-02,1.457515352908960726e-01,-7.769235705412515236e-02,-1.191192531308882668e-01,-9.684264671033571137e-02,-2.570124979764994502e-02,-1.120664639540464858e-01,2.620832158807402147e-03,6.055894996072622161e-02,-1.194777676292487108e-02,1.165375817057676816e-01,8.735274431608214263e-02,2.282827402546230289e-01,4.326501884743618187e-01,2.806505885470562123e-01,2.659521990390880664e-01,4.830268069812757026e-01,1.000000000000000000e+00,5.011436685645404010e-01,5.163024921062051575e-01,3.586462934556283177e-01,2.074985748061846658e-01,3.488274391362443660e-01,2.564138764255565195e-01,9.782300693822185145e-02,2.141114927855416461e-01,1.579311913653893007e-01,8.771617521267273399e-02,1.791759751361218789e-01,1.275527472137851781e-01,6.863491851322646442e-02,1.066585405930219610e-01,9.065441857119251046e-02,3.787114586284229950e-02,6.661953698341216423e-02,5.758525657242939688e-02,-1.678144440975239127e-02,1.865427548768705188e-02,1.844738142208844286e-02,-2.727039964258854299e-03,3.039930992115913791e-02,-9.378833668982816674e-03,-2.464475782352332223e-02,-9.730899778695116520e-03,-4.756385025207251344e-02,-1.289422547159201592e-02,-1.435906982020937993e-02,-5.212077778469781375e-02,1.354952147904003477e-03,-9.947936350425993016e-03,-4.881859478272082206e-03,1.099635043119923453e-02,7.362058416360042247e-03,4.020979704698594143e-02,6.601040053873656610e-02,4.091564712283651817e-02,4.390329814590043095e-02,3.275246501689275253e-02,-3.048681973281550453e-02,5.315516794640739312e-02,-2.793266684999997848e-02,9.879829057511647916e-03,6.421829465104374191e-02,-4.820146175509202463e-02,-2.695490959373392833e-03,-3.983737470479011000e-02,-2.118938095094963225e-02,-1.006282363928138503e-02,-5.713999807477088827e-02,-6.334541768734318345e-02,-1.432803906477854612e-02,-5.252107375414720447e-02,-4.013799945348927450e-02,-2.049849187538465775e-02,3.405680153602009402e-02,-7.680326876632288802e-02,-1.295207088490369154e-02,-2.977632256477529687e-02,-2.946779060018098889e-02,3.202795495499841105e-02,2.963384279402469720e-02,2.296842279502159939e-02,1.553772754371096805e-02,-1.521935331658058090e-02,-3.124086106374417485e-02,5.076134187953491167e-02,3.209787638119690478e-02,3.445870804212029098e-02,-5.821646556755104458e-03,-2.110373467921819457e-02,-1.638084295294829759e-03,-5.218309952492548864e-02,2.164168905281975072e-02,2.825699480513899076e-02
3.938049543963767496e-02,9.750657632870661506e-02,4.401607720210290453e-02,4.652215053439754527e-02,1.111342889740861289e-01,7.364193449310578454e-02,1.279700613272562737e-01,1.466607016789895357e-01,9.074665968383776801e-03,-1.267148938541025893e-01,-2.022534627538894250e-02,5.062778021678492058e-02,-1.358711931490680092e-01,-1.061804653360659684e-01,-4.616941059199936026e-02,-8.873227847321750461e-02,-4.116800327305288054e-02,-6.557557088308851867e-03,7.962853482498762070e-03,1.279670953561780067e-01,1.109968730735349102e-01,-1.551656659699254641e-02,3.389140516698089245e-01,5.011436685645404010e-01,1.000000000000000000e+00,5.169942995287779564e-01,5.053612320576483796e-01,5.320172123906635742e-01,3.276972781156212156e-01,3.759441999196054818e-01,3.663404891655285822e-01,2.387011315733759964e-01,2.485435789794259998e-01,2.858286330285200183e-01,1.700847534418807039e-01,1.705110029070131261e-01,1.925993646282835592e-01,1.028066629828461309e-01,1.111112963251223995e-01,1.426992386997485984e-01,8.626301313070915133e-02,8.904321823538460801e-02,6.924665047231783055e-02,4.144601346418801818e-02,4.910775838718015734e-02,4.900639136001481294e-02,2.348493148697726116e-02,1.360442379713090386e-02,1.417542102859467579e-02,-3.496832414544096598e-03,-1.452830539435552744e-02,3.279605749677601267e-02,-1.396260883915377560e-02,-2.687910171332896780e-02,3.273672479158103860e-02,-3.980355552939680679e-03,1.473951898886633090e-02,3.392143638582000020e-02,1.271141887605517842e-02,4.009106014656656225e-02,2.520085811494774883e-02,5.886244745844223386e-02,5.055354885978642632e-02,5.410043401393779816e-02,7.353474079410217412e-02,1.033195597189295045e-01,8.791605202741635539e-02,6.443759834444404144e-02,1.191616523792633636e-01,5.228999973653734867e-02,6.038431961195450670e-02,1.451746314291560078e-02,3.874547672861765324e-02,2.190308850575553232e-02,3.545237813716278080e-02,-3.521090141579962668e-02,3.731182426195842755e-02,-3.149657239862224678e-02,-5.699321452258359483e-02,-7.124238045055211743e-02,-6.052564501236451511e-03,-9.939945983307220401e-02,-5.511410858102365473e-02,-4.146156572816346586e-02,2.463318371350929625e-02,1.929613399127041995e-02,3.812860892944456431e-02,1.785430716311442803e-02,2.162374173159930038e-02,4.707347467526070556e-03,3.803631213583641034e-04,1.062862128455864703e-02,-2.037783235358081591e-02,3.265095603229351690e-02,8.142994413838564732e-03,-1.217223219095062668e-02,-1.991405556013273181e-02,-3.458231093802765360e-02,-1.578194024342332094e-02,-8.458384258603752343e-03
5.451064072903580304e-02,1.262878115092478104e-01,5.008596325460045601e-02,2.071498779254885708e-02,1.443378268751727422e-01,1.442101973270162041e-01,1.379248379082329279e-01,1.636283086357014360e-01,6.084395592025324678e-02,-3.821887098468929739e-02,1.668412747169541188e-02,1.207176198823273622e-01,-7.827253078913735951e-02,-2.723648890873623177e-02,-3.544603389256706372e-02,-2.183520261954183250e-02,2.923336643517072952e-02,-1.165974149529928894e-02,1.032111821115038741e-01,2.541333689693994202e-01,1.748458761590084010e-01,1.166078925440018343e-01,3.226060443491661212e-01,5.163024921062051575e-01,5.169942995287779564e-01,1.000000000000000000e+00,4.629829991988518301e-01,4.434128218798785714e-01,6.045096059428523017e-01,4.121209822649671284e-01,2.948586945371952095e-01,4.339375544520092665e-01,2.837990157653167977e-01,2.565568339956968980e-01,3.491880769912827365e-01,2.192982377209382328e-01,1.835727711695876452e-01,2.434110501317145736e-01,1.628428872670413530e-01,1.478409632622502690e-01,1.983341879581748957e-01,1.321809462142467528e-01,6.409775109375165369e-02,1.124613792775955162e-01,7.753116878775154208e-02,7.516955279619629005e-02,7.589099917985528410e-02,5.140731344038425299e-02,3.619168724639913737e-02,3.944329926107794509e-02,2.439211853109251454e-02,4.088463693765730794e-02,4.510685107949412992e-02,8.005645788729106802e-03,4.773229570433647206e-02,5.793320841889846445e-02,4.133657003187751755e-02,6.451383070504283779e-02,5.732308539289349830e-02,1.713277003003431734e-02,2.276476270077764513e-02,4.056071230903253444e-02,2.131381040394639617e-02,7.127644793362067702e-03,2.144650147256868186e-02,1.997026651988758478e-02,1.571479164095234207e-02,2.697859725540853806e-02,3.213258996736831612e-03,1.274834209005659344e-02,4.998584548261527510e-02,-2.323509796679565278e-03,2.359734986071559265e-02,4.706821040112936505e-02,2.665565363806841372e-03,-3.156398770878279803e-02,-2.120736121728311607e-02,5.595735896365253842e-03,-9.969210973863390501e-02,-7.807991690302913679e-02,6.758567393741842129e-03,-8.102363584246691230e-02,-3.929845233742055438e-02,-8.079324936454307382e-02,-5.241814102440216921e-02,-7.811562583436109514e-03,-2.723422237334592599e-02,-1.897267083123811010e-02,-3.794053829783075506e-03,8.973777744689645508e-03,-2.038518652657940119e-02,5.039898356569656040e-02,3.636228669454768386e-02,-2.645888534983243529e-02,-2.718491108648558863e-02,4.500444714393648377e-02,1.270744149701259935e-02,3.130001274455036786e-02,3.158871778448482659e-02,1.927870292332902608e-02
8.550898738530649315e-03,8.767394657473241704e-02,1.032986442513532822e-03,1.148485590428833560e-02,1.122545030533560750e-01,1.092120355775018231e-01,8.849736853987454077e-02,1.424426974428844306e-01,1.179836148792838893e-02,-4.468243740466749242e-02,-4.509432459251223879e-02,8.377513109928795554e-02,-1.055008984989484200e-01,-3.631448798129065930e-02,-1.140659652247653089e-01,-5.981535387670051940e-02,-4.180572066010967980e-02,-1.440545793740380942e-01,1.840903023623778959e-02,2.914516473953748105e-02,-3.489732055988119946e-02,5.531926141317954765e-02,1.473162267290929750e-02,3.586462934556283177e-01,5.053612320576483796e-01,4.629829991988518301e-01,1.000000000000000000e+00,5.342684841107206983e-01,4.549279217775830109e-01,7.499174906548999875e-01,3.572866540154764903e-01,3.261167573270963294e-01,5.231991326682272625e-01,3.118940372739183453e-01,2.618976930981977702e-01,3.649490604380860592e-01,2.001682738605381484e-01,1.920116265412808720e-01,2.306643275368851498e-01,1.717843953823255942e-01,1.660678225266528918e-01,1.747689607089093489e-01,1.213498462346372930e-01,1.027822636382842852e-01,8.470092543991082634e-02,9.028399825605798457e-02,4.742350326561973334e-02,3.609806141358774118e-02,4.068061132810199543e-02,1.600276567560153865e-02,1.310605026052155155e-02,3.559364343186558616e-02,9.897492407821220292e-03,4.467661977843497521e-03,3.476020784605860642e-02,1.866472788097625277e-02,4.746191471485697311e-02,3.388344632234308040e-02,5.276850594234713115e-02,4.015116145769531686e-02,-2.351820937776653506e-02,4.447309335846989786e-02,2.767741094072376229e-02,-1.431335552967160155e-02,4.016646713967667037e-02,4.869291108125832490e-02,3.428085212423179207e-02,1.769794820552300293e-02,5.488157846427103859e-02,1.139696735504241651e-02,2.619953973819940177e-02,1.522133431335643151e-03,-2.396942601761448133e-02,1.603607210617613923e-02,-1.548925140477733046e-02,-5.802569627493898291e-02,-1.350376650095621786e-02,-6.722004372161052843e-02,-6.561011883050094085e-02,-1.058358151463410640e-01,-2.399656225975178858e-02,-7.318960226459163276e-02,-8.460741011276588786e-02,-5.230510737206425093e-02,-3.710442709320281585e-02,-5.289346177636398971e-02,-3.913403165611968604e-02,2.540557694927799565e-02,-4.447525250751212245e-02,-4.267999231781891001e-02,-2.745725830235680107e-02,4.859539853305497314e-02,-1.024458563754567821e-02,2.243682320136411619e-03,2.444937162981303258e-02,1.283046479656101222e-03,-4.419634984388345900e-02,4.103337873437501448e-03,-2.578814307181192741e-02,-1.140823932693702143e-02
-1.278749832214057941e-02,9.747129172544238829e-02,3.260960891008684442e-02,-1.558365735373980904e-02,1.505631864258665242e-01,1.943417335972494053e-01,1.696464396026599875e-01,1.578649438664731508e-01,1.577760455693615060e-01,1.694823998810336338e-02,6.967894311916397743e-02,1.971186199833158126e-01,-5.941272095169437828e-02,-3.732448234590467900e-02,-1.066892372335970368e-01,-4.249103327998800250e-02,-4.322345657363246135e-02,-1.027502086555161925e-01,-5.865800948048512792e-02,-1.531031507280932423e-02,-3.755225844028280136e-02,-4.601985581946350240e-02,8.796041606216598030e-02,2.074985748061846658e-01,5.320172123906635742e-01,4.434128218798785714e-01,5.342684841107206983e-01,1.000000000000000000e+00,5.113921987282911141e-01,4.741079854177261410e-01,7.325387603650203028e-01,4.202459393346332783e-01,3.553349956723150238e-01,5.551095566012347327e-01,2.957874224343068348e-01,2.557958939057066172e-01,3.545741458268601431e-01,2.260023639020433961e-01,1.764815275902861524e-01,2.712520017699905917e-01,1.752645752198554452e-01,1.254931535133678999e-01,1.548273270711874594e-01,1.088527789991230871e-01,5.779427946592453902e-02,9.990182438878804361e-02,4.235184227155304459e-02,3.381480702093637991e-02,5.998455588753717066e-02,1.850432723000608806e-02,2.347952470013630472e-02,6.599978847914794722e-02,1.212485361665233911e-03,1.756815094936430705e-02,6.219396480237619068e-02,2.745310013401208379e-02,4.459072181695204751e-02,4.002094000196133872e-02,5.437604455332426673e-02,1.265932312563491577e-02,-1.569782742646147131e-02,3.001456155853961597e-02,2.450082057873697108e-02,-1.922700043058013161e-02,9.041182672370040585e-02,5.888349331136422810e-02,6.728589199189097259e-02,5.772212642710908975e-02,4.585015736646148171e-02,5.231982799895194131e-02,7.750252703105893481e-02,2.757039499371775892e-02,3.550728625299054420e-02,5.530076699798801287e-02,1.779178974046401879e-02,-3.989211131611331007e-02,3.978136165657949336e-03,-2.371059390324966459e-02,-5.346960774912776215e-02,-8.127562174281446894e-02,-3.192228689731603508e-02,-5.426213039125697690e-02,-9.868641618433857121e-02,-7.526824467874249081e-02,-2.400447140553264511e-02,-1.348457808206542617e-02,7.933057442325432227e-04,7.207699750379609714e-03,-1.237596608667829515e-02,2.408724364539325483e-03,2.153506139285801119e-02,5.832334944262734105e-02,-7.644006846467189809e-03,-1.399048139948795566e-02,4.694626033854872038e-02,7.847974918138871103e-02,1.789490983259451424e-03,5.953946822622262214e-02,3.167317583670917203e-02,6.084711505864080251e-03
4.305939298857444641e-02,1.551196710869648943e-01,7.481970061005255301e-02,1.197092934652242008e-02,1.886374237893738703e-01,1.998190278756376836e-01,2.012248180618229632e-01,1.997278895138142052e-01,1.171496230183062676e-01,-8.257335042518623366e-03,7.077678090418350332e-02,1.907789311596310711e-01,-1.013797201614984600e-01,-9.113213874519419944e-02,-1.528944345813183225e-01,-6.023614525433177574e-02,-7.905942736167236029e-02,-1.123186097342533524e-01,-2.392310195014523896e-02,8.151799327368036696e-02,3.771131033654420706e-02,2.475344696029423315e-03,1.739609509876474669e-01,3.488274391362443660e-01,3.276972781156212156e-01,6.045096059428523017e-01,4.549279217775830109e-01,5.113921987282911141e-01,1.000000000000000000e+00,5.512358380847862671e-01,4.500105912716560463e-01,7.292301661473212793e-01,3.871290209889928224e-01,3.552929996447193317e-01,5.134760079360397578e-01,2.959015225081665923e-01,2.340891289894747040e-01,3.458202260511888948e-01,2.004239717098494356e-01,1.709760261444860652e-01,2.499073563567000000e-01,1.542986090297916724e-01,9.975348411857480613e-02,1.278309463943235191e-01,8.696027995847563363e-02,7.310874232124162098e-02,7.185654427492105256e-02,5.106968545084657890e-02,2.244589419093840493e-02,3.544592498978655498e-02,2.534557280396028400e-02,1.641176725088469915e-02,2.256391156229212852e-02,1.752973400396068429e-05,1.313653391477077534e-02,3.828729972863974262e-02,8.223703788684810778e-03,1.521369450258121606e-02,3.760128359720684571e-02,-5.504070962647861914e-02,-2.973027828151707935e-02,-4.935065091677891258e-02,-2.849154598424495297e-02,-5.358581383461089725e-02,-2.350165521204568633e-03,-4.306016879239525641e-02,-1.026278440351225014e-02,-6.998115143096803568e-03,-2.512152352619766507e-02,3.617654327234914174e-03,4.862707228878682120e-02,1.648932763203167159e-02,-2.119390642736234884e-02,6.031362035637861246e-02,-8.983942475082740478e-03,-3.130562719413171324e-02,-2.482998152128067237e-02,-1.464317474456369207e-02,-5.934287222111409021e-02,-5.476802441077487094e-02,1.946689662096275433e-02,-7.988263654407680436e-02,-2.310845622443513311e-02,-2.982209041448974016e-02,-4.000761721304496588e-02,-9.215216380821562468e-04,2.712250398173112354e-03,-5.605100283971529681e-04,5.218201779370997863e-03,1.528321967045152309e-03,-2.948126287296286632e-02,4.717023802746224403e-02,1.429710190614667115e-02,-2.264031888485996610e-02,1.953482975732070276e-02,2.862907408076576996e-02,-1.248731274120411239e-02,1.098723968373972390e-02,1.389923880571490578e-02,-1.967107754813340360e-03
-5.839611777955914726e-03,8.951097092916157627e-02,-1.037061856189759775e-02,-2.564855421697001189e-02,1.275306437846309149e-01,1.488515034746588916e-01,1.279839308239915097e-01,1.452711032688760728e-01,7.333836286401558546e-02,2.054709301579526678e-02,1.873733193536249999e-03,1.525963245606697938e-01,-9.017065774455777782e-02,-2.421147218216378530e-02,-1.400748798114709592e-01,-3.254997986782585950e-02,-4.069877776682819664e-02,-1.549791310226034391e-01,-2.653493478894444410e-02,-3.072523836764835814e-02,-5.290337380682027385e-02,2.970737541555854011e-02,-1.408410094054398862e-02,2.564138764255565195e-01,3.759441999196054818e-01,4.121209822649671284e-01,7.499174906548999875e-01,4.741079854177261410e-01,5.512358380847862671e-01,1.000000000000000000e+00,4.980233502625741049e-01,4.378854746274883358e-01,7.027088465310887822e-01,4.314898508942365263e-01,3.467502547340721164e-01,4.944730925990395431e-01,2.760257486976722130e-01,2.665814209083964270e-01,3.166552735723323075e-01,2.394788382236744673e-01,2.430139265187339914e-01,2.405208366214471871e-01,1.859374418017219754e-01,1.674154925868847066e-01,1.365124571977586188e-01,1.389176523280102882e-01,9.345771675615389962e-02,8.327704922266263021e-02,7.912751134098107431e-02,5.028950781133349757e-02,4.373902819615699961e-02,6.375030953798964395e-02,3.368487280113828530e-02,3.645238785468452730e-02,6.242241376417391463e-02,3.693350900707707135e-02,6.301116450488199183e-02,4.965890276775026396e-02,5.506933866992998194e-02,3.031715958538476474e-02,-3.274368159744612400e-02,1.063833255731642599e-02,2.745087790653562634e-02,-6.008783113318152957e-02,5.205737245957128834e-02,2.312821275341667496e-02,3.230015713666856830e-02,2.417508003170891831e-02,3.114939545750354533e-02,2.902311272425429217e-02,2.693000436352487037e-02,3.236328878528876851e-02,-2.160768262593176434e-02,1.512880571585078181e-02,-3.648345302305096294e-02,-6.618567159390151278e-02,-2.458387866063306906e-02,-7.042208068110727970e-02,-6.826448657378308971e-02,-1.088131624725536400e-01,-3.826778492160333445e-02,-6.413771730305792285e-02,-8.789051265234107402e-02,-6.250762515924794538e-02,-5.946227679491398327e-02,-7.028931053408210561e-02,-5.844016181823810663e-02,3.030906167988828455e-03,-5.446212143830448521e-02,-3.119010180255143982e-02,-2.398060316633691263e-02,6.743225248327870680e-02,-4.777480036898779786e-02,-1.256322628961846662e-02,5.766748123580518054e-02,1.797352319976260396e-02,-5.987482795995160978e-02,4.010821581464346750e-04,-3.846570102437229383e-02,-4.494451799810667697e-02
-5.622331787637543238e-02,5.719366692045827621e-02,2.096759014744061303e-02,-7.797320487678650880e-02,1.305400469657772011e-01,1.978691884986165106e-01,2.032449869394782616e-01,8.237268051131556301e-02,2.210547076724603821e-01,1.191792557251158818e-01,1.839451720804555213e-01,2.599881137584036939e-01,2.816786723867378481e-02,-1.161766317176047766e-02,-9.380199220880809652e-02,2.864970771184307402e-02,-7.088326892322033279e-02,-6.510548486520778555e-02,-6.377575319071505933e-02,-7.751587566387015127e-02,-4.572033626410782620e-02,-5.401149784710644608e-02,3.426842404293139327e-02,9.782300693822185145e-02,3.663404891655285822e-01,2.948586945371952095e-01,3.572866540154764903e-01,7.325387603650203028e-01,4.500105912716560463e-01,4.980233502625741049e-01,1.000000000000000000e+00,5.488132931786466884e-01,4.512170385568611275e-01,7.398855235451069490e-01,3.670763110402632812e-01,3.204888145373508967e-01,4.620747082512276505e-01,2.876981260433366661e-01,2.262923813940091455e-01,3.513468533224376467e-01,2.365790308597617575e-01,1.624573829638240319e-01,2.230763538708510629e-01,1.679004410455810781e-01,1.026390600995295138e-01,1.452652512851445032e-01,8.244437691300716964e-02,7.112659169772532486e-02,8.596152547925252352e-02,5.138861782078962825e-02,5.560713862986210038e-02,7.263057310602673289e-02,2.137578207164329835e-02,4.039393701520418295e-02,6.756557124203821374e-02,3.720423912996340121e-02,6.056263757473998033e-02,3.404125112006170517e-02,5.629234497794038949e-02,-4.443132103984562958e-03,-4.179848490843710712e-02,-9.432572565938736157e-04,1.284651254291392999e-02,-5.020038254142587114e-02,9.516721144195780524e-02,3.335528818013653446e-02,8.231813648388812410e-02,5.699778462521556260e-02,2.798428934390351230e-02,7.231980257557385494e-02,1.029979696812327178e-01,3.736555476822106536e-02,3.361636994488448327e-02,5.979103931337011874e-02,1.866566983628170640e-02,-3.921979657026301858e-02,-1.581656476531692612e-02,-1.633741708093344736e-02,-4.966418247607995440e-02,-7.789673107163103127e-02,-2.516861548543055174e-02,-5.350404218007811380e-02,-8.225154215627471233e-02,-6.475691566576631530e-02,-6.090447865937091004e-02,-4.736576012379102585e-02,-2.550532636551540444e-02,-2.156918305286920426e-02,-2.992808657364452382e-02,-1.678353435705693189e-02,2.293902514370674967e-02,7.211670957318490338e-02,-4.414582813450481681e-03,-3.579391279972864246e-03,5.669204434213375582e-02,9.263365065708586976e-02,-7.428823259816206073e-03,4.888480319263779905e-02,3.523805439945246198e-02,-1.789179948532914656e-03
-6.368485944159073958e-03,1.062800748240128462e-01,4.488079365112516289e-02,-3.894021614675014648e-02,1.578190958661546406e-01,1.927251011278333925e-01,1.967676161804706170e-01,1.393930009133904080e-01,1.609871924772924845e-01,5.954525592809056800e-02,1.471803977688140308e-01,2.177977935651155272e-01,-3.707774533539930084e-02,-6.831436741846287630e-02,-1.111731768042606427e-01,-1.040377973793038015e-02,-9.723399449297692732e-02,-7.213398534935895612e-02,-3.292888849432720755e-02,2.247145319971689120e-02,2.605149832841929802e-02,-5.545209464096486664e-03,1.025405350890610107e-01,2.141114927855416461e-01,2.387011315733759964e-01,4.339375544520092665e-01,3.261167573270963294e-01,4.202459393346332783e-01,7.292301661473212793e-01,4.378854746274883358e-01,5.488132931786466884e-01,1.000000000000000000e+00,5.006612794754027318e-01,4.651329588670063964e-01,7.116071756595063746e-01,3.991158670146019438e-01,3.191348729048598121e-01,4.966875448573103702e-01,2.685682071783982439e-01,2.455834218403792346e-01,3.688064966429460689e-01,2.129111286170957962e-01,1.668309578872744781e-01,2.320239573926614618e-01,1.441141153092816152e-01,1.300208516438472739e-01,1.443436400942064157e-01,9.915782736770441252e-02,7.583560972587495563e-02,9.574247984204453665e-02,5.752310156937139735e-02,5.811043030303967433e-02,6.851804303009451091e-02,3.996632116834043097e-02,5.913701678204641432e-02,6.453241579503114778e-02,5.126088972984254449e-02,5.453751189658145176e-02,5.615291931909840301e-02,-4.093394040666711170e-02,-4.509567111314790461e-02,-3.509920107346073403e-02,-2.834877300612542034e-02,-7.185951596344394843e-02,3.606403894503455027e-02,-3.048184852185593582e-02,2.521085851697388303e-02,2.097215146684317313e-02,-1.493404065970070638e-02,4.352466582280922758e-02,7.856185012433092307e-02,3.311809338600462532e-02,1.948610899285705507e-03,6.900708340874385505e-02,1.524216201375503885e-02,-1.831722629343049066e-02,-2.867523267576816554e-02,1.416268799882055814e-03,-5.715945317392123054e-02,-5.026051629547396288e-02,3.575558990553522748e-02,-6.921429701059686468e-02,-1.799757845567026907e-02,-2.681282521147419079e-02,-5.035178124377160530e-02,-3.632784130360654229e-02,-2.376527251275295516e-02,-1.268804341936191800e-02,-2.723870460643186553e-02,1.782168004636590797e-03,-4.048794919707496970e-02,7.428917793203362874e-02,2.702727527618574779e-02,-2.144543424084417380e-02,2.996555150604813395e-02,4.535495196492171643e-02,-2.327500357460572308e-02,2.345632045707754521e-02,3.431397581326366825e-02,-1.339843847155809328e-02
-2.131221857373809953e-02,5.141519362651795350e-02,-1.285712033562891321e-02,-3.751982254428191249e-02,8.775533548392738803e-02,1.164090670679190781e-01,9.779987402979711808e-02,1.023179678706497148e-01,6.738667266882278351e-02,3.892821127253355551e-02,3.112122706919452989e-02,1.526792436905518024e-01,-6.463928643654504036e-02,-1.612538223685247921e-02,-9.773999907161040612e-02,-5.919061219740577064e-03,-5.128116152374435910e-02,-1.121695654853143154e-01,-1.717217625319904933e-02,-4.935003162438230534e-02,-2.826217916766348912e-02,2.637215008664709620e-02,-2.705812072702862975e-02,1.579311913653893007e-01,2.485435789794259998e-01,2.837990157653167977e-01,5.231991326682272625e-01,3.553349956723150238e-01,3.871290209889928224e-01,7.027088465310887822e-01,4.512170385568611275e-01,5.006612794754027318e-01,1.000000000000000000e+00,5.513614802865707265e-01,4.678414880895524486e-01,7.278291479347593906e-01,3.726887727753339097e-01,3.609875570215297369e-01,4.855404305273723908e-01,3.358257547326960468e-01,3.201034030358177462e-01,3.670791194927262580e-01,2.559765553107229419e-01,2.342682321193979289e-01,2.346424456212945764e-01,1.988215767962617231e-01,1.605702513799796283e-01,1.700466075961476753e-01,1.344711440244500400e-01,1.179546449787926554e-01,1.052752929402584331e-01,9.965983712739025224e-02,8.223739208702611492e-02,9.269861277368290908e-02,9.091312213723144742e-02,7.726104907318924464e-02,1.164845973711255978e-01,8.042088353701878911e-02,9.624070888742665419e-02,5.620620009513122017e-02,-7.401816813943399957e-03,2.241001546183489512e-02,4.109712513828278624e-02,-7.131902046780784488e-02,6.069480838716786314e-02,1.134250533739339720e-02,3.472671617792500581e-02,2.240877736730350830e-02,2.058004172561432935e-02,2.697068474754158937e-02,2.960839406888332581e-02,2.209632304927306584e-02,-8.529970148434705066e-03,5.274277228226423829e-03,-3.202921106214385444e-02,-4.810480373203981225e-02,-3.307904018353269998e-02,-5.097738045271638790e-02,-5.871865465172732695e-02,-1.004133895687380068e-01,-2.280925831772440127e-02,-5.366398046867116439e-02,-6.848866278962542631e-02,-7.924577497345909605e-02,-1.003801916450964560e-01,-1.006482497718906161e-01,-7.909634555643618725e-02,-9.965430288243030954e-03,-7.968536465841885574e-02,-4.612408219332795462e-02,-1.874667917695533106e-02,8.074905937649214105e-02,-4.374040883827857995e-02,-1.672825872814973774e-02,5.746867488609727626e-02,3.752420843609643314e-02,-4.332990200819988175e-02,3.602699690289389023e-02,-2.441810446351852515e-02,-4.800182333073386293e-02
-4.869755197536040220e-02,4.858511074156851572e-02,1.958254662746186647e-02,-7.896291889180455381e-02,1.111343427379766630e-01,1.647281540384596121e-01,1.739390935057719689e-01,6.799764896731887165e-02,1.903144063133019037e-01,9.718698255324585700e-02,1.513276015634249794e-01,2.120661202060844519e-01,1.465047066599064508e-02,-2.876694303665961946e-02,-8.603764859163434697e-02,1.555395016427198705e-02,-7.415934116467828852e-02,-5.490594731235683840e-02,-5.608330481714319388e-02,-7.075497699270009988e-02,-3.424373088193821690e-02,-3.205010805366309556e-02,2.271007843548973268e-02,8.771617521267273399e-02,2.858286330285200183e-01,2.565568339956968980e-01,3.118940372739183453e-01,5.551095566012347327e-01,3.552929996447193317e-01,4.314898508942365263e-01,7.398855235451069490e-01,4.651329588670063964e-01,5.513614802865707265e-01,1.000000000000000000e+00,4.926271820936101720e-01,4.351277811439798748e-01,6.326521425260780429e-01,3.927160748804954249e-01,2.946033137713169325e-01,4.876144323002299386e-01,3.122209463430204446e-01,2.156786722546398249e-01,3.163835539269319042e-01,2.358630904432879316e-01,1.432603591614414196e-01,2.206778363209849492e-01,1.380893091326871602e-01,1.052093765707427658e-01,1.474283351318979307e-01,9.858188655961185043e-02,8.271342175934785768e-02,1.308951536071466248e-01,6.794533663702957693e-02,8.861455812417778910e-02,1.230254786790976607e-01,6.496369924097533666e-02,1.048439006764586290e-01,8.570902309846900602e-02,7.593119673595290220e-02,3.747789038952244883e-02,-1.154089891567404956e-02,3.849354868537973456e-02,3.009452018896389275e-02,-5.003543698202823214e-02,1.106536712918396587e-01,3.766369325295377407e-02,1.008665457868895277e-01,8.034485952472872339e-02,3.425972370044832321e-02,9.076662489897473207e-02,1.003228522031313907e-01,5.253745395266720686e-02,6.004584483866144684e-02,5.274482655114688667e-02,2.343962183566924637e-02,-3.739223635882720637e-02,1.720412322377982322e-03,-2.155477274302525573e-02,-2.961436245580097160e-02,-4.941943599969481071e-02,-4.868643188631030690e-03,-4.073955773950856118e-02,-7.125870527810171384e-02,-1.071666492814158378e-01,-6.409109833400383760e-02,-5.568666493198756035e-02,-3.123056823279207056e-02,-3.597927641727515641e-02,-3.677271454119401817e-02,-2.374627209095775751e-02,3.859315187357674481e-02,7.228645433047585500e-02,-1.663940049044371206e-02,1.809007582862825689e-02,7.210944835624667759e-02,8.495447497111852098e-02,-3.214343973320246683e-02,3.832422489063242593e-02,2.990672343236290553e-02,-1.016163431703434768e-02
7.426623533585389667e-03,1.086134833835485786e-01,4.992576675849615814e-02,-2.586638049212483872e-02,1.400176020451069925e-01,1.475904678828445782e-01,1.585321343457063437e-01,1.298012556690733010e-01,1.170901432118571645e-01,2.732225700686481337e-02,9.305220852223766714e-02,1.618036749957791620e-01,-5.272589408317259613e-02,-7.855153201734776935e-02,-9.968551453905162563e-02,-3.294018743461421539e-02,-7.912355013302720119e-02,-6.277413296697617606e-02,-3.891183522308318959e-02,2.496301039337114197e-02,1.717390253762475505e-02,4.070184917176613432e-03,7.726234520713880227e-02,1.791759751361218789e-01,1.700847534418807039e-01,3.491880769912827365e-01,2.618976930981977702e-01,2.957874224343068348e-01,5.134760079360397578e-01,3.467502547340721164e-01,3.670763110402632812e-01,7.116071756595063746e-01,4.678414880895524486e-01,4.926271820936101720e-01,1.000000000000000000e+00,5.299868199975724670e-01,4.279819780736819901e-01,6.903664740162419600e-01,3.421561414524323386e-01,3.461038750150995935e-01,5.087253863928810071e-01,2.682168215484382889e-01,2.278911237772397735e-01,3.380463529875980533e-01,1.788996713913489633e-01,1.914485307344358234e-01,2.354717734947253949e-01,1.264128882653501873e-01,1.308891380514701219e-01,1.542819426636843350e-01,6.321491487287285438e-02,1.049519971550107178e-01,1.207367278505044189e-01,7.310488378073877469e-02,1.197991229182684830e-01,1.005311035881911452e-01,9.465117996996441629e-02,1.142364099505980557e-01,6.930396295853441524e-02,-1.710949007553214454e-02,-4.896674124791265681e-02,-1.524526522990633445e-02,-2.966466941665415330e-02,-8.541790336001102435e-02,4.937617585443740409e-02,-2.567353506313253819e-02,5.784306934432770220e-02,3.418202689140806966e-02,2.518283029489048423e-03,6.974253693824847278e-02,7.364426719533029297e-02,3.961041394037353308e-02,3.010668227841277814e-02,6.118224861024796485e-02,2.104910136952305166e-02,-4.527166447279075759e-03,8.937543512426087235e-05,1.278150788594239638e-03,-3.348254941743403212e-02,-3.000548721227374802e-02,5.843523209954817194e-02,-4.172860342991695920e-02,-1.180570894162437552e-02,-5.310582569110404438e-02,-4.198727745480911738e-02,-3.481892380951844695e-02,-3.198614984409358514e-02,-2.733134159257782567e-02,-1.887019716965364011e-02,4.030096564831684401e-03,-1.572942350237084563e-02,8.920003239040107113e-02,4.771892321466564973e-02,1.512645853842958278e-02,4.296354413562636365e-02,4.717677100291186448e-02,-1.581970454245588617e-02,2.076332759374044379e-02,4.977921166782226653e-03,-1.817635252662524103e-03
-2.229248245923371591e-03,6.163366368099076897e-02,-2.088053870362356970e-02,-2.124158962903395856e-02,9.564889877189525214e-02,1.083370702279195102e-01,1.013239803035173581e-01,8.956405486495920554e-02,7.142463433809005668e-02,2.329195083428940022e-02,3.229384369737222510e-02,1.249120668447096655e-01,-4.368734983822536444e-02,-2.846241234162684083e-02,-5.698080502746664250e-02,1.937891286112401745e-03,-3.792619984206312134e-02,-7.522312216004151120e-02,-5.502321704702083267e-03,-4.263145283081030967e-02,1.366867780259845878e-02,3.570152965700255226e-02,-2.973320270655837455e-02,1.275527472137851781e-01,1.705110029070131261e-01,2.192982377209382328e-01,3.649490604380860592e-01,2.557958939057066172e-01,2.959015225081665923e-01,4.944730925990395431e-01,3.204888145373508967e-01,3.991158670146019438e-01,7.278291479347593906e-01,4.351277811439798748e-01,5.299868199975724670e-01,1.000000000000000000e+00,4.905163104793309192e-01,4.637846463402094943e-01,6.728446846977815810e-01,4.343060322359219017e-01,3.677745233720662310e-01,4.803958222712396697e-01,3.267834891300165912e-01,2.781825242165857359e-01,3.253670799949234249e-01,2.612272701178811607e-01,2.023459444753586967e-01,2.480058605652861736e-01,1.845825808384072841e-01,1.669685496313750295e-01,1.714005305893479547e-01,1.417988162891616888e-01,1.203204902109766689e-01,1.440761999124315351e-01,1.191471615512118692e-01,9.055967026828806721e-02,1.448046047093534960e-01,1.070239189500337279e-01,1.016982864041252321e-01,5.651356866351583963e-02,1.608804117974025130e-02,2.010403532007330740e-02,5.149172796126923884e-02,-5.422884997684647435e-02,7.387879348147993741e-02,2.756849548390133409e-02,5.399456914334144209e-02,4.278539239816056550e-02,2.883456230708556986e-02,4.649773323789749974e-02,4.367061887642815360e-02,3.228195424784354589e-02,9.025412758280915507e-03,1.127917801585358488e-02,-2.010940723478421913e-02,-3.317313907373093534e-02,-2.774097865493196577e-02,-4.792390468337492243e-02,-5.741597268409707328e-02,-7.301144238730976344e-02,-2.590811328178750303e-02,-5.644676606908009819e-02,-6.800440752139773337e-02,-6.885317199417137490e-02,-1.294046606541168765e-01,-1.209260899621203006e-01,-1.079007589332758449e-01,-2.471062022460340790e-02,-1.149805339779920166e-01,-4.978282749686874925e-02,-4.271063334151582735e-02,5.753305042594211022e-02,-2.180254480244418064e-02,1.744784602554496841e-02,5.039462788870482240e-02,1.499205299580858367e-02,-4.341457299405829945e-02,3.766785955436162837e-03,-2.748905122326590622e-02,-3.111582858430596635e-02
-4.111409900115559068e-02,3.030894528327861964e-02,-1.896822135349640268e-02,-8.961157425568824775e-02,8.342720658843605364e-02,1.031173240282498571e-01,1.245456189534256963e-01,3.657872966498549455e-02,1.346533532217529805e-01,2.929454358355287544e-02,1.051710006838704886e-01,1.439871289096336937e-01,-7.769797382036251754e-03,-5.697659842594346435e-02,-3.773484547658929184e-02,3.452698109315115258e-03,-5.962078172321580438e-02,-3.105853638242475623e-02,-3.210347402009370438e-02,-5.617149175321900501e-02,2.633247966270240922e-02,-1.588738158866645489e-02,1.804866039176622125e-02,6.863491851322646442e-02,1.925993646282835592e-01,1.835727711695876452e-01,2.001682738605381484e-01,3.545741458268601431e-01,2.340891289894747040e-01,2.760257486976722130e-01,4.620747082512276505e-01,3.191348729048598121e-01,3.726887727753339097e-01,6.326521425260780429e-01,4.279819780736819901e-01,4.905163104793309192e-01,1.000000000000000000e+00,5.575001799467323993e-01,4.507547940585409640e-01,7.584325030595608919e-01,3.882011428767927486e-01,3.097680122544874126e-01,4.829024403049831382e-01,3.110182054772612781e-01,2.272974715380136068e-01,3.536757501936278469e-01,1.857698083266815514e-01,1.788416702072563591e-01,2.521323493790625925e-01,1.429639852716235726e-01,1.515345365303378267e-01,1.993535647028092661e-01,9.491432918307628197e-02,1.410880086700500302e-01,1.563760924881090475e-01,7.861367000936632377e-02,1.427670768549025304e-01,1.136722549380445729e-01,8.395408750235754114e-02,5.615251710001412794e-02,4.529027463280337409e-03,4.674221604797696578e-02,4.575452362861628930e-02,-1.362045888911643521e-02,9.259733753734250561e-02,5.792682524927331850e-02,1.089974447225439819e-01,8.730085970400629225e-02,7.002816064102541926e-02,8.030291095346288321e-02,6.742293638442919956e-02,4.580546138333219564e-04,6.412909850602177553e-02,1.380337500848003232e-02,-1.893347413887037228e-02,-5.673520214606939116e-02,-3.388655960184439736e-03,-4.844647490913166210e-02,-2.928678633078835025e-02,-4.758328013097567338e-02,-1.514485187122920594e-02,-3.355662611547585022e-02,-8.142468433058364097e-02,-1.113521455458634096e-01,-6.676413020978155810e-02,-9.206794208015883774e-02,-6.136102580041408877e-02,-6.062474441034013811e-02,-6.743260181025420574e-02,-1.040230642075127589e-02,2.513247626885203520e-02,6.888125472373722580e-02,1.004637297535174948e-03,4.124038762564367910e-02,8.368375746940288906e-02,8.518704535339602368e-02,-2.610271296826390669e-02,3.327402031620955297e-02,2.491907675280269352e-02,6.877051545406617783e-03
-1.067494452470919451e-03,8.365472016143352119e-02,4.512064655805083507e-03,-3.424961992592537308e-02,1.335030737071541684e-01,1.133776079553085597e-01,1.244850571715591936e-01,1.164336109359341703e-01,8.249471627584922806e-02,7.053184155806749983e-03,4.366758332910413570e-02,1.316023273476880917e-01,-6.412623716159955578e-02,-7.040991778084002006e-02,-8.054536067196640947e-02,-2.980730485845534822e-02,-6.749849338826224843e-02,-7.270887855757122986e-02,-4.015850502422940727e-02,-2.591279050812495682e-02,1.549468707450211979e-02,-7.501156146120924531e-03,6.704930732945550177e-03,1.066585405930219610e-01,1.028066629828461309e-01,2.434110501317145736e-01,1.920116265412808720e-01,2.260023639020433961e-01,3.458202260511888948e-01,2.665814209083964270e-01,2.876981260433366661e-01,4.966875448573103702e-01,3.609875570215297369e-01,3.927160748804954249e-01,6.903664740162419600e-01,4.637846463402094943e-01,5.575001799467323993e-01,1.000000000000000000e+00,5.004668547444602877e-01,4.581687320197493918e-01,6.962209363726425959e-01,3.715779370216479305e-01,3.070109855856722469e-01,4.560036946041092776e-01,2.446473795348329539e-01,2.621839563682101804e-01,3.169472475706683334e-01,1.741519136113628408e-01,1.987215994063175617e-01,2.097266565252517423e-01,9.177254505282300689e-02,1.583983806767292057e-01,1.416186175689587712e-01,1.024981348571778611e-01,1.563775057695355464e-01,1.024176611679450261e-01,1.197851295150678397e-01,1.312045655344642459e-01,4.168053885886941617e-02,-6.929957318788937132e-04,-4.212302677582173416e-02,-1.190541502402441693e-02,-3.510879035417904109e-02,-1.007258328918918255e-01,4.700318449813763177e-02,-2.267912863276535379e-02,6.235936950156210912e-02,3.007592666950048912e-02,-4.544145793369254276e-03,6.953736386822112481e-02,4.720736940011933253e-02,1.738095210925173772e-02,3.327969583709439877e-02,4.031691839556532375e-02,-2.204950389703619427e-03,2.663536744896964192e-03,-8.910693143996822191e-03,8.708857555711295093e-03,-2.674100186203949396e-03,5.770160780079387243e-04,7.694172193697348949e-02,-4.030445488344671680e-03,-5.122510520592984777e-03,-6.683253791687313039e-02,-5.576344374141972010e-02,-4.085440849861749629e-02,-3.387277850475253760e-02,-5.127433832556869270e-02,-1.796197442106529582e-02,4.770562046665781375e-02,2.989712396862107685e-02,9.178386760642102959e-02,5.938789044304233766e-02,3.217096065186089427e-05,3.019249510892307170e-02,5.876646445528101864e-02,1.142200111131125295e-02,4.283647978543560914e-02,1.099525428116866765e-02,3.339681430828767006e-02
9.357220945551844582e-03,3.128601513413053342e-02,-1.086265207078514206e-02,-4.760207517486242899e-03,6.454307666199655957e-02,8.311277128810887205e-02,6.023590841610249047e-02,4.294854272250058641e-02,6.867107258306430484e-02,3.347891109472717064e-02,3.691285903268328589e-02,1.145725079617610637e-01,-1.367501213172064509e-02,-1.465263890903673039e-02,-1.940191096807991275e-02,2.559821994639241427e-02,-2.066259204235833605e-02,-4.819923673936687275e-02,8.084576243086217390e-03,-3.751558454935110393e-02,5.170761417970821255e-02,3.485234824668285297e-02,-2.171286326687966658e-02,9.065441857119251046e-02,1.111112963251223995e-01,1.628428872670413530e-01,2.306643275368851498e-01,1.764815275902861524e-01,2.004239717098494356e-01,3.166552735723323075e-01,2.262923813940091455e-01,2.685682071783982439e-01,4.855404305273723908e-01,2.946033137713169325e-01,3.421561414524323386e-01,6.728446846977815810e-01,4.507547940585409640e-01,5.004668547444602877e-01,1.000000000000000000e+00,5.315947532229429173e-01,4.411339635431439365e-01,7.189531940199068716e-01,3.967075986989400671e-01,3.415952334241493249e-01,5.075906162823138335e-01,3.281436488156686537e-01,2.840326847945446320e-01,3.735794821092806584e-01,2.207306049564587702e-01,2.480195722229728283e-01,2.551404215207551118e-01,1.662260579896009949e-01,1.763315632757804508e-01,1.897261837148593866e-01,1.156566474237879921e-01,1.176655977175324191e-01,1.666728608791970268e-01,1.072379636387037344e-01,1.111619481389210101e-01,3.989130639047387683e-02,-1.976934140614619410e-03,-1.509510134794300046e-02,1.703914545717782544e-02,-4.531398688751440279e-02,2.959177405033117103e-02,-4.553002986524838820e-03,2.088525643767696893e-02,1.185809413156426254e-02,-1.897187071978832448e-02,2.762914574080367960e-02,4.412191617187322112e-02,1.121466056034398258e-02,1.318715534625033124e-02,2.134209738325959851e-02,-2.802894563655806623e-02,-2.046976250755515661e-02,-2.906553709858635676e-02,-4.147735314168043280e-02,-6.184156955072588752e-02,-6.852986360702313651e-02,-4.516891241599161992e-03,-7.237168214966885338e-02,-5.100027631974573400e-02,-7.133809443244674975e-02,-1.668316291749814273e-01,-1.385707036627830402e-01,-1.092470058570634145e-01,-2.783984722479974916e-02,-1.410644547601168641e-01,-4.858737635810977951e-02,-5.890560016274506983e-02,3.990477290898353235e-02,-8.559674363606968941e-03,2.420604546255807760e-02,3.287856424929685994e-02,3.492200000949391599e-04,-6.493818142083940259e-02,-1.087638972850784626e-02,-3.449672357297171865e-02,-1.427919454432988004e-02
-2.309054707050017113e-02,2.107171601587949986e-02,-2.150581635300865407e-02,-6.757140160336297385e-02,6.178158847668578646e-02,8.667907618620544763e-02,8.047681651817469028e-02,3.078992350895254707e-02,1.093846863673556269e-01,2.118007095270907011e-02,5.326698625537056031e-02,1.165309868338034183e-01,-1.723262758800759090e-02,-3.245002005643994603e-02,-3.713478608182698565e-02,6.208269152997233573e-03,-3.191763382626275347e-02,-3.239253297697960998e-02,-1.658223619790064052e-02,-5.228716108049015487e-02,3.053341558082046242e-02,-1.406558584660785307e-03,-3.960517719408597134e-03,3.787114586284229950e-02,1.426992386997485984e-01,1.478409632622502690e-01,1.717843953823255942e-01,2.712520017699905917e-01,1.709760261444860652e-01,2.394788382236744673e-01,3.513468533224376467e-01,2.455834218403792346e-01,3.358257547326960468e-01,4.876144323002299386e-01,3.461038750150995935e-01,4.343060322359219017e-01,7.584325030595608919e-01,4.581687320197493918e-01,5.315947532229429173e-01,1.000000000000000000e+00,4.923310221486836835e-01,4.099990427271831828e-01,6.247354180550198643e-01,4.011282876442637257e-01,3.122872646130185337e-01,4.605164119520589461e-01,2.459247406855293860e-01,2.433603520041258128e-01,3.269546219235770490e-01,1.982722580481099950e-01,2.055704641108533071e-01,2.548266673000336713e-01,1.352766540358465996e-01,1.927529074064617265e-01,1.955416036569590510e-01,9.718334145834915672e-02,1.782600357774314914e-01,1.448253951500350356e-01,8.847647099246898350e-02,7.222433578687163791e-02,4.717439814443456607e-04,5.043003051699957578e-02,4.798492005751207878e-02,-1.811512905736782988e-02,9.245791141610881780e-02,5.545108892041663434e-02,9.491647971423432251e-02,7.403075922111418405e-02,5.262039726888485813e-02,6.230657286138691076e-02,5.488134800309828198e-02,-1.651246296097316421e-02,6.264440401862243768e-02,-8.715364847237513837e-04,-2.808200039224861833e-02,-4.687718939291182080e-02,-1.520150534354226292e-02,-2.854150799210147457e-02,-3.067854625237228378e-02,-4.268748278354039805e-02,-2.027895193164169774e-02,-3.645120676861388770e-02,-4.903025801089812286e-02,-1.087516751642360058e-01,-7.649491631996079011e-02,-7.232512387961237410e-02,-4.981678197587275508e-02,-4.211658431103151162e-02,-5.449349713999664807e-02,-1.529921665951082749e-03,3.503365611356208664e-02,7.295070753639096295e-02,2.131326047567902796e-02,5.436662002000375998e-02,6.842627230460392174e-02,7.471857964474533376e-02,-4.292607679623791639e-02,3.492669923585949715e-02,2.746631319074170283e-02,1.284164672861685431e-02
9.383989562723890837e-04,5.811791986485595474e-02,-2.022528780323394268e-02,-2.519946212655972684e-02,9.279688319306274302e-02,8.074961779472127066e-02,6.727334045787808359e-02,8.480797629101129165e-02,5.460287554420046457e-02,-2.888553834055998613e-03,5.653392183575059807e-03,1.060611433017958072e-01,-6.781802290580614401e-02,-5.153341583916468127e-02,-8.381339532576136120e-02,-3.109817123959336335e-02,-4.553039983135526159e-02,-7.105219544468244219e-02,-3.807470568575591768e-02,-3.212036733380310011e-02,8.766177583521191433e-03,-1.147072332314176199e-02,-8.844427962690372055e-03,6.661953698341216423e-02,8.626301313070915133e-02,1.983341879581748957e-01,1.660678225266528918e-01,1.752645752198554452e-01,2.499073563567000000e-01,2.430139265187339914e-01,2.365790308597617575e-01,3.688064966429460689e-01,3.201034030358177462e-01,3.122209463430204446e-01,5.087253863928810071e-01,3.677745233720662310e-01,3.882011428767927486e-01,6.962209363726425959e-01,4.411339635431439365e-01,4.923310221486836835e-01,1.000000000000000000e+00,5.154925210750739284e-01,4.236695423257269555e-01,6.562337384923379036e-01,3.521732794434712099e-01,3.698228488873126496e-01,4.564290520246636618e-01,2.522133653403965114e-01,2.779264098526684212e-01,3.203689403849371842e-01,1.441744659717643928e-01,2.250310064075269068e-01,2.077099588410696862e-01,1.409660688674921336e-01,2.015817074785683505e-01,1.413808597372852027e-01,1.410775187793528174e-01,1.741906478146689474e-01,4.994030808922711451e-02,-5.087122212828562411e-03,-5.335618896793362098e-02,-2.553422736359661077e-02,-2.823091062224385162e-02,-9.993848880226181841e-02,7.184730022069912847e-02,8.694223413570487590e-04,7.715497967703165150e-02,2.195889763677082857e-02,1.278000051721180259e-02,6.424907211077693359e-02,3.141450655748683624e-02,3.555883524264011677e-03,5.272504045262791511e-02,2.616312935691623986e-02,-5.852481273715402429e-03,9.507205317285646667e-04,-2.565229868559268725e-02,2.085068677246959545e-02,-3.514626695310082375e-03,-2.548874801221924849e-02,7.089266743659343450e-02,-3.209443129636289221e-02,1.973928631454602289e-02,-7.405975233628779575e-02,-6.260295375924289363e-02,-2.607204091520783779e-02,-3.710892252893408655e-02,-6.612097487591764300e-02,-6.045546447737284480e-03,6.021716008667343800e-02,4.947311840140344863e-02,1.069096107337764723e-01,6.988915908828589874e-02,1.092906978136236502e-02,1.991854889287918845e-02,4.851355073961229059e-02,-4.187305415073644399e-02,4.013614306895878919e-02,1.549412416992352465e-02,2.859836343662020691e-02
2.468258750198753029e-02,4.606172969911994514e-02,-2.800890901974670624e-02,7.236366780290368061e-03,7.370906363808869821e-02,7.905528108461500059e-02,4.853095266485708825e-02,4.289959481426936644e-02,7.308405929689927583e-02,2.369081550193074745e-02,4.404823025431641587e-02,1.071937116567696774e-01,-1.755891187129936942e-02,-4.327302348292530118e-03,-1.460331347536143569e-02,3.578722775475654677e-02,-8.092373719450512981e-03,-5.598748357969214606e-02,2.705786077508490553e-02,-3.821272499048887494e-02,5.951258613856693497e-02,2.601293996559428390e-02,-2.014684699679662044e-02,5.758525657242939688e-02,8.904321823538460801e-02,1.321809462142467528e-01,1.747689607089093489e-01,1.254931535133678999e-01,1.542986090297916724e-01,2.405208366214471871e-01,1.624573829638240319e-01,2.129111286170957962e-01,3.670791194927262580e-01,2.156786722546398249e-01,2.682168215484382889e-01,4.803958222712396697e-01,3.097680122544874126e-01,3.715779370216479305e-01,7.189531940199068716e-01,4.099990427271831828e-01,5.154925210750739284e-01,1.000000000000000000e+00,4.984784703383315363e-01,4.564633123480070775e-01,7.278954716798774482e-01,4.295738775408058929e-01,4.073632827835438341e-01,5.353110236342264461e-01,2.844249056930462372e-01,3.668966560678641464e-01,3.664387428833484894e-01,2.234697919191563353e-01,2.742353631726553997e-01,2.669655640576404920e-01,1.477982250698666178e-01,1.795200630185568025e-01,2.118232879933137358e-01,1.315079427545537971e-01,1.498965664506562712e-01,2.935562901964736127e-02,-2.044844188678697494e-02,-3.460508137309312171e-02,-6.617863387400360793e-03,-6.105149603085990861e-02,3.447068987952187080e-02,-3.596626010950297603e-02,-9.555516446733029051e-03,-3.573484570237028118e-02,-3.673427159108599155e-02,-9.346015361390860865e-03,1.437759028206717776e-02,-2.243795660949909898e-02,8.403113651464182545e-04,5.121313054492048628e-03,-3.800049385592885881e-02,-3.519287284950563949e-02,-4.678155898192559725e-02,-3.870779163554040336e-02,-7.645232038270079189e-02,-7.552211047562258639e-02,1.279585616488087413e-02,-9.091127387294324624e-02,-1.694180178309261792e-02,-7.493974104909199851e-02,-1.547850690317860434e-01,-1.127957367739711864e-01,-1.184644409789530894e-01,-6.268848433872252490e-02,-1.113305751422106749e-01,-1.213992375980790100e-02,-5.846933470585670423e-02,1.404110986281811510e-02,3.257962409521810571e-02,8.260082970490511059e-03,-2.724283802102979435e-02,-1.976764199472888159e-02,-7.337791439986948716e-02,-1.251603709812087496e-02,-2.755137491848672418e-02,7.583261928718055579e-03
3.412601648135043814e-03,2.957813351778975849e-02,-1.690034106928845620e-02,-1.205884147412250758e-02,4.558460783875890182e-02,4.486105799436076319e-02,4.026527498929481641e-02,2.635958131674377355e-02,5.980711102676949942e-02,-3.297301522016578279e-02,-9.148604909086462860e-04,6.879584289911018502e-02,-6.962730349940944585e-02,-3.907639212610643231e-02,-4.579623986191235646e-02,-2.594535729076586847e-02,-2.741764837719249878e-02,-5.698984100369453021e-02,-2.693319526164630190e-02,-9.306593645957839112e-02,8.187229137565123216e-03,-1.682377445173677960e-02,-6.618390018463718438e-02,-1.678144440975239127e-02,6.924665047231783055e-02,6.409775109375165369e-02,1.213498462346372930e-01,1.548273270711874594e-01,9.975348411857480613e-02,1.859374418017219754e-01,2.230763538708510629e-01,1.668309578872744781e-01,2.559765553107229419e-01,3.163835539269319042e-01,2.278911237772397735e-01,3.267834891300165912e-01,4.829024403049831382e-01,3.070109855856722469e-01,3.967075986989400671e-01,6.247354180550198643e-01,4.236695423257269555e-01,4.984784703383315363e-01,1.000000000000000000e+00,5.487474865853642081e-01,4.587976584601277108e-01,7.306298391900967193e-01,3.041558988542787390e-01,3.530117035778933543e-01,4.968003940277115338e-01,2.625113258247770420e-01,3.303770800331415347e-01,3.868351500146672284e-01,1.872851992519885544e-01,3.051112149890276570e-01,2.557865750302963370e-01,1.361131038384539860e-01,2.473070112217649330e-01,1.743720718621958043e-01,1.021305114695989363e-01,1.219861120576377772e-01,4.060895803582308464e-03,5.789321758426458492e-02,4.464776574072115006e-02,-1.904803694984312512e-02,1.180348714825212170e-01,2.205204958501020412e-02,4.897655344461947918e-02,3.231980734662605326e-02,8.670918175935011032e-03,3.222362665111553476e-02,3.683104263941175405e-02,-1.795725303176039581e-02,3.264420301276685366e-02,-1.946714969115553862e-02,-2.960681515884491452e-02,-6.000338401619503131e-02,-2.630938578731976257e-02,-2.608396208605240699e-02,-4.883315328740429201e-02,-7.475718897142730190e-02,-1.597561933361124967e-02,-8.290043600830782067e-02,-5.800389736679412850e-02,-1.011791701513066188e-01,-1.191403734236660128e-01,-8.810530040811129227e-02,-1.109458513403562135e-01,-7.674269783699991243e-02,-7.384239982214896303e-02,-4.846723501888637251e-03,5.197318881842247912e-04,7.854288050394857279e-02,3.995965545449209344e-02,5.158349401592873806e-02,2.089606696757678739e-02,3.778659769208608105e-02,-6.575215780554644063e-02,2.509315005053749936e-02,2.792616727196671131e-02,5.984869332534449712e-04
3.194810307568637237e-02,4.179867160308330110e-02,-2.100240270852004806e-02,7.891935307234355240e-03,6.300665250829351471e-02,6.235213857925456238e-02,2.875734526702218574e-02,5.144132593615197840e-02,3.045922547535865124e-02,-7.243824537722687827e-03,-8.584968419805254908e-03,6.291123144345495133e-02,-5.485760572004082930e-02,-3.339960623249595834e-02,-6.171280189531911514e-02,-3.926744400554364745e-02,-2.959678986165686573e-02,-6.220695323787912845e-02,-2.231021649642957530e-02,-6.023461103563305247e-02,1.871405802606083621e-04,-1.145694646282775959e-02,-3.753056784218311570e-02,1.865427548768705188e-02,4.144601346418801818e-02,1.124613792775955162e-01,1.027822636382842852e-01,1.088527789991230871e-01,1.278309463943235191e-01,1.674154925868847066e-01,1.679004410455810781e-01,2.320239573926614618e-01,2.342682321193979289e-01,2.358630904432879316e-01,3.380463529875980533e-01,2.781825242165857359e-01,3.110182054772612781e-01,4.560036946041092776e-01,3.415952334241493249e-01,4.011282876442637257e-01,6.562337384923379036e-01,4.564633123480070775e-01,5.487474865853642081e-01,1.000000000000000000e+00,4.987140042906906823e-01,5.153121019100459499e-01,6.943584924413807036e-01,3.845256057739939726e-01,4.292063289157430073e-01,5.080729705606461533e-01,2.414510211527613470e-01,3.383296712904527714e-01,3.416349063716440648e-01,2.348677060452788179e-01,2.939925488023569788e-01,2.608287524929782109e-01,2.051866873211407594e-01,2.570413582857303258e-01,1.320577348520364513e-01,3.491947684280607284e-02,-4.594589404543437255e-02,-2.580748222075907906e-03,-2.452156175411723468e-02,-6.929540897166241997e-02,8.807946276456000978e-02,-3.009641300411350362e-02,6.170692026751107423e-02,-2.351225642991397469e-02,-4.379812459954745413e-02,3.783775755169146299e-02,2.056280374678533251e-02,-2.573725284347172862e-02,3.575394726597339728e-02,-6.044251941082140651e-03,-4.388087027843513149e-02,-3.300241607284783163e-02,-3.860795158850329617e-02,-2.511986118926036113e-02,-2.448169898697572303e-02,-5.033916187457541241e-02,5.493604986541567037e-02,-3.405606733443302531e-02,-1.789434554804323479e-02,-8.010672969428668522e-02,-4.886115984314390315e-02,-4.655591105207282365e-02,-4.522966241445879748e-02,-5.587249730508690726e-02,-4.276782609171362465e-02,3.353027393083556074e-02,4.476786700591588175e-02,1.071667225953254199e-01,5.045957684215424122e-02,4.883450099295896102e-02,2.744190175960839473e-02,7.830107885841730564e-02,-4.496791273274294148e-02,4.381479554534457171e-02,5.050043826568142991e-02,4.478619820101066573e-02
3.441058092440255761e-02,4.036831880829580554e-02,-1.445036206728729684e-02,2.044857217635187227e-02,5.486409652061866732e-02,5.648854256208951652e-02,3.878920131896090862e-02,1.614695689541912130e-02,7.484825826798113813e-02,2.149744694242949547e-02,6.422417226899081177e-02,9.047184177920493398e-02,-2.342630019836041723e-03,1.075365968987774395e-02,1.455882248379466136e-02,5.616887930377321286e-02,1.280930705370079276e-02,-1.797646838289893717e-02,3.870385739194528996e-02,-3.852585825219578819e-02,6.355768580275431012e-02,-4.436501260189464405e-03,-1.277270195094719688e-02,1.844738142208844286e-02,4.910775838718015734e-02,7.753116878775154208e-02,8.470092543991082634e-02,5.779427946592453902e-02,8.696027995847563363e-02,1.365124571977586188e-01,1.026390600995295138e-01,1.441141153092816152e-01,2.346424456212945764e-01,1.432603591614414196e-01,1.788996713913489633e-01,3.253670799949234249e-01,2.272974715380136068e-01,2.446473795348329539e-01,5.075906162823138335e-01,3.122872646130185337e-01,3.521732794434712099e-01,7.278954716798774482e-01,4.587976584601277108e-01,4.987140042906906823e-01,1.000000000000000000e+00,5.404562009592953631e-01,5.319856763118377962e-01,7.471434619359393903e-01,3.780677612386926234e-01,4.919308849142398632e-01,5.165531879150895289e-01,3.052658095199611288e-01,3.735883223533385533e-01,3.863740425885904273e-01,1.912146247789489883e-01,2.652838780063208612e-01,2.973121761368793248e-01,1.783053294883763518e-01,2.190577881381033098e-01,6.743971396646103456e-02,-2.735195320484544793e-02,-2.286718020219177545e-03,-1.276851769512301477e-02,-4.233826464695294306e-02,4.679736419930938945e-02,-6.276672602034340243e-02,-2.000691284729641181e-02,-3.922481027527275482e-02,-6.550396230370099382e-02,-7.019974027063288248e-03,1.222388363727382231e-03,-3.155385280663376701e-02,1.363304310013895709e-02,-1.612579974946547201e-02,-4.530668866161131209e-02,-5.195812122512030728e-02,-5.886110568191846998e-02,-5.206510605440621553e-02,-9.064022869793425530e-02,-9.661183277966402250e-02,1.060322052496962680e-02,-9.715295486797954905e-02,-4.156255856601203530e-02,-7.845871219829429755e-02,-1.411047197893583460e-01,-9.964273018668040605e-02,-1.010135057446791967e-01,-9.059701213592193103e-02,-8.304632914283553713e-02,3.798520712930183747e-03,-3.638616926654590633e-02,1.730903576205163746e-02,3.668272403356114680e-02,2.709662516165372778e-02,-2.159533946305388502e-02,-3.016907812207346093e-02,-7.565875347552009078e-02,-3.622892156582220580e-02,-2.137824028708363439e-02,2.588016244797234494e-02
1.746284643181987561e-02,2.157519185361056122e-02,-2.456050937500289105e-02,7.204546449547556556e-04,3.206278956298517363e-02,2.449454668056054787e-02,1.470952847236829675e-02,2.270394856308135395e-02,3.358351986656002430e-02,-3.125895228704780177e-02,-2.480491538544562710e-02,4.396553885758155977e-02,-6.338236415422936199e-02,-4.390636779561468174e-03,-1.597575538360454517e-02,-9.386432636126914274e-04,8.425490253540040414e-03,-4.829015890677289952e-02,1.345341748230962850e-02,-7.659456706277260885e-02,3.906437696360331308e-02,-3.001761913518845998e-03,-4.403677512681954120e-02,-2.727039964258854299e-03,4.900639136001481294e-02,7.516955279619629005e-02,9.028399825605798457e-02,9.990182438878804361e-02,7.310874232124162098e-02,1.389176523280102882e-01,1.452652512851445032e-01,1.300208516438472739e-01,1.988215767962617231e-01,2.206778363209849492e-01,1.914485307344358234e-01,2.612272701178811607e-01,3.536757501936278469e-01,2.621839563682101804e-01,3.281436488156686537e-01,4.605164119520589461e-01,3.698228488873126496e-01,4.295738775408058929e-01,7.306298391900967193e-01,5.153121019100459499e-01,5.404562009592953631e-01,1.000000000000000000e+00,4.874773279056215380e-01,4.721469543788636147e-01,7.047360026725969506e-01,3.985564648165480506e-01,4.270917104128047481e-01,5.446558416037704520e-01,2.806301659067065302e-01,4.033045663790039148e-01,3.744685971760921550e-01,2.010000413461321689e-01,3.234211531894174985e-01,2.607486371981583839e-01,1.151435195505013387e-01,1.904334855777092550e-01,4.187620089487445463e-02,9.744560444974856295e-02,8.439069606219723463e-02,6.791489208594748625e-03,1.452513460071878371e-01,2.167563303946620779e-02,4.983106736007562182e-02,3.278112910327683760e-02,-1.174175650380564553e-02,3.348674726666153734e-02,1.444227997907127602e-02,-3.984830291817317849e-02,3.216422702563101477e-02,-3.151863617285003555e-02,-2.693093259393324404e-02,-5.324615161388757817e-02,-3.967471997320760196e-02,-1.379193983564445426e-02,-5.111867029400309764e-02,-6.229088034756746078e-02,1.112546331461042315e-02,-6.337084101064441310e-02,-6.761682303554035489e-02,-1.124497775837751679e-01,-1.059722229490620837e-01,-7.401669246159357785e-02,-1.018368177379983114e-01,-9.884417435762463122e-02,-5.477421852080160275e-02,2.199657906422724032e-02,2.599775440083612610e-02,6.847355200940530295e-02,3.738563121807404743e-02,5.235571674371076317e-02,-2.317942440556343062e-03,5.114506061648629864e-02,-4.466626529117582317e-02,4.125906429266481407e-02,3.999992657545658331e-02,1.090087015032531817e-02
4.350097387781461100e-02,3.613112225766707680e-02,-2.644325344742013556e-02,1.791580184478266946e-02,5.354879302507748601e-02,6.538968473291949246e-02,3.247633234227418481e-02,3.525197186627408025e-02,4.968084628188190743e-02,1.397763734865033365e-02,1.269038599403421973e-02,6.062169035474479495e-02,-2.896806597608366646e-02,3.595180184413586302e-03,-3.252883738712637751e-02,2.620548450498142584e-03,2.094425260627794539e-03,-3.689777625279958700e-02,1.534474932377326122e-02,-3.624232910348394038e-02,3.132359418208600921e-02,-3.001114332995662333e-03,-2.713887796346931697e-02,3.039930992115913791e-02,2.348493148697726116e-02,7.589099917985528410e-02,4.742350326561973334e-02,4.235184227155304459e-02,7.185654427492105256e-02,9.345771675615389962e-02,8.244437691300716964e-02,1.443436400942064157e-01,1.605702513799796283e-01,1.380893091326871602e-01,2.354717734947253949e-01,2.023459444753586967e-01,1.857698083266815514e-01,3.169472475706683334e-01,2.840326847945446320e-01,2.459247406855293860e-01,4.564290520246636618e-01,4.073632827835438341e-01,3.041558988542787390e-01,6.943584924413807036e-01,5.319856763118377962e-01,4.874773279056215380e-01,1.000000000000000000e+00,5.316487956011198834e-01,5.210134574623247472e-01,7.478506630118159082e-01,3.038218615931200239e-01,4.091527686609826020e-01,5.135548368712002931e-01,2.921875409207506102e-01,3.772451498197193498e-01,3.907034347169585642e-01,2.529120714935357839e-01,3.391852996169504864e-01,2.075500422990508576e-01,6.827884326387584357e-02,-3.529644479648563760e-02,2.916143293295187996e-02,-1.341362949442025630e-02,-4.131503053423354194e-02,8.261971615630041288e-02,-2.009465992116245617e-02,6.877856654506733780e-02,-1.795768064033350514e-02,-3.971664536251520022e-02,4.115940908477568050e-02,-2.498215088919217286e-03,-2.996560449905363507e-02,5.003546281627507808e-02,-2.183483093239591000e-02,-6.338129095027271453e-02,-3.919053320894308468e-02,-4.043018508716658688e-02,-3.914628070102534746e-02,-9.236464168656184290e-03,-4.694909058625196946e-02,5.118113900714941350e-02,-1.277405821054253612e-02,-1.735721495513250709e-02,-8.291558046636192392e-02,-2.134099848493808960e-02,-3.004095696368807699e-03,-2.520628829537321577e-02,-4.267756096752396699e-02,8.448617172006712972e-03,7.631857377342407545e-02,5.805677031402266264e-02,7.106848295365136847e-02,2.122736492325511329e-02,3.000378994229600457e-02,4.575681238670072787e-02,4.120503062237007574e-02,-5.513964145206393108e-02,9.407503053596595263e-03,-1.313546595760494611e-03,4.459455243227224835e-02
2.724564113446868371e-02,3.435567253545872973e-02,-1.653451902288464309e-02,1.305126911757606596e-02,3.805732701668200491e-02,3.249739532965312261e-02,1.811467506507993125e-02,1.635449382887546133e-04,5.238969342595490436e-02,1.475134231272277191e-02,5.527928687639335759e-02,6.305454969622660555e-02,-8.561818597521916614e-04,8.660494589667173948e-03,3.975333173394683672e-02,6.404144963486896325e-02,1.704645645841647295e-02,3.349897363187994553e-03,5.059586794072597205e-02,-4.304006293923506171e-02,6.449538116712584535e-02,-5.847599435211304694e-03,-1.950078098642932939e-02,-9.378833668982816674e-03,1.360442379713090386e-02,5.140731344038425299e-02,3.609806141358774118e-02,3.381480702093637991e-02,5.106968545084657890e-02,8.327704922266263021e-02,7.112659169772532486e-02,9.915782736770441252e-02,1.700466075961476753e-01,1.052093765707427658e-01,1.264128882653501873e-01,2.480058605652861736e-01,1.788416702072563591e-01,1.741519136113628408e-01,3.735794821092806584e-01,2.433603520041258128e-01,2.522133653403965114e-01,5.353110236342264461e-01,3.530117035778933543e-01,3.845256057739939726e-01,7.471434619359393903e-01,4.721469543788636147e-01,5.316487956011198834e-01,1.000000000000000000e+00,5.046061595252642196e-01,5.564095059615877803e-01,7.148889120705893552e-01,3.972704119049803029e-01,4.522582108661888367e-01,5.228107748438679536e-01,2.254173267730576469e-01,3.304141803462501414e-01,3.775524044392097878e-01,2.214777058811496779e-01,2.811865745261084570e-01,1.095937883991568718e-01,-1.852717427174769074e-02,2.079943914512953282e-02,7.702405524470995989e-03,-3.145669858884550529e-02,5.519002732482419793e-02,-6.474915795578514710e-02,-2.884751446947905404e-02,-4.707776636098830181e-02,-8.408284091605115751e-02,-1.664837849028291336e-02,-1.166776004355787877e-02,-3.951735074304548595e-02,-5.677590629130235692e-04,-3.000494142050444749e-02,-5.120723965072606493e-02,-6.529985048828795824e-02,-6.634364810926994538e-02,-5.243229581780552151e-02,-9.129115610181391671e-02,-1.196887927008324776e-01,-2.604248917130387239e-02,-7.792385938179431648e-02,-7.626307629435462310e-02,-4.915015984186753284e-02,-1.068886159502404898e-01,-9.781160363522824197e-02,-8.673946993228795477e-02,-7.249144819504159398e-02,-9.263646636395506118e-02,-1.321424514005676600e-02,-3.259886752983757324e-02,-9.806384069371546289e-03,7.230811362923978379e-03,-6.234653601667658127e-03,-2.527267589452489999e-02,-2.622568138344087002e-02,-4.944828681955684702e-02,-2.291737065423554709e-02,3.636694389131191456e-03,3.556284611774130494e-02
2.176516315447325767e-02,-1.226583851170109235e-02,-4.528312156646095710e-02,5.416890000527113669e-03,-1.781860697791982917e-02,-1.240921448793379234e-02,-1.832913056997770990e-02,-1.977974845680776847e-02,2.505339890046830165e-03,-4.219737795300121386e-02,-3.134499789755810367e-02,1.502508838409122999e-02,-6.516528885435646234e-02,6.958356754652636131e-03,-1.179890113964426022e-02,-4.360137103392731049e-03,1.826893529341996197e-02,-2.793256896590383051e-02,2.841416411619807417e-02,-8.850863197289510209e-02,2.642213597722505025e-02,-4.247905790676025257e-03,-4.609766311306036368e-02,-2.464475782352332223e-02,1.417542102859467579e-02,3.619168724639913737e-02,4.068061132810199543e-02,5.998455588753717066e-02,2.244589419093840493e-02,7.912751134098107431e-02,8.596152547925252352e-02,7.583560972587495563e-02,1.344711440244500400e-01,1.474283351318979307e-01,1.308891380514701219e-01,1.845825808384072841e-01,2.521323493790625925e-01,1.987215994063175617e-01,2.207306049564587702e-01,3.269546219235770490e-01,2.779264098526684212e-01,2.844249056930462372e-01,4.968003940277115338e-01,4.292063289157430073e-01,3.780677612386926234e-01,7.047360026725969506e-01,5.210134574623247472e-01,5.046061595252642196e-01,1.000000000000000000e+00,5.446753126788282939e-01,5.239407904046555764e-01,7.608916920666474182e-01,3.850124235341425005e-01,5.104828486610057947e-01,5.135160343066825783e-01,2.707065244146351080e-01,3.887840902910200125e-01,3.552769199634492892e-01,1.424628104057708566e-01,2.562227012495454370e-01,6.955743487865624630e-02,1.547746799126336337e-01,1.083789597144759476e-01,3.432767978927799002e-02,1.572522414076121811e-01,4.110912717955832185e-02,7.607680472948899486e-02,3.286462207847647143e-02,7.424503177024408852e-03,4.016638882620537226e-02,-5.890435760557599827e-03,-2.695011785324177150e-02,2.065526302655583749e-02,-3.285720446425204055e-02,-3.751810443396012135e-02,-4.883646834498286265e-02,-1.799202216723278305e-02,-3.290526204215882267e-02,-1.990516094644479567e-02,-5.541689597330459044e-02,2.629747170792375455e-03,-1.535415856694067639e-02,-5.686567598535518381e-02,-6.357506117292646697e-02,-4.333538941313499343e-02,-3.418906056199163407e-02,-6.574969726815628468e-02,-4.053180922918057233e-02,-2.726584579772274239e-02,3.585152697695247193e-02,4.443016603304052875e-02,5.972945264225727746e-02,3.587897374568005567e-03,3.566523628280860586e-02,2.470458065192849065e-02,4.870498563529284536e-02,-3.537254457622536485e-02,3.109775029857014816e-02,2.506137091230727434e-02,2.268098346102016133e-02
4.181449817712359213e-02,2.485175811629364295e-02,-3.472149300101145392e-02,2.370774763315634109e-02,3.096139400706445985e-02,4.228071497524625577e-02,2.241566675552597934e-02,1.097086059001021151e-02,3.681347084778519019e-02,7.229854067729636971e-03,3.490508968842929299e-02,4.009911659871163991e-02,-2.399850020891712218e-02,6.488456902534850759e-03,-7.318072769753805086e-03,1.462253459412331431e-02,8.488194418168034175e-03,-2.782559721159699739e-02,4.644657615975964632e-03,-6.391284700220138670e-02,4.844652588932478812e-03,-3.090081324549863451e-02,-3.897943351861821865e-02,-9.730899778695116520e-03,-3.496832414544096598e-03,3.944329926107794509e-02,1.600276567560153865e-02,1.850432723000608806e-02,3.544592498978655498e-02,5.028950781133349757e-02,5.138861782078962825e-02,9.574247984204453665e-02,1.179546449787926554e-01,9.858188655961185043e-02,1.542819426636843350e-01,1.669685496313750295e-01,1.429639852716235726e-01,2.097266565252517423e-01,2.480195722229728283e-01,1.982722580481099950e-01,3.203689403849371842e-01,3.668966560678641464e-01,2.625113258247770420e-01,5.080729705606461533e-01,4.919308849142398632e-01,3.985564648165480506e-01,7.478506630118159082e-01,5.564095059615877803e-01,5.446753126788282939e-01,1.000000000000000000e+00,4.900275431625264466e-01,4.690512926626547174e-01,7.243815527950209221e-01,4.337310436370049316e-01,4.378381321913576985e-01,5.519655911400407344e-01,3.429601118744693422e-01,4.093318403829648844e-01,3.274918798094265115e-01,1.101480845702214467e-01,-1.154926725971252253e-02,5.615681526202644103e-02,7.533438652016491953e-03,-6.560186917034033748e-03,8.014365433680206707e-02,-2.331713928236768194e-02,6.050068534702324197e-02,-2.446381812466343758e-02,-4.580814903340153094e-02,3.883153756423501912e-02,3.497566296534635952e-03,-2.200323393290617990e-02,4.264833246357434271e-02,-2.075455629871102506e-02,-4.034645074544986748e-02,-3.397157786610984637e-02,-2.600327163225713348e-02,-3.827245465399225360e-02,-1.074688898097894522e-02,-4.871655280833481899e-02,4.448051658216298221e-02,-7.617217886512242866e-03,-4.377729932588434597e-02,-8.190605600240796758e-02,-1.745089228652408134e-02,-7.289867758202296308e-03,-2.238109521110811032e-02,-3.921741009919976068e-02,5.219545171780533288e-03,7.217418516557906616e-02,5.230145343504694067e-02,6.246316568580779355e-02,1.901617265911459062e-03,2.680964483890556013e-02,4.974041274410232610e-02,2.224106655807814997e-02,-6.269863431164457435e-02,-5.550187832708843548e-03,9.789788421633412868e-03,4.477723416004315837e-02
3.144552246612573876e-02,3.703400489280552627e-02,3.508301656820879931e-03,3.205972397253180339e-02,1.759772773059008547e-02,5.066590876614620459e-03,9.693363907034614063e-03,-1.083162384887867598e-02,3.434081169871618100e-02,-1.806995021588834668e-02,4.268756171526263965e-02,3.710915067241873228e-02,-2.631115473859998999e-02,-7.064871034257415501e-05,4.109211740112654609e-02,5.553237179696666331e-02,1.853510376055073419e-02,-1.300041284263615945e-03,2.086217390601041721e-02,-7.165176925651629836e-02,4.135017302194216038e-02,-3.741481421643153699e-02,-2.662726359030918172e-02,-4.756385025207251344e-02,-1.452830539435552744e-02,2.439211853109251454e-02,1.310605026052155155e-02,2.347952470013630472e-02,2.534557280396028400e-02,4.373902819615699961e-02,5.560713862986210038e-02,5.752310156937139735e-02,1.052752929402584331e-01,8.271342175934785768e-02,6.321491487287285438e-02,1.714005305893479547e-01,1.515345365303378267e-01,9.177254505282300689e-02,2.551404215207551118e-01,2.055704641108533071e-01,1.441744659717643928e-01,3.664387428833484894e-01,3.303770800331415347e-01,2.414510211527613470e-01,5.165531879150895289e-01,4.270917104128047481e-01,3.038218615931200239e-01,7.148889120705893552e-01,5.239407904046555764e-01,4.900275431625264466e-01,1.000000000000000000e+00,5.234037094504653265e-01,5.037424894847342127e-01,7.399861995828409533e-01,2.521545787421840545e-01,3.669022595936470288e-01,5.000662893773420992e-01,2.343859899516431700e-01,3.319733059350016280e-01,1.821121279445333252e-01,2.185879887149729320e-02,5.746226721961612133e-02,6.202991983872399584e-02,9.791794482898534893e-03,9.156325263117778834e-02,-4.383206198126766984e-02,-7.317710969093185747e-03,-3.260102411501611397e-02,-5.895182753501896494e-02,-3.540418842649393008e-04,2.586929366169876936e-03,-2.523146198072594160e-02,-1.917092042841212277e-02,-8.105717090830860325e-03,-2.020519391137314338e-02,-4.835761013067872705e-02,-5.426225869822141196e-02,-2.509321474419615172e-02,-8.973131293851166479e-02,-1.180029662350545461e-01,-4.809172322902864616e-02,-7.751015331444617573e-02,-1.007320126462389470e-01,-3.957241948916933455e-02,-1.048233539132781139e-01,-1.078476119227602670e-01,-8.828755815559230502e-02,-6.547504941226058028e-02,-1.024312948349524882e-01,-2.037735639523458736e-02,-2.614312914658563358e-02,4.143590571171144182e-03,-8.751654828406415718e-03,9.968758549472265737e-03,-1.295683234827549844e-02,-3.791723413329343290e-02,-5.631993270655663575e-02,-2.527537706525974717e-02,8.128872493906169963e-03,1.920790693260219324e-03
1.202483824803420552e-02,-1.475922882639404965e-02,-2.505694930994280603e-02,6.160924729838711950e-03,-1.394980123629026639e-02,-1.907118439784335345e-02,-2.383671419884392413e-03,-1.740429934253497068e-02,-1.090668419673333951e-02,-4.995556300062949789e-02,-1.554692246444467664e-02,8.334377543668697319e-03,-7.924443584159954201e-02,2.319388415683487116e-03,-2.438176065254701874e-02,-1.390919194031568600e-02,1.512709943797239248e-02,-4.978346136016244261e-02,2.492642290746324360e-03,-9.146045853301182360e-02,1.525923697278100703e-03,-3.134666351073119722e-02,-3.320484957937634707e-02,-1.289422547159201592e-02,3.279605749677601267e-02,4.088463693765730794e-02,3.559364343186558616e-02,6.599978847914794722e-02,1.641176725088469915e-02,6.375030953798964395e-02,7.263057310602673289e-02,5.811043030303967433e-02,9.965983712739025224e-02,1.308951536071466248e-01,1.049519971550107178e-01,1.417988162891616888e-01,1.993535647028092661e-01,1.583983806767292057e-01,1.662260579896009949e-01,2.548266673000336713e-01,2.250310064075269068e-01,2.234697919191563353e-01,3.868351500146672284e-01,3.383296712904527714e-01,3.052658095199611288e-01,5.446558416037704520e-01,4.091527686609826020e-01,3.972704119049803029e-01,7.608916920666474182e-01,4.690512926626547174e-01,5.234037094504653265e-01,1.000000000000000000e+00,4.993058908120178718e-01,5.822983678982345257e-01,6.903454099616394002e-01,3.545160276188595860e-01,4.561758537997444019e-01,4.760711302910291542e-01,1.731637123555914981e-01,3.095123989295304190e-01,1.109628538512791168e-01,1.913838425039782187e-01,1.459263862892862251e-01,6.361334486129895105e-02,1.697729800069819328e-01,4.574703208078082645e-02,7.761615565834485697e-02,4.035796263067951972e-02,1.238372516945293079e-02,5.590384279332159811e-02,3.628475223075142923e-03,-1.615637760738930506e-02,2.787271401265739232e-02,-2.378153098937787341e-02,-1.026046108034465651e-02,-3.889242952139868037e-02,4.551608856193018783e-03,-1.413608084273201664e-02,2.096207419298776360e-03,-3.232803980170803615e-02,2.486747602318326381e-02,-4.039261591775177192e-03,-5.887210075502729428e-02,-7.012099561890081101e-02,-1.628900991876793686e-02,-3.256094908003401289e-02,-4.432277081337657881e-02,-4.179652158609858947e-02,-1.370948409463101057e-02,4.311801894198194485e-02,5.963129780097155275e-02,6.003643749666784379e-02,6.024115375501935560e-04,5.233105991378882854e-02,5.092316114237933899e-02,3.149600424125508641e-02,-2.963279287114654187e-02,1.610217419026238259e-02,1.338855778705328424e-02,-1.917368629913687034e-02
5.725843997141478320e-02,4.784858681208861014e-02,2.408512285925089238e-04,4.016329029390585531e-02,5.268635460855719543e-02,5.213679142988997262e-02,5.578294818639887437e-02,2.388385869735889719e-02,5.016909731762615732e-02,-3.255765312118877059e-03,3.072633424020340329e-02,4.872311698557503512e-02,-3.198971195163507336e-02,4.987112120009094818e-03,-1.803492207727650648e-02,2.093046243627511710e-02,1.402938541485905174e-02,-3.468979272069527831e-02,-5.715802440506001329e-03,-6.677461332213134593e-02,-1.373110480345181642e-02,-3.667238370426553068e-02,-4.231464209333845455e-02,-1.435906982020937993e-02,-1.396260883915377560e-02,4.510685107949412992e-02,9.897492407821220292e-03,1.212485361665233911e-03,2.256391156229212852e-02,3.368487280113828530e-02,2.137578207164329835e-02,6.851804303009451091e-02,8.223739208702611492e-02,6.794533663702957693e-02,1.207367278505044189e-01,1.203204902109766689e-01,9.491432918307628197e-02,1.416186175689587712e-01,1.763315632757804508e-01,1.352766540358465996e-01,2.077099588410696862e-01,2.742353631726553997e-01,1.872851992519885544e-01,3.416349063716440648e-01,3.735883223533385533e-01,2.806301659067065302e-01,5.135548368712002931e-01,4.522582108661888367e-01,3.850124235341425005e-01,7.243815527950209221e-01,5.037424894847342127e-01,4.993058908120178718e-01,1.000000000000000000e+00,5.554334364475391750e-01,5.314714097974276852e-01,7.529755753556948150e-01,4.169684425115744442e-01,5.075209208090816215e-01,4.686711938469963479e-01,1.272440429095582914e-01,-6.439761451573432736e-03,6.998456823142602812e-02,6.246968860152660348e-03,-1.556743339517632730e-03,6.599078800703933601e-02,-3.590001273098480938e-02,2.975679868457085930e-02,-3.854530048997598796e-02,-5.673277387515721082e-02,2.160765944120486906e-02,1.595550215592290598e-03,-2.403582699019411739e-02,1.211355705760952355e-02,-8.358353469120618010e-03,-2.369206117671201692e-02,-1.994962129289231528e-02,-2.632122872729905638e-02,-2.202609804276654468e-02,-2.319955313469931543e-02,-6.670214136527809201e-02,3.876372988408424008e-02,1.622224930884549584e-03,-6.101769829796967887e-02,-8.965318464040615554e-02,-1.528720939332423728e-02,-1.571075521132413166e-02,-2.458321105811320240e-02,-4.590358871673860808e-02,7.200224957086115082e-03,6.598284507783092057e-02,6.665119636401317660e-02,3.227320079113810830e-02,-1.487799164895350218e-02,3.286620582489467590e-02,4.557689410356283166e-02,-4.504427871900976740e-04,-4.832416680447187973e-02,-8.152938042755627363e-03,1.128854140792922428e-02,3.049860068468990271e-02
2.842536052865823545e-02,3.460657154813514408e-02,2.250070157053010202e-03,3.068986186589956616e-02,1.115797324606972521e-02,-1.063680305154821211e-02,1.883267051958479460e-02,-8.880965116990003835e-03,2.104415561401085794e-02,-5.262842042079338839e-02,1.224873112017712574e-02,2.611391873368357555e-02,-7.139695501309419046e-02,-4.744930663387908476e-03,1.149715156357385311e-02,2.679986824510707105e-02,2.306028079748291895e-02,-2.258557915887810658e-02,-1.047496301385170483e-02,-9.917654842455858599e-02,1.615120519976066468e-02,-5.867910547277090105e-02,-3.686649269116724914e-02,-5.212077778469781375e-02,-2.687910171332896780e-02,8.005645788729106802e-03,4.467661977843497521e-03,1.756815094936430705e-02,1.752973400396068429e-05,3.645238785468452730e-02,4.039393701520418295e-02,3.996632116834043097e-02,9.269861277368290908e-02,8.861455812417778910e-02,7.310488378073877469e-02,1.440761999124315351e-01,1.410880086700500302e-01,1.024981348571778611e-01,1.897261837148593866e-01,1.927529074064617265e-01,1.409660688674921336e-01,2.669655640576404920e-01,3.051112149890276570e-01,2.348677060452788179e-01,3.863740425885904273e-01,4.033045663790039148e-01,2.921875409207506102e-01,5.228107748438679536e-01,5.104828486610057947e-01,4.337310436370049316e-01,7.399861995828409533e-01,5.822983678982345257e-01,5.554334364475391750e-01,1.000000000000000000e+00,4.877938798349213956e-01,4.368987401760470179e-01,6.929764478771269776e-01,3.942627522050874411e-01,3.576657761889462384e-01,3.305764732287735930e-01,1.084635836237049372e-01,1.677613089606748709e-01,1.362841157947654869e-01,6.142738647871934937e-02,1.482909291778248817e-01,-1.863326123682960272e-02,4.617067359838863960e-02,-6.783957720424663683e-03,-3.991296210815580003e-02,2.427318601666478282e-02,-1.907885865689244037e-02,-1.254511666450197280e-02,-7.641824177904110033e-03,-3.835583835936491603e-02,-2.683199070762138511e-02,-4.545053751004705239e-02,-6.204076007417342470e-02,-3.100241574653551241e-02,-7.082201949578738331e-02,-9.185827041505044421e-02,-2.448727509898493415e-02,-5.280187425313555977e-02,-1.006554916034136105e-01,-8.445268694056271008e-02,-7.830347875460198781e-02,-8.654381266807333051e-02,-8.511712818368624700e-02,-7.145553586651845479e-02,-7.525320405042654204e-02,3.903679432194134824e-03,1.565292282206993957e-02,5.075447625780804550e-02,1.880453718327532858e-02,4.405211479712614620e-02,8.448094769825930175e-03,1.183306259117235769e-02,-3.494735897523407880e-02,-6.281386142413481095e-03,1.993137229884624564e-02,-8.428660544624324083e-03
3.624169064192715728e-02,2.183344239132015488e-02,-7.280199238127729559e-03,2.671696834784754310e-02,3.675076158081012206e-02,3.228004360816895402e-02,5.028454683699655481e-02,3.681406634894655167e-02,3.542977368617952066e-02,-2.222586393787973763e-02,-2.064788280371296705e-02,3.197316044864671053e-02,-8.039581475542573186e-02,2.230817291657542778e-02,-3.037445379034891743e-02,-2.007713072731198700e-02,2.700111301342361311e-02,-4.087940974871229899e-02,-2.354640956405582367e-02,-7.832236000009630550e-02,-2.920285065612021613e-02,-5.198128686078087868e-02,-2.907849147551834143e-02,1.354952147904003477e-03,3.273672479158103860e-02,4.773229570433647206e-02,3.476020784605860642e-02,6.219396480237619068e-02,1.313653391477077534e-02,6.242241376417391463e-02,6.756557124203821374e-02,5.913701678204641432e-02,9.091312213723144742e-02,1.230254786790976607e-01,1.197991229182684830e-01,1.191471615512118692e-01,1.563760924881090475e-01,1.563775057695355464e-01,1.156566474237879921e-01,1.955416036569590510e-01,2.015817074785683505e-01,1.477982250698666178e-01,2.557865750302963370e-01,2.939925488023569788e-01,1.912146247789489883e-01,3.744685971760921550e-01,3.772451498197193498e-01,2.254173267730576469e-01,5.135160343066825783e-01,4.378381321913576985e-01,2.521545787421840545e-01,6.903454099616394002e-01,5.314714097974276852e-01,4.877938798349213956e-01,1.000000000000000000e+00,5.155475716258106633e-01,5.007677613081668033e-01,6.987638589737806827e-01,2.002146304730206272e-01,3.734866201170082833e-01,1.639984108830360998e-01,2.720322105964836368e-01,1.628245893211862361e-01,8.166294699883683283e-02,1.815182179973123255e-01,7.256673046155975859e-02,1.097244585620549273e-01,4.978776840804549630e-02,4.177732555350619631e-02,6.278768050224814434e-02,-4.622595693524532250e-03,-2.062596962050664007e-02,3.986861810742611117e-02,-5.230220911625983043e-02,-1.994374753216910517e-02,-2.783551257606829005e-02,-2.444195838016166231e-02,-2.751747893958678484e-02,1.856654751155206381e-02,-1.321797002212588869e-02,6.049709186356291152e-02,1.744183409003912527e-02,-5.358621915214864528e-02,-9.986936846619118291e-02,3.237558934626812157e-02,-7.076252851819083041e-03,-2.645254108900184364e-02,-5.627751212997091773e-02,2.994006556467033661e-02,6.463006540830804059e-02,8.115008079251088968e-02,8.068558536565220707e-02,2.020975117700623061e-02,5.790319169628301704e-02,7.053484774774944344e-02,5.418001301419485272e-02,-9.023305187170786376e-03,2.896435031037912500e-02,3.007812572064402779e-02,-1.087322081753014456e-03
5.829001116381037073e-02,6.359742867496769037e-02,8.767523616353805824e-03,3.501261065208838286e-02,7.237598660816961516e-02,6.932821422292011204e-02,6.941492854410148683e-02,3.816173615942809044e-02,5.691311494361097484e-02,-3.414527432983544084e-03,3.029537360162279369e-02,4.259554284489356496e-02,-3.407455618369113065e-02,-8.412165278540428013e-04,-1.301592182721686593e-02,2.089185800393611459e-02,1.114570550285527185e-02,-1.320366935007959326e-02,-3.019141748440472284e-03,-4.538958433524663272e-02,-1.095180881338453718e-02,-3.788728041211340825e-02,-1.930199378354054834e-02,-9.947936350425993016e-03,-3.980355552939680679e-03,5.793320841889846445e-02,1.866472788097625277e-02,2.745310013401208379e-02,3.828729972863974262e-02,3.693350900707707135e-02,3.720423912996340121e-02,6.453241579503114778e-02,7.726104907318924464e-02,6.496369924097533666e-02,1.005311035881911452e-01,9.055967026828806721e-02,7.861367000936632377e-02,1.024176611679450261e-01,1.176655977175324191e-01,9.718334145834915672e-02,1.413808597372852027e-01,1.795200630185568025e-01,1.361131038384539860e-01,2.608287524929782109e-01,2.652838780063208612e-01,2.010000413461321689e-01,3.907034347169585642e-01,3.304141803462501414e-01,2.707065244146351080e-01,5.519655911400407344e-01,3.669022595936470288e-01,3.545160276188595860e-01,7.529755753556948150e-01,4.368987401760470179e-01,5.155475716258106633e-01,1.000000000000000000e+00,5.014305032362216252e-01,5.755285476379123910e-01,6.560517080781202992e-01,1.471340150249809964e-01,-2.415367759706164158e-02,7.345103280173546911e-02,1.322618415025450696e-02,2.163145069414363839e-02,5.280641659529801413e-02,-5.143643374780166450e-02,3.653427501526752830e-02,-4.260851454195813126e-02,-7.002561622634555227e-02,2.280681588052742639e-02,-2.965569675145629004e-03,-2.594052420519249794e-02,1.005051947384470040e-02,-3.586514362654216054e-02,-4.153774633209536549e-02,-5.807236417307282128e-02,-5.962257742507309777e-02,-5.074640271871750513e-02,-3.658023531538971002e-02,-9.251198126354300000e-02,3.453711650260384014e-02,-4.657676298354197601e-03,-8.065920107420083973e-02,-1.067598017377844183e-01,-1.893893331453506794e-03,-2.673156573071806472e-02,-2.407582422484546431e-02,-5.345828234186826566e-02,9.584622447508942336e-03,6.292172608575904991e-02,7.051824932481275121e-02,3.032512038485521769e-02,-6.619425702198157221e-03,1.259594908487660439e-02,2.171833440094049494e-02,3.186229652413865437e-02,-3.039859392280039405e-03,1.589793074921049335e-02,1.761055012992635005e-02,2.483193992652471885e-02
1.747146764714054348e-02,4.230074262649262395e-02,-7.118854492110147751e-03,2.476681228663157527e-02,3.188483409126697393e-02,-1.003605709791303806e-02,3.354433545874271894e-02,9.473569870209004942e-03,2.263233327375957851e-02,-6.716500163436452120e-02,1.888863971627338873e-03,5.657498221909730562e-03,-7.664188162696319861e-02,-1.113546216946010615e-02,1.578720957367429206e-02,2.805854910961445153e-02,1.901130041411271121e-02,1.726301469562534913e-02,-1.140419374989524179e-03,-7.167357328627053936e-02,2.078696462721624227e-02,-5.568238926276476014e-02,-1.700827075803655608e-02,-4.881859478272082206e-03,1.473951898886633090e-02,4.133657003187751755e-02,4.746191471485697311e-02,4.459072181695204751e-02,8.223703788684810778e-03,6.301116450488199183e-02,6.056263757473998033e-02,5.126088972984254449e-02,1.164845973711255978e-01,1.048439006764586290e-01,9.465117996996441629e-02,1.448046047093534960e-01,1.427670768549025304e-01,1.197851295150678397e-01,1.666728608791970268e-01,1.782600357774314914e-01,1.410775187793528174e-01,2.118232879933137358e-01,2.473070112217649330e-01,2.051866873211407594e-01,2.973121761368793248e-01,3.234211531894174985e-01,2.529120714935357839e-01,3.775524044392097878e-01,3.887840902910200125e-01,3.429601118744693422e-01,5.000662893773420992e-01,4.561758537997444019e-01,4.169684425115744442e-01,6.929764478771269776e-01,5.007677613081668033e-01,5.014305032362216252e-01,1.000000000000000000e+00,5.525098157485909267e-01,4.723674029556549914e-01,5.102397861448018102e-01,2.049860685938179605e-01,2.777956279682648466e-01,2.676062935086173655e-01,1.373003453985064404e-01,2.468625489040513488e-01,4.116504104582081186e-02,1.325463949388313578e-01,5.918088532778241484e-02,1.572626038974676496e-02,9.853463536077017304e-02,-4.257912178432260268e-03,2.278016159613856922e-02,4.429557386224489829e-02,-5.162246514283280047e-02,-4.006343146426081386e-02,-5.830073706907657610e-02,-1.032610097858704945e-01,-3.493746445169396142e-02,-1.012569646032913523e-01,-1.039883780126381885e-01,-3.572237463747796049e-02,-4.963650388878549508e-02,-1.400152111700797286e-01,-1.243185701880038102e-01,-6.847846373775741402e-02,-1.099240215421485173e-01,-8.791293298899777175e-02,-9.222630310281196286e-02,-7.655143295779785750e-02,4.487878154143716287e-04,3.255736819089490031e-02,9.611781928844503886e-02,4.784030979347553975e-02,5.410821078702620496e-02,2.329339283969993069e-02,5.426830026630879988e-02,-2.411133868762114704e-02,2.065565502762781603e-03,4.999537011161866301e-02,-8.246741530859831928e-03
5.210027182416141628e-02,5.205875408847879249e-02,1.766652552290829889e-02,4.835822961253779390e-02,7.358024850870507894e-02,6.399428972961335171e-02,8.200184967807111480e-02,6.424145441891855601e-02,5.255660969479572509e-02,-1.482777843884895350e-02,-1.057017526978312229e-02,3.082890772596099532e-02,-7.235079879399236580e-02,2.187412955544996637e-02,-2.045927312436563936e-02,-3.024195004606457932e-03,2.795129703807235078e-02,-2.360558386346905610e-02,-2.810706218672937365e-02,-6.050875079735080347e-02,-2.500526919486096775e-02,-5.043970446903206506e-02,-2.817913570964186362e-02,1.099635043119923453e-02,3.392143638582000020e-02,6.451383070504283779e-02,3.388344632234308040e-02,4.002094000196133872e-02,1.521369450258121606e-02,4.965890276775026396e-02,3.404125112006170517e-02,5.453751189658145176e-02,8.042088353701878911e-02,8.570902309846900602e-02,1.142364099505980557e-01,1.070239189500337279e-01,1.136722549380445729e-01,1.312045655344642459e-01,1.072379636387037344e-01,1.448253951500350356e-01,1.741906478146689474e-01,1.315079427545537971e-01,1.743720718621958043e-01,2.570413582857303258e-01,1.783053294883763518e-01,2.607486371981583839e-01,3.391852996169504864e-01,2.214777058811496779e-01,3.552769199634492892e-01,4.093318403829648844e-01,2.343859899516431700e-01,4.760711302910291542e-01,5.075209208090816215e-01,3.942627522050874411e-01,6.987638589737806827e-01,5.755285476379123910e-01,5.525098157485909267e-01,1.000000000000000000e+00,4.313476858377931489e-01,4.098870655555592601e-01,1.609403747430594445e-01,2.948780694150446302e-01,1.475208835106986971e-01,7.398998373897519576e-02,1.882901992699470006e-01,6.674555786784772127e-02,1.383428099527182764e-01,6.128692696843341531e-02,3.877257567971944402e-02,8.531267932280424404e-02,2.775833648824087025e-03,4.735769431069681602e-03,5.590726527711642468e-02,-5.427216756471925363e-02,-2.763881206155924600e-02,-4.289708809980206233e-02,-5.041166699470187723e-02,-5.820497180536010617e-02,-3.455760706549694181e-03,-6.095257383965339143e-02,5.913015131178480516e-02,-3.914161807252221001e-03,-7.202408333456988832e-02,-8.778945496386336700e-02,3.318119163022333756e-02,-2.916422287762663809e-02,-2.319903852245605233e-02,-5.224233113307837767e-02,9.792930281881480001e-03,3.307347752268140206e-02,4.675928262445831762e-02,5.949137409942932553e-02,2.259976815396229702e-02,7.654736311602915177e-02,6.348137980396029167e-02,3.766230088492890371e-02,-1.624034775033984454e-02,5.925669015028634532e-04,2.239775188671657997e-03,-5.401604945277003328e-03
3.517211354452851740e-02,3.179065225391099897e-02,-2.157682830649347225e-02,2.532801810428077921e-02,4.335258888163850965e-02,6.346137815940201821e-02,3.908379773293264164e-02,1.109580585233281222e-02,4.948653886951843300e-02,1.239852922697421908e-02,2.235856898847432897e-02,1.855985019206932152e-02,-1.462338152165875479e-03,7.318169054760830655e-03,2.437785176307790541e-02,4.671534727731452286e-02,2.725905797652520418e-02,3.076664668956904936e-02,2.684617184880961141e-02,-2.911581739204597771e-02,-1.388299802683982389e-03,-1.415447264178000195e-02,-1.921740847149268003e-02,7.362058416360042247e-03,1.271141887605517842e-02,5.732308539289349830e-02,5.276850594234713115e-02,5.437604455332426673e-02,3.760128359720684571e-02,5.506933866992998194e-02,5.629234497794038949e-02,5.615291931909840301e-02,9.624070888742665419e-02,7.593119673595290220e-02,6.930396295853441524e-02,1.016982864041252321e-01,8.395408750235754114e-02,4.168053885886941617e-02,1.111619481389210101e-01,8.847647099246898350e-02,4.994030808922711451e-02,1.498965664506562712e-01,1.021305114695989363e-01,1.320577348520364513e-01,2.190577881381033098e-01,1.151435195505013387e-01,2.075500422990508576e-01,2.811865745261084570e-01,1.424628104057708566e-01,3.274918798094265115e-01,3.319733059350016280e-01,1.731637123555914981e-01,4.686711938469963479e-01,3.576657761889462384e-01,2.002146304730206272e-01,6.560517080781202992e-01,4.723674029556549914e-01,4.313476858377931489e-01,1.000000000000000000e+00,1.587578165097030258e-01,-1.306796443901555860e-01,2.375888980150223789e-02,1.439051917522371493e-02,-4.820200479051318238e-02,2.930975000345361833e-02,-4.906922474634257264e-02,1.018330579853887752e-02,-3.402226103470808866e-02,-4.796706418491568369e-02,-1.641585812797114212e-03,-6.677036712406960589e-03,-1.555057466066060018e-02,-1.828780860617752399e-02,-3.842784008942261298e-02,-3.666212172329275792e-02,-8.181420721246578098e-02,-6.935907142705188821e-02,-6.512990814722358079e-02,-6.694586003380051387e-02,-1.160858166679340636e-01,-1.611044035054932586e-02,-3.536106534195322757e-03,-1.188518471791787517e-01,-7.527607761988935886e-02,-1.494793815331979178e-02,-6.852872315520366908e-02,-6.125337146370484626e-02,-3.424972204261478304e-02,-4.740993091515095792e-02,6.793516321624636957e-03,2.683601604048040101e-02,-1.121691359401469877e-02,-4.627457357665482052e-03,6.438737093534130243e-04,-1.777742753667902950e-02,9.563703940360100339e-03,1.082239920039140997e-02,-6.762106885701608776e-03,2.952304967059630331e-02,1.420754221625145954e-02
-1.285330673534734042e-02,-3.559266102168917589e-02,-4.555924265813236784e-02,7.578465614515267172e-03,-4.081260148718954262e-02,-5.052419788157207214e-02,-2.570957584151458905e-02,-3.184472585663716826e-02,3.777519113251115207e-04,-3.918225534351775508e-02,-4.479483551226155075e-02,-3.643496607194036951e-02,-4.130724447057115140e-02,4.250704851660247474e-02,6.735191295286968582e-02,3.805471493106143965e-02,7.402567976540296024e-02,7.283225765693618348e-02,2.567104114450881325e-02,8.920422240791590993e-04,4.421377730512638521e-02,-1.268940328971639685e-02,2.390085399360545454e-02,4.020979704698594143e-02,4.009106014656656225e-02,1.713277003003431734e-02,4.015116145769531686e-02,1.265932312563491577e-02,-5.504070962647861914e-02,3.031715958538476474e-02,-4.443132103984562958e-03,-4.093394040666711170e-02,5.620620009513122017e-02,3.747789038952244883e-02,-1.710949007553214454e-02,5.651356866351583963e-02,5.615251710001412794e-02,-6.929957318788937132e-04,3.989130639047387683e-02,7.222433578687163791e-02,-5.087122212828562411e-03,2.935562901964736127e-02,1.219861120576377772e-01,3.491947684280607284e-02,6.743971396646103456e-02,1.904334855777092550e-01,6.827884326387584357e-02,1.095937883991568718e-01,2.562227012495454370e-01,1.101480845702214467e-01,1.821121279445333252e-01,3.095123989295304190e-01,1.272440429095582914e-01,3.305764732287735930e-01,3.734866201170082833e-01,1.471340150249809964e-01,5.102397861448018102e-01,4.098870655555592601e-01,1.587578165097030258e-01,1.000000000000000000e+00,5.816045302798001915e-01,6.864155919429533181e-01,4.974413246381128584e-01,3.158634308680406955e-01,3.883048083627441138e-01,2.569424661680120847e-01,2.412132687772211015e-01,2.223801885222568830e-01,1.667553428154009421e-01,1.704519381503507569e-01,2.469607705247682528e-02,4.580506399022127306e-02,1.193955790673801864e-01,-4.024323618424675147e-02,1.891877000137329179e-02,-7.149969151971249763e-03,-2.257272241919126843e-02,-1.609208756972312429e-02,-1.798106119893581184e-02,-4.990220060468362334e-02,-1.951564322447317881e-02,-2.721922141175013923e-02,-1.102678874086673866e-01,-9.879594265272824416e-02,-4.895973106075485887e-02,-1.095864344327603518e-01,-6.567173152493774313e-02,-7.660357648270921249e-02,-8.042898210234245004e-02,-5.793349446112257099e-03,3.311135605457309061e-02,9.279916882390369659e-02,2.190294236342385861e-02,9.053659258934648735e-02,6.606998483996721905e-02,5.797791168649948923e-02,-1.467277032879167435e-02,4.574843718675176973e-03,8.271555399376395723e-02,-1.295216044638868025e-02
1.495700215094434606e-02,-2.199160089506272536e-02,-2.598376711423813420e-02,1.401836205402613375e-02,-6.337403704561103690e-02,-8.503395525033122238e-02,-5.801943875684630741e-02,-4.329699701829087949e-02,-4.846414556709206789e-02,-4.715803240331042923e-02,-5.597158096561862667e-02,-8.057393571123802611e-02,-4.439198237217688997e-02,3.981890350717953893e-03,3.430591432372578214e-02,-1.951832982064971578e-02,4.219727673400134466e-02,5.263618645299943111e-02,1.404886301360886575e-02,4.230555229708848897e-02,9.628512621312022846e-02,7.396223060926277425e-03,1.061961294239581188e-01,6.601040053873656610e-02,2.520085811494774883e-02,2.276476270077764513e-02,-2.351820937776653506e-02,-1.569782742646147131e-02,-2.973027828151707935e-02,-3.274368159744612400e-02,-4.179848490843710712e-02,-4.509567111314790461e-02,-7.401816813943399957e-03,-1.154089891567404956e-02,-4.896674124791265681e-02,1.608804117974025130e-02,4.529027463280337409e-03,-4.212302677582173416e-02,-1.976934140614619410e-03,4.717439814443456607e-04,-5.335618896793362098e-02,-2.044844188678697494e-02,4.060895803582308464e-03,-4.594589404543437255e-02,-2.735195320484544793e-02,4.187620089487445463e-02,-3.529644479648563760e-02,-1.852717427174769074e-02,6.955743487865624630e-02,-1.154926725971252253e-02,2.185879887149729320e-02,1.109628538512791168e-01,-6.439761451573432736e-03,1.084635836237049372e-01,1.639984108830360998e-01,-2.415367759706164158e-02,2.049860685938179605e-01,1.609403747430594445e-01,-1.306796443901555860e-01,5.816045302798001915e-01,1.000000000000000000e+00,4.946387812646678150e-01,5.676692319340250759e-01,4.361493511180886684e-01,3.279314101936043890e-01,2.548774381738018735e-01,2.221689526000587001e-01,2.121569608145926211e-01,1.491008253836774433e-01,1.590891226566006622e-01,4.499020420298362362e-03,2.697696609634110676e-02,1.365007157566368590e-01,-4.753919230174503269e-02,2.564887003859031914e-02,1.758547344478283980e-02,-2.111383316514650263e-02,7.983164797298223161e-03,-1.754486407517754504e-02,1.371648915295770391e-02,-2.890695305543479476e-02,-4.948538804321795520e-02,-4.030860961279449789e-02,-5.644390766211272725e-02,-2.658006442194514596e-02,-1.625269665286451642e-02,1.885434816539084679e-02,3.113597040869938251e-04,-2.638017665605302091e-03,3.390154077380454906e-02,5.518492701247430798e-02,5.226962014738853468e-02,1.975778151161269175e-02,3.945172945072365767e-02,3.283195001598714080e-02,5.285620060086022864e-02,1.459933696244529976e-02,2.865186869651292073e-02,7.197946861604999358e-02,3.287212487426146440e-02
-1.262240505143534183e-02,-4.230830848020838975e-02,-2.973153132999354492e-02,-1.079783639215897706e-02,-2.939560545526361673e-02,-3.432641277292183130e-02,-1.443595746627972937e-02,-1.706445076511030334e-02,1.440941131409167152e-02,-1.097133155892715366e-02,-4.025756680017168049e-02,-6.064382268750299898e-02,9.665264749728093643e-03,6.686803769936679187e-02,7.544441967234023771e-02,4.715522369323829621e-02,8.457197037530433947e-02,1.025125355521170623e-01,4.267827046060637675e-02,4.416608695968244486e-02,5.573637477804765233e-02,1.489506976692963648e-02,4.986683676067498600e-02,4.091564712283651817e-02,5.886244745844223386e-02,4.056071230903253444e-02,4.447309335846989786e-02,3.001456155853961597e-02,-4.935065091677891258e-02,1.063833255731642599e-02,-9.432572565938736157e-04,-3.509920107346073403e-02,2.241001546183489512e-02,3.849354868537973456e-02,-1.524526522990633445e-02,2.010403532007330740e-02,4.674221604797696578e-02,-1.190541502402441693e-02,-1.509510134794300046e-02,5.043003051699957578e-02,-2.553422736359661077e-02,-3.460508137309312171e-02,5.789321758426458492e-02,-2.580748222075907906e-03,-2.286718020219177545e-03,9.744560444974856295e-02,2.916143293295187996e-02,2.079943914512953282e-02,1.547746799126336337e-01,5.615681526202644103e-02,5.746226721961612133e-02,1.913838425039782187e-01,6.998456823142602812e-02,1.677613089606748709e-01,2.720322105964836368e-01,7.345103280173546911e-02,2.777956279682648466e-01,2.948780694150446302e-01,2.375888980150223789e-02,6.864155919429533181e-01,4.946387812646678150e-01,1.000000000000000000e+00,4.347077412856618639e-01,3.957852747900136858e-01,4.046174978500703401e-01,3.354563268720922031e-01,2.945531298287581423e-01,2.592359527827642340e-01,2.524329184263857107e-01,1.952054718640321429e-01,5.474040097301832025e-02,3.277267724016291045e-02,1.681565974505870309e-01,-2.498813454173842361e-02,6.234024438698198417e-02,5.605871710062730086e-03,-1.238725895685013900e-02,1.110094097611740577e-02,-3.682085886186256540e-02,-5.334500489894127007e-02,-2.314184304130277592e-02,-5.257438402607478994e-02,-1.168693535691050778e-01,-1.239982017137837289e-01,-6.412062230765613879e-02,-1.152946985911603023e-01,-6.951102240671756805e-02,-7.188143250943473950e-02,-9.378722402612833797e-02,-1.168460752903388578e-02,4.718539700873759964e-03,6.745363151253443157e-02,2.597754461612420546e-02,8.138702784778333033e-02,4.734066937792687918e-02,7.524836523877713457e-02,1.457103611245040044e-02,2.314130151610908209e-02,8.071295112426815632e-02,1.360426704653353600e-04
-3.695117550146156948e-02,-9.520188949281079005e-02,-8.624693158877672072e-02,-2.129580742737529134e-02,-1.219045556846131001e-01,-9.920886800794523341e-02,-1.266423079888629455e-01,-8.190852663377273801e-02,-7.835328808522608324e-02,-3.970047814627431643e-02,-8.831886671863835303e-02,-1.218592202773303435e-01,-3.940435157912656333e-02,1.040973195880369809e-02,3.313573776673570809e-02,-1.068330485758840938e-02,4.311494986529393336e-02,4.912549680580836908e-02,-1.867176686291319035e-03,1.983597129931161454e-02,7.293080825116725341e-02,1.116077519357084290e-02,6.759245986830861308e-02,4.390329814590043095e-02,5.055354885978642632e-02,2.131381040394639617e-02,2.767741094072376229e-02,2.450082057873697108e-02,-2.849154598424495297e-02,2.745087790653562634e-02,1.284651254291392999e-02,-2.834877300612542034e-02,4.109712513828278624e-02,3.009452018896389275e-02,-2.966466941665415330e-02,5.149172796126923884e-02,4.575452362861628930e-02,-3.510879035417904109e-02,1.703914545717782544e-02,4.798492005751207878e-02,-2.823091062224385162e-02,-6.617863387400360793e-03,4.464776574072115006e-02,-2.452156175411723468e-02,-1.276851769512301477e-02,8.439069606219723463e-02,-1.341362949442025630e-02,7.702405524470995989e-03,1.083789597144759476e-01,7.533438652016491953e-03,6.202991983872399584e-02,1.459263862892862251e-01,6.246968860152660348e-03,1.362841157947654869e-01,1.628245893211862361e-01,1.322618415025450696e-02,2.676062935086173655e-01,1.475208835106986971e-01,1.439051917522371493e-02,4.974413246381128584e-01,5.676692319340250759e-01,4.347077412856618639e-01,1.000000000000000000e+00,5.058168326653439406e-01,5.690215309760976448e-01,4.728646385136689445e-01,3.347008204648695417e-01,4.064247920606891551e-01,2.697652880771951867e-01,2.844182193865658625e-01,7.308398340855150332e-02,1.204047085776937115e-01,2.267716610022506296e-01,-7.213317371695899226e-03,8.961987710553998010e-02,3.247952420694740633e-02,2.765692440582249306e-02,3.985434112910917620e-02,7.517086078397698136e-03,3.531128178405032458e-02,-2.470618769920155181e-02,-1.300900742691294548e-02,-2.218736494732772083e-02,-3.832456139524813982e-02,4.490092704882262149e-03,-1.449351651432510303e-02,-5.602070614412660299e-03,7.422028975570689989e-03,-2.588814819358685806e-02,1.718698035196995072e-02,5.457214241762579215e-02,6.855261844995759468e-02,8.805162366253126843e-03,2.357746689930647829e-02,4.749997401695998239e-03,5.409653654543653684e-02,1.272152095671615253e-02,1.812644010674570663e-02,9.172459506148750163e-02,1.987286149959156117e-02
-1.868164591730367072e-02,-4.094362926137691538e-02,2.114155002219752361e-02,2.352030584681681288e-03,-6.206196304404296149e-02,-7.052665844206805479e-02,-5.102481584535245585e-02,-4.478716806105929177e-02,-2.514697061851345686e-02,-3.347799406029346864e-02,-1.735247272068789551e-02,-1.000538218046289896e-01,-7.075113627017750283e-03,-1.915525311793836796e-02,5.969257818077281647e-02,-3.136726012308494230e-04,1.940967212768868536e-02,1.005137422905494488e-01,-4.067939826740021858e-02,3.730741524461276409e-02,5.841908930376327191e-02,-5.475092123442536207e-02,7.567988860016343355e-02,3.275246501689275253e-02,5.410043401393779816e-02,7.127644793362067702e-03,-1.431335552967160155e-02,-1.922700043058013161e-02,-5.358581383461089725e-02,-6.008783113318152957e-02,-5.020038254142587114e-02,-7.185951596344394843e-02,-7.131902046780784488e-02,-5.003543698202823214e-02,-8.541790336001102435e-02,-5.422884997684647435e-02,-1.362045888911643521e-02,-1.007258328918918255e-01,-4.531398688751440279e-02,-1.811512905736782988e-02,-9.993848880226181841e-02,-6.105149603085990861e-02,-1.904803694984312512e-02,-6.929540897166241997e-02,-4.233826464695294306e-02,6.791489208594748625e-03,-4.131503053423354194e-02,-3.145669858884550529e-02,3.432767978927799002e-02,-6.560186917034033748e-03,9.791794482898534893e-03,6.361334486129895105e-02,-1.556743339517632730e-03,6.142738647871934937e-02,8.166294699883683283e-02,2.163145069414363839e-02,1.373003453985064404e-01,7.398998373897519576e-02,-4.820200479051318238e-02,3.158634308680406955e-01,4.361493511180886684e-01,3.957852747900136858e-01,5.058168326653439406e-01,1.000000000000000000e+00,3.464243523531968516e-01,4.195341025857280415e-01,3.315852846467147730e-01,3.436956126214569807e-01,2.620702023261759495e-01,2.835722933843224935e-01,1.143649467127006714e-01,1.225052635216878072e-01,2.590550082315805080e-01,1.204111921910322631e-02,9.720463954819794083e-02,3.091455642629245895e-02,4.024316206489623321e-02,4.477221677236510600e-02,-4.352038365997829179e-03,9.517970773540336549e-03,-2.483889279260773075e-02,-5.590569847736099468e-02,-2.045977614669120329e-02,-2.151711365574834542e-02,-1.195892583806891117e-03,-2.425400748900131617e-02,-1.708246447942210477e-02,-1.004893008002563301e-02,-2.019041735613167667e-03,1.715652296815118813e-02,2.556973646449615944e-02,7.339290493886443945e-02,3.952830422836575014e-02,7.944238086885717365e-02,2.954900042690441347e-02,7.737756333874423742e-02,1.298482570958643147e-02,-1.783263590181618022e-02,6.751460298997098708e-02,3.125574096274865571e-02
-7.222925312544567489e-02,-7.563465110370098943e-02,-5.824920026951885960e-02,-7.902470286860324711e-02,-4.654117819613821927e-02,-3.325954802485483336e-02,-1.728019852322594530e-02,-4.100773770615807196e-02,2.583565333366708364e-02,-8.643030133493882078e-03,5.054943826586857231e-03,-2.150439926709878796e-02,-1.860433554208969567e-02,-1.025131942306115214e-02,1.036334832372677161e-03,5.127909432762018001e-03,-1.912782545607235631e-03,7.563402232788030491e-03,-5.075296893214023553e-02,-6.885930122028993683e-02,1.466161139174789949e-02,-4.345284260809521848e-02,-1.521225765794184843e-02,-3.048681973281550453e-02,7.353474079410217412e-02,2.144650147256868186e-02,4.016646713967667037e-02,9.041182672370040585e-02,-2.350165521204568633e-03,5.205737245957128834e-02,9.516721144195780524e-02,3.606403894503455027e-02,6.069480838716786314e-02,1.106536712918396587e-01,4.937617585443740409e-02,7.387879348147993741e-02,9.259733753734250561e-02,4.700318449813763177e-02,2.959177405033117103e-02,9.245791141610881780e-02,7.184730022069912847e-02,3.447068987952187080e-02,1.180348714825212170e-01,8.807946276456000978e-02,4.679736419930938945e-02,1.452513460071878371e-01,8.261971615630041288e-02,5.519002732482419793e-02,1.572522414076121811e-01,8.014365433680206707e-02,9.156325263117778834e-02,1.697729800069819328e-01,6.599078800703933601e-02,1.482909291778248817e-01,1.815182179973123255e-01,5.280641659529801413e-02,2.468625489040513488e-01,1.882901992699470006e-01,2.930975000345361833e-02,3.883048083627441138e-01,3.279314101936043890e-01,4.046174978500703401e-01,5.690215309760976448e-01,3.464243523531968516e-01,1.000000000000000000e+00,5.015862391866509062e-01,5.458897913051504736e-01,4.973461950047436408e-01,2.619406150633059593e-01,4.758243796098570733e-01,2.164339781108416405e-01,2.176552629881490508e-01,3.669589850355815530e-01,8.628528064167030609e-02,1.991463608640270944e-01,1.110923463315798415e-01,9.708448417772919115e-02,1.078457437318581236e-01,1.655624559979819790e-02,2.626163475560785304e-02,-1.847808387705714150e-03,-7.306133323090653435e-03,-4.206609016921165900e-02,-6.985232407255086151e-02,-6.775443915642667680e-02,-4.749421378238552482e-02,-3.732111881814290794e-02,-1.194706470676220461e-02,-5.209174951807878096e-02,7.710562585706851740e-03,5.428705932929606126e-02,5.907932021364082492e-02,4.886377793659700541e-02,2.480360196337114825e-02,1.327334941030797189e-02,9.318308930783109068e-02,4.519618451082426519e-02,1.542333309340594878e-02,9.786053164327386533e-02,4.865603773415941302e-02
-4.066761380847608298e-02,-7.909155630352319999e-02,-2.567774569674957999e-02,-2.171332547162620891e-02,-7.824840403640281883e-02,-8.541064398977860073e-02,-8.326113392726790241e-02,-5.134560461901890860e-02,-3.981338914113993765e-02,-2.414324405023253808e-02,-6.276605353798621334e-02,-1.002732722446742081e-01,-7.152628279178434127e-03,2.244296364654506729e-02,6.127834223736996350e-02,1.807740723833626065e-02,5.305458348178906935e-02,1.118799924812231977e-01,8.792657219245816544e-03,3.645402196237774312e-02,5.659664877479331224e-02,3.606169238980198866e-02,5.042389744401589574e-02,5.315516794640739312e-02,1.033195597189295045e-01,1.997026651988758478e-02,4.869291108125832490e-02,5.888349331136422810e-02,-4.306016879239525641e-02,2.312821275341667496e-02,3.335528818013653446e-02,-3.048184852185593582e-02,1.134250533739339720e-02,3.766369325295377407e-02,-2.567353506313253819e-02,2.756849548390133409e-02,5.792682524927331850e-02,-2.267912863276535379e-02,-4.553002986524838820e-03,5.545108892041663434e-02,8.694223413570487590e-04,-3.596626010950297603e-02,2.205204958501020412e-02,-3.009641300411350362e-02,-6.276672602034340243e-02,2.167563303946620779e-02,-2.009465992116245617e-02,-6.474915795578514710e-02,4.110912717955832185e-02,-2.331713928236768194e-02,-4.383206198126766984e-02,4.574703208078082645e-02,-3.590001273098480938e-02,-1.863326123682960272e-02,7.256673046155975859e-02,-5.143643374780166450e-02,4.116504104582081186e-02,6.674555786784772127e-02,-4.906922474634257264e-02,2.569424661680120847e-01,2.548774381738018735e-01,3.354563268720922031e-01,4.728646385136689445e-01,4.195341025857280415e-01,5.015862391866509062e-01,1.000000000000000000e+00,5.661920147692501848e-01,6.307478980415999192e-01,6.983647115973745656e-01,3.928761309488140174e-01,1.576357575584345916e-01,1.609691407429623689e-01,3.410304563559821700e-01,6.018446332779138486e-02,1.574458093992574526e-01,1.059893476728245437e-01,1.208412482824435807e-01,1.082338758124971462e-01,4.008251196300425395e-02,5.237356816350521860e-02,-4.408165074364761224e-03,-4.760652799314202266e-02,-8.477869947829952402e-03,-2.803096761452237434e-02,8.142940639495017258e-03,-2.647608555269677019e-02,-8.237007072673684094e-03,-1.751165996612190703e-02,-1.577300388691687053e-02,7.845924031340602636e-03,2.147602851247702380e-02,2.342102682069191477e-02,-5.463201203821805294e-05,7.909212961221344373e-02,5.759739644951364368e-02,1.049725506653075534e-02,-3.458014904391147615e-02,-4.269035435428288755e-02,4.102163462881828343e-02,4.213795459073156613e-02
-5.423789808378599864e-02,-5.682035872154252154e-02,-2.755102248268451876e-02,-6.477060669785726643e-02,-4.457586059110311277e-02,-7.972123901158899295e-02,-2.628901896470385580e-02,-3.913414420722600290e-02,-1.838533011183631632e-02,-5.405077132230842046e-02,-1.668158342237735167e-02,-6.854153423169555281e-02,-5.311783003281175114e-02,-7.244900914045580842e-02,-2.895383469123170850e-02,-5.147461566767953106e-02,-5.498980092150680676e-02,2.750655212959782561e-02,-9.184688913896688067e-02,-5.342403524220566691e-02,-8.963598740935031783e-03,-7.446480655553414096e-02,-5.911331801286988721e-03,-2.793266684999997848e-02,8.791605202741635539e-02,1.571479164095234207e-02,3.428085212423179207e-02,6.728589199189097259e-02,-1.026278440351225014e-02,3.230015713666856830e-02,8.231813648388812410e-02,2.521085851697388303e-02,3.472671617792500581e-02,1.008665457868895277e-01,5.784306934432770220e-02,5.399456914334144209e-02,1.089974447225439819e-01,6.235936950156210912e-02,2.088525643767696893e-02,9.491647971423432251e-02,7.715497967703165150e-02,-9.555516446733029051e-03,4.897655344461947918e-02,6.170692026751107423e-02,-2.000691284729641181e-02,4.983106736007562182e-02,6.877856654506733780e-02,-2.884751446947905404e-02,7.607680472948899486e-02,6.050068534702324197e-02,-7.317710969093185747e-03,7.761615565834485697e-02,2.975679868457085930e-02,4.617067359838863960e-02,1.097244585620549273e-01,3.653427501526752830e-02,1.325463949388313578e-01,1.383428099527182764e-01,1.018330579853887752e-02,2.412132687772211015e-01,2.221689526000587001e-01,2.945531298287581423e-01,3.347008204648695417e-01,3.315852846467147730e-01,5.458897913051504736e-01,5.661920147692501848e-01,1.000000000000000000e+00,5.382371002389217951e-01,4.796307315151205342e-01,7.024689349928544546e-01,3.744512717473613139e-01,3.068685279546551348e-01,5.492411735058492228e-01,1.936448801367617600e-01,2.567609791387358564e-01,1.453544300706786918e-01,1.699144199132025801e-01,1.227303118350590444e-01,4.739860683541825132e-02,2.492726113957726558e-02,7.933275866782617952e-03,5.573466936030523067e-03,-2.297498047010109595e-02,-3.063073889382136178e-02,-2.569136911109017735e-02,-3.877759040207728880e-02,-1.938415243726513901e-02,-2.114328873752479090e-02,-8.787446364003227706e-03,-1.287201093597721037e-02,5.068050827880052345e-02,9.321491381435006301e-03,2.235792528267890530e-02,5.624887302188709415e-02,4.225606895577469629e-02,3.725516743988980389e-02,-8.419896762365777776e-03,-2.316670504176101403e-02,4.921659413552864626e-02,6.710858488825119372e-02
-7.160433191947569720e-02,-7.767526220063115938e-02,-5.025122233870950306e-02,-6.310539646725382701e-02,-6.898997329123053579e-02,-2.782442157123568224e-02,-6.290447977614517516e-02,-3.727744673866831282e-02,2.404879409640217972e-02,2.481561294400907308e-02,-1.637207626315561812e-02,-3.008549587747286203e-02,6.786188892871200876e-03,1.080037149776986657e-02,3.048157199866421280e-02,3.288149984039179935e-02,2.218268924974989287e-02,8.167248062607904147e-02,-2.517412813106406980e-02,5.837528153641626145e-03,4.345963068560191461e-02,3.869724723432609557e-03,4.472494159807507974e-02,9.879829057511647916e-03,6.443759834444404144e-02,2.697859725540853806e-02,1.769794820552300293e-02,5.772212642710908975e-02,-6.998115143096803568e-03,2.417508003170891831e-02,5.699778462521556260e-02,2.097215146684317313e-02,2.240877736730350830e-02,8.034485952472872339e-02,3.418202689140806966e-02,4.278539239816056550e-02,8.730085970400629225e-02,3.007592666950048912e-02,1.185809413156426254e-02,7.403075922111418405e-02,2.195889763677082857e-02,-3.573484570237028118e-02,3.231980734662605326e-02,-2.351225642991397469e-02,-3.922481027527275482e-02,3.278112910327683760e-02,-1.795768064033350514e-02,-4.707776636098830181e-02,3.286462207847647143e-02,-2.446381812466343758e-02,-3.260102411501611397e-02,4.035796263067951972e-02,-3.854530048997598796e-02,-6.783957720424663683e-03,4.978776840804549630e-02,-4.260851454195813126e-02,5.918088532778241484e-02,6.128692696843341531e-02,-3.402226103470808866e-02,2.223801885222568830e-01,2.121569608145926211e-01,2.592359527827642340e-01,4.064247920606891551e-01,3.436956126214569807e-01,4.973461950047436408e-01,6.307478980415999192e-01,5.382371002389217951e-01,1.000000000000000000e+00,4.821126504667687662e-01,6.022738518806772801e-01,2.554560233582778839e-01,3.411452553883910777e-01,4.999207327605860729e-01,1.093524391487485509e-01,2.446521510096041352e-01,1.386762648254510621e-01,1.506178310411753485e-01,1.530171916258948883e-01,4.328907938950257023e-02,3.972098600278089336e-02,1.702630404747770138e-02,2.237510700911826342e-02,1.583095268013431575e-02,-4.766260883230762080e-02,-4.409159469066333686e-02,-2.832741271790014531e-02,-1.639469044830757852e-02,-1.369389080749518726e-02,2.506288286622052660e-03,5.177517285411325360e-02,5.400068989407584563e-02,4.621481095461513200e-02,2.977541775461806529e-03,4.529934925063158757e-02,5.247677356375037017e-02,4.123027060405723421e-02,-1.818745415364300330e-02,-1.123767433300661145e-02,4.507643050734732454e-02,3.063805686965242678e-02
-1.312890079579448130e-02,-3.681153434520546136e-02,-3.905088567322119973e-03,1.357618300232904703e-02,-4.929094741551127978e-02,-8.436483581029383116e-02,-5.784263312988797978e-02,-2.584305196059689946e-02,-5.484508788437959109e-02,-5.979766631858725312e-02,-7.537015545932694571e-02,-9.899010129908288047e-02,-2.345263613346638618e-02,6.388374560842102409e-03,6.464046535620528167e-02,-6.892127622692396406e-03,4.676815824862909365e-02,1.249603473261754888e-01,1.389978910442116926e-04,7.035439440209631523e-02,4.298421701619079688e-02,2.768737247160648132e-02,6.944024135061131753e-02,6.421829465104374191e-02,1.191616523792633636e-01,3.213258996736831612e-03,5.488157846427103859e-02,4.585015736646148171e-02,-2.512152352619766507e-02,3.114939545750354533e-02,2.798428934390351230e-02,-1.493404065970070638e-02,2.058004172561432935e-02,3.425972370044832321e-02,2.518283029489048423e-03,2.883456230708556986e-02,7.002816064102541926e-02,-4.544145793369254276e-03,-1.897187071978832448e-02,5.262039726888485813e-02,1.278000051721180259e-02,-3.673427159108599155e-02,8.670918175935011032e-03,-4.379812459954745413e-02,-6.550396230370099382e-02,-1.174175650380564553e-02,-3.971664536251520022e-02,-8.408284091605115751e-02,7.424503177024408852e-03,-4.580814903340153094e-02,-5.895182753501896494e-02,1.238372516945293079e-02,-5.673277387515721082e-02,-3.991296210815580003e-02,4.177732555350619631e-02,-7.002561622634555227e-02,1.572626038974676496e-02,3.877257567971944402e-02,-4.796706418491568369e-02,1.667553428154009421e-01,1.491008253836774433e-01,2.524329184263857107e-01,2.697652880771951867e-01,2.620702023261759495e-01,2.619406150633059593e-01,6.983647115973745656e-01,4.796307315151205342e-01,4.821126504667687662e-01,1.000000000000000000e+00,2.844714512500285397e-01,7.889147822171296842e-02,5.534831955226391514e-02,2.579563542289189382e-01,1.925170221563042225e-02,8.802557291190835076e-02,7.045930915263047545e-02,7.503252585727375468e-02,6.608198527443844006e-02,9.971414290381156245e-03,3.230715366635546204e-02,-1.107782890323995295e-02,-9.505801375877455384e-02,-1.727902480347473166e-02,-2.048686587889449531e-02,2.371323674728568684e-02,-3.478637349595797151e-02,-1.584678181997428367e-02,-3.604497347211470942e-02,-1.703612346071979242e-02,-1.150712719721986958e-02,-2.216264660150227619e-02,-1.625997853190729340e-03,-2.701585677903566365e-02,6.432620261577291776e-02,5.828796902071247538e-02,-2.889827982632939274e-02,-5.631949510461182334e-02,-6.039809984019491040e-02,1.215167342144255272e-02,1.658062437823073706e-02
-8.166256448358054365e-02,-7.650318279235983343e-02,-5.440925742044106644e-02,-6.945861459993106501e-02,-6.973512920390077807e-02,-7.777621252151313558e-02,-5.356581646351325082e-02,-5.017177789616901473e-02,-2.459465985689291562e-02,-3.777230515700582408e-02,-2.912022770296100738e-02,-7.249773978832654842e-02,-6.166819805821131123e-02,-6.654712349864536081e-02,-5.198099497201847524e-02,-4.381479766950104049e-02,-4.243626387117839516e-02,8.860830224322461743e-03,-1.086086067606963496e-01,-7.668665550630832106e-02,-2.078446597391077344e-02,-8.240888511267510652e-02,-2.302134019195727424e-02,-4.820146175509202463e-02,5.228999973653734867e-02,1.274834209005659344e-02,1.139696735504241651e-02,5.231982799895194131e-02,3.617654327234914174e-03,2.902311272425429217e-02,7.231980257557385494e-02,4.352466582280922758e-02,2.697068474754158937e-02,9.076662489897473207e-02,6.974253693824847278e-02,4.649773323789749974e-02,8.030291095346288321e-02,6.953736386822112481e-02,2.762914574080367960e-02,6.230657286138691076e-02,6.424907211077693359e-02,-9.346015361390860865e-03,3.222362665111553476e-02,3.783775755169146299e-02,-7.019974027063288248e-03,3.348674726666153734e-02,4.115940908477568050e-02,-1.664837849028291336e-02,4.016638882620537226e-02,3.883153756423501912e-02,-3.540418842649393008e-04,5.590384279332159811e-02,2.160765944120486906e-02,2.427318601666478282e-02,6.278768050224814434e-02,2.280681588052742639e-02,9.853463536077017304e-02,8.531267932280424404e-02,-1.641585812797114212e-03,1.704519381503507569e-01,1.590891226566006622e-01,1.952054718640321429e-01,2.844182193865658625e-01,2.835722933843224935e-01,4.758243796098570733e-01,3.928761309488140174e-01,7.024689349928544546e-01,6.022738518806772801e-01,2.844714512500285397e-01,1.000000000000000000e+00,5.885398168576128075e-01,6.037288064061550052e-01,7.317937185398620814e-01,3.599285773360417218e-01,3.938518468285382990e-01,2.391398803670053419e-01,2.836314242111516726e-01,1.870111002574487424e-01,1.043298131873116597e-01,7.319511745997918373e-02,4.491855052123187170e-02,7.014075607754383102e-02,3.752985083358813950e-02,-1.374405557774071446e-02,-2.251058891197136452e-02,-1.110695691946947394e-02,1.327716563825463714e-02,4.881014635279081436e-03,2.432536547791778678e-02,4.021292119186135883e-02,7.847069703439238375e-02,2.641600653274858365e-02,-1.531730487397323093e-02,2.597235067146293208e-02,4.330276210859306668e-02,2.273028310627369167e-02,-2.833250042732051235e-02,-3.172087401323428479e-02,3.872401771989716218e-02,4.929773840303922072e-02
-6.755939340761972500e-02,-4.077293907150650321e-02,-1.998017572150787707e-02,-5.368835417752977623e-02,-2.164707539127539229e-02,-4.517659364128463750e-02,-1.625439195411800333e-02,2.057395831412940721e-03,-4.191979531976112311e-02,-4.667742547142557374e-02,-5.305668888386673616e-03,-3.795591932297990440e-02,-7.144065148839219559e-02,-9.674354911446050864e-02,-9.004245428546420182e-02,-6.393493637331419677e-02,-7.826260683196185897e-02,-2.668401034092155941e-02,-9.711977780476878375e-02,-3.116931246792251434e-02,-3.720157666316564748e-02,-5.978184895021410039e-02,8.442909178092055170e-03,-2.695490959373392833e-03,6.038431961195450670e-02,4.998584548261527510e-02,2.619953973819940177e-02,7.750252703105893481e-02,4.862707228878682120e-02,2.693000436352487037e-02,1.029979696812327178e-01,7.856185012433092307e-02,2.960839406888332581e-02,1.003228522031313907e-01,7.364426719533029297e-02,4.367061887642815360e-02,6.742293638442919956e-02,4.720736940011933253e-02,4.412191617187322112e-02,5.488134800309828198e-02,3.141450655748683624e-02,1.437759028206717776e-02,3.683104263941175405e-02,2.056280374678533251e-02,1.222388363727382231e-03,1.444227997907127602e-02,-2.498215088919217286e-03,-1.166776004355787877e-02,-5.890435760557599827e-03,3.497566296534635952e-03,2.586929366169876936e-03,3.628475223075142923e-03,1.595550215592290598e-03,-1.907885865689244037e-02,-4.622595693524532250e-03,-2.965569675145629004e-03,-4.257912178432260268e-03,2.775833648824087025e-03,-6.677036712406960589e-03,2.469607705247682528e-02,4.499020420298362362e-03,5.474040097301832025e-02,7.308398340855150332e-02,1.143649467127006714e-01,2.164339781108416405e-01,1.576357575584345916e-01,3.744512717473613139e-01,2.554560233582778839e-01,7.889147822171296842e-02,5.885398168576128075e-01,1.000000000000000000e+00,5.215220438797104618e-01,4.998994637960197940e-01,7.134588637103029818e-01,4.976552001925707014e-01,3.505700452599562755e-01,3.993214724699949980e-01,2.195898834371970976e-01,1.459639965521120908e-01,8.356892814039153239e-02,8.157816280225904659e-02,7.643658315076126697e-02,4.253611512664565164e-02,2.958493542905426404e-02,6.492378643138580624e-03,-6.225880279622273729e-03,1.741125990479920269e-02,2.133811156249068586e-02,2.378996283541022494e-02,5.334917406728634931e-03,3.789577151362173019e-02,-1.350187961541600944e-02,-1.430172639642361514e-02,3.683906500958820940e-02,-1.210167681437483971e-03,-3.279933990691707296e-02,-3.076803568481806597e-02,-4.744110506282869094e-02,4.917218347963886460e-02,4.440290243169876111e-02
-3.358800129363121584e-02,-1.864761816581889109e-02,-1.458479487146165446e-02,-3.283246992807855539e-03,-2.398530778480803538e-02,-5.238994506122565675e-02,-3.851008357973657176e-02,-9.303141321679959594e-03,-3.725564831078375522e-02,-3.369475051667213117e-02,-4.856752223279514613e-02,-7.211368113522828582e-02,-7.846501807248011662e-02,-6.468757801578349509e-02,-7.074111661987396438e-02,-4.928244366219702161e-02,-3.825849244337240634e-02,-1.849777278546207646e-02,-8.474332740525067353e-02,-6.457054187187255545e-02,-2.743104619366517130e-02,-6.364072366896482424e-02,-1.225808176587988262e-02,-3.983737470479011000e-02,1.451746314291560078e-02,-2.323509796679565278e-03,1.522133431335643151e-03,2.757039499371775892e-02,1.648932763203167159e-02,3.236328878528876851e-02,3.736555476822106536e-02,3.311809338600462532e-02,2.209632304927306584e-02,5.253745395266720686e-02,3.961041394037353308e-02,3.228195424784354589e-02,4.580546138333219564e-04,1.738095210925173772e-02,1.121466056034398258e-02,-1.651246296097316421e-02,3.555883524264011677e-03,-2.243795660949909898e-02,-1.795725303176039581e-02,-2.573725284347172862e-02,-3.155385280663376701e-02,-3.984830291817317849e-02,-2.996560449905363507e-02,-3.951735074304548595e-02,-2.695011785324177150e-02,-2.200323393290617990e-02,-2.523146198072594160e-02,-1.615637760738930506e-02,-2.403582699019411739e-02,-1.254511666450197280e-02,-2.062596962050664007e-02,-2.594052420519249794e-02,2.278016159613856922e-02,4.735769431069681602e-03,-1.555057466066060018e-02,4.580506399022127306e-02,2.697696609634110676e-02,3.277267724016291045e-02,1.204047085776937115e-01,1.225052635216878072e-01,2.176552629881490508e-01,1.609691407429623689e-01,3.068685279546551348e-01,3.411452553883910777e-01,5.534831955226391514e-02,6.037288064061550052e-01,5.215220438797104618e-01,1.000000000000000000e+00,4.807655352992037945e-01,4.631122577651036187e-01,4.144341774441288595e-01,2.671888460770084905e-01,3.217305077116079381e-01,1.893434649942677406e-01,1.512512502272727877e-01,1.065839600721135566e-01,3.898643183751333147e-02,8.407808937672105187e-02,5.133969132753458259e-02,3.778443296156585446e-02,-1.472869143094126393e-02,1.696756754254048066e-02,4.312924979955667232e-02,2.405507785707968610e-02,4.207349541537232229e-02,5.430360329608640430e-02,6.352234680311198700e-02,6.465782733007186846e-03,-4.484698924121477415e-02,2.852285327824874081e-02,4.244606664956065978e-02,-3.898175953625394874e-02,-4.852889030659629510e-02,-8.530733493829475989e-02,2.959861874420743975e-03,1.078357948809075418e-03
-9.631232359953112443e-02,-8.083140581093524457e-02,-5.576322349549552027e-02,-8.683901708659266805e-02,-7.185292965276676713e-02,-7.127678277870597157e-02,-7.277459688138067373e-02,-4.854106598914161713e-02,-2.638934091149382904e-02,-2.523264311076398383e-02,-4.307144980407580370e-02,-6.695724748769976697e-02,-3.622647059409402764e-02,-4.677132313239135142e-02,-2.747160722233658522e-02,-3.733165423673164007e-02,-2.143509549009114598e-02,2.857734586319285799e-02,-6.144940770820157133e-02,-2.136317788534145348e-02,5.661492188357123041e-03,-2.974904506179768676e-02,2.212563564623915360e-02,-2.118938095094963225e-02,3.874547672861765324e-02,2.359734986071559265e-02,-2.396942601761448133e-02,3.550728625299054420e-02,-2.119390642736234884e-02,-2.160768262593176434e-02,3.361636994488448327e-02,1.948610899285705507e-03,-8.529970148434705066e-03,6.004584483866144684e-02,3.010668227841277814e-02,9.025412758280915507e-03,6.412909850602177553e-02,3.327969583709439877e-02,1.318715534625033124e-02,6.264440401862243768e-02,5.272504045262791511e-02,8.403113651464182545e-04,3.264420301276685366e-02,3.575394726597339728e-02,1.363304310013895709e-02,3.216422702563101477e-02,5.003546281627507808e-02,-5.677590629130235692e-04,2.065526302655583749e-02,4.264833246357434271e-02,-1.917092042841212277e-02,2.787271401265739232e-02,1.211355705760952355e-02,-7.641824177904110033e-03,3.986861810742611117e-02,1.005051947384470040e-02,4.429557386224489829e-02,5.590726527711642468e-02,-1.828780860617752399e-02,1.193955790673801864e-01,1.365007157566368590e-01,1.681565974505870309e-01,2.267716610022506296e-01,2.590550082315805080e-01,3.669589850355815530e-01,3.410304563559821700e-01,5.492411735058492228e-01,4.999207327605860729e-01,2.579563542289189382e-01,7.317937185398620814e-01,4.998994637960197940e-01,4.807655352992037945e-01,1.000000000000000000e+00,3.243648917933021902e-01,3.918015174036794113e-01,2.479698038989414932e-01,2.664250056620563467e-01,2.113215375983574507e-01,9.936378622144211026e-02,7.571002469688031811e-02,5.435493287888796404e-02,4.940931828419085209e-02,5.559414628074884485e-02,-4.894034269008983723e-02,-2.378182948191677470e-02,-3.900647946360062722e-04,8.351512378330762723e-03,-8.218246399367737029e-03,2.875519714487655837e-02,4.828878073907139773e-02,6.703965002181785926e-02,-6.853987075331799579e-03,-1.410303349790869264e-02,1.096883504584995894e-02,1.849552107058737363e-02,4.584412548021484651e-02,-1.108740386175779101e-02,6.992947291913789265e-05,7.152581738174122739e-02,8.699236747578417694e-02
-4.405814422840163141e-02,-2.644349537912167245e-02,3.178014060778283287e-03,-1.905305982037271487e-02,-1.771412762885182096e-02,-5.779683656635468264e-02,-3.392604293178399372e-02,3.625501360157401889e-03,-7.010984041672591038e-02,-6.477705269662643872e-02,-2.856482856000427256e-02,-5.490286172838478029e-02,-1.046189407358420614e-01,-1.217923122834883437e-01,-1.250746727161379523e-01,-9.424303423171227767e-02,-1.053276920294303753e-01,-7.199577077950571058e-02,-9.011859854895394595e-02,-3.320694043007845625e-02,-4.970551002792900075e-02,-5.960934965052361312e-02,-1.299107783581708933e-03,-1.006282363928138503e-02,2.190308850575553232e-02,4.706821040112936505e-02,1.603607210617613923e-02,5.530076699798801287e-02,6.031362035637861246e-02,1.512880571585078181e-02,5.979103931337011874e-02,6.900708340874385505e-02,5.274277228226423829e-03,5.274482655114688667e-02,6.118224861024796485e-02,1.127917801585358488e-02,1.380337500848003232e-02,4.031691839556532375e-02,2.134209738325959851e-02,-8.715364847237513837e-04,2.616312935691623986e-02,5.121313054492048628e-03,-1.946714969115553862e-02,-6.044251941082140651e-03,-1.612579974946547201e-02,-3.151863617285003555e-02,-2.183483093239591000e-02,-3.000494142050444749e-02,-3.285720446425204055e-02,-2.075455629871102506e-02,-8.105717090830860325e-03,-2.378153098937787341e-02,-8.358353469120618010e-03,-3.835583835936491603e-02,-5.230220911625983043e-02,-3.586514362654216054e-02,-5.162246514283280047e-02,-5.427216756471925363e-02,-3.842784008942261298e-02,-4.024323618424675147e-02,-4.753919230174503269e-02,-2.498813454173842361e-02,-7.213317371695899226e-03,1.204111921910322631e-02,8.628528064167030609e-02,6.018446332779138486e-02,1.936448801367617600e-01,1.093524391487485509e-01,1.925170221563042225e-02,3.599285773360417218e-01,7.134588637103029818e-01,4.631122577651036187e-01,3.243648917933021902e-01,1.000000000000000000e+00,5.028818364047240586e-01,4.836365596847269077e-01,4.719703267563640781e-01,2.592241162237007290e-01,1.866384298969037958e-01,1.086354089474974860e-01,1.079566811811591281e-01,9.088208901500294257e-02,7.488084857149381046e-02,4.567154545463072979e-02,2.028964002095026004e-02,1.420286775147381123e-02,5.910422507124096780e-02,4.553756157983335218e-02,2.546999390382113579e-02,1.771436210492554524e-03,4.030537168262727371e-02,-4.836713653399773299e-02,-3.869017578139984093e-02,-2.647898257996198499e-04,-1.934173642063736348e-02,-6.671639917006824683e-02,-7.390250526057401750e-03,-2.285686585208791810e-02,2.698377879772248869e-02,3.299551867665647537e-02
-7.436129477917534369e-02,-5.415275274903780939e-02,-2.930910565642299084e-02,-5.650600473764712250e-02,-2.251572302895503766e-02,1.173506054338511280e-03,-2.396713657503073830e-02,-1.413824702301286727e-02,-1.296192375323996192e-02,-5.005372718101702353e-03,-7.541937422393196234e-03,-2.965179610147383737e-02,-3.951778134945060222e-02,-5.569458950626546972e-02,-5.934180029676053292e-02,-4.317517892550311320e-02,-6.564275069125426187e-02,-1.697671810274513707e-02,-7.144486882750616941e-02,-5.611775328312588323e-02,-2.938764275656627345e-02,-4.871646047964805354e-02,-4.715147328856859540e-03,-5.713999807477088827e-02,3.545237813716278080e-02,2.665565363806841372e-03,-1.548925140477733046e-02,1.779178974046401879e-02,-8.983942475082740478e-03,-3.648345302305096294e-02,1.866566983628170640e-02,1.524216201375503885e-02,-3.202921106214385444e-02,2.343962183566924637e-02,2.104910136952305166e-02,-2.010940723478421913e-02,-1.893347413887037228e-02,-2.204950389703619427e-03,-2.802894563655806623e-02,-2.808200039224861833e-02,-5.852481273715402429e-03,-3.800049385592885881e-02,-2.960681515884491452e-02,-4.388087027843513149e-02,-4.530668866161131209e-02,-2.693093259393324404e-02,-6.338129095027271453e-02,-5.120723965072606493e-02,-3.751810443396012135e-02,-4.034645074544986748e-02,-2.020519391137314338e-02,-1.026046108034465651e-02,-2.369206117671201692e-02,-2.683199070762138511e-02,-1.994374753216910517e-02,-4.153774633209536549e-02,-4.006343146426081386e-02,-2.763881206155924600e-02,-3.666212172329275792e-02,1.891877000137329179e-02,2.564887003859031914e-02,6.234024438698198417e-02,8.961987710553998010e-02,9.720463954819794083e-02,1.991463608640270944e-01,1.574458093992574526e-01,2.567609791387358564e-01,2.446521510096041352e-01,8.802557291190835076e-02,3.938518468285382990e-01,4.976552001925707014e-01,4.144341774441288595e-01,3.918015174036794113e-01,5.028818364047240586e-01,1.000000000000000000e+00,5.380802458328642901e-01,6.108145826427980873e-01,5.125346521175090375e-01,3.207446578743118892e-01,2.534515816499955942e-01,2.050483460598523655e-01,1.650748078971141231e-01,1.274764251578504870e-01,-1.238067302749168951e-02,7.242481226678304518e-02,4.103512188789268378e-02,4.449847850778756303e-02,3.334450636648538663e-02,5.202279839290347568e-02,3.968192006051942528e-02,5.981285197614015503e-02,-8.821672833229085575e-02,-5.136625790713114648e-02,-3.009330739967143800e-02,-5.275724417688493206e-02,-5.979964919812482543e-02,-8.036086299734318539e-03,1.564951012453193180e-02,7.260683764386263728e-02,1.562072007439100317e-02
-4.482866804253721194e-02,-5.403014604142341443e-02,-2.484255676779388577e-02,-2.440771611063474733e-02,-4.134918134982515370e-02,-1.254852687397108035e-02,-3.301256067867910232e-02,-8.610436039534293982e-04,-3.056126872638971134e-02,-1.270617871728830020e-02,-5.954138163284342089e-02,-1.647384655630441605e-02,-4.239804313533344221e-02,-6.696955900224430686e-03,-3.828527376400025356e-02,-6.304412519219723329e-03,7.089007286607035448e-03,6.527934425105666807e-03,-2.564862500865505018e-02,-1.002118565001669515e-02,2.953573029131236968e-02,-2.594122161777122001e-02,1.204385754312689441e-03,-6.334541768734318345e-02,-3.521090141579962668e-02,-3.156398770878279803e-02,-5.802569627493898291e-02,-3.989211131611331007e-02,-3.130562719413171324e-02,-6.618567159390151278e-02,-3.921979657026301858e-02,-1.831722629343049066e-02,-4.810480373203981225e-02,-3.739223635882720637e-02,-4.527166447279075759e-03,-3.317313907373093534e-02,-5.673520214606939116e-02,2.663536744896964192e-03,-2.046976250755515661e-02,-4.687718939291182080e-02,9.507205317285646667e-04,-3.519287284950563949e-02,-6.000338401619503131e-02,-3.300241607284783163e-02,-5.195812122512030728e-02,-5.324615161388757817e-02,-3.919053320894308468e-02,-6.529985048828795824e-02,-4.883646834498286265e-02,-3.397157786610984637e-02,-4.835761013067872705e-02,-3.889242952139868037e-02,-1.994962129289231528e-02,-4.545053751004705239e-02,-2.783551257606829005e-02,-5.807236417307282128e-02,-5.830073706907657610e-02,-4.289708809980206233e-02,-8.181420721246578098e-02,-7.149969151971249763e-03,1.758547344478283980e-02,5.605871710062730086e-03,3.247952420694740633e-02,3.091455642629245895e-02,1.110923463315798415e-01,1.059893476728245437e-01,1.453544300706786918e-01,1.386762648254510621e-01,7.045930915263047545e-02,2.391398803670053419e-01,3.505700452599562755e-01,2.671888460770084905e-01,2.479698038989414932e-01,4.836365596847269077e-01,5.380802458328642901e-01,1.000000000000000000e+00,5.534438973541694340e-01,5.564256836699077446e-01,3.470955001027657971e-01,2.041502118739065286e-01,2.353306623939496467e-01,1.177196631438108404e-01,1.240304061842624900e-01,3.884193707528545061e-03,4.831041877734518902e-02,4.328918817330726365e-02,6.072044506873872788e-02,4.364208358569665602e-02,4.255951758394900530e-02,3.947656025942111215e-03,9.526645091162921908e-02,-8.232142132263753354e-02,-6.975780763373297388e-02,-9.599273590892531266e-03,-3.425426465846230506e-02,-4.744478966626136662e-02,2.019934957077965630e-03,1.507704074314434282e-02,7.971595441752901690e-02,6.874217801787065041e-02
-7.204551578035812975e-02,-9.477859478485468891e-02,-5.428124098151169974e-02,-5.903735401687996293e-02,-7.013553543627479292e-02,-5.888529756281086353e-02,-5.859439141891303188e-02,-3.074628719182967082e-02,-7.967289664623147805e-02,-7.082463209010192440e-02,-6.891595889784978002e-02,-8.855549203788244672e-02,-9.367764402173024696e-02,-6.757374040398131387e-02,-7.360254689841357056e-02,-7.644529890245800596e-02,-4.505187288870309698e-02,-5.441621792157885773e-02,-7.250471571599770293e-02,-3.383197237830291165e-02,-2.728001854825593681e-02,-4.307741274998656833e-02,-2.118966719225631040e-02,-1.432803906477854612e-02,3.731182426195842755e-02,-2.120736121728311607e-02,-1.350376650095621786e-02,3.978136165657949336e-03,-2.482998152128067237e-02,-2.458387866063306906e-02,-1.581656476531692612e-02,-2.867523267576816554e-02,-3.307904018353269998e-02,1.720412322377982322e-03,8.937543512426087235e-05,-2.774097865493196577e-02,-3.388655960184439736e-03,-8.910693143996822191e-03,-2.906553709858635676e-02,-1.520150534354226292e-02,-2.565229868559268725e-02,-4.678155898192559725e-02,-2.630938578731976257e-02,-3.860795158850329617e-02,-5.886110568191846998e-02,-3.967471997320760196e-02,-4.043018508716658688e-02,-6.634364810926994538e-02,-1.799202216723278305e-02,-2.600327163225713348e-02,-5.426225869822141196e-02,4.551608856193018783e-03,-2.632122872729905638e-02,-6.204076007417342470e-02,-2.444195838016166231e-02,-5.962257742507309777e-02,-1.032610097858704945e-01,-5.041166699470187723e-02,-6.935907142705188821e-02,-2.257272241919126843e-02,-2.111383316514650263e-02,-1.238725895685013900e-02,2.765692440582249306e-02,4.024316206489623321e-02,9.708448417772919115e-02,1.208412482824435807e-01,1.699144199132025801e-01,1.506178310411753485e-01,7.503252585727375468e-02,2.836314242111516726e-01,3.993214724699949980e-01,3.217305077116079381e-01,2.664250056620563467e-01,4.719703267563640781e-01,6.108145826427980873e-01,5.534438973541694340e-01,1.000000000000000000e+00,3.882233285389582456e-01,4.210821711496437469e-01,3.029415608982049535e-01,2.416287620409120207e-01,1.882423755858712577e-01,1.510602802750481699e-01,1.688963618046491685e-02,1.404368161611906363e-01,7.532135141581118576e-02,7.695494527683878483e-02,5.703827528043356465e-02,8.313525989597601862e-02,1.420812392774714085e-02,7.414152096266270198e-02,-1.288260590643628967e-01,-1.220008367090099771e-01,2.179114595427343939e-03,-1.813307279566135979e-02,-9.712895876669139228e-02,-5.234647629529869117e-02,-5.900890008777364554e-02,1.246834384133438042e-02,1.339400214107869594e-02
-4.965563835794950531e-02,-3.283753416047239387e-02,-8.513290049651586625e-05,-3.486649884586135589e-02,-1.542475934916706301e-02,1.493935678322490419e-02,-1.124765655783343567e-02,3.812764410405509227e-04,-2.638179903254626521e-02,-4.620535137448053206e-03,-4.382904525816221780e-02,2.692261159506252610e-02,-2.332532261576741178e-02,1.430140302010576674e-02,-1.231208706000543572e-02,-1.729623500750503791e-03,1.977490664284578190e-02,3.129955444238221446e-02,3.483425884574113673e-03,2.874716851982241084e-02,4.111637346195398668e-02,7.101585806028317760e-04,3.379802279652160957e-02,-5.252107375414720447e-02,-3.149657239862224678e-02,5.595735896365253842e-03,-6.722004372161052843e-02,-2.371059390324966459e-02,-1.464317474456369207e-02,-7.042208068110727970e-02,-1.633741708093344736e-02,1.416268799882055814e-03,-5.097738045271638790e-02,-2.155477274302525573e-02,1.278150788594239638e-03,-4.792390468337492243e-02,-4.844647490913166210e-02,8.708857555711295093e-03,-4.147735314168043280e-02,-2.854150799210147457e-02,2.085068677246959545e-02,-3.870779163554040336e-02,-2.608396208605240699e-02,-2.511986118926036113e-02,-5.206510605440621553e-02,-1.379193983564445426e-02,-3.914628070102534746e-02,-5.243229581780552151e-02,-3.290526204215882267e-02,-3.827245465399225360e-02,-2.509321474419615172e-02,-1.413608084273201664e-02,-2.202609804276654468e-02,-3.100241574653551241e-02,-2.751747893958678484e-02,-5.074640271871750513e-02,-3.493746445169396142e-02,-5.820497180536010617e-02,-6.512990814722358079e-02,-1.609208756972312429e-02,7.983164797298223161e-03,1.110094097611740577e-02,3.985434112910917620e-02,4.477221677236510600e-02,1.078457437318581236e-01,1.082338758124971462e-01,1.227303118350590444e-01,1.530171916258948883e-01,6.608198527443844006e-02,1.870111002574487424e-01,2.195898834371970976e-01,1.893434649942677406e-01,2.113215375983574507e-01,2.592241162237007290e-01,5.125346521175090375e-01,5.564256836699077446e-01,3.882233285389582456e-01,1.000000000000000000e+00,4.134064866526324655e-01,2.960641946659716695e-01,3.165914596908609990e-01,2.077392677868625803e-01,1.889218809679133471e-01,-6.418565924925492827e-02,4.076917179135338722e-03,8.153109188988996725e-02,4.845120503411624868e-02,4.133177579867156753e-02,6.380408425941816453e-02,3.536305155348307139e-02,7.749482641600619059e-02,-6.215967716536633519e-02,-1.351983362981408303e-02,-6.004932090933449984e-02,-8.309895791047092195e-02,-1.742763785913915495e-02,1.583207193631759949e-02,6.995465046504313611e-02,1.133255965696347151e-01,4.310454421727303448e-02
-5.708873391787752660e-02,-7.120026728766885860e-02,-7.661892823867903768e-02,-5.838793592638397145e-02,-6.280131971741069463e-02,-2.600393056853486651e-02,-7.856156323944055164e-02,-1.125272960347950719e-02,-8.558810214915128778e-02,3.379375861279108363e-03,-8.516010348819122444e-02,-5.962622378688511166e-02,-4.911298198489311845e-02,8.112288036007071291e-04,-5.705645357606117102e-02,-6.001723937614027171e-02,-2.770828255463627515e-02,-6.076518217833652008e-02,-7.439211371193378552e-02,-5.582954202603104821e-02,-7.718000783920472840e-02,-4.307703770659000037e-02,-5.709509660650596147e-02,-4.013799945348927450e-02,-5.699321452258359483e-02,-9.969210973863390501e-02,-6.561011883050094085e-02,-5.346960774912776215e-02,-5.934287222111409021e-02,-6.826448657378308971e-02,-4.966418247607995440e-02,-5.715945317392123054e-02,-5.871865465172732695e-02,-2.961436245580097160e-02,-3.348254941743403212e-02,-5.741597268409707328e-02,-2.928678633078835025e-02,-2.674100186203949396e-03,-6.184156955072588752e-02,-3.067854625237228378e-02,-3.514626695310082375e-03,-7.645232038270079189e-02,-4.883315328740429201e-02,-2.448169898697572303e-02,-9.064022869793425530e-02,-5.111867029400309764e-02,-9.236464168656184290e-03,-9.129115610181391671e-02,-1.990516094644479567e-02,-1.074688898097894522e-02,-8.973131293851166479e-02,2.096207419298776360e-03,-2.319955313469931543e-02,-7.082201949578738331e-02,1.856654751155206381e-02,-3.658023531538971002e-02,-1.012569646032913523e-01,-3.455760706549694181e-03,-6.694586003380051387e-02,-1.798106119893581184e-02,-1.754486407517754504e-02,-3.682085886186256540e-02,7.517086078397698136e-03,-4.352038365997829179e-03,1.655624559979819790e-02,4.008251196300425395e-02,4.739860683541825132e-02,4.328907938950257023e-02,9.971414290381156245e-03,1.043298131873116597e-01,1.459639965521120908e-01,1.512512502272727877e-01,9.936378622144211026e-02,1.866384298969037958e-01,3.207446578743118892e-01,3.470955001027657971e-01,4.210821711496437469e-01,4.134064866526324655e-01,1.000000000000000000e+00,4.931864112848445836e-01,4.952443864394014961e-01,4.650041598397420262e-01,3.335948341311167353e-01,-8.347694536971943594e-04,2.402906746750957945e-01,1.617254833798543734e-01,1.457377889676978733e-01,9.025606688627768603e-02,1.547527273082366372e-01,7.761902094528295992e-02,1.363268290616437839e-01,-4.155226448156658370e-02,-4.349393468331057971e-02,2.975988784638586293e-02,3.308535609968173141e-02,-5.865045699653509415e-02,-2.396236727411232489e-02,-5.865565980007830110e-02,2.358956835870912316e-02,3.478097712361578886e-02
-2.745030353439853119e-02,-6.719567751226092345e-02,-4.610915305714791829e-02,-1.992336310179314979e-02,-7.198579966204027292e-02,-1.842868473139597577e-02,-5.838337069823024833e-02,-4.362036881698298785e-02,-5.454782958944568577e-02,-5.090333420685586030e-03,-3.033483955107952462e-02,-6.291587920836305692e-02,-1.111893849881741454e-02,2.329764357775179762e-02,-1.994604220019459417e-02,-2.560698131573584807e-02,1.170695330639221106e-02,1.286959831163438485e-03,-6.640044260697909595e-02,-4.833387823706009750e-02,-2.752449019343929798e-02,-3.902063638092856390e-02,-3.559672323575300418e-02,-2.049849187538465775e-02,-7.124238045055211743e-02,-7.807991690302913679e-02,-1.058358151463410640e-01,-8.127562174281446894e-02,-5.476802441077487094e-02,-1.088131624725536400e-01,-7.789673107163103127e-02,-5.026051629547396288e-02,-1.004133895687380068e-01,-4.941943599969481071e-02,-3.000548721227374802e-02,-7.301144238730976344e-02,-4.758328013097567338e-02,5.770160780079387243e-04,-6.852986360702313651e-02,-4.268748278354039805e-02,-2.548874801221924849e-02,-7.552211047562258639e-02,-7.475718897142730190e-02,-5.033916187457541241e-02,-9.661183277966402250e-02,-6.229088034756746078e-02,-4.694909058625196946e-02,-1.196887927008324776e-01,-5.541689597330459044e-02,-4.871655280833481899e-02,-1.180029662350545461e-01,-3.232803980170803615e-02,-6.670214136527809201e-02,-9.185827041505044421e-02,-1.321797002212588869e-02,-9.251198126354300000e-02,-1.039883780126381885e-01,-6.095257383965339143e-02,-1.160858166679340636e-01,-4.990220060468362334e-02,1.371648915295770391e-02,-5.334500489894127007e-02,3.531128178405032458e-02,9.517970773540336549e-03,2.626163475560785304e-02,5.237356816350521860e-02,2.492726113957726558e-02,3.972098600278089336e-02,3.230715366635546204e-02,7.319511745997918373e-02,8.356892814039153239e-02,1.065839600721135566e-01,7.571002469688031811e-02,1.086354089474974860e-01,2.534515816499955942e-01,2.041502118739065286e-01,3.029415608982049535e-01,2.960641946659716695e-01,4.931864112848445836e-01,1.000000000000000000e+00,5.005528755506155614e-01,4.377624156936002486e-01,4.378594469735704320e-01,4.879740389349185997e-02,1.874853155876828326e-01,1.755009551469466078e-01,1.798097707651575561e-01,1.186776443587564539e-01,1.493194198402934270e-01,5.720220461771216569e-02,8.701191813629857719e-02,-9.947750722332994455e-02,-1.868887192245343234e-02,-2.589677404089111429e-02,-3.935061427418894836e-02,-7.086657850147509707e-02,-9.700091891545217088e-03,-2.370100956452791605e-02,2.920239192191008415e-02,8.909736032678935644e-03
-3.237946848025239494e-02,-2.186680290080698918e-02,-2.109616248290229965e-02,-5.256326460757468344e-02,8.686837474028014094e-03,3.168992182561356646e-02,1.843922696114665832e-02,1.714614484908373376e-03,1.671469414262502506e-02,5.365591262975564352e-02,7.116508872613906168e-03,1.068584099861089910e-02,5.454224493471497744e-03,3.454326334486847866e-02,1.673604373682622756e-02,3.282063374884208740e-02,1.269265886715910223e-02,5.426799732294984580e-03,1.840675604506458729e-02,3.288393225957887689e-02,1.349074042588442601e-02,4.266412400416340345e-02,3.180944395749279487e-03,3.405680153602009402e-02,-6.052564501236451511e-03,6.758567393741842129e-03,-2.399656225975178858e-02,-3.192228689731603508e-02,1.946689662096275433e-02,-3.826778492160333445e-02,-2.516861548543055174e-02,3.575558990553522748e-02,-2.280925831772440127e-02,-4.868643188631030690e-03,5.843523209954817194e-02,-2.590811328178750303e-02,-1.514485187122920594e-02,7.694172193697348949e-02,-4.516891241599161992e-03,-2.027895193164169774e-02,7.089266743659343450e-02,1.279585616488087413e-02,-1.597561933361124967e-02,5.493604986541567037e-02,1.060322052496962680e-02,1.112546331461042315e-02,5.118113900714941350e-02,-2.604248917130387239e-02,2.629747170792375455e-03,4.448051658216298221e-02,-4.809172322902864616e-02,2.486747602318326381e-02,3.876372988408424008e-02,-2.448727509898493415e-02,6.049709186356291152e-02,3.453711650260384014e-02,-3.572237463747796049e-02,5.913015131178480516e-02,-1.611044035054932586e-02,-1.951564322447317881e-02,-2.890695305543479476e-02,-2.314184304130277592e-02,-2.470618769920155181e-02,-2.483889279260773075e-02,-1.847808387705714150e-03,-4.408165074364761224e-03,7.933275866782617952e-03,1.702630404747770138e-02,-1.107782890323995295e-02,4.491855052123187170e-02,8.157816280225904659e-02,3.898643183751333147e-02,5.435493287888796404e-02,1.079566811811591281e-01,2.050483460598523655e-01,2.353306623939496467e-01,2.416287620409120207e-01,3.165914596908609990e-01,4.952443864394014961e-01,5.005528755506155614e-01,1.000000000000000000e+00,3.691694661533017063e-01,4.309606163986752780e-01,-1.329184361745575083e-01,8.156168606308879243e-02,8.409756458606471030e-02,8.568372769292913194e-02,-7.297373116107659305e-03,1.096869920201049009e-01,4.841026192197675493e-02,9.793417906678877904e-02,-3.130780319912743193e-02,1.440442410691990076e-02,3.208316159882208113e-02,-3.435683160608795500e-02,-3.341541150658594583e-02,-1.108467485382609238e-02,-1.085942805756628243e-02,5.011909732598420625e-02,5.565146778848786141e-02
-8.560707824858042325e-02,-9.843921119228922489e-02,-8.905129852664100953e-02,-1.233399254267441431e-01,-5.783968436732419421e-02,-1.390194877867201653e-02,-3.097038508593656647e-02,-5.453319041046088972e-02,-4.303049202783040122e-02,6.951063366261543176e-03,-3.735010365762417728e-03,1.721938311360596621e-02,-2.887819512604414621e-02,-1.871843656561271441e-02,-7.201824780642177015e-02,-4.170282521474976550e-02,-5.270704170728586491e-02,-7.848836062565522909e-02,-9.927743667735866584e-02,-1.301904772526917275e-01,-1.078810679236724135e-01,-7.959216299315634291e-02,-1.135521891697540003e-01,-7.680326876632288802e-02,-9.939945983307220401e-02,-8.102363584246691230e-02,-7.318960226459163276e-02,-5.426213039125697690e-02,-7.988263654407680436e-02,-6.413771730305792285e-02,-5.350404218007811380e-02,-6.921429701059686468e-02,-5.366398046867116439e-02,-4.073955773950856118e-02,-4.172860342991695920e-02,-5.644676606908009819e-02,-3.355662611547585022e-02,-4.030445488344671680e-03,-7.237168214966885338e-02,-3.645120676861388770e-02,-3.209443129636289221e-02,-9.091127387294324624e-02,-8.290043600830782067e-02,-3.405606733443302531e-02,-9.715295486797954905e-02,-6.337084101064441310e-02,-1.277405821054253612e-02,-7.792385938179431648e-02,-1.535415856694067639e-02,-7.617217886512242866e-03,-7.751015331444617573e-02,-4.039261591775177192e-03,1.622224930884549584e-03,-5.280187425313555977e-02,1.744183409003912527e-02,-4.657676298354197601e-03,-4.963650388878549508e-02,-3.914161807252221001e-03,-3.536106534195322757e-03,-2.721922141175013923e-02,-4.948538804321795520e-02,-5.257438402607478994e-02,-1.300900742691294548e-02,-5.590569847736099468e-02,-7.306133323090653435e-03,-4.760652799314202266e-02,5.573466936030523067e-03,2.237510700911826342e-02,-9.505801375877455384e-02,7.014075607754383102e-02,7.643658315076126697e-02,8.407808937672105187e-02,4.940931828419085209e-02,9.088208901500294257e-02,1.650748078971141231e-01,1.177196631438108404e-01,1.882423755858712577e-01,2.077392677868625803e-01,4.650041598397420262e-01,4.377624156936002486e-01,3.691694661533017063e-01,1.000000000000000000e+00,2.303120764836940337e-01,-8.043866639763133652e-02,2.410075013833325175e-01,1.619856338249656968e-01,1.594762062239440670e-01,5.517645739929910587e-02,1.337974086720078726e-01,6.690017850499507812e-02,1.647585827084965537e-01,-3.529859559839450180e-03,3.121459105521090516e-02,-2.553971754309939182e-02,-3.804554169614723230e-02,5.827063993608295328e-02,9.010778291566998166e-02,6.354741313675155157e-02,7.496491993106700613e-02,7.268432380528652703e-02
2.389504504878310967e-02,2.979125118892306245e-02,1.455437754361689311e-02,2.625612627303582081e-02,1.581402628566245389e-02,1.793420040215880362e-02,-3.358850811796776359e-02,3.235590694245881610e-02,-7.817193726918799518e-03,3.844773737265037850e-02,-2.972099509285055716e-02,-4.602258681534484794e-03,1.297084701915800740e-02,3.972711771320058816e-02,-1.918980942158499819e-02,4.262184732301360635e-02,1.102079225730284370e-02,1.845667040084785979e-02,-2.076550393869505684e-02,8.907836602133102633e-03,-2.479307519338867435e-02,9.957175900292545775e-03,-1.527290845105069156e-02,-1.295207088490369154e-02,-5.511410858102365473e-02,-3.929845233742055438e-02,-8.460741011276588786e-02,-9.868641618433857121e-02,-2.310845622443513311e-02,-8.789051265234107402e-02,-8.225154215627471233e-02,-1.799757845567026907e-02,-6.848866278962542631e-02,-7.125870527810171384e-02,-1.180570894162437552e-02,-6.800440752139773337e-02,-8.142468433058364097e-02,-5.122510520592984777e-03,-5.100027631974573400e-02,-4.903025801089812286e-02,1.973928631454602289e-02,-1.694180178309261792e-02,-5.800389736679412850e-02,-1.789434554804323479e-02,-4.156255856601203530e-02,-6.761682303554035489e-02,-1.735721495513250709e-02,-7.626307629435462310e-02,-5.686567598535518381e-02,-4.377729932588434597e-02,-1.007320126462389470e-01,-5.887210075502729428e-02,-6.101769829796967887e-02,-1.006554916034136105e-01,-5.358621915214864528e-02,-8.065920107420083973e-02,-1.400152111700797286e-01,-7.202408333456988832e-02,-1.188518471791787517e-01,-1.102678874086673866e-01,-4.030860961279449789e-02,-1.168693535691050778e-01,-2.218736494732772083e-02,-2.045977614669120329e-02,-4.206609016921165900e-02,-8.477869947829952402e-03,-2.297498047010109595e-02,1.583095268013431575e-02,-1.727902480347473166e-02,3.752985083358813950e-02,4.253611512664565164e-02,5.133969132753458259e-02,5.559414628074884485e-02,7.488084857149381046e-02,1.274764251578504870e-01,1.240304061842624900e-01,1.510602802750481699e-01,1.889218809679133471e-01,3.335948341311167353e-01,4.378594469735704320e-01,4.309606163986752780e-01,2.303120764836940337e-01,1.000000000000000000e+00,3.265991690638077594e-01,1.840499932249633763e-01,1.441286567053702283e-01,1.524505776198759877e-01,7.285256276625549920e-02,1.297651415467582225e-01,9.811836251942833431e-02,3.817980834273234508e-02,-8.336991795629918045e-02,9.072291304053037297e-02,2.618852895617273385e-02,-5.043133381909586932e-02,-1.034992769120507972e-01,-4.064992477464124399e-02,-5.315637281523855062e-02,-3.408267862420506777e-02,9.011193362527845224e-03
6.367056909310926660e-02,5.387087090961082542e-02,2.661536316179791140e-02,5.865756918742121018e-02,4.912498225090402432e-02,2.213940924158038642e-02,4.063225127298819572e-02,3.591220471243684875e-02,3.149451108652605302e-02,3.879928489045665618e-02,4.602888585000646654e-02,5.223997844001117968e-02,-5.671370546734780943e-03,3.368622688507628016e-03,-2.467651626181114125e-02,5.538674583438813609e-02,-1.945998789877086826e-02,-2.568657905458932716e-02,-9.053565725512920104e-02,-7.065073230594891285e-02,-6.012468655680432844e-02,-6.536070769285001747e-02,-6.978242364601894288e-02,-2.977632256477529687e-02,-4.146156572816346586e-02,-8.079324936454307382e-02,-5.230510737206425093e-02,-7.526824467874249081e-02,-2.982209041448974016e-02,-6.250762515924794538e-02,-6.475691566576631530e-02,-2.681282521147419079e-02,-7.924577497345909605e-02,-1.071666492814158378e-01,-5.310582569110404438e-02,-6.885317199417137490e-02,-1.113521455458634096e-01,-6.683253791687313039e-02,-7.133809443244674975e-02,-1.087516751642360058e-01,-7.405975233628779575e-02,-7.493974104909199851e-02,-1.011791701513066188e-01,-8.010672969428668522e-02,-7.845871219829429755e-02,-1.124497775837751679e-01,-8.291558046636192392e-02,-4.915015984186753284e-02,-6.357506117292646697e-02,-8.190605600240796758e-02,-3.957241948916933455e-02,-7.012099561890081101e-02,-8.965318464040615554e-02,-8.445268694056271008e-02,-9.986936846619118291e-02,-1.067598017377844183e-01,-1.243185701880038102e-01,-8.778945496386336700e-02,-7.527607761988935886e-02,-9.879594265272824416e-02,-5.644390766211272725e-02,-1.239982017137837289e-01,-3.832456139524813982e-02,-2.151711365574834542e-02,-6.985232407255086151e-02,-2.803096761452237434e-02,-3.063073889382136178e-02,-4.766260883230762080e-02,-2.048686587889449531e-02,-1.374405557774071446e-02,2.958493542905426404e-02,3.778443296156585446e-02,-4.894034269008983723e-02,4.567154545463072979e-02,-1.238067302749168951e-02,3.884193707528545061e-03,1.688963618046491685e-02,-6.418565924925492827e-02,-8.347694536971943594e-04,4.879740389349185997e-02,-1.329184361745575083e-01,-8.043866639763133652e-02,3.265991690638077594e-01,1.000000000000000000e+00,2.028592180902586140e-01,1.010971761056387273e-02,1.375248743870382540e-01,1.360790093097817288e-01,5.296676261166905625e-02,2.354963290806953019e-02,2.296553966180308812e-02,-6.687617854970390185e-02,-5.863007211266368923e-02,6.251566819737416902e-02,5.414835466445765133e-02,-1.602824764553775760e-01,-9.129657148786601839e-02,-1.302471849798053083e-01,-1.650290679379256831e-01,-5.189206161951599727e-02
1.779411937507218919e-02,-3.395834011184056117e-02,-4.685734773989147506e-02,3.100941371806054873e-04,-3.699107185656741459e-02,-5.389870123381691053e-02,-3.270610917739290302e-02,-2.902639749864273019e-02,-6.845207805565137194e-02,-3.642905927397720178e-02,2.364701847502669041e-03,-2.783367220061452874e-02,-4.919140498360844577e-02,-5.073971431649810376e-02,-6.751779158035331463e-02,-5.807487524400224005e-02,-5.172209272754980242e-02,-2.180398490047110935e-02,-7.846071114173508443e-02,-4.449931036960024650e-02,-6.657702632599357684e-02,-8.096375276947750943e-02,-1.884236892759179674e-02,-2.946779060018098889e-02,2.463318371350929625e-02,-5.241814102440216921e-02,-3.710442709320281585e-02,-2.400447140553264511e-02,-4.000761721304496588e-02,-5.946227679491398327e-02,-6.090447865937091004e-02,-5.035178124377160530e-02,-1.003801916450964560e-01,-6.409109833400383760e-02,-4.198727745480911738e-02,-1.294046606541168765e-01,-6.676413020978155810e-02,-5.576344374141972010e-02,-1.668316291749814273e-01,-7.649491631996079011e-02,-6.260295375924289363e-02,-1.547850690317860434e-01,-1.191403734236660128e-01,-4.886115984314390315e-02,-1.411047197893583460e-01,-1.059722229490620837e-01,-2.134099848493808960e-02,-1.068886159502404898e-01,-4.333538941313499343e-02,-1.745089228652408134e-02,-1.048233539132781139e-01,-1.628900991876793686e-02,-1.528720939332423728e-02,-7.830347875460198781e-02,3.237558934626812157e-02,-1.893893331453506794e-03,-6.847846373775741402e-02,3.318119163022333756e-02,-1.494793815331979178e-02,-4.895973106075485887e-02,-2.658006442194514596e-02,-6.412062230765613879e-02,4.490092704882262149e-03,-1.195892583806891117e-03,-6.775443915642667680e-02,8.142940639495017258e-03,-2.569136911109017735e-02,-4.409159469066333686e-02,2.371323674728568684e-02,-2.251058891197136452e-02,6.492378643138580624e-03,-1.472869143094126393e-02,-2.378182948191677470e-02,2.028964002095026004e-02,7.242481226678304518e-02,4.831041877734518902e-02,1.404368161611906363e-01,4.076917179135338722e-03,2.402906746750957945e-01,1.874853155876828326e-01,8.156168606308879243e-02,2.410075013833325175e-01,1.840499932249633763e-01,2.028592180902586140e-01,1.000000000000000000e+00,3.692861235171699397e-01,3.813245250778404261e-01,1.675243796516219796e-01,2.907190932987512855e-01,5.515812350329542951e-02,1.358238548409205215e-01,-3.338933385852108082e-02,-6.641821667072267399e-02,4.745133490788733949e-02,4.156754659247154093e-02,1.217685542201363963e-02,8.009509954847476854e-02,-2.155188602837177295e-02,5.625475434491310558e-03,7.402499415892484225e-02
1.840751805511242623e-02,-3.089708886505316762e-02,-5.559454565950641518e-03,1.754145108352363897e-02,-5.873362154124345258e-02,-7.926155349237298808e-02,-3.825279642039389888e-02,-2.738035168873338698e-02,-9.760125880010565858e-02,-7.291017519880230169e-02,-4.465480658324990498e-02,-6.001846096717527307e-02,-6.541750787406727663e-02,-2.685702215453920905e-02,-1.095510607949590209e-01,-7.741577300710385245e-02,-1.570561978084289781e-02,-4.231717602916801324e-02,-5.132735319190381840e-02,-2.800719146722520023e-02,-2.303200226042635690e-02,-7.023721433122358249e-02,1.534049689226181339e-03,3.202795495499841105e-02,1.929613399127041995e-02,-7.811562583436109514e-03,-5.289346177636398971e-02,-1.348457808206542617e-02,-9.215216380821562468e-04,-7.028931053408210561e-02,-4.736576012379102585e-02,-3.632784130360654229e-02,-1.006482497718906161e-01,-5.568666493198756035e-02,-3.481892380951844695e-02,-1.209260899621203006e-01,-9.206794208015883774e-02,-4.085440849861749629e-02,-1.385707036627830402e-01,-7.232512387961237410e-02,-2.607204091520783779e-02,-1.127957367739711864e-01,-8.810530040811129227e-02,-4.655591105207282365e-02,-9.964273018668040605e-02,-7.401669246159357785e-02,-3.004095696368807699e-03,-9.781160363522824197e-02,-3.418906056199163407e-02,-7.289867758202296308e-03,-1.078476119227602670e-01,-3.256094908003401289e-02,-1.571075521132413166e-02,-8.654381266807333051e-02,-7.076252851819083041e-03,-2.673156573071806472e-02,-1.099240215421485173e-01,-2.916422287762663809e-02,-6.852872315520366908e-02,-1.095864344327603518e-01,-1.625269665286451642e-02,-1.152946985911603023e-01,-1.449351651432510303e-02,-2.425400748900131617e-02,-4.749421378238552482e-02,-2.647608555269677019e-02,-3.877759040207728880e-02,-2.832741271790014531e-02,-3.478637349595797151e-02,-1.110695691946947394e-02,-6.225880279622273729e-03,1.696756754254048066e-02,-3.900647946360062722e-04,1.420286775147381123e-02,4.103512188789268378e-02,4.328918817330726365e-02,7.532135141581118576e-02,8.153109188988996725e-02,1.617254833798543734e-01,1.755009551469466078e-01,8.409756458606471030e-02,1.619856338249656968e-01,1.441286567053702283e-01,1.010971761056387273e-02,3.692861235171699397e-01,1.000000000000000000e+00,5.350354381611731602e-01,4.066458970109425586e-01,7.385942364296090856e-01,3.168212928538706175e-01,2.540233868736911926e-01,6.198096860652142076e-02,-9.027318354769817144e-03,-7.217643744499557812e-02,-6.230546325722385176e-02,1.203166742471610887e-02,1.232019675212258497e-01,1.073085281592729874e-02,5.733777628761473240e-03,1.002188866358695446e-01
3.038908891626599523e-02,-4.391131202536844441e-03,2.776392176313797686e-03,1.364347190850436105e-02,-2.304373077247227897e-02,-6.628637181831008307e-02,-2.892843640076644615e-02,-2.239486231245998299e-02,-8.470593928542625994e-02,-3.353019946765160852e-02,-2.139958682799325898e-02,-4.345024296464635588e-02,-5.707556527566251536e-02,-5.399405493879454176e-02,-7.638247711206576362e-02,-4.154080286547914141e-02,-2.515082784511764313e-02,-3.112704030015004883e-02,-3.845503188528500652e-03,1.293541147743783835e-02,-1.674670922746703677e-02,-2.437992718781593904e-02,4.169658305446118096e-02,2.963384279402469720e-02,3.812860892944456431e-02,-2.723422237334592599e-02,-3.913403165611968604e-02,7.933057442325432227e-04,2.712250398173112354e-03,-5.844016181823810663e-02,-2.550532636551540444e-02,-2.376527251275295516e-02,-7.909634555643618725e-02,-3.123056823279207056e-02,-3.198614984409358514e-02,-1.079007589332758449e-01,-6.136102580041408877e-02,-3.387277850475253760e-02,-1.092470058570634145e-01,-4.981678197587275508e-02,-3.710892252893408655e-02,-1.184644409789530894e-01,-1.109458513403562135e-01,-4.522966241445879748e-02,-1.010135057446791967e-01,-1.018368177379983114e-01,-2.520628829537321577e-02,-8.673946993228795477e-02,-6.574969726815628468e-02,-2.238109521110811032e-02,-8.828755815559230502e-02,-4.432277081337657881e-02,-2.458321105811320240e-02,-8.511712818368624700e-02,-2.645254108900184364e-02,-2.407582422484546431e-02,-8.791293298899777175e-02,-2.319903852245605233e-02,-6.125337146370484626e-02,-6.567173152493774313e-02,1.885434816539084679e-02,-6.951102240671756805e-02,-5.602070614412660299e-03,-1.708246447942210477e-02,-3.732111881814290794e-02,-8.237007072673684094e-03,-1.938415243726513901e-02,-1.639469044830757852e-02,-1.584678181997428367e-02,1.327716563825463714e-02,1.741125990479920269e-02,4.312924979955667232e-02,8.351512378330762723e-03,5.910422507124096780e-02,4.449847850778756303e-02,6.072044506873872788e-02,7.695494527683878483e-02,4.845120503411624868e-02,1.457377889676978733e-01,1.798097707651575561e-01,8.568372769292913194e-02,1.594762062239440670e-01,1.524505776198759877e-01,1.375248743870382540e-01,3.813245250778404261e-01,5.350354381611731602e-01,1.000000000000000000e+00,4.885908572757169943e-01,4.821786927656397936e-01,7.022887586939211002e-02,2.945507519684942843e-01,-4.822650577584206531e-03,-7.406126451754044271e-02,7.099340878198868651e-03,3.069521611016582871e-02,-2.095927481419396568e-02,1.072636816979489344e-01,-1.390239040160204560e-02,-3.382594143235504672e-03,7.513931919349166322e-02
2.811640583764044368e-02,-4.566251152756590354e-02,-2.826575942604469052e-02,3.368335213222085900e-02,-7.115295946321195664e-02,-9.511302135986625383e-02,-5.771424115989828851e-02,-4.428157265931535053e-02,-1.077015751604876725e-01,-7.279831403383341115e-02,-3.074252344052979397e-02,-1.037046644125181050e-01,-5.970290661033802321e-02,-6.117104606254251953e-02,-7.165986070380994666e-02,-6.101089162153518208e-02,-3.728252374465254593e-02,-2.674153138039797248e-02,2.053376793087235974e-02,2.771686825271309565e-02,1.803108527521083901e-02,3.685460580426392491e-02,5.971166409023565859e-03,2.296842279502159939e-02,1.785430716311442803e-02,-1.897267083123811010e-02,2.540557694927799565e-02,7.207699750379609714e-03,-5.605100283971529681e-04,3.030906167988828455e-03,-2.156918305286920426e-02,-1.268804341936191800e-02,-9.965430288243030954e-03,-3.597927641727515641e-02,-2.733134159257782567e-02,-2.471062022460340790e-02,-6.062474441034013811e-02,-5.127433832556869270e-02,-2.783984722479974916e-02,-4.211658431103151162e-02,-6.612097487591764300e-02,-6.268848433872252490e-02,-7.674269783699991243e-02,-5.587249730508690726e-02,-9.059701213592193103e-02,-9.884417435762463122e-02,-4.267756096752396699e-02,-7.249144819504159398e-02,-4.053180922918057233e-02,-3.921741009919976068e-02,-6.547504941226058028e-02,-4.179652158609858947e-02,-4.590358871673860808e-02,-7.145553586651845479e-02,-5.627751212997091773e-02,-5.345828234186826566e-02,-9.222630310281196286e-02,-5.224233113307837767e-02,-3.424972204261478304e-02,-7.660357648270921249e-02,3.113597040869938251e-04,-7.188143250943473950e-02,7.422028975570689989e-03,-1.004893008002563301e-02,-1.194706470676220461e-02,-1.751165996612190703e-02,-2.114328873752479090e-02,-1.369389080749518726e-02,-3.604497347211470942e-02,4.881014635279081436e-03,2.133811156249068586e-02,2.405507785707968610e-02,-8.218246399367737029e-03,4.553756157983335218e-02,3.334450636648538663e-02,4.364208358569665602e-02,5.703827528043356465e-02,4.133177579867156753e-02,9.025606688627768603e-02,1.186776443587564539e-01,-7.297373116107659305e-03,5.517645739929910587e-02,7.285256276625549920e-02,1.360790093097817288e-01,1.675243796516219796e-01,4.066458970109425586e-01,4.885908572757169943e-01,1.000000000000000000e+00,2.397587887970916709e-01,-7.007933895444694306e-02,4.847560180327682017e-02,-8.135794982999154656e-02,4.960550340526372753e-02,-4.624398069965524743e-02,-9.797846330868778542e-02,-1.895729744674880604e-02,9.927183011000899338e-02,-3.672214755379388240e-02,-2.777104555004619377e-02,5.309822479057098310e-02
3.288287290822976359e-03,-2.592220472147500551e-02,-1.864556362291267325e-02,-6.383412950440879412e-03,-3.405767739138202549e-02,-4.336634950898042573e-02,4.741719925530239396e-03,-9.214793559223147593e-03,-4.139947342989667295e-02,-5.062692620592154635e-02,-4.210510871676626660e-02,-1.901357489078573521e-02,-8.072839631731308641e-02,-1.668040836311903558e-02,-9.859804831513394041e-02,-6.346442462950889485e-02,1.403282186908969172e-02,-3.414117511226833629e-02,-4.344818048622603457e-02,-4.703450265471070119e-02,-1.413154257135527253e-02,-6.937954185106073868e-02,-2.724438923338209570e-02,1.553772754371096805e-02,2.162374173159930038e-02,-3.794053829783075506e-03,-4.447525250751212245e-02,-1.237596608667829515e-02,5.218201779370997863e-03,-5.446212143830448521e-02,-2.992808657364452382e-02,-2.723870460643186553e-02,-7.968536465841885574e-02,-3.677271454119401817e-02,-1.887019716965364011e-02,-1.149805339779920166e-01,-6.743260181025420574e-02,-1.796197442106529582e-02,-1.410644547601168641e-01,-5.449349713999664807e-02,-6.045546447737284480e-03,-1.113305751422106749e-01,-7.384239982214896303e-02,-4.276782609171362465e-02,-8.304632914283553713e-02,-5.477421852080160275e-02,8.448617172006712972e-03,-9.263646636395506118e-02,-2.726584579772274239e-02,5.219545171780533288e-03,-1.024312948349524882e-01,-1.370948409463101057e-02,7.200224957086115082e-03,-7.525320405042654204e-02,2.994006556467033661e-02,9.584622447508942336e-03,-7.655143295779785750e-02,9.792930281881480001e-03,-4.740993091515095792e-02,-8.042898210234245004e-02,-2.638017665605302091e-03,-9.378722402612833797e-02,-2.588814819358685806e-02,-2.019041735613167667e-03,-5.209174951807878096e-02,-1.577300388691687053e-02,-8.787446364003227706e-03,2.506288286622052660e-03,-1.703612346071979242e-02,2.432536547791778678e-02,2.378996283541022494e-02,4.207349541537232229e-02,2.875519714487655837e-02,2.546999390382113579e-02,5.202279839290347568e-02,4.255951758394900530e-02,8.313525989597601862e-02,6.380408425941816453e-02,1.547527273082366372e-01,1.493194198402934270e-01,1.096869920201049009e-01,1.337974086720078726e-01,1.297651415467582225e-01,5.296676261166905625e-02,2.907190932987512855e-01,7.385942364296090856e-01,4.821786927656397936e-01,2.397587887970916709e-01,1.000000000000000000e+00,5.456192163560508179e-01,4.953912166920521609e-01,1.490664282605380919e-01,-3.221001781072078268e-02,-4.336115300765352315e-02,1.761477375382517613e-02,5.177517935062141835e-03,8.936007769749512719e-02,-3.705100841348599964e-03,-4.499050148062338356e-02,6.376629981068436537e-02
-1.667613016604603537e-02,-1.728857498104533624e-02,-5.542508498527276561e-02,-1.120917947790925351e-02,-2.489963006081294394e-02,3.863715631431329650e-02,-2.626853028405491328e-02,5.512432462245800066e-03,2.695160434397516139e-02,3.188568825392290237e-03,-6.892036877349325130e-02,1.369437512778844644e-02,-4.212241391077941460e-02,9.060919755929362773e-02,-4.599812413098749303e-02,-4.847783617483221279e-03,8.995658716345134032e-02,-6.853302465897042652e-03,7.622980945494830553e-03,-4.211859357024586720e-02,2.948872682245478813e-03,-1.332924629869883422e-02,-2.585253436766333721e-02,-1.521935331658058090e-02,4.707347467526070556e-03,8.973777744689645508e-03,-4.267999231781891001e-02,2.408724364539325483e-03,1.528321967045152309e-03,-3.119010180255143982e-02,-1.678353435705693189e-02,1.782168004636590797e-03,-4.612408219332795462e-02,-2.374627209095775751e-02,4.030096564831684401e-03,-4.978282749686874925e-02,-1.040230642075127589e-02,4.770562046665781375e-02,-4.858737635810977951e-02,-1.529921665951082749e-03,6.021716008667343800e-02,-1.213992375980790100e-02,-4.846723501888637251e-03,3.353027393083556074e-02,3.798520712930183747e-03,2.199657906422724032e-02,7.631857377342407545e-02,-1.321424514005676600e-02,3.585152697695247193e-02,7.217418516557906616e-02,-2.037735639523458736e-02,4.311801894198194485e-02,6.598284507783092057e-02,3.903679432194134824e-03,6.463006540830804059e-02,6.292172608575904991e-02,4.487878154143716287e-04,3.307347752268140206e-02,6.793516321624636957e-03,-5.793349446112257099e-03,3.390154077380454906e-02,-1.168460752903388578e-02,1.718698035196995072e-02,1.715652296815118813e-02,7.710562585706851740e-03,7.845924031340602636e-03,-1.287201093597721037e-02,5.177517285411325360e-02,-1.150712719721986958e-02,4.021292119186135883e-02,5.334917406728634931e-03,5.430360329608640430e-02,4.828878073907139773e-02,1.771436210492554524e-03,3.968192006051942528e-02,3.947656025942111215e-03,1.420812392774714085e-02,3.536305155348307139e-02,7.761902094528295992e-02,5.720220461771216569e-02,4.841026192197675493e-02,6.690017850499507812e-02,9.811836251942833431e-02,2.354963290806953019e-02,5.515812350329542951e-02,3.168212928538706175e-01,7.022887586939211002e-02,-7.007933895444694306e-02,5.456192163560508179e-01,1.000000000000000000e+00,4.595705543554966521e-01,4.227884964165941617e-01,6.415287786764349576e-02,-7.093123309821675049e-02,7.352313092843104636e-02,1.579611058264243639e-01,6.898951086613923367e-02,5.612633360246650771e-02,1.253407093564535592e-02,-1.403096000769609364e-03
-1.525945849213095756e-02,-5.168628283187778893e-02,-6.303256516107123841e-02,-4.501840412215763615e-02,-4.167237231233663491e-02,-2.021271541000762076e-02,-1.711023030416232438e-02,-3.626046683919125629e-02,5.514768154044826128e-03,-2.073197339407850323e-02,-3.504931577357146139e-02,9.273118950701595906e-03,-5.618725275095883681e-02,2.794633485968898989e-02,-5.132235023954968833e-02,-2.857730462351023085e-02,4.244400859647350088e-02,-3.968665603360067851e-02,-1.052846113472001750e-02,-6.202347540694731765e-02,-2.180407362551944547e-02,-3.942234222815949041e-02,-3.907979678365211540e-02,-3.124086106374417485e-02,3.803631213583641034e-04,-2.038518652657940119e-02,-2.745725830235680107e-02,2.153506139285801119e-02,-2.948126287296286632e-02,-2.398060316633691263e-02,2.293902514370674967e-02,-4.048794919707496970e-02,-1.874667917695533106e-02,3.859315187357674481e-02,-1.572942350237084563e-02,-4.271063334151582735e-02,2.513247626885203520e-02,2.989712396862107685e-02,-5.890560016274506983e-02,3.503365611356208664e-02,4.947311840140344863e-02,-5.846933470585670423e-02,5.197318881842247912e-04,4.476786700591588175e-02,-3.638616926654590633e-02,2.599775440083612610e-02,5.805677031402266264e-02,-3.259886752983757324e-02,4.443016603304052875e-02,5.230145343504694067e-02,-2.614312914658563358e-02,5.963129780097155275e-02,6.665119636401317660e-02,1.565292282206993957e-02,8.115008079251088968e-02,7.051824932481275121e-02,3.255736819089490031e-02,4.675928262445831762e-02,2.683601604048040101e-02,3.311135605457309061e-02,5.518492701247430798e-02,4.718539700873759964e-03,5.457214241762579215e-02,2.556973646449615944e-02,5.428705932929606126e-02,2.147602851247702380e-02,5.068050827880052345e-02,5.400068989407584563e-02,-2.216264660150227619e-02,7.847069703439238375e-02,3.789577151362173019e-02,6.352234680311198700e-02,6.703965002181785926e-02,4.030537168262727371e-02,5.981285197614015503e-02,9.526645091162921908e-02,7.414152096266270198e-02,7.749482641600619059e-02,1.363268290616437839e-01,8.701191813629857719e-02,9.793417906678877904e-02,1.647585827084965537e-01,3.817980834273234508e-02,2.296553966180308812e-02,1.358238548409205215e-01,2.540233868736911926e-01,2.945507519684942843e-01,4.847560180327682017e-02,4.953912166920521609e-01,4.595705543554966521e-01,1.000000000000000000e+00,2.433591871766615233e-01,-4.432953078030466704e-02,6.055733861239669114e-02,1.315285292330141131e-01,1.497665644193033885e-01,6.643701293882552095e-02,5.330698569657188468e-02,7.593504447300947202e-02,7.091735076307519037e-02
6.224394181275737757e-03,-4.141236421940661626e-03,-2.764384951212367839e-02,-1.231202620892684306e-02,-1.170809278186024822e-02,2.506032468557189280e-02,1.493132692318929061e-02,1.184008600732605436e-02,2.656710651548358990e-02,3.665133227707314915e-03,-1.710798215526970062e-02,4.579511577102412384e-02,-2.295449430400602064e-02,6.408969423480762040e-02,-3.311544204587408419e-02,-7.879746856379928749e-03,6.590739286145623488e-02,-1.539991568821225294e-02,7.600957379402487057e-02,6.279477095399160248e-03,2.289153624207912463e-02,8.655089112271585616e-02,-1.091025405273633037e-03,5.076134187953491167e-02,1.062862128455864703e-02,5.039898356569656040e-02,4.859539853305497314e-02,5.832334944262734105e-02,4.717023802746224403e-02,6.743225248327870680e-02,7.211670957318490338e-02,7.428917793203362874e-02,8.074905937649214105e-02,7.228645433047585500e-02,8.920003239040107113e-02,5.753305042594211022e-02,6.888125472373722580e-02,9.178386760642102959e-02,3.990477290898353235e-02,7.295070753639096295e-02,1.069096107337764723e-01,1.404110986281811510e-02,7.854288050394857279e-02,1.071667225953254199e-01,1.730903576205163746e-02,6.847355200940530295e-02,7.106848295365136847e-02,-9.806384069371546289e-03,5.972945264225727746e-02,6.246316568580779355e-02,4.143590571171144182e-03,6.003643749666784379e-02,3.227320079113810830e-02,5.075447625780804550e-02,8.068558536565220707e-02,3.032512038485521769e-02,9.611781928844503886e-02,5.949137409942932553e-02,-1.121691359401469877e-02,9.279916882390369659e-02,5.226962014738853468e-02,6.745363151253443157e-02,6.855261844995759468e-02,7.339290493886443945e-02,5.907932021364082492e-02,2.342102682069191477e-02,9.321491381435006301e-03,4.621481095461513200e-02,-1.625997853190729340e-03,2.641600653274858365e-02,-1.350187961541600944e-02,6.465782733007186846e-03,-6.853987075331799579e-03,-4.836713653399773299e-02,-8.821672833229085575e-02,-8.232142132263753354e-02,-1.288260590643628967e-01,-6.215967716536633519e-02,-4.155226448156658370e-02,-9.947750722332994455e-02,-3.130780319912743193e-02,-3.529859559839450180e-03,-8.336991795629918045e-02,-6.687617854970390185e-02,-3.338933385852108082e-02,6.198096860652142076e-02,-4.822650577584206531e-03,-8.135794982999154656e-02,1.490664282605380919e-01,4.227884964165941617e-01,2.433591871766615233e-01,1.000000000000000000e+00,2.478581451199261820e-01,1.353753795084548101e-02,3.374693255314510365e-01,4.857669192865971541e-01,8.008694710055856703e-02,1.279590414939014709e-01,9.833765061177864031e-02,8.672703543434944970e-03
1.244782029500057612e-02,3.946806994410207575e-02,2.055863694888956927e-02,-1.509756688021577330e-02,5.986579552512041186e-02,1.797907732269631020e-02,2.684260048351368513e-02,3.755755185514851602e-02,1.019386708056518702e-02,-7.779131297461352318e-03,2.381054347373216806e-02,4.616006748402274804e-03,2.047795762943365253e-02,2.386220365577273322e-02,-1.441799011198759833e-02,-3.669585629678063111e-03,2.080113920192404667e-02,1.880788443474041421e-02,8.118759811053052888e-02,5.156215721787098943e-02,6.964987719659390675e-02,5.881873039930627517e-02,2.275658222389687416e-02,3.209787638119690478e-02,-2.037783235358081591e-02,3.636228669454768386e-02,-1.024458563754567821e-02,-7.644006846467189809e-03,1.429710190614667115e-02,-4.777480036898779786e-02,-4.414582813450481681e-03,2.702727527618574779e-02,-4.374040883827857995e-02,-1.663940049044371206e-02,4.771892321466564973e-02,-2.180254480244418064e-02,1.004637297535174948e-03,5.938789044304233766e-02,-8.559674363606968941e-03,2.131326047567902796e-02,6.988915908828589874e-02,3.257962409521810571e-02,3.995965545449209344e-02,5.045957684215424122e-02,3.668272403356114680e-02,3.738563121807404743e-02,2.122736492325511329e-02,7.230811362923978379e-03,3.587897374568005567e-03,1.901617265911459062e-03,-8.751654828406415718e-03,6.024115375501935560e-04,-1.487799164895350218e-02,1.880453718327532858e-02,2.020975117700623061e-02,-6.619425702198157221e-03,4.784030979347553975e-02,2.259976815396229702e-02,-4.627457357665482052e-03,2.190294236342385861e-02,1.975778151161269175e-02,2.597754461612420546e-02,8.805162366253126843e-03,3.952830422836575014e-02,4.886377793659700541e-02,-5.463201203821805294e-05,2.235792528267890530e-02,2.977541775461806529e-03,-2.701585677903566365e-02,-1.531730487397323093e-02,-1.430172639642361514e-02,-4.484698924121477415e-02,-1.410303349790869264e-02,-3.869017578139984093e-02,-5.136625790713114648e-02,-6.975780763373297388e-02,-1.220008367090099771e-01,-1.351983362981408303e-02,-4.349393468331057971e-02,-1.868887192245343234e-02,1.440442410691990076e-02,3.121459105521090516e-02,9.072291304053037297e-02,-5.863007211266368923e-02,-6.641821667072267399e-02,-9.027318354769817144e-03,-7.406126451754044271e-02,4.960550340526372753e-02,-3.221001781072078268e-02,6.415287786764349576e-02,-4.432953078030466704e-02,2.478581451199261820e-01,1.000000000000000000e+00,1.728722901888724295e-01,-2.259293378202523184e-01,2.126330819940948913e-01,3.446123653540468790e-01,-1.326433593513309285e-02,6.614876262430367804e-02,1.658941587035620002e-01
5.251261117259251043e-02,4.543465085380160584e-02,7.215390297464330249e-02,2.690228891431821825e-02,5.470460533493008703e-02,-3.928689088751075031e-02,7.082211605015768796e-02,1.822140763917283815e-02,-1.185445184098293803e-02,-3.426854015604365034e-02,-1.155311877761580966e-02,-4.835897474226229231e-02,5.808638930353751152e-03,1.200555497788255606e-02,3.033268634601786126e-02,3.259494523525179738e-02,2.417365767560153422e-02,5.504390176591625328e-02,-1.654482074512884015e-03,1.366646265295005588e-02,3.178956018269959993e-02,-3.764005485483680989e-03,2.704477548673062809e-02,3.445870804212029098e-02,3.265095603229351690e-02,-2.645888534983243529e-02,2.243682320136411619e-03,-1.399048139948795566e-02,-2.264031888485996610e-02,-1.256322628961846662e-02,-3.579391279972864246e-03,-2.144543424084417380e-02,-1.672825872814973774e-02,1.809007582862825689e-02,1.512645853842958278e-02,1.744784602554496841e-02,4.124038762564367910e-02,3.217096065186089427e-05,2.420604546255807760e-02,5.436662002000375998e-02,1.092906978136236502e-02,8.260082970490511059e-03,5.158349401592873806e-02,4.883450099295896102e-02,2.709662516165372778e-02,5.235571674371076317e-02,3.000378994229600457e-02,-6.234653601667658127e-03,3.566523628280860586e-02,2.680964483890556013e-02,9.968758549472265737e-03,5.233105991378882854e-02,3.286620582489467590e-02,4.405211479712614620e-02,5.790319169628301704e-02,1.259594908487660439e-02,5.410821078702620496e-02,7.654736311602915177e-02,6.438737093534130243e-04,9.053659258934648735e-02,3.945172945072365767e-02,8.138702784778333033e-02,2.357746689930647829e-02,7.944238086885717365e-02,2.480360196337114825e-02,7.909212961221344373e-02,5.624887302188709415e-02,4.529934925063158757e-02,6.432620261577291776e-02,2.597235067146293208e-02,3.683906500958820940e-02,2.852285327824874081e-02,1.096883504584995894e-02,-2.647898257996198499e-04,-3.009330739967143800e-02,-9.599273590892531266e-03,2.179114595427343939e-03,-6.004932090933449984e-02,2.975988784638586293e-02,-2.589677404089111429e-02,3.208316159882208113e-02,-2.553971754309939182e-02,2.618852895617273385e-02,6.251566819737416902e-02,4.745133490788733949e-02,-7.217643744499557812e-02,7.099340878198868651e-03,-4.624398069965524743e-02,-4.336115300765352315e-02,-7.093123309821675049e-02,6.055733861239669114e-02,1.353753795084548101e-02,1.728722901888724295e-01,1.000000000000000000e+00,3.571147811034384723e-01,-1.398374798781917561e-01,-2.998086888465785749e-01,-4.637650174753902843e-01,-1.510423392858753211e-01,-1.905371057750501751e-01
1.477581460915034124e-02,1.675381335323889928e-02,3.440325644261949672e-02,2.032836088449895690e-02,1.918494018630863621e-02,2.203308320981728699e-02,6.794110867669192477e-02,1.603745351477499012e-02,6.036108929565101033e-02,4.504285145269307927e-02,3.981037535535397048e-03,5.922399301376147368e-02,9.533895792643571135e-03,3.487322364614329345e-02,-1.495461089297749589e-02,2.887419329653551081e-02,7.234747821235354599e-03,9.405464376470508078e-03,-1.334999893758292977e-02,-3.788244852385264094e-02,-2.787634631832798526e-02,1.366374845623917651e-02,-2.992828937274029030e-02,-5.821646556755104458e-03,8.142994413838564732e-03,-2.718491108648558863e-02,2.444937162981303258e-02,4.694626033854872038e-02,1.953482975732070276e-02,5.766748123580518054e-02,5.669204434213375582e-02,2.996555150604813395e-02,5.746867488609727626e-02,7.210944835624667759e-02,4.296354413562636365e-02,5.039462788870482240e-02,8.368375746940288906e-02,3.019249510892307170e-02,3.287856424929685994e-02,6.842627230460392174e-02,1.991854889287918845e-02,-2.724283802102979435e-02,2.089606696757678739e-02,2.744190175960839473e-02,-2.159533946305388502e-02,-2.317942440556343062e-03,4.575681238670072787e-02,-2.527267589452489999e-02,2.470458065192849065e-02,4.974041274410232610e-02,-1.295683234827549844e-02,5.092316114237933899e-02,4.557689410356283166e-02,8.448094769825930175e-03,7.053484774774944344e-02,2.171833440094049494e-02,2.329339283969993069e-02,6.348137980396029167e-02,-1.777742753667902950e-02,6.606998483996721905e-02,3.283195001598714080e-02,4.734066937792687918e-02,4.749997401695998239e-03,2.954900042690441347e-02,1.327334941030797189e-02,5.759739644951364368e-02,4.225606895577469629e-02,5.247677356375037017e-02,5.828796902071247538e-02,4.330276210859306668e-02,-1.210167681437483971e-03,4.244606664956065978e-02,1.849552107058737363e-02,-1.934173642063736348e-02,-5.275724417688493206e-02,-3.425426465846230506e-02,-1.813307279566135979e-02,-8.309895791047092195e-02,3.308535609968173141e-02,-3.935061427418894836e-02,-3.435683160608795500e-02,-3.804554169614723230e-02,-5.043133381909586932e-02,5.414835466445765133e-02,4.156754659247154093e-02,-6.230546325722385176e-02,3.069521611016582871e-02,-9.797846330868778542e-02,1.761477375382517613e-02,7.352313092843104636e-02,1.315285292330141131e-01,3.374693255314510365e-01,-2.259293378202523184e-01,3.571147811034384723e-01,1.000000000000000000e+00,9.557644946337542913e-02,-4.122134736053273407e-01,-9.569641564965543357e-02,-1.225992344946914697e-01,-3.057646421384702662e-01
-1.705484783359319939e-02,-1.933770304420820429e-02,-3.166034487518790824e-02,-3.575536086900409777e-02,-2.667444458765655738e-02,5.656044971565913487e-02,6.215216378664023718e-03,-1.239934707897282634e-02,4.607710678012349320e-02,3.817990750424599122e-02,2.472227808405883312e-02,7.934622878152831904e-02,3.539003750943055943e-02,6.040072868463790962e-02,-2.145224775762013050e-02,7.548549362803268215e-03,3.164516008409461872e-02,-1.852315864120320996e-02,4.073342445658455907e-02,-3.318702899528516975e-03,-2.678464369362542480e-02,2.572427814393250800e-02,1.797003328798266750e-03,-2.110373467921819457e-02,-1.217223219095062668e-02,4.500444714393648377e-02,1.283046479656101222e-03,7.847974918138871103e-02,2.862907408076576996e-02,1.797352319976260396e-02,9.263365065708586976e-02,4.535495196492171643e-02,3.752420843609643314e-02,8.495447497111852098e-02,4.717677100291186448e-02,1.499205299580858367e-02,8.518704535339602368e-02,5.876646445528101864e-02,3.492200000949391599e-04,7.471857964474533376e-02,4.851355073961229059e-02,-1.976764199472888159e-02,3.778659769208608105e-02,7.830107885841730564e-02,-3.016907812207346093e-02,5.114506061648629864e-02,4.120503062237007574e-02,-2.622568138344087002e-02,4.870498563529284536e-02,2.224106655807814997e-02,-3.791723413329343290e-02,3.149600424125508641e-02,-4.504427871900976740e-04,1.183306259117235769e-02,5.418001301419485272e-02,3.186229652413865437e-02,5.426830026630879988e-02,3.766230088492890371e-02,9.563703940360100339e-03,5.797791168649948923e-02,5.285620060086022864e-02,7.524836523877713457e-02,5.409653654543653684e-02,7.737756333874423742e-02,9.318308930783109068e-02,1.049725506653075534e-02,3.725516743988980389e-02,4.123027060405723421e-02,-2.889827982632939274e-02,2.273028310627369167e-02,-3.279933990691707296e-02,-3.898175953625394874e-02,4.584412548021484651e-02,-6.671639917006824683e-02,-5.979964919812482543e-02,-4.744478966626136662e-02,-9.712895876669139228e-02,-1.742763785913915495e-02,-5.865045699653509415e-02,-7.086657850147509707e-02,-3.341541150658594583e-02,5.827063993608295328e-02,-1.034992769120507972e-01,-1.602824764553775760e-01,1.217685542201363963e-02,1.203166742471610887e-02,-2.095927481419396568e-02,-1.895729744674880604e-02,5.177517935062141835e-03,1.579611058264243639e-01,1.497665644193033885e-01,4.857669192865971541e-01,2.126330819940948913e-01,-1.398374798781917561e-01,9.557644946337542913e-02,1.000000000000000000e+00,4.059033865863747592e-01,5.019495804451566956e-01,3.292892222368760113e-01,1.716251096917804364e-01
-7.951052643671010708e-03,1.060959681916110245e-02,-1.497523354264158023e-02,-3.331772238411200709e-02,3.170170257703438382e-02,4.879811513614034507e-02,2.245917764274857689e-02,2.270467118557629657e-02,2.246329475971626036e-02,3.331748127834315010e-02,2.750432875191017451e-02,5.246596767501271463e-02,1.876917497894656228e-02,1.222392100213895265e-02,-1.700651723530372320e-02,1.276232241922035764e-02,1.111363222859118940e-02,-2.641409859512498792e-02,5.870163619873092903e-02,2.516897561166267505e-02,1.767292807942543939e-02,1.955125685310608527e-02,3.292019877265679045e-02,-1.638084295294829759e-03,-1.991405556013273181e-02,1.270744149701259935e-02,-4.419634984388345900e-02,1.789490983259451424e-03,-1.248731274120411239e-02,-5.987482795995160978e-02,-7.428823259816206073e-03,-2.327500357460572308e-02,-4.332990200819988175e-02,-3.214343973320246683e-02,-1.581970454245588617e-02,-4.341457299405829945e-02,-2.610271296826390669e-02,1.142200111131125295e-02,-6.493818142083940259e-02,-4.292607679623791639e-02,-4.187305415073644399e-02,-7.337791439986948716e-02,-6.575215780554644063e-02,-4.496791273274294148e-02,-7.565875347552009078e-02,-4.466626529117582317e-02,-5.513964145206393108e-02,-4.944828681955684702e-02,-3.537254457622536485e-02,-6.269863431164457435e-02,-5.631993270655663575e-02,-2.963279287114654187e-02,-4.832416680447187973e-02,-3.494735897523407880e-02,-9.023305187170786376e-03,-3.039859392280039405e-03,-2.411133868762114704e-02,-1.624034775033984454e-02,1.082239920039140997e-02,-1.467277032879167435e-02,1.459933696244529976e-02,1.457103611245040044e-02,1.272152095671615253e-02,1.298482570958643147e-02,4.519618451082426519e-02,-3.458014904391147615e-02,-8.419896762365777776e-03,-1.818745415364300330e-02,-5.631949510461182334e-02,-2.833250042732051235e-02,-3.076803568481806597e-02,-4.852889030659629510e-02,-1.108740386175779101e-02,-7.390250526057401750e-03,-8.036086299734318539e-03,2.019934957077965630e-03,-5.234647629529869117e-02,1.583207193631759949e-02,-2.396236727411232489e-02,-9.700091891545217088e-03,-1.108467485382609238e-02,9.010778291566998166e-02,-4.064992477464124399e-02,-9.129657148786601839e-02,8.009509954847476854e-02,1.232019675212258497e-01,1.072636816979489344e-01,9.927183011000899338e-02,8.936007769749512719e-02,6.898951086613923367e-02,6.643701293882552095e-02,8.008694710055856703e-02,3.446123653540468790e-01,-2.998086888465785749e-01,-4.122134736053273407e-01,4.059033865863747592e-01,1.000000000000000000e+00,3.847486505893955577e-01,2.457878172432841346e-01,4.228937997186963949e-01
-3.070012530259421529e-02,-2.627091740991594968e-02,-4.654539314114289339e-02,-3.054204959114841661e-02,-3.112918626457916380e-02,9.066571414585519739e-02,-1.767277357748360533e-02,-1.355767822676699590e-02,6.249567346396345258e-02,8.426342501798117501e-02,3.708649709414278683e-02,9.782296701247904236e-02,5.640019128097755602e-02,3.639157568824207684e-02,-3.916193445107363225e-02,2.326007975266072923e-03,-7.585040906015793130e-03,-4.009554364283384603e-02,2.298076928103642141e-02,1.895144790293283935e-02,-3.499330278175520614e-02,1.594735789281259350e-02,-8.209651346234933186e-03,-5.218309952492548864e-02,-3.458231093802765360e-02,3.130001274455036786e-02,4.103337873437501448e-03,5.953946822622262214e-02,1.098723968373972390e-02,4.010821581464346750e-04,4.888480319263779905e-02,2.345632045707754521e-02,3.602699690289389023e-02,3.832422489063242593e-02,2.076332759374044379e-02,3.766785955436162837e-03,3.327402031620955297e-02,4.283647978543560914e-02,-1.087638972850784626e-02,3.492669923585949715e-02,4.013614306895878919e-02,-1.251603709812087496e-02,2.509315005053749936e-02,4.381479554534457171e-02,-3.622892156582220580e-02,4.125906429266481407e-02,9.407503053596595263e-03,-2.291737065423554709e-02,3.109775029857014816e-02,-5.550187832708843548e-03,-2.527537706525974717e-02,1.610217419026238259e-02,-8.152938042755627363e-03,-6.281386142413481095e-03,2.896435031037912500e-02,1.589793074921049335e-02,2.065565502762781603e-03,5.925669015028634532e-04,-6.762106885701608776e-03,4.574843718675176973e-03,2.865186869651292073e-02,2.314130151610908209e-02,1.812644010674570663e-02,-1.783263590181618022e-02,1.542333309340594878e-02,-4.269035435428288755e-02,-2.316670504176101403e-02,-1.123767433300661145e-02,-6.039809984019491040e-02,-3.172087401323428479e-02,-4.744110506282869094e-02,-8.530733493829475989e-02,6.992947291913789265e-05,-2.285686585208791810e-02,1.564951012453193180e-02,1.507704074314434282e-02,-5.900890008777364554e-02,6.995465046504313611e-02,-5.865565980007830110e-02,-2.370100956452791605e-02,-1.085942805756628243e-02,6.354741313675155157e-02,-5.315637281523855062e-02,-1.302471849798053083e-01,-2.155188602837177295e-02,1.073085281592729874e-02,-1.390239040160204560e-02,-3.672214755379388240e-02,-3.705100841348599964e-03,5.612633360246650771e-02,5.330698569657188468e-02,1.279590414939014709e-01,-1.326433593513309285e-02,-4.637650174753902843e-01,-9.569641564965543357e-02,5.019495804451566956e-01,3.847486505893955577e-01,1.000000000000000000e+00,3.377143374094811468e-01,1.375827996768592965e-01
-1.251449574427607528e-02,-3.396124874928601396e-04,-1.639798818392857252e-02,-2.886163746000061647e-02,1.460177824476551443e-02,5.966062154928407357e-02,-1.056657099755096106e-02,4.487890553466706949e-03,3.467738410050678205e-02,4.210844449564290354e-02,2.952903049935691818e-02,6.332869746932283384e-02,4.663400305192691442e-02,2.396235127015852381e-02,3.413901427782998349e-02,-1.524485806534223642e-03,3.408162780010220994e-02,4.191093599253353091e-02,6.617724641982471179e-02,7.177953654714609721e-02,1.593787800193036119e-02,5.744512868285295976e-02,5.451142917969805518e-02,2.164168905281975072e-02,-1.578194024342332094e-02,3.158871778448482659e-02,-2.578814307181192741e-02,3.167317583670917203e-02,1.389923880571490578e-02,-3.846570102437229383e-02,3.523805439945246198e-02,3.431397581326366825e-02,-2.441810446351852515e-02,2.990672343236290553e-02,4.977921166782226653e-03,-2.748905122326590622e-02,2.491907675280269352e-02,1.099525428116866765e-02,-3.449672357297171865e-02,2.746631319074170283e-02,1.549412416992352465e-02,-2.755137491848672418e-02,2.792616727196671131e-02,5.050043826568142991e-02,-2.137824028708363439e-02,3.999992657545658331e-02,-1.313546595760494611e-03,3.636694389131191456e-03,2.506137091230727434e-02,9.789788421633412868e-03,8.128872493906169963e-03,1.338855778705328424e-02,1.128854140792922428e-02,1.993137229884624564e-02,3.007812572064402779e-02,1.761055012992635005e-02,4.999537011161866301e-02,2.239775188671657997e-03,2.952304967059630331e-02,8.271555399376395723e-02,7.197946861604999358e-02,8.071295112426815632e-02,9.172459506148750163e-02,6.751460298997098708e-02,9.786053164327386533e-02,4.102163462881828343e-02,4.921659413552864626e-02,4.507643050734732454e-02,1.215167342144255272e-02,3.872401771989716218e-02,4.917218347963886460e-02,2.959861874420743975e-03,7.152581738174122739e-02,2.698377879772248869e-02,7.260683764386263728e-02,7.971595441752901690e-02,1.246834384133438042e-02,1.133255965696347151e-01,2.358956835870912316e-02,2.920239192191008415e-02,5.011909732598420625e-02,7.496491993106700613e-02,-3.408267862420506777e-02,-1.650290679379256831e-01,5.625475434491310558e-03,5.733777628761473240e-03,-3.382594143235504672e-03,-2.777104555004619377e-02,-4.499050148062338356e-02,1.253407093564535592e-02,7.593504447300947202e-02,9.833765061177864031e-02,6.614876262430367804e-02,-1.510423392858753211e-01,-1.225992344946914697e-01,3.292892222368760113e-01,2.457878172432841346e-01,3.377143374094811468e-01,1.000000000000000000e+00,3.827569681103242805e-01
4.944234415755638943e-04,4.150775999827687433e-03,-1.889481742060382038e-02,-2.030473842319547445e-02,1.663309406987702188e-02,4.059717704622702039e-02,-1.255112300241420509e-02,3.430830896736132129e-03,1.498492393069191658e-02,1.661256391026436768e-02,2.149337639647632900e-02,5.310420421478365821e-02,-8.590355018528433168e-03,-6.664649508331095019e-03,-2.310859603403016618e-02,-3.716113949296606656e-02,1.116941593769156527e-02,1.807136301244025587e-03,7.214719118665857689e-02,5.655039728338986937e-02,6.576789661940066201e-02,4.983827169929665873e-02,3.665226211189451244e-02,2.825699480513899076e-02,-8.458384258603752343e-03,1.927870292332902608e-02,-1.140823932693702143e-02,6.084711505864080251e-03,-1.967107754813340360e-03,-4.494451799810667697e-02,-1.789179948532914656e-03,-1.339843847155809328e-02,-4.800182333073386293e-02,-1.016163431703434768e-02,-1.817635252662524103e-03,-3.111582858430596635e-02,6.877051545406617783e-03,3.339681430828767006e-02,-1.427919454432988004e-02,1.284164672861685431e-02,2.859836343662020691e-02,7.583261928718055579e-03,5.984869332534449712e-04,4.478619820101066573e-02,2.588016244797234494e-02,1.090087015032531817e-02,4.459455243227224835e-02,3.556284611774130494e-02,2.268098346102016133e-02,4.477723416004315837e-02,1.920790693260219324e-03,-1.917368629913687034e-02,3.049860068468990271e-02,-8.428660544624324083e-03,-1.087322081753014456e-03,2.483193992652471885e-02,-8.246741530859831928e-03,-5.401604945277003328e-03,1.420754221625145954e-02,-1.295216044638868025e-02,3.287212487426146440e-02,1.360426704653353600e-04,1.987286149959156117e-02,3.125574096274865571e-02,4.865603773415941302e-02,4.213795459073156613e-02,6.710858488825119372e-02,3.063805686965242678e-02,1.658062437823073706e-02,4.929773840303922072e-02,4.440290243169876111e-02,1.078357948809075418e-03,8.699236747578417694e-02,3.299551867665647537e-02,1.562072007439100317e-02,6.874217801787065041e-02,1.339400214107869594e-02,4.310454421727303448e-02,3.478097712361578886e-02,8.909736032678935644e-03,5.565146778848786141e-02,7.268432380528652703e-02,9.011193362527845224e-03,-5.189206161951599727e-02,7.402499415892484225e-02,1.002188866358695446e-01,7.513931919349166322e-02,5.309822479057098310e-02,6.376629981068436537e-02,-1.403096000769609364e-03,7.091735076307519037e-02,8.672703543434944970e-03,1.658941587035620002e-01,-1.905371057750501751e-01,-3.057646421384702662e-01,1.716251096917804364e-01,4.228937997186963949e-01,1.375827996768592965e-01,3.827569681103242805e-01,1.000000000000000000e+00
